schema_version,case_id,method,seed,accepted_width,energy_gap,sobolev_error,v_error,wall_time_sec,source_run
sisc-baseline-history-v1,C1,CGA-FP,201,1,7.324562452220686,0.8507639432866573,,0.11652745898754802,source_archive/baseline_campaign/report_runs/report/linear_p4_k3_d1_neumann_stratified_breakpoint_exact-linear_seed0201_20260908T164131+0800/history.csv
sisc-baseline-history-v1,C1,CGA-FP,201,2,4.303353300653052,0.652111311756525,,0.13758991699432954,source_archive/baseline_campaign/report_runs/report/linear_p4_k3_d1_neumann_stratified_breakpoint_exact-linear_seed0201_20260908T164131+0800/history.csv
sisc-baseline-history-v1,C1,CGA-FP,201,3,3.02229772377237,0.5464958324674231,,0.1589192919927882,source_archive/baseline_campaign/report_runs/report/linear_p4_k3_d1_neumann_stratified_breakpoint_exact-linear_seed0201_20260908T164131+0800/history.csv
sisc-baseline-history-v1,C1,CGA-FP,201,4,1.834053876458734,0.4257202190765315,,0.18080666699097492,source_archive/baseline_campaign/report_runs/report/linear_p4_k3_d1_neumann_stratified_breakpoint_exact-linear_seed0201_20260908T164131+0800/history.csv
sisc-baseline-history-v1,C1,CGA-FP,201,5,1.757705926836799,0.4167650971603661,,0.20252804199117236,source_archive/baseline_campaign/report_runs/report/linear_p4_k3_d1_neumann_stratified_breakpoint_exact-linear_seed0201_20260908T164131+0800/history.csv
sisc-baseline-history-v1,C1,CGA-FP,201,6,1.702750515263931,0.41019819269150964,,0.2242182089976268,source_archive/baseline_campaign/report_runs/report/linear_p4_k3_d1_neumann_stratified_breakpoint_exact-linear_seed0201_20260908T164131+0800/history.csv
sisc-baseline-history-v1,C1,CGA-FP,201,7,1.3220075316601108,0.36143915401730586,,0.2463609589904081,source_archive/baseline_campaign/report_runs/report/linear_p4_k3_d1_neumann_stratified_breakpoint_exact-linear_seed0201_20260908T164131+0800/history.csv
sisc-baseline-history-v1,C1,CGA-FP,201,8,1.0369057515528564,0.32010162149606886,,0.26771462499164045,source_archive/baseline_campaign/report_runs/report/linear_p4_k3_d1_neumann_stratified_breakpoint_exact-linear_seed0201_20260908T164131+0800/history.csv
sisc-baseline-history-v1,C1,CGA-FP,202,1,7.3245605439035195,0.8507638324590445,,0.07344412500970066,source_archive/baseline_campaign/report_runs/report/linear_p4_k3_d1_neumann_stratified_breakpoint_exact-linear_seed0202_20260908T164131+0800/history.csv
sisc-baseline-history-v1,C1,CGA-FP,202,2,4.302333273591109,0.652034021959465,,0.09487770800478756,source_archive/baseline_campaign/report_runs/report/linear_p4_k3_d1_neumann_stratified_breakpoint_exact-linear_seed0202_20260908T164131+0800/history.csv
sisc-baseline-history-v1,C1,CGA-FP,202,3,3.0167613397078696,0.5459950549169131,,0.1161715830094181,source_archive/baseline_campaign/report_runs/report/linear_p4_k3_d1_neumann_stratified_breakpoint_exact-linear_seed0202_20260908T164131+0800/history.csv
sisc-baseline-history-v1,C1,CGA-FP,202,4,1.824694093126059,0.4246325340796548,,0.1374838330084458,source_archive/baseline_campaign/report_runs/report/linear_p4_k3_d1_neumann_stratified_breakpoint_exact-linear_seed0202_20260908T164131+0800/history.csv
sisc-baseline-history-v1,C1,CGA-FP,202,5,1.7504620954726366,0.41590542749042136,,0.15904533299908508,source_archive/baseline_campaign/report_runs/report/linear_p4_k3_d1_neumann_stratified_breakpoint_exact-linear_seed0202_20260908T164131+0800/history.csv
sisc-baseline-history-v1,C1,CGA-FP,202,6,1.698892298486399,0.4097332005908372,,0.18192583300697152,source_archive/baseline_campaign/report_runs/report/linear_p4_k3_d1_neumann_stratified_breakpoint_exact-linear_seed0202_20260908T164131+0800/history.csv
sisc-baseline-history-v1,C1,CGA-FP,202,7,1.3312497715880323,0.36270037575581165,,0.20705016700958367,source_archive/baseline_campaign/report_runs/report/linear_p4_k3_d1_neumann_stratified_breakpoint_exact-linear_seed0202_20260908T164131+0800/history.csv
sisc-baseline-history-v1,C1,CGA-FP,202,8,1.0341177617368036,0.3196709937575186,,0.2291097920096945,source_archive/baseline_campaign/report_runs/report/linear_p4_k3_d1_neumann_stratified_breakpoint_exact-linear_seed0202_20260908T164131+0800/history.csv
sisc-baseline-history-v1,C1,CGA-FP,203,1,7.324574042136835,0.8507646163834414,,0.08338579199335072,source_archive/baseline_campaign/report_runs/report/linear_p4_k3_d1_neumann_stratified_breakpoint_exact-linear_seed0203_20260908T164132+0800/history.csv
sisc-baseline-history-v1,C1,CGA-FP,203,2,4.304013470129835,0.6521613294339003,,0.10799420799594373,source_archive/baseline_campaign/report_runs/report/linear_p4_k3_d1_neumann_stratified_breakpoint_exact-linear_seed0203_20260908T164132+0800/history.csv
sisc-baseline-history-v1,C1,CGA-FP,203,3,3.021626779962096,0.5464351686311979,,0.13121870800387114,source_archive/baseline_campaign/report_runs/report/linear_p4_k3_d1_neumann_stratified_breakpoint_exact-linear_seed0203_20260908T164132+0800/history.csv
sisc-baseline-history-v1,C1,CGA-FP,203,4,1.8390301606844623,0.4262973748964922,,0.1533420420018956,source_archive/baseline_campaign/report_runs/report/linear_p4_k3_d1_neumann_stratified_breakpoint_exact-linear_seed0203_20260908T164132+0800/history.csv
sisc-baseline-history-v1,C1,CGA-FP,203,5,1.7689195563540796,0.41809240089460004,,0.17498587499721907,source_archive/baseline_campaign/report_runs/report/linear_p4_k3_d1_neumann_stratified_breakpoint_exact-linear_seed0203_20260908T164132+0800/history.csv
sisc-baseline-history-v1,C1,CGA-FP,203,6,1.7142348579007862,0.41157917599909316,,0.1967404579918366,source_archive/baseline_campaign/report_runs/report/linear_p4_k3_d1_neumann_stratified_breakpoint_exact-linear_seed0203_20260908T164132+0800/history.csv
sisc-baseline-history-v1,C1,CGA-FP,203,7,1.3200242187674416,0.3611679316614373,,0.2183327079983428,source_archive/baseline_campaign/report_runs/report/linear_p4_k3_d1_neumann_stratified_breakpoint_exact-linear_seed0203_20260908T164132+0800/history.csv
sisc-baseline-history-v1,C1,CGA-FP,203,8,1.0383364162470041,0.32032237455407697,,0.23947762500029057,source_archive/baseline_campaign/report_runs/report/linear_p4_k3_d1_neumann_stratified_breakpoint_exact-linear_seed0203_20260908T164132+0800/history.csv
sisc-baseline-history-v1,C1,RD-WOGA,201,1,7.324558841549586,0.8507637335932717,,0.07910866600286681,source_archive/baseline_campaign/report_runs/report/linear_p4_k3_d1_neumann_stratified_breakpoint_exact-linear_seed0201_20260908T164132+0800/history.csv
sisc-baseline-history-v1,C1,RD-WOGA,201,2,4.302800244180412,0.6520694065360045,,0.1066392079956131,source_archive/baseline_campaign/report_runs/report/linear_p4_k3_d1_neumann_stratified_breakpoint_exact-linear_seed0201_20260908T164132+0800/history.csv
sisc-baseline-history-v1,C1,RD-WOGA,201,3,3.014004296005365,0.5457455031070043,,0.13430220799637027,source_archive/baseline_campaign/report_runs/report/linear_p4_k3_d1_neumann_stratified_breakpoint_exact-linear_seed0201_20260908T164132+0800/history.csv
sisc-baseline-history-v1,C1,RD-WOGA,201,4,1.817928412997551,0.4238445675139827,,0.16200124999159016,source_archive/baseline_campaign/report_runs/report/linear_p4_k3_d1_neumann_stratified_breakpoint_exact-linear_seed0201_20260908T164132+0800/history.csv
sisc-baseline-history-v1,C1,RD-WOGA,201,5,1.7457762890093527,0.4153483868927845,,0.19016479099809658,source_archive/baseline_campaign/report_runs/report/linear_p4_k3_d1_neumann_stratified_breakpoint_exact-linear_seed0201_20260908T164132+0800/history.csv
sisc-baseline-history-v1,C1,RD-WOGA,201,6,1.6932976412459428,0.4090579942456993,,0.2179795409901999,source_archive/baseline_campaign/report_runs/report/linear_p4_k3_d1_neumann_stratified_breakpoint_exact-linear_seed0201_20260908T164132+0800/history.csv
sisc-baseline-history-v1,C1,RD-WOGA,201,7,1.3229394152710636,0.36156652096584224,,0.24685741600114852,source_archive/baseline_campaign/report_runs/report/linear_p4_k3_d1_neumann_stratified_breakpoint_exact-linear_seed0201_20260908T164132+0800/history.csv
sisc-baseline-history-v1,C1,RD-WOGA,201,8,1.0328238331059136,0.31947093867120163,,0.27498083299724385,source_archive/baseline_campaign/report_runs/report/linear_p4_k3_d1_neumann_stratified_breakpoint_exact-linear_seed0201_20260908T164132+0800/history.csv
sisc-baseline-history-v1,C1,RD-WOGA,202,1,7.324568661454669,0.8507643038947942,,0.07919204200152308,source_archive/baseline_campaign/report_runs/report/linear_p4_k3_d1_neumann_stratified_breakpoint_exact-linear_seed0202_20260908T164132+0800/history.csv
sisc-baseline-history-v1,C1,RD-WOGA,202,2,4.303865691316915,0.6521501333172447,,0.10715420900669415,source_archive/baseline_campaign/report_runs/report/linear_p4_k3_d1_neumann_stratified_breakpoint_exact-linear_seed0202_20260908T164132+0800/history.csv
sisc-baseline-history-v1,C1,RD-WOGA,202,3,3.013000887991886,0.5456546520713119,,0.13486554200062528,source_archive/baseline_campaign/report_runs/report/linear_p4_k3_d1_neumann_stratified_breakpoint_exact-linear_seed0202_20260908T164132+0800/history.csv
sisc-baseline-history-v1,C1,RD-WOGA,202,4,1.8203240561620362,0.42412374412906395,,0.16275204200064763,source_archive/baseline_campaign/report_runs/report/linear_p4_k3_d1_neumann_stratified_breakpoint_exact-linear_seed0202_20260908T164132+0800/history.csv
sisc-baseline-history-v1,C1,RD-WOGA,202,5,1.75024905217097,0.41588011757223053,,0.19153645900951233,source_archive/baseline_campaign/report_runs/report/linear_p4_k3_d1_neumann_stratified_breakpoint_exact-linear_seed0202_20260908T164132+0800/history.csv
sisc-baseline-history-v1,C1,RD-WOGA,202,6,1.6974903185664498,0.4095641034511712,,0.22017129200685304,source_archive/baseline_campaign/report_runs/report/linear_p4_k3_d1_neumann_stratified_breakpoint_exact-linear_seed0202_20260908T164132+0800/history.csv
sisc-baseline-history-v1,C1,RD-WOGA,202,7,1.320266932002509,0.36120113429389383,,0.24903099999937695,source_archive/baseline_campaign/report_runs/report/linear_p4_k3_d1_neumann_stratified_breakpoint_exact-linear_seed0202_20260908T164132+0800/history.csv
sisc-baseline-history-v1,C1,RD-WOGA,202,8,1.0353474210726024,0.3198609961175212,,0.277658834005706,source_archive/baseline_campaign/report_runs/report/linear_p4_k3_d1_neumann_stratified_breakpoint_exact-linear_seed0202_20260908T164132+0800/history.csv
sisc-baseline-history-v1,C1,RD-WOGA,203,1,7.324567482828289,0.8507642354436388,,0.08137395800440572,source_archive/baseline_campaign/report_runs/report/linear_p4_k3_d1_neumann_stratified_breakpoint_exact-linear_seed0203_20260908T164132+0800_001/history.csv
sisc-baseline-history-v1,C1,RD-WOGA,203,2,4.301641724992004,0.6519816165185588,,0.10887537499365862,source_archive/baseline_campaign/report_runs/report/linear_p4_k3_d1_neumann_stratified_breakpoint_exact-linear_seed0203_20260908T164132+0800_001/history.csv
sisc-baseline-history-v1,C1,RD-WOGA,203,3,3.026493943083808,0.5468750838064587,,0.13618945800408255,source_archive/baseline_campaign/report_runs/report/linear_p4_k3_d1_neumann_stratified_breakpoint_exact-linear_seed0203_20260908T164132+0800_001/history.csv
sisc-baseline-history-v1,C1,RD-WOGA,203,4,1.8308217627302916,0.42534493487182823,,0.16424187499796972,source_archive/baseline_campaign/report_runs/report/linear_p4_k3_d1_neumann_stratified_breakpoint_exact-linear_seed0203_20260908T164132+0800_001/history.csv
sisc-baseline-history-v1,C1,RD-WOGA,203,5,1.754624812181902,0.4163996593823161,,0.19429191699600779,source_archive/baseline_campaign/report_runs/report/linear_p4_k3_d1_neumann_stratified_breakpoint_exact-linear_seed0203_20260908T164132+0800_001/history.csv
sisc-baseline-history-v1,C1,RD-WOGA,203,6,1.6996550438431637,0.4098251684608608,,0.2227359999960754,source_archive/baseline_campaign/report_runs/report/linear_p4_k3_d1_neumann_stratified_breakpoint_exact-linear_seed0203_20260908T164132+0800_001/history.csv
sisc-baseline-history-v1,C1,RD-WOGA,203,7,1.322903121369487,0.36156156121559674,,0.25075270800152794,source_archive/baseline_campaign/report_runs/report/linear_p4_k3_d1_neumann_stratified_breakpoint_exact-linear_seed0203_20260908T164132+0800_001/history.csv
sisc-baseline-history-v1,C1,RD-WOGA,203,8,1.0359640594093538,0.3199562343313737,,0.2830759170028614,source_archive/baseline_campaign/report_runs/report/linear_p4_k3_d1_neumann_stratified_breakpoint_exact-linear_seed0203_20260908T164132+0800_001/history.csv
sisc-baseline-history-v1,C1,Random-FC,201,1,7.678251337875406,0.8710626545109939,,0.07826129200111609,source_archive/baseline_campaign/report_runs/report/linear_p4_k3_d1_neumann_stratified_breakpoint_exact-linear_seed0201_20260908T164133+0800/history.csv
sisc-baseline-history-v1,C1,Random-FC,201,2,4.889652647895932,0.695115922584798,,0.09910249999666121,source_archive/baseline_campaign/report_runs/report/linear_p4_k3_d1_neumann_stratified_breakpoint_exact-linear_seed0201_20260908T164133+0800/history.csv
sisc-baseline-history-v1,C1,Random-FC,201,3,3.8790473106107095,0.619128463654023,,0.12049691699212417,source_archive/baseline_campaign/report_runs/report/linear_p4_k3_d1_neumann_stratified_breakpoint_exact-linear_seed0201_20260908T164133+0800/history.csv
sisc-baseline-history-v1,C1,Random-FC,201,4,2.5673454896387637,0.5036865921563394,,0.14140799999586307,source_archive/baseline_campaign/report_runs/report/linear_p4_k3_d1_neumann_stratified_breakpoint_exact-linear_seed0201_20260908T164133+0800/history.csv
sisc-baseline-history-v1,C1,Random-FC,201,5,2.349681264580857,0.4818620338576682,,0.16221875000337604,source_archive/baseline_campaign/report_runs/report/linear_p4_k3_d1_neumann_stratified_breakpoint_exact-linear_seed0201_20260908T164133+0800/history.csv
sisc-baseline-history-v1,C1,Random-FC,201,6,2.2338251310498087,0.46983224410064645,,0.18358174999593757,source_archive/baseline_campaign/report_runs/report/linear_p4_k3_d1_neumann_stratified_breakpoint_exact-linear_seed0201_20260908T164133+0800/history.csv
sisc-baseline-history-v1,C1,Random-FC,201,7,2.2124074149791078,0.46757446439772105,,0.20558066699595656,source_archive/baseline_campaign/report_runs/report/linear_p4_k3_d1_neumann_stratified_breakpoint_exact-linear_seed0201_20260908T164133+0800/history.csv
sisc-baseline-history-v1,C1,Random-FC,201,8,0.027579886822911348,0.05220528514366002,,0.2274588330037659,source_archive/baseline_campaign/report_runs/report/linear_p4_k3_d1_neumann_stratified_breakpoint_exact-linear_seed0201_20260908T164133+0800/history.csv
sisc-baseline-history-v1,C1,Random-FC,202,1,7.580332767657507,0.8654906249006747,,0.07683616700523999,source_archive/baseline_campaign/report_runs/report/linear_p4_k3_d1_neumann_stratified_breakpoint_exact-linear_seed0202_20260908T164133+0800/history.csv
sisc-baseline-history-v1,C1,Random-FC,202,2,6.712132762920391,0.8144201334310274,,0.09817745799955446,source_archive/baseline_campaign/report_runs/report/linear_p4_k3_d1_neumann_stratified_breakpoint_exact-linear_seed0202_20260908T164133+0800/history.csv
sisc-baseline-history-v1,C1,Random-FC,202,3,1.0189158810107983,0.31731265874500997,,0.11935754200385418,source_archive/baseline_campaign/report_runs/report/linear_p4_k3_d1_neumann_stratified_breakpoint_exact-linear_seed0202_20260908T164133+0800/history.csv
sisc-baseline-history-v1,C1,Random-FC,202,4,0.8943777916690561,0.2972889285087501,,0.14067991700721905,source_archive/baseline_campaign/report_runs/report/linear_p4_k3_d1_neumann_stratified_breakpoint_exact-linear_seed0202_20260908T164133+0800/history.csv
sisc-baseline-history-v1,C1,Random-FC,202,5,0.29773919406431126,0.17152847900274146,,0.16198958300810773,source_archive/baseline_campaign/report_runs/report/linear_p4_k3_d1_neumann_stratified_breakpoint_exact-linear_seed0202_20260908T164133+0800/history.csv
sisc-baseline-history-v1,C1,Random-FC,202,6,0.04751011084072054,0.06851903757381944,,0.18323562500881962,source_archive/baseline_campaign/report_runs/report/linear_p4_k3_d1_neumann_stratified_breakpoint_exact-linear_seed0202_20260908T164133+0800/history.csv
sisc-baseline-history-v1,C1,Random-FC,202,7,0.0455453786889084,0.06708731196924825,,0.20547087500744965,source_archive/baseline_campaign/report_runs/report/linear_p4_k3_d1_neumann_stratified_breakpoint_exact-linear_seed0202_20260908T164133+0800/history.csv
sisc-baseline-history-v1,C1,Random-FC,202,8,0.014601256514257699,0.03798510644189703,,0.22789766700589098,source_archive/baseline_campaign/report_runs/report/linear_p4_k3_d1_neumann_stratified_breakpoint_exact-linear_seed0202_20260908T164133+0800/history.csv
sisc-baseline-history-v1,C1,Random-FC,203,1,8.490669801684511,0.915986785213877,,0.07237733299552929,source_archive/baseline_campaign/report_runs/report/linear_p4_k3_d1_neumann_stratified_breakpoint_exact-linear_seed0203_20260908T164133+0800/history.csv
sisc-baseline-history-v1,C1,Random-FC,203,2,5.755431814584878,0.754149051107799,,0.09325979099958204,source_archive/baseline_campaign/report_runs/report/linear_p4_k3_d1_neumann_stratified_breakpoint_exact-linear_seed0203_20260908T164133+0800/history.csv
sisc-baseline-history-v1,C1,Random-FC,203,3,5.591679631922382,0.7433432000189302,,0.11417458299547434,source_archive/baseline_campaign/report_runs/report/linear_p4_k3_d1_neumann_stratified_breakpoint_exact-linear_seed0203_20260908T164133+0800/history.csv
sisc-baseline-history-v1,C1,Random-FC,203,4,4.928531011743054,0.6978739367330778,,0.13597433299582917,source_archive/baseline_campaign/report_runs/report/linear_p4_k3_d1_neumann_stratified_breakpoint_exact-linear_seed0203_20260908T164133+0800/history.csv
sisc-baseline-history-v1,C1,Random-FC,203,5,4.927904478141783,0.6978295771291101,,0.1575169159914367,source_archive/baseline_campaign/report_runs/report/linear_p4_k3_d1_neumann_stratified_breakpoint_exact-linear_seed0203_20260908T164133+0800/history.csv
sisc-baseline-history-v1,C1,Random-FC,203,6,4.926789454561267,0.6977506246599058,,0.1788502499985043,source_archive/baseline_campaign/report_runs/report/linear_p4_k3_d1_neumann_stratified_breakpoint_exact-linear_seed0203_20260908T164133+0800/history.csv
sisc-baseline-history-v1,C1,Random-FC,203,7,4.858933022164181,0.6929289220585578,,0.20111837500007823,source_archive/baseline_campaign/report_runs/report/linear_p4_k3_d1_neumann_stratified_breakpoint_exact-linear_seed0203_20260908T164133+0800/history.csv
sisc-baseline-history-v1,C1,Random-FC,203,8,3.7222564037298316,0.6064868310406197,,0.22352216599392705,source_archive/baseline_campaign/report_runs/report/linear_p4_k3_d1_neumann_stratified_breakpoint_exact-linear_seed0203_20260908T164133+0800/history.csv
sisc-baseline-history-v1,C2,CGA-FP,201,1,7.336682845376933,0.8508032875406931,,0.07318525000300724,source_archive/baseline_campaign/report_runs/report/cubic_p4_k3_d1_neumann_stratified_breakpoint_lbfgs_seed0201_20260908T164133+0800/history.csv
sisc-baseline-history-v1,C2,CGA-FP,201,2,4.302446273484898,0.652355242230774,,0.0951054579927586,source_archive/baseline_campaign/report_runs/report/cubic_p4_k3_d1_neumann_stratified_breakpoint_lbfgs_seed0201_20260908T164133+0800/history.csv
sisc-baseline-history-v1,C2,CGA-FP,201,3,3.1323181362600874,0.5493452010656726,,0.11716741599957459,source_archive/baseline_campaign/report_runs/report/cubic_p4_k3_d1_neumann_stratified_breakpoint_lbfgs_seed0201_20260908T164133+0800/history.csv
sisc-baseline-history-v1,C2,CGA-FP,201,4,2.0855250398082035,0.43440058647210006,,0.13965308299520984,source_archive/baseline_campaign/report_runs/report/cubic_p4_k3_d1_neumann_stratified_breakpoint_lbfgs_seed0201_20260908T164133+0800/history.csv
sisc-baseline-history-v1,C2,CGA-FP,201,5,2.0227317292396823,0.4262299722662592,,0.16296454099938273,source_archive/baseline_campaign/report_runs/report/cubic_p4_k3_d1_neumann_stratified_breakpoint_lbfgs_seed0201_20260908T164133+0800/history.csv
sisc-baseline-history-v1,C2,CGA-FP,201,6,1.979368245537282,0.4203761999966156,,0.18621112499386072,source_archive/baseline_campaign/report_runs/report/cubic_p4_k3_d1_neumann_stratified_breakpoint_lbfgs_seed0201_20260908T164133+0800/history.csv
sisc-baseline-history-v1,C2,CGA-FP,201,7,1.7182192340488758,0.38022116105368636,,0.21093283299705945,source_archive/baseline_campaign/report_runs/report/cubic_p4_k3_d1_neumann_stratified_breakpoint_lbfgs_seed0201_20260908T164133+0800/history.csv
sisc-baseline-history-v1,C2,CGA-FP,201,8,0.3981455232917934,0.1930361807949899,,0.23439537499507423,source_archive/baseline_campaign/report_runs/report/cubic_p4_k3_d1_neumann_stratified_breakpoint_lbfgs_seed0201_20260908T164133+0800/history.csv
sisc-baseline-history-v1,C2,CGA-FP,202,1,7.336653745629959,0.8508035708145943,,0.07261316699441522,source_archive/baseline_campaign/report_runs/report/cubic_p4_k3_d1_neumann_stratified_breakpoint_lbfgs_seed0202_20260908T164134+0800/history.csv
sisc-baseline-history-v1,C2,CGA-FP,202,2,4.3014356172737225,0.6522762098483111,,0.0957348749943776,source_archive/baseline_campaign/report_runs/report/cubic_p4_k3_d1_neumann_stratified_breakpoint_lbfgs_seed0202_20260908T164134+0800/history.csv
sisc-baseline-history-v1,C2,CGA-FP,202,3,3.127885345008245,0.5488828241335482,,0.11836758299614303,source_archive/baseline_campaign/report_runs/report/cubic_p4_k3_d1_neumann_stratified_breakpoint_lbfgs_seed0202_20260908T164134+0800/history.csv
sisc-baseline-history-v1,C2,CGA-FP,202,4,2.0769659041954274,0.4333551363183347,,0.1406356249935925,source_archive/baseline_campaign/report_runs/report/cubic_p4_k3_d1_neumann_stratified_breakpoint_lbfgs_seed0202_20260908T164134+0800/history.csv
sisc-baseline-history-v1,C2,CGA-FP,202,5,2.0160342526940216,0.42540153447994355,,0.1641264579957351,source_archive/baseline_campaign/report_runs/report/cubic_p4_k3_d1_neumann_stratified_breakpoint_lbfgs_seed0202_20260908T164134+0800/history.csv
sisc-baseline-history-v1,C2,CGA-FP,202,6,1.9752067071323403,0.4198905791201282,,0.18757591699250042,source_archive/baseline_campaign/report_runs/report/cubic_p4_k3_d1_neumann_stratified_breakpoint_lbfgs_seed0202_20260908T164134+0800/history.csv
sisc-baseline-history-v1,C2,CGA-FP,202,7,1.7240330232254024,0.3812327426232472,,0.21130016699316911,source_archive/baseline_campaign/report_runs/report/cubic_p4_k3_d1_neumann_stratified_breakpoint_lbfgs_seed0202_20260908T164134+0800/history.csv
sisc-baseline-history-v1,C2,CGA-FP,202,8,0.39678705227631283,0.19281188257930734,,0.23443837500235531,source_archive/baseline_campaign/report_runs/report/cubic_p4_k3_d1_neumann_stratified_breakpoint_lbfgs_seed0202_20260908T164134+0800/history.csv
sisc-baseline-history-v1,C2,CGA-FP,203,1,7.336711252620591,0.8508037155253637,,0.07373620900034439,source_archive/baseline_campaign/report_runs/report/cubic_p4_k3_d1_neumann_stratified_breakpoint_lbfgs_seed0203_20260908T164134+0800/history.csv
sisc-baseline-history-v1,C2,CGA-FP,203,2,4.303104229966465,0.6524069965480441,,0.09616599998844322,source_archive/baseline_campaign/report_runs/report/cubic_p4_k3_d1_neumann_stratified_breakpoint_lbfgs_seed0203_20260908T164134+0800/history.csv
sisc-baseline-history-v1,C2,CGA-FP,203,3,3.1316192840450716,0.5492835748588556,,0.1186905419890536,source_archive/baseline_campaign/report_runs/report/cubic_p4_k3_d1_neumann_stratified_breakpoint_lbfgs_seed0203_20260908T164134+0800/history.csv
sisc-baseline-history-v1,C2,CGA-FP,203,4,2.0903504471526055,0.43497032164084787,,0.1411870000010822,source_archive/baseline_campaign/report_runs/report/cubic_p4_k3_d1_neumann_stratified_breakpoint_lbfgs_seed0203_20260908T164134+0800/history.csv
sisc-baseline-history-v1,C2,CGA-FP,203,5,2.032610282926118,0.42747831683975224,,0.16439687499951106,source_archive/baseline_campaign/report_runs/report/cubic_p4_k3_d1_neumann_stratified_breakpoint_lbfgs_seed0203_20260908T164134+0800/history.csv
sisc-baseline-history-v1,C2,CGA-FP,203,6,1.989488362341202,0.4216727403438889,,0.1880426669958979,source_archive/baseline_campaign/report_runs/report/cubic_p4_k3_d1_neumann_stratified_breakpoint_lbfgs_seed0203_20260908T164134+0800/history.csv
sisc-baseline-history-v1,C2,CGA-FP,203,7,1.7177686190048647,0.3801010577971991,,0.2116512919892557,source_archive/baseline_campaign/report_runs/report/cubic_p4_k3_d1_neumann_stratified_breakpoint_lbfgs_seed0203_20260908T164134+0800/history.csv
sisc-baseline-history-v1,C2,CGA-FP,203,8,0.41265948954425014,0.19648119292436075,,0.2351105839916272,source_archive/baseline_campaign/report_runs/report/cubic_p4_k3_d1_neumann_stratified_breakpoint_lbfgs_seed0203_20260908T164134+0800/history.csv
sisc-baseline-history-v1,C2,RD-WOGA,201,1,7.336662830966188,0.8508033159242835,,0.07979520899243653,source_archive/baseline_campaign/report_runs/report/cubic_p4_k3_d1_neumann_stratified_breakpoint_lbfgs_seed0201_20260908T164134+0800/history.csv
sisc-baseline-history-v1,C2,RD-WOGA,201,2,4.3018906758886795,0.6523112043269803,,0.10838299999886658,source_archive/baseline_campaign/report_runs/report/cubic_p4_k3_d1_neumann_stratified_breakpoint_lbfgs_seed0201_20260908T164134+0800/history.csv
sisc-baseline-history-v1,C2,RD-WOGA,201,3,3.125404693754385,0.5486416071530639,,0.13729695900110528,source_archive/baseline_campaign/report_runs/report/cubic_p4_k3_d1_neumann_stratified_breakpoint_lbfgs_seed0201_20260908T164134+0800/history.csv
sisc-baseline-history-v1,C2,RD-WOGA,201,4,2.0713801466957094,0.4326343086255262,,0.1665624999877764,source_archive/baseline_campaign/report_runs/report/cubic_p4_k3_d1_neumann_stratified_breakpoint_lbfgs_seed0201_20260908T164134+0800/history.csv
sisc-baseline-history-v1,C2,RD-WOGA,201,5,2.0121665495134042,0.42489334368528797,,0.19652887499250937,source_archive/baseline_campaign/report_runs/report/cubic_p4_k3_d1_neumann_stratified_breakpoint_lbfgs_seed0201_20260908T164134+0800/history.csv
sisc-baseline-history-v1,C2,RD-WOGA,201,6,1.9707017041058883,0.4192835447900113,,0.2267610419949051,source_archive/baseline_campaign/report_runs/report/cubic_p4_k3_d1_neumann_stratified_breakpoint_lbfgs_seed0201_20260908T164134+0800/history.csv
sisc-baseline-history-v1,C2,RD-WOGA,201,7,1.7188452046516698,0.3804353136343471,,0.2573043339943979,source_archive/baseline_campaign/report_runs/report/cubic_p4_k3_d1_neumann_stratified_breakpoint_lbfgs_seed0201_20260908T164134+0800/history.csv
sisc-baseline-history-v1,C2,RD-WOGA,201,8,0.39330288505040834,0.19190387202193962,,0.2871531669952674,source_archive/baseline_campaign/report_runs/report/cubic_p4_k3_d1_neumann_stratified_breakpoint_lbfgs_seed0201_20260908T164134+0800/history.csv
sisc-baseline-history-v1,C2,RD-WOGA,202,1,7.3366994456016075,0.8508034968236077,,0.07952254101110157,source_archive/baseline_campaign/report_runs/report/cubic_p4_k3_d1_neumann_stratified_breakpoint_lbfgs_seed0202_20260908T164134+0800_001/history.csv
sisc-baseline-history-v1,C2,RD-WOGA,202,2,4.302940432508512,0.6523928348400483,,0.10820941600832157,source_archive/baseline_campaign/report_runs/report/cubic_p4_k3_d1_neumann_stratified_breakpoint_lbfgs_seed0202_20260908T164134+0800_001/history.csv
sisc-baseline-history-v1,C2,RD-WOGA,202,3,3.124261231509047,0.5485445290657219,,0.13733908301219344,source_archive/baseline_campaign/report_runs/report/cubic_p4_k3_d1_neumann_stratified_breakpoint_lbfgs_seed0202_20260908T164134+0800_001/history.csv
sisc-baseline-history-v1,C2,RD-WOGA,202,4,2.073821328977024,0.43291740686062036,,0.16646350000519305,source_archive/baseline_campaign/report_runs/report/cubic_p4_k3_d1_neumann_stratified_breakpoint_lbfgs_seed0202_20260908T164134+0800_001/history.csv
sisc-baseline-history-v1,C2,RD-WOGA,202,5,2.016253418031406,0.4254025204332757,,0.1968006660026731,source_archive/baseline_campaign/report_runs/report/cubic_p4_k3_d1_neumann_stratified_breakpoint_lbfgs_seed0202_20260908T164134+0800_001/history.csv
sisc-baseline-history-v1,C2,RD-WOGA,202,6,1.9746336411664505,0.4197740369445631,,0.2277000830072211,source_archive/baseline_campaign/report_runs/report/cubic_p4_k3_d1_neumann_stratified_breakpoint_lbfgs_seed0202_20260908T164134+0800_001/history.csv
sisc-baseline-history-v1,C2,RD-WOGA,202,7,1.7149966746528822,0.3798242632631873,,0.258425875013927,source_archive/baseline_campaign/report_runs/report/cubic_p4_k3_d1_neumann_stratified_breakpoint_lbfgs_seed0202_20260908T164134+0800_001/history.csv
sisc-baseline-history-v1,C2,RD-WOGA,202,8,0.4052557574929647,0.19472470489410565,,0.28834445800748654,source_archive/baseline_campaign/report_runs/report/cubic_p4_k3_d1_neumann_stratified_breakpoint_lbfgs_seed0202_20260908T164134+0800_001/history.csv
sisc-baseline-history-v1,C2,RD-WOGA,203,1,7.336646717769331,0.8508041751617403,,0.08349320800334681,source_archive/baseline_campaign/report_runs/report/cubic_p4_k3_d1_neumann_stratified_breakpoint_lbfgs_seed0203_20260908T164135+0800/history.csv
sisc-baseline-history-v1,C2,RD-WOGA,203,2,4.3007697317878915,0.6522255975387617,,0.11299462500028312,source_archive/baseline_campaign/report_runs/report/cubic_p4_k3_d1_neumann_stratified_breakpoint_lbfgs_seed0203_20260908T164135+0800/history.csv
sisc-baseline-history-v1,C2,RD-WOGA,203,3,3.1363687255160952,0.5497226750500709,,0.14233445799618494,source_archive/baseline_campaign/report_runs/report/cubic_p4_k3_d1_neumann_stratified_breakpoint_lbfgs_seed0203_20260908T164135+0800/history.csv
sisc-baseline-history-v1,C2,RD-WOGA,203,4,2.0828569323615014,0.43405612009957345,,0.17141583299962804,source_archive/baseline_campaign/report_runs/report/cubic_p4_k3_d1_neumann_stratified_breakpoint_lbfgs_seed0203_20260908T164135+0800/history.csv
sisc-baseline-history-v1,C2,RD-WOGA,203,5,2.020228454866004,0.42589789427410063,,0.20128708299307618,source_archive/baseline_campaign/report_runs/report/cubic_p4_k3_d1_neumann_stratified_breakpoint_lbfgs_seed0203_20260908T164135+0800/history.csv
sisc-baseline-history-v1,C2,RD-WOGA,203,6,1.9768592190979781,0.4200383582938752,,0.23161112499656156,source_archive/baseline_campaign/report_runs/report/cubic_p4_k3_d1_neumann_stratified_breakpoint_lbfgs_seed0203_20260908T164135+0800/history.csv
sisc-baseline-history-v1,C2,RD-WOGA,203,7,1.7185112207536761,0.3802721246379967,,0.2622312080056872,source_archive/baseline_campaign/report_runs/report/cubic_p4_k3_d1_neumann_stratified_breakpoint_lbfgs_seed0203_20260908T164135+0800/history.csv
sisc-baseline-history-v1,C2,RD-WOGA,203,8,0.39492018426969544,0.19227270904635443,,0.2922733750019688,source_archive/baseline_campaign/report_runs/report/cubic_p4_k3_d1_neumann_stratified_breakpoint_lbfgs_seed0203_20260908T164135+0800/history.csv
sisc-baseline-history-v1,C2,Random-FC,201,1,7.695013643003295,0.8710629873671931,,0.07248508400516585,source_archive/baseline_campaign/report_runs/report/cubic_p4_k3_d1_neumann_stratified_breakpoint_lbfgs_seed0201_20260908T164135+0800/history.csv
sisc-baseline-history-v1,C2,Random-FC,201,2,4.883759432732921,0.6952668910984194,,0.09474087499256711,source_archive/baseline_campaign/report_runs/report/cubic_p4_k3_d1_neumann_stratified_breakpoint_lbfgs_seed0201_20260908T164135+0800/history.csv
sisc-baseline-history-v1,C2,Random-FC,201,3,3.9715275552425657,0.6229538921598973,,0.11813616700237617,source_archive/baseline_campaign/report_runs/report/cubic_p4_k3_d1_neumann_stratified_breakpoint_lbfgs_seed0201_20260908T164135+0800/history.csv
sisc-baseline-history-v1,C2,Random-FC,201,4,2.9451652902977834,0.5209738514692461,,0.14087458400172181,source_archive/baseline_campaign/report_runs/report/cubic_p4_k3_d1_neumann_stratified_breakpoint_lbfgs_seed0201_20260908T164135+0800/history.csv
sisc-baseline-history-v1,C2,Random-FC,201,5,2.7129369084584276,0.49834693133872987,,0.16452666699478868,source_archive/baseline_campaign/report_runs/report/cubic_p4_k3_d1_neumann_stratified_breakpoint_lbfgs_seed0201_20260908T164135+0800/history.csv
sisc-baseline-history-v1,C2,Random-FC,201,6,2.64327198602747,0.48943691819288737,,0.18844412500038743,source_archive/baseline_campaign/report_runs/report/cubic_p4_k3_d1_neumann_stratified_breakpoint_lbfgs_seed0201_20260908T164135+0800/history.csv
sisc-baseline-history-v1,C2,Random-FC,201,7,2.6077595433230494,0.49039661894108155,,0.21327158399799373,source_archive/baseline_campaign/report_runs/report/cubic_p4_k3_d1_neumann_stratified_breakpoint_lbfgs_seed0201_20260908T164135+0800/history.csv
sisc-baseline-history-v1,C2,Random-FC,201,8,0.027792360840114938,0.05225584538145098,,0.23686758399708197,source_archive/baseline_campaign/report_runs/report/cubic_p4_k3_d1_neumann_stratified_breakpoint_lbfgs_seed0201_20260908T164135+0800/history.csv
sisc-baseline-history-v1,C2,Random-FC,202,1,7.582085890345915,0.8655814015777168,,0.0735892080119811,source_archive/baseline_campaign/report_runs/report/cubic_p4_k3_d1_neumann_stratified_breakpoint_lbfgs_seed0202_20260908T164135+0800/history.csv
sisc-baseline-history-v1,C2,Random-FC,202,2,6.7429866020729445,0.8144314086407405,,0.09635633300058544,source_archive/baseline_campaign/report_runs/report/cubic_p4_k3_d1_neumann_stratified_breakpoint_lbfgs_seed0202_20260908T164135+0800/history.csv
sisc-baseline-history-v1,C2,Random-FC,202,3,1.1151804241207106,0.32066592005158234,,0.11950720800086856,source_archive/baseline_campaign/report_runs/report/cubic_p4_k3_d1_neumann_stratified_breakpoint_lbfgs_seed0202_20260908T164135+0800/history.csv
sisc-baseline-history-v1,C2,Random-FC,202,4,0.9683409354082784,0.29991892823040245,,0.14182283300033305,source_archive/baseline_campaign/report_runs/report/cubic_p4_k3_d1_neumann_stratified_breakpoint_lbfgs_seed0202_20260908T164135+0800/history.csv
sisc-baseline-history-v1,C2,Random-FC,202,5,0.37250234387803793,0.1760654739530165,,0.16538862499874085,source_archive/baseline_campaign/report_runs/report/cubic_p4_k3_d1_neumann_stratified_breakpoint_lbfgs_seed0202_20260908T164135+0800/history.csv
sisc-baseline-history-v1,C2,Random-FC,202,6,0.04761232456016984,0.06856045829249596,,0.18924254100420512,source_archive/baseline_campaign/report_runs/report/cubic_p4_k3_d1_neumann_stratified_breakpoint_lbfgs_seed0202_20260908T164135+0800/history.csv
sisc-baseline-history-v1,C2,Random-FC,202,7,0.04577906030662682,0.06715206982122678,,0.21340175000659656,source_archive/baseline_campaign/report_runs/report/cubic_p4_k3_d1_neumann_stratified_breakpoint_lbfgs_seed0202_20260908T164135+0800/history.csv
sisc-baseline-history-v1,C2,Random-FC,202,8,0.0146541388022019,0.038001402212767724,,0.2376921660033986,source_archive/baseline_campaign/report_runs/report/cubic_p4_k3_d1_neumann_stratified_breakpoint_lbfgs_seed0202_20260908T164135+0800/history.csv
sisc-baseline-history-v1,C2,Random-FC,203,1,8.516411996566147,0.9159885264028521,,0.07344829100475181,source_archive/baseline_campaign/report_runs/report/cubic_p4_k3_d1_neumann_stratified_breakpoint_lbfgs_seed0203_20260908T164136+0800/history.csv
sisc-baseline-history-v1,C2,Random-FC,203,2,5.909515569141885,0.7570739298766695,,0.09594733300036751,source_archive/baseline_campaign/report_runs/report/cubic_p4_k3_d1_neumann_stratified_breakpoint_lbfgs_seed0203_20260908T164136+0800/history.csv
sisc-baseline-history-v1,C2,Random-FC,203,3,5.742081604205367,0.7458705428692817,,0.11825866599974688,source_archive/baseline_campaign/report_runs/report/cubic_p4_k3_d1_neumann_stratified_breakpoint_lbfgs_seed0203_20260908T164136+0800/history.csv
sisc-baseline-history-v1,C2,Random-FC,203,4,5.003990509306501,0.6987411655766317,,0.14214108300802764,source_archive/baseline_campaign/report_runs/report/cubic_p4_k3_d1_neumann_stratified_breakpoint_lbfgs_seed0203_20260908T164136+0800/history.csv
sisc-baseline-history-v1,C2,Random-FC,203,5,5.0030958505899745,0.6986953179683935,,0.1661624580010539,source_archive/baseline_campaign/report_runs/report/cubic_p4_k3_d1_neumann_stratified_breakpoint_lbfgs_seed0203_20260908T164136+0800/history.csv
sisc-baseline-history-v1,C2,Random-FC,203,6,5.00198089124846,0.698616463338592,,0.18906520800373983,source_archive/baseline_campaign/report_runs/report/cubic_p4_k3_d1_neumann_stratified_breakpoint_lbfgs_seed0203_20260908T164136+0800/history.csv
sisc-baseline-history-v1,C2,Random-FC,203,7,4.928492974183041,0.6937057697924863,,0.2136359580035787,source_archive/baseline_campaign/report_runs/report/cubic_p4_k3_d1_neumann_stratified_breakpoint_lbfgs_seed0203_20260908T164136+0800/history.csv
sisc-baseline-history-v1,C2,Random-FC,203,8,3.743933638537545,0.6066040768794698,,0.2369089160056319,source_archive/baseline_campaign/report_runs/report/cubic_p4_k3_d1_neumann_stratified_breakpoint_lbfgs_seed0203_20260908T164136+0800/history.csv
sisc-baseline-history-v1,C4,CGA-FP,201,1,313.9134946582732,0.9098914720147355,0.9323218852571149,0.09977283299667761,source_archive/baseline_campaign/report_runs/report/pure_p_p4_k3_d1_neumann_stratified_breakpoint_lbfgs_seed0201_20260908T164136+0800/history.csv
sisc-baseline-history-v1,C4,CGA-FP,201,2,186.05409597247777,0.6776995529306572,0.8915366373164473,0.14308774999517482,source_archive/baseline_campaign/report_runs/report/pure_p_p4_k3_d1_neumann_stratified_breakpoint_lbfgs_seed0201_20260908T164136+0800/history.csv
sisc-baseline-history-v1,C4,CGA-FP,201,3,108.89066021340244,0.5910962850030024,0.6832146382205508,0.16691549999814015,source_archive/baseline_campaign/report_runs/report/pure_p_p4_k3_d1_neumann_stratified_breakpoint_lbfgs_seed0201_20260908T164136+0800/history.csv
sisc-baseline-history-v1,C4,CGA-FP,201,4,30.70951428042281,0.3680690781004412,0.36654845868682845,0.19087245799892116,source_archive/baseline_campaign/report_runs/report/pure_p_p4_k3_d1_neumann_stratified_breakpoint_lbfgs_seed0201_20260908T164136+0800/history.csv
sisc-baseline-history-v1,C4,CGA-FP,201,5,16.99476853432799,0.32146864808516207,0.27279330920518585,0.21599633299047127,source_archive/baseline_campaign/report_runs/report/pure_p_p4_k3_d1_neumann_stratified_breakpoint_lbfgs_seed0201_20260908T164136+0800/history.csv
sisc-baseline-history-v1,C4,CGA-FP,201,6,0.14956897263596147,0.046566864789343264,0.025813852566092046,0.24189458299952094,source_archive/baseline_campaign/report_runs/report/pure_p_p4_k3_d1_neumann_stratified_breakpoint_lbfgs_seed0201_20260908T164136+0800/history.csv
sisc-baseline-history-v1,C4,CGA-FP,201,7,0.12681737234646562,0.035623036217226345,0.023783080611872506,0.2687709579913644,source_archive/baseline_campaign/report_runs/report/pure_p_p4_k3_d1_neumann_stratified_breakpoint_lbfgs_seed0201_20260908T164136+0800/history.csv
sisc-baseline-history-v1,C4,CGA-FP,201,8,0.024722042497103303,0.035728028766209376,0.010511605359482945,0.2953587499941932,source_archive/baseline_campaign/report_runs/report/pure_p_p4_k3_d1_neumann_stratified_breakpoint_lbfgs_seed0201_20260908T164136+0800/history.csv
sisc-baseline-history-v1,C4,CGA-FP,202,1,313.9137827746363,0.9099480535138171,0.9322792918573719,0.08779487499850802,source_archive/baseline_campaign/report_runs/report/pure_p_p4_k3_d1_neumann_stratified_breakpoint_lbfgs_seed0202_20260908T164136+0800/history.csv
sisc-baseline-history-v1,C4,CGA-FP,202,2,186.04832660856212,0.6776363602617681,0.8916002319626863,0.11152900000161026,source_archive/baseline_campaign/report_runs/report/pure_p_p4_k3_d1_neumann_stratified_breakpoint_lbfgs_seed0202_20260908T164136+0800/history.csv
sisc-baseline-history-v1,C4,CGA-FP,202,3,110.32023589016376,0.5919334601917133,0.6873881644398122,0.13543320799362846,source_archive/baseline_campaign/report_runs/report/pure_p_p4_k3_d1_neumann_stratified_breakpoint_lbfgs_seed0202_20260908T164136+0800/history.csv
sisc-baseline-history-v1,C4,CGA-FP,202,4,32.13661818461384,0.3709840998664733,0.37478660041188744,0.1594816660071956,source_archive/baseline_campaign/report_runs/report/pure_p_p4_k3_d1_neumann_stratified_breakpoint_lbfgs_seed0202_20260908T164136+0800/history.csv
sisc-baseline-history-v1,C4,CGA-FP,202,5,17.159416352818255,0.3223173178601232,0.2740114475326124,0.18391429100302048,source_archive/baseline_campaign/report_runs/report/pure_p_p4_k3_d1_neumann_stratified_breakpoint_lbfgs_seed0202_20260908T164136+0800/history.csv
sisc-baseline-history-v1,C4,CGA-FP,202,6,0.1713560788622317,0.048502007187703325,0.02762758163528366,0.2094403329974739,source_archive/baseline_campaign/report_runs/report/pure_p_p4_k3_d1_neumann_stratified_breakpoint_lbfgs_seed0202_20260908T164136+0800/history.csv
sisc-baseline-history-v1,C4,CGA-FP,202,7,0.1456109129164247,0.0368275824871179,0.02548221383994565,0.23543275000702124,source_archive/baseline_campaign/report_runs/report/pure_p_p4_k3_d1_neumann_stratified_breakpoint_lbfgs_seed0202_20260908T164136+0800/history.csv
sisc-baseline-history-v1,C4,CGA-FP,202,8,0.02271676741366946,0.034143869684866386,0.010080228712423048,0.2621346249943599,source_archive/baseline_campaign/report_runs/report/pure_p_p4_k3_d1_neumann_stratified_breakpoint_lbfgs_seed0202_20260908T164136+0800/history.csv
sisc-baseline-history-v1,C4,CGA-FP,203,1,313.9128615697777,0.9097250590995123,0.9324475585678682,0.08879908300878014,source_archive/baseline_campaign/report_runs/report/pure_p_p4_k3_d1_neumann_stratified_breakpoint_lbfgs_seed0203_20260908T164136+0800/history.csv
sisc-baseline-history-v1,C4,CGA-FP,203,2,186.0701566769518,0.6776836488276232,0.8916363416529587,0.11187766600050963,source_archive/baseline_campaign/report_runs/report/pure_p_p4_k3_d1_neumann_stratified_breakpoint_lbfgs_seed0203_20260908T164136+0800/history.csv
sisc-baseline-history-v1,C4,CGA-FP,203,3,108.85922010492055,0.5917684604848534,0.6826210179386446,0.13547433300118428,source_archive/baseline_campaign/report_runs/report/pure_p_p4_k3_d1_neumann_stratified_breakpoint_lbfgs_seed0203_20260908T164136+0800/history.csv
sisc-baseline-history-v1,C4,CGA-FP,203,4,30.525703656177882,0.36752072838581956,0.36556944705569533,0.1593964159983443,source_archive/baseline_campaign/report_runs/report/pure_p_p4_k3_d1_neumann_stratified_breakpoint_lbfgs_seed0203_20260908T164136+0800/history.csv
sisc-baseline-history-v1,C4,CGA-FP,203,5,17.65415210411919,0.32401383363406866,0.27781144532384705,0.18404433300020173,source_archive/baseline_campaign/report_runs/report/pure_p_p4_k3_d1_neumann_stratified_breakpoint_lbfgs_seed0203_20260908T164136+0800/history.csv
sisc-baseline-history-v1,C4,CGA-FP,203,6,0.1001150872909875,0.04325049215202812,0.021148664652798015,0.2092677909968188,source_archive/baseline_campaign/report_runs/report/pure_p_p4_k3_d1_neumann_stratified_breakpoint_lbfgs_seed0203_20260908T164136+0800/history.csv
sisc-baseline-history-v1,C4,CGA-FP,203,7,0.08055595637989654,0.031924713435723145,0.01898731228439506,0.23542320801061578,source_archive/baseline_campaign/report_runs/report/pure_p_p4_k3_d1_neumann_stratified_breakpoint_lbfgs_seed0203_20260908T164136+0800/history.csv
sisc-baseline-history-v1,C4,CGA-FP,203,8,0.024527700667874797,0.036606030683649565,0.010474169555830002,0.26298154100368265,source_archive/baseline_campaign/report_runs/report/pure_p_p4_k3_d1_neumann_stratified_breakpoint_lbfgs_seed0203_20260908T164136+0800/history.csv
sisc-baseline-history-v1,C4,RD-WOGA,201,1,313.9160052059288,0.9102577370078332,0.9320473786945782,0.09604541699809488,source_archive/baseline_campaign/report_runs/report/pure_p_p4_k3_d1_neumann_stratified_breakpoint_lbfgs_seed0201_20260908T164137+0800/history.csv
sisc-baseline-history-v1,C4,RD-WOGA,201,2,186.019501705074,0.6776218125936555,0.8914826278013929,0.12927837499591988,source_archive/baseline_campaign/report_runs/report/pure_p_p4_k3_d1_neumann_stratified_breakpoint_lbfgs_seed0201_20260908T164137+0800/history.csv
sisc-baseline-history-v1,C4,RD-WOGA,201,3,109.93113455526719,0.5913866278395647,0.6865153655972814,0.16227108299790416,source_archive/baseline_campaign/report_runs/report/pure_p_p4_k3_d1_neumann_stratified_breakpoint_lbfgs_seed0201_20260908T164137+0800/history.csv
sisc-baseline-history-v1,C4,RD-WOGA,201,4,32.1582659106611,0.37117645284517775,0.3749170647822655,0.1953212079970399,source_archive/baseline_campaign/report_runs/report/pure_p_p4_k3_d1_neumann_stratified_breakpoint_lbfgs_seed0201_20260908T164137+0800/history.csv
sisc-baseline-history-v1,C4,RD-WOGA,201,5,17.367244780034582,0.32305741533674204,0.2756926675112127,0.23054441700514872,source_archive/baseline_campaign/report_runs/report/pure_p_p4_k3_d1_neumann_stratified_breakpoint_lbfgs_seed0201_20260908T164137+0800/history.csv
sisc-baseline-history-v1,C4,RD-WOGA,201,6,0.142678512983764,0.046299526291267025,0.025216842684540247,0.26563545799581334,source_archive/baseline_campaign/report_runs/report/pure_p_p4_k3_d1_neumann_stratified_breakpoint_lbfgs_seed0201_20260908T164137+0800/history.csv
sisc-baseline-history-v1,C4,RD-WOGA,201,7,0.11970297505450844,0.03476286662014413,0.02311189150893569,0.30140291700081434,source_archive/baseline_campaign/report_runs/report/pure_p_p4_k3_d1_neumann_stratified_breakpoint_lbfgs_seed0201_20260908T164137+0800/history.csv
sisc-baseline-history-v1,C4,RD-WOGA,201,8,0.023660005632393677,0.03500410335016642,0.010287119655593289,0.33803862500644755,source_archive/baseline_campaign/report_runs/report/pure_p_p4_k3_d1_neumann_stratified_breakpoint_lbfgs_seed0201_20260908T164137+0800/history.csv
sisc-baseline-history-v1,C4,RD-WOGA,202,1,313.9143089481318,0.9100368667454479,0.9322125735765521,0.10071720799896866,source_archive/baseline_campaign/report_runs/report/pure_p_p4_k3_d1_neumann_stratified_breakpoint_lbfgs_seed0202_20260908T164137+0800/history.csv
sisc-baseline-history-v1,C4,RD-WOGA,202,2,186.04002469980352,0.677613794141976,0.89159320991963,0.18373137500020675,source_archive/baseline_campaign/report_runs/report/pure_p_p4_k3_d1_neumann_stratified_breakpoint_lbfgs_seed0202_20260908T164137+0800/history.csv
sisc-baseline-history-v1,C4,RD-WOGA,202,3,108.88067430219468,0.5920821553378958,0.682520910096221,0.26358441599586513,source_archive/baseline_campaign/report_runs/report/pure_p_p4_k3_d1_neumann_stratified_breakpoint_lbfgs_seed0202_20260908T164137+0800/history.csv
sisc-baseline-history-v1,C4,RD-WOGA,202,4,30.06187390108738,0.3665116201728718,0.3628056832584123,0.34176204100367613,source_archive/baseline_campaign/report_runs/report/pure_p_p4_k3_d1_neumann_stratified_breakpoint_lbfgs_seed0202_20260908T164137+0800/history.csv
sisc-baseline-history-v1,C4,RD-WOGA,202,5,17.18995112475801,0.3224731199691543,0.2742205937408656,0.38543966600263957,source_archive/baseline_campaign/report_runs/report/pure_p_p4_k3_d1_neumann_stratified_breakpoint_lbfgs_seed0202_20260908T164137+0800/history.csv
sisc-baseline-history-v1,C4,RD-WOGA,202,6,0.1405997334614426,0.046830855499743806,0.02504664112978623,0.4218334580073133,source_archive/baseline_campaign/report_runs/report/pure_p_p4_k3_d1_neumann_stratified_breakpoint_lbfgs_seed0202_20260908T164137+0800/history.csv
sisc-baseline-history-v1,C4,RD-WOGA,202,7,0.11630128404544848,0.03441455998083804,0.02279674298001951,0.46473904099548236,source_archive/baseline_campaign/report_runs/report/pure_p_p4_k3_d1_neumann_stratified_breakpoint_lbfgs_seed0202_20260908T164137+0800/history.csv
sisc-baseline-history-v1,C4,RD-WOGA,202,8,0.02430824526976494,0.036112958614957606,0.010423453755009715,0.5282182499940973,source_archive/baseline_campaign/report_runs/report/pure_p_p4_k3_d1_neumann_stratified_breakpoint_lbfgs_seed0202_20260908T164137+0800/history.csv
sisc-baseline-history-v1,C4,RD-WOGA,203,1,313.9177557580094,0.910434486347798,0.931915921742222,0.20949454099172726,source_archive/baseline_campaign/report_runs/report/pure_p_p4_k3_d1_neumann_stratified_breakpoint_lbfgs_seed0203_20260908T164138+0800/history.csv
sisc-baseline-history-v1,C4,RD-WOGA,203,2,186.005100421169,0.6776110516262732,0.8914298586243816,0.25754670798778534,source_archive/baseline_campaign/report_runs/report/pure_p_p4_k3_d1_neumann_stratified_breakpoint_lbfgs_seed0203_20260908T164138+0800/history.csv
sisc-baseline-history-v1,C4,RD-WOGA,203,3,108.24324563021855,0.5912068552074344,0.6810569835488209,0.2993529159866739,source_archive/baseline_campaign/report_runs/report/pure_p_p4_k3_d1_neumann_stratified_breakpoint_lbfgs_seed0203_20260908T164138+0800/history.csv
sisc-baseline-history-v1,C4,RD-WOGA,203,4,29.58242559351976,0.3656038091491355,0.3599001564710017,0.34804104099748656,source_archive/baseline_campaign/report_runs/report/pure_p_p4_k3_d1_neumann_stratified_breakpoint_lbfgs_seed0203_20260908T164138+0800/history.csv
sisc-baseline-history-v1,C4,RD-WOGA,203,5,16.922159881945788,0.3215346882613014,0.27217894697133627,0.5046124999935273,source_archive/baseline_campaign/report_runs/report/pure_p_p4_k3_d1_neumann_stratified_breakpoint_lbfgs_seed0203_20260908T164138+0800/history.csv
sisc-baseline-history-v1,C4,RD-WOGA,203,6,0.11040140179801483,0.04547186599427694,0.022206266457482658,0.6020222499937518,source_archive/baseline_campaign/report_runs/report/pure_p_p4_k3_d1_neumann_stratified_breakpoint_lbfgs_seed0203_20260908T164138+0800/history.csv
sisc-baseline-history-v1,C4,RD-WOGA,203,7,0.08806155854813369,0.03306862480576241,0.019852631745841134,0.6777158329932718,source_archive/baseline_campaign/report_runs/report/pure_p_p4_k3_d1_neumann_stratified_breakpoint_lbfgs_seed0203_20260908T164138+0800/history.csv
sisc-baseline-history-v1,C4,RD-WOGA,203,8,0.024789986835912714,0.0378161233929095,0.010526075431008237,0.7527265409880783,source_archive/baseline_campaign/report_runs/report/pure_p_p4_k3_d1_neumann_stratified_breakpoint_lbfgs_seed0203_20260908T164138+0800/history.csv
sisc-baseline-history-v1,C4,Random-FC,201,1,342.2614256184252,0.898348251371224,0.983959206814926,0.20746999999391846,source_archive/baseline_campaign/report_runs/report/pure_p_p4_k3_d1_neumann_stratified_breakpoint_lbfgs_seed0201_20260908T164138+0800/history.csv
sisc-baseline-history-v1,C4,Random-FC,201,2,217.41876991131227,0.7286653565583103,0.9223251021878612,0.23320629198860843,source_archive/baseline_campaign/report_runs/report/pure_p_p4_k3_d1_neumann_stratified_breakpoint_lbfgs_seed0201_20260908T164138+0800/history.csv
sisc-baseline-history-v1,C4,Random-FC,201,3,131.4361542820007,0.6694291427864418,0.7284903323932198,0.2585686669917777,source_archive/baseline_campaign/report_runs/report/pure_p_p4_k3_d1_neumann_stratified_breakpoint_lbfgs_seed0201_20260908T164138+0800/history.csv
sisc-baseline-history-v1,C4,Random-FC,201,4,63.9459972497221,0.47767703733310013,0.5131154696087861,0.28423537498747464,source_archive/baseline_campaign/report_runs/report/pure_p_p4_k3_d1_neumann_stratified_breakpoint_lbfgs_seed0201_20260908T164138+0800/history.csv
sisc-baseline-history-v1,C4,Random-FC,201,5,62.18305597285479,0.46184427789448285,0.5057106254621604,0.31231995798589196,source_archive/baseline_campaign/report_runs/report/pure_p_p4_k3_d1_neumann_stratified_breakpoint_lbfgs_seed0201_20260908T164138+0800/history.csv
sisc-baseline-history-v1,C4,Random-FC,201,6,54.625872369135436,0.45125163391048123,0.4709721692744913,0.34062366699799895,source_archive/baseline_campaign/report_runs/report/pure_p_p4_k3_d1_neumann_stratified_breakpoint_lbfgs_seed0201_20260908T164138+0800/history.csv
sisc-baseline-history-v1,C4,Random-FC,201,7,0.2538323225665522,0.041517504307014105,0.033939571117010243,0.37012624999624677,source_archive/baseline_campaign/report_runs/report/pure_p_p4_k3_d1_neumann_stratified_breakpoint_lbfgs_seed0201_20260908T164138+0800/history.csv
sisc-baseline-history-v1,C4,Random-FC,201,8,0.022044160071004626,0.018541832989936887,0.010006827036606958,0.40107795799849555,source_archive/baseline_campaign/report_runs/report/pure_p_p4_k3_d1_neumann_stratified_breakpoint_lbfgs_seed0201_20260908T164138+0800/history.csv
sisc-baseline-history-v1,C4,Random-FC,202,1,314.8550876321923,0.924312316026089,0.9231662718252351,0.09502074999909382,source_archive/baseline_campaign/report_runs/report/pure_p_p4_k3_d1_neumann_stratified_breakpoint_lbfgs_seed0202_20260908T164139+0800/history.csv
sisc-baseline-history-v1,C4,Random-FC,202,2,313.44791215070086,0.866697649139652,0.967506940983785,0.12105179099307861,source_archive/baseline_campaign/report_runs/report/pure_p_p4_k3_d1_neumann_stratified_breakpoint_lbfgs_seed0202_20260908T164139+0800/history.csv
sisc-baseline-history-v1,C4,Random-FC,202,3,23.14859732877295,0.3383724102444905,0.3074627403728966,0.14758437499403954,source_archive/baseline_campaign/report_runs/report/pure_p_p4_k3_d1_neumann_stratified_breakpoint_lbfgs_seed0202_20260908T164139+0800/history.csv
sisc-baseline-history-v1,C4,Random-FC,202,4,22.77291055120162,0.3314443142781487,0.30782803202387743,0.17266016599023715,source_archive/baseline_campaign/report_runs/report/pure_p_p4_k3_d1_neumann_stratified_breakpoint_lbfgs_seed0202_20260908T164139+0800/history.csv
sisc-baseline-history-v1,C4,Random-FC,202,5,1.906101851958681,0.21986680164749794,0.09914509473639468,0.19949829099641647,source_archive/baseline_campaign/report_runs/report/pure_p_p4_k3_d1_neumann_stratified_breakpoint_lbfgs_seed0202_20260908T164139+0800/history.csv
sisc-baseline-history-v1,C4,Random-FC,202,6,0.455716280556544,0.056492621552912695,0.04615181276296063,0.23021399999561254,source_archive/baseline_campaign/report_runs/report/pure_p_p4_k3_d1_neumann_stratified_breakpoint_lbfgs_seed0202_20260908T164139+0800/history.csv
sisc-baseline-history-v1,C4,Random-FC,202,7,0.3124812263852732,0.0673677720359096,0.037983653825179556,0.25688129098853096,source_archive/baseline_campaign/report_runs/report/pure_p_p4_k3_d1_neumann_stratified_breakpoint_lbfgs_seed0202_20260908T164139+0800/history.csv
sisc-baseline-history-v1,C4,Random-FC,202,8,0.1865580073377373,0.05392043019765431,0.029262415485324156,0.2850898749893531,source_archive/baseline_campaign/report_runs/report/pure_p_p4_k3_d1_neumann_stratified_breakpoint_lbfgs_seed0202_20260908T164139+0800/history.csv
sisc-baseline-history-v1,C4,Random-FC,203,1,377.166152650948,0.9274308904044137,1.0033130820070926,0.11427908299083356,source_archive/baseline_campaign/report_runs/report/pure_p_p4_k3_d1_neumann_stratified_breakpoint_lbfgs_seed0203_20260908T164139+0800/history.csv
sisc-baseline-history-v1,C4,Random-FC,203,2,224.05774389325512,0.847176664292338,0.7202766416935202,0.13981512500322424,source_archive/baseline_campaign/report_runs/report/pure_p_p4_k3_d1_neumann_stratified_breakpoint_lbfgs_seed0203_20260908T164139+0800/history.csv
sisc-baseline-history-v1,C4,Random-FC,203,3,221.87457497606928,0.8460923769237275,0.7128718907971805,0.16617008300090674,source_archive/baseline_campaign/report_runs/report/pure_p_p4_k3_d1_neumann_stratified_breakpoint_lbfgs_seed0203_20260908T164139+0800/history.csv
sisc-baseline-history-v1,C4,Random-FC,203,4,215.08147123806322,0.8330083887448978,0.7054430569373538,0.19341074999829289,source_archive/baseline_campaign/report_runs/report/pure_p_p4_k3_d1_neumann_stratified_breakpoint_lbfgs_seed0203_20260908T164139+0800/history.csv
sisc-baseline-history-v1,C4,Random-FC,203,5,215.07110343461756,0.8329911945978765,0.7054676174325749,0.22508175000257324,source_archive/baseline_campaign/report_runs/report/pure_p_p4_k3_d1_neumann_stratified_breakpoint_lbfgs_seed0203_20260908T164139+0800/history.csv
sisc-baseline-history-v1,C4,Random-FC,203,6,215.07037783588845,0.8329894865571175,0.705468076132291,0.25615104199096095,source_archive/baseline_campaign/report_runs/report/pure_p_p4_k3_d1_neumann_stratified_breakpoint_lbfgs_seed0203_20260908T164139+0800/history.csv
sisc-baseline-history-v1,C4,Random-FC,203,7,214.11689255325456,0.8317349458407503,0.7044278561940096,0.28648541698930785,source_archive/baseline_campaign/report_runs/report/pure_p_p4_k3_d1_neumann_stratified_breakpoint_lbfgs_seed0203_20260908T164139+0800/history.csv
sisc-baseline-history-v1,C4,Random-FC,203,8,177.0856729688515,0.7802549804703255,0.6542277661176034,0.31463004199031275,source_archive/baseline_campaign/report_runs/report/pure_p_p4_k3_d1_neumann_stratified_breakpoint_lbfgs_seed0203_20260908T164139+0800/history.csv
sisc-baseline-history-v1,C3,CGA-FP,201,1,9.572019852523436,0.9777465169492322,,0.1639424580062041,source_archive/baseline_campaign/report_runs_c3c5/report/sinh_p4_k3_d2_neumann_hybrid_qmc_iid_lbfgs_seed0201_20260908T165019+0800/history.csv
sisc-baseline-history-v1,C3,CGA-FP,201,2,9.143441758520217,0.9556210247580367,,0.17790504200092983,source_archive/baseline_campaign/report_runs_c3c5/report/sinh_p4_k3_d2_neumann_hybrid_qmc_iid_lbfgs_seed0201_20260908T165019+0800/history.csv
sisc-baseline-history-v1,C3,CGA-FP,201,3,8.715824941460692,0.9330149462234795,,0.19193629200162832,source_archive/baseline_campaign/report_runs_c3c5/report/sinh_p4_k3_d2_neumann_hybrid_qmc_iid_lbfgs_seed0201_20260908T165019+0800/history.csv
sisc-baseline-history-v1,C3,CGA-FP,201,4,8.289082680042924,0.9098931064502546,,0.2058035420050146,source_archive/baseline_campaign/report_runs_c3c5/report/sinh_p4_k3_d2_neumann_hybrid_qmc_iid_lbfgs_seed0201_20260908T165019+0800/history.csv
sisc-baseline-history-v1,C3,CGA-FP,201,5,7.77586469195762,0.8812131847448927,,0.2200267919979524,source_archive/baseline_campaign/report_runs_c3c5/report/sinh_p4_k3_d2_neumann_hybrid_qmc_iid_lbfgs_seed0201_20260908T165019+0800/history.csv
sisc-baseline-history-v1,C3,CGA-FP,201,6,7.070991835036451,0.8403096033761998,,0.2344984170049429,source_archive/baseline_campaign/report_runs_c3c5/report/sinh_p4_k3_d2_neumann_hybrid_qmc_iid_lbfgs_seed0201_20260908T165019+0800/history.csv
sisc-baseline-history-v1,C3,CGA-FP,201,7,6.3720645512017455,0.7976755201630866,,0.24894920800579712,source_archive/baseline_campaign/report_runs_c3c5/report/sinh_p4_k3_d2_neumann_hybrid_qmc_iid_lbfgs_seed0201_20260908T165019+0800/history.csv
sisc-baseline-history-v1,C3,CGA-FP,201,8,5.344914153823931,0.7303765954952027,,0.26359762500214856,source_archive/baseline_campaign/report_runs_c3c5/report/sinh_p4_k3_d2_neumann_hybrid_qmc_iid_lbfgs_seed0201_20260908T165019+0800/history.csv
sisc-baseline-history-v1,C3,CGA-FP,202,1,9.567336411080111,0.9775336249699506,,0.07859416700375732,source_archive/baseline_campaign/report_runs_c3c5/report/sinh_p4_k3_d2_neumann_hybrid_qmc_iid_lbfgs_seed0202_20260908T165019+0800/history.csv
sisc-baseline-history-v1,C3,CGA-FP,202,2,9.126584473886322,0.9547311617171256,,0.0925673750025453,source_archive/baseline_campaign/report_runs_c3c5/report/sinh_p4_k3_d2_neumann_hybrid_qmc_iid_lbfgs_seed0202_20260908T165019+0800/history.csv
sisc-baseline-history-v1,C3,CGA-FP,202,3,8.690402749791678,0.9316263264593502,,0.10667612499673851,source_archive/baseline_campaign/report_runs_c3c5/report/sinh_p4_k3_d2_neumann_hybrid_qmc_iid_lbfgs_seed0202_20260908T165019+0800/history.csv
sisc-baseline-history-v1,C3,CGA-FP,202,4,8.254571018735817,0.9080067438788803,,0.12058237500605173,source_archive/baseline_campaign/report_runs_c3c5/report/sinh_p4_k3_d2_neumann_hybrid_qmc_iid_lbfgs_seed0202_20260908T165019+0800/history.csv
sisc-baseline-history-v1,C3,CGA-FP,202,5,7.769282397852638,0.8809148668262017,,0.13470691700058524,source_archive/baseline_campaign/report_runs_c3c5/report/sinh_p4_k3_d2_neumann_hybrid_qmc_iid_lbfgs_seed0202_20260908T165019+0800/history.csv
sisc-baseline-history-v1,C3,CGA-FP,202,6,7.0002953110604045,0.836207953330228,,0.14869770899531431,source_archive/baseline_campaign/report_runs_c3c5/report/sinh_p4_k3_d2_neumann_hybrid_qmc_iid_lbfgs_seed0202_20260908T165019+0800/history.csv
sisc-baseline-history-v1,C3,CGA-FP,202,7,6.269948245455663,0.7914018992091951,,0.16301495900552254,source_archive/baseline_campaign/report_runs_c3c5/report/sinh_p4_k3_d2_neumann_hybrid_qmc_iid_lbfgs_seed0202_20260908T165019+0800/history.csv
sisc-baseline-history-v1,C3,CGA-FP,202,8,5.071190714052735,0.7118128039724798,,0.17714158400485758,source_archive/baseline_campaign/report_runs_c3c5/report/sinh_p4_k3_d2_neumann_hybrid_qmc_iid_lbfgs_seed0202_20260908T165019+0800/history.csv
sisc-baseline-history-v1,C3,CGA-FP,203,1,9.567577437290936,0.9775067889530923,,0.07955083300475962,source_archive/baseline_campaign/report_runs_c3c5/report/sinh_p4_k3_d2_neumann_hybrid_qmc_iid_lbfgs_seed0203_20260908T165020+0800/history.csv
sisc-baseline-history-v1,C3,CGA-FP,203,2,9.12497125507122,0.9546441467520878,,0.0944067500095116,source_archive/baseline_campaign/report_runs_c3c5/report/sinh_p4_k3_d2_neumann_hybrid_qmc_iid_lbfgs_seed0203_20260908T165020+0800/history.csv
sisc-baseline-history-v1,C3,CGA-FP,203,3,8.689143624289253,0.9315611118083578,,0.10864045801281463,source_archive/baseline_campaign/report_runs_c3c5/report/sinh_p4_k3_d2_neumann_hybrid_qmc_iid_lbfgs_seed0203_20260908T165020+0800/history.csv
sisc-baseline-history-v1,C3,CGA-FP,203,4,8.286224816866019,0.9097365923072332,,0.12282783300906885,source_archive/baseline_campaign/report_runs_c3c5/report/sinh_p4_k3_d2_neumann_hybrid_qmc_iid_lbfgs_seed0203_20260908T165020+0800/history.csv
sisc-baseline-history-v1,C3,CGA-FP,203,5,7.786226030676853,0.881851078902938,,0.13715475000208244,source_archive/baseline_campaign/report_runs_c3c5/report/sinh_p4_k3_d2_neumann_hybrid_qmc_iid_lbfgs_seed0203_20260908T165020+0800/history.csv
sisc-baseline-history-v1,C3,CGA-FP,203,6,7.1525543762418655,0.8452158944455695,,0.15181945799849927,source_archive/baseline_campaign/report_runs_c3c5/report/sinh_p4_k3_d2_neumann_hybrid_qmc_iid_lbfgs_seed0203_20260908T165020+0800/history.csv
sisc-baseline-history-v1,C3,CGA-FP,203,7,6.472498071568882,0.8041110494400666,,0.1659325000073295,source_archive/baseline_campaign/report_runs_c3c5/report/sinh_p4_k3_d2_neumann_hybrid_qmc_iid_lbfgs_seed0203_20260908T165020+0800/history.csv
sisc-baseline-history-v1,C3,CGA-FP,203,8,5.532941279524619,0.7434865896509195,,0.18022408300021198,source_archive/baseline_campaign/report_runs_c3c5/report/sinh_p4_k3_d2_neumann_hybrid_qmc_iid_lbfgs_seed0203_20260908T165020+0800/history.csv
sisc-baseline-history-v1,C3,CGA-FP,204,1,9.572468336943052,0.9774986884376441,,0.07973766600480303,source_archive/baseline_campaign/report_runs_c3c5/report/sinh_p4_k3_d2_neumann_hybrid_qmc_iid_lbfgs_seed0204_20260908T165020+0800/history.csv
sisc-baseline-history-v1,C3,CGA-FP,204,2,9.131433723961718,0.954581139907688,,0.09374137500708457,source_archive/baseline_campaign/report_runs_c3c5/report/sinh_p4_k3_d2_neumann_hybrid_qmc_iid_lbfgs_seed0204_20260908T165020+0800/history.csv
sisc-baseline-history-v1,C3,CGA-FP,204,3,8.69602721390551,0.9318773837394411,,0.10778095800196752,source_archive/baseline_campaign/report_runs_c3c5/report/sinh_p4_k3_d2_neumann_hybrid_qmc_iid_lbfgs_seed0204_20260908T165020+0800/history.csv
sisc-baseline-history-v1,C3,CGA-FP,204,4,8.281470847478737,0.9094385607966398,,0.12223133300722111,source_archive/baseline_campaign/report_runs_c3c5/report/sinh_p4_k3_d2_neumann_hybrid_qmc_iid_lbfgs_seed0204_20260908T165020+0800/history.csv
sisc-baseline-history-v1,C3,CGA-FP,204,5,7.819511385634091,0.8836973229036893,,0.13671829100348987,source_archive/baseline_campaign/report_runs_c3c5/report/sinh_p4_k3_d2_neumann_hybrid_qmc_iid_lbfgs_seed0204_20260908T165020+0800/history.csv
sisc-baseline-history-v1,C3,CGA-FP,204,6,7.133827541998503,0.8437093442287291,,0.151062874996569,source_archive/baseline_campaign/report_runs_c3c5/report/sinh_p4_k3_d2_neumann_hybrid_qmc_iid_lbfgs_seed0204_20260908T165020+0800/history.csv
sisc-baseline-history-v1,C3,CGA-FP,204,7,6.369325394873651,0.7971397820317464,,0.1654794159985613,source_archive/baseline_campaign/report_runs_c3c5/report/sinh_p4_k3_d2_neumann_hybrid_qmc_iid_lbfgs_seed0204_20260908T165020+0800/history.csv
sisc-baseline-history-v1,C3,CGA-FP,204,8,5.2584293435313345,0.724590147928676,,0.17998358300246764,source_archive/baseline_campaign/report_runs_c3c5/report/sinh_p4_k3_d2_neumann_hybrid_qmc_iid_lbfgs_seed0204_20260908T165020+0800/history.csv
sisc-baseline-history-v1,C3,CGA-FP,205,1,9.573474400949724,0.977812102660482,,0.07991312500962522,source_archive/baseline_campaign/report_runs_c3c5/report/sinh_p4_k3_d2_neumann_hybrid_qmc_iid_lbfgs_seed0205_20260908T165020+0800/history.csv
sisc-baseline-history-v1,C3,CGA-FP,205,2,9.137186820480977,0.9552845825315199,,0.09363970800768584,source_archive/baseline_campaign/report_runs_c3c5/report/sinh_p4_k3_d2_neumann_hybrid_qmc_iid_lbfgs_seed0205_20260908T165020+0800/history.csv
sisc-baseline-history-v1,C3,CGA-FP,205,3,8.70494111245348,0.9324217097325107,,0.10746812500292435,source_archive/baseline_campaign/report_runs_c3c5/report/sinh_p4_k3_d2_neumann_hybrid_qmc_iid_lbfgs_seed0205_20260908T165020+0800/history.csv
sisc-baseline-history-v1,C3,CGA-FP,205,4,8.286713555754437,0.9097604308391619,,0.12136629200540483,source_archive/baseline_campaign/report_runs_c3c5/report/sinh_p4_k3_d2_neumann_hybrid_qmc_iid_lbfgs_seed0205_20260908T165020+0800/history.csv
sisc-baseline-history-v1,C3,CGA-FP,205,5,7.837056614195823,0.8847556181961469,,0.13532083299651276,source_archive/baseline_campaign/report_runs_c3c5/report/sinh_p4_k3_d2_neumann_hybrid_qmc_iid_lbfgs_seed0205_20260908T165020+0800/history.csv
sisc-baseline-history-v1,C3,CGA-FP,205,6,7.202147535661577,0.8481925859175978,,0.14963749999878928,source_archive/baseline_campaign/report_runs_c3c5/report/sinh_p4_k3_d2_neumann_hybrid_qmc_iid_lbfgs_seed0205_20260908T165020+0800/history.csv
sisc-baseline-history-v1,C3,CGA-FP,205,7,6.472517307063535,0.8041084495746055,,0.16415529200457968,source_archive/baseline_campaign/report_runs_c3c5/report/sinh_p4_k3_d2_neumann_hybrid_qmc_iid_lbfgs_seed0205_20260908T165020+0800/history.csv
sisc-baseline-history-v1,C3,CGA-FP,205,8,5.378324932204677,0.7330009960494441,,0.17866179200063925,source_archive/baseline_campaign/report_runs_c3c5/report/sinh_p4_k3_d2_neumann_hybrid_qmc_iid_lbfgs_seed0205_20260908T165020+0800/history.csv
sisc-baseline-history-v1,C3,RD-WOGA,201,1,9.574964965861094,0.9778886213595251,,0.09129604099143762,source_archive/baseline_campaign/report_runs_c3c5/report/sinh_p4_k3_d2_neumann_hybrid_qmc_iid_lbfgs_seed0201_20260908T165020+0800/history.csv
sisc-baseline-history-v1,C3,RD-WOGA,201,2,9.140674571959847,0.9554638251512569,,0.11886695800058078,source_archive/baseline_campaign/report_runs_c3c5/report/sinh_p4_k3_d2_neumann_hybrid_qmc_iid_lbfgs_seed0201_20260908T165020+0800/history.csv
sisc-baseline-history-v1,C3,RD-WOGA,201,3,8.69727934932427,0.932011438100268,,0.1460884160042042,source_archive/baseline_campaign/report_runs_c3c5/report/sinh_p4_k3_d2_neumann_hybrid_qmc_iid_lbfgs_seed0201_20260908T165020+0800/history.csv
sisc-baseline-history-v1,C3,RD-WOGA,201,4,8.276874238621852,0.909217240200933,,0.1725594579911558,source_archive/baseline_campaign/report_runs_c3c5/report/sinh_p4_k3_d2_neumann_hybrid_qmc_iid_lbfgs_seed0201_20260908T165020+0800/history.csv
sisc-baseline-history-v1,C3,RD-WOGA,201,5,7.812212512009587,0.8833424691590839,,0.1989502079959493,source_archive/baseline_campaign/report_runs_c3c5/report/sinh_p4_k3_d2_neumann_hybrid_qmc_iid_lbfgs_seed0201_20260908T165020+0800/history.csv
sisc-baseline-history-v1,C3,RD-WOGA,201,6,7.025306860509994,0.8375790252164764,,0.22562275000382215,source_archive/baseline_campaign/report_runs_c3c5/report/sinh_p4_k3_d2_neumann_hybrid_qmc_iid_lbfgs_seed0201_20260908T165020+0800/history.csv
sisc-baseline-history-v1,C3,RD-WOGA,201,7,6.268885710073506,0.7912049783761248,,0.25319837499409914,source_archive/baseline_campaign/report_runs_c3c5/report/sinh_p4_k3_d2_neumann_hybrid_qmc_iid_lbfgs_seed0201_20260908T165020+0800/history.csv
sisc-baseline-history-v1,C3,RD-WOGA,201,8,5.102329573091072,0.7135971018714257,,0.2805553329963004,source_archive/baseline_campaign/report_runs_c3c5/report/sinh_p4_k3_d2_neumann_hybrid_qmc_iid_lbfgs_seed0201_20260908T165020+0800/history.csv
sisc-baseline-history-v1,C3,RD-WOGA,202,1,9.568136746781207,0.9775230327232547,,0.09280995899462141,source_archive/baseline_campaign/report_runs_c3c5/report/sinh_p4_k3_d2_neumann_hybrid_qmc_iid_lbfgs_seed0202_20260908T165020+0800/history.csv
sisc-baseline-history-v1,C3,RD-WOGA,202,2,9.12831807318921,0.9547685854766653,,0.11911095899995416,source_archive/baseline_campaign/report_runs_c3c5/report/sinh_p4_k3_d2_neumann_hybrid_qmc_iid_lbfgs_seed0202_20260908T165020+0800/history.csv
sisc-baseline-history-v1,C3,RD-WOGA,202,3,8.687994614539942,0.9314877756334172,,0.14549166698998306,source_archive/baseline_campaign/report_runs_c3c5/report/sinh_p4_k3_d2_neumann_hybrid_qmc_iid_lbfgs_seed0202_20260908T165020+0800/history.csv
sisc-baseline-history-v1,C3,RD-WOGA,202,4,8.28829190184207,0.9098567868732218,,0.17180895899946336,source_archive/baseline_campaign/report_runs_c3c5/report/sinh_p4_k3_d2_neumann_hybrid_qmc_iid_lbfgs_seed0202_20260908T165020+0800/history.csv
sisc-baseline-history-v1,C3,RD-WOGA,202,5,7.786032688925778,0.8818922187645968,,0.19802074998733588,source_archive/baseline_campaign/report_runs_c3c5/report/sinh_p4_k3_d2_neumann_hybrid_qmc_iid_lbfgs_seed0202_20260908T165020+0800/history.csv
sisc-baseline-history-v1,C3,RD-WOGA,202,6,7.125956557716963,0.8436936910213375,,0.22458462498616427,source_archive/baseline_campaign/report_runs_c3c5/report/sinh_p4_k3_d2_neumann_hybrid_qmc_iid_lbfgs_seed0202_20260908T165020+0800/history.csv
sisc-baseline-history-v1,C3,RD-WOGA,202,7,6.252674447955098,0.7903262001230204,,0.2509794169891393,source_archive/baseline_campaign/report_runs_c3c5/report/sinh_p4_k3_d2_neumann_hybrid_qmc_iid_lbfgs_seed0202_20260908T165020+0800/history.csv
sisc-baseline-history-v1,C3,RD-WOGA,202,8,5.146387932463114,0.7170320497381365,,0.27748066699132323,source_archive/baseline_campaign/report_runs_c3c5/report/sinh_p4_k3_d2_neumann_hybrid_qmc_iid_lbfgs_seed0202_20260908T165020+0800/history.csv
sisc-baseline-history-v1,C3,RD-WOGA,203,1,9.568115910253052,0.9775536683036398,,0.09120112498931121,source_archive/baseline_campaign/report_runs_c3c5/report/sinh_p4_k3_d2_neumann_hybrid_qmc_iid_lbfgs_seed0203_20260908T165021+0800/history.csv
sisc-baseline-history-v1,C3,RD-WOGA,203,2,9.14484046786772,0.9556776660901138,,0.11738245798915159,source_archive/baseline_campaign/report_runs_c3c5/report/sinh_p4_k3_d2_neumann_hybrid_qmc_iid_lbfgs_seed0203_20260908T165021+0800/history.csv
sisc-baseline-history-v1,C3,RD-WOGA,203,3,8.700348216788072,0.9321885469738677,,0.14371470799960662,source_archive/baseline_campaign/report_runs_c3c5/report/sinh_p4_k3_d2_neumann_hybrid_qmc_iid_lbfgs_seed0203_20260908T165021+0800/history.csv
sisc-baseline-history-v1,C3,RD-WOGA,203,4,8.267403602420792,0.9086974126095391,,0.17010366699832957,source_archive/baseline_campaign/report_runs_c3c5/report/sinh_p4_k3_d2_neumann_hybrid_qmc_iid_lbfgs_seed0203_20260908T165021+0800/history.csv
sisc-baseline-history-v1,C3,RD-WOGA,203,5,7.753673878233512,0.8800384806181807,,0.1965285829937784,source_archive/baseline_campaign/report_runs_c3c5/report/sinh_p4_k3_d2_neumann_hybrid_qmc_iid_lbfgs_seed0203_20260908T165021+0800/history.csv
sisc-baseline-history-v1,C3,RD-WOGA,203,6,7.083987698775793,0.8411553944101807,,0.22265645799052436,source_archive/baseline_campaign/report_runs_c3c5/report/sinh_p4_k3_d2_neumann_hybrid_qmc_iid_lbfgs_seed0203_20260908T165021+0800/history.csv
sisc-baseline-history-v1,C3,RD-WOGA,203,7,6.2815711515656085,0.792095534948935,,0.2490217079903232,source_archive/baseline_campaign/report_runs_c3c5/report/sinh_p4_k3_d2_neumann_hybrid_qmc_iid_lbfgs_seed0203_20260908T165021+0800/history.csv
sisc-baseline-history-v1,C3,RD-WOGA,203,8,5.181217151886667,0.7193620009759498,,0.27555299999949057,source_archive/baseline_campaign/report_runs_c3c5/report/sinh_p4_k3_d2_neumann_hybrid_qmc_iid_lbfgs_seed0203_20260908T165021+0800/history.csv
sisc-baseline-history-v1,C3,RD-WOGA,204,1,9.57308614559974,0.9775316054338806,,0.09330658399267122,source_archive/baseline_campaign/report_runs_c3c5/report/sinh_p4_k3_d2_neumann_hybrid_qmc_iid_lbfgs_seed0204_20260908T165021+0800/history.csv
sisc-baseline-history-v1,C3,RD-WOGA,204,2,9.126638588472655,0.9548171930407408,,0.12065758398966864,source_archive/baseline_campaign/report_runs_c3c5/report/sinh_p4_k3_d2_neumann_hybrid_qmc_iid_lbfgs_seed0204_20260908T165021+0800/history.csv
sisc-baseline-history-v1,C3,RD-WOGA,204,3,8.687223789980976,0.9316022144247074,,0.1471864169870969,source_archive/baseline_campaign/report_runs_c3c5/report/sinh_p4_k3_d2_neumann_hybrid_qmc_iid_lbfgs_seed0204_20260908T165021+0800/history.csv
sisc-baseline-history-v1,C3,RD-WOGA,204,4,8.245334932690904,0.90746502819432,,0.17322733398759738,source_archive/baseline_campaign/report_runs_c3c5/report/sinh_p4_k3_d2_neumann_hybrid_qmc_iid_lbfgs_seed0204_20260908T165021+0800/history.csv
sisc-baseline-history-v1,C3,RD-WOGA,204,5,7.754933307548017,0.8798693258899142,,0.1997264169913251,source_archive/baseline_campaign/report_runs_c3c5/report/sinh_p4_k3_d2_neumann_hybrid_qmc_iid_lbfgs_seed0204_20260908T165021+0800/history.csv
sisc-baseline-history-v1,C3,RD-WOGA,204,6,6.945951096758287,0.8325594001746782,,0.22622237498580944,source_archive/baseline_campaign/report_runs_c3c5/report/sinh_p4_k3_d2_neumann_hybrid_qmc_iid_lbfgs_seed0204_20260908T165021+0800/history.csv
sisc-baseline-history-v1,C3,RD-WOGA,204,7,6.089231321090482,0.7794678037322634,,0.25266166699293535,source_archive/baseline_campaign/report_runs_c3c5/report/sinh_p4_k3_d2_neumann_hybrid_qmc_iid_lbfgs_seed0204_20260908T165021+0800/history.csv
sisc-baseline-history-v1,C3,RD-WOGA,204,8,4.712609906043592,0.6859912446427268,,0.2796141250000801,source_archive/baseline_campaign/report_runs_c3c5/report/sinh_p4_k3_d2_neumann_hybrid_qmc_iid_lbfgs_seed0204_20260908T165021+0800/history.csv
sisc-baseline-history-v1,C3,RD-WOGA,205,1,9.568072972659953,0.9775371322619841,,0.09213112499855924,source_archive/baseline_campaign/report_runs_c3c5/report/sinh_p4_k3_d2_neumann_hybrid_qmc_iid_lbfgs_seed0205_20260908T165021+0800/history.csv
sisc-baseline-history-v1,C3,RD-WOGA,205,2,9.138115614272905,0.9553225774180164,,0.11901583299913909,source_archive/baseline_campaign/report_runs_c3c5/report/sinh_p4_k3_d2_neumann_hybrid_qmc_iid_lbfgs_seed0205_20260908T165021+0800/history.csv
sisc-baseline-history-v1,C3,RD-WOGA,205,3,8.693604976209826,0.9318126272196259,,0.14644308299466502,source_archive/baseline_campaign/report_runs_c3c5/report/sinh_p4_k3_d2_neumann_hybrid_qmc_iid_lbfgs_seed0205_20260908T165021+0800/history.csv
sisc-baseline-history-v1,C3,RD-WOGA,205,4,8.261103382988134,0.9083525906696556,,0.17275412500021048,source_archive/baseline_campaign/report_runs_c3c5/report/sinh_p4_k3_d2_neumann_hybrid_qmc_iid_lbfgs_seed0205_20260908T165021+0800/history.csv
sisc-baseline-history-v1,C3,RD-WOGA,205,5,7.6745017358933705,0.8755456802551085,,0.19951004099857528,source_archive/baseline_campaign/report_runs_c3c5/report/sinh_p4_k3_d2_neumann_hybrid_qmc_iid_lbfgs_seed0205_20260908T165021+0800/history.csv
sisc-baseline-history-v1,C3,RD-WOGA,205,6,6.980047725971205,0.8350179806170852,,0.22601729100279044,source_archive/baseline_campaign/report_runs_c3c5/report/sinh_p4_k3_d2_neumann_hybrid_qmc_iid_lbfgs_seed0205_20260908T165021+0800/history.csv
sisc-baseline-history-v1,C3,RD-WOGA,205,7,6.243480437434739,0.7897267185800397,,0.25282399999559857,source_archive/baseline_campaign/report_runs_c3c5/report/sinh_p4_k3_d2_neumann_hybrid_qmc_iid_lbfgs_seed0205_20260908T165021+0800/history.csv
sisc-baseline-history-v1,C3,RD-WOGA,205,8,5.053988816061395,0.7104994990871807,,0.2795765000046231,source_archive/baseline_campaign/report_runs_c3c5/report/sinh_p4_k3_d2_neumann_hybrid_qmc_iid_lbfgs_seed0205_20260908T165021+0800/history.csv
sisc-baseline-history-v1,C3,Random-FC,201,1,9.794179794005984,0.9890276997490934,,0.07927541699609719,source_archive/baseline_campaign/report_runs_c3c5/report/sinh_p4_k3_d2_neumann_hybrid_qmc_iid_lbfgs_seed0201_20260908T165022+0800/history.csv
sisc-baseline-history-v1,C3,Random-FC,201,2,9.779381464947598,0.9882782960630546,,0.09334204200422391,source_archive/baseline_campaign/report_runs_c3c5/report/sinh_p4_k3_d2_neumann_hybrid_qmc_iid_lbfgs_seed0201_20260908T165022+0800/history.csv
sisc-baseline-history-v1,C3,Random-FC,201,3,9.779287086996781,0.9882728897899288,,0.1082380839943653,source_archive/baseline_campaign/report_runs_c3c5/report/sinh_p4_k3_d2_neumann_hybrid_qmc_iid_lbfgs_seed0201_20260908T165022+0800/history.csv
sisc-baseline-history-v1,C3,Random-FC,201,4,9.779237206607556,0.9882705392462912,,0.12262762499449309,source_archive/baseline_campaign/report_runs_c3c5/report/sinh_p4_k3_d2_neumann_hybrid_qmc_iid_lbfgs_seed0201_20260908T165022+0800/history.csv
sisc-baseline-history-v1,C3,Random-FC,201,5,9.773067859952482,0.9879827923112388,,0.13712299999315292,source_archive/baseline_campaign/report_runs_c3c5/report/sinh_p4_k3_d2_neumann_hybrid_qmc_iid_lbfgs_seed0201_20260908T165022+0800/history.csv
sisc-baseline-history-v1,C3,Random-FC,201,6,9.772434773215325,0.987950829835985,,0.15144487499492243,source_archive/baseline_campaign/report_runs_c3c5/report/sinh_p4_k3_d2_neumann_hybrid_qmc_iid_lbfgs_seed0201_20260908T165022+0800/history.csv
sisc-baseline-history-v1,C3,Random-FC,201,7,9.54454162151599,0.9763031955870183,,0.16562829200120177,source_archive/baseline_campaign/report_runs_c3c5/report/sinh_p4_k3_d2_neumann_hybrid_qmc_iid_lbfgs_seed0201_20260908T165022+0800/history.csv
sisc-baseline-history-v1,C3,Random-FC,201,8,9.544521611718059,0.9763000660952775,,0.18042599999171216,source_archive/baseline_campaign/report_runs_c3c5/report/sinh_p4_k3_d2_neumann_hybrid_qmc_iid_lbfgs_seed0201_20260908T165022+0800/history.csv
sisc-baseline-history-v1,C3,Random-FC,202,1,10.012945489361842,0.9999997516210793,,0.08204195900179911,source_archive/baseline_campaign/report_runs_c3c5/report/sinh_p4_k3_d2_neumann_hybrid_qmc_iid_lbfgs_seed0202_20260908T165022+0800/history.csv
sisc-baseline-history-v1,C3,Random-FC,202,2,10.012884771965673,0.9999967220156233,,0.09628250000241678,source_archive/baseline_campaign/report_runs_c3c5/report/sinh_p4_k3_d2_neumann_hybrid_qmc_iid_lbfgs_seed0202_20260908T165022+0800/history.csv
sisc-baseline-history-v1,C3,Random-FC,202,3,9.961231878245046,0.9974183840011835,,0.11015904200030491,source_archive/baseline_campaign/report_runs_c3c5/report/sinh_p4_k3_d2_neumann_hybrid_qmc_iid_lbfgs_seed0202_20260908T165022+0800/history.csv
sisc-baseline-history-v1,C3,Random-FC,202,4,9.867297727895663,0.9927363798220595,,0.12403066699334886,source_archive/baseline_campaign/report_runs_c3c5/report/sinh_p4_k3_d2_neumann_hybrid_qmc_iid_lbfgs_seed0202_20260908T165022+0800/history.csv
sisc-baseline-history-v1,C3,Random-FC,202,5,9.86642249162219,0.9927052858008922,,0.1384464169968851,source_archive/baseline_campaign/report_runs_c3c5/report/sinh_p4_k3_d2_neumann_hybrid_qmc_iid_lbfgs_seed0202_20260908T165022+0800/history.csv
sisc-baseline-history-v1,C3,Random-FC,202,6,9.865023386990224,0.9926352679057159,,0.15292737499112263,source_archive/baseline_campaign/report_runs_c3c5/report/sinh_p4_k3_d2_neumann_hybrid_qmc_iid_lbfgs_seed0202_20260908T165022+0800/history.csv
sisc-baseline-history-v1,C3,Random-FC,202,7,9.854298956986273,0.9920982895202272,,0.1685992919956334,source_archive/baseline_campaign/report_runs_c3c5/report/sinh_p4_k3_d2_neumann_hybrid_qmc_iid_lbfgs_seed0202_20260908T165022+0800/history.csv
sisc-baseline-history-v1,C3,Random-FC,202,8,9.853432246235759,0.9920550937466884,,0.18462120900221635,source_archive/baseline_campaign/report_runs_c3c5/report/sinh_p4_k3_d2_neumann_hybrid_qmc_iid_lbfgs_seed0202_20260908T165022+0800/history.csv
sisc-baseline-history-v1,C3,Random-FC,203,1,10.012872298971283,0.9999999406643155,,0.0973939590039663,source_archive/baseline_campaign/report_runs_c3c5/report/sinh_p4_k3_d2_neumann_hybrid_qmc_iid_lbfgs_seed0203_20260908T165022+0800/history.csv
sisc-baseline-history-v1,C3,Random-FC,203,2,10.012872028876215,0.999999921560576,,0.11215666700445581,source_archive/baseline_campaign/report_runs_c3c5/report/sinh_p4_k3_d2_neumann_hybrid_qmc_iid_lbfgs_seed0203_20260908T165022+0800/history.csv
sisc-baseline-history-v1,C3,Random-FC,203,3,10.012869148463032,0.9999997585365367,,0.1265562500047963,source_archive/baseline_campaign/report_runs_c3c5/report/sinh_p4_k3_d2_neumann_hybrid_qmc_iid_lbfgs_seed0203_20260908T165022+0800/history.csv
sisc-baseline-history-v1,C3,Random-FC,203,4,9.597304696802134,0.9790405983831029,,0.14030312500835862,source_archive/baseline_campaign/report_runs_c3c5/report/sinh_p4_k3_d2_neumann_hybrid_qmc_iid_lbfgs_seed0203_20260908T165022+0800/history.csv
sisc-baseline-history-v1,C3,Random-FC,203,5,9.465748370351399,0.9722947223950684,,0.15441583401116077,source_archive/baseline_campaign/report_runs_c3c5/report/sinh_p4_k3_d2_neumann_hybrid_qmc_iid_lbfgs_seed0203_20260908T165022+0800/history.csv
sisc-baseline-history-v1,C3,Random-FC,203,6,9.46432199749394,0.9722202197754187,,0.16920337500050664,source_archive/baseline_campaign/report_runs_c3c5/report/sinh_p4_k3_d2_neumann_hybrid_qmc_iid_lbfgs_seed0203_20260908T165022+0800/history.csv
sisc-baseline-history-v1,C3,Random-FC,203,7,9.414755720861676,0.9696733217277852,,0.1835996250010794,source_archive/baseline_campaign/report_runs_c3c5/report/sinh_p4_k3_d2_neumann_hybrid_qmc_iid_lbfgs_seed0203_20260908T165022+0800/history.csv
sisc-baseline-history-v1,C3,Random-FC,203,8,9.319625359582746,0.9647484590768146,,0.19818004200351425,source_archive/baseline_campaign/report_runs_c3c5/report/sinh_p4_k3_d2_neumann_hybrid_qmc_iid_lbfgs_seed0203_20260908T165022+0800/history.csv
sisc-baseline-history-v1,C3,Random-FC,204,1,9.996091554106185,0.9991927032201114,,0.08028112500323914,source_archive/baseline_campaign/report_runs_c3c5/report/sinh_p4_k3_d2_neumann_hybrid_qmc_iid_lbfgs_seed0204_20260908T165022+0800/history.csv
sisc-baseline-history-v1,C3,Random-FC,204,2,9.996083703347193,0.9991925345451984,,0.09493466699495912,source_archive/baseline_campaign/report_runs_c3c5/report/sinh_p4_k3_d2_neumann_hybrid_qmc_iid_lbfgs_seed0204_20260908T165022+0800/history.csv
sisc-baseline-history-v1,C3,Random-FC,204,3,9.990540124663864,0.9988994350619799,,0.11118249999708496,source_archive/baseline_campaign/report_runs_c3c5/report/sinh_p4_k3_d2_neumann_hybrid_qmc_iid_lbfgs_seed0204_20260908T165022+0800/history.csv
sisc-baseline-history-v1,C3,Random-FC,204,4,9.987228020407375,0.9986951468855395,,0.12503533400013112,source_archive/baseline_campaign/report_runs_c3c5/report/sinh_p4_k3_d2_neumann_hybrid_qmc_iid_lbfgs_seed0204_20260908T165022+0800/history.csv
sisc-baseline-history-v1,C3,Random-FC,204,5,9.986572110925769,0.9986706483415431,,0.13967570899694692,source_archive/baseline_campaign/report_runs_c3c5/report/sinh_p4_k3_d2_neumann_hybrid_qmc_iid_lbfgs_seed0204_20260908T165022+0800/history.csv
sisc-baseline-history-v1,C3,Random-FC,204,6,9.985436101729427,0.9985953258773482,,0.15482754200638738,source_archive/baseline_campaign/report_runs_c3c5/report/sinh_p4_k3_d2_neumann_hybrid_qmc_iid_lbfgs_seed0204_20260908T165022+0800/history.csv
sisc-baseline-history-v1,C3,Random-FC,204,7,9.985431066571092,0.9985947667277104,,0.16989804200420622,source_archive/baseline_campaign/report_runs_c3c5/report/sinh_p4_k3_d2_neumann_hybrid_qmc_iid_lbfgs_seed0204_20260908T165022+0800/history.csv
sisc-baseline-history-v1,C3,Random-FC,204,8,9.985072268498925,0.9985772350899592,,0.1845891249977285,source_archive/baseline_campaign/report_runs_c3c5/report/sinh_p4_k3_d2_neumann_hybrid_qmc_iid_lbfgs_seed0204_20260908T165022+0800/history.csv
sisc-baseline-history-v1,C3,Random-FC,205,1,9.995705410684655,0.9991438256132354,,0.08087012500618584,source_archive/baseline_campaign/report_runs_c3c5/report/sinh_p4_k3_d2_neumann_hybrid_qmc_iid_lbfgs_seed0205_20260908T165022+0800/history.csv
sisc-baseline-history-v1,C3,Random-FC,205,2,9.775943184084605,0.9881053502016421,,0.09554316700086929,source_archive/baseline_campaign/report_runs_c3c5/report/sinh_p4_k3_d2_neumann_hybrid_qmc_iid_lbfgs_seed0205_20260908T165022+0800/history.csv
sisc-baseline-history-v1,C3,Random-FC,205,3,9.758672325684035,0.9872368374201703,,0.10981249999895226,source_archive/baseline_campaign/report_runs_c3c5/report/sinh_p4_k3_d2_neumann_hybrid_qmc_iid_lbfgs_seed0205_20260908T165022+0800/history.csv
sisc-baseline-history-v1,C3,Random-FC,205,4,9.746954558621686,0.9866427209407314,,0.12400670800707303,source_archive/baseline_campaign/report_runs_c3c5/report/sinh_p4_k3_d2_neumann_hybrid_qmc_iid_lbfgs_seed0205_20260908T165022+0800/history.csv
sisc-baseline-history-v1,C3,Random-FC,205,5,9.73770691018624,0.9861718528385517,,0.13882620799995493,source_archive/baseline_campaign/report_runs_c3c5/report/sinh_p4_k3_d2_neumann_hybrid_qmc_iid_lbfgs_seed0205_20260908T165022+0800/history.csv
sisc-baseline-history-v1,C3,Random-FC,205,6,9.266588613207311,0.9620157350096424,,0.15311533299973235,source_archive/baseline_campaign/report_runs_c3c5/report/sinh_p4_k3_d2_neumann_hybrid_qmc_iid_lbfgs_seed0205_20260908T165022+0800/history.csv
sisc-baseline-history-v1,C3,Random-FC,205,7,9.026521268169246,0.9493311022645142,,0.16754387500986923,source_archive/baseline_campaign/report_runs_c3c5/report/sinh_p4_k3_d2_neumann_hybrid_qmc_iid_lbfgs_seed0205_20260908T165022+0800/history.csv
sisc-baseline-history-v1,C3,Random-FC,205,8,9.007865488017286,0.948304394047573,,0.1823461669991957,source_archive/baseline_campaign/report_runs_c3c5/report/sinh_p4_k3_d2_neumann_hybrid_qmc_iid_lbfgs_seed0205_20260908T165022+0800/history.csv
sisc-baseline-history-v1,C5,CGA-FP,201,1,348.28181626315063,0.9790048916340485,0.9907316523895496,0.1687578749988461,source_archive/baseline_campaign/report_runs_c3c5/report/pure_p_p4_k3_d2_neumann_hybrid_qmc_iid_lbfgs_seed0201_20260908T165023+0800/history.csv
sisc-baseline-history-v1,C5,CGA-FP,201,2,331.2394612568107,0.9576523140265021,0.9805050570842372,0.19346620800206438,source_archive/baseline_campaign/report_runs_c3c5/report/pure_p_p4_k3_d2_neumann_hybrid_qmc_iid_lbfgs_seed0201_20260908T165023+0800/history.csv
sisc-baseline-history-v1,C5,CGA-FP,201,3,315.0427549141591,0.9422962084265998,0.9661355089168693,0.21879783300391864,source_archive/baseline_campaign/report_runs_c3c5/report/pure_p_p4_k3_d2_neumann_hybrid_qmc_iid_lbfgs_seed0201_20260908T165023+0800/history.csv
sisc-baseline-history-v1,C5,CGA-FP,201,4,300.1907037285955,0.917321128909667,0.9606245768486794,0.24368779199721757,source_archive/baseline_campaign/report_runs_c3c5/report/pure_p_p4_k3_d2_neumann_hybrid_qmc_iid_lbfgs_seed0201_20260908T165023+0800/history.csv
sisc-baseline-history-v1,C5,CGA-FP,201,5,272.61377492828507,0.9257457128463853,0.9325686306253534,0.2701327079994371,source_archive/baseline_campaign/report_runs_c3c5/report/pure_p_p4_k3_d2_neumann_hybrid_qmc_iid_lbfgs_seed0201_20260908T165023+0800/history.csv
sisc-baseline-history-v1,C5,CGA-FP,201,6,244.8017393016612,0.9259266986697406,0.9357149712873905,0.2970190000050934,source_archive/baseline_campaign/report_runs_c3c5/report/pure_p_p4_k3_d2_neumann_hybrid_qmc_iid_lbfgs_seed0201_20260908T165023+0800/history.csv
sisc-baseline-history-v1,C5,CGA-FP,201,7,217.3574641697258,0.8861015129080476,0.8882329392589279,0.3237226670025848,source_archive/baseline_campaign/report_runs_c3c5/report/pure_p_p4_k3_d2_neumann_hybrid_qmc_iid_lbfgs_seed0201_20260908T165023+0800/history.csv
sisc-baseline-history-v1,C5,CGA-FP,201,8,194.1090762685343,0.8468329133792101,0.8614436851444097,0.35038566699950024,source_archive/baseline_campaign/report_runs_c3c5/report/pure_p_p4_k3_d2_neumann_hybrid_qmc_iid_lbfgs_seed0201_20260908T165023+0800/history.csv
sisc-baseline-history-v1,C5,CGA-FP,202,1,347.7347601685321,0.981971011435052,0.9877776110922448,0.14449308399343863,source_archive/baseline_campaign/report_runs_c3c5/report/pure_p_p4_k3_d2_neumann_hybrid_qmc_iid_lbfgs_seed0202_20260908T165023+0800/history.csv
sisc-baseline-history-v1,C5,CGA-FP,202,2,330.64889049283227,0.9628813311810295,0.9757922873636086,0.1698187500005588,source_archive/baseline_campaign/report_runs_c3c5/report/pure_p_p4_k3_d2_neumann_hybrid_qmc_iid_lbfgs_seed0202_20260908T165023+0800/history.csv
sisc-baseline-history-v1,C5,CGA-FP,202,3,314.0660299843797,0.939780503640637,0.9667321886793767,0.19497791699541267,source_archive/baseline_campaign/report_runs_c3c5/report/pure_p_p4_k3_d2_neumann_hybrid_qmc_iid_lbfgs_seed0202_20260908T165023+0800/history.csv
sisc-baseline-history-v1,C5,CGA-FP,202,4,297.85694826297276,0.9137841990810212,0.9590752699126031,0.22026629200263415,source_archive/baseline_campaign/report_runs_c3c5/report/pure_p_p4_k3_d2_neumann_hybrid_qmc_iid_lbfgs_seed0202_20260908T165023+0800/history.csv
sisc-baseline-history-v1,C5,CGA-FP,202,5,268.77651753820396,0.9212380533486131,0.9251960605247108,0.2461077089974424,source_archive/baseline_campaign/report_runs_c3c5/report/pure_p_p4_k3_d2_neumann_hybrid_qmc_iid_lbfgs_seed0202_20260908T165023+0800/history.csv
sisc-baseline-history-v1,C5,CGA-FP,202,6,229.04792406904411,0.8973279683788778,0.9156469658874331,0.2725512500037439,source_archive/baseline_campaign/report_runs_c3c5/report/pure_p_p4_k3_d2_neumann_hybrid_qmc_iid_lbfgs_seed0202_20260908T165023+0800/history.csv
sisc-baseline-history-v1,C5,CGA-FP,202,7,205.9921194281875,0.8560299005385025,0.8941485128711981,0.2996408339968184,source_archive/baseline_campaign/report_runs_c3c5/report/pure_p_p4_k3_d2_neumann_hybrid_qmc_iid_lbfgs_seed0202_20260908T165023+0800/history.csv
sisc-baseline-history-v1,C5,CGA-FP,202,8,178.1204176023418,0.7398462776412933,0.8766067011607285,0.3260068749950733,source_archive/baseline_campaign/report_runs_c3c5/report/pure_p_p4_k3_d2_neumann_hybrid_qmc_iid_lbfgs_seed0202_20260908T165023+0800/history.csv
sisc-baseline-history-v1,C5,CGA-FP,203,1,347.9139843696844,0.9809345511925633,0.9883357216479578,0.14517379099561367,source_archive/baseline_campaign/report_runs_c3c5/report/pure_p_p4_k3_d2_neumann_hybrid_qmc_iid_lbfgs_seed0203_20260908T165023+0800/history.csv
sisc-baseline-history-v1,C5,CGA-FP,203,2,330.5871938422009,0.9601910873286083,0.9771435318575123,0.17081825000059325,source_archive/baseline_campaign/report_runs_c3c5/report/pure_p_p4_k3_d2_neumann_hybrid_qmc_iid_lbfgs_seed0203_20260908T165023+0800/history.csv
sisc-baseline-history-v1,C5,CGA-FP,203,3,313.4037506286206,0.9372450279573393,0.9666551318767677,0.1984224999905564,source_archive/baseline_campaign/report_runs_c3c5/report/pure_p_p4_k3_d2_neumann_hybrid_qmc_iid_lbfgs_seed0203_20260908T165023+0800/history.csv
sisc-baseline-history-v1,C5,CGA-FP,203,4,296.65500819382845,0.9148364931315999,0.9555404368785544,0.22490775000187568,source_archive/baseline_campaign/report_runs_c3c5/report/pure_p_p4_k3_d2_neumann_hybrid_qmc_iid_lbfgs_seed0203_20260908T165023+0800/history.csv
sisc-baseline-history-v1,C5,CGA-FP,203,5,267.3809322891327,0.9211974921065197,0.9232004823223725,0.25152199999138247,source_archive/baseline_campaign/report_runs_c3c5/report/pure_p_p4_k3_d2_neumann_hybrid_qmc_iid_lbfgs_seed0203_20260908T165023+0800/history.csv
sisc-baseline-history-v1,C5,CGA-FP,203,6,227.43378259897852,0.8935891055916866,0.9113318279266632,0.2781207079970045,source_archive/baseline_campaign/report_runs_c3c5/report/pure_p_p4_k3_d2_neumann_hybrid_qmc_iid_lbfgs_seed0203_20260908T165023+0800/history.csv
sisc-baseline-history-v1,C5,CGA-FP,203,7,202.36426943059075,0.8458290295516495,0.8867482288473131,0.30548033300146926,source_archive/baseline_campaign/report_runs_c3c5/report/pure_p_p4_k3_d2_neumann_hybrid_qmc_iid_lbfgs_seed0203_20260908T165023+0800/history.csv
sisc-baseline-history-v1,C5,CGA-FP,203,8,169.0445190418901,0.7206522495409386,0.8622458662085458,0.3325644159922376,source_archive/baseline_campaign/report_runs_c3c5/report/pure_p_p4_k3_d2_neumann_hybrid_qmc_iid_lbfgs_seed0203_20260908T165023+0800/history.csv
sisc-baseline-history-v1,C5,CGA-FP,204,1,348.210869366425,0.9798843837701354,0.9898080636693514,0.14256375000695698,source_archive/baseline_campaign/report_runs_c3c5/report/pure_p_p4_k3_d2_neumann_hybrid_qmc_iid_lbfgs_seed0204_20260908T165024+0800/history.csv
sisc-baseline-history-v1,C5,CGA-FP,204,2,331.2284532533705,0.9615695028438089,0.9773631796685365,0.1675424999993993,source_archive/baseline_campaign/report_runs_c3c5/report/pure_p_p4_k3_d2_neumann_hybrid_qmc_iid_lbfgs_seed0204_20260908T165024+0800/history.csv
sisc-baseline-history-v1,C5,CGA-FP,204,3,314.39135929975276,0.9413160488586986,0.9656407629551539,0.19248670800880063,source_archive/baseline_campaign/report_runs_c3c5/report/pure_p_p4_k3_d2_neumann_hybrid_qmc_iid_lbfgs_seed0204_20260908T165024+0800/history.csv
sisc-baseline-history-v1,C5,CGA-FP,204,4,297.72499349767463,0.9160379386647679,0.9568376257428738,0.21768133300065529,source_archive/baseline_campaign/report_runs_c3c5/report/pure_p_p4_k3_d2_neumann_hybrid_qmc_iid_lbfgs_seed0204_20260908T165024+0800/history.csv
sisc-baseline-history-v1,C5,CGA-FP,204,5,264.54320900359426,0.9154359636260861,0.920058421404369,0.24393391600460745,source_archive/baseline_campaign/report_runs_c3c5/report/pure_p_p4_k3_d2_neumann_hybrid_qmc_iid_lbfgs_seed0204_20260908T165024+0800/history.csv
sisc-baseline-history-v1,C5,CGA-FP,204,6,221.89148834894618,0.8790995505529532,0.9039828480022971,0.2700759580038721,source_archive/baseline_campaign/report_runs_c3c5/report/pure_p_p4_k3_d2_neumann_hybrid_qmc_iid_lbfgs_seed0204_20260908T165024+0800/history.csv
sisc-baseline-history-v1,C5,CGA-FP,204,7,193.07324149579478,0.8212028059848093,0.8474856962217696,0.29680020800151397,source_archive/baseline_campaign/report_runs_c3c5/report/pure_p_p4_k3_d2_neumann_hybrid_qmc_iid_lbfgs_seed0204_20260908T165024+0800/history.csv
sisc-baseline-history-v1,C5,CGA-FP,204,8,174.95421561194124,0.800461337691433,0.8292283618481783,0.3234895000059623,source_archive/baseline_campaign/report_runs_c3c5/report/pure_p_p4_k3_d2_neumann_hybrid_qmc_iid_lbfgs_seed0204_20260908T165024+0800/history.csv
sisc-baseline-history-v1,C5,CGA-FP,205,1,347.9484339343299,0.9810737584862436,0.9882715923159985,0.14207908400567248,source_archive/baseline_campaign/report_runs_c3c5/report/pure_p_p4_k3_d2_neumann_hybrid_qmc_iid_lbfgs_seed0205_20260908T165024+0800/history.csv
sisc-baseline-history-v1,C5,CGA-FP,205,2,330.72359211466386,0.9615101009188654,0.9762377125201335,0.16696808401320595,source_archive/baseline_campaign/report_runs_c3c5/report/pure_p_p4_k3_d2_neumann_hybrid_qmc_iid_lbfgs_seed0205_20260908T165024+0800/history.csv
sisc-baseline-history-v1,C5,CGA-FP,205,3,313.54033938294685,0.9402938316866418,0.9648428566138291,0.1921279170055641,source_archive/baseline_campaign/report_runs_c3c5/report/pure_p_p4_k3_d2_neumann_hybrid_qmc_iid_lbfgs_seed0205_20260908T165024+0800/history.csv
sisc-baseline-history-v1,C5,CGA-FP,205,4,296.77980614595083,0.9146123461053038,0.9559865972422952,0.21714675000112038,source_archive/baseline_campaign/report_runs_c3c5/report/pure_p_p4_k3_d2_neumann_hybrid_qmc_iid_lbfgs_seed0205_20260908T165024+0800/history.csv
sisc-baseline-history-v1,C5,CGA-FP,205,5,265.45202205864746,0.9184228395505311,0.9208698833137408,0.2435801670071669,source_archive/baseline_campaign/report_runs_c3c5/report/pure_p_p4_k3_d2_neumann_hybrid_qmc_iid_lbfgs_seed0205_20260908T165024+0800/history.csv
sisc-baseline-history-v1,C5,CGA-FP,205,6,221.82237607141326,0.8802867390073997,0.9033614008549682,0.27036129200132564,source_archive/baseline_campaign/report_runs_c3c5/report/pure_p_p4_k3_d2_neumann_hybrid_qmc_iid_lbfgs_seed0205_20260908T165024+0800/history.csv
sisc-baseline-history-v1,C5,CGA-FP,205,7,186.69557885798775,0.813527644051944,0.8338397659498054,0.2969157090119552,source_archive/baseline_campaign/report_runs_c3c5/report/pure_p_p4_k3_d2_neumann_hybrid_qmc_iid_lbfgs_seed0205_20260908T165024+0800/history.csv
sisc-baseline-history-v1,C5,CGA-FP,205,8,162.97469222367775,0.7700815818179505,0.8046874366683046,0.3231182500021532,source_archive/baseline_campaign/report_runs_c3c5/report/pure_p_p4_k3_d2_neumann_hybrid_qmc_iid_lbfgs_seed0205_20260908T165024+0800/history.csv
sisc-baseline-history-v1,C5,RD-WOGA,201,1,348.01633089873866,0.9807250818075123,0.9887378528908463,0.18318054200790357,source_archive/baseline_campaign/report_runs_c3c5/report/pure_p_p4_k3_d2_neumann_hybrid_qmc_iid_lbfgs_seed0201_20260908T165024+0800/history.csv
sisc-baseline-history-v1,C5,RD-WOGA,201,2,330.69604769609566,0.9602979431194761,0.9773120788579743,0.23781437501020264,source_archive/baseline_campaign/report_runs_c3c5/report/pure_p_p4_k3_d2_neumann_hybrid_qmc_iid_lbfgs_seed0201_20260908T165024+0800/history.csv
sisc-baseline-history-v1,C5,RD-WOGA,201,3,313.43827983110606,0.9384111104238272,0.9659059247962827,0.2913512500090292,source_archive/baseline_campaign/report_runs_c3c5/report/pure_p_p4_k3_d2_neumann_hybrid_qmc_iid_lbfgs_seed0201_20260908T165024+0800/history.csv
sisc-baseline-history-v1,C5,RD-WOGA,201,4,296.25947112105655,0.9129264578049406,0.9559660862309483,0.344564042010461,source_archive/baseline_campaign/report_runs_c3c5/report/pure_p_p4_k3_d2_neumann_hybrid_qmc_iid_lbfgs_seed0201_20260908T165024+0800/history.csv
sisc-baseline-history-v1,C5,RD-WOGA,201,5,265.67693039154796,0.9166729662254469,0.9223158393322278,0.3984744580084225,source_archive/baseline_campaign/report_runs_c3c5/report/pure_p_p4_k3_d2_neumann_hybrid_qmc_iid_lbfgs_seed0201_20260908T165024+0800/history.csv
sisc-baseline-history-v1,C5,RD-WOGA,201,6,226.40677942074882,0.889978709924311,0.9099260931800203,0.45363216700206976,source_archive/baseline_campaign/report_runs_c3c5/report/pure_p_p4_k3_d2_neumann_hybrid_qmc_iid_lbfgs_seed0201_20260908T165024+0800/history.csv
sisc-baseline-history-v1,C5,RD-WOGA,201,7,194.3965576956389,0.8325749180931826,0.8481640147134116,0.5083707500016317,source_archive/baseline_campaign/report_runs_c3c5/report/pure_p_p4_k3_d2_neumann_hybrid_qmc_iid_lbfgs_seed0201_20260908T165024+0800/history.csv
sisc-baseline-history-v1,C5,RD-WOGA,201,8,167.00734532999343,0.7649985557466041,0.7920739446819548,0.5624052920029499,source_archive/baseline_campaign/report_runs_c3c5/report/pure_p_p4_k3_d2_neumann_hybrid_qmc_iid_lbfgs_seed0201_20260908T165024+0800/history.csv
sisc-baseline-history-v1,C5,RD-WOGA,202,1,347.6822911054873,0.9804217789449631,0.988989046572562,0.16971208299219143,source_archive/baseline_campaign/report_runs_c3c5/report/pure_p_p4_k3_d2_neumann_hybrid_qmc_iid_lbfgs_seed0202_20260908T165025+0800/history.csv
sisc-baseline-history-v1,C5,RD-WOGA,202,2,330.38121475836016,0.9597077568784442,0.9776690472562061,0.2225397919974057,source_archive/baseline_campaign/report_runs_c3c5/report/pure_p_p4_k3_d2_neumann_hybrid_qmc_iid_lbfgs_seed0202_20260908T165025+0800/history.csv
sisc-baseline-history-v1,C5,RD-WOGA,202,3,313.1281807475806,0.9377000052453471,0.9664836291503631,0.2756797499896493,source_archive/baseline_campaign/report_runs_c3c5/report/pure_p_p4_k3_d2_neumann_hybrid_qmc_iid_lbfgs_seed0202_20260908T165025+0800/history.csv
sisc-baseline-history-v1,C5,RD-WOGA,202,4,296.4563660093521,0.9116004520044031,0.9578532033793807,0.32900262498878874,source_archive/baseline_campaign/report_runs_c3c5/report/pure_p_p4_k3_d2_neumann_hybrid_qmc_iid_lbfgs_seed0202_20260908T165025+0800/history.csv
sisc-baseline-history-v1,C5,RD-WOGA,202,5,267.9881722646687,0.9219316581530336,0.9248228419019535,0.38266508300148416,source_archive/baseline_campaign/report_runs_c3c5/report/pure_p_p4_k3_d2_neumann_hybrid_qmc_iid_lbfgs_seed0202_20260908T165025+0800/history.csv
sisc-baseline-history-v1,C5,RD-WOGA,202,6,224.4237894864908,0.8867113384824034,0.9093140186096005,0.43742587498854846,source_archive/baseline_campaign/report_runs_c3c5/report/pure_p_p4_k3_d2_neumann_hybrid_qmc_iid_lbfgs_seed0202_20260908T165025+0800/history.csv
sisc-baseline-history-v1,C5,RD-WOGA,202,7,192.54222494518302,0.8285863858707758,0.8481413265192462,0.4920366250007646,source_archive/baseline_campaign/report_runs_c3c5/report/pure_p_p4_k3_d2_neumann_hybrid_qmc_iid_lbfgs_seed0202_20260908T165025+0800/history.csv
sisc-baseline-history-v1,C5,RD-WOGA,202,8,168.6043059289817,0.7711196030304256,0.7974755729872454,0.5464700829907088,source_archive/baseline_campaign/report_runs_c3c5/report/pure_p_p4_k3_d2_neumann_hybrid_qmc_iid_lbfgs_seed0202_20260908T165025+0800/history.csv
sisc-baseline-history-v1,C5,RD-WOGA,203,1,347.9444302015856,0.9798517143366108,0.9893377334878439,0.1726635420054663,source_archive/baseline_campaign/report_runs_c3c5/report/pure_p_p4_k3_d2_neumann_hybrid_qmc_iid_lbfgs_seed0203_20260908T165025+0800/history.csv
sisc-baseline-history-v1,C5,RD-WOGA,203,2,330.63407124580226,0.9589939466096502,0.9780791046770948,0.22635170799912885,source_archive/baseline_campaign/report_runs_c3c5/report/pure_p_p4_k3_d2_neumann_hybrid_qmc_iid_lbfgs_seed0203_20260908T165025+0800/history.csv
sisc-baseline-history-v1,C5,RD-WOGA,203,3,313.7553912598157,0.9348872012503513,0.9690810221366615,0.28020275000017136,source_archive/baseline_campaign/report_runs_c3c5/report/pure_p_p4_k3_d2_neumann_hybrid_qmc_iid_lbfgs_seed0203_20260908T165025+0800/history.csv
sisc-baseline-history-v1,C5,RD-WOGA,203,4,296.5589355193432,0.9094454392192746,0.9588793394054668,0.33448333300475497,source_archive/baseline_campaign/report_runs_c3c5/report/pure_p_p4_k3_d2_neumann_hybrid_qmc_iid_lbfgs_seed0203_20260908T165025+0800/history.csv
sisc-baseline-history-v1,C5,RD-WOGA,203,5,266.787241402328,0.9168637793138369,0.9251189010621965,0.3894677079952089,source_archive/baseline_campaign/report_runs_c3c5/report/pure_p_p4_k3_d2_neumann_hybrid_qmc_iid_lbfgs_seed0203_20260908T165025+0800/history.csv
sisc-baseline-history-v1,C5,RD-WOGA,203,6,226.31093758108094,0.886572169288488,0.9120634294656422,0.4436260420043254,source_archive/baseline_campaign/report_runs_c3c5/report/pure_p_p4_k3_d2_neumann_hybrid_qmc_iid_lbfgs_seed0203_20260908T165025+0800/history.csv
sisc-baseline-history-v1,C5,RD-WOGA,203,7,200.8304115399259,0.8390195431098179,0.8652417304065279,0.4991971669951454,source_archive/baseline_campaign/report_runs_c3c5/report/pure_p_p4_k3_d2_neumann_hybrid_qmc_iid_lbfgs_seed0203_20260908T165025+0800/history.csv
sisc-baseline-history-v1,C5,RD-WOGA,203,8,173.90510647045238,0.7790560211652034,0.8104397392143522,0.5531965419941116,source_archive/baseline_campaign/report_runs_c3c5/report/pure_p_p4_k3_d2_neumann_hybrid_qmc_iid_lbfgs_seed0203_20260908T165025+0800/history.csv
sisc-baseline-history-v1,C5,RD-WOGA,204,1,348.11051963208416,0.9793754130375867,0.9900236856018687,0.1713706670125248,source_archive/baseline_campaign/report_runs_c3c5/report/pure_p_p4_k3_d2_neumann_hybrid_qmc_iid_lbfgs_seed0204_20260908T165026+0800/history.csv
sisc-baseline-history-v1,C5,RD-WOGA,204,2,330.7634869205307,0.9588053378757346,0.9785426196828952,0.22479525000380818,source_archive/baseline_campaign/report_runs_c3c5/report/pure_p_p4_k3_d2_neumann_hybrid_qmc_iid_lbfgs_seed0204_20260908T165026+0800/history.csv
sisc-baseline-history-v1,C5,RD-WOGA,204,3,313.5215515273698,0.9359701623700593,0.9678380632117517,0.27786366701184306,source_archive/baseline_campaign/report_runs_c3c5/report/pure_p_p4_k3_d2_neumann_hybrid_qmc_iid_lbfgs_seed0204_20260908T165026+0800/history.csv
sisc-baseline-history-v1,C5,RD-WOGA,204,4,296.43973357567575,0.9148624078647385,0.9548737560139097,0.33102291700197384,source_archive/baseline_campaign/report_runs_c3c5/report/pure_p_p4_k3_d2_neumann_hybrid_qmc_iid_lbfgs_seed0204_20260908T165026+0800/history.csv
sisc-baseline-history-v1,C5,RD-WOGA,204,5,268.82730654325394,0.9273101977726703,0.9225868079946312,0.3853516670060344,source_archive/baseline_campaign/report_runs_c3c5/report/pure_p_p4_k3_d2_neumann_hybrid_qmc_iid_lbfgs_seed0204_20260908T165026+0800/history.csv
sisc-baseline-history-v1,C5,RD-WOGA,204,6,220.2198165002456,0.8775421742601123,0.9002523303192673,0.44086770800640807,source_archive/baseline_campaign/report_runs_c3c5/report/pure_p_p4_k3_d2_neumann_hybrid_qmc_iid_lbfgs_seed0204_20260908T165026+0800/history.csv
sisc-baseline-history-v1,C5,RD-WOGA,204,7,190.64141460738873,0.8202177380692839,0.8431136465801621,0.4969774170021992,source_archive/baseline_campaign/report_runs_c3c5/report/pure_p_p4_k3_d2_neumann_hybrid_qmc_iid_lbfgs_seed0204_20260908T165026+0800/history.csv
sisc-baseline-history-v1,C5,RD-WOGA,204,8,165.78663767752482,0.7610367947848136,0.7882367493760868,0.5508367920119781,source_archive/baseline_campaign/report_runs_c3c5/report/pure_p_p4_k3_d2_neumann_hybrid_qmc_iid_lbfgs_seed0204_20260908T165026+0800/history.csv
sisc-baseline-history-v1,C5,RD-WOGA,205,1,348.03431898728536,0.9813694222633415,0.9882120437958439,0.17309416699572466,source_archive/baseline_campaign/report_runs_c3c5/report/pure_p_p4_k3_d2_neumann_hybrid_qmc_iid_lbfgs_seed0205_20260908T165027+0800/history.csv
sisc-baseline-history-v1,C5,RD-WOGA,205,2,330.70272458815276,0.961346035510609,0.9763165357071372,0.22586583299562335,source_archive/baseline_campaign/report_runs_c3c5/report/pure_p_p4_k3_d2_neumann_hybrid_qmc_iid_lbfgs_seed0205_20260908T165027+0800/history.csv
sisc-baseline-history-v1,C5,RD-WOGA,205,3,313.3788344648565,0.9393254364374515,0.9650977822742467,0.2791793329961365,source_archive/baseline_campaign/report_runs_c3c5/report/pure_p_p4_k3_d2_neumann_hybrid_qmc_iid_lbfgs_seed0205_20260908T165027+0800/history.csv
sisc-baseline-history-v1,C5,RD-WOGA,205,4,296.17813223407876,0.9143927733429228,0.9548104677431763,0.33277854199695867,source_archive/baseline_campaign/report_runs_c3c5/report/pure_p_p4_k3_d2_neumann_hybrid_qmc_iid_lbfgs_seed0205_20260908T165027+0800/history.csv
sisc-baseline-history-v1,C5,RD-WOGA,205,5,266.1409739873276,0.9206442621593557,0.9205717895944687,0.3870660829998087,source_archive/baseline_campaign/report_runs_c3c5/report/pure_p_p4_k3_d2_neumann_hybrid_qmc_iid_lbfgs_seed0205_20260908T165027+0800/history.csv
sisc-baseline-history-v1,C5,RD-WOGA,205,6,222.5690795709021,0.883152967856749,0.904225015503711,0.4418640000076266,source_archive/baseline_campaign/report_runs_c3c5/report/pure_p_p4_k3_d2_neumann_hybrid_qmc_iid_lbfgs_seed0205_20260908T165027+0800/history.csv
sisc-baseline-history-v1,C5,RD-WOGA,205,7,193.9386670879156,0.8301496363592219,0.8483587581419421,0.49738179199630395,source_archive/baseline_campaign/report_runs_c3c5/report/pure_p_p4_k3_d2_neumann_hybrid_qmc_iid_lbfgs_seed0205_20260908T165027+0800/history.csv
sisc-baseline-history-v1,C5,RD-WOGA,205,8,170.15538206868598,0.7778396021841205,0.8228645179470453,0.5520077080000192,source_archive/baseline_campaign/report_runs_c3c5/report/pure_p_p4_k3_d2_neumann_hybrid_qmc_iid_lbfgs_seed0205_20260908T165027+0800/history.csv
sisc-baseline-history-v1,C5,Random-FC,201,1,357.5325717780758,0.9887764291922294,0.9991270369621844,0.14098891700268723,source_archive/baseline_campaign/report_runs_c3c5/report/pure_p_p4_k3_d2_neumann_hybrid_qmc_iid_lbfgs_seed0201_20260908T165027+0800/history.csv
sisc-baseline-history-v1,C5,Random-FC,201,2,351.203530568948,1.0280823633705067,0.9981007674172541,0.16614216699963436,source_archive/baseline_campaign/report_runs_c3c5/report/pure_p_p4_k3_d2_neumann_hybrid_qmc_iid_lbfgs_seed0201_20260908T165027+0800/history.csv
sisc-baseline-history-v1,C5,Random-FC,201,3,350.64504226318957,1.0297933255055058,1.0065407767976409,0.19168795899895485,source_archive/baseline_campaign/report_runs_c3c5/report/pure_p_p4_k3_d2_neumann_hybrid_qmc_iid_lbfgs_seed0201_20260908T165027+0800/history.csv
sisc-baseline-history-v1,C5,Random-FC,201,4,350.6373458213745,1.0297892791891585,1.006186681055458,0.21839504200033844,source_archive/baseline_campaign/report_runs_c3c5/report/pure_p_p4_k3_d2_neumann_hybrid_qmc_iid_lbfgs_seed0201_20260908T165027+0800/history.csv
sisc-baseline-history-v1,C5,Random-FC,201,5,344.0270779599743,1.0351590683972367,1.0138176187847123,0.24513466699863784,source_archive/baseline_campaign/report_runs_c3c5/report/pure_p_p4_k3_d2_neumann_hybrid_qmc_iid_lbfgs_seed0201_20260908T165027+0800/history.csv
sisc-baseline-history-v1,C5,Random-FC,201,6,323.26268817260154,1.018473596384368,1.0062962116007297,0.2723648749961285,source_archive/baseline_campaign/report_runs_c3c5/report/pure_p_p4_k3_d2_neumann_hybrid_qmc_iid_lbfgs_seed0201_20260908T165027+0800/history.csv
sisc-baseline-history-v1,C5,Random-FC,201,7,321.22768392750606,1.004850718079418,1.0103220586334154,0.30123395899136085,source_archive/baseline_campaign/report_runs_c3c5/report/pure_p_p4_k3_d2_neumann_hybrid_qmc_iid_lbfgs_seed0201_20260908T165027+0800/history.csv
sisc-baseline-history-v1,C5,Random-FC,201,8,294.41530801181483,1.0122799487198089,0.9858507412464584,0.3282665839942638,source_archive/baseline_campaign/report_runs_c3c5/report/pure_p_p4_k3_d2_neumann_hybrid_qmc_iid_lbfgs_seed0201_20260908T165027+0800/history.csv
sisc-baseline-history-v1,C5,Random-FC,202,1,364.9570565005238,1.0002158860327826,0.9999910034777484,0.16775824999785982,source_archive/baseline_campaign/report_runs_c3c5/report/pure_p_p4_k3_d2_neumann_hybrid_qmc_iid_lbfgs_seed0202_20260908T165027+0800/history.csv
sisc-baseline-history-v1,C5,Random-FC,202,2,364.86651128964115,1.0000738280851684,1.0000554070079093,0.1940722910076147,source_archive/baseline_campaign/report_runs_c3c5/report/pure_p_p4_k3_d2_neumann_hybrid_qmc_iid_lbfgs_seed0202_20260908T165027+0800/history.csv
sisc-baseline-history-v1,C5,Random-FC,202,3,362.6680047697548,1.0233300106876018,1.0011437663413214,0.21961204100807663,source_archive/baseline_campaign/report_runs_c3c5/report/pure_p_p4_k3_d2_neumann_hybrid_qmc_iid_lbfgs_seed0202_20260908T165027+0800/history.csv
sisc-baseline-history-v1,C5,Random-FC,202,4,345.8552103427046,1.0007661378589667,0.988969872015273,0.2455322080058977,source_archive/baseline_campaign/report_runs_c3c5/report/pure_p_p4_k3_d2_neumann_hybrid_qmc_iid_lbfgs_seed0202_20260908T165027+0800/history.csv
sisc-baseline-history-v1,C5,Random-FC,202,5,314.0271557210389,1.009857272763672,0.9671423106761214,0.27192516600189265,source_archive/baseline_campaign/report_runs_c3c5/report/pure_p_p4_k3_d2_neumann_hybrid_qmc_iid_lbfgs_seed0202_20260908T165027+0800/history.csv
sisc-baseline-history-v1,C5,Random-FC,202,6,310.1189450648505,1.0055214974602282,0.9669481326984853,0.2987391659989953,source_archive/baseline_campaign/report_runs_c3c5/report/pure_p_p4_k3_d2_neumann_hybrid_qmc_iid_lbfgs_seed0202_20260908T165027+0800/history.csv
sisc-baseline-history-v1,C5,Random-FC,202,7,291.07024045840444,1.0081009096368938,0.9676547537086712,0.3259637500013923,source_archive/baseline_campaign/report_runs_c3c5/report/pure_p_p4_k3_d2_neumann_hybrid_qmc_iid_lbfgs_seed0202_20260908T165027+0800/history.csv
sisc-baseline-history-v1,C5,Random-FC,202,8,290.7983032595321,1.0089813045362777,0.9698998515028668,0.35304079100023955,source_archive/baseline_campaign/report_runs_c3c5/report/pure_p_p4_k3_d2_neumann_hybrid_qmc_iid_lbfgs_seed0202_20260908T165027+0800/history.csv
sisc-baseline-history-v1,C5,Random-FC,203,1,365.2801601159435,1.0001358904397792,0.9999935611626645,0.14196725000510924,source_archive/baseline_campaign/report_runs_c3c5/report/pure_p_p4_k3_d2_neumann_hybrid_qmc_iid_lbfgs_seed0203_20260908T165028+0800/history.csv
sisc-baseline-history-v1,C5,Random-FC,203,2,365.2544913725656,1.0008204044915159,0.9998823456153475,0.16749712500313763,source_archive/baseline_campaign/report_runs_c3c5/report/pure_p_p4_k3_d2_neumann_hybrid_qmc_iid_lbfgs_seed0203_20260908T165028+0800/history.csv
sisc-baseline-history-v1,C5,Random-FC,203,3,362.8477953986774,1.00772612856083,1.0024598615747957,0.19431370800884906,source_archive/baseline_campaign/report_runs_c3c5/report/pure_p_p4_k3_d2_neumann_hybrid_qmc_iid_lbfgs_seed0203_20260908T165028+0800/history.csv
sisc-baseline-history-v1,C5,Random-FC,203,4,362.5202539940116,1.0146957249459474,1.0033497134392078,0.22276554199925158,source_archive/baseline_campaign/report_runs_c3c5/report/pure_p_p4_k3_d2_neumann_hybrid_qmc_iid_lbfgs_seed0203_20260908T165028+0800/history.csv
sisc-baseline-history-v1,C5,Random-FC,203,5,360.7630711873529,1.0199040236814911,1.0032821468935045,0.2509910420048982,source_archive/baseline_campaign/report_runs_c3c5/report/pure_p_p4_k3_d2_neumann_hybrid_qmc_iid_lbfgs_seed0203_20260908T165028+0800/history.csv
sisc-baseline-history-v1,C5,Random-FC,203,6,359.41996209199203,1.0299615660141277,0.9982633744597749,0.27844883300713263,source_archive/baseline_campaign/report_runs_c3c5/report/pure_p_p4_k3_d2_neumann_hybrid_qmc_iid_lbfgs_seed0203_20260908T165028+0800/history.csv
sisc-baseline-history-v1,C5,Random-FC,203,7,340.1218288595378,1.0199247451189768,0.9896630437572433,0.30662025000492577,source_archive/baseline_campaign/report_runs_c3c5/report/pure_p_p4_k3_d2_neumann_hybrid_qmc_iid_lbfgs_seed0203_20260908T165028+0800/history.csv
sisc-baseline-history-v1,C5,Random-FC,203,8,336.6712438331687,0.988769575755451,0.9921978716660259,0.3345260420028353,source_archive/baseline_campaign/report_runs_c3c5/report/pure_p_p4_k3_d2_neumann_hybrid_qmc_iid_lbfgs_seed0203_20260908T165028+0800/history.csv
sisc-baseline-history-v1,C5,Random-FC,204,1,365.28121828983086,0.9999948852547134,1.0000018465514915,0.14169337500061374,source_archive/baseline_campaign/report_runs_c3c5/report/pure_p_p4_k3_d2_neumann_hybrid_qmc_iid_lbfgs_seed0204_20260908T165028+0800/history.csv
sisc-baseline-history-v1,C5,Random-FC,204,2,360.5718802443887,1.011889934608104,0.9915694227763483,0.16741695901146159,source_archive/baseline_campaign/report_runs_c3c5/report/pure_p_p4_k3_d2_neumann_hybrid_qmc_iid_lbfgs_seed0204_20260908T165028+0800/history.csv
sisc-baseline-history-v1,C5,Random-FC,204,3,360.5710672892025,1.011703951983722,0.991775653550859,0.19353008399775717,source_archive/baseline_campaign/report_runs_c3c5/report/pure_p_p4_k3_d2_neumann_hybrid_qmc_iid_lbfgs_seed0204_20260908T165028+0800/history.csv
sisc-baseline-history-v1,C5,Random-FC,204,4,358.1914798512557,1.0103207761809128,0.9899502843553079,0.21901783400971908,source_archive/baseline_campaign/report_runs_c3c5/report/pure_p_p4_k3_d2_neumann_hybrid_qmc_iid_lbfgs_seed0204_20260908T165028+0800/history.csv
sisc-baseline-history-v1,C5,Random-FC,204,5,358.1744660618793,1.0090594610855077,0.9903608464280502,0.245634709004662,source_archive/baseline_campaign/report_runs_c3c5/report/pure_p_p4_k3_d2_neumann_hybrid_qmc_iid_lbfgs_seed0204_20260908T165028+0800/history.csv
sisc-baseline-history-v1,C5,Random-FC,204,6,350.23052579340856,0.9979784134217363,0.9893806376005019,0.27244512501056306,source_archive/baseline_campaign/report_runs_c3c5/report/pure_p_p4_k3_d2_neumann_hybrid_qmc_iid_lbfgs_seed0204_20260908T165028+0800/history.csv
sisc-baseline-history-v1,C5,Random-FC,204,7,349.929646603786,0.996012852061414,0.9876842507656114,0.3000879590108525,source_archive/baseline_campaign/report_runs_c3c5/report/pure_p_p4_k3_d2_neumann_hybrid_qmc_iid_lbfgs_seed0204_20260908T165028+0800/history.csv
sisc-baseline-history-v1,C5,Random-FC,204,8,338.4646689144911,0.9908748583434304,0.9725540732144986,0.327393542000209,source_archive/baseline_campaign/report_runs_c3c5/report/pure_p_p4_k3_d2_neumann_hybrid_qmc_iid_lbfgs_seed0204_20260908T165028+0800/history.csv
sisc-baseline-history-v1,C5,Random-FC,205,1,365.2818686749588,1.0013649631767865,0.9999177031841268,0.1443542910128599,source_archive/baseline_campaign/report_runs_c3c5/report/pure_p_p4_k3_d2_neumann_hybrid_qmc_iid_lbfgs_seed0205_20260908T165029+0800/history.csv
sisc-baseline-history-v1,C5,Random-FC,205,2,359.40521161840235,0.9991682054676311,1.0027561348116507,0.1693562500004191,source_archive/baseline_campaign/report_runs_c3c5/report/pure_p_p4_k3_d2_neumann_hybrid_qmc_iid_lbfgs_seed0205_20260908T165029+0800/history.csv
sisc-baseline-history-v1,C5,Random-FC,205,3,355.60548427647944,1.034178861382287,0.9993839065579221,0.19481333300063852,source_archive/baseline_campaign/report_runs_c3c5/report/pure_p_p4_k3_d2_neumann_hybrid_qmc_iid_lbfgs_seed0205_20260908T165029+0800/history.csv
sisc-baseline-history-v1,C5,Random-FC,205,4,355.60510312374885,1.034201950023826,0.9994099633127499,0.22674604100757279,source_archive/baseline_campaign/report_runs_c3c5/report/pure_p_p4_k3_d2_neumann_hybrid_qmc_iid_lbfgs_seed0205_20260908T165029+0800/history.csv
sisc-baseline-history-v1,C5,Random-FC,205,5,355.2506239287776,1.0364815579406346,0.99864931029081,0.2539749160059728,source_archive/baseline_campaign/report_runs_c3c5/report/pure_p_p4_k3_d2_neumann_hybrid_qmc_iid_lbfgs_seed0205_20260908T165029+0800/history.csv
sisc-baseline-history-v1,C5,Random-FC,205,6,354.988891471757,1.0395091903871199,1.0042097155780776,0.2828789160121232,source_archive/baseline_campaign/report_runs_c3c5/report/pure_p_p4_k3_d2_neumann_hybrid_qmc_iid_lbfgs_seed0205_20260908T165029+0800/history.csv
sisc-baseline-history-v1,C5,Random-FC,205,7,354.59038419518765,1.0427126441874603,1.0020924808224205,0.3113815410033567,source_archive/baseline_campaign/report_runs_c3c5/report/pure_p_p4_k3_d2_neumann_hybrid_qmc_iid_lbfgs_seed0205_20260908T165029+0800/history.csv
sisc-baseline-history-v1,C5,Random-FC,205,8,354.3988381339635,1.044835564572416,1.0023725408937418,0.3388889580091927,source_archive/baseline_campaign/report_runs_c3c5/report/pure_p_p4_k3_d2_neumann_hybrid_qmc_iid_lbfgs_seed0205_20260908T165029+0800/history.csv
