schema_version,case_id,run_id,epsilon,step,rank,metric,value,evaluator,source_sha256,config_sha256
cga-experiments-v1,eps-p4-d1-k3,epsilon_1,1.0,1,1,energy_gap_raw,321.1371169532806,SG12,e351f160a91cb317740fdfe370e5208dbffd61c72b671a403847a848d0715459,9d51d6125a58792aff99d4d672a2dddaf11b21c0d95427ac05a57d162144f0f0
cga-experiments-v1,eps-p4-d1-k3,epsilon_1,1.0,1,1,bregman_gap,321.1371169532807,SG12,e351f160a91cb317740fdfe370e5208dbffd61c72b671a403847a848d0715459,9d51d6125a58792aff99d4d672a2dddaf11b21c0d95427ac05a57d162144f0f0
cga-experiments-v1,eps-p4-d1-k3,epsilon_1,1.0,1,1,l2_rel,0.9639209978774359,SG12,e351f160a91cb317740fdfe370e5208dbffd61c72b671a403847a848d0715459,9d51d6125a58792aff99d4d672a2dddaf11b21c0d95427ac05a57d162144f0f0
cga-experiments-v1,eps-p4-d1-k3,epsilon_1,1.0,1,1,natural_rel,0.9089967959259181,SG12,e351f160a91cb317740fdfe370e5208dbffd61c72b671a403847a848d0715459,9d51d6125a58792aff99d4d672a2dddaf11b21c0d95427ac05a57d162144f0f0
cga-experiments-v1,eps-p4-d1-k3,epsilon_1,1.0,1,1,w1p_full_rel,0.9091555480588804,SG12,e351f160a91cb317740fdfe370e5208dbffd61c72b671a403847a848d0715459,9d51d6125a58792aff99d4d672a2dddaf11b21c0d95427ac05a57d162144f0f0
cga-experiments-v1,eps-p4-d1-k3,epsilon_1,1.0,1,1,quasi_rel,0.9296637650176609,SG12,e351f160a91cb317740fdfe370e5208dbffd61c72b671a403847a848d0715459,9d51d6125a58792aff99d4d672a2dddaf11b21c0d95427ac05a57d162144f0f0
cga-experiments-v1,eps-p4-d1-k3,epsilon_1,1.0,2,2,energy_gap_raw,190.04856943712235,SG12,e351f160a91cb317740fdfe370e5208dbffd61c72b671a403847a848d0715459,9d51d6125a58792aff99d4d672a2dddaf11b21c0d95427ac05a57d162144f0f0
cga-experiments-v1,eps-p4-d1-k3,epsilon_1,1.0,2,2,bregman_gap,190.04856943712235,SG12,e351f160a91cb317740fdfe370e5208dbffd61c72b671a403847a848d0715459,9d51d6125a58792aff99d4d672a2dddaf11b21c0d95427ac05a57d162144f0f0
cga-experiments-v1,eps-p4-d1-k3,epsilon_1,1.0,2,2,l2_rel,0.4032364218139303,SG12,e351f160a91cb317740fdfe370e5208dbffd61c72b671a403847a848d0715459,9d51d6125a58792aff99d4d672a2dddaf11b21c0d95427ac05a57d162144f0f0
cga-experiments-v1,eps-p4-d1-k3,epsilon_1,1.0,2,2,natural_rel,0.677629395758557,SG12,e351f160a91cb317740fdfe370e5208dbffd61c72b671a403847a848d0715459,9d51d6125a58792aff99d4d672a2dddaf11b21c0d95427ac05a57d162144f0f0
cga-experiments-v1,eps-p4-d1-k3,epsilon_1,1.0,2,2,w1p_full_rel,0.6775360345316912,SG12,e351f160a91cb317740fdfe370e5208dbffd61c72b671a403847a848d0715459,9d51d6125a58792aff99d4d672a2dddaf11b21c0d95427ac05a57d162144f0f0
cga-experiments-v1,eps-p4-d1-k3,epsilon_1,1.0,2,2,quasi_rel,0.8780188614676221,SG12,e351f160a91cb317740fdfe370e5208dbffd61c72b671a403847a848d0715459,9d51d6125a58792aff99d4d672a2dddaf11b21c0d95427ac05a57d162144f0f0
cga-experiments-v1,eps-p4-d1-k3,epsilon_1,1.0,3,3,energy_gap_raw,110.9869637809606,SG12,e351f160a91cb317740fdfe370e5208dbffd61c72b671a403847a848d0715459,9d51d6125a58792aff99d4d672a2dddaf11b21c0d95427ac05a57d162144f0f0
cga-experiments-v1,eps-p4-d1-k3,epsilon_1,1.0,3,3,bregman_gap,110.98696378096065,SG12,e351f160a91cb317740fdfe370e5208dbffd61c72b671a403847a848d0715459,9d51d6125a58792aff99d4d672a2dddaf11b21c0d95427ac05a57d162144f0f0
cga-experiments-v1,eps-p4-d1-k3,epsilon_1,1.0,3,3,l2_rel,0.40569322366809635,SG12,e351f160a91cb317740fdfe370e5208dbffd61c72b671a403847a848d0715459,9d51d6125a58792aff99d4d672a2dddaf11b21c0d95427ac05a57d162144f0f0
cga-experiments-v1,eps-p4-d1-k3,epsilon_1,1.0,3,3,natural_rel,0.5882648833703947,SG12,e351f160a91cb317740fdfe370e5208dbffd61c72b671a403847a848d0715459,9d51d6125a58792aff99d4d672a2dddaf11b21c0d95427ac05a57d162144f0f0
cga-experiments-v1,eps-p4-d1-k3,epsilon_1,1.0,3,3,w1p_full_rel,0.5881992976754283,SG12,e351f160a91cb317740fdfe370e5208dbffd61c72b671a403847a848d0715459,9d51d6125a58792aff99d4d672a2dddaf11b21c0d95427ac05a57d162144f0f0
cga-experiments-v1,eps-p4-d1-k3,epsilon_1,1.0,3,3,quasi_rel,0.6733869195601911,SG12,e351f160a91cb317740fdfe370e5208dbffd61c72b671a403847a848d0715459,9d51d6125a58792aff99d4d672a2dddaf11b21c0d95427ac05a57d162144f0f0
cga-experiments-v1,eps-p4-d1-k3,epsilon_1,1.0,4,4,energy_gap_raw,31.669358509005917,SG12,e351f160a91cb317740fdfe370e5208dbffd61c72b671a403847a848d0715459,9d51d6125a58792aff99d4d672a2dddaf11b21c0d95427ac05a57d162144f0f0
cga-experiments-v1,eps-p4-d1-k3,epsilon_1,1.0,4,4,bregman_gap,31.669358509005963,SG12,e351f160a91cb317740fdfe370e5208dbffd61c72b671a403847a848d0715459,9d51d6125a58792aff99d4d672a2dddaf11b21c0d95427ac05a57d162144f0f0
cga-experiments-v1,eps-p4-d1-k3,epsilon_1,1.0,4,4,l2_rel,0.14008294598543855,SG12,e351f160a91cb317740fdfe370e5208dbffd61c72b671a403847a848d0715459,9d51d6125a58792aff99d4d672a2dddaf11b21c0d95427ac05a57d162144f0f0
cga-experiments-v1,eps-p4-d1-k3,epsilon_1,1.0,4,4,natural_rel,0.3595015685037032,SG12,e351f160a91cb317740fdfe370e5208dbffd61c72b671a403847a848d0715459,9d51d6125a58792aff99d4d672a2dddaf11b21c0d95427ac05a57d162144f0f0
cga-experiments-v1,eps-p4-d1-k3,epsilon_1,1.0,4,4,w1p_full_rel,0.3594458084303491,SG12,e351f160a91cb317740fdfe370e5208dbffd61c72b671a403847a848d0715459,9d51d6125a58792aff99d4d672a2dddaf11b21c0d95427ac05a57d162144f0f0
cga-experiments-v1,eps-p4-d1-k3,epsilon_1,1.0,4,4,quasi_rel,0.3626210108162129,SG12,e351f160a91cb317740fdfe370e5208dbffd61c72b671a403847a848d0715459,9d51d6125a58792aff99d4d672a2dddaf11b21c0d95427ac05a57d162144f0f0
cga-experiments-v1,eps-p4-d1-k3,epsilon_1,1.0,5,5,energy_gap_raw,16.654953064893107,SG12,e351f160a91cb317740fdfe370e5208dbffd61c72b671a403847a848d0715459,9d51d6125a58792aff99d4d672a2dddaf11b21c0d95427ac05a57d162144f0f0
cga-experiments-v1,eps-p4-d1-k3,epsilon_1,1.0,5,5,bregman_gap,16.654953064893142,SG12,e351f160a91cb317740fdfe370e5208dbffd61c72b671a403847a848d0715459,9d51d6125a58792aff99d4d672a2dddaf11b21c0d95427ac05a57d162144f0f0
cga-experiments-v1,eps-p4-d1-k3,epsilon_1,1.0,5,5,l2_rel,0.17393862237592522,SG12,e351f160a91cb317740fdfe370e5208dbffd61c72b671a403847a848d0715459,9d51d6125a58792aff99d4d672a2dddaf11b21c0d95427ac05a57d162144f0f0
cga-experiments-v1,eps-p4-d1-k3,epsilon_1,1.0,5,5,natural_rel,0.31049197790433825,SG12,e351f160a91cb317740fdfe370e5208dbffd61c72b671a403847a848d0715459,9d51d6125a58792aff99d4d672a2dddaf11b21c0d95427ac05a57d162144f0f0
cga-experiments-v1,eps-p4-d1-k3,epsilon_1,1.0,5,5,w1p_full_rel,0.31044738180145676,SG12,e351f160a91cb317740fdfe370e5208dbffd61c72b671a403847a848d0715459,9d51d6125a58792aff99d4d672a2dddaf11b21c0d95427ac05a57d162144f0f0
cga-experiments-v1,eps-p4-d1-k3,epsilon_1,1.0,5,5,quasi_rel,0.26334085209489827,SG12,e351f160a91cb317740fdfe370e5208dbffd61c72b671a403847a848d0715459,9d51d6125a58792aff99d4d672a2dddaf11b21c0d95427ac05a57d162144f0f0
cga-experiments-v1,eps-p4-d1-k3,epsilon_1,1.0,6,6,energy_gap_raw,0.14969351679707188,SG12,e351f160a91cb317740fdfe370e5208dbffd61c72b671a403847a848d0715459,9d51d6125a58792aff99d4d672a2dddaf11b21c0d95427ac05a57d162144f0f0
cga-experiments-v1,eps-p4-d1-k3,epsilon_1,1.0,6,6,bregman_gap,0.149693516797052,SG12,e351f160a91cb317740fdfe370e5208dbffd61c72b671a403847a848d0715459,9d51d6125a58792aff99d4d672a2dddaf11b21c0d95427ac05a57d162144f0f0
cga-experiments-v1,eps-p4-d1-k3,epsilon_1,1.0,6,6,l2_rel,0.026735021815079942,SG12,e351f160a91cb317740fdfe370e5208dbffd61c72b671a403847a848d0715459,9d51d6125a58792aff99d4d672a2dddaf11b21c0d95427ac05a57d162144f0f0
cga-experiments-v1,eps-p4-d1-k3,epsilon_1,1.0,6,6,natural_rel,0.044216289033350085,SG12,e351f160a91cb317740fdfe370e5208dbffd61c72b671a403847a848d0715459,9d51d6125a58792aff99d4d672a2dddaf11b21c0d95427ac05a57d162144f0f0
cga-experiments-v1,eps-p4-d1-k3,epsilon_1,1.0,6,6,w1p_full_rel,0.04420993167567501,SG12,e351f160a91cb317740fdfe370e5208dbffd61c72b671a403847a848d0715459,9d51d6125a58792aff99d4d672a2dddaf11b21c0d95427ac05a57d162144f0f0
cga-experiments-v1,eps-p4-d1-k3,epsilon_1,1.0,6,6,quasi_rel,0.024929907039778963,SG12,e351f160a91cb317740fdfe370e5208dbffd61c72b671a403847a848d0715459,9d51d6125a58792aff99d4d672a2dddaf11b21c0d95427ac05a57d162144f0f0
cga-experiments-v1,eps-p4-d1-k3,epsilon_1,1.0,7,7,energy_gap_raw,0.12283072052701982,SG12,e351f160a91cb317740fdfe370e5208dbffd61c72b671a403847a848d0715459,9d51d6125a58792aff99d4d672a2dddaf11b21c0d95427ac05a57d162144f0f0
cga-experiments-v1,eps-p4-d1-k3,epsilon_1,1.0,7,7,bregman_gap,0.12283072052702468,SG12,e351f160a91cb317740fdfe370e5208dbffd61c72b671a403847a848d0715459,9d51d6125a58792aff99d4d672a2dddaf11b21c0d95427ac05a57d162144f0f0
cga-experiments-v1,eps-p4-d1-k3,epsilon_1,1.0,7,7,l2_rel,0.025205608977252818,SG12,e351f160a91cb317740fdfe370e5208dbffd61c72b671a403847a848d0715459,9d51d6125a58792aff99d4d672a2dddaf11b21c0d95427ac05a57d162144f0f0
cga-experiments-v1,eps-p4-d1-k3,epsilon_1,1.0,7,7,natural_rel,0.034375600670676604,SG12,e351f160a91cb317740fdfe370e5208dbffd61c72b671a403847a848d0715459,9d51d6125a58792aff99d4d672a2dddaf11b21c0d95427ac05a57d162144f0f0
cga-experiments-v1,eps-p4-d1-k3,epsilon_1,1.0,7,7,w1p_full_rel,0.034371295832723706,SG12,e351f160a91cb317740fdfe370e5208dbffd61c72b671a403847a848d0715459,9d51d6125a58792aff99d4d672a2dddaf11b21c0d95427ac05a57d162144f0f0
cga-experiments-v1,eps-p4-d1-k3,epsilon_1,1.0,7,7,quasi_rel,0.022639540685609052,SG12,e351f160a91cb317740fdfe370e5208dbffd61c72b671a403847a848d0715459,9d51d6125a58792aff99d4d672a2dddaf11b21c0d95427ac05a57d162144f0f0
cga-experiments-v1,eps-p4-d1-k3,epsilon_1,1.0,8,8,energy_gap_raw,0.027020604960682704,SG12,e351f160a91cb317740fdfe370e5208dbffd61c72b671a403847a848d0715459,9d51d6125a58792aff99d4d672a2dddaf11b21c0d95427ac05a57d162144f0f0
cga-experiments-v1,eps-p4-d1-k3,epsilon_1,1.0,8,8,bregman_gap,0.027020604960689407,SG12,e351f160a91cb317740fdfe370e5208dbffd61c72b671a403847a848d0715459,9d51d6125a58792aff99d4d672a2dddaf11b21c0d95427ac05a57d162144f0f0
cga-experiments-v1,eps-p4-d1-k3,epsilon_1,1.0,8,8,l2_rel,0.0049894679240366216,SG12,e351f160a91cb317740fdfe370e5208dbffd61c72b671a403847a848d0715459,9d51d6125a58792aff99d4d672a2dddaf11b21c0d95427ac05a57d162144f0f0
cga-experiments-v1,eps-p4-d1-k3,epsilon_1,1.0,8,8,natural_rel,0.03357264250349268,SG12,e351f160a91cb317740fdfe370e5208dbffd61c72b671a403847a848d0715459,9d51d6125a58792aff99d4d672a2dddaf11b21c0d95427ac05a57d162144f0f0
cga-experiments-v1,eps-p4-d1-k3,epsilon_1,1.0,8,8,w1p_full_rel,0.03356726201924951,SG12,e351f160a91cb317740fdfe370e5208dbffd61c72b671a403847a848d0715459,9d51d6125a58792aff99d4d672a2dddaf11b21c0d95427ac05a57d162144f0f0
cga-experiments-v1,eps-p4-d1-k3,epsilon_1,1.0,8,8,quasi_rel,0.010531773817915936,SG12,e351f160a91cb317740fdfe370e5208dbffd61c72b671a403847a848d0715459,9d51d6125a58792aff99d4d672a2dddaf11b21c0d95427ac05a57d162144f0f0
cga-experiments-v1,eps-p4-d1-k3,epsilon_1,1.0,9,9,energy_gap_raw,0.015515814501782188,SG12,e351f160a91cb317740fdfe370e5208dbffd61c72b671a403847a848d0715459,9d51d6125a58792aff99d4d672a2dddaf11b21c0d95427ac05a57d162144f0f0
cga-experiments-v1,eps-p4-d1-k3,epsilon_1,1.0,9,9,bregman_gap,0.01551581450184916,SG12,e351f160a91cb317740fdfe370e5208dbffd61c72b671a403847a848d0715459,9d51d6125a58792aff99d4d672a2dddaf11b21c0d95427ac05a57d162144f0f0
cga-experiments-v1,eps-p4-d1-k3,epsilon_1,1.0,9,9,l2_rel,0.006043469189194638,SG12,e351f160a91cb317740fdfe370e5208dbffd61c72b671a403847a848d0715459,9d51d6125a58792aff99d4d672a2dddaf11b21c0d95427ac05a57d162144f0f0
cga-experiments-v1,eps-p4-d1-k3,epsilon_1,1.0,9,9,natural_rel,0.014288407091022167,SG12,e351f160a91cb317740fdfe370e5208dbffd61c72b671a403847a848d0715459,9d51d6125a58792aff99d4d672a2dddaf11b21c0d95427ac05a57d162144f0f0
cga-experiments-v1,eps-p4-d1-k3,epsilon_1,1.0,9,9,w1p_full_rel,0.014286175033223734,SG12,e351f160a91cb317740fdfe370e5208dbffd61c72b671a403847a848d0715459,9d51d6125a58792aff99d4d672a2dddaf11b21c0d95427ac05a57d162144f0f0
cga-experiments-v1,eps-p4-d1-k3,epsilon_1,1.0,9,9,quasi_rel,0.008059524604848278,SG12,e351f160a91cb317740fdfe370e5208dbffd61c72b671a403847a848d0715459,9d51d6125a58792aff99d4d672a2dddaf11b21c0d95427ac05a57d162144f0f0
cga-experiments-v1,eps-p4-d1-k3,epsilon_1,1.0,10,10,energy_gap_raw,0.014417646023218822,SG12,e351f160a91cb317740fdfe370e5208dbffd61c72b671a403847a848d0715459,9d51d6125a58792aff99d4d672a2dddaf11b21c0d95427ac05a57d162144f0f0
cga-experiments-v1,eps-p4-d1-k3,epsilon_1,1.0,10,10,bregman_gap,0.014417646023310908,SG12,e351f160a91cb317740fdfe370e5208dbffd61c72b671a403847a848d0715459,9d51d6125a58792aff99d4d672a2dddaf11b21c0d95427ac05a57d162144f0f0
cga-experiments-v1,eps-p4-d1-k3,epsilon_1,1.0,10,10,l2_rel,0.006572327203064408,SG12,e351f160a91cb317740fdfe370e5208dbffd61c72b671a403847a848d0715459,9d51d6125a58792aff99d4d672a2dddaf11b21c0d95427ac05a57d162144f0f0
cga-experiments-v1,eps-p4-d1-k3,epsilon_1,1.0,10,10,natural_rel,0.014892992012657553,SG12,e351f160a91cb317740fdfe370e5208dbffd61c72b671a403847a848d0715459,9d51d6125a58792aff99d4d672a2dddaf11b21c0d95427ac05a57d162144f0f0
cga-experiments-v1,eps-p4-d1-k3,epsilon_1,1.0,10,10,w1p_full_rel,0.014890674970921136,SG12,e351f160a91cb317740fdfe370e5208dbffd61c72b671a403847a848d0715459,9d51d6125a58792aff99d4d672a2dddaf11b21c0d95427ac05a57d162144f0f0
cga-experiments-v1,eps-p4-d1-k3,epsilon_1,1.0,10,10,quasi_rel,0.007743065995031527,SG12,e351f160a91cb317740fdfe370e5208dbffd61c72b671a403847a848d0715459,9d51d6125a58792aff99d4d672a2dddaf11b21c0d95427ac05a57d162144f0f0
cga-experiments-v1,eps-p4-d1-k3,epsilon_1,1.0,11,11,energy_gap_raw,0.013030465767940314,SG12,e351f160a91cb317740fdfe370e5208dbffd61c72b671a403847a848d0715459,9d51d6125a58792aff99d4d672a2dddaf11b21c0d95427ac05a57d162144f0f0
cga-experiments-v1,eps-p4-d1-k3,epsilon_1,1.0,11,11,bregman_gap,0.013030465767989198,SG12,e351f160a91cb317740fdfe370e5208dbffd61c72b671a403847a848d0715459,9d51d6125a58792aff99d4d672a2dddaf11b21c0d95427ac05a57d162144f0f0
cga-experiments-v1,eps-p4-d1-k3,epsilon_1,1.0,11,11,l2_rel,0.006347942781116659,SG12,e351f160a91cb317740fdfe370e5208dbffd61c72b671a403847a848d0715459,9d51d6125a58792aff99d4d672a2dddaf11b21c0d95427ac05a57d162144f0f0
cga-experiments-v1,eps-p4-d1-k3,epsilon_1,1.0,11,11,natural_rel,0.014729656580644335,SG12,e351f160a91cb317740fdfe370e5208dbffd61c72b671a403847a848d0715459,9d51d6125a58792aff99d4d672a2dddaf11b21c0d95427ac05a57d162144f0f0
cga-experiments-v1,eps-p4-d1-k3,epsilon_1,1.0,11,11,w1p_full_rel,0.014727360157185985,SG12,e351f160a91cb317740fdfe370e5208dbffd61c72b671a403847a848d0715459,9d51d6125a58792aff99d4d672a2dddaf11b21c0d95427ac05a57d162144f0f0
cga-experiments-v1,eps-p4-d1-k3,epsilon_1,1.0,11,11,quasi_rel,0.007340751152780588,SG12,e351f160a91cb317740fdfe370e5208dbffd61c72b671a403847a848d0715459,9d51d6125a58792aff99d4d672a2dddaf11b21c0d95427ac05a57d162144f0f0
cga-experiments-v1,eps-p4-d1-k3,epsilon_1,1.0,12,12,energy_gap_raw,0.008176377638164922,SG12,e351f160a91cb317740fdfe370e5208dbffd61c72b671a403847a848d0715459,9d51d6125a58792aff99d4d672a2dddaf11b21c0d95427ac05a57d162144f0f0
cga-experiments-v1,eps-p4-d1-k3,epsilon_1,1.0,12,12,bregman_gap,0.008176377638204831,SG12,e351f160a91cb317740fdfe370e5208dbffd61c72b671a403847a848d0715459,9d51d6125a58792aff99d4d672a2dddaf11b21c0d95427ac05a57d162144f0f0
cga-experiments-v1,eps-p4-d1-k3,epsilon_1,1.0,12,12,l2_rel,0.004061997484462408,SG12,e351f160a91cb317740fdfe370e5208dbffd61c72b671a403847a848d0715459,9d51d6125a58792aff99d4d672a2dddaf11b21c0d95427ac05a57d162144f0f0
cga-experiments-v1,eps-p4-d1-k3,epsilon_1,1.0,12,12,natural_rel,0.009249149867739436,SG12,e351f160a91cb317740fdfe370e5208dbffd61c72b671a403847a848d0715459,9d51d6125a58792aff99d4d672a2dddaf11b21c0d95427ac05a57d162144f0f0
cga-experiments-v1,eps-p4-d1-k3,epsilon_1,1.0,12,12,w1p_full_rel,0.009247708893871442,SG12,e351f160a91cb317740fdfe370e5208dbffd61c72b671a403847a848d0715459,9d51d6125a58792aff99d4d672a2dddaf11b21c0d95427ac05a57d162144f0f0
cga-experiments-v1,eps-p4-d1-k3,epsilon_1,1.0,12,12,quasi_rel,0.005894287015447116,SG12,e351f160a91cb317740fdfe370e5208dbffd61c72b671a403847a848d0715459,9d51d6125a58792aff99d4d672a2dddaf11b21c0d95427ac05a57d162144f0f0
cga-experiments-v1,eps-p4-d1-k3,epsilon_1,1.0,13,13,energy_gap_raw,0.0029351047956538423,SG12,e351f160a91cb317740fdfe370e5208dbffd61c72b671a403847a848d0715459,9d51d6125a58792aff99d4d672a2dddaf11b21c0d95427ac05a57d162144f0f0
cga-experiments-v1,eps-p4-d1-k3,epsilon_1,1.0,13,13,bregman_gap,0.002935104795691521,SG12,e351f160a91cb317740fdfe370e5208dbffd61c72b671a403847a848d0715459,9d51d6125a58792aff99d4d672a2dddaf11b21c0d95427ac05a57d162144f0f0
cga-experiments-v1,eps-p4-d1-k3,epsilon_1,1.0,13,13,l2_rel,0.0011015838988327285,SG12,e351f160a91cb317740fdfe370e5208dbffd61c72b671a403847a848d0715459,9d51d6125a58792aff99d4d672a2dddaf11b21c0d95427ac05a57d162144f0f0
cga-experiments-v1,eps-p4-d1-k3,epsilon_1,1.0,13,13,natural_rel,0.004770418171716841,SG12,e351f160a91cb317740fdfe370e5208dbffd61c72b671a403847a848d0715459,9d51d6125a58792aff99d4d672a2dddaf11b21c0d95427ac05a57d162144f0f0
cga-experiments-v1,eps-p4-d1-k3,epsilon_1,1.0,13,13,w1p_full_rel,0.004769655420675741,SG12,e351f160a91cb317740fdfe370e5208dbffd61c72b671a403847a848d0715459,9d51d6125a58792aff99d4d672a2dddaf11b21c0d95427ac05a57d162144f0f0
cga-experiments-v1,eps-p4-d1-k3,epsilon_1,1.0,13,13,quasi_rel,0.0035503328716784545,SG12,e351f160a91cb317740fdfe370e5208dbffd61c72b671a403847a848d0715459,9d51d6125a58792aff99d4d672a2dddaf11b21c0d95427ac05a57d162144f0f0
cga-experiments-v1,eps-p4-d1-k3,epsilon_1,1.0,14,14,energy_gap_raw,0.0011185184150690475,SG12,e351f160a91cb317740fdfe370e5208dbffd61c72b671a403847a848d0715459,9d51d6125a58792aff99d4d672a2dddaf11b21c0d95427ac05a57d162144f0f0
cga-experiments-v1,eps-p4-d1-k3,epsilon_1,1.0,14,14,bregman_gap,0.001118518415064573,SG12,e351f160a91cb317740fdfe370e5208dbffd61c72b671a403847a848d0715459,9d51d6125a58792aff99d4d672a2dddaf11b21c0d95427ac05a57d162144f0f0
cga-experiments-v1,eps-p4-d1-k3,epsilon_1,1.0,14,14,l2_rel,0.0021917420097440276,SG12,e351f160a91cb317740fdfe370e5208dbffd61c72b671a403847a848d0715459,9d51d6125a58792aff99d4d672a2dddaf11b21c0d95427ac05a57d162144f0f0
cga-experiments-v1,eps-p4-d1-k3,epsilon_1,1.0,14,14,natural_rel,0.0047747999920346815,SG12,e351f160a91cb317740fdfe370e5208dbffd61c72b671a403847a848d0715459,9d51d6125a58792aff99d4d672a2dddaf11b21c0d95427ac05a57d162144f0f0
cga-experiments-v1,eps-p4-d1-k3,epsilon_1,1.0,14,14,w1p_full_rel,0.00477405891454458,SG12,e351f160a91cb317740fdfe370e5208dbffd61c72b671a403847a848d0715459,9d51d6125a58792aff99d4d672a2dddaf11b21c0d95427ac05a57d162144f0f0
cga-experiments-v1,eps-p4-d1-k3,epsilon_1,1.0,14,14,quasi_rel,0.0021603176180354637,SG12,e351f160a91cb317740fdfe370e5208dbffd61c72b671a403847a848d0715459,9d51d6125a58792aff99d4d672a2dddaf11b21c0d95427ac05a57d162144f0f0
cga-experiments-v1,eps-p4-d1-k3,epsilon_1,1.0,15,15,energy_gap_raw,0.001078669018340861,SG12,e351f160a91cb317740fdfe370e5208dbffd61c72b671a403847a848d0715459,9d51d6125a58792aff99d4d672a2dddaf11b21c0d95427ac05a57d162144f0f0
cga-experiments-v1,eps-p4-d1-k3,epsilon_1,1.0,15,15,bregman_gap,0.0010786690184213005,SG12,e351f160a91cb317740fdfe370e5208dbffd61c72b671a403847a848d0715459,9d51d6125a58792aff99d4d672a2dddaf11b21c0d95427ac05a57d162144f0f0
cga-experiments-v1,eps-p4-d1-k3,epsilon_1,1.0,15,15,l2_rel,0.0021859016825497906,SG12,e351f160a91cb317740fdfe370e5208dbffd61c72b671a403847a848d0715459,9d51d6125a58792aff99d4d672a2dddaf11b21c0d95427ac05a57d162144f0f0
cga-experiments-v1,eps-p4-d1-k3,epsilon_1,1.0,15,15,natural_rel,0.004590164714596603,SG12,e351f160a91cb317740fdfe370e5208dbffd61c72b671a403847a848d0715459,9d51d6125a58792aff99d4d672a2dddaf11b21c0d95427ac05a57d162144f0f0
cga-experiments-v1,eps-p4-d1-k3,epsilon_1,1.0,15,15,w1p_full_rel,0.00458945595424847,SG12,e351f160a91cb317740fdfe370e5208dbffd61c72b671a403847a848d0715459,9d51d6125a58792aff99d4d672a2dddaf11b21c0d95427ac05a57d162144f0f0
cga-experiments-v1,eps-p4-d1-k3,epsilon_1,1.0,15,15,quasi_rel,0.002124389619505105,SG12,e351f160a91cb317740fdfe370e5208dbffd61c72b671a403847a848d0715459,9d51d6125a58792aff99d4d672a2dddaf11b21c0d95427ac05a57d162144f0f0
cga-experiments-v1,eps-p4-d1-k3,epsilon_1,1.0,16,16,energy_gap_raw,0.0010577009151120365,SG12,e351f160a91cb317740fdfe370e5208dbffd61c72b671a403847a848d0715459,9d51d6125a58792aff99d4d672a2dddaf11b21c0d95427ac05a57d162144f0f0
cga-experiments-v1,eps-p4-d1-k3,epsilon_1,1.0,16,16,bregman_gap,0.0010577009151133438,SG12,e351f160a91cb317740fdfe370e5208dbffd61c72b671a403847a848d0715459,9d51d6125a58792aff99d4d672a2dddaf11b21c0d95427ac05a57d162144f0f0
cga-experiments-v1,eps-p4-d1-k3,epsilon_1,1.0,16,16,l2_rel,0.002188845809417706,SG12,e351f160a91cb317740fdfe370e5208dbffd61c72b671a403847a848d0715459,9d51d6125a58792aff99d4d672a2dddaf11b21c0d95427ac05a57d162144f0f0
cga-experiments-v1,eps-p4-d1-k3,epsilon_1,1.0,16,16,natural_rel,0.004416182510487647,SG12,e351f160a91cb317740fdfe370e5208dbffd61c72b671a403847a848d0715459,9d51d6125a58792aff99d4d672a2dddaf11b21c0d95427ac05a57d162144f0f0
cga-experiments-v1,eps-p4-d1-k3,epsilon_1,1.0,16,16,w1p_full_rel,0.004415505086967769,SG12,e351f160a91cb317740fdfe370e5208dbffd61c72b671a403847a848d0715459,9d51d6125a58792aff99d4d672a2dddaf11b21c0d95427ac05a57d162144f0f0
cga-experiments-v1,eps-p4-d1-k3,epsilon_1,1.0,16,16,quasi_rel,0.002106428516735363,SG12,e351f160a91cb317740fdfe370e5208dbffd61c72b671a403847a848d0715459,9d51d6125a58792aff99d4d672a2dddaf11b21c0d95427ac05a57d162144f0f0
cga-experiments-v1,eps-p4-d1-k3,epsilon_1,1.0,17,17,energy_gap_raw,0.00034449368610012243,SG12,e351f160a91cb317740fdfe370e5208dbffd61c72b671a403847a848d0715459,9d51d6125a58792aff99d4d672a2dddaf11b21c0d95427ac05a57d162144f0f0
cga-experiments-v1,eps-p4-d1-k3,epsilon_1,1.0,17,17,bregman_gap,0.00034449368612952247,SG12,e351f160a91cb317740fdfe370e5208dbffd61c72b671a403847a848d0715459,9d51d6125a58792aff99d4d672a2dddaf11b21c0d95427ac05a57d162144f0f0
cga-experiments-v1,eps-p4-d1-k3,epsilon_1,1.0,17,17,l2_rel,0.0010709362350052015,SG12,e351f160a91cb317740fdfe370e5208dbffd61c72b671a403847a848d0715459,9d51d6125a58792aff99d4d672a2dddaf11b21c0d95427ac05a57d162144f0f0
cga-experiments-v1,eps-p4-d1-k3,epsilon_1,1.0,17,17,natural_rel,0.0025741689104148654,SG12,e351f160a91cb317740fdfe370e5208dbffd61c72b671a403847a848d0715459,9d51d6125a58792aff99d4d672a2dddaf11b21c0d95427ac05a57d162144f0f0
cga-experiments-v1,eps-p4-d1-k3,epsilon_1,1.0,17,17,w1p_full_rel,0.002573765016861783,SG12,e351f160a91cb317740fdfe370e5208dbffd61c72b671a403847a848d0715459,9d51d6125a58792aff99d4d672a2dddaf11b21c0d95427ac05a57d162144f0f0
cga-experiments-v1,eps-p4-d1-k3,epsilon_1,1.0,17,17,quasi_rel,0.0012033649676725122,SG12,e351f160a91cb317740fdfe370e5208dbffd61c72b671a403847a848d0715459,9d51d6125a58792aff99d4d672a2dddaf11b21c0d95427ac05a57d162144f0f0
cga-experiments-v1,eps-p4-d1-k3,epsilon_1,1.0,18,18,energy_gap_raw,0.000339279063439335,SG12,e351f160a91cb317740fdfe370e5208dbffd61c72b671a403847a848d0715459,9d51d6125a58792aff99d4d672a2dddaf11b21c0d95427ac05a57d162144f0f0
cga-experiments-v1,eps-p4-d1-k3,epsilon_1,1.0,18,18,bregman_gap,0.00033927906338582665,SG12,e351f160a91cb317740fdfe370e5208dbffd61c72b671a403847a848d0715459,9d51d6125a58792aff99d4d672a2dddaf11b21c0d95427ac05a57d162144f0f0
cga-experiments-v1,eps-p4-d1-k3,epsilon_1,1.0,18,18,l2_rel,0.0010703508301949454,SG12,e351f160a91cb317740fdfe370e5208dbffd61c72b671a403847a848d0715459,9d51d6125a58792aff99d4d672a2dddaf11b21c0d95427ac05a57d162144f0f0
cga-experiments-v1,eps-p4-d1-k3,epsilon_1,1.0,18,18,natural_rel,0.0025696256574274296,SG12,e351f160a91cb317740fdfe370e5208dbffd61c72b671a403847a848d0715459,9d51d6125a58792aff99d4d672a2dddaf11b21c0d95427ac05a57d162144f0f0
cga-experiments-v1,eps-p4-d1-k3,epsilon_1,1.0,18,18,w1p_full_rel,0.00256922251093751,SG12,e351f160a91cb317740fdfe370e5208dbffd61c72b671a403847a848d0715459,9d51d6125a58792aff99d4d672a2dddaf11b21c0d95427ac05a57d162144f0f0
cga-experiments-v1,eps-p4-d1-k3,epsilon_1,1.0,18,18,quasi_rel,0.0011945324437298436,SG12,e351f160a91cb317740fdfe370e5208dbffd61c72b671a403847a848d0715459,9d51d6125a58792aff99d4d672a2dddaf11b21c0d95427ac05a57d162144f0f0
cga-experiments-v1,eps-p4-d1-k3,epsilon_1,1.0,19,19,energy_gap_raw,0.00027710107571010667,SG12,e351f160a91cb317740fdfe370e5208dbffd61c72b671a403847a848d0715459,9d51d6125a58792aff99d4d672a2dddaf11b21c0d95427ac05a57d162144f0f0
cga-experiments-v1,eps-p4-d1-k3,epsilon_1,1.0,19,19,bregman_gap,0.0002771010758193282,SG12,e351f160a91cb317740fdfe370e5208dbffd61c72b671a403847a848d0715459,9d51d6125a58792aff99d4d672a2dddaf11b21c0d95427ac05a57d162144f0f0
cga-experiments-v1,eps-p4-d1-k3,epsilon_1,1.0,19,19,l2_rel,0.001266267757127881,SG12,e351f160a91cb317740fdfe370e5208dbffd61c72b671a403847a848d0715459,9d51d6125a58792aff99d4d672a2dddaf11b21c0d95427ac05a57d162144f0f0
cga-experiments-v1,eps-p4-d1-k3,epsilon_1,1.0,19,19,natural_rel,0.0029637431486961375,SG12,e351f160a91cb317740fdfe370e5208dbffd61c72b671a403847a848d0715459,9d51d6125a58792aff99d4d672a2dddaf11b21c0d95427ac05a57d162144f0f0
cga-experiments-v1,eps-p4-d1-k3,epsilon_1,1.0,19,19,w1p_full_rel,0.0029632791629156,SG12,e351f160a91cb317740fdfe370e5208dbffd61c72b671a403847a848d0715459,9d51d6125a58792aff99d4d672a2dddaf11b21c0d95427ac05a57d162144f0f0
cga-experiments-v1,eps-p4-d1-k3,epsilon_1,1.0,19,19,quasi_rel,0.0010681342262849123,SG12,e351f160a91cb317740fdfe370e5208dbffd61c72b671a403847a848d0715459,9d51d6125a58792aff99d4d672a2dddaf11b21c0d95427ac05a57d162144f0f0
cga-experiments-v1,eps-p4-d1-k3,epsilon_1,1.0,20,20,energy_gap_raw,0.0002760366111260737,SG12,e351f160a91cb317740fdfe370e5208dbffd61c72b671a403847a848d0715459,9d51d6125a58792aff99d4d672a2dddaf11b21c0d95427ac05a57d162144f0f0
cga-experiments-v1,eps-p4-d1-k3,epsilon_1,1.0,20,20,bregman_gap,0.0002760366111298793,SG12,e351f160a91cb317740fdfe370e5208dbffd61c72b671a403847a848d0715459,9d51d6125a58792aff99d4d672a2dddaf11b21c0d95427ac05a57d162144f0f0
cga-experiments-v1,eps-p4-d1-k3,epsilon_1,1.0,20,20,l2_rel,0.0012673492974860834,SG12,e351f160a91cb317740fdfe370e5208dbffd61c72b671a403847a848d0715459,9d51d6125a58792aff99d4d672a2dddaf11b21c0d95427ac05a57d162144f0f0
cga-experiments-v1,eps-p4-d1-k3,epsilon_1,1.0,20,20,natural_rel,0.0029649663374570023,SG12,e351f160a91cb317740fdfe370e5208dbffd61c72b671a403847a848d0715459,9d51d6125a58792aff99d4d672a2dddaf11b21c0d95427ac05a57d162144f0f0
cga-experiments-v1,eps-p4-d1-k3,epsilon_1,1.0,20,20,w1p_full_rel,0.002964502180485473,SG12,e351f160a91cb317740fdfe370e5208dbffd61c72b671a403847a848d0715459,9d51d6125a58792aff99d4d672a2dddaf11b21c0d95427ac05a57d162144f0f0
cga-experiments-v1,eps-p4-d1-k3,epsilon_1,1.0,20,20,quasi_rel,0.00106578965625004,SG12,e351f160a91cb317740fdfe370e5208dbffd61c72b671a403847a848d0715459,9d51d6125a58792aff99d4d672a2dddaf11b21c0d95427ac05a57d162144f0f0
cga-experiments-v1,eps-p4-d1-k3,epsilon_1,1.0,21,21,energy_gap_raw,0.00027252136118249837,SG12,e351f160a91cb317740fdfe370e5208dbffd61c72b671a403847a848d0715459,9d51d6125a58792aff99d4d672a2dddaf11b21c0d95427ac05a57d162144f0f0
cga-experiments-v1,eps-p4-d1-k3,epsilon_1,1.0,21,21,bregman_gap,0.0002725213613410681,SG12,e351f160a91cb317740fdfe370e5208dbffd61c72b671a403847a848d0715459,9d51d6125a58792aff99d4d672a2dddaf11b21c0d95427ac05a57d162144f0f0
cga-experiments-v1,eps-p4-d1-k3,epsilon_1,1.0,21,21,l2_rel,0.0012669277595052934,SG12,e351f160a91cb317740fdfe370e5208dbffd61c72b671a403847a848d0715459,9d51d6125a58792aff99d4d672a2dddaf11b21c0d95427ac05a57d162144f0f0
cga-experiments-v1,eps-p4-d1-k3,epsilon_1,1.0,21,21,natural_rel,0.0029653002777399436,SG12,e351f160a91cb317740fdfe370e5208dbffd61c72b671a403847a848d0715459,9d51d6125a58792aff99d4d672a2dddaf11b21c0d95427ac05a57d162144f0f0
cga-experiments-v1,eps-p4-d1-k3,epsilon_1,1.0,21,21,w1p_full_rel,0.002964836046474574,SG12,e351f160a91cb317740fdfe370e5208dbffd61c72b671a403847a848d0715459,9d51d6125a58792aff99d4d672a2dddaf11b21c0d95427ac05a57d162144f0f0
cga-experiments-v1,eps-p4-d1-k3,epsilon_1,1.0,21,21,quasi_rel,0.0010588948804548545,SG12,e351f160a91cb317740fdfe370e5208dbffd61c72b671a403847a848d0715459,9d51d6125a58792aff99d4d672a2dddaf11b21c0d95427ac05a57d162144f0f0
cga-experiments-v1,eps-p4-d1-k3,epsilon_1,1.0,22,22,energy_gap_raw,3.805340787721434e-05,SG12,e351f160a91cb317740fdfe370e5208dbffd61c72b671a403847a848d0715459,9d51d6125a58792aff99d4d672a2dddaf11b21c0d95427ac05a57d162144f0f0
cga-experiments-v1,eps-p4-d1-k3,epsilon_1,1.0,22,22,bregman_gap,3.805340786387719e-05,SG12,e351f160a91cb317740fdfe370e5208dbffd61c72b671a403847a848d0715459,9d51d6125a58792aff99d4d672a2dddaf11b21c0d95427ac05a57d162144f0f0
cga-experiments-v1,eps-p4-d1-k3,epsilon_1,1.0,22,22,l2_rel,6.758768118852994e-05,SG12,e351f160a91cb317740fdfe370e5208dbffd61c72b671a403847a848d0715459,9d51d6125a58792aff99d4d672a2dddaf11b21c0d95427ac05a57d162144f0f0
cga-experiments-v1,eps-p4-d1-k3,epsilon_1,1.0,22,22,natural_rel,0.00047325778682605167,SG12,e351f160a91cb317740fdfe370e5208dbffd61c72b671a403847a848d0715459,9d51d6125a58792aff99d4d672a2dddaf11b21c0d95427ac05a57d162144f0f0
cga-experiments-v1,eps-p4-d1-k3,epsilon_1,1.0,22,22,w1p_full_rel,0.00047318194298510405,SG12,e351f160a91cb317740fdfe370e5208dbffd61c72b671a403847a848d0715459,9d51d6125a58792aff99d4d672a2dddaf11b21c0d95427ac05a57d162144f0f0
cga-experiments-v1,eps-p4-d1-k3,epsilon_1,1.0,22,22,quasi_rel,0.00040491295140327306,SG12,e351f160a91cb317740fdfe370e5208dbffd61c72b671a403847a848d0715459,9d51d6125a58792aff99d4d672a2dddaf11b21c0d95427ac05a57d162144f0f0
cga-experiments-v1,eps-p4-d1-k3,epsilon_1,1.0,23,23,energy_gap_raw,3.1452941641418874e-05,SG12,e351f160a91cb317740fdfe370e5208dbffd61c72b671a403847a848d0715459,9d51d6125a58792aff99d4d672a2dddaf11b21c0d95427ac05a57d162144f0f0
cga-experiments-v1,eps-p4-d1-k3,epsilon_1,1.0,23,23,bregman_gap,3.1452941798696576e-05,SG12,e351f160a91cb317740fdfe370e5208dbffd61c72b671a403847a848d0715459,9d51d6125a58792aff99d4d672a2dddaf11b21c0d95427ac05a57d162144f0f0
cga-experiments-v1,eps-p4-d1-k3,epsilon_1,1.0,23,23,l2_rel,6.0688867136830194e-05,SG12,e351f160a91cb317740fdfe370e5208dbffd61c72b671a403847a848d0715459,9d51d6125a58792aff99d4d672a2dddaf11b21c0d95427ac05a57d162144f0f0
cga-experiments-v1,eps-p4-d1-k3,epsilon_1,1.0,23,23,natural_rel,0.0004436293969144694,SG12,e351f160a91cb317740fdfe370e5208dbffd61c72b671a403847a848d0715459,9d51d6125a58792aff99d4d672a2dddaf11b21c0d95427ac05a57d162144f0f0
cga-experiments-v1,eps-p4-d1-k3,epsilon_1,1.0,23,23,w1p_full_rel,0.00044355829568644905,SG12,e351f160a91cb317740fdfe370e5208dbffd61c72b671a403847a848d0715459,9d51d6125a58792aff99d4d672a2dddaf11b21c0d95427ac05a57d162144f0f0
cga-experiments-v1,eps-p4-d1-k3,epsilon_1,1.0,23,23,quasi_rel,0.000367878619278892,SG12,e351f160a91cb317740fdfe370e5208dbffd61c72b671a403847a848d0715459,9d51d6125a58792aff99d4d672a2dddaf11b21c0d95427ac05a57d162144f0f0
cga-experiments-v1,eps-p4-d1-k3,epsilon_1,1.0,24,24,energy_gap_raw,2.8465186801440723e-05,SG12,e351f160a91cb317740fdfe370e5208dbffd61c72b671a403847a848d0715459,9d51d6125a58792aff99d4d672a2dddaf11b21c0d95427ac05a57d162144f0f0
cga-experiments-v1,eps-p4-d1-k3,epsilon_1,1.0,24,24,bregman_gap,2.8465186850187056e-05,SG12,e351f160a91cb317740fdfe370e5208dbffd61c72b671a403847a848d0715459,9d51d6125a58792aff99d4d672a2dddaf11b21c0d95427ac05a57d162144f0f0
cga-experiments-v1,eps-p4-d1-k3,epsilon_1,1.0,24,24,l2_rel,5.837750492604335e-05,SG12,e351f160a91cb317740fdfe370e5208dbffd61c72b671a403847a848d0715459,9d51d6125a58792aff99d4d672a2dddaf11b21c0d95427ac05a57d162144f0f0
cga-experiments-v1,eps-p4-d1-k3,epsilon_1,1.0,24,24,natural_rel,0.0004414246667120319,SG12,e351f160a91cb317740fdfe370e5208dbffd61c72b671a403847a848d0715459,9d51d6125a58792aff99d4d672a2dddaf11b21c0d95427ac05a57d162144f0f0
cga-experiments-v1,eps-p4-d1-k3,epsilon_1,1.0,24,24,w1p_full_rel,0.0004413539159168066,SG12,e351f160a91cb317740fdfe370e5208dbffd61c72b671a403847a848d0715459,9d51d6125a58792aff99d4d672a2dddaf11b21c0d95427ac05a57d162144f0f0
cga-experiments-v1,eps-p4-d1-k3,epsilon_1,1.0,24,24,quasi_rel,0.0003496539682469038,SG12,e351f160a91cb317740fdfe370e5208dbffd61c72b671a403847a848d0715459,9d51d6125a58792aff99d4d672a2dddaf11b21c0d95427ac05a57d162144f0f0
cga-experiments-v1,eps-p4-d1-k3,epsilon_1,1.0,25,25,energy_gap_raw,2.5426286867968884e-05,SG12,e351f160a91cb317740fdfe370e5208dbffd61c72b671a403847a848d0715459,9d51d6125a58792aff99d4d672a2dddaf11b21c0d95427ac05a57d162144f0f0
cga-experiments-v1,eps-p4-d1-k3,epsilon_1,1.0,25,25,bregman_gap,2.5426286885649148e-05,SG12,e351f160a91cb317740fdfe370e5208dbffd61c72b671a403847a848d0715459,9d51d6125a58792aff99d4d672a2dddaf11b21c0d95427ac05a57d162144f0f0
cga-experiments-v1,eps-p4-d1-k3,epsilon_1,1.0,25,25,l2_rel,5.787655191737563e-05,SG12,e351f160a91cb317740fdfe370e5208dbffd61c72b671a403847a848d0715459,9d51d6125a58792aff99d4d672a2dddaf11b21c0d95427ac05a57d162144f0f0
cga-experiments-v1,eps-p4-d1-k3,epsilon_1,1.0,25,25,natural_rel,0.000440292217508072,SG12,e351f160a91cb317740fdfe370e5208dbffd61c72b671a403847a848d0715459,9d51d6125a58792aff99d4d672a2dddaf11b21c0d95427ac05a57d162144f0f0
cga-experiments-v1,eps-p4-d1-k3,epsilon_1,1.0,25,25,w1p_full_rel,0.0004402216477010085,SG12,e351f160a91cb317740fdfe370e5208dbffd61c72b671a403847a848d0715459,9d51d6125a58792aff99d4d672a2dddaf11b21c0d95427ac05a57d162144f0f0
cga-experiments-v1,eps-p4-d1-k3,epsilon_1,1.0,25,25,quasi_rel,0.0003302091927391759,SG12,e351f160a91cb317740fdfe370e5208dbffd61c72b671a403847a848d0715459,9d51d6125a58792aff99d4d672a2dddaf11b21c0d95427ac05a57d162144f0f0
cga-experiments-v1,eps-p4-d1-k3,epsilon_1,1.0,26,26,energy_gap_raw,2.5389271968379035e-05,SG12,e351f160a91cb317740fdfe370e5208dbffd61c72b671a403847a848d0715459,9d51d6125a58792aff99d4d672a2dddaf11b21c0d95427ac05a57d162144f0f0
cga-experiments-v1,eps-p4-d1-k3,epsilon_1,1.0,26,26,bregman_gap,2.538927196209327e-05,SG12,e351f160a91cb317740fdfe370e5208dbffd61c72b671a403847a848d0715459,9d51d6125a58792aff99d4d672a2dddaf11b21c0d95427ac05a57d162144f0f0
cga-experiments-v1,eps-p4-d1-k3,epsilon_1,1.0,26,26,l2_rel,5.797022091715359e-05,SG12,e351f160a91cb317740fdfe370e5208dbffd61c72b671a403847a848d0715459,9d51d6125a58792aff99d4d672a2dddaf11b21c0d95427ac05a57d162144f0f0
cga-experiments-v1,eps-p4-d1-k3,epsilon_1,1.0,26,26,natural_rel,0.00043914135461914805,SG12,e351f160a91cb317740fdfe370e5208dbffd61c72b671a403847a848d0715459,9d51d6125a58792aff99d4d672a2dddaf11b21c0d95427ac05a57d162144f0f0
cga-experiments-v1,eps-p4-d1-k3,epsilon_1,1.0,26,26,w1p_full_rel,0.0004390709695914281,SG12,e351f160a91cb317740fdfe370e5208dbffd61c72b671a403847a848d0715459,9d51d6125a58792aff99d4d672a2dddaf11b21c0d95427ac05a57d162144f0f0
cga-experiments-v1,eps-p4-d1-k3,epsilon_1,1.0,26,26,quasi_rel,0.00033000101054910577,SG12,e351f160a91cb317740fdfe370e5208dbffd61c72b671a403847a848d0715459,9d51d6125a58792aff99d4d672a2dddaf11b21c0d95427ac05a57d162144f0f0
cga-experiments-v1,eps-p4-d1-k3,epsilon_1,1.0,27,27,energy_gap_raw,2.45775087819311e-05,SG12,e351f160a91cb317740fdfe370e5208dbffd61c72b671a403847a848d0715459,9d51d6125a58792aff99d4d672a2dddaf11b21c0d95427ac05a57d162144f0f0
cga-experiments-v1,eps-p4-d1-k3,epsilon_1,1.0,27,27,bregman_gap,2.4577508845491654e-05,SG12,e351f160a91cb317740fdfe370e5208dbffd61c72b671a403847a848d0715459,9d51d6125a58792aff99d4d672a2dddaf11b21c0d95427ac05a57d162144f0f0
cga-experiments-v1,eps-p4-d1-k3,epsilon_1,1.0,27,27,l2_rel,5.778748345414073e-05,SG12,e351f160a91cb317740fdfe370e5208dbffd61c72b671a403847a848d0715459,9d51d6125a58792aff99d4d672a2dddaf11b21c0d95427ac05a57d162144f0f0
cga-experiments-v1,eps-p4-d1-k3,epsilon_1,1.0,27,27,natural_rel,0.00043829194599716574,SG12,e351f160a91cb317740fdfe370e5208dbffd61c72b671a403847a848d0715459,9d51d6125a58792aff99d4d672a2dddaf11b21c0d95427ac05a57d162144f0f0
cga-experiments-v1,eps-p4-d1-k3,epsilon_1,1.0,27,27,w1p_full_rel,0.00043822169695470535,SG12,e351f160a91cb317740fdfe370e5208dbffd61c72b671a403847a848d0715459,9d51d6125a58792aff99d4d672a2dddaf11b21c0d95427ac05a57d162144f0f0
cga-experiments-v1,eps-p4-d1-k3,epsilon_1,1.0,27,27,quasi_rel,0.00032463444641735157,SG12,e351f160a91cb317740fdfe370e5208dbffd61c72b671a403847a848d0715459,9d51d6125a58792aff99d4d672a2dddaf11b21c0d95427ac05a57d162144f0f0
cga-experiments-v1,eps-p4-d1-k3,epsilon_1,1.0,28,28,energy_gap_raw,2.359712169663908e-05,SG12,e351f160a91cb317740fdfe370e5208dbffd61c72b671a403847a848d0715459,9d51d6125a58792aff99d4d672a2dddaf11b21c0d95427ac05a57d162144f0f0
cga-experiments-v1,eps-p4-d1-k3,epsilon_1,1.0,28,28,bregman_gap,2.359712176011428e-05,SG12,e351f160a91cb317740fdfe370e5208dbffd61c72b671a403847a848d0715459,9d51d6125a58792aff99d4d672a2dddaf11b21c0d95427ac05a57d162144f0f0
cga-experiments-v1,eps-p4-d1-k3,epsilon_1,1.0,28,28,l2_rel,5.820049323186145e-05,SG12,e351f160a91cb317740fdfe370e5208dbffd61c72b671a403847a848d0715459,9d51d6125a58792aff99d4d672a2dddaf11b21c0d95427ac05a57d162144f0f0
cga-experiments-v1,eps-p4-d1-k3,epsilon_1,1.0,28,28,natural_rel,0.00044027462400049954,SG12,e351f160a91cb317740fdfe370e5208dbffd61c72b671a403847a848d0715459,9d51d6125a58792aff99d4d672a2dddaf11b21c0d95427ac05a57d162144f0f0
cga-experiments-v1,eps-p4-d1-k3,epsilon_1,1.0,28,28,w1p_full_rel,0.000440204057398552,SG12,e351f160a91cb317740fdfe370e5208dbffd61c72b671a403847a848d0715459,9d51d6125a58792aff99d4d672a2dddaf11b21c0d95427ac05a57d162144f0f0
cga-experiments-v1,eps-p4-d1-k3,epsilon_1,1.0,28,28,quasi_rel,0.0003179376720115717,SG12,e351f160a91cb317740fdfe370e5208dbffd61c72b671a403847a848d0715459,9d51d6125a58792aff99d4d672a2dddaf11b21c0d95427ac05a57d162144f0f0
cga-experiments-v1,eps-p4-d1-k3,epsilon_1,1.0,29,29,energy_gap_raw,1.0538834658291307e-05,SG12,e351f160a91cb317740fdfe370e5208dbffd61c72b671a403847a848d0715459,9d51d6125a58792aff99d4d672a2dddaf11b21c0d95427ac05a57d162144f0f0
cga-experiments-v1,eps-p4-d1-k3,epsilon_1,1.0,29,29,bregman_gap,1.0538834754988448e-05,SG12,e351f160a91cb317740fdfe370e5208dbffd61c72b671a403847a848d0715459,9d51d6125a58792aff99d4d672a2dddaf11b21c0d95427ac05a57d162144f0f0
cga-experiments-v1,eps-p4-d1-k3,epsilon_1,1.0,29,29,l2_rel,1.4091659382407494e-05,SG12,e351f160a91cb317740fdfe370e5208dbffd61c72b671a403847a848d0715459,9d51d6125a58792aff99d4d672a2dddaf11b21c0d95427ac05a57d162144f0f0
cga-experiments-v1,eps-p4-d1-k3,epsilon_1,1.0,29,29,natural_rel,0.0002854122163477474,SG12,e351f160a91cb317740fdfe370e5208dbffd61c72b671a403847a848d0715459,9d51d6125a58792aff99d4d672a2dddaf11b21c0d95427ac05a57d162144f0f0
cga-experiments-v1,eps-p4-d1-k3,epsilon_1,1.0,29,29,w1p_full_rel,0.0002853664540952001,SG12,e351f160a91cb317740fdfe370e5208dbffd61c72b671a403847a848d0715459,9d51d6125a58792aff99d4d672a2dddaf11b21c0d95427ac05a57d162144f0f0
cga-experiments-v1,eps-p4-d1-k3,epsilon_1,1.0,29,29,quasi_rel,0.00021286757188199916,SG12,e351f160a91cb317740fdfe370e5208dbffd61c72b671a403847a848d0715459,9d51d6125a58792aff99d4d672a2dddaf11b21c0d95427ac05a57d162144f0f0
cga-experiments-v1,eps-p4-d1-k3,epsilon_1,1.0,30,30,energy_gap_raw,9.59975039904748e-06,SG12,e351f160a91cb317740fdfe370e5208dbffd61c72b671a403847a848d0715459,9d51d6125a58792aff99d4d672a2dddaf11b21c0d95427ac05a57d162144f0f0
cga-experiments-v1,eps-p4-d1-k3,epsilon_1,1.0,30,30,bregman_gap,9.599750427488271e-06,SG12,e351f160a91cb317740fdfe370e5208dbffd61c72b671a403847a848d0715459,9d51d6125a58792aff99d4d672a2dddaf11b21c0d95427ac05a57d162144f0f0
cga-experiments-v1,eps-p4-d1-k3,epsilon_1,1.0,30,30,l2_rel,1.4246827119618356e-05,SG12,e351f160a91cb317740fdfe370e5208dbffd61c72b671a403847a848d0715459,9d51d6125a58792aff99d4d672a2dddaf11b21c0d95427ac05a57d162144f0f0
cga-experiments-v1,eps-p4-d1-k3,epsilon_1,1.0,30,30,natural_rel,0.00028295527047812703,SG12,e351f160a91cb317740fdfe370e5208dbffd61c72b671a403847a848d0715459,9d51d6125a58792aff99d4d672a2dddaf11b21c0d95427ac05a57d162144f0f0
cga-experiments-v1,eps-p4-d1-k3,epsilon_1,1.0,30,30,w1p_full_rel,0.00028290990222122766,SG12,e351f160a91cb317740fdfe370e5208dbffd61c72b671a403847a848d0715459,9d51d6125a58792aff99d4d672a2dddaf11b21c0d95427ac05a57d162144f0f0
cga-experiments-v1,eps-p4-d1-k3,epsilon_1,1.0,30,30,quasi_rel,0.00020305852440301555,SG12,e351f160a91cb317740fdfe370e5208dbffd61c72b671a403847a848d0715459,9d51d6125a58792aff99d4d672a2dddaf11b21c0d95427ac05a57d162144f0f0
cga-experiments-v1,eps-p4-d1-k3,epsilon_1,1.0,31,31,energy_gap_raw,3.6457013834478857e-06,SG12,e351f160a91cb317740fdfe370e5208dbffd61c72b671a403847a848d0715459,9d51d6125a58792aff99d4d672a2dddaf11b21c0d95427ac05a57d162144f0f0
cga-experiments-v1,eps-p4-d1-k3,epsilon_1,1.0,31,31,bregman_gap,3.6457015104439455e-06,SG12,e351f160a91cb317740fdfe370e5208dbffd61c72b671a403847a848d0715459,9d51d6125a58792aff99d4d672a2dddaf11b21c0d95427ac05a57d162144f0f0
cga-experiments-v1,eps-p4-d1-k3,epsilon_1,1.0,31,31,l2_rel,4.918739364974922e-05,SG12,e351f160a91cb317740fdfe370e5208dbffd61c72b671a403847a848d0715459,9d51d6125a58792aff99d4d672a2dddaf11b21c0d95427ac05a57d162144f0f0
cga-experiments-v1,eps-p4-d1-k3,epsilon_1,1.0,31,31,natural_rel,0.0003209123003591868,SG12,e351f160a91cb317740fdfe370e5208dbffd61c72b671a403847a848d0715459,9d51d6125a58792aff99d4d672a2dddaf11b21c0d95427ac05a57d162144f0f0
cga-experiments-v1,eps-p4-d1-k3,epsilon_1,1.0,31,31,w1p_full_rel,0.0003208608662985021,SG12,e351f160a91cb317740fdfe370e5208dbffd61c72b671a403847a848d0715459,9d51d6125a58792aff99d4d672a2dddaf11b21c0d95427ac05a57d162144f0f0
cga-experiments-v1,eps-p4-d1-k3,epsilon_1,1.0,31,31,quasi_rel,0.00012378369707748824,SG12,e351f160a91cb317740fdfe370e5208dbffd61c72b671a403847a848d0715459,9d51d6125a58792aff99d4d672a2dddaf11b21c0d95427ac05a57d162144f0f0
cga-experiments-v1,eps-p4-d1-k3,epsilon_1,1.0,32,32,energy_gap_raw,3.4233598285027256e-06,SG12,e351f160a91cb317740fdfe370e5208dbffd61c72b671a403847a848d0715459,9d51d6125a58792aff99d4d672a2dddaf11b21c0d95427ac05a57d162144f0f0
cga-experiments-v1,eps-p4-d1-k3,epsilon_1,1.0,32,32,bregman_gap,3.4233598307069408e-06,SG12,e351f160a91cb317740fdfe370e5208dbffd61c72b671a403847a848d0715459,9d51d6125a58792aff99d4d672a2dddaf11b21c0d95427ac05a57d162144f0f0
cga-experiments-v1,eps-p4-d1-k3,epsilon_1,1.0,32,32,l2_rel,4.92399723671249e-05,SG12,e351f160a91cb317740fdfe370e5208dbffd61c72b671a403847a848d0715459,9d51d6125a58792aff99d4d672a2dddaf11b21c0d95427ac05a57d162144f0f0
cga-experiments-v1,eps-p4-d1-k3,epsilon_1,1.0,32,32,natural_rel,0.00032089823057814074,SG12,e351f160a91cb317740fdfe370e5208dbffd61c72b671a403847a848d0715459,9d51d6125a58792aff99d4d672a2dddaf11b21c0d95427ac05a57d162144f0f0
cga-experiments-v1,eps-p4-d1-k3,epsilon_1,1.0,32,32,w1p_full_rel,0.00032084679883979993,SG12,e351f160a91cb317740fdfe370e5208dbffd61c72b671a403847a848d0715459,9d51d6125a58792aff99d4d672a2dddaf11b21c0d95427ac05a57d162144f0f0
cga-experiments-v1,eps-p4-d1-k3,epsilon_1,1.0,32,32,quasi_rel,0.00011983926048261766,SG12,e351f160a91cb317740fdfe370e5208dbffd61c72b671a403847a848d0715459,9d51d6125a58792aff99d4d672a2dddaf11b21c0d95427ac05a57d162144f0f0
cga-experiments-v1,eps-p4-d1-k3,epsilon_01,0.1,1,1,energy_gap_raw,313.98508460341577,SG12,327ec1f128a50a5d77ead82df41f105b5ecc6f7e24779e867fd8f93e72f56f42,a833aa8251d4985c781cb0cd787c7c1ebca8706c7acf628746c9085baf64f232
cga-experiments-v1,eps-p4-d1-k3,epsilon_01,0.1,1,1,bregman_gap,313.9850846034157,SG12,327ec1f128a50a5d77ead82df41f105b5ecc6f7e24779e867fd8f93e72f56f42,a833aa8251d4985c781cb0cd787c7c1ebca8706c7acf628746c9085baf64f232
cga-experiments-v1,eps-p4-d1-k3,epsilon_01,0.1,1,1,l2_rel,0.9657765674309996,SG12,327ec1f128a50a5d77ead82df41f105b5ecc6f7e24779e867fd8f93e72f56f42,a833aa8251d4985c781cb0cd787c7c1ebca8706c7acf628746c9085baf64f232
cga-experiments-v1,eps-p4-d1-k3,epsilon_01,0.1,1,1,natural_rel,0.9096944271872527,SG12,327ec1f128a50a5d77ead82df41f105b5ecc6f7e24779e867fd8f93e72f56f42,a833aa8251d4985c781cb0cd787c7c1ebca8706c7acf628746c9085baf64f232
cga-experiments-v1,eps-p4-d1-k3,epsilon_01,0.1,1,1,w1p_full_rel,0.9098546660517302,SG12,327ec1f128a50a5d77ead82df41f105b5ecc6f7e24779e867fd8f93e72f56f42,a833aa8251d4985c781cb0cd787c7c1ebca8706c7acf628746c9085baf64f232
cga-experiments-v1,eps-p4-d1-k3,epsilon_01,0.1,1,1,quasi_rel,0.9324705516604487,SG12,327ec1f128a50a5d77ead82df41f105b5ecc6f7e24779e867fd8f93e72f56f42,a833aa8251d4985c781cb0cd787c7c1ebca8706c7acf628746c9085baf64f232
cga-experiments-v1,eps-p4-d1-k3,epsilon_01,0.1,2,2,energy_gap_raw,186.11151186991145,SG12,327ec1f128a50a5d77ead82df41f105b5ecc6f7e24779e867fd8f93e72f56f42,a833aa8251d4985c781cb0cd787c7c1ebca8706c7acf628746c9085baf64f232
cga-experiments-v1,eps-p4-d1-k3,epsilon_01,0.1,2,2,bregman_gap,186.11151186991145,SG12,327ec1f128a50a5d77ead82df41f105b5ecc6f7e24779e867fd8f93e72f56f42,a833aa8251d4985c781cb0cd787c7c1ebca8706c7acf628746c9085baf64f232
cga-experiments-v1,eps-p4-d1-k3,epsilon_01,0.1,2,2,l2_rel,0.4014317109125755,SG12,327ec1f128a50a5d77ead82df41f105b5ecc6f7e24779e867fd8f93e72f56f42,a833aa8251d4985c781cb0cd787c7c1ebca8706c7acf628746c9085baf64f232
cga-experiments-v1,eps-p4-d1-k3,epsilon_01,0.1,2,2,natural_rel,0.6777031546819094,SG12,327ec1f128a50a5d77ead82df41f105b5ecc6f7e24779e867fd8f93e72f56f42,a833aa8251d4985c781cb0cd787c7c1ebca8706c7acf628746c9085baf64f232
cga-experiments-v1,eps-p4-d1-k3,epsilon_01,0.1,2,2,w1p_full_rel,0.6776094407428931,SG12,327ec1f128a50a5d77ead82df41f105b5ecc6f7e24779e867fd8f93e72f56f42,a833aa8251d4985c781cb0cd787c7c1ebca8706c7acf628746c9085baf64f232
cga-experiments-v1,eps-p4-d1-k3,epsilon_01,0.1,2,2,quasi_rel,0.8914607108613344,SG12,327ec1f128a50a5d77ead82df41f105b5ecc6f7e24779e867fd8f93e72f56f42,a833aa8251d4985c781cb0cd787c7c1ebca8706c7acf628746c9085baf64f232
cga-experiments-v1,eps-p4-d1-k3,epsilon_01,0.1,3,3,energy_gap_raw,109.75943123225483,SG12,327ec1f128a50a5d77ead82df41f105b5ecc6f7e24779e867fd8f93e72f56f42,a833aa8251d4985c781cb0cd787c7c1ebca8706c7acf628746c9085baf64f232
cga-experiments-v1,eps-p4-d1-k3,epsilon_01,0.1,3,3,bregman_gap,109.7594312322548,SG12,327ec1f128a50a5d77ead82df41f105b5ecc6f7e24779e867fd8f93e72f56f42,a833aa8251d4985c781cb0cd787c7c1ebca8706c7acf628746c9085baf64f232
cga-experiments-v1,eps-p4-d1-k3,epsilon_01,0.1,3,3,l2_rel,0.4120817785443296,SG12,327ec1f128a50a5d77ead82df41f105b5ecc6f7e24779e867fd8f93e72f56f42,a833aa8251d4985c781cb0cd787c7c1ebca8706c7acf628746c9085baf64f232
cga-experiments-v1,eps-p4-d1-k3,epsilon_01,0.1,3,3,natural_rel,0.5914460238422813,SG12,327ec1f128a50a5d77ead82df41f105b5ecc6f7e24779e867fd8f93e72f56f42,a833aa8251d4985c781cb0cd787c7c1ebca8706c7acf628746c9085baf64f232
cga-experiments-v1,eps-p4-d1-k3,epsilon_01,0.1,3,3,w1p_full_rel,0.5913811560270271,SG12,327ec1f128a50a5d77ead82df41f105b5ecc6f7e24779e867fd8f93e72f56f42,a833aa8251d4985c781cb0cd787c7c1ebca8706c7acf628746c9085baf64f232
cga-experiments-v1,eps-p4-d1-k3,epsilon_01,0.1,3,3,quasi_rel,0.6856328044112674,SG12,327ec1f128a50a5d77ead82df41f105b5ecc6f7e24779e867fd8f93e72f56f42,a833aa8251d4985c781cb0cd787c7c1ebca8706c7acf628746c9085baf64f232
cga-experiments-v1,eps-p4-d1-k3,epsilon_01,0.1,4,4,energy_gap_raw,30.88409608527502,SG12,327ec1f128a50a5d77ead82df41f105b5ecc6f7e24779e867fd8f93e72f56f42,a833aa8251d4985c781cb0cd787c7c1ebca8706c7acf628746c9085baf64f232
cga-experiments-v1,eps-p4-d1-k3,epsilon_01,0.1,4,4,bregman_gap,30.88409608527502,SG12,327ec1f128a50a5d77ead82df41f105b5ecc6f7e24779e867fd8f93e72f56f42,a833aa8251d4985c781cb0cd787c7c1ebca8706c7acf628746c9085baf64f232
cga-experiments-v1,eps-p4-d1-k3,epsilon_01,0.1,4,4,l2_rel,0.13965797443563827,SG12,327ec1f128a50a5d77ead82df41f105b5ecc6f7e24779e867fd8f93e72f56f42,a833aa8251d4985c781cb0cd787c7c1ebca8706c7acf628746c9085baf64f232
cga-experiments-v1,eps-p4-d1-k3,epsilon_01,0.1,4,4,natural_rel,0.3681962416442859,SG12,327ec1f128a50a5d77ead82df41f105b5ecc6f7e24779e867fd8f93e72f56f42,a833aa8251d4985c781cb0cd787c7c1ebca8706c7acf628746c9085baf64f232
cga-experiments-v1,eps-p4-d1-k3,epsilon_01,0.1,4,4,w1p_full_rel,0.3681389439747814,SG12,327ec1f128a50a5d77ead82df41f105b5ecc6f7e24779e867fd8f93e72f56f42,a833aa8251d4985c781cb0cd787c7c1ebca8706c7acf628746c9085baf64f232
cga-experiments-v1,eps-p4-d1-k3,epsilon_01,0.1,4,4,quasi_rel,0.36731770023670524,SG12,327ec1f128a50a5d77ead82df41f105b5ecc6f7e24779e867fd8f93e72f56f42,a833aa8251d4985c781cb0cd787c7c1ebca8706c7acf628746c9085baf64f232
cga-experiments-v1,eps-p4-d1-k3,epsilon_01,0.1,5,5,energy_gap_raw,16.1662055487202,SG12,327ec1f128a50a5d77ead82df41f105b5ecc6f7e24779e867fd8f93e72f56f42,a833aa8251d4985c781cb0cd787c7c1ebca8706c7acf628746c9085baf64f232
cga-experiments-v1,eps-p4-d1-k3,epsilon_01,0.1,5,5,bregman_gap,16.1662055487202,SG12,327ec1f128a50a5d77ead82df41f105b5ecc6f7e24779e867fd8f93e72f56f42,a833aa8251d4985c781cb0cd787c7c1ebca8706c7acf628746c9085baf64f232
cga-experiments-v1,eps-p4-d1-k3,epsilon_01,0.1,5,5,l2_rel,0.17639625546379092,SG12,327ec1f128a50a5d77ead82df41f105b5ecc6f7e24779e867fd8f93e72f56f42,a833aa8251d4985c781cb0cd787c7c1ebca8706c7acf628746c9085baf64f232
cga-experiments-v1,eps-p4-d1-k3,epsilon_01,0.1,5,5,natural_rel,0.3185126288921283,SG12,327ec1f128a50a5d77ead82df41f105b5ecc6f7e24779e867fd8f93e72f56f42,a833aa8251d4985c781cb0cd787c7c1ebca8706c7acf628746c9085baf64f232
cga-experiments-v1,eps-p4-d1-k3,epsilon_01,0.1,5,5,w1p_full_rel,0.318466632347197,SG12,327ec1f128a50a5d77ead82df41f105b5ecc6f7e24779e867fd8f93e72f56f42,a833aa8251d4985c781cb0cd787c7c1ebca8706c7acf628746c9085baf64f232
cga-experiments-v1,eps-p4-d1-k3,epsilon_01,0.1,5,5,quasi_rel,0.2660066517162252,SG12,327ec1f128a50a5d77ead82df41f105b5ecc6f7e24779e867fd8f93e72f56f42,a833aa8251d4985c781cb0cd787c7c1ebca8706c7acf628746c9085baf64f232
cga-experiments-v1,eps-p4-d1-k3,epsilon_01,0.1,6,6,energy_gap_raw,0.1313072215983766,SG12,327ec1f128a50a5d77ead82df41f105b5ecc6f7e24779e867fd8f93e72f56f42,a833aa8251d4985c781cb0cd787c7c1ebca8706c7acf628746c9085baf64f232
cga-experiments-v1,eps-p4-d1-k3,epsilon_01,0.1,6,6,bregman_gap,0.13130722159838384,SG12,327ec1f128a50a5d77ead82df41f105b5ecc6f7e24779e867fd8f93e72f56f42,a833aa8251d4985c781cb0cd787c7c1ebca8706c7acf628746c9085baf64f232
cga-experiments-v1,eps-p4-d1-k3,epsilon_01,0.1,6,6,l2_rel,0.025170131735951475,SG12,327ec1f128a50a5d77ead82df41f105b5ecc6f7e24779e867fd8f93e72f56f42,a833aa8251d4985c781cb0cd787c7c1ebca8706c7acf628746c9085baf64f232
cga-experiments-v1,eps-p4-d1-k3,epsilon_01,0.1,6,6,natural_rel,0.04548281634010327,SG12,327ec1f128a50a5d77ead82df41f105b5ecc6f7e24779e867fd8f93e72f56f42,a833aa8251d4985c781cb0cd787c7c1ebca8706c7acf628746c9085baf64f232
cga-experiments-v1,eps-p4-d1-k3,epsilon_01,0.1,6,6,w1p_full_rel,0.045476053623909184,SG12,327ec1f128a50a5d77ead82df41f105b5ecc6f7e24779e867fd8f93e72f56f42,a833aa8251d4985c781cb0cd787c7c1ebca8706c7acf628746c9085baf64f232
cga-experiments-v1,eps-p4-d1-k3,epsilon_01,0.1,6,6,quasi_rel,0.024182273142496175,SG12,327ec1f128a50a5d77ead82df41f105b5ecc6f7e24779e867fd8f93e72f56f42,a833aa8251d4985c781cb0cd787c7c1ebca8706c7acf628746c9085baf64f232
cga-experiments-v1,eps-p4-d1-k3,epsilon_01,0.1,7,7,energy_gap_raw,0.10835296505069891,SG12,327ec1f128a50a5d77ead82df41f105b5ecc6f7e24779e867fd8f93e72f56f42,a833aa8251d4985c781cb0cd787c7c1ebca8706c7acf628746c9085baf64f232
cga-experiments-v1,eps-p4-d1-k3,epsilon_01,0.1,7,7,bregman_gap,0.10835296505065978,SG12,327ec1f128a50a5d77ead82df41f105b5ecc6f7e24779e867fd8f93e72f56f42,a833aa8251d4985c781cb0cd787c7c1ebca8706c7acf628746c9085baf64f232
cga-experiments-v1,eps-p4-d1-k3,epsilon_01,0.1,7,7,l2_rel,0.02375570789782379,SG12,327ec1f128a50a5d77ead82df41f105b5ecc6f7e24779e867fd8f93e72f56f42,a833aa8251d4985c781cb0cd787c7c1ebca8706c7acf628746c9085baf64f232
cga-experiments-v1,eps-p4-d1-k3,epsilon_01,0.1,7,7,natural_rel,0.033779735103845,SG12,327ec1f128a50a5d77ead82df41f105b5ecc6f7e24779e867fd8f93e72f56f42,a833aa8251d4985c781cb0cd787c7c1ebca8706c7acf628746c9085baf64f232
cga-experiments-v1,eps-p4-d1-k3,epsilon_01,0.1,7,7,w1p_full_rel,0.033775324603516274,SG12,327ec1f128a50a5d77ead82df41f105b5ecc6f7e24779e867fd8f93e72f56f42,a833aa8251d4985c781cb0cd787c7c1ebca8706c7acf628746c9085baf64f232
cga-experiments-v1,eps-p4-d1-k3,epsilon_01,0.1,7,7,quasi_rel,0.02198209070606646,SG12,327ec1f128a50a5d77ead82df41f105b5ecc6f7e24779e867fd8f93e72f56f42,a833aa8251d4985c781cb0cd787c7c1ebca8706c7acf628746c9085baf64f232
cga-experiments-v1,eps-p4-d1-k3,epsilon_01,0.1,8,8,energy_gap_raw,0.023107577545033564,SG12,327ec1f128a50a5d77ead82df41f105b5ecc6f7e24779e867fd8f93e72f56f42,a833aa8251d4985c781cb0cd787c7c1ebca8706c7acf628746c9085baf64f232
cga-experiments-v1,eps-p4-d1-k3,epsilon_01,0.1,8,8,bregman_gap,0.023107577544998956,SG12,327ec1f128a50a5d77ead82df41f105b5ecc6f7e24779e867fd8f93e72f56f42,a833aa8251d4985c781cb0cd787c7c1ebca8706c7acf628746c9085baf64f232
cga-experiments-v1,eps-p4-d1-k3,epsilon_01,0.1,8,8,l2_rel,0.005982763176832479,SG12,327ec1f128a50a5d77ead82df41f105b5ecc6f7e24779e867fd8f93e72f56f42,a833aa8251d4985c781cb0cd787c7c1ebca8706c7acf628746c9085baf64f232
cga-experiments-v1,eps-p4-d1-k3,epsilon_01,0.1,8,8,natural_rel,0.03502885371004664,SG12,327ec1f128a50a5d77ead82df41f105b5ecc6f7e24779e867fd8f93e72f56f42,a833aa8251d4985c781cb0cd787c7c1ebca8706c7acf628746c9085baf64f232
cga-experiments-v1,eps-p4-d1-k3,epsilon_01,0.1,8,8,w1p_full_rel,0.03502324143586824,SG12,327ec1f128a50a5d77ead82df41f105b5ecc6f7e24779e867fd8f93e72f56f42,a833aa8251d4985c781cb0cd787c7c1ebca8706c7acf628746c9085baf64f232
cga-experiments-v1,eps-p4-d1-k3,epsilon_01,0.1,8,8,quasi_rel,0.010159762081015824,SG12,327ec1f128a50a5d77ead82df41f105b5ecc6f7e24779e867fd8f93e72f56f42,a833aa8251d4985c781cb0cd787c7c1ebca8706c7acf628746c9085baf64f232
cga-experiments-v1,eps-p4-d1-k3,epsilon_01,0.1,9,9,energy_gap_raw,0.01457192732891599,SG12,327ec1f128a50a5d77ead82df41f105b5ecc6f7e24779e867fd8f93e72f56f42,a833aa8251d4985c781cb0cd787c7c1ebca8706c7acf628746c9085baf64f232
cga-experiments-v1,eps-p4-d1-k3,epsilon_01,0.1,9,9,bregman_gap,0.01457192732894238,SG12,327ec1f128a50a5d77ead82df41f105b5ecc6f7e24779e867fd8f93e72f56f42,a833aa8251d4985c781cb0cd787c7c1ebca8706c7acf628746c9085baf64f232
cga-experiments-v1,eps-p4-d1-k3,epsilon_01,0.1,9,9,l2_rel,0.00707034978312943,SG12,327ec1f128a50a5d77ead82df41f105b5ecc6f7e24779e867fd8f93e72f56f42,a833aa8251d4985c781cb0cd787c7c1ebca8706c7acf628746c9085baf64f232
cga-experiments-v1,eps-p4-d1-k3,epsilon_01,0.1,9,9,natural_rel,0.01534824835047443,SG12,327ec1f128a50a5d77ead82df41f105b5ecc6f7e24779e867fd8f93e72f56f42,a833aa8251d4985c781cb0cd787c7c1ebca8706c7acf628746c9085baf64f232
cga-experiments-v1,eps-p4-d1-k3,epsilon_01,0.1,9,9,w1p_full_rel,0.015345873741531539,SG12,327ec1f128a50a5d77ead82df41f105b5ecc6f7e24779e867fd8f93e72f56f42,a833aa8251d4985c781cb0cd787c7c1ebca8706c7acf628746c9085baf64f232
cga-experiments-v1,eps-p4-d1-k3,epsilon_01,0.1,9,9,quasi_rel,0.008099343219560195,SG12,327ec1f128a50a5d77ead82df41f105b5ecc6f7e24779e867fd8f93e72f56f42,a833aa8251d4985c781cb0cd787c7c1ebca8706c7acf628746c9085baf64f232
cga-experiments-v1,eps-p4-d1-k3,epsilon_01,0.1,10,10,energy_gap_raw,0.013909275215723937,SG12,327ec1f128a50a5d77ead82df41f105b5ecc6f7e24779e867fd8f93e72f56f42,a833aa8251d4985c781cb0cd787c7c1ebca8706c7acf628746c9085baf64f232
cga-experiments-v1,eps-p4-d1-k3,epsilon_01,0.1,10,10,bregman_gap,0.013909275215721604,SG12,327ec1f128a50a5d77ead82df41f105b5ecc6f7e24779e867fd8f93e72f56f42,a833aa8251d4985c781cb0cd787c7c1ebca8706c7acf628746c9085baf64f232
cga-experiments-v1,eps-p4-d1-k3,epsilon_01,0.1,10,10,l2_rel,0.00752676664845804,SG12,327ec1f128a50a5d77ead82df41f105b5ecc6f7e24779e867fd8f93e72f56f42,a833aa8251d4985c781cb0cd787c7c1ebca8706c7acf628746c9085baf64f232
cga-experiments-v1,eps-p4-d1-k3,epsilon_01,0.1,10,10,natural_rel,0.015876204827218295,SG12,327ec1f128a50a5d77ead82df41f105b5ecc6f7e24779e867fd8f93e72f56f42,a833aa8251d4985c781cb0cd787c7c1ebca8706c7acf628746c9085baf64f232
cga-experiments-v1,eps-p4-d1-k3,epsilon_01,0.1,10,10,w1p_full_rel,0.015873758008468655,SG12,327ec1f128a50a5d77ead82df41f105b5ecc6f7e24779e867fd8f93e72f56f42,a833aa8251d4985c781cb0cd787c7c1ebca8706c7acf628746c9085baf64f232
cga-experiments-v1,eps-p4-d1-k3,epsilon_01,0.1,10,10,quasi_rel,0.007906409025058946,SG12,327ec1f128a50a5d77ead82df41f105b5ecc6f7e24779e867fd8f93e72f56f42,a833aa8251d4985c781cb0cd787c7c1ebca8706c7acf628746c9085baf64f232
cga-experiments-v1,eps-p4-d1-k3,epsilon_01,0.1,11,11,energy_gap_raw,0.008971179045715871,SG12,327ec1f128a50a5d77ead82df41f105b5ecc6f7e24779e867fd8f93e72f56f42,a833aa8251d4985c781cb0cd787c7c1ebca8706c7acf628746c9085baf64f232
cga-experiments-v1,eps-p4-d1-k3,epsilon_01,0.1,11,11,bregman_gap,0.008971179045674071,SG12,327ec1f128a50a5d77ead82df41f105b5ecc6f7e24779e867fd8f93e72f56f42,a833aa8251d4985c781cb0cd787c7c1ebca8706c7acf628746c9085baf64f232
cga-experiments-v1,eps-p4-d1-k3,epsilon_01,0.1,11,11,l2_rel,0.005057989753328901,SG12,327ec1f128a50a5d77ead82df41f105b5ecc6f7e24779e867fd8f93e72f56f42,a833aa8251d4985c781cb0cd787c7c1ebca8706c7acf628746c9085baf64f232
cga-experiments-v1,eps-p4-d1-k3,epsilon_01,0.1,11,11,natural_rel,0.010349881667290695,SG12,327ec1f128a50a5d77ead82df41f105b5ecc6f7e24779e867fd8f93e72f56f42,a833aa8251d4985c781cb0cd787c7c1ebca8706c7acf628746c9085baf64f232
cga-experiments-v1,eps-p4-d1-k3,epsilon_01,0.1,11,11,w1p_full_rel,0.010348293099235939,SG12,327ec1f128a50a5d77ead82df41f105b5ecc6f7e24779e867fd8f93e72f56f42,a833aa8251d4985c781cb0cd787c7c1ebca8706c7acf628746c9085baf64f232
cga-experiments-v1,eps-p4-d1-k3,epsilon_01,0.1,11,11,quasi_rel,0.006383594526868564,SG12,327ec1f128a50a5d77ead82df41f105b5ecc6f7e24779e867fd8f93e72f56f42,a833aa8251d4985c781cb0cd787c7c1ebca8706c7acf628746c9085baf64f232
cga-experiments-v1,eps-p4-d1-k3,epsilon_01,0.1,12,12,energy_gap_raw,0.002643555814870524,SG12,327ec1f128a50a5d77ead82df41f105b5ecc6f7e24779e867fd8f93e72f56f42,a833aa8251d4985c781cb0cd787c7c1ebca8706c7acf628746c9085baf64f232
cga-experiments-v1,eps-p4-d1-k3,epsilon_01,0.1,12,12,bregman_gap,0.0026435558148688245,SG12,327ec1f128a50a5d77ead82df41f105b5ecc6f7e24779e867fd8f93e72f56f42,a833aa8251d4985c781cb0cd787c7c1ebca8706c7acf628746c9085baf64f232
cga-experiments-v1,eps-p4-d1-k3,epsilon_01,0.1,12,12,l2_rel,0.0014860917660937437,SG12,327ec1f128a50a5d77ead82df41f105b5ecc6f7e24779e867fd8f93e72f56f42,a833aa8251d4985c781cb0cd787c7c1ebca8706c7acf628746c9085baf64f232
cga-experiments-v1,eps-p4-d1-k3,epsilon_01,0.1,12,12,natural_rel,0.0057451999085974155,SG12,327ec1f128a50a5d77ead82df41f105b5ecc6f7e24779e867fd8f93e72f56f42,a833aa8251d4985c781cb0cd787c7c1ebca8706c7acf628746c9085baf64f232
cga-experiments-v1,eps-p4-d1-k3,epsilon_01,0.1,12,12,w1p_full_rel,0.005744282147539928,SG12,327ec1f128a50a5d77ead82df41f105b5ecc6f7e24779e867fd8f93e72f56f42,a833aa8251d4985c781cb0cd787c7c1ebca8706c7acf628746c9085baf64f232
cga-experiments-v1,eps-p4-d1-k3,epsilon_01,0.1,12,12,quasi_rel,0.003470012761518434,SG12,327ec1f128a50a5d77ead82df41f105b5ecc6f7e24779e867fd8f93e72f56f42,a833aa8251d4985c781cb0cd787c7c1ebca8706c7acf628746c9085baf64f232
cga-experiments-v1,eps-p4-d1-k3,epsilon_01,0.1,13,13,energy_gap_raw,0.0010958833902350307,SG12,327ec1f128a50a5d77ead82df41f105b5ecc6f7e24779e867fd8f93e72f56f42,a833aa8251d4985c781cb0cd787c7c1ebca8706c7acf628746c9085baf64f232
cga-experiments-v1,eps-p4-d1-k3,epsilon_01,0.1,13,13,bregman_gap,0.0010958833902775355,SG12,327ec1f128a50a5d77ead82df41f105b5ecc6f7e24779e867fd8f93e72f56f42,a833aa8251d4985c781cb0cd787c7c1ebca8706c7acf628746c9085baf64f232
cga-experiments-v1,eps-p4-d1-k3,epsilon_01,0.1,13,13,l2_rel,0.002673695429110738,SG12,327ec1f128a50a5d77ead82df41f105b5ecc6f7e24779e867fd8f93e72f56f42,a833aa8251d4985c781cb0cd787c7c1ebca8706c7acf628746c9085baf64f232
cga-experiments-v1,eps-p4-d1-k3,epsilon_01,0.1,13,13,natural_rel,0.005604784784249199,SG12,327ec1f128a50a5d77ead82df41f105b5ecc6f7e24779e867fd8f93e72f56f42,a833aa8251d4985c781cb0cd787c7c1ebca8706c7acf628746c9085baf64f232
cga-experiments-v1,eps-p4-d1-k3,epsilon_01,0.1,13,13,w1p_full_rel,0.005603919367640884,SG12,327ec1f128a50a5d77ead82df41f105b5ecc6f7e24779e867fd8f93e72f56f42,a833aa8251d4985c781cb0cd787c7c1ebca8706c7acf628746c9085baf64f232
cga-experiments-v1,eps-p4-d1-k3,epsilon_01,0.1,13,13,quasi_rel,0.002233737324805964,SG12,327ec1f128a50a5d77ead82df41f105b5ecc6f7e24779e867fd8f93e72f56f42,a833aa8251d4985c781cb0cd787c7c1ebca8706c7acf628746c9085baf64f232
cga-experiments-v1,eps-p4-d1-k3,epsilon_01,0.1,14,14,energy_gap_raw,0.0010595004082460946,SG12,327ec1f128a50a5d77ead82df41f105b5ecc6f7e24779e867fd8f93e72f56f42,a833aa8251d4985c781cb0cd787c7c1ebca8706c7acf628746c9085baf64f232
cga-experiments-v1,eps-p4-d1-k3,epsilon_01,0.1,14,14,bregman_gap,0.0010595004082381326,SG12,327ec1f128a50a5d77ead82df41f105b5ecc6f7e24779e867fd8f93e72f56f42,a833aa8251d4985c781cb0cd787c7c1ebca8706c7acf628746c9085baf64f232
cga-experiments-v1,eps-p4-d1-k3,epsilon_01,0.1,14,14,l2_rel,0.0026783163127482765,SG12,327ec1f128a50a5d77ead82df41f105b5ecc6f7e24779e867fd8f93e72f56f42,a833aa8251d4985c781cb0cd787c7c1ebca8706c7acf628746c9085baf64f232
cga-experiments-v1,eps-p4-d1-k3,epsilon_01,0.1,14,14,natural_rel,0.005202848991280376,SG12,327ec1f128a50a5d77ead82df41f105b5ecc6f7e24779e867fd8f93e72f56f42,a833aa8251d4985c781cb0cd787c7c1ebca8706c7acf628746c9085baf64f232
cga-experiments-v1,eps-p4-d1-k3,epsilon_01,0.1,14,14,w1p_full_rel,0.005202056401716591,SG12,327ec1f128a50a5d77ead82df41f105b5ecc6f7e24779e867fd8f93e72f56f42,a833aa8251d4985c781cb0cd787c7c1ebca8706c7acf628746c9085baf64f232
cga-experiments-v1,eps-p4-d1-k3,epsilon_01,0.1,14,14,quasi_rel,0.0021967898776839296,SG12,327ec1f128a50a5d77ead82df41f105b5ecc6f7e24779e867fd8f93e72f56f42,a833aa8251d4985c781cb0cd787c7c1ebca8706c7acf628746c9085baf64f232
cga-experiments-v1,eps-p4-d1-k3,epsilon_01,0.1,15,15,energy_gap_raw,0.001021355619741371,SG12,327ec1f128a50a5d77ead82df41f105b5ecc6f7e24779e867fd8f93e72f56f42,a833aa8251d4985c781cb0cd787c7c1ebca8706c7acf628746c9085baf64f232
cga-experiments-v1,eps-p4-d1-k3,epsilon_01,0.1,15,15,bregman_gap,0.001021355619702495,SG12,327ec1f128a50a5d77ead82df41f105b5ecc6f7e24779e867fd8f93e72f56f42,a833aa8251d4985c781cb0cd787c7c1ebca8706c7acf628746c9085baf64f232
cga-experiments-v1,eps-p4-d1-k3,epsilon_01,0.1,15,15,l2_rel,0.0027268363347660246,SG12,327ec1f128a50a5d77ead82df41f105b5ecc6f7e24779e867fd8f93e72f56f42,a833aa8251d4985c781cb0cd787c7c1ebca8706c7acf628746c9085baf64f232
cga-experiments-v1,eps-p4-d1-k3,epsilon_01,0.1,15,15,natural_rel,0.005522992704752832,SG12,327ec1f128a50a5d77ead82df41f105b5ecc6f7e24779e867fd8f93e72f56f42,a833aa8251d4985c781cb0cd787c7c1ebca8706c7acf628746c9085baf64f232
cga-experiments-v1,eps-p4-d1-k3,epsilon_01,0.1,15,15,w1p_full_rel,0.005522144682654228,SG12,327ec1f128a50a5d77ead82df41f105b5ecc6f7e24779e867fd8f93e72f56f42,a833aa8251d4985c781cb0cd787c7c1ebca8706c7acf628746c9085baf64f232
cga-experiments-v1,eps-p4-d1-k3,epsilon_01,0.1,15,15,quasi_rel,0.0021565036223390836,SG12,327ec1f128a50a5d77ead82df41f105b5ecc6f7e24779e867fd8f93e72f56f42,a833aa8251d4985c781cb0cd787c7c1ebca8706c7acf628746c9085baf64f232
cga-experiments-v1,eps-p4-d1-k3,epsilon_01,0.1,16,16,energy_gap_raw,0.0010092193001582928,SG12,327ec1f128a50a5d77ead82df41f105b5ecc6f7e24779e867fd8f93e72f56f42,a833aa8251d4985c781cb0cd787c7c1ebca8706c7acf628746c9085baf64f232
cga-experiments-v1,eps-p4-d1-k3,epsilon_01,0.1,16,16,bregman_gap,0.0010092193001395903,SG12,327ec1f128a50a5d77ead82df41f105b5ecc6f7e24779e867fd8f93e72f56f42,a833aa8251d4985c781cb0cd787c7c1ebca8706c7acf628746c9085baf64f232
cga-experiments-v1,eps-p4-d1-k3,epsilon_01,0.1,16,16,l2_rel,0.002719728616288005,SG12,327ec1f128a50a5d77ead82df41f105b5ecc6f7e24779e867fd8f93e72f56f42,a833aa8251d4985c781cb0cd787c7c1ebca8706c7acf628746c9085baf64f232
cga-experiments-v1,eps-p4-d1-k3,epsilon_01,0.1,16,16,natural_rel,0.005141177645025009,SG12,327ec1f128a50a5d77ead82df41f105b5ecc6f7e24779e867fd8f93e72f56f42,a833aa8251d4985c781cb0cd787c7c1ebca8706c7acf628746c9085baf64f232
cga-experiments-v1,eps-p4-d1-k3,epsilon_01,0.1,16,16,w1p_full_rel,0.00514039910968815,SG12,327ec1f128a50a5d77ead82df41f105b5ecc6f7e24779e867fd8f93e72f56f42,a833aa8251d4985c781cb0cd787c7c1ebca8706c7acf628746c9085baf64f232
cga-experiments-v1,eps-p4-d1-k3,epsilon_01,0.1,16,16,quasi_rel,0.0021440158600576887,SG12,327ec1f128a50a5d77ead82df41f105b5ecc6f7e24779e867fd8f93e72f56f42,a833aa8251d4985c781cb0cd787c7c1ebca8706c7acf628746c9085baf64f232
cga-experiments-v1,eps-p4-d1-k3,epsilon_01,0.1,17,17,energy_gap_raw,0.00031329491946507915,SG12,327ec1f128a50a5d77ead82df41f105b5ecc6f7e24779e867fd8f93e72f56f42,a833aa8251d4985c781cb0cd787c7c1ebca8706c7acf628746c9085baf64f232
cga-experiments-v1,eps-p4-d1-k3,epsilon_01,0.1,17,17,bregman_gap,0.0003132949194862079,SG12,327ec1f128a50a5d77ead82df41f105b5ecc6f7e24779e867fd8f93e72f56f42,a833aa8251d4985c781cb0cd787c7c1ebca8706c7acf628746c9085baf64f232
cga-experiments-v1,eps-p4-d1-k3,epsilon_01,0.1,17,17,l2_rel,0.0015220088217599832,SG12,327ec1f128a50a5d77ead82df41f105b5ecc6f7e24779e867fd8f93e72f56f42,a833aa8251d4985c781cb0cd787c7c1ebca8706c7acf628746c9085baf64f232
cga-experiments-v1,eps-p4-d1-k3,epsilon_01,0.1,17,17,natural_rel,0.0032892082721320526,SG12,327ec1f128a50a5d77ead82df41f105b5ecc6f7e24779e867fd8f93e72f56f42,a833aa8251d4985c781cb0cd787c7c1ebca8706c7acf628746c9085baf64f232
cga-experiments-v1,eps-p4-d1-k3,epsilon_01,0.1,17,17,w1p_full_rel,0.00328869789258583,SG12,327ec1f128a50a5d77ead82df41f105b5ecc6f7e24779e867fd8f93e72f56f42,a833aa8251d4985c781cb0cd787c7c1ebca8706c7acf628746c9085baf64f232
cga-experiments-v1,eps-p4-d1-k3,epsilon_01,0.1,17,17,quasi_rel,0.0011955199976779896,SG12,327ec1f128a50a5d77ead82df41f105b5ecc6f7e24779e867fd8f93e72f56f42,a833aa8251d4985c781cb0cd787c7c1ebca8706c7acf628746c9085baf64f232
cga-experiments-v1,eps-p4-d1-k3,epsilon_01,0.1,18,18,energy_gap_raw,0.00028284283382618014,SG12,327ec1f128a50a5d77ead82df41f105b5ecc6f7e24779e867fd8f93e72f56f42,a833aa8251d4985c781cb0cd787c7c1ebca8706c7acf628746c9085baf64f232
cga-experiments-v1,eps-p4-d1-k3,epsilon_01,0.1,18,18,bregman_gap,0.00028284283388747074,SG12,327ec1f128a50a5d77ead82df41f105b5ecc6f7e24779e867fd8f93e72f56f42,a833aa8251d4985c781cb0cd787c7c1ebca8706c7acf628746c9085baf64f232
cga-experiments-v1,eps-p4-d1-k3,epsilon_01,0.1,18,18,l2_rel,0.0016778868054371564,SG12,327ec1f128a50a5d77ead82df41f105b5ecc6f7e24779e867fd8f93e72f56f42,a833aa8251d4985c781cb0cd787c7c1ebca8706c7acf628746c9085baf64f232
cga-experiments-v1,eps-p4-d1-k3,epsilon_01,0.1,18,18,natural_rel,0.003583947772530518,SG12,327ec1f128a50a5d77ead82df41f105b5ecc6f7e24779e867fd8f93e72f56f42,a833aa8251d4985c781cb0cd787c7c1ebca8706c7acf628746c9085baf64f232
cga-experiments-v1,eps-p4-d1-k3,epsilon_01,0.1,18,18,w1p_full_rel,0.003583392516737337,SG12,327ec1f128a50a5d77ead82df41f105b5ecc6f7e24779e867fd8f93e72f56f42,a833aa8251d4985c781cb0cd787c7c1ebca8706c7acf628746c9085baf64f232
cga-experiments-v1,eps-p4-d1-k3,epsilon_01,0.1,18,18,quasi_rel,0.0011363180766026946,SG12,327ec1f128a50a5d77ead82df41f105b5ecc6f7e24779e867fd8f93e72f56f42,a833aa8251d4985c781cb0cd787c7c1ebca8706c7acf628746c9085baf64f232
cga-experiments-v1,eps-p4-d1-k3,epsilon_01,0.1,19,19,energy_gap_raw,4.352339033175667e-05,SG12,327ec1f128a50a5d77ead82df41f105b5ecc6f7e24779e867fd8f93e72f56f42,a833aa8251d4985c781cb0cd787c7c1ebca8706c7acf628746c9085baf64f232
cga-experiments-v1,eps-p4-d1-k3,epsilon_01,0.1,19,19,bregman_gap,4.352339033839444e-05,SG12,327ec1f128a50a5d77ead82df41f105b5ecc6f7e24779e867fd8f93e72f56f42,a833aa8251d4985c781cb0cd787c7c1ebca8706c7acf628746c9085baf64f232
cga-experiments-v1,eps-p4-d1-k3,epsilon_01,0.1,19,19,l2_rel,0.00023666345168252363,SG12,327ec1f128a50a5d77ead82df41f105b5ecc6f7e24779e867fd8f93e72f56f42,a833aa8251d4985c781cb0cd787c7c1ebca8706c7acf628746c9085baf64f232
cga-experiments-v1,eps-p4-d1-k3,epsilon_01,0.1,19,19,natural_rel,0.0008115652746907233,SG12,327ec1f128a50a5d77ead82df41f105b5ecc6f7e24779e867fd8f93e72f56f42,a833aa8251d4985c781cb0cd787c7c1ebca8706c7acf628746c9085baf64f232
cga-experiments-v1,eps-p4-d1-k3,epsilon_01,0.1,19,19,w1p_full_rel,0.0008114358526273997,SG12,327ec1f128a50a5d77ead82df41f105b5ecc6f7e24779e867fd8f93e72f56f42,a833aa8251d4985c781cb0cd787c7c1ebca8706c7acf628746c9085baf64f232
cga-experiments-v1,eps-p4-d1-k3,epsilon_01,0.1,19,19,quasi_rel,0.0004454097130632726,SG12,327ec1f128a50a5d77ead82df41f105b5ecc6f7e24779e867fd8f93e72f56f42,a833aa8251d4985c781cb0cd787c7c1ebca8706c7acf628746c9085baf64f232
cga-experiments-v1,eps-p4-d1-k3,epsilon_01,0.1,20,20,energy_gap_raw,4.099674561075517e-05,SG12,327ec1f128a50a5d77ead82df41f105b5ecc6f7e24779e867fd8f93e72f56f42,a833aa8251d4985c781cb0cd787c7c1ebca8706c7acf628746c9085baf64f232
cga-experiments-v1,eps-p4-d1-k3,epsilon_01,0.1,20,20,bregman_gap,4.0996745573226406e-05,SG12,327ec1f128a50a5d77ead82df41f105b5ecc6f7e24779e867fd8f93e72f56f42,a833aa8251d4985c781cb0cd787c7c1ebca8706c7acf628746c9085baf64f232
cga-experiments-v1,eps-p4-d1-k3,epsilon_01,0.1,20,20,l2_rel,0.00023533753521297337,SG12,327ec1f128a50a5d77ead82df41f105b5ecc6f7e24779e867fd8f93e72f56f42,a833aa8251d4985c781cb0cd787c7c1ebca8706c7acf628746c9085baf64f232
cga-experiments-v1,eps-p4-d1-k3,epsilon_01,0.1,20,20,natural_rel,0.0007472085340968386,SG12,327ec1f128a50a5d77ead82df41f105b5ecc6f7e24779e867fd8f93e72f56f42,a833aa8251d4985c781cb0cd787c7c1ebca8706c7acf628746c9085baf64f232
cga-experiments-v1,eps-p4-d1-k3,epsilon_01,0.1,20,20,w1p_full_rel,0.0007470895980458766,SG12,327ec1f128a50a5d77ead82df41f105b5ecc6f7e24779e867fd8f93e72f56f42,a833aa8251d4985c781cb0cd787c7c1ebca8706c7acf628746c9085baf64f232
cga-experiments-v1,eps-p4-d1-k3,epsilon_01,0.1,20,20,quasi_rel,0.0004323027834074804,SG12,327ec1f128a50a5d77ead82df41f105b5ecc6f7e24779e867fd8f93e72f56f42,a833aa8251d4985c781cb0cd787c7c1ebca8706c7acf628746c9085baf64f232
cga-experiments-v1,eps-p4-d1-k3,epsilon_01,0.1,21,21,energy_gap_raw,3.4384242496798834e-05,SG12,327ec1f128a50a5d77ead82df41f105b5ecc6f7e24779e867fd8f93e72f56f42,a833aa8251d4985c781cb0cd787c7c1ebca8706c7acf628746c9085baf64f232
cga-experiments-v1,eps-p4-d1-k3,epsilon_01,0.1,21,21,bregman_gap,3.438424249551896e-05,SG12,327ec1f128a50a5d77ead82df41f105b5ecc6f7e24779e867fd8f93e72f56f42,a833aa8251d4985c781cb0cd787c7c1ebca8706c7acf628746c9085baf64f232
cga-experiments-v1,eps-p4-d1-k3,epsilon_01,0.1,21,21,l2_rel,0.00023047393441793493,SG12,327ec1f128a50a5d77ead82df41f105b5ecc6f7e24779e867fd8f93e72f56f42,a833aa8251d4985c781cb0cd787c7c1ebca8706c7acf628746c9085baf64f232
cga-experiments-v1,eps-p4-d1-k3,epsilon_01,0.1,21,21,natural_rel,0.0008499752087443961,SG12,327ec1f128a50a5d77ead82df41f105b5ecc6f7e24779e867fd8f93e72f56f42,a833aa8251d4985c781cb0cd787c7c1ebca8706c7acf628746c9085baf64f232
cga-experiments-v1,eps-p4-d1-k3,epsilon_01,0.1,21,21,w1p_full_rel,0.0008498394678674148,SG12,327ec1f128a50a5d77ead82df41f105b5ecc6f7e24779e867fd8f93e72f56f42,a833aa8251d4985c781cb0cd787c7c1ebca8706c7acf628746c9085baf64f232
cga-experiments-v1,eps-p4-d1-k3,epsilon_01,0.1,21,21,quasi_rel,0.0003958786944366297,SG12,327ec1f128a50a5d77ead82df41f105b5ecc6f7e24779e867fd8f93e72f56f42,a833aa8251d4985c781cb0cd787c7c1ebca8706c7acf628746c9085baf64f232
cga-experiments-v1,eps-p4-d1-k3,epsilon_01,0.1,22,22,energy_gap_raw,3.38680412710346e-05,SG12,327ec1f128a50a5d77ead82df41f105b5ecc6f7e24779e867fd8f93e72f56f42,a833aa8251d4985c781cb0cd787c7c1ebca8706c7acf628746c9085baf64f232
cga-experiments-v1,eps-p4-d1-k3,epsilon_01,0.1,22,22,bregman_gap,3.386804126514808e-05,SG12,327ec1f128a50a5d77ead82df41f105b5ecc6f7e24779e867fd8f93e72f56f42,a833aa8251d4985c781cb0cd787c7c1ebca8706c7acf628746c9085baf64f232
cga-experiments-v1,eps-p4-d1-k3,epsilon_01,0.1,22,22,l2_rel,0.0002315404513297403,SG12,327ec1f128a50a5d77ead82df41f105b5ecc6f7e24779e867fd8f93e72f56f42,a833aa8251d4985c781cb0cd787c7c1ebca8706c7acf628746c9085baf64f232
cga-experiments-v1,eps-p4-d1-k3,epsilon_01,0.1,22,22,natural_rel,0.0006647758569743125,SG12,327ec1f128a50a5d77ead82df41f105b5ecc6f7e24779e867fd8f93e72f56f42,a833aa8251d4985c781cb0cd787c7c1ebca8706c7acf628746c9085baf64f232
cga-experiments-v1,eps-p4-d1-k3,epsilon_01,0.1,22,22,w1p_full_rel,0.0006646704174474646,SG12,327ec1f128a50a5d77ead82df41f105b5ecc6f7e24779e867fd8f93e72f56f42,a833aa8251d4985c781cb0cd787c7c1ebca8706c7acf628746c9085baf64f232
cga-experiments-v1,eps-p4-d1-k3,epsilon_01,0.1,22,22,quasi_rel,0.0003929163608263487,SG12,327ec1f128a50a5d77ead82df41f105b5ecc6f7e24779e867fd8f93e72f56f42,a833aa8251d4985c781cb0cd787c7c1ebca8706c7acf628746c9085baf64f232
cga-experiments-v1,eps-p4-d1-k3,epsilon_01,0.1,23,23,energy_gap_raw,3.099453465438273e-05,SG12,327ec1f128a50a5d77ead82df41f105b5ecc6f7e24779e867fd8f93e72f56f42,a833aa8251d4985c781cb0cd787c7c1ebca8706c7acf628746c9085baf64f232
cga-experiments-v1,eps-p4-d1-k3,epsilon_01,0.1,23,23,bregman_gap,3.099453461733808e-05,SG12,327ec1f128a50a5d77ead82df41f105b5ecc6f7e24779e867fd8f93e72f56f42,a833aa8251d4985c781cb0cd787c7c1ebca8706c7acf628746c9085baf64f232
cga-experiments-v1,eps-p4-d1-k3,epsilon_01,0.1,23,23,l2_rel,0.00022402103727870687,SG12,327ec1f128a50a5d77ead82df41f105b5ecc6f7e24779e867fd8f93e72f56f42,a833aa8251d4985c781cb0cd787c7c1ebca8706c7acf628746c9085baf64f232
cga-experiments-v1,eps-p4-d1-k3,epsilon_01,0.1,23,23,natural_rel,0.0006552493556520103,SG12,327ec1f128a50a5d77ead82df41f105b5ecc6f7e24779e867fd8f93e72f56f42,a833aa8251d4985c781cb0cd787c7c1ebca8706c7acf628746c9085baf64f232
cga-experiments-v1,eps-p4-d1-k3,epsilon_01,0.1,23,23,w1p_full_rel,0.000655145346161766,SG12,327ec1f128a50a5d77ead82df41f105b5ecc6f7e24779e867fd8f93e72f56f42,a833aa8251d4985c781cb0cd787c7c1ebca8706c7acf628746c9085baf64f232
cga-experiments-v1,eps-p4-d1-k3,epsilon_01,0.1,23,23,quasi_rel,0.0003758730017128226,SG12,327ec1f128a50a5d77ead82df41f105b5ecc6f7e24779e867fd8f93e72f56f42,a833aa8251d4985c781cb0cd787c7c1ebca8706c7acf628746c9085baf64f232
cga-experiments-v1,eps-p4-d1-k3,epsilon_01,0.1,24,24,energy_gap_raw,2.9136002467566868e-05,SG12,327ec1f128a50a5d77ead82df41f105b5ecc6f7e24779e867fd8f93e72f56f42,a833aa8251d4985c781cb0cd787c7c1ebca8706c7acf628746c9085baf64f232
cga-experiments-v1,eps-p4-d1-k3,epsilon_01,0.1,24,24,bregman_gap,2.913600240071984e-05,SG12,327ec1f128a50a5d77ead82df41f105b5ecc6f7e24779e867fd8f93e72f56f42,a833aa8251d4985c781cb0cd787c7c1ebca8706c7acf628746c9085baf64f232
cga-experiments-v1,eps-p4-d1-k3,epsilon_01,0.1,24,24,l2_rel,0.00022347033051906418,SG12,327ec1f128a50a5d77ead82df41f105b5ecc6f7e24779e867fd8f93e72f56f42,a833aa8251d4985c781cb0cd787c7c1ebca8706c7acf628746c9085baf64f232
cga-experiments-v1,eps-p4-d1-k3,epsilon_01,0.1,24,24,natural_rel,0.0006550268919997082,SG12,327ec1f128a50a5d77ead82df41f105b5ecc6f7e24779e867fd8f93e72f56f42,a833aa8251d4985c781cb0cd787c7c1ebca8706c7acf628746c9085baf64f232
cga-experiments-v1,eps-p4-d1-k3,epsilon_01,0.1,24,24,w1p_full_rel,0.0006549229083192664,SG12,327ec1f128a50a5d77ead82df41f105b5ecc6f7e24779e867fd8f93e72f56f42,a833aa8251d4985c781cb0cd787c7c1ebca8706c7acf628746c9085baf64f232
cga-experiments-v1,eps-p4-d1-k3,epsilon_01,0.1,24,24,quasi_rel,0.0003644237586608214,SG12,327ec1f128a50a5d77ead82df41f105b5ecc6f7e24779e867fd8f93e72f56f42,a833aa8251d4985c781cb0cd787c7c1ebca8706c7acf628746c9085baf64f232
cga-experiments-v1,eps-p4-d1-k3,epsilon_01,0.1,25,25,energy_gap_raw,2.6964936409967777e-05,SG12,327ec1f128a50a5d77ead82df41f105b5ecc6f7e24779e867fd8f93e72f56f42,a833aa8251d4985c781cb0cd787c7c1ebca8706c7acf628746c9085baf64f232
cga-experiments-v1,eps-p4-d1-k3,epsilon_01,0.1,25,25,bregman_gap,2.6964936386085798e-05,SG12,327ec1f128a50a5d77ead82df41f105b5ecc6f7e24779e867fd8f93e72f56f42,a833aa8251d4985c781cb0cd787c7c1ebca8706c7acf628746c9085baf64f232
cga-experiments-v1,eps-p4-d1-k3,epsilon_01,0.1,25,25,l2_rel,0.00021826573207663308,SG12,327ec1f128a50a5d77ead82df41f105b5ecc6f7e24779e867fd8f93e72f56f42,a833aa8251d4985c781cb0cd787c7c1ebca8706c7acf628746c9085baf64f232
cga-experiments-v1,eps-p4-d1-k3,epsilon_01,0.1,25,25,natural_rel,0.0006494202263542263,SG12,327ec1f128a50a5d77ead82df41f105b5ecc6f7e24779e867fd8f93e72f56f42,a833aa8251d4985c781cb0cd787c7c1ebca8706c7acf628746c9085baf64f232
cga-experiments-v1,eps-p4-d1-k3,epsilon_01,0.1,25,25,w1p_full_rel,0.000649317070190993,SG12,327ec1f128a50a5d77ead82df41f105b5ecc6f7e24779e867fd8f93e72f56f42,a833aa8251d4985c781cb0cd787c7c1ebca8706c7acf628746c9085baf64f232
cga-experiments-v1,eps-p4-d1-k3,epsilon_01,0.1,25,25,quasi_rel,0.0003505807804649531,SG12,327ec1f128a50a5d77ead82df41f105b5ecc6f7e24779e867fd8f93e72f56f42,a833aa8251d4985c781cb0cd787c7c1ebca8706c7acf628746c9085baf64f232
cga-experiments-v1,eps-p4-d1-k3,epsilon_01,0.1,26,26,energy_gap_raw,2.6908231347988476e-05,SG12,327ec1f128a50a5d77ead82df41f105b5ecc6f7e24779e867fd8f93e72f56f42,a833aa8251d4985c781cb0cd787c7c1ebca8706c7acf628746c9085baf64f232
cga-experiments-v1,eps-p4-d1-k3,epsilon_01,0.1,26,26,bregman_gap,2.6908231402736112e-05,SG12,327ec1f128a50a5d77ead82df41f105b5ecc6f7e24779e867fd8f93e72f56f42,a833aa8251d4985c781cb0cd787c7c1ebca8706c7acf628746c9085baf64f232
cga-experiments-v1,eps-p4-d1-k3,epsilon_01,0.1,26,26,l2_rel,0.00021785852286415472,SG12,327ec1f128a50a5d77ead82df41f105b5ecc6f7e24779e867fd8f93e72f56f42,a833aa8251d4985c781cb0cd787c7c1ebca8706c7acf628746c9085baf64f232
cga-experiments-v1,eps-p4-d1-k3,epsilon_01,0.1,26,26,natural_rel,0.0005641741293700673,SG12,327ec1f128a50a5d77ead82df41f105b5ecc6f7e24779e867fd8f93e72f56f42,a833aa8251d4985c781cb0cd787c7c1ebca8706c7acf628746c9085baf64f232
cga-experiments-v1,eps-p4-d1-k3,epsilon_01,0.1,26,26,w1p_full_rel,0.0005640851377488478,SG12,327ec1f128a50a5d77ead82df41f105b5ecc6f7e24779e867fd8f93e72f56f42,a833aa8251d4985c781cb0cd787c7c1ebca8706c7acf628746c9085baf64f232
cga-experiments-v1,eps-p4-d1-k3,epsilon_01,0.1,26,26,quasi_rel,0.000350225556358567,SG12,327ec1f128a50a5d77ead82df41f105b5ecc6f7e24779e867fd8f93e72f56f42,a833aa8251d4985c781cb0cd787c7c1ebca8706c7acf628746c9085baf64f232
cga-experiments-v1,eps-p4-d1-k3,epsilon_01,0.1,27,27,energy_gap_raw,1.2004406755750097e-05,SG12,327ec1f128a50a5d77ead82df41f105b5ecc6f7e24779e867fd8f93e72f56f42,a833aa8251d4985c781cb0cd787c7c1ebca8706c7acf628746c9085baf64f232
cga-experiments-v1,eps-p4-d1-k3,epsilon_01,0.1,27,27,bregman_gap,1.2004406806085507e-05,SG12,327ec1f128a50a5d77ead82df41f105b5ecc6f7e24779e867fd8f93e72f56f42,a833aa8251d4985c781cb0cd787c7c1ebca8706c7acf628746c9085baf64f232
cga-experiments-v1,eps-p4-d1-k3,epsilon_01,0.1,27,27,l2_rel,0.00014165234302291284,SG12,327ec1f128a50a5d77ead82df41f105b5ecc6f7e24779e867fd8f93e72f56f42,a833aa8251d4985c781cb0cd787c7c1ebca8706c7acf628746c9085baf64f232
cga-experiments-v1,eps-p4-d1-k3,epsilon_01,0.1,27,27,natural_rel,0.00046390199743898293,SG12,327ec1f128a50a5d77ead82df41f105b5ecc6f7e24779e867fd8f93e72f56f42,a833aa8251d4985c781cb0cd787c7c1ebca8706c7acf628746c9085baf64f232
cga-experiments-v1,eps-p4-d1-k3,epsilon_01,0.1,27,27,w1p_full_rel,0.000463828077268255,SG12,327ec1f128a50a5d77ead82df41f105b5ecc6f7e24779e867fd8f93e72f56f42,a833aa8251d4985c781cb0cd787c7c1ebca8706c7acf628746c9085baf64f232
cga-experiments-v1,eps-p4-d1-k3,epsilon_01,0.1,27,27,quasi_rel,0.00023393899521385964,SG12,327ec1f128a50a5d77ead82df41f105b5ecc6f7e24779e867fd8f93e72f56f42,a833aa8251d4985c781cb0cd787c7c1ebca8706c7acf628746c9085baf64f232
cga-experiments-v1,eps-p4-d1-k3,epsilon_01,0.1,28,28,energy_gap_raw,4.280159885183821e-06,SG12,327ec1f128a50a5d77ead82df41f105b5ecc6f7e24779e867fd8f93e72f56f42,a833aa8251d4985c781cb0cd787c7c1ebca8706c7acf628746c9085baf64f232
cga-experiments-v1,eps-p4-d1-k3,epsilon_01,0.1,28,28,bregman_gap,4.280159921162128e-06,SG12,327ec1f128a50a5d77ead82df41f105b5ecc6f7e24779e867fd8f93e72f56f42,a833aa8251d4985c781cb0cd787c7c1ebca8706c7acf628746c9085baf64f232
cga-experiments-v1,eps-p4-d1-k3,epsilon_01,0.1,28,28,l2_rel,7.702131510369787e-05,SG12,327ec1f128a50a5d77ead82df41f105b5ecc6f7e24779e867fd8f93e72f56f42,a833aa8251d4985c781cb0cd787c7c1ebca8706c7acf628746c9085baf64f232
cga-experiments-v1,eps-p4-d1-k3,epsilon_01,0.1,28,28,natural_rel,0.00032531934815411054,SG12,327ec1f128a50a5d77ead82df41f105b5ecc6f7e24779e867fd8f93e72f56f42,a833aa8251d4985c781cb0cd787c7c1ebca8706c7acf628746c9085baf64f232
cga-experiments-v1,eps-p4-d1-k3,epsilon_01,0.1,28,28,w1p_full_rel,0.0003252673037277682,SG12,327ec1f128a50a5d77ead82df41f105b5ecc6f7e24779e867fd8f93e72f56f42,a833aa8251d4985c781cb0cd787c7c1ebca8706c7acf628746c9085baf64f232
cga-experiments-v1,eps-p4-d1-k3,epsilon_01,0.1,28,28,quasi_rel,0.00013967360323479853,SG12,327ec1f128a50a5d77ead82df41f105b5ecc6f7e24779e867fd8f93e72f56f42,a833aa8251d4985c781cb0cd787c7c1ebca8706c7acf628746c9085baf64f232
cga-experiments-v1,eps-p4-d1-k3,epsilon_01,0.1,29,29,energy_gap_raw,3.3993119927799853e-06,SG12,327ec1f128a50a5d77ead82df41f105b5ecc6f7e24779e867fd8f93e72f56f42,a833aa8251d4985c781cb0cd787c7c1ebca8706c7acf628746c9085baf64f232
cga-experiments-v1,eps-p4-d1-k3,epsilon_01,0.1,29,29,bregman_gap,3.3993120110761765e-06,SG12,327ec1f128a50a5d77ead82df41f105b5ecc6f7e24779e867fd8f93e72f56f42,a833aa8251d4985c781cb0cd787c7c1ebca8706c7acf628746c9085baf64f232
cga-experiments-v1,eps-p4-d1-k3,epsilon_01,0.1,29,29,l2_rel,7.665926745704975e-05,SG12,327ec1f128a50a5d77ead82df41f105b5ecc6f7e24779e867fd8f93e72f56f42,a833aa8251d4985c781cb0cd787c7c1ebca8706c7acf628746c9085baf64f232
cga-experiments-v1,eps-p4-d1-k3,epsilon_01,0.1,29,29,natural_rel,0.0003257162271829044,SG12,327ec1f128a50a5d77ead82df41f105b5ecc6f7e24779e867fd8f93e72f56f42,a833aa8251d4985c781cb0cd787c7c1ebca8706c7acf628746c9085baf64f232
cga-experiments-v1,eps-p4-d1-k3,epsilon_01,0.1,29,29,w1p_full_rel,0.00032566411630897724,SG12,327ec1f128a50a5d77ead82df41f105b5ecc6f7e24779e867fd8f93e72f56f42,a833aa8251d4985c781cb0cd787c7c1ebca8706c7acf628746c9085baf64f232
cga-experiments-v1,eps-p4-d1-k3,epsilon_01,0.1,29,29,quasi_rel,0.0001244643375272772,SG12,327ec1f128a50a5d77ead82df41f105b5ecc6f7e24779e867fd8f93e72f56f42,a833aa8251d4985c781cb0cd787c7c1ebca8706c7acf628746c9085baf64f232
cga-experiments-v1,eps-p4-d1-k3,epsilon_01,0.1,30,30,energy_gap_raw,3.29886006511515e-06,SG12,327ec1f128a50a5d77ead82df41f105b5ecc6f7e24779e867fd8f93e72f56f42,a833aa8251d4985c781cb0cd787c7c1ebca8706c7acf628746c9085baf64f232
cga-experiments-v1,eps-p4-d1-k3,epsilon_01,0.1,30,30,bregman_gap,3.2988600478095622e-06,SG12,327ec1f128a50a5d77ead82df41f105b5ecc6f7e24779e867fd8f93e72f56f42,a833aa8251d4985c781cb0cd787c7c1ebca8706c7acf628746c9085baf64f232
cga-experiments-v1,eps-p4-d1-k3,epsilon_01,0.1,30,30,l2_rel,7.660517578825726e-05,SG12,327ec1f128a50a5d77ead82df41f105b5ecc6f7e24779e867fd8f93e72f56f42,a833aa8251d4985c781cb0cd787c7c1ebca8706c7acf628746c9085baf64f232
cga-experiments-v1,eps-p4-d1-k3,epsilon_01,0.1,30,30,natural_rel,0.000325779977009177,SG12,327ec1f128a50a5d77ead82df41f105b5ecc6f7e24779e867fd8f93e72f56f42,a833aa8251d4985c781cb0cd787c7c1ebca8706c7acf628746c9085baf64f232
cga-experiments-v1,eps-p4-d1-k3,epsilon_01,0.1,30,30,w1p_full_rel,0.0003257278555741167,SG12,327ec1f128a50a5d77ead82df41f105b5ecc6f7e24779e867fd8f93e72f56f42,a833aa8251d4985c781cb0cd787c7c1ebca8706c7acf628746c9085baf64f232
cga-experiments-v1,eps-p4-d1-k3,epsilon_01,0.1,30,30,quasi_rel,0.00012260953582169783,SG12,327ec1f128a50a5d77ead82df41f105b5ecc6f7e24779e867fd8f93e72f56f42,a833aa8251d4985c781cb0cd787c7c1ebca8706c7acf628746c9085baf64f232
cga-experiments-v1,eps-p4-d1-k3,epsilon_01,0.1,31,31,energy_gap_raw,3.042132732389291e-06,SG12,327ec1f128a50a5d77ead82df41f105b5ecc6f7e24779e867fd8f93e72f56f42,a833aa8251d4985c781cb0cd787c7c1ebca8706c7acf628746c9085baf64f232
cga-experiments-v1,eps-p4-d1-k3,epsilon_01,0.1,31,31,bregman_gap,3.04213273930561e-06,SG12,327ec1f128a50a5d77ead82df41f105b5ecc6f7e24779e867fd8f93e72f56f42,a833aa8251d4985c781cb0cd787c7c1ebca8706c7acf628746c9085baf64f232
cga-experiments-v1,eps-p4-d1-k3,epsilon_01,0.1,31,31,l2_rel,7.66173359372962e-05,SG12,327ec1f128a50a5d77ead82df41f105b5ecc6f7e24779e867fd8f93e72f56f42,a833aa8251d4985c781cb0cd787c7c1ebca8706c7acf628746c9085baf64f232
cga-experiments-v1,eps-p4-d1-k3,epsilon_01,0.1,31,31,natural_rel,0.0003263854591419894,SG12,327ec1f128a50a5d77ead82df41f105b5ecc6f7e24779e867fd8f93e72f56f42,a833aa8251d4985c781cb0cd787c7c1ebca8706c7acf628746c9085baf64f232
cga-experiments-v1,eps-p4-d1-k3,epsilon_01,0.1,31,31,w1p_full_rel,0.00032633323994359716,SG12,327ec1f128a50a5d77ead82df41f105b5ecc6f7e24779e867fd8f93e72f56f42,a833aa8251d4985c781cb0cd787c7c1ebca8706c7acf628746c9085baf64f232
cga-experiments-v1,eps-p4-d1-k3,epsilon_01,0.1,31,31,quasi_rel,0.00011773807417459532,SG12,327ec1f128a50a5d77ead82df41f105b5ecc6f7e24779e867fd8f93e72f56f42,a833aa8251d4985c781cb0cd787c7c1ebca8706c7acf628746c9085baf64f232
cga-experiments-v1,eps-p4-d1-k3,epsilon_01,0.1,32,32,energy_gap_raw,3.0132767960822093e-06,SG12,327ec1f128a50a5d77ead82df41f105b5ecc6f7e24779e867fd8f93e72f56f42,a833aa8251d4985c781cb0cd787c7c1ebca8706c7acf628746c9085baf64f232
cga-experiments-v1,eps-p4-d1-k3,epsilon_01,0.1,32,32,bregman_gap,3.0132768383497243e-06,SG12,327ec1f128a50a5d77ead82df41f105b5ecc6f7e24779e867fd8f93e72f56f42,a833aa8251d4985c781cb0cd787c7c1ebca8706c7acf628746c9085baf64f232
cga-experiments-v1,eps-p4-d1-k3,epsilon_01,0.1,32,32,l2_rel,7.663577022479821e-05,SG12,327ec1f128a50a5d77ead82df41f105b5ecc6f7e24779e867fd8f93e72f56f42,a833aa8251d4985c781cb0cd787c7c1ebca8706c7acf628746c9085baf64f232
cga-experiments-v1,eps-p4-d1-k3,epsilon_01,0.1,32,32,natural_rel,0.0003257088505793019,SG12,327ec1f128a50a5d77ead82df41f105b5ecc6f7e24779e867fd8f93e72f56f42,a833aa8251d4985c781cb0cd787c7c1ebca8706c7acf628746c9085baf64f232
cga-experiments-v1,eps-p4-d1-k3,epsilon_01,0.1,32,32,w1p_full_rel,0.0003256567406198813,SG12,327ec1f128a50a5d77ead82df41f105b5ecc6f7e24779e867fd8f93e72f56f42,a833aa8251d4985c781cb0cd787c7c1ebca8706c7acf628746c9085baf64f232
cga-experiments-v1,eps-p4-d1-k3,epsilon_01,0.1,32,32,quasi_rel,0.00011717960277397587,SG12,327ec1f128a50a5d77ead82df41f105b5ecc6f7e24779e867fd8f93e72f56f42,a833aa8251d4985c781cb0cd787c7c1ebca8706c7acf628746c9085baf64f232
cga-experiments-v1,eps-p4-d1-k3,epsilon_001,0.01,1,1,energy_gap_raw,313.9135089943311,SG12,0bd16ea221d0f9caafd5eec5184871562b5a6230d3a43f45a13a1c37f4a63965,d5dcf1a7d5f2213de1a53aeb5446da2d7bd06d162f7476ff47aa131e0eccc8c7
cga-experiments-v1,eps-p4-d1-k3,epsilon_001,0.01,1,1,bregman_gap,313.9135089943311,SG12,0bd16ea221d0f9caafd5eec5184871562b5a6230d3a43f45a13a1c37f4a63965,d5dcf1a7d5f2213de1a53aeb5446da2d7bd06d162f7476ff47aa131e0eccc8c7
cga-experiments-v1,eps-p4-d1-k3,epsilon_001,0.01,1,1,l2_rel,0.9657818979385104,SG12,0bd16ea221d0f9caafd5eec5184871562b5a6230d3a43f45a13a1c37f4a63965,d5dcf1a7d5f2213de1a53aeb5446da2d7bd06d162f7476ff47aa131e0eccc8c7
cga-experiments-v1,eps-p4-d1-k3,epsilon_001,0.01,1,1,natural_rel,0.9096967582677873,SG12,0bd16ea221d0f9caafd5eec5184871562b5a6230d3a43f45a13a1c37f4a63965,d5dcf1a7d5f2213de1a53aeb5446da2d7bd06d162f7476ff47aa131e0eccc8c7
cga-experiments-v1,eps-p4-d1-k3,epsilon_001,0.01,1,1,w1p_full_rel,0.9098570013597818,SG12,0bd16ea221d0f9caafd5eec5184871562b5a6230d3a43f45a13a1c37f4a63965,d5dcf1a7d5f2213de1a53aeb5446da2d7bd06d162f7476ff47aa131e0eccc8c7
cga-experiments-v1,eps-p4-d1-k3,epsilon_001,0.01,1,1,quasi_rel,0.9324691163273168,SG12,0bd16ea221d0f9caafd5eec5184871562b5a6230d3a43f45a13a1c37f4a63965,d5dcf1a7d5f2213de1a53aeb5446da2d7bd06d162f7476ff47aa131e0eccc8c7
cga-experiments-v1,eps-p4-d1-k3,epsilon_001,0.01,2,2,energy_gap_raw,186.07274491398152,SG12,0bd16ea221d0f9caafd5eec5184871562b5a6230d3a43f45a13a1c37f4a63965,d5dcf1a7d5f2213de1a53aeb5446da2d7bd06d162f7476ff47aa131e0eccc8c7
cga-experiments-v1,eps-p4-d1-k3,epsilon_001,0.01,2,2,bregman_gap,186.07274491398152,SG12,0bd16ea221d0f9caafd5eec5184871562b5a6230d3a43f45a13a1c37f4a63965,d5dcf1a7d5f2213de1a53aeb5446da2d7bd06d162f7476ff47aa131e0eccc8c7
cga-experiments-v1,eps-p4-d1-k3,epsilon_001,0.01,2,2,l2_rel,0.40142798224680293,SG12,0bd16ea221d0f9caafd5eec5184871562b5a6230d3a43f45a13a1c37f4a63965,d5dcf1a7d5f2213de1a53aeb5446da2d7bd06d162f7476ff47aa131e0eccc8c7
cga-experiments-v1,eps-p4-d1-k3,epsilon_001,0.01,2,2,natural_rel,0.6777064245843764,SG12,0bd16ea221d0f9caafd5eec5184871562b5a6230d3a43f45a13a1c37f4a63965,d5dcf1a7d5f2213de1a53aeb5446da2d7bd06d162f7476ff47aa131e0eccc8c7
cga-experiments-v1,eps-p4-d1-k3,epsilon_001,0.01,2,2,w1p_full_rel,0.6776127093969933,SG12,0bd16ea221d0f9caafd5eec5184871562b5a6230d3a43f45a13a1c37f4a63965,d5dcf1a7d5f2213de1a53aeb5446da2d7bd06d162f7476ff47aa131e0eccc8c7
cga-experiments-v1,eps-p4-d1-k3,epsilon_001,0.01,2,2,quasi_rel,0.8916118385677998,SG12,0bd16ea221d0f9caafd5eec5184871562b5a6230d3a43f45a13a1c37f4a63965,d5dcf1a7d5f2213de1a53aeb5446da2d7bd06d162f7476ff47aa131e0eccc8c7
cga-experiments-v1,eps-p4-d1-k3,epsilon_001,0.01,3,3,energy_gap_raw,109.73485764130663,SG12,0bd16ea221d0f9caafd5eec5184871562b5a6230d3a43f45a13a1c37f4a63965,d5dcf1a7d5f2213de1a53aeb5446da2d7bd06d162f7476ff47aa131e0eccc8c7
cga-experiments-v1,eps-p4-d1-k3,epsilon_001,0.01,3,3,bregman_gap,109.73485764130663,SG12,0bd16ea221d0f9caafd5eec5184871562b5a6230d3a43f45a13a1c37f4a63965,d5dcf1a7d5f2213de1a53aeb5446da2d7bd06d162f7476ff47aa131e0eccc8c7
cga-experiments-v1,eps-p4-d1-k3,epsilon_001,0.01,3,3,l2_rel,0.41208421386086924,SG12,0bd16ea221d0f9caafd5eec5184871562b5a6230d3a43f45a13a1c37f4a63965,d5dcf1a7d5f2213de1a53aeb5446da2d7bd06d162f7476ff47aa131e0eccc8c7
cga-experiments-v1,eps-p4-d1-k3,epsilon_001,0.01,3,3,natural_rel,0.5914577903737044,SG12,0bd16ea221d0f9caafd5eec5184871562b5a6230d3a43f45a13a1c37f4a63965,d5dcf1a7d5f2213de1a53aeb5446da2d7bd06d162f7476ff47aa131e0eccc8c7
cga-experiments-v1,eps-p4-d1-k3,epsilon_001,0.01,3,3,w1p_full_rel,0.5913929194369681,SG12,0bd16ea221d0f9caafd5eec5184871562b5a6230d3a43f45a13a1c37f4a63965,d5dcf1a7d5f2213de1a53aeb5446da2d7bd06d162f7476ff47aa131e0eccc8c7
cga-experiments-v1,eps-p4-d1-k3,epsilon_001,0.01,3,3,quasi_rel,0.6857408207791915,SG12,0bd16ea221d0f9caafd5eec5184871562b5a6230d3a43f45a13a1c37f4a63965,d5dcf1a7d5f2213de1a53aeb5446da2d7bd06d162f7476ff47aa131e0eccc8c7
cga-experiments-v1,eps-p4-d1-k3,epsilon_001,0.01,4,4,energy_gap_raw,30.875411252186097,SG12,0bd16ea221d0f9caafd5eec5184871562b5a6230d3a43f45a13a1c37f4a63965,d5dcf1a7d5f2213de1a53aeb5446da2d7bd06d162f7476ff47aa131e0eccc8c7
cga-experiments-v1,eps-p4-d1-k3,epsilon_001,0.01,4,4,bregman_gap,30.875411252186108,SG12,0bd16ea221d0f9caafd5eec5184871562b5a6230d3a43f45a13a1c37f4a63965,d5dcf1a7d5f2213de1a53aeb5446da2d7bd06d162f7476ff47aa131e0eccc8c7
cga-experiments-v1,eps-p4-d1-k3,epsilon_001,0.01,4,4,l2_rel,0.1396639070569208,SG12,0bd16ea221d0f9caafd5eec5184871562b5a6230d3a43f45a13a1c37f4a63965,d5dcf1a7d5f2213de1a53aeb5446da2d7bd06d162f7476ff47aa131e0eccc8c7
cga-experiments-v1,eps-p4-d1-k3,epsilon_001,0.01,4,4,natural_rel,0.36828778731365236,SG12,0bd16ea221d0f9caafd5eec5184871562b5a6230d3a43f45a13a1c37f4a63965,d5dcf1a7d5f2213de1a53aeb5446da2d7bd06d162f7476ff47aa131e0eccc8c7
cga-experiments-v1,eps-p4-d1-k3,epsilon_001,0.01,4,4,w1p_full_rel,0.36823047395693226,SG12,0bd16ea221d0f9caafd5eec5184871562b5a6230d3a43f45a13a1c37f4a63965,d5dcf1a7d5f2213de1a53aeb5446da2d7bd06d162f7476ff47aa131e0eccc8c7
cga-experiments-v1,eps-p4-d1-k3,epsilon_001,0.01,4,4,quasi_rel,0.3673583095239994,SG12,0bd16ea221d0f9caafd5eec5184871562b5a6230d3a43f45a13a1c37f4a63965,d5dcf1a7d5f2213de1a53aeb5446da2d7bd06d162f7476ff47aa131e0eccc8c7
cga-experiments-v1,eps-p4-d1-k3,epsilon_001,0.01,5,5,energy_gap_raw,16.1611387699366,SG12,0bd16ea221d0f9caafd5eec5184871562b5a6230d3a43f45a13a1c37f4a63965,d5dcf1a7d5f2213de1a53aeb5446da2d7bd06d162f7476ff47aa131e0eccc8c7
cga-experiments-v1,eps-p4-d1-k3,epsilon_001,0.01,5,5,bregman_gap,16.161138769936628,SG12,0bd16ea221d0f9caafd5eec5184871562b5a6230d3a43f45a13a1c37f4a63965,d5dcf1a7d5f2213de1a53aeb5446da2d7bd06d162f7476ff47aa131e0eccc8c7
cga-experiments-v1,eps-p4-d1-k3,epsilon_001,0.01,5,5,l2_rel,0.17640336981664756,SG12,0bd16ea221d0f9caafd5eec5184871562b5a6230d3a43f45a13a1c37f4a63965,d5dcf1a7d5f2213de1a53aeb5446da2d7bd06d162f7476ff47aa131e0eccc8c7
cga-experiments-v1,eps-p4-d1-k3,epsilon_001,0.01,5,5,natural_rel,0.31858854504052675,SG12,0bd16ea221d0f9caafd5eec5184871562b5a6230d3a43f45a13a1c37f4a63965,d5dcf1a7d5f2213de1a53aeb5446da2d7bd06d162f7476ff47aa131e0eccc8c7
cga-experiments-v1,eps-p4-d1-k3,epsilon_001,0.01,5,5,w1p_full_rel,0.3185425337133035,SG12,0bd16ea221d0f9caafd5eec5184871562b5a6230d3a43f45a13a1c37f4a63965,d5dcf1a7d5f2213de1a53aeb5446da2d7bd06d162f7476ff47aa131e0eccc8c7
cga-experiments-v1,eps-p4-d1-k3,epsilon_001,0.01,5,5,quasi_rel,0.2660336719257004,SG12,0bd16ea221d0f9caafd5eec5184871562b5a6230d3a43f45a13a1c37f4a63965,d5dcf1a7d5f2213de1a53aeb5446da2d7bd06d162f7476ff47aa131e0eccc8c7
cga-experiments-v1,eps-p4-d1-k3,epsilon_001,0.01,6,6,energy_gap_raw,0.13120775105721805,SG12,0bd16ea221d0f9caafd5eec5184871562b5a6230d3a43f45a13a1c37f4a63965,d5dcf1a7d5f2213de1a53aeb5446da2d7bd06d162f7476ff47aa131e0eccc8c7
cga-experiments-v1,eps-p4-d1-k3,epsilon_001,0.01,6,6,bregman_gap,0.13120775105717916,SG12,0bd16ea221d0f9caafd5eec5184871562b5a6230d3a43f45a13a1c37f4a63965,d5dcf1a7d5f2213de1a53aeb5446da2d7bd06d162f7476ff47aa131e0eccc8c7
cga-experiments-v1,eps-p4-d1-k3,epsilon_001,0.01,6,6,l2_rel,0.02517262438062257,SG12,0bd16ea221d0f9caafd5eec5184871562b5a6230d3a43f45a13a1c37f4a63965,d5dcf1a7d5f2213de1a53aeb5446da2d7bd06d162f7476ff47aa131e0eccc8c7
cga-experiments-v1,eps-p4-d1-k3,epsilon_001,0.01,6,6,natural_rel,0.04551342133888522,SG12,0bd16ea221d0f9caafd5eec5184871562b5a6230d3a43f45a13a1c37f4a63965,d5dcf1a7d5f2213de1a53aeb5446da2d7bd06d162f7476ff47aa131e0eccc8c7
cga-experiments-v1,eps-p4-d1-k3,epsilon_001,0.01,6,6,w1p_full_rel,0.04550665287259095,SG12,0bd16ea221d0f9caafd5eec5184871562b5a6230d3a43f45a13a1c37f4a63965,d5dcf1a7d5f2213de1a53aeb5446da2d7bd06d162f7476ff47aa131e0eccc8c7
cga-experiments-v1,eps-p4-d1-k3,epsilon_001,0.01,6,6,quasi_rel,0.02418393565075102,SG12,0bd16ea221d0f9caafd5eec5184871562b5a6230d3a43f45a13a1c37f4a63965,d5dcf1a7d5f2213de1a53aeb5446da2d7bd06d162f7476ff47aa131e0eccc8c7
cga-experiments-v1,eps-p4-d1-k3,epsilon_001,0.01,7,7,energy_gap_raw,0.10829546244286803,SG12,0bd16ea221d0f9caafd5eec5184871562b5a6230d3a43f45a13a1c37f4a63965,d5dcf1a7d5f2213de1a53aeb5446da2d7bd06d162f7476ff47aa131e0eccc8c7
cga-experiments-v1,eps-p4-d1-k3,epsilon_001,0.01,7,7,bregman_gap,0.10829546244288042,SG12,0bd16ea221d0f9caafd5eec5184871562b5a6230d3a43f45a13a1c37f4a63965,d5dcf1a7d5f2213de1a53aeb5446da2d7bd06d162f7476ff47aa131e0eccc8c7
cga-experiments-v1,eps-p4-d1-k3,epsilon_001,0.01,7,7,l2_rel,0.023761108854906156,SG12,0bd16ea221d0f9caafd5eec5184871562b5a6230d3a43f45a13a1c37f4a63965,d5dcf1a7d5f2213de1a53aeb5446da2d7bd06d162f7476ff47aa131e0eccc8c7
cga-experiments-v1,eps-p4-d1-k3,epsilon_001,0.01,7,7,natural_rel,0.03378602148453305,SG12,0bd16ea221d0f9caafd5eec5184871562b5a6230d3a43f45a13a1c37f4a63965,d5dcf1a7d5f2213de1a53aeb5446da2d7bd06d162f7476ff47aa131e0eccc8c7
cga-experiments-v1,eps-p4-d1-k3,epsilon_001,0.01,7,7,w1p_full_rel,0.0337816103467756,SG12,0bd16ea221d0f9caafd5eec5184871562b5a6230d3a43f45a13a1c37f4a63965,d5dcf1a7d5f2213de1a53aeb5446da2d7bd06d162f7476ff47aa131e0eccc8c7
cga-experiments-v1,eps-p4-d1-k3,epsilon_001,0.01,7,7,quasi_rel,0.021985183562968344,SG12,0bd16ea221d0f9caafd5eec5184871562b5a6230d3a43f45a13a1c37f4a63965,d5dcf1a7d5f2213de1a53aeb5446da2d7bd06d162f7476ff47aa131e0eccc8c7
cga-experiments-v1,eps-p4-d1-k3,epsilon_001,0.01,8,8,energy_gap_raw,0.02307217333270728,SG12,0bd16ea221d0f9caafd5eec5184871562b5a6230d3a43f45a13a1c37f4a63965,d5dcf1a7d5f2213de1a53aeb5446da2d7bd06d162f7476ff47aa131e0eccc8c7
cga-experiments-v1,eps-p4-d1-k3,epsilon_001,0.01,8,8,bregman_gap,0.023072173332686696,SG12,0bd16ea221d0f9caafd5eec5184871562b5a6230d3a43f45a13a1c37f4a63965,d5dcf1a7d5f2213de1a53aeb5446da2d7bd06d162f7476ff47aa131e0eccc8c7
cga-experiments-v1,eps-p4-d1-k3,epsilon_001,0.01,8,8,l2_rel,0.005988470301714444,SG12,0bd16ea221d0f9caafd5eec5184871562b5a6230d3a43f45a13a1c37f4a63965,d5dcf1a7d5f2213de1a53aeb5446da2d7bd06d162f7476ff47aa131e0eccc8c7
cga-experiments-v1,eps-p4-d1-k3,epsilon_001,0.01,8,8,natural_rel,0.035064922802670616,SG12,0bd16ea221d0f9caafd5eec5184871562b5a6230d3a43f45a13a1c37f4a63965,d5dcf1a7d5f2213de1a53aeb5446da2d7bd06d162f7476ff47aa131e0eccc8c7
cga-experiments-v1,eps-p4-d1-k3,epsilon_001,0.01,8,8,w1p_full_rel,0.03505930474789591,SG12,0bd16ea221d0f9caafd5eec5184871562b5a6230d3a43f45a13a1c37f4a63965,d5dcf1a7d5f2213de1a53aeb5446da2d7bd06d162f7476ff47aa131e0eccc8c7
cga-experiments-v1,eps-p4-d1-k3,epsilon_001,0.01,8,8,quasi_rel,0.010158475819520186,SG12,0bd16ea221d0f9caafd5eec5184871562b5a6230d3a43f45a13a1c37f4a63965,d5dcf1a7d5f2213de1a53aeb5446da2d7bd06d162f7476ff47aa131e0eccc8c7
cga-experiments-v1,eps-p4-d1-k3,epsilon_001,0.01,9,9,energy_gap_raw,0.014561837992857818,SG12,0bd16ea221d0f9caafd5eec5184871562b5a6230d3a43f45a13a1c37f4a63965,d5dcf1a7d5f2213de1a53aeb5446da2d7bd06d162f7476ff47aa131e0eccc8c7
cga-experiments-v1,eps-p4-d1-k3,epsilon_001,0.01,9,9,bregman_gap,0.014561837992832057,SG12,0bd16ea221d0f9caafd5eec5184871562b5a6230d3a43f45a13a1c37f4a63965,d5dcf1a7d5f2213de1a53aeb5446da2d7bd06d162f7476ff47aa131e0eccc8c7
cga-experiments-v1,eps-p4-d1-k3,epsilon_001,0.01,9,9,l2_rel,0.007074743796974247,SG12,0bd16ea221d0f9caafd5eec5184871562b5a6230d3a43f45a13a1c37f4a63965,d5dcf1a7d5f2213de1a53aeb5446da2d7bd06d162f7476ff47aa131e0eccc8c7
cga-experiments-v1,eps-p4-d1-k3,epsilon_001,0.01,9,9,natural_rel,0.015351520867399824,SG12,0bd16ea221d0f9caafd5eec5184871562b5a6230d3a43f45a13a1c37f4a63965,d5dcf1a7d5f2213de1a53aeb5446da2d7bd06d162f7476ff47aa131e0eccc8c7
cga-experiments-v1,eps-p4-d1-k3,epsilon_001,0.01,9,9,w1p_full_rel,0.01534914587126375,SG12,0bd16ea221d0f9caafd5eec5184871562b5a6230d3a43f45a13a1c37f4a63965,d5dcf1a7d5f2213de1a53aeb5446da2d7bd06d162f7476ff47aa131e0eccc8c7
cga-experiments-v1,eps-p4-d1-k3,epsilon_001,0.01,9,9,quasi_rel,0.008100565113160773,SG12,0bd16ea221d0f9caafd5eec5184871562b5a6230d3a43f45a13a1c37f4a63965,d5dcf1a7d5f2213de1a53aeb5446da2d7bd06d162f7476ff47aa131e0eccc8c7
cga-experiments-v1,eps-p4-d1-k3,epsilon_001,0.01,10,10,energy_gap_raw,0.013898383555158489,SG12,0bd16ea221d0f9caafd5eec5184871562b5a6230d3a43f45a13a1c37f4a63965,d5dcf1a7d5f2213de1a53aeb5446da2d7bd06d162f7476ff47aa131e0eccc8c7
cga-experiments-v1,eps-p4-d1-k3,epsilon_001,0.01,10,10,bregman_gap,0.013898383555126896,SG12,0bd16ea221d0f9caafd5eec5184871562b5a6230d3a43f45a13a1c37f4a63965,d5dcf1a7d5f2213de1a53aeb5446da2d7bd06d162f7476ff47aa131e0eccc8c7
cga-experiments-v1,eps-p4-d1-k3,epsilon_001,0.01,10,10,l2_rel,0.007531640496050499,SG12,0bd16ea221d0f9caafd5eec5184871562b5a6230d3a43f45a13a1c37f4a63965,d5dcf1a7d5f2213de1a53aeb5446da2d7bd06d162f7476ff47aa131e0eccc8c7
cga-experiments-v1,eps-p4-d1-k3,epsilon_001,0.01,10,10,natural_rel,0.015880488404278168,SG12,0bd16ea221d0f9caafd5eec5184871562b5a6230d3a43f45a13a1c37f4a63965,d5dcf1a7d5f2213de1a53aeb5446da2d7bd06d162f7476ff47aa131e0eccc8c7
cga-experiments-v1,eps-p4-d1-k3,epsilon_001,0.01,10,10,w1p_full_rel,0.015878041054361594,SG12,0bd16ea221d0f9caafd5eec5184871562b5a6230d3a43f45a13a1c37f4a63965,d5dcf1a7d5f2213de1a53aeb5446da2d7bd06d162f7476ff47aa131e0eccc8c7
cga-experiments-v1,eps-p4-d1-k3,epsilon_001,0.01,10,10,quasi_rel,0.007907544495674323,SG12,0bd16ea221d0f9caafd5eec5184871562b5a6230d3a43f45a13a1c37f4a63965,d5dcf1a7d5f2213de1a53aeb5446da2d7bd06d162f7476ff47aa131e0eccc8c7
cga-experiments-v1,eps-p4-d1-k3,epsilon_001,0.01,11,11,energy_gap_raw,0.008965864807976232,SG12,0bd16ea221d0f9caafd5eec5184871562b5a6230d3a43f45a13a1c37f4a63965,d5dcf1a7d5f2213de1a53aeb5446da2d7bd06d162f7476ff47aa131e0eccc8c7
cga-experiments-v1,eps-p4-d1-k3,epsilon_001,0.01,11,11,bregman_gap,0.008965864808012402,SG12,0bd16ea221d0f9caafd5eec5184871562b5a6230d3a43f45a13a1c37f4a63965,d5dcf1a7d5f2213de1a53aeb5446da2d7bd06d162f7476ff47aa131e0eccc8c7
cga-experiments-v1,eps-p4-d1-k3,epsilon_001,0.01,11,11,l2_rel,0.005062316769988394,SG12,0bd16ea221d0f9caafd5eec5184871562b5a6230d3a43f45a13a1c37f4a63965,d5dcf1a7d5f2213de1a53aeb5446da2d7bd06d162f7476ff47aa131e0eccc8c7
cga-experiments-v1,eps-p4-d1-k3,epsilon_001,0.01,11,11,natural_rel,0.010356876495271896,SG12,0bd16ea221d0f9caafd5eec5184871562b5a6230d3a43f45a13a1c37f4a63965,d5dcf1a7d5f2213de1a53aeb5446da2d7bd06d162f7476ff47aa131e0eccc8c7
cga-experiments-v1,eps-p4-d1-k3,epsilon_001,0.01,11,11,w1p_full_rel,0.010355286897523963,SG12,0bd16ea221d0f9caafd5eec5184871562b5a6230d3a43f45a13a1c37f4a63965,d5dcf1a7d5f2213de1a53aeb5446da2d7bd06d162f7476ff47aa131e0eccc8c7
cga-experiments-v1,eps-p4-d1-k3,epsilon_001,0.01,11,11,quasi_rel,0.006384509930124925,SG12,0bd16ea221d0f9caafd5eec5184871562b5a6230d3a43f45a13a1c37f4a63965,d5dcf1a7d5f2213de1a53aeb5446da2d7bd06d162f7476ff47aa131e0eccc8c7
cga-experiments-v1,eps-p4-d1-k3,epsilon_001,0.01,12,12,energy_gap_raw,0.0026420935828923575,SG12,0bd16ea221d0f9caafd5eec5184871562b5a6230d3a43f45a13a1c37f4a63965,d5dcf1a7d5f2213de1a53aeb5446da2d7bd06d162f7476ff47aa131e0eccc8c7
cga-experiments-v1,eps-p4-d1-k3,epsilon_001,0.01,12,12,bregman_gap,0.002642093582871142,SG12,0bd16ea221d0f9caafd5eec5184871562b5a6230d3a43f45a13a1c37f4a63965,d5dcf1a7d5f2213de1a53aeb5446da2d7bd06d162f7476ff47aa131e0eccc8c7
cga-experiments-v1,eps-p4-d1-k3,epsilon_001,0.01,12,12,l2_rel,0.001487825803888107,SG12,0bd16ea221d0f9caafd5eec5184871562b5a6230d3a43f45a13a1c37f4a63965,d5dcf1a7d5f2213de1a53aeb5446da2d7bd06d162f7476ff47aa131e0eccc8c7
cga-experiments-v1,eps-p4-d1-k3,epsilon_001,0.01,12,12,natural_rel,0.005760263684081566,SG12,0bd16ea221d0f9caafd5eec5184871562b5a6230d3a43f45a13a1c37f4a63965,d5dcf1a7d5f2213de1a53aeb5446da2d7bd06d162f7476ff47aa131e0eccc8c7
cga-experiments-v1,eps-p4-d1-k3,epsilon_001,0.01,12,12,w1p_full_rel,0.00575934349566625,SG12,0bd16ea221d0f9caafd5eec5184871562b5a6230d3a43f45a13a1c37f4a63965,d5dcf1a7d5f2213de1a53aeb5446da2d7bd06d162f7476ff47aa131e0eccc8c7
cga-experiments-v1,eps-p4-d1-k3,epsilon_001,0.01,12,12,quasi_rel,0.0034704521177015514,SG12,0bd16ea221d0f9caafd5eec5184871562b5a6230d3a43f45a13a1c37f4a63965,d5dcf1a7d5f2213de1a53aeb5446da2d7bd06d162f7476ff47aa131e0eccc8c7
cga-experiments-v1,eps-p4-d1-k3,epsilon_001,0.01,13,13,energy_gap_raw,0.0010944251145019734,SG12,0bd16ea221d0f9caafd5eec5184871562b5a6230d3a43f45a13a1c37f4a63965,d5dcf1a7d5f2213de1a53aeb5446da2d7bd06d162f7476ff47aa131e0eccc8c7
cga-experiments-v1,eps-p4-d1-k3,epsilon_001,0.01,13,13,bregman_gap,0.0010944251144664548,SG12,0bd16ea221d0f9caafd5eec5184871562b5a6230d3a43f45a13a1c37f4a63965,d5dcf1a7d5f2213de1a53aeb5446da2d7bd06d162f7476ff47aa131e0eccc8c7
cga-experiments-v1,eps-p4-d1-k3,epsilon_001,0.01,13,13,l2_rel,0.0026767253540932266,SG12,0bd16ea221d0f9caafd5eec5184871562b5a6230d3a43f45a13a1c37f4a63965,d5dcf1a7d5f2213de1a53aeb5446da2d7bd06d162f7476ff47aa131e0eccc8c7
cga-experiments-v1,eps-p4-d1-k3,epsilon_001,0.01,13,13,natural_rel,0.005612395043532379,SG12,0bd16ea221d0f9caafd5eec5184871562b5a6230d3a43f45a13a1c37f4a63965,d5dcf1a7d5f2213de1a53aeb5446da2d7bd06d162f7476ff47aa131e0eccc8c7
cga-experiments-v1,eps-p4-d1-k3,epsilon_001,0.01,13,13,w1p_full_rel,0.005611528421998963,SG12,0bd16ea221d0f9caafd5eec5184871562b5a6230d3a43f45a13a1c37f4a63965,d5dcf1a7d5f2213de1a53aeb5446da2d7bd06d162f7476ff47aa131e0eccc8c7
cga-experiments-v1,eps-p4-d1-k3,epsilon_001,0.01,13,13,quasi_rel,0.0022339204791953105,SG12,0bd16ea221d0f9caafd5eec5184871562b5a6230d3a43f45a13a1c37f4a63965,d5dcf1a7d5f2213de1a53aeb5446da2d7bd06d162f7476ff47aa131e0eccc8c7
cga-experiments-v1,eps-p4-d1-k3,epsilon_001,0.01,14,14,energy_gap_raw,0.0010583061895772516,SG12,0bd16ea221d0f9caafd5eec5184871562b5a6230d3a43f45a13a1c37f4a63965,d5dcf1a7d5f2213de1a53aeb5446da2d7bd06d162f7476ff47aa131e0eccc8c7
cga-experiments-v1,eps-p4-d1-k3,epsilon_001,0.01,14,14,bregman_gap,0.0010583061895455168,SG12,0bd16ea221d0f9caafd5eec5184871562b5a6230d3a43f45a13a1c37f4a63965,d5dcf1a7d5f2213de1a53aeb5446da2d7bd06d162f7476ff47aa131e0eccc8c7
cga-experiments-v1,eps-p4-d1-k3,epsilon_001,0.01,14,14,l2_rel,0.002681513636195804,SG12,0bd16ea221d0f9caafd5eec5184871562b5a6230d3a43f45a13a1c37f4a63965,d5dcf1a7d5f2213de1a53aeb5446da2d7bd06d162f7476ff47aa131e0eccc8c7
cga-experiments-v1,eps-p4-d1-k3,epsilon_001,0.01,14,14,natural_rel,0.005206648647999024,SG12,0bd16ea221d0f9caafd5eec5184871562b5a6230d3a43f45a13a1c37f4a63965,d5dcf1a7d5f2213de1a53aeb5446da2d7bd06d162f7476ff47aa131e0eccc8c7
cga-experiments-v1,eps-p4-d1-k3,epsilon_001,0.01,14,14,w1p_full_rel,0.005205855555220285,SG12,0bd16ea221d0f9caafd5eec5184871562b5a6230d3a43f45a13a1c37f4a63965,d5dcf1a7d5f2213de1a53aeb5446da2d7bd06d162f7476ff47aa131e0eccc8c7
cga-experiments-v1,eps-p4-d1-k3,epsilon_001,0.01,14,14,quasi_rel,0.0021970385605974913,SG12,0bd16ea221d0f9caafd5eec5184871562b5a6230d3a43f45a13a1c37f4a63965,d5dcf1a7d5f2213de1a53aeb5446da2d7bd06d162f7476ff47aa131e0eccc8c7
cga-experiments-v1,eps-p4-d1-k3,epsilon_001,0.01,15,15,energy_gap_raw,0.001020032832286688,SG12,0bd16ea221d0f9caafd5eec5184871562b5a6230d3a43f45a13a1c37f4a63965,d5dcf1a7d5f2213de1a53aeb5446da2d7bd06d162f7476ff47aa131e0eccc8c7
cga-experiments-v1,eps-p4-d1-k3,epsilon_001,0.01,15,15,bregman_gap,0.0010200328322800141,SG12,0bd16ea221d0f9caafd5eec5184871562b5a6230d3a43f45a13a1c37f4a63965,d5dcf1a7d5f2213de1a53aeb5446da2d7bd06d162f7476ff47aa131e0eccc8c7
cga-experiments-v1,eps-p4-d1-k3,epsilon_001,0.01,15,15,l2_rel,0.0027302214796019316,SG12,0bd16ea221d0f9caafd5eec5184871562b5a6230d3a43f45a13a1c37f4a63965,d5dcf1a7d5f2213de1a53aeb5446da2d7bd06d162f7476ff47aa131e0eccc8c7
cga-experiments-v1,eps-p4-d1-k3,epsilon_001,0.01,15,15,natural_rel,0.005528846246046094,SG12,0bd16ea221d0f9caafd5eec5184871562b5a6230d3a43f45a13a1c37f4a63965,d5dcf1a7d5f2213de1a53aeb5446da2d7bd06d162f7476ff47aa131e0eccc8c7
cga-experiments-v1,eps-p4-d1-k3,epsilon_001,0.01,15,15,w1p_full_rel,0.005527997352758698,SG12,0bd16ea221d0f9caafd5eec5184871562b5a6230d3a43f45a13a1c37f4a63965,d5dcf1a7d5f2213de1a53aeb5446da2d7bd06d162f7476ff47aa131e0eccc8c7
cga-experiments-v1,eps-p4-d1-k3,epsilon_001,0.01,15,15,quasi_rel,0.002156705969562778,SG12,0bd16ea221d0f9caafd5eec5184871562b5a6230d3a43f45a13a1c37f4a63965,d5dcf1a7d5f2213de1a53aeb5446da2d7bd06d162f7476ff47aa131e0eccc8c7
cga-experiments-v1,eps-p4-d1-k3,epsilon_001,0.01,16,16,energy_gap_raw,0.001008111556473068,SG12,0bd16ea221d0f9caafd5eec5184871562b5a6230d3a43f45a13a1c37f4a63965,d5dcf1a7d5f2213de1a53aeb5446da2d7bd06d162f7476ff47aa131e0eccc8c7
cga-experiments-v1,eps-p4-d1-k3,epsilon_001,0.01,16,16,bregman_gap,0.0010081115564527714,SG12,0bd16ea221d0f9caafd5eec5184871562b5a6230d3a43f45a13a1c37f4a63965,d5dcf1a7d5f2213de1a53aeb5446da2d7bd06d162f7476ff47aa131e0eccc8c7
cga-experiments-v1,eps-p4-d1-k3,epsilon_001,0.01,16,16,l2_rel,0.002722995681944679,SG12,0bd16ea221d0f9caafd5eec5184871562b5a6230d3a43f45a13a1c37f4a63965,d5dcf1a7d5f2213de1a53aeb5446da2d7bd06d162f7476ff47aa131e0eccc8c7
cga-experiments-v1,eps-p4-d1-k3,epsilon_001,0.01,16,16,natural_rel,0.005144725286363292,SG12,0bd16ea221d0f9caafd5eec5184871562b5a6230d3a43f45a13a1c37f4a63965,d5dcf1a7d5f2213de1a53aeb5446da2d7bd06d162f7476ff47aa131e0eccc8c7
cga-experiments-v1,eps-p4-d1-k3,epsilon_001,0.01,16,16,w1p_full_rel,0.005143946305344111,SG12,0bd16ea221d0f9caafd5eec5184871562b5a6230d3a43f45a13a1c37f4a63965,d5dcf1a7d5f2213de1a53aeb5446da2d7bd06d162f7476ff47aa131e0eccc8c7
cga-experiments-v1,eps-p4-d1-k3,epsilon_001,0.01,16,16,quasi_rel,0.0021442872178311333,SG12,0bd16ea221d0f9caafd5eec5184871562b5a6230d3a43f45a13a1c37f4a63965,d5dcf1a7d5f2213de1a53aeb5446da2d7bd06d162f7476ff47aa131e0eccc8c7
cga-experiments-v1,eps-p4-d1-k3,epsilon_001,0.01,17,17,energy_gap_raw,0.0003128813728494606,SG12,0bd16ea221d0f9caafd5eec5184871562b5a6230d3a43f45a13a1c37f4a63965,d5dcf1a7d5f2213de1a53aeb5446da2d7bd06d162f7476ff47aa131e0eccc8c7
cga-experiments-v1,eps-p4-d1-k3,epsilon_001,0.01,17,17,bregman_gap,0.0003128813729129594,SG12,0bd16ea221d0f9caafd5eec5184871562b5a6230d3a43f45a13a1c37f4a63965,d5dcf1a7d5f2213de1a53aeb5446da2d7bd06d162f7476ff47aa131e0eccc8c7
cga-experiments-v1,eps-p4-d1-k3,epsilon_001,0.01,17,17,l2_rel,0.0015241056880386493,SG12,0bd16ea221d0f9caafd5eec5184871562b5a6230d3a43f45a13a1c37f4a63965,d5dcf1a7d5f2213de1a53aeb5446da2d7bd06d162f7476ff47aa131e0eccc8c7
cga-experiments-v1,eps-p4-d1-k3,epsilon_001,0.01,17,17,natural_rel,0.0032914295225736005,SG12,0bd16ea221d0f9caafd5eec5184871562b5a6230d3a43f45a13a1c37f4a63965,d5dcf1a7d5f2213de1a53aeb5446da2d7bd06d162f7476ff47aa131e0eccc8c7
cga-experiments-v1,eps-p4-d1-k3,epsilon_001,0.01,17,17,w1p_full_rel,0.0032909188454518126,SG12,0bd16ea221d0f9caafd5eec5184871562b5a6230d3a43f45a13a1c37f4a63965,d5dcf1a7d5f2213de1a53aeb5446da2d7bd06d162f7476ff47aa131e0eccc8c7
cga-experiments-v1,eps-p4-d1-k3,epsilon_001,0.01,17,17,quasi_rel,0.0011956644223341387,SG12,0bd16ea221d0f9caafd5eec5184871562b5a6230d3a43f45a13a1c37f4a63965,d5dcf1a7d5f2213de1a53aeb5446da2d7bd06d162f7476ff47aa131e0eccc8c7
cga-experiments-v1,eps-p4-d1-k3,epsilon_001,0.01,18,18,energy_gap_raw,0.0002823667329607815,SG12,0bd16ea221d0f9caafd5eec5184871562b5a6230d3a43f45a13a1c37f4a63965,d5dcf1a7d5f2213de1a53aeb5446da2d7bd06d162f7476ff47aa131e0eccc8c7
cga-experiments-v1,eps-p4-d1-k3,epsilon_001,0.01,18,18,bregman_gap,0.0002823667328556078,SG12,0bd16ea221d0f9caafd5eec5184871562b5a6230d3a43f45a13a1c37f4a63965,d5dcf1a7d5f2213de1a53aeb5446da2d7bd06d162f7476ff47aa131e0eccc8c7
cga-experiments-v1,eps-p4-d1-k3,epsilon_001,0.01,18,18,l2_rel,0.0016803535372981698,SG12,0bd16ea221d0f9caafd5eec5184871562b5a6230d3a43f45a13a1c37f4a63965,d5dcf1a7d5f2213de1a53aeb5446da2d7bd06d162f7476ff47aa131e0eccc8c7
cga-experiments-v1,eps-p4-d1-k3,epsilon_001,0.01,18,18,natural_rel,0.0035867003649797994,SG12,0bd16ea221d0f9caafd5eec5184871562b5a6230d3a43f45a13a1c37f4a63965,d5dcf1a7d5f2213de1a53aeb5446da2d7bd06d162f7476ff47aa131e0eccc8c7
cga-experiments-v1,eps-p4-d1-k3,epsilon_001,0.01,18,18,w1p_full_rel,0.003586144736513107,SG12,0bd16ea221d0f9caafd5eec5184871562b5a6230d3a43f45a13a1c37f4a63965,d5dcf1a7d5f2213de1a53aeb5446da2d7bd06d162f7476ff47aa131e0eccc8c7
cga-experiments-v1,eps-p4-d1-k3,epsilon_001,0.01,18,18,quasi_rel,0.001136441846209841,SG12,0bd16ea221d0f9caafd5eec5184871562b5a6230d3a43f45a13a1c37f4a63965,d5dcf1a7d5f2213de1a53aeb5446da2d7bd06d162f7476ff47aa131e0eccc8c7
cga-experiments-v1,eps-p4-d1-k3,epsilon_001,0.01,19,19,energy_gap_raw,4.3494367560015235e-05,SG12,0bd16ea221d0f9caafd5eec5184871562b5a6230d3a43f45a13a1c37f4a63965,d5dcf1a7d5f2213de1a53aeb5446da2d7bd06d162f7476ff47aa131e0eccc8c7
cga-experiments-v1,eps-p4-d1-k3,epsilon_001,0.01,19,19,bregman_gap,4.349436747190485e-05,SG12,0bd16ea221d0f9caafd5eec5184871562b5a6230d3a43f45a13a1c37f4a63965,d5dcf1a7d5f2213de1a53aeb5446da2d7bd06d162f7476ff47aa131e0eccc8c7
cga-experiments-v1,eps-p4-d1-k3,epsilon_001,0.01,19,19,l2_rel,0.00023734047010471815,SG12,0bd16ea221d0f9caafd5eec5184871562b5a6230d3a43f45a13a1c37f4a63965,d5dcf1a7d5f2213de1a53aeb5446da2d7bd06d162f7476ff47aa131e0eccc8c7
cga-experiments-v1,eps-p4-d1-k3,epsilon_001,0.01,19,19,natural_rel,0.0008173475841172221,SG12,0bd16ea221d0f9caafd5eec5184871562b5a6230d3a43f45a13a1c37f4a63965,d5dcf1a7d5f2213de1a53aeb5446da2d7bd06d162f7476ff47aa131e0eccc8c7
cga-experiments-v1,eps-p4-d1-k3,epsilon_001,0.01,19,19,w1p_full_rel,0.0008172172280889622,SG12,0bd16ea221d0f9caafd5eec5184871562b5a6230d3a43f45a13a1c37f4a63965,d5dcf1a7d5f2213de1a53aeb5446da2d7bd06d162f7476ff47aa131e0eccc8c7
cga-experiments-v1,eps-p4-d1-k3,epsilon_001,0.01,19,19,quasi_rel,0.00044546650810164284,SG12,0bd16ea221d0f9caafd5eec5184871562b5a6230d3a43f45a13a1c37f4a63965,d5dcf1a7d5f2213de1a53aeb5446da2d7bd06d162f7476ff47aa131e0eccc8c7
cga-experiments-v1,eps-p4-d1-k3,epsilon_001,0.01,20,20,energy_gap_raw,4.097417183857033e-05,SG12,0bd16ea221d0f9caafd5eec5184871562b5a6230d3a43f45a13a1c37f4a63965,d5dcf1a7d5f2213de1a53aeb5446da2d7bd06d162f7476ff47aa131e0eccc8c7
cga-experiments-v1,eps-p4-d1-k3,epsilon_001,0.01,20,20,bregman_gap,4.0974171781575514e-05,SG12,0bd16ea221d0f9caafd5eec5184871562b5a6230d3a43f45a13a1c37f4a63965,d5dcf1a7d5f2213de1a53aeb5446da2d7bd06d162f7476ff47aa131e0eccc8c7
cga-experiments-v1,eps-p4-d1-k3,epsilon_001,0.01,20,20,l2_rel,0.0002359765855507543,SG12,0bd16ea221d0f9caafd5eec5184871562b5a6230d3a43f45a13a1c37f4a63965,d5dcf1a7d5f2213de1a53aeb5446da2d7bd06d162f7476ff47aa131e0eccc8c7
cga-experiments-v1,eps-p4-d1-k3,epsilon_001,0.01,20,20,natural_rel,0.0007515294354903688,SG12,0bd16ea221d0f9caafd5eec5184871562b5a6230d3a43f45a13a1c37f4a63965,d5dcf1a7d5f2213de1a53aeb5446da2d7bd06d162f7476ff47aa131e0eccc8c7
cga-experiments-v1,eps-p4-d1-k3,epsilon_001,0.01,20,20,w1p_full_rel,0.0007514098008637938,SG12,0bd16ea221d0f9caafd5eec5184871562b5a6230d3a43f45a13a1c37f4a63965,d5dcf1a7d5f2213de1a53aeb5446da2d7bd06d162f7476ff47aa131e0eccc8c7
cga-experiments-v1,eps-p4-d1-k3,epsilon_001,0.01,20,20,quasi_rel,0.0004323627123283662,SG12,0bd16ea221d0f9caafd5eec5184871562b5a6230d3a43f45a13a1c37f4a63965,d5dcf1a7d5f2213de1a53aeb5446da2d7bd06d162f7476ff47aa131e0eccc8c7
cga-experiments-v1,eps-p4-d1-k3,epsilon_001,0.01,21,21,energy_gap_raw,3.436017072999675e-05,SG12,0bd16ea221d0f9caafd5eec5184871562b5a6230d3a43f45a13a1c37f4a63965,d5dcf1a7d5f2213de1a53aeb5446da2d7bd06d162f7476ff47aa131e0eccc8c7
cga-experiments-v1,eps-p4-d1-k3,epsilon_001,0.01,21,21,bregman_gap,3.436017069329437e-05,SG12,0bd16ea221d0f9caafd5eec5184871562b5a6230d3a43f45a13a1c37f4a63965,d5dcf1a7d5f2213de1a53aeb5446da2d7bd06d162f7476ff47aa131e0eccc8c7
cga-experiments-v1,eps-p4-d1-k3,epsilon_001,0.01,21,21,l2_rel,0.0002311138979337455,SG12,0bd16ea221d0f9caafd5eec5184871562b5a6230d3a43f45a13a1c37f4a63965,d5dcf1a7d5f2213de1a53aeb5446da2d7bd06d162f7476ff47aa131e0eccc8c7
cga-experiments-v1,eps-p4-d1-k3,epsilon_001,0.01,21,21,natural_rel,0.0008565387219819016,SG12,0bd16ea221d0f9caafd5eec5184871562b5a6230d3a43f45a13a1c37f4a63965,d5dcf1a7d5f2213de1a53aeb5446da2d7bd06d162f7476ff47aa131e0eccc8c7
cga-experiments-v1,eps-p4-d1-k3,epsilon_001,0.01,21,21,w1p_full_rel,0.000856401922228154,SG12,0bd16ea221d0f9caafd5eec5184871562b5a6230d3a43f45a13a1c37f4a63965,d5dcf1a7d5f2213de1a53aeb5446da2d7bd06d162f7476ff47aa131e0eccc8c7
cga-experiments-v1,eps-p4-d1-k3,epsilon_001,0.01,21,21,quasi_rel,0.0003959262993556664,SG12,0bd16ea221d0f9caafd5eec5184871562b5a6230d3a43f45a13a1c37f4a63965,d5dcf1a7d5f2213de1a53aeb5446da2d7bd06d162f7476ff47aa131e0eccc8c7
cga-experiments-v1,eps-p4-d1-k3,epsilon_001,0.01,22,22,energy_gap_raw,3.3848495434085635e-05,SG12,0bd16ea221d0f9caafd5eec5184871562b5a6230d3a43f45a13a1c37f4a63965,d5dcf1a7d5f2213de1a53aeb5446da2d7bd06d162f7476ff47aa131e0eccc8c7
cga-experiments-v1,eps-p4-d1-k3,epsilon_001,0.01,22,22,bregman_gap,3.384849555018516e-05,SG12,0bd16ea221d0f9caafd5eec5184871562b5a6230d3a43f45a13a1c37f4a63965,d5dcf1a7d5f2213de1a53aeb5446da2d7bd06d162f7476ff47aa131e0eccc8c7
cga-experiments-v1,eps-p4-d1-k3,epsilon_001,0.01,22,22,l2_rel,0.00023215874484521277,SG12,0bd16ea221d0f9caafd5eec5184871562b5a6230d3a43f45a13a1c37f4a63965,d5dcf1a7d5f2213de1a53aeb5446da2d7bd06d162f7476ff47aa131e0eccc8c7
cga-experiments-v1,eps-p4-d1-k3,epsilon_001,0.01,22,22,natural_rel,0.0006677995471957726,SG12,0bd16ea221d0f9caafd5eec5184871562b5a6230d3a43f45a13a1c37f4a63965,d5dcf1a7d5f2213de1a53aeb5446da2d7bd06d162f7476ff47aa131e0eccc8c7
cga-experiments-v1,eps-p4-d1-k3,epsilon_001,0.01,22,22,w1p_full_rel,0.0006676936191892172,SG12,0bd16ea221d0f9caafd5eec5184871562b5a6230d3a43f45a13a1c37f4a63965,d5dcf1a7d5f2213de1a53aeb5446da2d7bd06d162f7476ff47aa131e0eccc8c7
cga-experiments-v1,eps-p4-d1-k3,epsilon_001,0.01,22,22,quasi_rel,0.0003929723923794109,SG12,0bd16ea221d0f9caafd5eec5184871562b5a6230d3a43f45a13a1c37f4a63965,d5dcf1a7d5f2213de1a53aeb5446da2d7bd06d162f7476ff47aa131e0eccc8c7
cga-experiments-v1,eps-p4-d1-k3,epsilon_001,0.01,23,23,energy_gap_raw,3.0975879610650736e-05,SG12,0bd16ea221d0f9caafd5eec5184871562b5a6230d3a43f45a13a1c37f4a63965,d5dcf1a7d5f2213de1a53aeb5446da2d7bd06d162f7476ff47aa131e0eccc8c7
cga-experiments-v1,eps-p4-d1-k3,epsilon_001,0.01,23,23,bregman_gap,3.097587956434682e-05,SG12,0bd16ea221d0f9caafd5eec5184871562b5a6230d3a43f45a13a1c37f4a63965,d5dcf1a7d5f2213de1a53aeb5446da2d7bd06d162f7476ff47aa131e0eccc8c7
cga-experiments-v1,eps-p4-d1-k3,epsilon_001,0.01,23,23,l2_rel,0.0002246186530012228,SG12,0bd16ea221d0f9caafd5eec5184871562b5a6230d3a43f45a13a1c37f4a63965,d5dcf1a7d5f2213de1a53aeb5446da2d7bd06d162f7476ff47aa131e0eccc8c7
cga-experiments-v1,eps-p4-d1-k3,epsilon_001,0.01,23,23,natural_rel,0.0006583469932617685,SG12,0bd16ea221d0f9caafd5eec5184871562b5a6230d3a43f45a13a1c37f4a63965,d5dcf1a7d5f2213de1a53aeb5446da2d7bd06d162f7476ff47aa131e0eccc8c7
cga-experiments-v1,eps-p4-d1-k3,epsilon_001,0.01,23,23,w1p_full_rel,0.0006582424831784253,SG12,0bd16ea221d0f9caafd5eec5184871562b5a6230d3a43f45a13a1c37f4a63965,d5dcf1a7d5f2213de1a53aeb5446da2d7bd06d162f7476ff47aa131e0eccc8c7
cga-experiments-v1,eps-p4-d1-k3,epsilon_001,0.01,23,23,quasi_rel,0.0003759260578001422,SG12,0bd16ea221d0f9caafd5eec5184871562b5a6230d3a43f45a13a1c37f4a63965,d5dcf1a7d5f2213de1a53aeb5446da2d7bd06d162f7476ff47aa131e0eccc8c7
cga-experiments-v1,eps-p4-d1-k3,epsilon_001,0.01,24,24,energy_gap_raw,2.911754216938789e-05,SG12,0bd16ea221d0f9caafd5eec5184871562b5a6230d3a43f45a13a1c37f4a63965,d5dcf1a7d5f2213de1a53aeb5446da2d7bd06d162f7476ff47aa131e0eccc8c7
cga-experiments-v1,eps-p4-d1-k3,epsilon_001,0.01,24,24,bregman_gap,2.9117541944263696e-05,SG12,0bd16ea221d0f9caafd5eec5184871562b5a6230d3a43f45a13a1c37f4a63965,d5dcf1a7d5f2213de1a53aeb5446da2d7bd06d162f7476ff47aa131e0eccc8c7
cga-experiments-v1,eps-p4-d1-k3,epsilon_001,0.01,24,24,l2_rel,0.000224062099791947,SG12,0bd16ea221d0f9caafd5eec5184871562b5a6230d3a43f45a13a1c37f4a63965,d5dcf1a7d5f2213de1a53aeb5446da2d7bd06d162f7476ff47aa131e0eccc8c7
cga-experiments-v1,eps-p4-d1-k3,epsilon_001,0.01,24,24,natural_rel,0.0006581361234643567,SG12,0bd16ea221d0f9caafd5eec5184871562b5a6230d3a43f45a13a1c37f4a63965,d5dcf1a7d5f2213de1a53aeb5446da2d7bd06d162f7476ff47aa131e0eccc8c7
cga-experiments-v1,eps-p4-d1-k3,epsilon_001,0.01,24,24,w1p_full_rel,0.0006580316372388619,SG12,0bd16ea221d0f9caafd5eec5184871562b5a6230d3a43f45a13a1c37f4a63965,d5dcf1a7d5f2213de1a53aeb5446da2d7bd06d162f7476ff47aa131e0eccc8c7
cga-experiments-v1,eps-p4-d1-k3,epsilon_001,0.01,24,24,quasi_rel,0.0003644741345810417,SG12,0bd16ea221d0f9caafd5eec5184871562b5a6230d3a43f45a13a1c37f4a63965,d5dcf1a7d5f2213de1a53aeb5446da2d7bd06d162f7476ff47aa131e0eccc8c7
cga-experiments-v1,eps-p4-d1-k3,epsilon_001,0.01,25,25,energy_gap_raw,2.6947206151817227e-05,SG12,0bd16ea221d0f9caafd5eec5184871562b5a6230d3a43f45a13a1c37f4a63965,d5dcf1a7d5f2213de1a53aeb5446da2d7bd06d162f7476ff47aa131e0eccc8c7
cga-experiments-v1,eps-p4-d1-k3,epsilon_001,0.01,25,25,bregman_gap,2.6947206063614497e-05,SG12,0bd16ea221d0f9caafd5eec5184871562b5a6230d3a43f45a13a1c37f4a63965,d5dcf1a7d5f2213de1a53aeb5446da2d7bd06d162f7476ff47aa131e0eccc8c7
cga-experiments-v1,eps-p4-d1-k3,epsilon_001,0.01,25,25,l2_rel,0.00021884888508263986,SG12,0bd16ea221d0f9caafd5eec5184871562b5a6230d3a43f45a13a1c37f4a63965,d5dcf1a7d5f2213de1a53aeb5446da2d7bd06d162f7476ff47aa131e0eccc8c7
cga-experiments-v1,eps-p4-d1-k3,epsilon_001,0.01,25,25,natural_rel,0.0006527437059395278,SG12,0bd16ea221d0f9caafd5eec5184871562b5a6230d3a43f45a13a1c37f4a63965,d5dcf1a7d5f2213de1a53aeb5446da2d7bd06d162f7476ff47aa131e0eccc8c7
cga-experiments-v1,eps-p4-d1-k3,epsilon_001,0.01,25,25,w1p_full_rel,0.0006526400122000657,SG12,0bd16ea221d0f9caafd5eec5184871562b5a6230d3a43f45a13a1c37f4a63965,d5dcf1a7d5f2213de1a53aeb5446da2d7bd06d162f7476ff47aa131e0eccc8c7
cga-experiments-v1,eps-p4-d1-k3,epsilon_001,0.01,25,25,quasi_rel,0.0003506283436543472,SG12,0bd16ea221d0f9caafd5eec5184871562b5a6230d3a43f45a13a1c37f4a63965,d5dcf1a7d5f2213de1a53aeb5446da2d7bd06d162f7476ff47aa131e0eccc8c7
cga-experiments-v1,eps-p4-d1-k3,epsilon_001,0.01,26,26,energy_gap_raw,2.6893509641467972e-05,SG12,0bd16ea221d0f9caafd5eec5184871562b5a6230d3a43f45a13a1c37f4a63965,d5dcf1a7d5f2213de1a53aeb5446da2d7bd06d162f7476ff47aa131e0eccc8c7
cga-experiments-v1,eps-p4-d1-k3,epsilon_001,0.01,26,26,bregman_gap,2.6893509596958644e-05,SG12,0bd16ea221d0f9caafd5eec5184871562b5a6230d3a43f45a13a1c37f4a63965,d5dcf1a7d5f2213de1a53aeb5446da2d7bd06d162f7476ff47aa131e0eccc8c7
cga-experiments-v1,eps-p4-d1-k3,epsilon_001,0.01,26,26,l2_rel,0.00021841830934678843,SG12,0bd16ea221d0f9caafd5eec5184871562b5a6230d3a43f45a13a1c37f4a63965,d5dcf1a7d5f2213de1a53aeb5446da2d7bd06d162f7476ff47aa131e0eccc8c7
cga-experiments-v1,eps-p4-d1-k3,epsilon_001,0.01,26,26,natural_rel,0.000564854674208739,SG12,0bd16ea221d0f9caafd5eec5184871562b5a6230d3a43f45a13a1c37f4a63965,d5dcf1a7d5f2213de1a53aeb5446da2d7bd06d162f7476ff47aa131e0eccc8c7
cga-experiments-v1,eps-p4-d1-k3,epsilon_001,0.01,26,26,w1p_full_rel,0.0005647655827925445,SG12,0bd16ea221d0f9caafd5eec5184871562b5a6230d3a43f45a13a1c37f4a63965,d5dcf1a7d5f2213de1a53aeb5446da2d7bd06d162f7476ff47aa131e0eccc8c7
cga-experiments-v1,eps-p4-d1-k3,epsilon_001,0.01,26,26,quasi_rel,0.00035028068480820267,SG12,0bd16ea221d0f9caafd5eec5184871562b5a6230d3a43f45a13a1c37f4a63965,d5dcf1a7d5f2213de1a53aeb5446da2d7bd06d162f7476ff47aa131e0eccc8c7
cga-experiments-v1,eps-p4-d1-k3,epsilon_001,0.01,27,27,energy_gap_raw,1.1997035926469835e-05,SG12,0bd16ea221d0f9caafd5eec5184871562b5a6230d3a43f45a13a1c37f4a63965,d5dcf1a7d5f2213de1a53aeb5446da2d7bd06d162f7476ff47aa131e0eccc8c7
cga-experiments-v1,eps-p4-d1-k3,epsilon_001,0.01,27,27,bregman_gap,1.199703590879221e-05,SG12,0bd16ea221d0f9caafd5eec5184871562b5a6230d3a43f45a13a1c37f4a63965,d5dcf1a7d5f2213de1a53aeb5446da2d7bd06d162f7476ff47aa131e0eccc8c7
cga-experiments-v1,eps-p4-d1-k3,epsilon_001,0.01,27,27,l2_rel,0.00014206044380550418,SG12,0bd16ea221d0f9caafd5eec5184871562b5a6230d3a43f45a13a1c37f4a63965,d5dcf1a7d5f2213de1a53aeb5446da2d7bd06d162f7476ff47aa131e0eccc8c7
cga-experiments-v1,eps-p4-d1-k3,epsilon_001,0.01,27,27,natural_rel,0.00046448127103688915,SG12,0bd16ea221d0f9caafd5eec5184871562b5a6230d3a43f45a13a1c37f4a63965,d5dcf1a7d5f2213de1a53aeb5446da2d7bd06d162f7476ff47aa131e0eccc8c7
cga-experiments-v1,eps-p4-d1-k3,epsilon_001,0.01,27,27,w1p_full_rel,0.00046440726146829993,SG12,0bd16ea221d0f9caafd5eec5184871562b5a6230d3a43f45a13a1c37f4a63965,d5dcf1a7d5f2213de1a53aeb5446da2d7bd06d162f7476ff47aa131e0eccc8c7
cga-experiments-v1,eps-p4-d1-k3,epsilon_001,0.01,27,27,quasi_rel,0.0002339753322347347,SG12,0bd16ea221d0f9caafd5eec5184871562b5a6230d3a43f45a13a1c37f4a63965,d5dcf1a7d5f2213de1a53aeb5446da2d7bd06d162f7476ff47aa131e0eccc8c7
cga-experiments-v1,eps-p4-d1-k3,epsilon_001,0.01,28,28,energy_gap_raw,4.276760137145175e-06,SG12,0bd16ea221d0f9caafd5eec5184871562b5a6230d3a43f45a13a1c37f4a63965,d5dcf1a7d5f2213de1a53aeb5446da2d7bd06d162f7476ff47aa131e0eccc8c7
cga-experiments-v1,eps-p4-d1-k3,epsilon_001,0.01,28,28,bregman_gap,4.27676011045627e-06,SG12,0bd16ea221d0f9caafd5eec5184871562b5a6230d3a43f45a13a1c37f4a63965,d5dcf1a7d5f2213de1a53aeb5446da2d7bd06d162f7476ff47aa131e0eccc8c7
cga-experiments-v1,eps-p4-d1-k3,epsilon_001,0.01,28,28,l2_rel,7.724342159861331e-05,SG12,0bd16ea221d0f9caafd5eec5184871562b5a6230d3a43f45a13a1c37f4a63965,d5dcf1a7d5f2213de1a53aeb5446da2d7bd06d162f7476ff47aa131e0eccc8c7
cga-experiments-v1,eps-p4-d1-k3,epsilon_001,0.01,28,28,natural_rel,0.00032567685746041995,SG12,0bd16ea221d0f9caafd5eec5184871562b5a6230d3a43f45a13a1c37f4a63965,d5dcf1a7d5f2213de1a53aeb5446da2d7bd06d162f7476ff47aa131e0eccc8c7
cga-experiments-v1,eps-p4-d1-k3,epsilon_001,0.01,28,28,w1p_full_rel,0.0003256247566449895,SG12,0bd16ea221d0f9caafd5eec5184871562b5a6230d3a43f45a13a1c37f4a63965,d5dcf1a7d5f2213de1a53aeb5446da2d7bd06d162f7476ff47aa131e0eccc8c7
cga-experiments-v1,eps-p4-d1-k3,epsilon_001,0.01,28,28,quasi_rel,0.0001396946201654759,SG12,0bd16ea221d0f9caafd5eec5184871562b5a6230d3a43f45a13a1c37f4a63965,d5dcf1a7d5f2213de1a53aeb5446da2d7bd06d162f7476ff47aa131e0eccc8c7
cga-experiments-v1,eps-p4-d1-k3,epsilon_001,0.01,29,29,energy_gap_raw,3.3959726692955883e-06,SG12,0bd16ea221d0f9caafd5eec5184871562b5a6230d3a43f45a13a1c37f4a63965,d5dcf1a7d5f2213de1a53aeb5446da2d7bd06d162f7476ff47aa131e0eccc8c7
cga-experiments-v1,eps-p4-d1-k3,epsilon_001,0.01,29,29,bregman_gap,3.3959726288176502e-06,SG12,0bd16ea221d0f9caafd5eec5184871562b5a6230d3a43f45a13a1c37f4a63965,d5dcf1a7d5f2213de1a53aeb5446da2d7bd06d162f7476ff47aa131e0eccc8c7
cga-experiments-v1,eps-p4-d1-k3,epsilon_001,0.01,29,29,l2_rel,7.687991308637762e-05,SG12,0bd16ea221d0f9caafd5eec5184871562b5a6230d3a43f45a13a1c37f4a63965,d5dcf1a7d5f2213de1a53aeb5446da2d7bd06d162f7476ff47aa131e0eccc8c7
cga-experiments-v1,eps-p4-d1-k3,epsilon_001,0.01,29,29,natural_rel,0.00032610443294625146,SG12,0bd16ea221d0f9caafd5eec5184871562b5a6230d3a43f45a13a1c37f4a63965,d5dcf1a7d5f2213de1a53aeb5446da2d7bd06d162f7476ff47aa131e0eccc8c7
cga-experiments-v1,eps-p4-d1-k3,epsilon_001,0.01,29,29,w1p_full_rel,0.00032605226070612223,SG12,0bd16ea221d0f9caafd5eec5184871562b5a6230d3a43f45a13a1c37f4a63965,d5dcf1a7d5f2213de1a53aeb5446da2d7bd06d162f7476ff47aa131e0eccc8c7
cga-experiments-v1,eps-p4-d1-k3,epsilon_001,0.01,29,29,quasi_rel,0.00012448228344839847,SG12,0bd16ea221d0f9caafd5eec5184871562b5a6230d3a43f45a13a1c37f4a63965,d5dcf1a7d5f2213de1a53aeb5446da2d7bd06d162f7476ff47aa131e0eccc8c7
cga-experiments-v1,eps-p4-d1-k3,epsilon_001,0.01,30,30,energy_gap_raw,3.2954841913124255e-06,SG12,0bd16ea221d0f9caafd5eec5184871562b5a6230d3a43f45a13a1c37f4a63965,d5dcf1a7d5f2213de1a53aeb5446da2d7bd06d162f7476ff47aa131e0eccc8c7
cga-experiments-v1,eps-p4-d1-k3,epsilon_001,0.01,30,30,bregman_gap,3.295484159159485e-06,SG12,0bd16ea221d0f9caafd5eec5184871562b5a6230d3a43f45a13a1c37f4a63965,d5dcf1a7d5f2213de1a53aeb5446da2d7bd06d162f7476ff47aa131e0eccc8c7
cga-experiments-v1,eps-p4-d1-k3,epsilon_001,0.01,30,30,l2_rel,7.682808137101991e-05,SG12,0bd16ea221d0f9caafd5eec5184871562b5a6230d3a43f45a13a1c37f4a63965,d5dcf1a7d5f2213de1a53aeb5446da2d7bd06d162f7476ff47aa131e0eccc8c7
cga-experiments-v1,eps-p4-d1-k3,epsilon_001,0.01,30,30,natural_rel,0.00032619635263429997,SG12,0bd16ea221d0f9caafd5eec5184871562b5a6230d3a43f45a13a1c37f4a63965,d5dcf1a7d5f2213de1a53aeb5446da2d7bd06d162f7476ff47aa131e0eccc8c7
cga-experiments-v1,eps-p4-d1-k3,epsilon_001,0.01,30,30,w1p_full_rel,0.00032614416529888916,SG12,0bd16ea221d0f9caafd5eec5184871562b5a6230d3a43f45a13a1c37f4a63965,d5dcf1a7d5f2213de1a53aeb5446da2d7bd06d162f7476ff47aa131e0eccc8c7
cga-experiments-v1,eps-p4-d1-k3,epsilon_001,0.01,30,30,quasi_rel,0.00012262681101794074,SG12,0bd16ea221d0f9caafd5eec5184871562b5a6230d3a43f45a13a1c37f4a63965,d5dcf1a7d5f2213de1a53aeb5446da2d7bd06d162f7476ff47aa131e0eccc8c7
cga-experiments-v1,eps-p4-d1-k3,epsilon_001,0.01,31,31,energy_gap_raw,3.0387531637643406e-06,SG12,0bd16ea221d0f9caafd5eec5184871562b5a6230d3a43f45a13a1c37f4a63965,d5dcf1a7d5f2213de1a53aeb5446da2d7bd06d162f7476ff47aa131e0eccc8c7
cga-experiments-v1,eps-p4-d1-k3,epsilon_001,0.01,31,31,bregman_gap,3.0387531362931554e-06,SG12,0bd16ea221d0f9caafd5eec5184871562b5a6230d3a43f45a13a1c37f4a63965,d5dcf1a7d5f2213de1a53aeb5446da2d7bd06d162f7476ff47aa131e0eccc8c7
cga-experiments-v1,eps-p4-d1-k3,epsilon_001,0.01,31,31,l2_rel,7.683105562316364e-05,SG12,0bd16ea221d0f9caafd5eec5184871562b5a6230d3a43f45a13a1c37f4a63965,d5dcf1a7d5f2213de1a53aeb5446da2d7bd06d162f7476ff47aa131e0eccc8c7
cga-experiments-v1,eps-p4-d1-k3,epsilon_001,0.01,31,31,natural_rel,0.0003269670529218672,SG12,0bd16ea221d0f9caafd5eec5184871562b5a6230d3a43f45a13a1c37f4a63965,d5dcf1a7d5f2213de1a53aeb5446da2d7bd06d162f7476ff47aa131e0eccc8c7
cga-experiments-v1,eps-p4-d1-k3,epsilon_001,0.01,31,31,w1p_full_rel,0.00032691474110301715,SG12,0bd16ea221d0f9caafd5eec5184871562b5a6230d3a43f45a13a1c37f4a63965,d5dcf1a7d5f2213de1a53aeb5446da2d7bd06d162f7476ff47aa131e0eccc8c7
cga-experiments-v1,eps-p4-d1-k3,epsilon_001,0.01,31,31,quasi_rel,0.0001177538807240119,SG12,0bd16ea221d0f9caafd5eec5184871562b5a6230d3a43f45a13a1c37f4a63965,d5dcf1a7d5f2213de1a53aeb5446da2d7bd06d162f7476ff47aa131e0eccc8c7
cga-experiments-v1,eps-p4-d1-k3,epsilon_001,0.01,32,32,energy_gap_raw,3.0100167123237043e-06,SG12,0bd16ea221d0f9caafd5eec5184871562b5a6230d3a43f45a13a1c37f4a63965,d5dcf1a7d5f2213de1a53aeb5446da2d7bd06d162f7476ff47aa131e0eccc8c7
cga-experiments-v1,eps-p4-d1-k3,epsilon_001,0.01,32,32,bregman_gap,3.010016746107936e-06,SG12,0bd16ea221d0f9caafd5eec5184871562b5a6230d3a43f45a13a1c37f4a63965,d5dcf1a7d5f2213de1a53aeb5446da2d7bd06d162f7476ff47aa131e0eccc8c7
cga-experiments-v1,eps-p4-d1-k3,epsilon_001,0.01,32,32,l2_rel,7.685892323806602e-05,SG12,0bd16ea221d0f9caafd5eec5184871562b5a6230d3a43f45a13a1c37f4a63965,d5dcf1a7d5f2213de1a53aeb5446da2d7bd06d162f7476ff47aa131e0eccc8c7
cga-experiments-v1,eps-p4-d1-k3,epsilon_001,0.01,32,32,natural_rel,0.00032613049000833994,SG12,0bd16ea221d0f9caafd5eec5184871562b5a6230d3a43f45a13a1c37f4a63965,d5dcf1a7d5f2213de1a53aeb5446da2d7bd06d162f7476ff47aa131e0eccc8c7
cga-experiments-v1,eps-p4-d1-k3,epsilon_001,0.01,32,32,w1p_full_rel,0.0003260783133015766,SG12,0bd16ea221d0f9caafd5eec5184871562b5a6230d3a43f45a13a1c37f4a63965,d5dcf1a7d5f2213de1a53aeb5446da2d7bd06d162f7476ff47aa131e0eccc8c7
cga-experiments-v1,eps-p4-d1-k3,epsilon_001,0.01,32,32,quasi_rel,0.00011719582304470062,SG12,0bd16ea221d0f9caafd5eec5184871562b5a6230d3a43f45a13a1c37f4a63965,d5dcf1a7d5f2213de1a53aeb5446da2d7bd06d162f7476ff47aa131e0eccc8c7
cga-experiments-v1,eps-p4-d1-k3,base_pure,0.0,1,1,energy_gap_raw,313.91278600732255,SG12,3da8885406067e143bc145fdad5d1cf191fbf7fe7f8161fb14e7abbe3f235f94,722987bad6031a42f983ab7757406af49aadb4740adabfeb7e772eac213e8eee
cga-experiments-v1,eps-p4-d1-k3,base_pure,0.0,1,1,bregman_gap,313.91278600732255,SG12,3da8885406067e143bc145fdad5d1cf191fbf7fe7f8161fb14e7abbe3f235f94,722987bad6031a42f983ab7757406af49aadb4740adabfeb7e772eac213e8eee
cga-experiments-v1,eps-p4-d1-k3,base_pure,0.0,1,1,l2_rel,0.9657819517899532,SG12,3da8885406067e143bc145fdad5d1cf191fbf7fe7f8161fb14e7abbe3f235f94,722987bad6031a42f983ab7757406af49aadb4740adabfeb7e772eac213e8eee
cga-experiments-v1,eps-p4-d1-k3,base_pure,0.0,1,1,natural_rel,0.909696781818052,SG12,3da8885406067e143bc145fdad5d1cf191fbf7fe7f8161fb14e7abbe3f235f94,722987bad6031a42f983ab7757406af49aadb4740adabfeb7e772eac213e8eee
cga-experiments-v1,eps-p4-d1-k3,base_pure,0.0,1,1,w1p_full_rel,0.9098570249527536,SG12,3da8885406067e143bc145fdad5d1cf191fbf7fe7f8161fb14e7abbe3f235f94,722987bad6031a42f983ab7757406af49aadb4740adabfeb7e772eac213e8eee
cga-experiments-v1,eps-p4-d1-k3,base_pure,0.0,1,1,quasi_rel,0.9324689731407145,SG12,3da8885406067e143bc145fdad5d1cf191fbf7fe7f8161fb14e7abbe3f235f94,722987bad6031a42f983ab7757406af49aadb4740adabfeb7e772eac213e8eee
cga-experiments-v1,eps-p4-d1-k3,base_pure,0.0,2,2,energy_gap_raw,186.0723533281631,SG12,3da8885406067e143bc145fdad5d1cf191fbf7fe7f8161fb14e7abbe3f235f94,722987bad6031a42f983ab7757406af49aadb4740adabfeb7e772eac213e8eee
cga-experiments-v1,eps-p4-d1-k3,base_pure,0.0,2,2,bregman_gap,186.0723533281631,SG12,3da8885406067e143bc145fdad5d1cf191fbf7fe7f8161fb14e7abbe3f235f94,722987bad6031a42f983ab7757406af49aadb4740adabfeb7e772eac213e8eee
cga-experiments-v1,eps-p4-d1-k3,base_pure,0.0,2,2,l2_rel,0.40142794457924547,SG12,3da8885406067e143bc145fdad5d1cf191fbf7fe7f8161fb14e7abbe3f235f94,722987bad6031a42f983ab7757406af49aadb4740adabfeb7e772eac213e8eee
cga-experiments-v1,eps-p4-d1-k3,base_pure,0.0,2,2,natural_rel,0.6777064576186531,SG12,3da8885406067e143bc145fdad5d1cf191fbf7fe7f8161fb14e7abbe3f235f94,722987bad6031a42f983ab7757406af49aadb4740adabfeb7e772eac213e8eee
cga-experiments-v1,eps-p4-d1-k3,base_pure,0.0,2,2,w1p_full_rel,0.6776127424186588,SG12,3da8885406067e143bc145fdad5d1cf191fbf7fe7f8161fb14e7abbe3f235f94,722987bad6031a42f983ab7757406af49aadb4740adabfeb7e772eac213e8eee
cga-experiments-v1,eps-p4-d1-k3,base_pure,0.0,2,2,quasi_rel,0.8916133781043772,SG12,3da8885406067e143bc145fdad5d1cf191fbf7fe7f8161fb14e7abbe3f235f94,722987bad6031a42f983ab7757406af49aadb4740adabfeb7e772eac213e8eee
cga-experiments-v1,eps-p4-d1-k3,base_pure,0.0,3,3,energy_gap_raw,109.73460941639985,SG12,3da8885406067e143bc145fdad5d1cf191fbf7fe7f8161fb14e7abbe3f235f94,722987bad6031a42f983ab7757406af49aadb4740adabfeb7e772eac213e8eee
cga-experiments-v1,eps-p4-d1-k3,base_pure,0.0,3,3,bregman_gap,109.73460941639983,SG12,3da8885406067e143bc145fdad5d1cf191fbf7fe7f8161fb14e7abbe3f235f94,722987bad6031a42f983ab7757406af49aadb4740adabfeb7e772eac213e8eee
cga-experiments-v1,eps-p4-d1-k3,base_pure,0.0,3,3,l2_rel,0.4120842384620178,SG12,3da8885406067e143bc145fdad5d1cf191fbf7fe7f8161fb14e7abbe3f235f94,722987bad6031a42f983ab7757406af49aadb4740adabfeb7e772eac213e8eee
cga-experiments-v1,eps-p4-d1-k3,base_pure,0.0,3,3,natural_rel,0.5914579093104868,SG12,3da8885406067e143bc145fdad5d1cf191fbf7fe7f8161fb14e7abbe3f235f94,722987bad6031a42f983ab7757406af49aadb4740adabfeb7e772eac213e8eee
cga-experiments-v1,eps-p4-d1-k3,base_pure,0.0,3,3,w1p_full_rel,0.5913930383421948,SG12,3da8885406067e143bc145fdad5d1cf191fbf7fe7f8161fb14e7abbe3f235f94,722987bad6031a42f983ab7757406af49aadb4740adabfeb7e772eac213e8eee
cga-experiments-v1,eps-p4-d1-k3,base_pure,0.0,3,3,quasi_rel,0.6857419183469365,SG12,3da8885406067e143bc145fdad5d1cf191fbf7fe7f8161fb14e7abbe3f235f94,722987bad6031a42f983ab7757406af49aadb4740adabfeb7e772eac213e8eee
cga-experiments-v1,eps-p4-d1-k3,base_pure,0.0,4,4,energy_gap_raw,30.87532351367497,SG12,3da8885406067e143bc145fdad5d1cf191fbf7fe7f8161fb14e7abbe3f235f94,722987bad6031a42f983ab7757406af49aadb4740adabfeb7e772eac213e8eee
cga-experiments-v1,eps-p4-d1-k3,base_pure,0.0,4,4,bregman_gap,30.875323513675013,SG12,3da8885406067e143bc145fdad5d1cf191fbf7fe7f8161fb14e7abbe3f235f94,722987bad6031a42f983ab7757406af49aadb4740adabfeb7e772eac213e8eee
cga-experiments-v1,eps-p4-d1-k3,base_pure,0.0,4,4,l2_rel,0.13966396702454054,SG12,3da8885406067e143bc145fdad5d1cf191fbf7fe7f8161fb14e7abbe3f235f94,722987bad6031a42f983ab7757406af49aadb4740adabfeb7e772eac213e8eee
cga-experiments-v1,eps-p4-d1-k3,base_pure,0.0,4,4,natural_rel,0.36828871236250654,SG12,3da8885406067e143bc145fdad5d1cf191fbf7fe7f8161fb14e7abbe3f235f94,722987bad6031a42f983ab7757406af49aadb4740adabfeb7e772eac213e8eee
cga-experiments-v1,eps-p4-d1-k3,base_pure,0.0,4,4,w1p_full_rel,0.3682313988472767,SG12,3da8885406067e143bc145fdad5d1cf191fbf7fe7f8161fb14e7abbe3f235f94,722987bad6031a42f983ab7757406af49aadb4740adabfeb7e772eac213e8eee
cga-experiments-v1,eps-p4-d1-k3,base_pure,0.0,4,4,quasi_rel,0.3673587092632555,SG12,3da8885406067e143bc145fdad5d1cf191fbf7fe7f8161fb14e7abbe3f235f94,722987bad6031a42f983ab7757406af49aadb4740adabfeb7e772eac213e8eee
cga-experiments-v1,eps-p4-d1-k3,base_pure,0.0,5,5,energy_gap_raw,16.161087582080654,SG12,3da8885406067e143bc145fdad5d1cf191fbf7fe7f8161fb14e7abbe3f235f94,722987bad6031a42f983ab7757406af49aadb4740adabfeb7e772eac213e8eee
cga-experiments-v1,eps-p4-d1-k3,base_pure,0.0,5,5,bregman_gap,16.16108758208065,SG12,3da8885406067e143bc145fdad5d1cf191fbf7fe7f8161fb14e7abbe3f235f94,722987bad6031a42f983ab7757406af49aadb4740adabfeb7e772eac213e8eee
cga-experiments-v1,eps-p4-d1-k3,base_pure,0.0,5,5,l2_rel,0.17640344163071653,SG12,3da8885406067e143bc145fdad5d1cf191fbf7fe7f8161fb14e7abbe3f235f94,722987bad6031a42f983ab7757406af49aadb4740adabfeb7e772eac213e8eee
cga-experiments-v1,eps-p4-d1-k3,base_pure,0.0,5,5,natural_rel,0.31858931216578706,SG12,3da8885406067e143bc145fdad5d1cf191fbf7fe7f8161fb14e7abbe3f235f94,722987bad6031a42f983ab7757406af49aadb4740adabfeb7e772eac213e8eee
cga-experiments-v1,eps-p4-d1-k3,base_pure,0.0,5,5,w1p_full_rel,0.31854330068919745,SG12,3da8885406067e143bc145fdad5d1cf191fbf7fe7f8161fb14e7abbe3f235f94,722987bad6031a42f983ab7757406af49aadb4740adabfeb7e772eac213e8eee
cga-experiments-v1,eps-p4-d1-k3,base_pure,0.0,5,5,quasi_rel,0.26603393719984847,SG12,3da8885406067e143bc145fdad5d1cf191fbf7fe7f8161fb14e7abbe3f235f94,722987bad6031a42f983ab7757406af49aadb4740adabfeb7e772eac213e8eee
cga-experiments-v1,eps-p4-d1-k3,base_pure,0.0,6,6,energy_gap_raw,0.13120674580568448,SG12,3da8885406067e143bc145fdad5d1cf191fbf7fe7f8161fb14e7abbe3f235f94,722987bad6031a42f983ab7757406af49aadb4740adabfeb7e772eac213e8eee
cga-experiments-v1,eps-p4-d1-k3,base_pure,0.0,6,6,bregman_gap,0.13120674580578046,SG12,3da8885406067e143bc145fdad5d1cf191fbf7fe7f8161fb14e7abbe3f235f94,722987bad6031a42f983ab7757406af49aadb4740adabfeb7e772eac213e8eee
cga-experiments-v1,eps-p4-d1-k3,base_pure,0.0,6,6,l2_rel,0.025172649556016533,SG12,3da8885406067e143bc145fdad5d1cf191fbf7fe7f8161fb14e7abbe3f235f94,722987bad6031a42f983ab7757406af49aadb4740adabfeb7e772eac213e8eee
cga-experiments-v1,eps-p4-d1-k3,base_pure,0.0,6,6,natural_rel,0.045513731029570355,SG12,3da8885406067e143bc145fdad5d1cf191fbf7fe7f8161fb14e7abbe3f235f94,722987bad6031a42f983ab7757406af49aadb4740adabfeb7e772eac213e8eee
cga-experiments-v1,eps-p4-d1-k3,base_pure,0.0,6,6,w1p_full_rel,0.04550696250509782,SG12,3da8885406067e143bc145fdad5d1cf191fbf7fe7f8161fb14e7abbe3f235f94,722987bad6031a42f983ab7757406af49aadb4740adabfeb7e772eac213e8eee
cga-experiments-v1,eps-p4-d1-k3,base_pure,0.0,6,6,quasi_rel,0.024183952389489113,SG12,3da8885406067e143bc145fdad5d1cf191fbf7fe7f8161fb14e7abbe3f235f94,722987bad6031a42f983ab7757406af49aadb4740adabfeb7e772eac213e8eee
cga-experiments-v1,eps-p4-d1-k3,base_pure,0.0,7,7,energy_gap_raw,0.10829488147624033,SG12,3da8885406067e143bc145fdad5d1cf191fbf7fe7f8161fb14e7abbe3f235f94,722987bad6031a42f983ab7757406af49aadb4740adabfeb7e772eac213e8eee
cga-experiments-v1,eps-p4-d1-k3,base_pure,0.0,7,7,bregman_gap,0.10829488147628802,SG12,3da8885406067e143bc145fdad5d1cf191fbf7fe7f8161fb14e7abbe3f235f94,722987bad6031a42f983ab7757406af49aadb4740adabfeb7e772eac213e8eee
cga-experiments-v1,eps-p4-d1-k3,base_pure,0.0,7,7,l2_rel,0.023761163447878583,SG12,3da8885406067e143bc145fdad5d1cf191fbf7fe7f8161fb14e7abbe3f235f94,722987bad6031a42f983ab7757406af49aadb4740adabfeb7e772eac213e8eee
cga-experiments-v1,eps-p4-d1-k3,base_pure,0.0,7,7,natural_rel,0.0337860850926871,SG12,3da8885406067e143bc145fdad5d1cf191fbf7fe7f8161fb14e7abbe3f235f94,722987bad6031a42f983ab7757406af49aadb4740adabfeb7e772eac213e8eee
cga-experiments-v1,eps-p4-d1-k3,base_pure,0.0,7,7,w1p_full_rel,0.033781673948471605,SG12,3da8885406067e143bc145fdad5d1cf191fbf7fe7f8161fb14e7abbe3f235f94,722987bad6031a42f983ab7757406af49aadb4740adabfeb7e772eac213e8eee
cga-experiments-v1,eps-p4-d1-k3,base_pure,0.0,7,7,quasi_rel,0.021985215544930117,SG12,3da8885406067e143bc145fdad5d1cf191fbf7fe7f8161fb14e7abbe3f235f94,722987bad6031a42f983ab7757406af49aadb4740adabfeb7e772eac213e8eee
cga-experiments-v1,eps-p4-d1-k3,base_pure,0.0,8,8,energy_gap_raw,0.023071815389869244,SG12,3da8885406067e143bc145fdad5d1cf191fbf7fe7f8161fb14e7abbe3f235f94,722987bad6031a42f983ab7757406af49aadb4740adabfeb7e772eac213e8eee
cga-experiments-v1,eps-p4-d1-k3,base_pure,0.0,8,8,bregman_gap,0.023071815389890275,SG12,3da8885406067e143bc145fdad5d1cf191fbf7fe7f8161fb14e7abbe3f235f94,722987bad6031a42f983ab7757406af49aadb4740adabfeb7e772eac213e8eee
cga-experiments-v1,eps-p4-d1-k3,base_pure,0.0,8,8,l2_rel,0.005988528041736388,SG12,3da8885406067e143bc145fdad5d1cf191fbf7fe7f8161fb14e7abbe3f235f94,722987bad6031a42f983ab7757406af49aadb4740adabfeb7e772eac213e8eee
cga-experiments-v1,eps-p4-d1-k3,base_pure,0.0,8,8,natural_rel,0.0350652877272691,SG12,3da8885406067e143bc145fdad5d1cf191fbf7fe7f8161fb14e7abbe3f235f94,722987bad6031a42f983ab7757406af49aadb4740adabfeb7e772eac213e8eee
cga-experiments-v1,eps-p4-d1-k3,base_pure,0.0,8,8,w1p_full_rel,0.03505966961401002,SG12,3da8885406067e143bc145fdad5d1cf191fbf7fe7f8161fb14e7abbe3f235f94,722987bad6031a42f983ab7757406af49aadb4740adabfeb7e772eac213e8eee
cga-experiments-v1,eps-p4-d1-k3,base_pure,0.0,8,8,quasi_rel,0.010158462171716301,SG12,3da8885406067e143bc145fdad5d1cf191fbf7fe7f8161fb14e7abbe3f235f94,722987bad6031a42f983ab7757406af49aadb4740adabfeb7e772eac213e8eee
cga-experiments-v1,eps-p4-d1-k3,base_pure,0.0,9,9,energy_gap_raw,0.01442137109614805,SG12,3da8885406067e143bc145fdad5d1cf191fbf7fe7f8161fb14e7abbe3f235f94,722987bad6031a42f983ab7757406af49aadb4740adabfeb7e772eac213e8eee
cga-experiments-v1,eps-p4-d1-k3,base_pure,0.0,9,9,bregman_gap,0.014421371096161872,SG12,3da8885406067e143bc145fdad5d1cf191fbf7fe7f8161fb14e7abbe3f235f94,722987bad6031a42f983ab7757406af49aadb4740adabfeb7e772eac213e8eee
cga-experiments-v1,eps-p4-d1-k3,base_pure,0.0,9,9,l2_rel,0.007134326069103751,SG12,3da8885406067e143bc145fdad5d1cf191fbf7fe7f8161fb14e7abbe3f235f94,722987bad6031a42f983ab7757406af49aadb4740adabfeb7e772eac213e8eee
cga-experiments-v1,eps-p4-d1-k3,base_pure,0.0,9,9,natural_rel,0.015417669803862602,SG12,3da8885406067e143bc145fdad5d1cf191fbf7fe7f8161fb14e7abbe3f235f94,722987bad6031a42f983ab7757406af49aadb4740adabfeb7e772eac213e8eee
cga-experiments-v1,eps-p4-d1-k3,base_pure,0.0,9,9,w1p_full_rel,0.015415285815599474,SG12,3da8885406067e143bc145fdad5d1cf191fbf7fe7f8161fb14e7abbe3f235f94,722987bad6031a42f983ab7757406af49aadb4740adabfeb7e772eac213e8eee
cga-experiments-v1,eps-p4-d1-k3,base_pure,0.0,9,9,quasi_rel,0.00806046468601994,SG12,3da8885406067e143bc145fdad5d1cf191fbf7fe7f8161fb14e7abbe3f235f94,722987bad6031a42f983ab7757406af49aadb4740adabfeb7e772eac213e8eee
cga-experiments-v1,eps-p4-d1-k3,base_pure,0.0,10,10,energy_gap_raw,0.010094568780914415,SG12,3da8885406067e143bc145fdad5d1cf191fbf7fe7f8161fb14e7abbe3f235f94,722987bad6031a42f983ab7757406af49aadb4740adabfeb7e772eac213e8eee
cga-experiments-v1,eps-p4-d1-k3,base_pure,0.0,10,10,bregman_gap,0.010094568780914248,SG12,3da8885406067e143bc145fdad5d1cf191fbf7fe7f8161fb14e7abbe3f235f94,722987bad6031a42f983ab7757406af49aadb4740adabfeb7e772eac213e8eee
cga-experiments-v1,eps-p4-d1-k3,base_pure,0.0,10,10,l2_rel,0.004668937728442225,SG12,3da8885406067e143bc145fdad5d1cf191fbf7fe7f8161fb14e7abbe3f235f94,722987bad6031a42f983ab7757406af49aadb4740adabfeb7e772eac213e8eee
cga-experiments-v1,eps-p4-d1-k3,base_pure,0.0,10,10,natural_rel,0.009902795899615204,SG12,3da8885406067e143bc145fdad5d1cf191fbf7fe7f8161fb14e7abbe3f235f94,722987bad6031a42f983ab7757406af49aadb4740adabfeb7e772eac213e8eee
cga-experiments-v1,eps-p4-d1-k3,base_pure,0.0,10,10,w1p_full_rel,0.009901267958822882,SG12,3da8885406067e143bc145fdad5d1cf191fbf7fe7f8161fb14e7abbe3f235f94,722987bad6031a42f983ab7757406af49aadb4740adabfeb7e772eac213e8eee
cga-experiments-v1,eps-p4-d1-k3,base_pure,0.0,10,10,quasi_rel,0.006776042199162136,SG12,3da8885406067e143bc145fdad5d1cf191fbf7fe7f8161fb14e7abbe3f235f94,722987bad6031a42f983ab7757406af49aadb4740adabfeb7e772eac213e8eee
cga-experiments-v1,eps-p4-d1-k3,base_pure,0.0,11,11,energy_gap_raw,0.003906465309626128,SG12,3da8885406067e143bc145fdad5d1cf191fbf7fe7f8161fb14e7abbe3f235f94,722987bad6031a42f983ab7757406af49aadb4740adabfeb7e772eac213e8eee
cga-experiments-v1,eps-p4-d1-k3,base_pure,0.0,11,11,bregman_gap,0.003906465309635898,SG12,3da8885406067e143bc145fdad5d1cf191fbf7fe7f8161fb14e7abbe3f235f94,722987bad6031a42f983ab7757406af49aadb4740adabfeb7e772eac213e8eee
cga-experiments-v1,eps-p4-d1-k3,base_pure,0.0,11,11,l2_rel,0.0011524907219613815,SG12,3da8885406067e143bc145fdad5d1cf191fbf7fe7f8161fb14e7abbe3f235f94,722987bad6031a42f983ab7757406af49aadb4740adabfeb7e772eac213e8eee
cga-experiments-v1,eps-p4-d1-k3,base_pure,0.0,11,11,natural_rel,0.004263866223537923,SG12,3da8885406067e143bc145fdad5d1cf191fbf7fe7f8161fb14e7abbe3f235f94,722987bad6031a42f983ab7757406af49aadb4740adabfeb7e772eac213e8eee
cga-experiments-v1,eps-p4-d1-k3,base_pure,0.0,11,11,w1p_full_rel,0.004263186404316806,SG12,3da8885406067e143bc145fdad5d1cf191fbf7fe7f8161fb14e7abbe3f235f94,722987bad6031a42f983ab7757406af49aadb4740adabfeb7e772eac213e8eee
cga-experiments-v1,eps-p4-d1-k3,base_pure,0.0,11,11,quasi_rel,0.004220696120341531,SG12,3da8885406067e143bc145fdad5d1cf191fbf7fe7f8161fb14e7abbe3f235f94,722987bad6031a42f983ab7757406af49aadb4740adabfeb7e772eac213e8eee
cga-experiments-v1,eps-p4-d1-k3,base_pure,0.0,12,12,energy_gap_raw,0.00122773417604094,SG12,3da8885406067e143bc145fdad5d1cf191fbf7fe7f8161fb14e7abbe3f235f94,722987bad6031a42f983ab7757406af49aadb4740adabfeb7e772eac213e8eee
cga-experiments-v1,eps-p4-d1-k3,base_pure,0.0,12,12,bregman_gap,0.0012277341760909273,SG12,3da8885406067e143bc145fdad5d1cf191fbf7fe7f8161fb14e7abbe3f235f94,722987bad6031a42f983ab7757406af49aadb4740adabfeb7e772eac213e8eee
cga-experiments-v1,eps-p4-d1-k3,base_pure,0.0,12,12,l2_rel,0.0026208676865295075,SG12,3da8885406067e143bc145fdad5d1cf191fbf7fe7f8161fb14e7abbe3f235f94,722987bad6031a42f983ab7757406af49aadb4740adabfeb7e772eac213e8eee
cga-experiments-v1,eps-p4-d1-k3,base_pure,0.0,12,12,natural_rel,0.005315859741663276,SG12,3da8885406067e143bc145fdad5d1cf191fbf7fe7f8161fb14e7abbe3f235f94,722987bad6031a42f983ab7757406af49aadb4740adabfeb7e772eac213e8eee
cga-experiments-v1,eps-p4-d1-k3,base_pure,0.0,12,12,w1p_full_rel,0.005315043370896949,SG12,3da8885406067e143bc145fdad5d1cf191fbf7fe7f8161fb14e7abbe3f235f94,722987bad6031a42f983ab7757406af49aadb4740adabfeb7e772eac213e8eee
cga-experiments-v1,eps-p4-d1-k3,base_pure,0.0,12,12,quasi_rel,0.0023662321213957045,SG12,3da8885406067e143bc145fdad5d1cf191fbf7fe7f8161fb14e7abbe3f235f94,722987bad6031a42f983ab7757406af49aadb4740adabfeb7e772eac213e8eee
cga-experiments-v1,eps-p4-d1-k3,base_pure,0.0,13,13,energy_gap_raw,0.0011600731265843933,SG12,3da8885406067e143bc145fdad5d1cf191fbf7fe7f8161fb14e7abbe3f235f94,722987bad6031a42f983ab7757406af49aadb4740adabfeb7e772eac213e8eee
cga-experiments-v1,eps-p4-d1-k3,base_pure,0.0,13,13,bregman_gap,0.0011600731265696644,SG12,3da8885406067e143bc145fdad5d1cf191fbf7fe7f8161fb14e7abbe3f235f94,722987bad6031a42f983ab7757406af49aadb4740adabfeb7e772eac213e8eee
cga-experiments-v1,eps-p4-d1-k3,base_pure,0.0,13,13,l2_rel,0.00257244011445518,SG12,3da8885406067e143bc145fdad5d1cf191fbf7fe7f8161fb14e7abbe3f235f94,722987bad6031a42f983ab7757406af49aadb4740adabfeb7e772eac213e8eee
cga-experiments-v1,eps-p4-d1-k3,base_pure,0.0,13,13,natural_rel,0.0057841674805773225,SG12,3da8885406067e143bc145fdad5d1cf191fbf7fe7f8161fb14e7abbe3f235f94,722987bad6031a42f983ab7757406af49aadb4740adabfeb7e772eac213e8eee
cga-experiments-v1,eps-p4-d1-k3,base_pure,0.0,13,13,w1p_full_rel,0.005783266073136964,SG12,3da8885406067e143bc145fdad5d1cf191fbf7fe7f8161fb14e7abbe3f235f94,722987bad6031a42f983ab7757406af49aadb4740adabfeb7e772eac213e8eee
cga-experiments-v1,eps-p4-d1-k3,base_pure,0.0,13,13,quasi_rel,0.002299661428102091,SG12,3da8885406067e143bc145fdad5d1cf191fbf7fe7f8161fb14e7abbe3f235f94,722987bad6031a42f983ab7757406af49aadb4740adabfeb7e772eac213e8eee
cga-experiments-v1,eps-p4-d1-k3,base_pure,0.0,14,14,energy_gap_raw,0.0011056694690978475,SG12,3da8885406067e143bc145fdad5d1cf191fbf7fe7f8161fb14e7abbe3f235f94,722987bad6031a42f983ab7757406af49aadb4740adabfeb7e772eac213e8eee
cga-experiments-v1,eps-p4-d1-k3,base_pure,0.0,14,14,bregman_gap,0.0011056694690917018,SG12,3da8885406067e143bc145fdad5d1cf191fbf7fe7f8161fb14e7abbe3f235f94,722987bad6031a42f983ab7757406af49aadb4740adabfeb7e772eac213e8eee
cga-experiments-v1,eps-p4-d1-k3,base_pure,0.0,14,14,l2_rel,0.002577345026342422,SG12,3da8885406067e143bc145fdad5d1cf191fbf7fe7f8161fb14e7abbe3f235f94,722987bad6031a42f983ab7757406af49aadb4740adabfeb7e772eac213e8eee
cga-experiments-v1,eps-p4-d1-k3,base_pure,0.0,14,14,natural_rel,0.0050697889779372195,SG12,3da8885406067e143bc145fdad5d1cf191fbf7fe7f8161fb14e7abbe3f235f94,722987bad6031a42f983ab7757406af49aadb4740adabfeb7e772eac213e8eee
cga-experiments-v1,eps-p4-d1-k3,base_pure,0.0,14,14,w1p_full_rel,0.005069014741078423,SG12,3da8885406067e143bc145fdad5d1cf191fbf7fe7f8161fb14e7abbe3f235f94,722987bad6031a42f983ab7757406af49aadb4740adabfeb7e772eac213e8eee
cga-experiments-v1,eps-p4-d1-k3,base_pure,0.0,14,14,quasi_rel,0.002245534469522623,SG12,3da8885406067e143bc145fdad5d1cf191fbf7fe7f8161fb14e7abbe3f235f94,722987bad6031a42f983ab7757406af49aadb4740adabfeb7e772eac213e8eee
cga-experiments-v1,eps-p4-d1-k3,base_pure,0.0,15,15,energy_gap_raw,0.0010670962338963363,SG12,3da8885406067e143bc145fdad5d1cf191fbf7fe7f8161fb14e7abbe3f235f94,722987bad6031a42f983ab7757406af49aadb4740adabfeb7e772eac213e8eee
cga-experiments-v1,eps-p4-d1-k3,base_pure,0.0,15,15,bregman_gap,0.0010670962339376679,SG12,3da8885406067e143bc145fdad5d1cf191fbf7fe7f8161fb14e7abbe3f235f94,722987bad6031a42f983ab7757406af49aadb4740adabfeb7e772eac213e8eee
cga-experiments-v1,eps-p4-d1-k3,base_pure,0.0,15,15,l2_rel,0.002626526531046335,SG12,3da8885406067e143bc145fdad5d1cf191fbf7fe7f8161fb14e7abbe3f235f94,722987bad6031a42f983ab7757406af49aadb4740adabfeb7e772eac213e8eee
cga-experiments-v1,eps-p4-d1-k3,base_pure,0.0,15,15,natural_rel,0.005414856479254843,SG12,3da8885406067e143bc145fdad5d1cf191fbf7fe7f8161fb14e7abbe3f235f94,722987bad6031a42f983ab7757406af49aadb4740adabfeb7e772eac213e8eee
cga-experiments-v1,eps-p4-d1-k3,base_pure,0.0,15,15,w1p_full_rel,0.00541402261520693,SG12,3da8885406067e143bc145fdad5d1cf191fbf7fe7f8161fb14e7abbe3f235f94,722987bad6031a42f983ab7757406af49aadb4740adabfeb7e772eac213e8eee
cga-experiments-v1,eps-p4-d1-k3,base_pure,0.0,15,15,quasi_rel,0.0022057762285050265,SG12,3da8885406067e143bc145fdad5d1cf191fbf7fe7f8161fb14e7abbe3f235f94,722987bad6031a42f983ab7757406af49aadb4740adabfeb7e772eac213e8eee
cga-experiments-v1,eps-p4-d1-k3,base_pure,0.0,16,16,energy_gap_raw,0.0010550218947855683,SG12,3da8885406067e143bc145fdad5d1cf191fbf7fe7f8161fb14e7abbe3f235f94,722987bad6031a42f983ab7757406af49aadb4740adabfeb7e772eac213e8eee
cga-experiments-v1,eps-p4-d1-k3,base_pure,0.0,16,16,bregman_gap,0.001055021894811446,SG12,3da8885406067e143bc145fdad5d1cf191fbf7fe7f8161fb14e7abbe3f235f94,722987bad6031a42f983ab7757406af49aadb4740adabfeb7e772eac213e8eee
cga-experiments-v1,eps-p4-d1-k3,base_pure,0.0,16,16,l2_rel,0.002619279461707141,SG12,3da8885406067e143bc145fdad5d1cf191fbf7fe7f8161fb14e7abbe3f235f94,722987bad6031a42f983ab7757406af49aadb4740adabfeb7e772eac213e8eee
cga-experiments-v1,eps-p4-d1-k3,base_pure,0.0,16,16,natural_rel,0.004995721592224144,SG12,3da8885406067e143bc145fdad5d1cf191fbf7fe7f8161fb14e7abbe3f235f94,722987bad6031a42f983ab7757406af49aadb4740adabfeb7e772eac213e8eee
cga-experiments-v1,eps-p4-d1-k3,base_pure,0.0,16,16,w1p_full_rel,0.004994963582578285,SG12,3da8885406067e143bc145fdad5d1cf191fbf7fe7f8161fb14e7abbe3f235f94,722987bad6031a42f983ab7757406af49aadb4740adabfeb7e772eac213e8eee
cga-experiments-v1,eps-p4-d1-k3,base_pure,0.0,16,16,quasi_rel,0.002193477027448121,SG12,3da8885406067e143bc145fdad5d1cf191fbf7fe7f8161fb14e7abbe3f235f94,722987bad6031a42f983ab7757406af49aadb4740adabfeb7e772eac213e8eee
cga-experiments-v1,eps-p4-d1-k3,base_pure,0.0,17,17,energy_gap_raw,0.0003751387473016621,SG12,3da8885406067e143bc145fdad5d1cf191fbf7fe7f8161fb14e7abbe3f235f94,722987bad6031a42f983ab7757406af49aadb4740adabfeb7e772eac213e8eee
cga-experiments-v1,eps-p4-d1-k3,base_pure,0.0,17,17,bregman_gap,0.00037513874729546706,SG12,3da8885406067e143bc145fdad5d1cf191fbf7fe7f8161fb14e7abbe3f235f94,722987bad6031a42f983ab7757406af49aadb4740adabfeb7e772eac213e8eee
cga-experiments-v1,eps-p4-d1-k3,base_pure,0.0,17,17,l2_rel,0.0014230595085450689,SG12,3da8885406067e143bc145fdad5d1cf191fbf7fe7f8161fb14e7abbe3f235f94,722987bad6031a42f983ab7757406af49aadb4740adabfeb7e772eac213e8eee
cga-experiments-v1,eps-p4-d1-k3,base_pure,0.0,17,17,natural_rel,0.00311457157942181,SG12,3da8885406067e143bc145fdad5d1cf191fbf7fe7f8161fb14e7abbe3f235f94,722987bad6031a42f983ab7757406af49aadb4740adabfeb7e772eac213e8eee
cga-experiments-v1,eps-p4-d1-k3,base_pure,0.0,17,17,w1p_full_rel,0.0031140875612125953,SG12,3da8885406067e143bc145fdad5d1cf191fbf7fe7f8161fb14e7abbe3f235f94,722987bad6031a42f983ab7757406af49aadb4740adabfeb7e772eac213e8eee
cga-experiments-v1,eps-p4-d1-k3,base_pure,0.0,17,17,quasi_rel,0.0013088535171182608,SG12,3da8885406067e143bc145fdad5d1cf191fbf7fe7f8161fb14e7abbe3f235f94,722987bad6031a42f983ab7757406af49aadb4740adabfeb7e772eac213e8eee
cga-experiments-v1,eps-p4-d1-k3,base_pure,0.0,18,18,energy_gap_raw,0.000284183342785127,SG12,3da8885406067e143bc145fdad5d1cf191fbf7fe7f8161fb14e7abbe3f235f94,722987bad6031a42f983ab7757406af49aadb4740adabfeb7e772eac213e8eee
cga-experiments-v1,eps-p4-d1-k3,base_pure,0.0,18,18,bregman_gap,0.0002841833427889552,SG12,3da8885406067e143bc145fdad5d1cf191fbf7fe7f8161fb14e7abbe3f235f94,722987bad6031a42f983ab7757406af49aadb4740adabfeb7e772eac213e8eee
cga-experiments-v1,eps-p4-d1-k3,base_pure,0.0,18,18,l2_rel,0.0016894441212717138,SG12,3da8885406067e143bc145fdad5d1cf191fbf7fe7f8161fb14e7abbe3f235f94,722987bad6031a42f983ab7757406af49aadb4740adabfeb7e772eac213e8eee
cga-experiments-v1,eps-p4-d1-k3,base_pure,0.0,18,18,natural_rel,0.0036044270642211123,SG12,3da8885406067e143bc145fdad5d1cf191fbf7fe7f8161fb14e7abbe3f235f94,722987bad6031a42f983ab7757406af49aadb4740adabfeb7e772eac213e8eee
cga-experiments-v1,eps-p4-d1-k3,base_pure,0.0,18,18,w1p_full_rel,0.0036038687291971737,SG12,3da8885406067e143bc145fdad5d1cf191fbf7fe7f8161fb14e7abbe3f235f94,722987bad6031a42f983ab7757406af49aadb4740adabfeb7e772eac213e8eee
cga-experiments-v1,eps-p4-d1-k3,base_pure,0.0,18,18,quasi_rel,0.0011401273089487315,SG12,3da8885406067e143bc145fdad5d1cf191fbf7fe7f8161fb14e7abbe3f235f94,722987bad6031a42f983ab7757406af49aadb4740adabfeb7e772eac213e8eee
cga-experiments-v1,eps-p4-d1-k3,base_pure,0.0,19,19,energy_gap_raw,0.00027922365029553475,SG12,3da8885406067e143bc145fdad5d1cf191fbf7fe7f8161fb14e7abbe3f235f94,722987bad6031a42f983ab7757406af49aadb4740adabfeb7e772eac213e8eee
cga-experiments-v1,eps-p4-d1-k3,base_pure,0.0,19,19,bregman_gap,0.00027922365030782126,SG12,3da8885406067e143bc145fdad5d1cf191fbf7fe7f8161fb14e7abbe3f235f94,722987bad6031a42f983ab7757406af49aadb4740adabfeb7e772eac213e8eee
cga-experiments-v1,eps-p4-d1-k3,base_pure,0.0,19,19,l2_rel,0.001689317166115115,SG12,3da8885406067e143bc145fdad5d1cf191fbf7fe7f8161fb14e7abbe3f235f94,722987bad6031a42f983ab7757406af49aadb4740adabfeb7e772eac213e8eee
cga-experiments-v1,eps-p4-d1-k3,base_pure,0.0,19,19,natural_rel,0.0036048562627606653,SG12,3da8885406067e143bc145fdad5d1cf191fbf7fe7f8161fb14e7abbe3f235f94,722987bad6031a42f983ab7757406af49aadb4740adabfeb7e772eac213e8eee
cga-experiments-v1,eps-p4-d1-k3,base_pure,0.0,19,19,w1p_full_rel,0.0036042978386897663,SG12,3da8885406067e143bc145fdad5d1cf191fbf7fe7f8161fb14e7abbe3f235f94,722987bad6031a42f983ab7757406af49aadb4740adabfeb7e772eac213e8eee
cga-experiments-v1,eps-p4-d1-k3,base_pure,0.0,19,19,quasi_rel,0.00113015937250691,SG12,3da8885406067e143bc145fdad5d1cf191fbf7fe7f8161fb14e7abbe3f235f94,722987bad6031a42f983ab7757406af49aadb4740adabfeb7e772eac213e8eee
cga-experiments-v1,eps-p4-d1-k3,base_pure,0.0,20,20,energy_gap_raw,4.634105238210395e-05,SG12,3da8885406067e143bc145fdad5d1cf191fbf7fe7f8161fb14e7abbe3f235f94,722987bad6031a42f983ab7757406af49aadb4740adabfeb7e772eac213e8eee
cga-experiments-v1,eps-p4-d1-k3,base_pure,0.0,20,20,bregman_gap,4.6341052414388695e-05,SG12,3da8885406067e143bc145fdad5d1cf191fbf7fe7f8161fb14e7abbe3f235f94,722987bad6031a42f983ab7757406af49aadb4740adabfeb7e772eac213e8eee
cga-experiments-v1,eps-p4-d1-k3,base_pure,0.0,20,20,l2_rel,0.0002608304967912906,SG12,3da8885406067e143bc145fdad5d1cf191fbf7fe7f8161fb14e7abbe3f235f94,722987bad6031a42f983ab7757406af49aadb4740adabfeb7e772eac213e8eee
cga-experiments-v1,eps-p4-d1-k3,base_pure,0.0,20,20,natural_rel,0.0007789996118494183,SG12,3da8885406067e143bc145fdad5d1cf191fbf7fe7f8161fb14e7abbe3f235f94,722987bad6031a42f983ab7757406af49aadb4740adabfeb7e772eac213e8eee
cga-experiments-v1,eps-p4-d1-k3,base_pure,0.0,20,20,w1p_full_rel,0.0007788758618155461,SG12,3da8885406067e143bc145fdad5d1cf191fbf7fe7f8161fb14e7abbe3f235f94,722987bad6031a42f983ab7757406af49aadb4740adabfeb7e772eac213e8eee
cga-experiments-v1,eps-p4-d1-k3,base_pure,0.0,20,20,quasi_rel,0.00045981172677580037,SG12,3da8885406067e143bc145fdad5d1cf191fbf7fe7f8161fb14e7abbe3f235f94,722987bad6031a42f983ab7757406af49aadb4740adabfeb7e772eac213e8eee
cga-experiments-v1,eps-p4-d1-k3,base_pure,0.0,21,21,energy_gap_raw,3.971379192080349e-05,SG12,3da8885406067e143bc145fdad5d1cf191fbf7fe7f8161fb14e7abbe3f235f94,722987bad6031a42f983ab7757406af49aadb4740adabfeb7e772eac213e8eee
cga-experiments-v1,eps-p4-d1-k3,base_pure,0.0,21,21,bregman_gap,3.971379191229904e-05,SG12,3da8885406067e143bc145fdad5d1cf191fbf7fe7f8161fb14e7abbe3f235f94,722987bad6031a42f983ab7757406af49aadb4740adabfeb7e772eac213e8eee
cga-experiments-v1,eps-p4-d1-k3,base_pure,0.0,21,21,l2_rel,0.000255950635023007,SG12,3da8885406067e143bc145fdad5d1cf191fbf7fe7f8161fb14e7abbe3f235f94,722987bad6031a42f983ab7757406af49aadb4740adabfeb7e772eac213e8eee
cga-experiments-v1,eps-p4-d1-k3,base_pure,0.0,21,21,natural_rel,0.000875841424769937,SG12,3da8885406067e143bc145fdad5d1cf191fbf7fe7f8161fb14e7abbe3f235f94,722987bad6031a42f983ab7757406af49aadb4740adabfeb7e772eac213e8eee
cga-experiments-v1,eps-p4-d1-k3,base_pure,0.0,21,21,w1p_full_rel,0.0008757017454566769,SG12,3da8885406067e143bc145fdad5d1cf191fbf7fe7f8161fb14e7abbe3f235f94,722987bad6031a42f983ab7757406af49aadb4740adabfeb7e772eac213e8eee
cga-experiments-v1,eps-p4-d1-k3,base_pure,0.0,21,21,quasi_rel,0.00042566008730686303,SG12,3da8885406067e143bc145fdad5d1cf191fbf7fe7f8161fb14e7abbe3f235f94,722987bad6031a42f983ab7757406af49aadb4740adabfeb7e772eac213e8eee
cga-experiments-v1,eps-p4-d1-k3,base_pure,0.0,22,22,energy_gap_raw,3.919151822628919e-05,SG12,3da8885406067e143bc145fdad5d1cf191fbf7fe7f8161fb14e7abbe3f235f94,722987bad6031a42f983ab7757406af49aadb4740adabfeb7e772eac213e8eee
cga-experiments-v1,eps-p4-d1-k3,base_pure,0.0,22,22,bregman_gap,3.919151822474922e-05,SG12,3da8885406067e143bc145fdad5d1cf191fbf7fe7f8161fb14e7abbe3f235f94,722987bad6031a42f983ab7757406af49aadb4740adabfeb7e772eac213e8eee
cga-experiments-v1,eps-p4-d1-k3,base_pure,0.0,22,22,l2_rel,0.00025700692546114023,SG12,3da8885406067e143bc145fdad5d1cf191fbf7fe7f8161fb14e7abbe3f235f94,722987bad6031a42f983ab7757406af49aadb4740adabfeb7e772eac213e8eee
cga-experiments-v1,eps-p4-d1-k3,base_pure,0.0,22,22,natural_rel,0.00070267042593581,SG12,3da8885406067e143bc145fdad5d1cf191fbf7fe7f8161fb14e7abbe3f235f94,722987bad6031a42f983ab7757406af49aadb4740adabfeb7e772eac213e8eee
cga-experiments-v1,eps-p4-d1-k3,base_pure,0.0,22,22,w1p_full_rel,0.0007025592335770935,SG12,3da8885406067e143bc145fdad5d1cf191fbf7fe7f8161fb14e7abbe3f235f94,722987bad6031a42f983ab7757406af49aadb4740adabfeb7e772eac213e8eee
cga-experiments-v1,eps-p4-d1-k3,base_pure,0.0,22,22,quasi_rel,0.00042285660545682383,SG12,3da8885406067e143bc145fdad5d1cf191fbf7fe7f8161fb14e7abbe3f235f94,722987bad6031a42f983ab7757406af49aadb4740adabfeb7e772eac213e8eee
cga-experiments-v1,eps-p4-d1-k3,base_pure,0.0,23,23,energy_gap_raw,3.59748053142539e-05,SG12,3da8885406067e143bc145fdad5d1cf191fbf7fe7f8161fb14e7abbe3f235f94,722987bad6031a42f983ab7757406af49aadb4740adabfeb7e772eac213e8eee
cga-experiments-v1,eps-p4-d1-k3,base_pure,0.0,23,23,bregman_gap,3.597480540663437e-05,SG12,3da8885406067e143bc145fdad5d1cf191fbf7fe7f8161fb14e7abbe3f235f94,722987bad6031a42f983ab7757406af49aadb4740adabfeb7e772eac213e8eee
cga-experiments-v1,eps-p4-d1-k3,base_pure,0.0,23,23,l2_rel,0.0002537862402417334,SG12,3da8885406067e143bc145fdad5d1cf191fbf7fe7f8161fb14e7abbe3f235f94,722987bad6031a42f983ab7757406af49aadb4740adabfeb7e772eac213e8eee
cga-experiments-v1,eps-p4-d1-k3,base_pure,0.0,23,23,natural_rel,0.0006975599624503069,SG12,3da8885406067e143bc145fdad5d1cf191fbf7fe7f8161fb14e7abbe3f235f94,722987bad6031a42f983ab7757406af49aadb4740adabfeb7e772eac213e8eee
cga-experiments-v1,eps-p4-d1-k3,base_pure,0.0,23,23,w1p_full_rel,0.0006974495467485148,SG12,3da8885406067e143bc145fdad5d1cf191fbf7fe7f8161fb14e7abbe3f235f94,722987bad6031a42f983ab7757406af49aadb4740adabfeb7e772eac213e8eee
cga-experiments-v1,eps-p4-d1-k3,base_pure,0.0,23,23,quasi_rel,0.00040513040392171207,SG12,3da8885406067e143bc145fdad5d1cf191fbf7fe7f8161fb14e7abbe3f235f94,722987bad6031a42f983ab7757406af49aadb4740adabfeb7e772eac213e8eee
cga-experiments-v1,eps-p4-d1-k3,base_pure,0.0,24,24,energy_gap_raw,1.9826383322651964e-05,SG12,3da8885406067e143bc145fdad5d1cf191fbf7fe7f8161fb14e7abbe3f235f94,722987bad6031a42f983ab7757406af49aadb4740adabfeb7e772eac213e8eee
cga-experiments-v1,eps-p4-d1-k3,base_pure,0.0,24,24,bregman_gap,1.982638334395512e-05,SG12,3da8885406067e143bc145fdad5d1cf191fbf7fe7f8161fb14e7abbe3f235f94,722987bad6031a42f983ab7757406af49aadb4740adabfeb7e772eac213e8eee
cga-experiments-v1,eps-p4-d1-k3,base_pure,0.0,24,24,l2_rel,0.00015072468255957435,SG12,3da8885406067e143bc145fdad5d1cf191fbf7fe7f8161fb14e7abbe3f235f94,722987bad6031a42f983ab7757406af49aadb4740adabfeb7e772eac213e8eee
cga-experiments-v1,eps-p4-d1-k3,base_pure,0.0,24,24,natural_rel,0.0005937000443474459,SG12,3da8885406067e143bc145fdad5d1cf191fbf7fe7f8161fb14e7abbe3f235f94,722987bad6031a42f983ab7757406af49aadb4740adabfeb7e772eac213e8eee
cga-experiments-v1,eps-p4-d1-k3,base_pure,0.0,24,24,w1p_full_rel,0.0005936051508419894,SG12,3da8885406067e143bc145fdad5d1cf191fbf7fe7f8161fb14e7abbe3f235f94,722987bad6031a42f983ab7757406af49aadb4740adabfeb7e772eac213e8eee
cga-experiments-v1,eps-p4-d1-k3,base_pure,0.0,24,24,quasi_rel,0.00030075185013580456,SG12,3da8885406067e143bc145fdad5d1cf191fbf7fe7f8161fb14e7abbe3f235f94,722987bad6031a42f983ab7757406af49aadb4740adabfeb7e772eac213e8eee
cga-experiments-v1,eps-p4-d1-k3,base_pure,0.0,25,25,energy_gap_raw,1.775117851821051e-05,SG12,3da8885406067e143bc145fdad5d1cf191fbf7fe7f8161fb14e7abbe3f235f94,722987bad6031a42f983ab7757406af49aadb4740adabfeb7e772eac213e8eee
cga-experiments-v1,eps-p4-d1-k3,base_pure,0.0,25,25,bregman_gap,1.7751178619350522e-05,SG12,3da8885406067e143bc145fdad5d1cf191fbf7fe7f8161fb14e7abbe3f235f94,722987bad6031a42f983ab7757406af49aadb4740adabfeb7e772eac213e8eee
cga-experiments-v1,eps-p4-d1-k3,base_pure,0.0,25,25,l2_rel,0.00014588197805341557,SG12,3da8885406067e143bc145fdad5d1cf191fbf7fe7f8161fb14e7abbe3f235f94,722987bad6031a42f983ab7757406af49aadb4740adabfeb7e772eac213e8eee
cga-experiments-v1,eps-p4-d1-k3,base_pure,0.0,25,25,natural_rel,0.0005909795609934651,SG12,3da8885406067e143bc145fdad5d1cf191fbf7fe7f8161fb14e7abbe3f235f94,722987bad6031a42f983ab7757406af49aadb4740adabfeb7e772eac213e8eee
cga-experiments-v1,eps-p4-d1-k3,base_pure,0.0,25,25,w1p_full_rel,0.0005908850693495254,SG12,3da8885406067e143bc145fdad5d1cf191fbf7fe7f8161fb14e7abbe3f235f94,722987bad6031a42f983ab7757406af49aadb4740adabfeb7e772eac213e8eee
cga-experiments-v1,eps-p4-d1-k3,base_pure,0.0,25,25,quasi_rel,0.0002845767674206786,SG12,3da8885406067e143bc145fdad5d1cf191fbf7fe7f8161fb14e7abbe3f235f94,722987bad6031a42f983ab7757406af49aadb4740adabfeb7e772eac213e8eee
cga-experiments-v1,eps-p4-d1-k3,base_pure,0.0,26,26,energy_gap_raw,1.7697287375995074e-05,SG12,3da8885406067e143bc145fdad5d1cf191fbf7fe7f8161fb14e7abbe3f235f94,722987bad6031a42f983ab7757406af49aadb4740adabfeb7e772eac213e8eee
cga-experiments-v1,eps-p4-d1-k3,base_pure,0.0,26,26,bregman_gap,1.7697287436939048e-05,SG12,3da8885406067e143bc145fdad5d1cf191fbf7fe7f8161fb14e7abbe3f235f94,722987bad6031a42f983ab7757406af49aadb4740adabfeb7e772eac213e8eee
cga-experiments-v1,eps-p4-d1-k3,base_pure,0.0,26,26,l2_rel,0.00014541256365720485,SG12,3da8885406067e143bc145fdad5d1cf191fbf7fe7f8161fb14e7abbe3f235f94,722987bad6031a42f983ab7757406af49aadb4740adabfeb7e772eac213e8eee
cga-experiments-v1,eps-p4-d1-k3,base_pure,0.0,26,26,natural_rel,0.0004523286410392336,SG12,3da8885406067e143bc145fdad5d1cf191fbf7fe7f8161fb14e7abbe3f235f94,722987bad6031a42f983ab7757406af49aadb4740adabfeb7e772eac213e8eee
cga-experiments-v1,eps-p4-d1-k3,base_pure,0.0,26,26,w1p_full_rel,0.0004522566977146931,SG12,3da8885406067e143bc145fdad5d1cf191fbf7fe7f8161fb14e7abbe3f235f94,722987bad6031a42f983ab7757406af49aadb4740adabfeb7e772eac213e8eee
cga-experiments-v1,eps-p4-d1-k3,base_pure,0.0,26,26,quasi_rel,0.000284146526009008,SG12,3da8885406067e143bc145fdad5d1cf191fbf7fe7f8161fb14e7abbe3f235f94,722987bad6031a42f983ab7757406af49aadb4740adabfeb7e772eac213e8eee
cga-experiments-v1,eps-p4-d1-k3,base_pure,0.0,27,27,energy_gap_raw,4.113984800824255e-06,SG12,3da8885406067e143bc145fdad5d1cf191fbf7fe7f8161fb14e7abbe3f235f94,722987bad6031a42f983ab7757406af49aadb4740adabfeb7e772eac213e8eee
cga-experiments-v1,eps-p4-d1-k3,base_pure,0.0,27,27,bregman_gap,4.113984926999883e-06,SG12,3da8885406067e143bc145fdad5d1cf191fbf7fe7f8161fb14e7abbe3f235f94,722987bad6031a42f983ab7757406af49aadb4740adabfeb7e772eac213e8eee
cga-experiments-v1,eps-p4-d1-k3,base_pure,0.0,27,27,l2_rel,7.651558182595725e-05,SG12,3da8885406067e143bc145fdad5d1cf191fbf7fe7f8161fb14e7abbe3f235f94,722987bad6031a42f983ab7757406af49aadb4740adabfeb7e772eac213e8eee
cga-experiments-v1,eps-p4-d1-k3,base_pure,0.0,27,27,natural_rel,0.00032137114283442916,SG12,3da8885406067e143bc145fdad5d1cf191fbf7fe7f8161fb14e7abbe3f235f94,722987bad6031a42f983ab7757406af49aadb4740adabfeb7e772eac213e8eee
cga-experiments-v1,eps-p4-d1-k3,base_pure,0.0,27,27,w1p_full_rel,0.0003213197326803139,SG12,3da8885406067e143bc145fdad5d1cf191fbf7fe7f8161fb14e7abbe3f235f94,722987bad6031a42f983ab7757406af49aadb4740adabfeb7e772eac213e8eee
cga-experiments-v1,eps-p4-d1-k3,base_pure,0.0,27,27,quasi_rel,0.00013701134173126414,SG12,3da8885406067e143bc145fdad5d1cf191fbf7fe7f8161fb14e7abbe3f235f94,722987bad6031a42f983ab7757406af49aadb4740adabfeb7e772eac213e8eee
cga-experiments-v1,eps-p4-d1-k3,base_pure,0.0,28,28,energy_gap_raw,3.3839926345535787e-06,SG12,3da8885406067e143bc145fdad5d1cf191fbf7fe7f8161fb14e7abbe3f235f94,722987bad6031a42f983ab7757406af49aadb4740adabfeb7e772eac213e8eee
cga-experiments-v1,eps-p4-d1-k3,base_pure,0.0,28,28,bregman_gap,3.3839927076818976e-06,SG12,3da8885406067e143bc145fdad5d1cf191fbf7fe7f8161fb14e7abbe3f235f94,722987bad6031a42f983ab7757406af49aadb4740adabfeb7e772eac213e8eee
cga-experiments-v1,eps-p4-d1-k3,base_pure,0.0,28,28,l2_rel,7.6561819236713e-05,SG12,3da8885406067e143bc145fdad5d1cf191fbf7fe7f8161fb14e7abbe3f235f94,722987bad6031a42f983ab7757406af49aadb4740adabfeb7e772eac213e8eee
cga-experiments-v1,eps-p4-d1-k3,base_pure,0.0,28,28,natural_rel,0.000324235133407031,SG12,3da8885406067e143bc145fdad5d1cf191fbf7fe7f8161fb14e7abbe3f235f94,722987bad6031a42f983ab7757406af49aadb4740adabfeb7e772eac213e8eee
cga-experiments-v1,eps-p4-d1-k3,base_pure,0.0,28,28,w1p_full_rel,0.0003241832609564785,SG12,3da8885406067e143bc145fdad5d1cf191fbf7fe7f8161fb14e7abbe3f235f94,722987bad6031a42f983ab7757406af49aadb4740adabfeb7e772eac213e8eee
cga-experiments-v1,eps-p4-d1-k3,base_pure,0.0,28,28,quasi_rel,0.00012426332708391721,SG12,3da8885406067e143bc145fdad5d1cf191fbf7fe7f8161fb14e7abbe3f235f94,722987bad6031a42f983ab7757406af49aadb4740adabfeb7e772eac213e8eee
cga-experiments-v1,eps-p4-d1-k3,base_pure,0.0,29,29,energy_gap_raw,3.2834961984917754e-06,SG12,3da8885406067e143bc145fdad5d1cf191fbf7fe7f8161fb14e7abbe3f235f94,722987bad6031a42f983ab7757406af49aadb4740adabfeb7e772eac213e8eee
cga-experiments-v1,eps-p4-d1-k3,base_pure,0.0,29,29,bregman_gap,3.2834962480489847e-06,SG12,3da8885406067e143bc145fdad5d1cf191fbf7fe7f8161fb14e7abbe3f235f94,722987bad6031a42f983ab7757406af49aadb4740adabfeb7e772eac213e8eee
cga-experiments-v1,eps-p4-d1-k3,base_pure,0.0,29,29,l2_rel,7.651039759806573e-05,SG12,3da8885406067e143bc145fdad5d1cf191fbf7fe7f8161fb14e7abbe3f235f94,722987bad6031a42f983ab7757406af49aadb4740adabfeb7e772eac213e8eee
cga-experiments-v1,eps-p4-d1-k3,base_pure,0.0,29,29,natural_rel,0.00032433061370703593,SG12,3da8885406067e143bc145fdad5d1cf191fbf7fe7f8161fb14e7abbe3f235f94,722987bad6031a42f983ab7757406af49aadb4740adabfeb7e772eac213e8eee
cga-experiments-v1,eps-p4-d1-k3,base_pure,0.0,29,29,w1p_full_rel,0.00032427872558729343,SG12,3da8885406067e143bc145fdad5d1cf191fbf7fe7f8161fb14e7abbe3f235f94,722987bad6031a42f983ab7757406af49aadb4740adabfeb7e772eac213e8eee
cga-experiments-v1,eps-p4-d1-k3,base_pure,0.0,29,29,quasi_rel,0.00012240438707193955,SG12,3da8885406067e143bc145fdad5d1cf191fbf7fe7f8161fb14e7abbe3f235f94,722987bad6031a42f983ab7757406af49aadb4740adabfeb7e772eac213e8eee
cga-experiments-v1,eps-p4-d1-k3,base_pure,0.0,30,30,energy_gap_raw,3.0267699457908748e-06,SG12,3da8885406067e143bc145fdad5d1cf191fbf7fe7f8161fb14e7abbe3f235f94,722987bad6031a42f983ab7757406af49aadb4740adabfeb7e772eac213e8eee
cga-experiments-v1,eps-p4-d1-k3,base_pure,0.0,30,30,bregman_gap,3.0267699734205474e-06,SG12,3da8885406067e143bc145fdad5d1cf191fbf7fe7f8161fb14e7abbe3f235f94,722987bad6031a42f983ab7757406af49aadb4740adabfeb7e772eac213e8eee
cga-experiments-v1,eps-p4-d1-k3,base_pure,0.0,30,30,l2_rel,7.651299416145218e-05,SG12,3da8885406067e143bc145fdad5d1cf191fbf7fe7f8161fb14e7abbe3f235f94,722987bad6031a42f983ab7757406af49aadb4740adabfeb7e772eac213e8eee
cga-experiments-v1,eps-p4-d1-k3,base_pure,0.0,30,30,natural_rel,0.00032511550821826414,SG12,3da8885406067e143bc145fdad5d1cf191fbf7fe7f8161fb14e7abbe3f235f94,722987bad6031a42f983ab7757406af49aadb4740adabfeb7e772eac213e8eee
cga-experiments-v1,eps-p4-d1-k3,base_pure,0.0,30,30,w1p_full_rel,0.000325063493315938,SG12,3da8885406067e143bc145fdad5d1cf191fbf7fe7f8161fb14e7abbe3f235f94,722987bad6031a42f983ab7757406af49aadb4740adabfeb7e772eac213e8eee
cga-experiments-v1,eps-p4-d1-k3,base_pure,0.0,30,30,quasi_rel,0.00011752231102503735,SG12,3da8885406067e143bc145fdad5d1cf191fbf7fe7f8161fb14e7abbe3f235f94,722987bad6031a42f983ab7757406af49aadb4740adabfeb7e772eac213e8eee
cga-experiments-v1,eps-p4-d1-k3,base_pure,0.0,31,31,energy_gap_raw,2.998034972279129e-06,SG12,3da8885406067e143bc145fdad5d1cf191fbf7fe7f8161fb14e7abbe3f235f94,722987bad6031a42f983ab7757406af49aadb4740adabfeb7e772eac213e8eee
cga-experiments-v1,eps-p4-d1-k3,base_pure,0.0,31,31,bregman_gap,2.998035060235806e-06,SG12,3da8885406067e143bc145fdad5d1cf191fbf7fe7f8161fb14e7abbe3f235f94,722987bad6031a42f983ab7757406af49aadb4740adabfeb7e772eac213e8eee
cga-experiments-v1,eps-p4-d1-k3,base_pure,0.0,31,31,l2_rel,7.654092425148922e-05,SG12,3da8885406067e143bc145fdad5d1cf191fbf7fe7f8161fb14e7abbe3f235f94,722987bad6031a42f983ab7757406af49aadb4740adabfeb7e772eac213e8eee
cga-experiments-v1,eps-p4-d1-k3,base_pure,0.0,31,31,natural_rel,0.0003242625129745677,SG12,3da8885406067e143bc145fdad5d1cf191fbf7fe7f8161fb14e7abbe3f235f94,722987bad6031a42f983ab7757406af49aadb4740adabfeb7e772eac213e8eee
cga-experiments-v1,eps-p4-d1-k3,base_pure,0.0,31,31,w1p_full_rel,0.0003242106358425079,SG12,3da8885406067e143bc145fdad5d1cf191fbf7fe7f8161fb14e7abbe3f235f94,722987bad6031a42f983ab7757406af49aadb4740adabfeb7e772eac213e8eee
cga-experiments-v1,eps-p4-d1-k3,base_pure,0.0,31,31,quasi_rel,0.0001169631513828083,SG12,3da8885406067e143bc145fdad5d1cf191fbf7fe7f8161fb14e7abbe3f235f94,722987bad6031a42f983ab7757406af49aadb4740adabfeb7e772eac213e8eee
cga-experiments-v1,eps-p4-d1-k3,base_pure,0.0,32,32,energy_gap_raw,1.9850677972499398e-06,SG12,3da8885406067e143bc145fdad5d1cf191fbf7fe7f8161fb14e7abbe3f235f94,722987bad6031a42f983ab7757406af49aadb4740adabfeb7e772eac213e8eee
cga-experiments-v1,eps-p4-d1-k3,base_pure,0.0,32,32,bregman_gap,1.9850678250992205e-06,SG12,3da8885406067e143bc145fdad5d1cf191fbf7fe7f8161fb14e7abbe3f235f94,722987bad6031a42f983ab7757406af49aadb4740adabfeb7e772eac213e8eee
cga-experiments-v1,eps-p4-d1-k3,base_pure,0.0,32,32,l2_rel,7.30681487581193e-05,SG12,3da8885406067e143bc145fdad5d1cf191fbf7fe7f8161fb14e7abbe3f235f94,722987bad6031a42f983ab7757406af49aadb4740adabfeb7e772eac213e8eee
cga-experiments-v1,eps-p4-d1-k3,base_pure,0.0,32,32,natural_rel,0.00032392561139669366,SG12,3da8885406067e143bc145fdad5d1cf191fbf7fe7f8161fb14e7abbe3f235f94,722987bad6031a42f983ab7757406af49aadb4740adabfeb7e772eac213e8eee
cga-experiments-v1,eps-p4-d1-k3,base_pure,0.0,32,32,w1p_full_rel,0.00032387376846501566,SG12,3da8885406067e143bc145fdad5d1cf191fbf7fe7f8161fb14e7abbe3f235f94,722987bad6031a42f983ab7757406af49aadb4740adabfeb7e772eac213e8eee
cga-experiments-v1,eps-p4-d1-k3,base_pure,0.0,32,32,quasi_rel,9.517741069062669e-05,SG12,3da8885406067e143bc145fdad5d1cf191fbf7fe7f8161fb14e7abbe3f235f94,722987bad6031a42f983ab7757406af49aadb4740adabfeb7e772eac213e8eee
