schema_version,case_id,numerical_id,method,variant,seed,dof,mesh_level,accepted_atoms,feature_count,energy_gap,energy_gap_signed,natural_error,v_error,l2_error,numerical_energy,exact_energy,solver_iterations,solver_residual,solver_success,solver_message,wall_time_sec,evaluation_rule,evaluation_hash,evaluation_audit_rel_delta,audit_energy_gap_rel_delta,audit_natural_rel_delta,audit_v_rel_delta,plateau_flag,source,source_path,problem_hash,config_hash,archived_energy_gap,archived_natural_error,archived_v_error,model_path,model_sha256,metric_definition,record_provenance,energy_gap_valid,energy_gap_invalid_reason,natural_error_valid,natural_error_invalid_reason,v_error_valid,v_error_invalid_reason,hessian_backend,evaluator_hash,source_hash,is_raw,is_interpolated
cga-review-replay-v1,C1,01,rfm,rfm_relu3,201,8,,,8,12.150062965031967,12.150062965031967,0.7050367204365618,,0.35446070826018605,-12.292967817636939,-24.443030782668906,1,3.720112068926405e-15,True,rank=8/8,0.01754520800022874,CG3072x8-d1,21b8e3fcf1ec52418e7e1d4f9e165ea4f049f7f10f630326cf259fda713bcc49,6.854026379990222e-11,6.854026379990222e-11,1.4762835117887126e-12,,False,new_nested_rfm_coefficient_replay,,54a0c8e776ed61a7799e7cc74a80fc39bfab52aa7318daa0a31fbb23bc4dbe8f,fbe4904d8be5f2979aa48d19d959400a573aec5543407e5edafbbf398eb19a0a,,,,data/raw/review_replay_20261001/models/C1_rfm_seed201_n8.npz,0869958fee1db25fddd0193e37b8fa0c7b15cbf2ddb313c38e81c3e39b49d8c1,relative_H1,review_replay_20261001,True,none,True,none,False,not_applicable,not_used,fc38e7c1fd40d30358c96e486ddae675428216469a7e8b6f5ead0c86b97577b7,0869958fee1db25fddd0193e37b8fa0c7b15cbf2ddb313c38e81c3e39b49d8c1,True,False
cga-review-replay-v1,C1,01,rfm,rfm_relu3,201,16,,,16,7.565731034856277,7.565731034856277,0.5563497811905492,,0.09976535263865716,-16.87729974781263,-24.443030782668906,1,1.677269631222621e-13,True,rank=16/16,0.002949124998849584,CG3072x8-d1,21b8e3fcf1ec52418e7e1d4f9e165ea4f049f7f10f630326cf259fda713bcc49,1.6205650591584324e-11,3.4542282432265893e-12,1.6205650591584324e-11,,False,new_nested_rfm_coefficient_replay,,54a0c8e776ed61a7799e7cc74a80fc39bfab52aa7318daa0a31fbb23bc4dbe8f,fbe4904d8be5f2979aa48d19d959400a573aec5543407e5edafbbf398eb19a0a,,,,data/raw/review_replay_20261001/models/C1_rfm_seed201_n16.npz,6f6fb586eeaf5ded1f7628d1b75d33051493464af0daaaaa95f5c5705a900f85,relative_H1,review_replay_20261001,True,none,True,none,False,not_applicable,not_used,fc38e7c1fd40d30358c96e486ddae675428216469a7e8b6f5ead0c86b97577b7,6f6fb586eeaf5ded1f7628d1b75d33051493464af0daaaaa95f5c5705a900f85,True,False
cga-review-replay-v1,C1,01,rfm,rfm_relu3,201,32,,,32,2.4663102084478865,2.4663102084478865,0.3176481444432402,,0.05208353192205076,-21.97672057422102,-24.443030782668906,1,1.153077759795078e-12,True,rank=32/32,0.006348249997245148,CG3072x8-d1,21b8e3fcf1ec52418e7e1d4f9e165ea4f049f7f10f630326cf259fda713bcc49,1.6604038433524227e-09,1.6604038433524227e-09,1.2974051530408903e-09,,False,new_nested_rfm_coefficient_replay,,54a0c8e776ed61a7799e7cc74a80fc39bfab52aa7318daa0a31fbb23bc4dbe8f,fbe4904d8be5f2979aa48d19d959400a573aec5543407e5edafbbf398eb19a0a,,,,data/raw/review_replay_20261001/models/C1_rfm_seed201_n32.npz,4ee8af4ac01308ceab4c2a61b469567a5e1e273fcc4700f77ca4154e4aed2cde,relative_H1,review_replay_20261001,True,none,True,none,False,not_applicable,not_used,fc38e7c1fd40d30358c96e486ddae675428216469a7e8b6f5ead0c86b97577b7,4ee8af4ac01308ceab4c2a61b469567a5e1e273fcc4700f77ca4154e4aed2cde,True,False
cga-review-replay-v1,C1,01,rfm,rfm_relu3,201,64,,,64,0.031936739354563315,0.031936739354563315,0.03614662943950902,,0.002497819010711741,-24.411094043314343,-24.443030782668906,1,1.2959972328042022e-11,True,rank=63/64,0.010200125001574634,CG3072x8-d1,21b8e3fcf1ec52418e7e1d4f9e165ea4f049f7f10f630326cf259fda713bcc49,8.344137394300918e-07,8.344137394300918e-07,1.6318496364510915e-08,,False,new_nested_rfm_coefficient_replay,,54a0c8e776ed61a7799e7cc74a80fc39bfab52aa7318daa0a31fbb23bc4dbe8f,fbe4904d8be5f2979aa48d19d959400a573aec5543407e5edafbbf398eb19a0a,,,,data/raw/review_replay_20261001/models/C1_rfm_seed201_n64.npz,45b7412e0267d036353925ecdecfd7a062da47204d8e256da3252ab01e8d5593,relative_H1,review_replay_20261001,True,none,True,none,False,not_applicable,not_used,fc38e7c1fd40d30358c96e486ddae675428216469a7e8b6f5ead0c86b97577b7,45b7412e0267d036353925ecdecfd7a062da47204d8e256da3252ab01e8d5593,True,False
cga-review-replay-v1,C1,01,rfm,rfm_relu3,201,128,,,128,0.001352014765849674,0.001352014765849674,0.0074372625189768225,,0.000376078074804595,-24.441678767903056,-24.443030782668906,1,1.0345431585328028e-12,True,rank=122/128,0.03736929200022132,CG3072x8-d1,21b8e3fcf1ec52418e7e1d4f9e165ea4f049f7f10f630326cf259fda713bcc49,3.4711026251684225e-06,3.4711026251684225e-06,4.5869918979535675e-08,,False,new_nested_rfm_coefficient_replay,,54a0c8e776ed61a7799e7cc74a80fc39bfab52aa7318daa0a31fbb23bc4dbe8f,fbe4904d8be5f2979aa48d19d959400a573aec5543407e5edafbbf398eb19a0a,,,,data/raw/review_replay_20261001/models/C1_rfm_seed201_n128.npz,4e2ab0c9e8626df9dcd6ac0fb83489be16311de7c9952033bb0ca6b1d922db72,relative_H1,review_replay_20261001,True,none,True,none,False,not_applicable,not_used,fc38e7c1fd40d30358c96e486ddae675428216469a7e8b6f5ead0c86b97577b7,4e2ab0c9e8626df9dcd6ac0fb83489be16311de7c9952033bb0ca6b1d922db72,True,False
cga-review-replay-v1,C1,01,rfm,rfm_relu3,201,256,,,256,8.851993840153227e-07,8.851993840153227e-07,0.00019032497666764714,,2.4218511254979263e-06,-24.443029897469522,-24.443030782668906,1,7.066733113131441e-13,True,rank=232/256,0.12056116700114217,CG3072x8-d1,21b8e3fcf1ec52418e7e1d4f9e165ea4f049f7f10f630326cf259fda713bcc49,0.002102877252180028,0.002102877252180028,6.815183939013657e-08,,False,new_nested_rfm_coefficient_replay,,54a0c8e776ed61a7799e7cc74a80fc39bfab52aa7318daa0a31fbb23bc4dbe8f,fbe4904d8be5f2979aa48d19d959400a573aec5543407e5edafbbf398eb19a0a,,,,data/raw/review_replay_20261001/models/C1_rfm_seed201_n256.npz,ba8216a1429c3ec0b6cf94ba3bdaa7ac099f9122f42ff9d44b5b8783a8fc96a2,relative_H1,review_replay_20261001,True,none,True,none,False,not_applicable,not_used,fc38e7c1fd40d30358c96e486ddae675428216469a7e8b6f5ead0c86b97577b7,ba8216a1429c3ec0b6cf94ba3bdaa7ac099f9122f42ff9d44b5b8783a8fc96a2,True,False
cga-review-replay-v1,C1,01,rfm,rfm_relu3,202,8,,,8,10.962513460354014,10.962513460354014,0.669695749415006,,0.3664531729833538,-13.480517322314892,-24.443030782668906,1,9.519444600895085e-14,True,rank=8/8,0.004858042000705609,CG3072x8-d1,21b8e3fcf1ec52418e7e1d4f9e165ea4f049f7f10f630326cf259fda713bcc49,1.3145267530175723e-11,1.3145267530175723e-11,5.2225739786041724e-12,,False,new_nested_rfm_coefficient_replay,,54a0c8e776ed61a7799e7cc74a80fc39bfab52aa7318daa0a31fbb23bc4dbe8f,fbe4904d8be5f2979aa48d19d959400a573aec5543407e5edafbbf398eb19a0a,,,,data/raw/review_replay_20261001/models/C1_rfm_seed202_n8.npz,707ed7bc01d39571e4f51140083f03bca6fd1c7f8473b3a4e943390322711780,relative_H1,review_replay_20261001,True,none,True,none,False,not_applicable,not_used,fc38e7c1fd40d30358c96e486ddae675428216469a7e8b6f5ead0c86b97577b7,707ed7bc01d39571e4f51140083f03bca6fd1c7f8473b3a4e943390322711780,True,False
cga-review-replay-v1,C1,01,rfm,rfm_relu3,202,16,,,16,6.0162222513689585,6.0162222513689585,0.49611734223100007,,0.08942156531101447,-18.426808531299947,-24.443030782668906,1,8.501241749891869e-13,True,rank=16/16,0.003601707998313941,CG3072x8-d1,21b8e3fcf1ec52418e7e1d4f9e165ea4f049f7f10f630326cf259fda713bcc49,1.0021297913619599e-10,1.0000673088647884e-10,1.0021297913619599e-10,,False,new_nested_rfm_coefficient_replay,,54a0c8e776ed61a7799e7cc74a80fc39bfab52aa7318daa0a31fbb23bc4dbe8f,fbe4904d8be5f2979aa48d19d959400a573aec5543407e5edafbbf398eb19a0a,,,,data/raw/review_replay_20261001/models/C1_rfm_seed202_n16.npz,7c6e78eb2129530679c9e354f53bff4003a9e075e757ae2ea0e8b6f82bd80798,relative_H1,review_replay_20261001,True,none,True,none,False,not_applicable,not_used,fc38e7c1fd40d30358c96e486ddae675428216469a7e8b6f5ead0c86b97577b7,7c6e78eb2129530679c9e354f53bff4003a9e075e757ae2ea0e8b6f82bd80798,True,False
cga-review-replay-v1,C1,01,rfm,rfm_relu3,202,32,,,32,1.3690362288614466,1.3690362288614466,0.2366627696234919,,0.03124748663526849,-23.07399455380746,-24.443030782668906,1,3.691802522316827e-12,True,rank=30/32,0.006052290998923127,CG3072x8-d1,21b8e3fcf1ec52418e7e1d4f9e165ea4f049f7f10f630326cf259fda713bcc49,1.6190458171476707e-08,1.6190458171476707e-08,4.499372909221052e-09,,False,new_nested_rfm_coefficient_replay,,54a0c8e776ed61a7799e7cc74a80fc39bfab52aa7318daa0a31fbb23bc4dbe8f,fbe4904d8be5f2979aa48d19d959400a573aec5543407e5edafbbf398eb19a0a,,,,data/raw/review_replay_20261001/models/C1_rfm_seed202_n32.npz,7c8049b3e118ba13708fabafd99f69fed16f1c1bd002b0b04922ef5cfb94d25b,relative_H1,review_replay_20261001,True,none,True,none,False,not_applicable,not_used,fc38e7c1fd40d30358c96e486ddae675428216469a7e8b6f5ead0c86b97577b7,7c8049b3e118ba13708fabafd99f69fed16f1c1bd002b0b04922ef5cfb94d25b,True,False
cga-review-replay-v1,C1,01,rfm,rfm_relu3,202,64,,,64,0.041590975555322984,0.041590975555322984,0.04124981540999888,,0.003093193251763445,-24.401439807113583,-24.443030782668906,1,8.388747480055248e-12,True,rank=61/64,0.2750475840002764,CG3072x8-d1,21b8e3fcf1ec52418e7e1d4f9e165ea4f049f7f10f630326cf259fda713bcc49,4.980362352789529e-08,4.980362352789529e-08,4.783889153852147e-09,,False,new_nested_rfm_coefficient_replay,,54a0c8e776ed61a7799e7cc74a80fc39bfab52aa7318daa0a31fbb23bc4dbe8f,fbe4904d8be5f2979aa48d19d959400a573aec5543407e5edafbbf398eb19a0a,,,,data/raw/review_replay_20261001/models/C1_rfm_seed202_n64.npz,c82aa4e317a5ddca3fee5c7cca61552df7fb41198e19bd4f989e7e6cdaecf1bd,relative_H1,review_replay_20261001,True,none,True,none,False,not_applicable,not_used,fc38e7c1fd40d30358c96e486ddae675428216469a7e8b6f5ead0c86b97577b7,c82aa4e317a5ddca3fee5c7cca61552df7fb41198e19bd4f989e7e6cdaecf1bd,True,False
cga-review-replay-v1,C1,01,rfm,rfm_relu3,202,128,,,128,0.000740204708261416,0.000740204708261416,0.005502987461524034,,0.00021331219596352758,-24.442290577960645,-24.443030782668906,1,4.4637462696426e-12,True,rank=116/128,0.2024375000000873,CG3072x8-d1,21b8e3fcf1ec52418e7e1d4f9e165ea4f049f7f10f630326cf259fda713bcc49,2.80616038911712e-06,2.80616038911712e-06,8.181262675894425e-09,,False,new_nested_rfm_coefficient_replay,,54a0c8e776ed61a7799e7cc74a80fc39bfab52aa7318daa0a31fbb23bc4dbe8f,fbe4904d8be5f2979aa48d19d959400a573aec5543407e5edafbbf398eb19a0a,,,,data/raw/review_replay_20261001/models/C1_rfm_seed202_n128.npz,b005b491a193bdac6298dda2320a4ac3cc59223c86586206767cb97960f2b83d,relative_H1,review_replay_20261001,True,none,True,none,False,not_applicable,not_used,fc38e7c1fd40d30358c96e486ddae675428216469a7e8b6f5ead0c86b97577b7,b005b491a193bdac6298dda2320a4ac3cc59223c86586206767cb97960f2b83d,True,False
cga-review-replay-v1,C1,01,rfm,rfm_relu3,202,256,,,256,7.145159273136414e-07,7.145159273136414e-07,0.00017096235956922306,,2.096651147640184e-06,-24.44303006815298,-24.443030782668906,1,3.5732349831185724e-13,True,rank=232/256,0.16471349999847007,CG3072x8-d1,21b8e3fcf1ec52418e7e1d4f9e165ea4f049f7f10f630326cf259fda713bcc49,0.0008982372638153155,0.0008982372638153155,1.4166039375595974e-07,,False,new_nested_rfm_coefficient_replay,,54a0c8e776ed61a7799e7cc74a80fc39bfab52aa7318daa0a31fbb23bc4dbe8f,fbe4904d8be5f2979aa48d19d959400a573aec5543407e5edafbbf398eb19a0a,,,,data/raw/review_replay_20261001/models/C1_rfm_seed202_n256.npz,480687f2ef02fe4e67c1a653168ea35cbc9688046ef18532b259d10038131790,relative_H1,review_replay_20261001,True,none,True,none,False,not_applicable,not_used,fc38e7c1fd40d30358c96e486ddae675428216469a7e8b6f5ead0c86b97577b7,480687f2ef02fe4e67c1a653168ea35cbc9688046ef18532b259d10038131790,True,False
cga-review-replay-v1,C1,01,rfm,rfm_relu3,203,8,,,8,11.799147943193935,11.799147943193935,0.6947807800522757,,0.20076127136062327,-12.643882839474971,-24.443030782668906,1,1.1587504228021564e-14,True,rank=8/8,0.009805292000237387,CG3072x8-d1,21b8e3fcf1ec52418e7e1d4f9e165ea4f049f7f10f630326cf259fda713bcc49,1.1741196616846688e-10,1.1741196616846688e-10,3.1616983940719468e-12,,False,new_nested_rfm_coefficient_replay,,54a0c8e776ed61a7799e7cc74a80fc39bfab52aa7318daa0a31fbb23bc4dbe8f,fbe4904d8be5f2979aa48d19d959400a573aec5543407e5edafbbf398eb19a0a,,,,data/raw/review_replay_20261001/models/C1_rfm_seed203_n8.npz,cfe3e1b8c739c6e4be18ebf67eacd5803323b2179ac2e44f152669cbdac8fc5f,relative_H1,review_replay_20261001,True,none,True,none,False,not_applicable,not_used,fc38e7c1fd40d30358c96e486ddae675428216469a7e8b6f5ead0c86b97577b7,cfe3e1b8c739c6e4be18ebf67eacd5803323b2179ac2e44f152669cbdac8fc5f,True,False
cga-review-replay-v1,C1,01,rfm,rfm_relu3,203,16,,,16,6.641036659140081,6.641036659140081,0.52124321092639,,0.09427491063756845,-17.801994123528825,-24.443030782668906,1,1.3605703259894986e-13,True,rank=16/16,0.006214791999809677,CG3072x8-d1,21b8e3fcf1ec52418e7e1d4f9e165ea4f049f7f10f630326cf259fda713bcc49,1.2744815186820397e-10,1.2744815186820397e-10,5.3081173017902803e-11,,False,new_nested_rfm_coefficient_replay,,54a0c8e776ed61a7799e7cc74a80fc39bfab52aa7318daa0a31fbb23bc4dbe8f,fbe4904d8be5f2979aa48d19d959400a573aec5543407e5edafbbf398eb19a0a,,,,data/raw/review_replay_20261001/models/C1_rfm_seed203_n16.npz,7c50c9cb78dae9a2fad017e0f1ae0ab629ab7982be1e7e4e935ce441c283a4a6,relative_H1,review_replay_20261001,True,none,True,none,False,not_applicable,not_used,fc38e7c1fd40d30358c96e486ddae675428216469a7e8b6f5ead0c86b97577b7,7c50c9cb78dae9a2fad017e0f1ae0ab629ab7982be1e7e4e935ce441c283a4a6,True,False
cga-review-replay-v1,C1,01,rfm,rfm_relu3,203,32,,,32,1.477850444893555,1.477850444893555,0.24588821589016083,,0.04506263462132105,-22.96518033777535,-24.443030782668906,1,1.0943844750120034e-12,True,rank=31/32,0.007586625000840286,CG3072x8-d1,21b8e3fcf1ec52418e7e1d4f9e165ea4f049f7f10f630326cf259fda713bcc49,1.252241947248505e-09,1.252241947248505e-09,1.422819668182819e-10,,False,new_nested_rfm_coefficient_replay,,54a0c8e776ed61a7799e7cc74a80fc39bfab52aa7318daa0a31fbb23bc4dbe8f,fbe4904d8be5f2979aa48d19d959400a573aec5543407e5edafbbf398eb19a0a,,,,data/raw/review_replay_20261001/models/C1_rfm_seed203_n32.npz,d5d05e9b7cc71c74c4d3ce4403de2ae5672bde8802180c1f9d7d3efd88493d1e,relative_H1,review_replay_20261001,True,none,True,none,False,not_applicable,not_used,fc38e7c1fd40d30358c96e486ddae675428216469a7e8b6f5ead0c86b97577b7,d5d05e9b7cc71c74c4d3ce4403de2ae5672bde8802180c1f9d7d3efd88493d1e,True,False
cga-review-replay-v1,C1,01,rfm,rfm_relu3,203,64,,,64,0.022539387273312173,0.022539387273312173,0.030366414873837167,,0.002244993371721816,-24.420491395395594,-24.443030782668906,1,3.980425452822992e-12,True,rank=58/64,0.016898916001082398,CG3072x8-d1,21b8e3fcf1ec52418e7e1d4f9e165ea4f049f7f10f630326cf259fda713bcc49,2.608743141287771e-07,2.608743141287771e-07,7.372757965000757e-09,,False,new_nested_rfm_coefficient_replay,,54a0c8e776ed61a7799e7cc74a80fc39bfab52aa7318daa0a31fbb23bc4dbe8f,fbe4904d8be5f2979aa48d19d959400a573aec5543407e5edafbbf398eb19a0a,,,,data/raw/review_replay_20261001/models/C1_rfm_seed203_n64.npz,593eec5be8c9b0463dea4f512fc07af9e9734e25bd1be9f15f14dbc21a5cb640,relative_H1,review_replay_20261001,True,none,True,none,False,not_applicable,not_used,fc38e7c1fd40d30358c96e486ddae675428216469a7e8b6f5ead0c86b97577b7,593eec5be8c9b0463dea4f512fc07af9e9734e25bd1be9f15f14dbc21a5cb640,True,False
cga-review-replay-v1,C1,01,rfm,rfm_relu3,203,128,,,128,0.0014342539132030652,0.0014342539132030652,0.00766011876363983,,0.0003519844402142293,-24.441596528755703,-24.443030782668906,1,3.704486441435934e-12,True,rank=118/128,0.030259792001743335,CG3072x8-d1,21b8e3fcf1ec52418e7e1d4f9e165ea4f049f7f10f630326cf259fda713bcc49,3.201131817522235e-06,3.201131817522235e-06,4.073246124881914e-08,,False,new_nested_rfm_coefficient_replay,,54a0c8e776ed61a7799e7cc74a80fc39bfab52aa7318daa0a31fbb23bc4dbe8f,fbe4904d8be5f2979aa48d19d959400a573aec5543407e5edafbbf398eb19a0a,,,,data/raw/review_replay_20261001/models/C1_rfm_seed203_n128.npz,702fabfc8bbffe7da1abf06278aac69c5bad4f9e795edfdcc2d115df671eb534,relative_H1,review_replay_20261001,True,none,True,none,False,not_applicable,not_used,fc38e7c1fd40d30358c96e486ddae675428216469a7e8b6f5ead0c86b97577b7,702fabfc8bbffe7da1abf06278aac69c5bad4f9e795edfdcc2d115df671eb534,True,False
cga-review-replay-v1,C1,01,rfm,rfm_relu3,203,256,,,256,8.97003744171343e-07,8.97003744171343e-07,0.00019160586273041664,,2.4165956718160374e-06,-24.44302988566516,-24.443030782668906,1,6.608089147744167e-13,True,rank=232/256,0.12142504100120277,CG3072x8-d1,21b8e3fcf1ec52418e7e1d4f9e165ea4f049f7f10f630326cf259fda713bcc49,0.0023747554044074724,0.0023747554044074724,2.726287243468735e-07,,False,new_nested_rfm_coefficient_replay,,54a0c8e776ed61a7799e7cc74a80fc39bfab52aa7318daa0a31fbb23bc4dbe8f,fbe4904d8be5f2979aa48d19d959400a573aec5543407e5edafbbf398eb19a0a,,,,data/raw/review_replay_20261001/models/C1_rfm_seed203_n256.npz,4657e57c68eb095e6994a668c6fd459477ab880b20f341b21b96462b77219c16,relative_H1,review_replay_20261001,True,none,True,none,False,not_applicable,not_used,fc38e7c1fd40d30358c96e486ddae675428216469a7e8b6f5ead0c86b97577b7,4657e57c68eb095e6994a668c6fd459477ab880b20f341b21b96462b77219c16,True,False
cga-review-replay-v1,C1,01,rfm,rfm_relu3,204,8,,,8,11.071071144673297,11.071071144673297,0.6730034545264287,,0.18941582983914848,-13.371959637995609,-24.443030782668906,1,4.8184722103412084e-14,True,rank=8/8,0.0037241659993014764,CG3072x8-d1,21b8e3fcf1ec52418e7e1d4f9e165ea4f049f7f10f630326cf259fda713bcc49,1.0262081170802002e-11,1.0262081170802002e-11,6.964840341370549e-13,,False,new_nested_rfm_coefficient_replay,,54a0c8e776ed61a7799e7cc74a80fc39bfab52aa7318daa0a31fbb23bc4dbe8f,fbe4904d8be5f2979aa48d19d959400a573aec5543407e5edafbbf398eb19a0a,,,,data/raw/review_replay_20261001/models/C1_rfm_seed204_n8.npz,bf113e54b179ad6ef7f0f121c31af73ec2e089b8c5f66281d6ae0ecfb38ce59a,relative_H1,review_replay_20261001,True,none,True,none,False,not_applicable,not_used,fc38e7c1fd40d30358c96e486ddae675428216469a7e8b6f5ead0c86b97577b7,bf113e54b179ad6ef7f0f121c31af73ec2e089b8c5f66281d6ae0ecfb38ce59a,True,False
cga-review-replay-v1,C1,01,rfm,rfm_relu3,204,16,,,16,7.203461342256865,7.203461342256865,0.542866556507476,,0.10787121188794861,-17.23956944041204,-24.443030782668906,1,7.675281001872406e-13,True,rank=16/16,0.006017833999067079,CG3072x8-d1,21b8e3fcf1ec52418e7e1d4f9e165ea4f049f7f10f630326cf259fda713bcc49,1.0052988349001164e-09,1.0052988349001164e-09,3.1666701562838677e-10,,False,new_nested_rfm_coefficient_replay,,54a0c8e776ed61a7799e7cc74a80fc39bfab52aa7318daa0a31fbb23bc4dbe8f,fbe4904d8be5f2979aa48d19d959400a573aec5543407e5edafbbf398eb19a0a,,,,data/raw/review_replay_20261001/models/C1_rfm_seed204_n16.npz,2bba98e933f279c5487e5ad52d7989d86b80eabbad7f2a9e6244fda99a6121f5,relative_H1,review_replay_20261001,True,none,True,none,False,not_applicable,not_used,fc38e7c1fd40d30358c96e486ddae675428216469a7e8b6f5ead0c86b97577b7,2bba98e933f279c5487e5ad52d7989d86b80eabbad7f2a9e6244fda99a6121f5,True,False
cga-review-replay-v1,C1,01,rfm,rfm_relu3,204,32,,,32,0.9906815130103439,0.9906815130103439,0.20132119610700555,,0.024206853411419524,-23.452349269658562,-24.443030782668906,1,2.9419224110934475e-12,True,rank=30/32,0.00729995800065808,CG3072x8-d1,21b8e3fcf1ec52418e7e1d4f9e165ea4f049f7f10f630326cf259fda713bcc49,2.0668665982821155e-09,2.0668665982821155e-09,1.2668896006389824e-09,,False,new_nested_rfm_coefficient_replay,,54a0c8e776ed61a7799e7cc74a80fc39bfab52aa7318daa0a31fbb23bc4dbe8f,fbe4904d8be5f2979aa48d19d959400a573aec5543407e5edafbbf398eb19a0a,,,,data/raw/review_replay_20261001/models/C1_rfm_seed204_n32.npz,2bf7fe19b0fa2e0540c002648d1faa0bd93ce345483a7da4aed65febd329c81c,relative_H1,review_replay_20261001,True,none,True,none,False,not_applicable,not_used,fc38e7c1fd40d30358c96e486ddae675428216469a7e8b6f5ead0c86b97577b7,2bf7fe19b0fa2e0540c002648d1faa0bd93ce345483a7da4aed65febd329c81c,True,False
cga-review-replay-v1,C1,01,rfm,rfm_relu3,204,64,,,64,0.03971698389275957,0.03971698389275957,0.04030979526047491,,0.003245213278978947,-24.403313798776146,-24.443030782668906,1,3.1344088514252293e-12,True,rank=58/64,0.01886545799789019,CG3072x8-d1,21b8e3fcf1ec52418e7e1d4f9e165ea4f049f7f10f630326cf259fda713bcc49,1.0828137548892561e-07,1.0828137548892561e-07,1.0423096126217667e-09,,False,new_nested_rfm_coefficient_replay,,54a0c8e776ed61a7799e7cc74a80fc39bfab52aa7318daa0a31fbb23bc4dbe8f,fbe4904d8be5f2979aa48d19d959400a573aec5543407e5edafbbf398eb19a0a,,,,data/raw/review_replay_20261001/models/C1_rfm_seed204_n64.npz,8490a228bc6a4149cd21236a2060e79f05cef485106b383c275e85d9f686fed9,relative_H1,review_replay_20261001,True,none,True,none,False,not_applicable,not_used,fc38e7c1fd40d30358c96e486ddae675428216469a7e8b6f5ead0c86b97577b7,8490a228bc6a4149cd21236a2060e79f05cef485106b383c275e85d9f686fed9,True,False
cga-review-replay-v1,C1,01,rfm,rfm_relu3,204,128,,,128,0.004152774201479303,0.004152774201479303,0.013034416878616452,,0.0006879234283417841,-24.438878008467427,-24.443030782668906,1,7.56915342048325e-12,True,rank=115/128,0.05135966599846142,CG3072x8-d1,21b8e3fcf1ec52418e7e1d4f9e165ea4f049f7f10f630326cf259fda713bcc49,4.54606109117442e-08,4.54606109117442e-08,1.5754308360186135e-08,,False,new_nested_rfm_coefficient_replay,,54a0c8e776ed61a7799e7cc74a80fc39bfab52aa7318daa0a31fbb23bc4dbe8f,fbe4904d8be5f2979aa48d19d959400a573aec5543407e5edafbbf398eb19a0a,,,,data/raw/review_replay_20261001/models/C1_rfm_seed204_n128.npz,154d7bdf1ebca6503b3d542039bde6b83736d8b05c1a8f3c5af844dd19d3f426,relative_H1,review_replay_20261001,True,none,True,none,False,not_applicable,not_used,fc38e7c1fd40d30358c96e486ddae675428216469a7e8b6f5ead0c86b97577b7,154d7bdf1ebca6503b3d542039bde6b83736d8b05c1a8f3c5af844dd19d3f426,True,False
cga-review-replay-v1,C1,01,rfm,rfm_relu3,204,256,,,256,8.192056810685244e-07,8.192056810685244e-07,0.00018303339585747208,,2.2697563050093534e-06,-24.443029963463225,-24.443030782668906,1,1.91951513999705e-12,True,rank=232/256,0.19238891699933447,CG3072x8-d1,21b8e3fcf1ec52418e7e1d4f9e165ea4f049f7f10f630326cf259fda713bcc49,0.0015328257278523969,0.0015328257278523969,1.0934278441121837e-07,,False,new_nested_rfm_coefficient_replay,,54a0c8e776ed61a7799e7cc74a80fc39bfab52aa7318daa0a31fbb23bc4dbe8f,fbe4904d8be5f2979aa48d19d959400a573aec5543407e5edafbbf398eb19a0a,,,,data/raw/review_replay_20261001/models/C1_rfm_seed204_n256.npz,5a7ae0a7b257a80cad6f5044df1f0fe853c6dc1820eb56912d9d2044f396b814,relative_H1,review_replay_20261001,True,none,True,none,False,not_applicable,not_used,fc38e7c1fd40d30358c96e486ddae675428216469a7e8b6f5ead0c86b97577b7,5a7ae0a7b257a80cad6f5044df1f0fe853c6dc1820eb56912d9d2044f396b814,True,False
cga-review-replay-v1,C1,01,rfm,rfm_relu3,205,8,,,8,11.634563508537436,11.634563508537436,0.6899180700288363,,0.19921332963182964,-12.80846727413147,-24.443030782668906,1,3.1489623777574256e-15,True,rank=8/8,0.0023675830016145483,CG3072x8-d1,21b8e3fcf1ec52418e7e1d4f9e165ea4f049f7f10f630326cf259fda713bcc49,1.930018843455636e-12,1.930018843455636e-12,1.2085166742460353e-12,,False,new_nested_rfm_coefficient_replay,,54a0c8e776ed61a7799e7cc74a80fc39bfab52aa7318daa0a31fbb23bc4dbe8f,fbe4904d8be5f2979aa48d19d959400a573aec5543407e5edafbbf398eb19a0a,,,,data/raw/review_replay_20261001/models/C1_rfm_seed205_n8.npz,89db31bdf2c285abd9152f542309ba167067218db1ae59ff224af487b88147a3,relative_H1,review_replay_20261001,True,none,True,none,False,not_applicable,not_used,fc38e7c1fd40d30358c96e486ddae675428216469a7e8b6f5ead0c86b97577b7,89db31bdf2c285abd9152f542309ba167067218db1ae59ff224af487b88147a3,True,False
cga-review-replay-v1,C1,01,rfm,rfm_relu3,205,16,,,16,5.625757486962968,5.625757486962968,0.4797477825560909,,0.08331612666453497,-18.817273295705938,-24.443030782668906,1,1.2203422405517678e-13,True,rank=16/16,0.013106417001836235,CG3072x8-d1,21b8e3fcf1ec52418e7e1d4f9e165ea4f049f7f10f630326cf259fda713bcc49,2.2564556558673442e-10,2.2564556558673442e-10,2.436647066631613e-11,,False,new_nested_rfm_coefficient_replay,,54a0c8e776ed61a7799e7cc74a80fc39bfab52aa7318daa0a31fbb23bc4dbe8f,fbe4904d8be5f2979aa48d19d959400a573aec5543407e5edafbbf398eb19a0a,,,,data/raw/review_replay_20261001/models/C1_rfm_seed205_n16.npz,905fd49c3459970ced0794abf9c045b559588d19dc8633dd05ae0eb0b060717f,relative_H1,review_replay_20261001,True,none,True,none,False,not_applicable,not_used,fc38e7c1fd40d30358c96e486ddae675428216469a7e8b6f5ead0c86b97577b7,905fd49c3459970ced0794abf9c045b559588d19dc8633dd05ae0eb0b060717f,True,False
cga-review-replay-v1,C1,01,rfm,rfm_relu3,205,32,,,32,1.741788796825599,1.741788796825599,0.26694403378041953,,0.04004049899612374,-22.701241985843307,-24.443030782668906,1,8.602177295613705e-12,True,rank=30/32,0.006555250001838431,CG3072x8-d1,21b8e3fcf1ec52418e7e1d4f9e165ea4f049f7f10f630326cf259fda713bcc49,2.2180351366715842e-09,2.2180351366715842e-09,1.1219824861642379e-10,,False,new_nested_rfm_coefficient_replay,,54a0c8e776ed61a7799e7cc74a80fc39bfab52aa7318daa0a31fbb23bc4dbe8f,fbe4904d8be5f2979aa48d19d959400a573aec5543407e5edafbbf398eb19a0a,,,,data/raw/review_replay_20261001/models/C1_rfm_seed205_n32.npz,7da7cce441180b1412c8d6bee41d427182a814e0487349dc32f3577af72ba097,relative_H1,review_replay_20261001,True,none,True,none,False,not_applicable,not_used,fc38e7c1fd40d30358c96e486ddae675428216469a7e8b6f5ead0c86b97577b7,7da7cce441180b1412c8d6bee41d427182a814e0487349dc32f3577af72ba097,True,False
cga-review-replay-v1,C1,01,rfm,rfm_relu3,205,64,,,64,0.129496300419369,0.129496300419369,0.07278655287656988,,0.007100959127948877,-24.313534482249537,-24.443030782668906,1,4.633901928209607e-12,True,rank=59/64,0.02445100000113598,CG3072x8-d1,21b8e3fcf1ec52418e7e1d4f9e165ea4f049f7f10f630326cf259fda713bcc49,1.898121823465565e-07,1.898121823465565e-07,1.6268067522369217e-08,,False,new_nested_rfm_coefficient_replay,,54a0c8e776ed61a7799e7cc74a80fc39bfab52aa7318daa0a31fbb23bc4dbe8f,fbe4904d8be5f2979aa48d19d959400a573aec5543407e5edafbbf398eb19a0a,,,,data/raw/review_replay_20261001/models/C1_rfm_seed205_n64.npz,501c921d60605a69c695410bef4339c5c612149a8358154b1f05ee244c96aa40,relative_H1,review_replay_20261001,True,none,True,none,False,not_applicable,not_used,fc38e7c1fd40d30358c96e486ddae675428216469a7e8b6f5ead0c86b97577b7,501c921d60605a69c695410bef4339c5c612149a8358154b1f05ee244c96aa40,True,False
cga-review-replay-v1,C1,01,rfm,rfm_relu3,205,128,,,128,0.0005867444935674371,0.0005867444935674371,0.004899444660120938,,0.00018752471241402402,-24.44244403817534,-24.443030782668906,1,1.3628417899345603e-12,True,rank=115/128,0.04721554099887726,CG3072x8-d1,21b8e3fcf1ec52418e7e1d4f9e165ea4f049f7f10f630326cf259fda713bcc49,4.030126019264848e-06,4.030126019264848e-06,3.0343214414699646e-09,,False,new_nested_rfm_coefficient_replay,,54a0c8e776ed61a7799e7cc74a80fc39bfab52aa7318daa0a31fbb23bc4dbe8f,fbe4904d8be5f2979aa48d19d959400a573aec5543407e5edafbbf398eb19a0a,,,,data/raw/review_replay_20261001/models/C1_rfm_seed205_n128.npz,5f678f71a0d4a7d07b5ebd1a847544f4e293195fdcb94c3c8a82b512fba9136d,relative_H1,review_replay_20261001,True,none,True,none,False,not_applicable,not_used,fc38e7c1fd40d30358c96e486ddae675428216469a7e8b6f5ead0c86b97577b7,5f678f71a0d4a7d07b5ebd1a847544f4e293195fdcb94c3c8a82b512fba9136d,True,False
cga-review-replay-v1,C1,01,rfm,rfm_relu3,205,256,,,256,7.631809602060002e-07,7.631809602060002e-07,0.00017668105306286078,,2.1396565986718266e-06,-24.443030019487946,-24.443030782668906,1,3.0910455444712105e-12,True,rank=232/256,0.13779712500036112,CG3072x8-d1,21b8e3fcf1ec52418e7e1d4f9e165ea4f049f7f10f630326cf259fda713bcc49,0.00012586100118090176,0.00012586100118090176,9.289532333030605e-08,,False,new_nested_rfm_coefficient_replay,,54a0c8e776ed61a7799e7cc74a80fc39bfab52aa7318daa0a31fbb23bc4dbe8f,fbe4904d8be5f2979aa48d19d959400a573aec5543407e5edafbbf398eb19a0a,,,,data/raw/review_replay_20261001/models/C1_rfm_seed205_n256.npz,9f61f75971d73e1090d5f1d8e0b1cdb929129256e764d393d1cb9c028b6d99f6,relative_H1,review_replay_20261001,True,none,True,none,False,not_applicable,not_used,fc38e7c1fd40d30358c96e486ddae675428216469a7e8b6f5ead0c86b97577b7,9f61f75971d73e1090d5f1d8e0b1cdb929129256e764d393d1cb9c028b6d99f6,True,False
cga-review-replay-v1,C1,01,rfm,rfm_relu3,206,8,,,8,12.015014540177027,12.015014540177027,0.7011075162264889,,1.382575924901325,-12.428016242491879,-24.443030782668906,1,1.4775597331860014e-14,True,rank=8/8,0.004713041998911649,CG3072x8-d1,21b8e3fcf1ec52418e7e1d4f9e165ea4f049f7f10f630326cf259fda713bcc49,1.986294236893261e-12,1.986294236893261e-12,4.570060332990544e-13,,False,new_nested_rfm_coefficient_replay,,54a0c8e776ed61a7799e7cc74a80fc39bfab52aa7318daa0a31fbb23bc4dbe8f,fbe4904d8be5f2979aa48d19d959400a573aec5543407e5edafbbf398eb19a0a,,,,data/raw/review_replay_20261001/models/C1_rfm_seed206_n8.npz,65ecd61135e6be19e89374092f7a91a033d3435c413d8918ed06920e7fe628dd,relative_H1,review_replay_20261001,True,none,True,none,False,not_applicable,not_used,fc38e7c1fd40d30358c96e486ddae675428216469a7e8b6f5ead0c86b97577b7,65ecd61135e6be19e89374092f7a91a033d3435c413d8918ed06920e7fe628dd,True,False
cga-review-replay-v1,C1,01,rfm,rfm_relu3,206,16,,,16,6.963540409669676,6.963540409669676,0.5337495510088096,,0.10029294407916754,-17.47949037299923,-24.443030782668906,1,9.265969513081844e-14,True,rank=16/16,0.00823395800034632,CG3072x8-d1,21b8e3fcf1ec52418e7e1d4f9e165ea4f049f7f10f630326cf259fda713bcc49,5.0939195248094156e-11,5.0939195248094156e-11,5.3700518853035225e-12,,False,new_nested_rfm_coefficient_replay,,54a0c8e776ed61a7799e7cc74a80fc39bfab52aa7318daa0a31fbb23bc4dbe8f,fbe4904d8be5f2979aa48d19d959400a573aec5543407e5edafbbf398eb19a0a,,,,data/raw/review_replay_20261001/models/C1_rfm_seed206_n16.npz,2f3870d96d540c4a7f089a7557eb96c5d75c9830d9588034dd579130fd2bdace,relative_H1,review_replay_20261001,True,none,True,none,False,not_applicable,not_used,fc38e7c1fd40d30358c96e486ddae675428216469a7e8b6f5ead0c86b97577b7,2f3870d96d540c4a7f089a7557eb96c5d75c9830d9588034dd579130fd2bdace,True,False
cga-review-replay-v1,C1,01,rfm,rfm_relu3,206,32,,,32,3.169592742290785,3.169592742290785,0.3601008980022336,,0.0677401823401691,-21.27343804037812,-24.443030782668906,1,1.0037025705555098e-12,True,rank=31/32,0.006091084000217961,CG3072x8-d1,21b8e3fcf1ec52418e7e1d4f9e165ea4f049f7f10f630326cf259fda713bcc49,2.6406353624642535e-09,2.6406353624642535e-09,5.527500235702668e-11,,False,new_nested_rfm_coefficient_replay,,54a0c8e776ed61a7799e7cc74a80fc39bfab52aa7318daa0a31fbb23bc4dbe8f,fbe4904d8be5f2979aa48d19d959400a573aec5543407e5edafbbf398eb19a0a,,,,data/raw/review_replay_20261001/models/C1_rfm_seed206_n32.npz,e7d2b904c637495a98200cd955484c4b00b311f5641e8bddf84e7835abd0c92e,relative_H1,review_replay_20261001,True,none,True,none,False,not_applicable,not_used,fc38e7c1fd40d30358c96e486ddae675428216469a7e8b6f5ead0c86b97577b7,e7d2b904c637495a98200cd955484c4b00b311f5641e8bddf84e7835abd0c92e,True,False
cga-review-replay-v1,C1,01,rfm,rfm_relu3,206,64,,,64,0.4973043276113316,0.4973043276113316,0.14263745830326688,,0.018667568565519186,-23.945726455057574,-24.443030782668906,1,2.0631158182406304e-12,True,rank=60/64,0.027569707999646198,CG3072x8-d1,21b8e3fcf1ec52418e7e1d4f9e165ea4f049f7f10f630326cf259fda713bcc49,3.9316117774597746e-09,3.9316117774597746e-09,4.973405590115748e-10,,False,new_nested_rfm_coefficient_replay,,54a0c8e776ed61a7799e7cc74a80fc39bfab52aa7318daa0a31fbb23bc4dbe8f,fbe4904d8be5f2979aa48d19d959400a573aec5543407e5edafbbf398eb19a0a,,,,data/raw/review_replay_20261001/models/C1_rfm_seed206_n64.npz,a89a8e822495375fcaff839b9e66c2a4388a87b8af694cdf35908ac1eabf9b61,relative_H1,review_replay_20261001,True,none,True,none,False,not_applicable,not_used,fc38e7c1fd40d30358c96e486ddae675428216469a7e8b6f5ead0c86b97577b7,a89a8e822495375fcaff839b9e66c2a4388a87b8af694cdf35908ac1eabf9b61,True,False
cga-review-replay-v1,C1,01,rfm,rfm_relu3,206,128,,,128,0.0003256816510415206,0.0003256816510415206,0.0036502253568786065,,0.0001274472998638349,-24.442705101017864,-24.443030782668906,1,1.064842280845778e-12,True,rank=119/128,0.06012108399954741,CG3072x8-d1,21b8e3fcf1ec52418e7e1d4f9e165ea4f049f7f10f630326cf259fda713bcc49,1.5366695974128953e-05,1.5366695974128953e-05,1.052856122822253e-08,,False,new_nested_rfm_coefficient_replay,,54a0c8e776ed61a7799e7cc74a80fc39bfab52aa7318daa0a31fbb23bc4dbe8f,fbe4904d8be5f2979aa48d19d959400a573aec5543407e5edafbbf398eb19a0a,,,,data/raw/review_replay_20261001/models/C1_rfm_seed206_n128.npz,98c79e9d65353e50ac5f20707fd98562e7780dc8bed4c57f1c23096f1bf074e3,relative_H1,review_replay_20261001,True,none,True,none,False,not_applicable,not_used,fc38e7c1fd40d30358c96e486ddae675428216469a7e8b6f5ead0c86b97577b7,98c79e9d65353e50ac5f20707fd98562e7780dc8bed4c57f1c23096f1bf074e3,True,False
cga-review-replay-v1,C1,01,rfm,rfm_relu3,206,256,,,256,8.068173045217009e-07,8.068173045217009e-07,0.0001816891969367851,,2.2294217691003356e-06,-24.4430299758516,-24.443030782668906,1,1.4040034046928463e-12,True,rank=232/256,0.14373650000197813,CG3072x8-d1,21b8e3fcf1ec52418e7e1d4f9e165ea4f049f7f10f630326cf259fda713bcc49,0.001851766051406629,0.001851766051406629,6.980957375331807e-08,,False,new_nested_rfm_coefficient_replay,,54a0c8e776ed61a7799e7cc74a80fc39bfab52aa7318daa0a31fbb23bc4dbe8f,fbe4904d8be5f2979aa48d19d959400a573aec5543407e5edafbbf398eb19a0a,,,,data/raw/review_replay_20261001/models/C1_rfm_seed206_n256.npz,cf4fa9aa518e9ce3e1520bb1e07f4122a26ee6bed454dcce8b03ec951e4a1bce,relative_H1,review_replay_20261001,True,none,True,none,False,not_applicable,not_used,fc38e7c1fd40d30358c96e486ddae675428216469a7e8b6f5ead0c86b97577b7,cf4fa9aa518e9ce3e1520bb1e07f4122a26ee6bed454dcce8b03ec951e4a1bce,True,False
cga-review-replay-v1,C1,01,rfm,rfm_relu3,207,8,,,8,12.417549136867361,12.417549136867361,0.7127552357856634,,0.3658729049362033,-12.025481645801545,-24.443030782668906,1,2.2917523155680364e-15,True,rank=8/8,0.0031294580003304873,CG3072x8-d1,21b8e3fcf1ec52418e7e1d4f9e165ea4f049f7f10f630326cf259fda713bcc49,3.8496615348587055e-11,3.8496615348587055e-11,1.7266547631044992e-12,,False,new_nested_rfm_coefficient_replay,,54a0c8e776ed61a7799e7cc74a80fc39bfab52aa7318daa0a31fbb23bc4dbe8f,fbe4904d8be5f2979aa48d19d959400a573aec5543407e5edafbbf398eb19a0a,,,,data/raw/review_replay_20261001/models/C1_rfm_seed207_n8.npz,fa2e9f25582b2c4db698629d0d2b82f50c053732e94f24e00b243861b7626ec0,relative_H1,review_replay_20261001,True,none,True,none,False,not_applicable,not_used,fc38e7c1fd40d30358c96e486ddae675428216469a7e8b6f5ead0c86b97577b7,fa2e9f25582b2c4db698629d0d2b82f50c053732e94f24e00b243861b7626ec0,True,False
cga-review-replay-v1,C1,01,rfm,rfm_relu3,207,16,,,16,9.070952067074778,9.070952067074778,0.6091845897832548,,0.15018435500560198,-15.372078715594128,-24.443030782668906,1,3.367216216749982e-13,True,rank=14/16,0.007127542001398979,CG3072x8-d1,21b8e3fcf1ec52418e7e1d4f9e165ea4f049f7f10f630326cf259fda713bcc49,4.6336701982017376e-10,4.6336701982017376e-10,1.0064703322231335e-10,,False,new_nested_rfm_coefficient_replay,,54a0c8e776ed61a7799e7cc74a80fc39bfab52aa7318daa0a31fbb23bc4dbe8f,fbe4904d8be5f2979aa48d19d959400a573aec5543407e5edafbbf398eb19a0a,,,,data/raw/review_replay_20261001/models/C1_rfm_seed207_n16.npz,8517544338cacf034c7672d5e8996e318b82c72846070b5d5691ddef01fff487,relative_H1,review_replay_20261001,True,none,True,none,False,not_applicable,not_used,fc38e7c1fd40d30358c96e486ddae675428216469a7e8b6f5ead0c86b97577b7,8517544338cacf034c7672d5e8996e318b82c72846070b5d5691ddef01fff487,True,False
cga-review-replay-v1,C1,01,rfm,rfm_relu3,207,32,,,32,3.3999650127384022,3.3999650127384022,0.37295780191004857,,0.06719461123150627,-21.043065769930504,-24.443030782668906,1,2.456661091515411e-13,True,rank=28/32,0.014476541997282766,CG3072x8-d1,21b8e3fcf1ec52418e7e1d4f9e165ea4f049f7f10f630326cf259fda713bcc49,1.354424377540621e-09,1.354424377540621e-09,5.89913646163731e-11,,False,new_nested_rfm_coefficient_replay,,54a0c8e776ed61a7799e7cc74a80fc39bfab52aa7318daa0a31fbb23bc4dbe8f,fbe4904d8be5f2979aa48d19d959400a573aec5543407e5edafbbf398eb19a0a,,,,data/raw/review_replay_20261001/models/C1_rfm_seed207_n32.npz,26fcc634845c070f63916fe7cc306587b89252dd7613d9defb90d64f4d17e912,relative_H1,review_replay_20261001,True,none,True,none,False,not_applicable,not_used,fc38e7c1fd40d30358c96e486ddae675428216469a7e8b6f5ead0c86b97577b7,26fcc634845c070f63916fe7cc306587b89252dd7613d9defb90d64f4d17e912,True,False
cga-review-replay-v1,C1,01,rfm,rfm_relu3,207,64,,,64,0.432598225433118,0.432598225433118,0.13303467044088865,,0.015351089134965764,-24.010432557235788,-24.443030782668906,1,2.1417296067880903e-12,True,rank=56/64,0.031013749998237472,CG3072x8-d1,21b8e3fcf1ec52418e7e1d4f9e165ea4f049f7f10f630326cf259fda713bcc49,2.159660471145579e-08,2.159660471145579e-08,1.221036588744253e-09,,False,new_nested_rfm_coefficient_replay,,54a0c8e776ed61a7799e7cc74a80fc39bfab52aa7318daa0a31fbb23bc4dbe8f,fbe4904d8be5f2979aa48d19d959400a573aec5543407e5edafbbf398eb19a0a,,,,data/raw/review_replay_20261001/models/C1_rfm_seed207_n64.npz,429948900502431770fff2f972480bd5370b6a4d0a567de0575f02be3515f549,relative_H1,review_replay_20261001,True,none,True,none,False,not_applicable,not_used,fc38e7c1fd40d30358c96e486ddae675428216469a7e8b6f5ead0c86b97577b7,429948900502431770fff2f972480bd5370b6a4d0a567de0575f02be3515f549,True,False
cga-review-replay-v1,C1,01,rfm,rfm_relu3,207,128,,,128,0.007900417593145193,0.007900417593145193,0.017978253136729547,,0.0011085248758682651,-24.43513036507576,-24.443030782668906,1,1.223960439778882e-12,True,rank=115/128,0.0693745829994441,CG3072x8-d1,21b8e3fcf1ec52418e7e1d4f9e165ea4f049f7f10f630326cf259fda713bcc49,6.38523359271853e-07,6.38523359271853e-07,5.911488088658921e-09,,False,new_nested_rfm_coefficient_replay,,54a0c8e776ed61a7799e7cc74a80fc39bfab52aa7318daa0a31fbb23bc4dbe8f,fbe4904d8be5f2979aa48d19d959400a573aec5543407e5edafbbf398eb19a0a,,,,data/raw/review_replay_20261001/models/C1_rfm_seed207_n128.npz,c49fd9ab462c632b092cebe9d5ac50c5aa2b7b37a41e25eede92166a756fae2a,relative_H1,review_replay_20261001,True,none,True,none,False,not_applicable,not_used,fc38e7c1fd40d30358c96e486ddae675428216469a7e8b6f5ead0c86b97577b7,c49fd9ab462c632b092cebe9d5ac50c5aa2b7b37a41e25eede92166a756fae2a,True,False
cga-review-replay-v1,C1,01,rfm,rfm_relu3,207,256,,,256,6.972573345365163e-07,6.972573345365163e-07,0.0001688517163128414,,2.0919677543174897e-06,-24.44303008541157,-24.443030782668906,1,2.190891878901782e-12,True,rank=232/256,0.11183225000058883,CG3072x8-d1,21b8e3fcf1ec52418e7e1d4f9e165ea4f049f7f10f630326cf259fda713bcc49,0.0013459968295605822,0.0013459968295605822,5.642972295314961e-08,,False,new_nested_rfm_coefficient_replay,,54a0c8e776ed61a7799e7cc74a80fc39bfab52aa7318daa0a31fbb23bc4dbe8f,fbe4904d8be5f2979aa48d19d959400a573aec5543407e5edafbbf398eb19a0a,,,,data/raw/review_replay_20261001/models/C1_rfm_seed207_n256.npz,00195a30eea324d84db19169e207ffe5f524ce1c6dd7d365283c597a69301709,relative_H1,review_replay_20261001,True,none,True,none,False,not_applicable,not_used,fc38e7c1fd40d30358c96e486ddae675428216469a7e8b6f5ead0c86b97577b7,00195a30eea324d84db19169e207ffe5f524ce1c6dd7d365283c597a69301709,True,False
cga-review-replay-v1,C1,01,rfm,rfm_relu3,208,8,,,8,11.862716588632992,11.862716588632992,0.6966498534095654,,0.20467967416617736,-12.580314194035914,-24.443030782668906,1,2.0262691325587857e-14,True,rank=8/8,0.0028428330006136093,CG3072x8-d1,21b8e3fcf1ec52418e7e1d4f9e165ea4f049f7f10f630326cf259fda713bcc49,4.220651610551975e-12,4.220651610551975e-12,9.678297347727538e-13,,False,new_nested_rfm_coefficient_replay,,54a0c8e776ed61a7799e7cc74a80fc39bfab52aa7318daa0a31fbb23bc4dbe8f,fbe4904d8be5f2979aa48d19d959400a573aec5543407e5edafbbf398eb19a0a,,,,data/raw/review_replay_20261001/models/C1_rfm_seed208_n8.npz,bbc11359a7d89a55b35ac75a99b77f82e2ece41606fa0a87173f248a0076e3f2,relative_H1,review_replay_20261001,True,none,True,none,False,not_applicable,not_used,fc38e7c1fd40d30358c96e486ddae675428216469a7e8b6f5ead0c86b97577b7,bbc11359a7d89a55b35ac75a99b77f82e2ece41606fa0a87173f248a0076e3f2,True,False
cga-review-replay-v1,C1,01,rfm,rfm_relu3,208,16,,,16,8.87982256027594,8.87982256027594,0.6027325093639431,,0.15241437145998693,-15.563208222392966,-24.443030782668906,1,2.8677483428423706e-12,True,rank=16/16,0.0026423750023241155,CG3072x8-d1,21b8e3fcf1ec52418e7e1d4f9e165ea4f049f7f10f630326cf259fda713bcc49,7.196229363971363e-11,7.196229363971363e-11,1.1050424302415574e-11,,False,new_nested_rfm_coefficient_replay,,54a0c8e776ed61a7799e7cc74a80fc39bfab52aa7318daa0a31fbb23bc4dbe8f,fbe4904d8be5f2979aa48d19d959400a573aec5543407e5edafbbf398eb19a0a,,,,data/raw/review_replay_20261001/models/C1_rfm_seed208_n16.npz,f5892d57a82c1ae394ee2017d12ea8f63d7082b7266edb84459635253f721a0f,relative_H1,review_replay_20261001,True,none,True,none,False,not_applicable,not_used,fc38e7c1fd40d30358c96e486ddae675428216469a7e8b6f5ead0c86b97577b7,f5892d57a82c1ae394ee2017d12ea8f63d7082b7266edb84459635253f721a0f,True,False
cga-review-replay-v1,C1,01,rfm,rfm_relu3,208,32,,,32,1.4605850024489584,1.4605850024489584,0.2444476633021549,,0.03635023621957164,-22.982445780219948,-24.443030782668906,1,2.526702918438447e-11,True,rank=30/32,0.004692041002272163,CG3072x8-d1,21b8e3fcf1ec52418e7e1d4f9e165ea4f049f7f10f630326cf259fda713bcc49,1.3747493953162259e-08,1.3747493953162259e-08,7.099014185152684e-10,,False,new_nested_rfm_coefficient_replay,,54a0c8e776ed61a7799e7cc74a80fc39bfab52aa7318daa0a31fbb23bc4dbe8f,fbe4904d8be5f2979aa48d19d959400a573aec5543407e5edafbbf398eb19a0a,,,,data/raw/review_replay_20261001/models/C1_rfm_seed208_n32.npz,0a39081dd4b76fa15bb7b32d3626a45ce0ae1c108abd042699b9cbef337300bf,relative_H1,review_replay_20261001,True,none,True,none,False,not_applicable,not_used,fc38e7c1fd40d30358c96e486ddae675428216469a7e8b6f5ead0c86b97577b7,0a39081dd4b76fa15bb7b32d3626a45ce0ae1c108abd042699b9cbef337300bf,True,False
cga-review-replay-v1,C1,01,rfm,rfm_relu3,208,64,,,64,0.07393658434823536,0.07393658434823536,0.0549986665277688,,0.004304605447794092,-24.36909419832067,-24.443030782668906,1,4.604523648967548e-11,True,rank=59/64,0.022392042003048118,CG3072x8-d1,21b8e3fcf1ec52418e7e1d4f9e165ea4f049f7f10f630326cf259fda713bcc49,1.5514514974212258e-07,1.5514514974212258e-07,1.1657817933832138e-08,,False,new_nested_rfm_coefficient_replay,,54a0c8e776ed61a7799e7cc74a80fc39bfab52aa7318daa0a31fbb23bc4dbe8f,fbe4904d8be5f2979aa48d19d959400a573aec5543407e5edafbbf398eb19a0a,,,,data/raw/review_replay_20261001/models/C1_rfm_seed208_n64.npz,73a37fed629b0b859566aa544f9b9a335fc97ef2b2256b0506f381bd6415d3ac,relative_H1,review_replay_20261001,True,none,True,none,False,not_applicable,not_used,fc38e7c1fd40d30358c96e486ddae675428216469a7e8b6f5ead0c86b97577b7,73a37fed629b0b859566aa544f9b9a335fc97ef2b2256b0506f381bd6415d3ac,True,False
cga-review-replay-v1,C1,01,rfm,rfm_relu3,208,128,,,128,0.00045633995793181725,0.00045633995793181725,0.0043208309884319816,,0.0001586238892564047,-24.442574442710974,-24.443030782668906,1,1.1192670522317455e-11,True,rank=116/128,0.08608966599786072,CG3072x8-d1,21b8e3fcf1ec52418e7e1d4f9e165ea4f049f7f10f630326cf259fda713bcc49,4.424901635800259e-06,4.424901635800259e-06,6.3523339139169905e-09,,False,new_nested_rfm_coefficient_replay,,54a0c8e776ed61a7799e7cc74a80fc39bfab52aa7318daa0a31fbb23bc4dbe8f,fbe4904d8be5f2979aa48d19d959400a573aec5543407e5edafbbf398eb19a0a,,,,data/raw/review_replay_20261001/models/C1_rfm_seed208_n128.npz,862f18876ac717d0c1cdf467e56615fe6999f25f302ab25e081c9f3aafd86963,relative_H1,review_replay_20261001,True,none,True,none,False,not_applicable,not_used,fc38e7c1fd40d30358c96e486ddae675428216469a7e8b6f5ead0c86b97577b7,862f18876ac717d0c1cdf467e56615fe6999f25f302ab25e081c9f3aafd86963,True,False
cga-review-replay-v1,C1,01,rfm,rfm_relu3,208,256,,,256,9.345836353702452e-07,9.345836353702452e-07,0.00019556246196918958,,2.4569702235950563e-06,-24.44302984808527,-24.443030782668906,1,2.883853686989032e-12,True,rank=232/256,0.11667708300228696,CG3072x8-d1,21b8e3fcf1ec52418e7e1d4f9e165ea4f049f7f10f630326cf259fda713bcc49,0.0006348657694479498,0.0006348657694479498,4.340249181836211e-08,,False,new_nested_rfm_coefficient_replay,,54a0c8e776ed61a7799e7cc74a80fc39bfab52aa7318daa0a31fbb23bc4dbe8f,fbe4904d8be5f2979aa48d19d959400a573aec5543407e5edafbbf398eb19a0a,,,,data/raw/review_replay_20261001/models/C1_rfm_seed208_n256.npz,d55683589be990f1e557ac4f9cba550a9313b220566fb9a28547bd426d33ff80,relative_H1,review_replay_20261001,True,none,True,none,False,not_applicable,not_used,fc38e7c1fd40d30358c96e486ddae675428216469a7e8b6f5ead0c86b97577b7,d55683589be990f1e557ac4f9cba550a9313b220566fb9a28547bd426d33ff80,True,False
cga-review-replay-v1,C1,01,rfm,rfm_relu3,209,8,,,8,11.825716833713777,11.825716833713777,0.6955625812068402,,0.42639143840340227,-12.617313948955129,-24.443030782668906,1,4.644268186013014e-15,True,rank=7/8,0.002151332999346778,CG3072x8-d1,21b8e3fcf1ec52418e7e1d4f9e165ea4f049f7f10f630326cf259fda713bcc49,5.524773294662378e-12,5.524773294662378e-12,3.695728408444476e-12,,False,new_nested_rfm_coefficient_replay,,54a0c8e776ed61a7799e7cc74a80fc39bfab52aa7318daa0a31fbb23bc4dbe8f,fbe4904d8be5f2979aa48d19d959400a573aec5543407e5edafbbf398eb19a0a,,,,data/raw/review_replay_20261001/models/C1_rfm_seed209_n8.npz,542c706a5ddec357cebb2086b6f978ad2ea2be1e29f5da59abbd8e06d6e4784a,relative_H1,review_replay_20261001,True,none,True,none,False,not_applicable,not_used,fc38e7c1fd40d30358c96e486ddae675428216469a7e8b6f5ead0c86b97577b7,542c706a5ddec357cebb2086b6f978ad2ea2be1e29f5da59abbd8e06d6e4784a,True,False
cga-review-replay-v1,C1,01,rfm,rfm_relu3,209,16,,,16,7.080240444514828,7.080240444514828,0.5382034482146859,,0.1015749631331402,-17.362790338154078,-24.443030782668906,1,1.5589563861012289e-12,True,rank=15/16,0.005911915999604389,CG3072x8-d1,21b8e3fcf1ec52418e7e1d4f9e165ea4f049f7f10f630326cf259fda713bcc49,3.33942741156437e-10,3.33942741156437e-10,1.4057185862771538e-10,,False,new_nested_rfm_coefficient_replay,,54a0c8e776ed61a7799e7cc74a80fc39bfab52aa7318daa0a31fbb23bc4dbe8f,fbe4904d8be5f2979aa48d19d959400a573aec5543407e5edafbbf398eb19a0a,,,,data/raw/review_replay_20261001/models/C1_rfm_seed209_n16.npz,77a10ebbef2f806e65c22d74d3c002bfd779d088a4aba0e3c4c2f5428d9d9cad,relative_H1,review_replay_20261001,True,none,True,none,False,not_applicable,not_used,fc38e7c1fd40d30358c96e486ddae675428216469a7e8b6f5ead0c86b97577b7,77a10ebbef2f806e65c22d74d3c002bfd779d088a4aba0e3c4c2f5428d9d9cad,True,False
cga-review-replay-v1,C1,01,rfm,rfm_relu3,209,32,,,32,1.7002301651201321,1.7002301651201321,0.2637402001757257,,0.039345223782355374,-22.742800617548774,-24.443030782668906,1,8.259674414908111e-13,True,rank=27/32,0.006996249998337589,CG3072x8-d1,21b8e3fcf1ec52418e7e1d4f9e165ea4f049f7f10f630326cf259fda713bcc49,4.918039061046867e-09,4.918039061046867e-09,2.0905087148671942e-10,,False,new_nested_rfm_coefficient_replay,,54a0c8e776ed61a7799e7cc74a80fc39bfab52aa7318daa0a31fbb23bc4dbe8f,fbe4904d8be5f2979aa48d19d959400a573aec5543407e5edafbbf398eb19a0a,,,,data/raw/review_replay_20261001/models/C1_rfm_seed209_n32.npz,37ca82997cec93de36b060ada30d2e0825753d7e95bf33c196c675cf3665eed6,relative_H1,review_replay_20261001,True,none,True,none,False,not_applicable,not_used,fc38e7c1fd40d30358c96e486ddae675428216469a7e8b6f5ead0c86b97577b7,37ca82997cec93de36b060ada30d2e0825753d7e95bf33c196c675cf3665eed6,True,False
cga-review-replay-v1,C1,01,rfm,rfm_relu3,209,64,,,64,0.07993527020282443,0.07993527020282443,0.05718626051376532,,0.004821754137260961,-24.36309551246608,-24.443030782668906,1,2.6882671044900246e-12,True,rank=58/64,0.020583207999152364,CG3072x8-d1,21b8e3fcf1ec52418e7e1d4f9e165ea4f049f7f10f630326cf259fda713bcc49,2.641954918755597e-08,2.641954918755597e-08,8.556110691559693e-09,,False,new_nested_rfm_coefficient_replay,,54a0c8e776ed61a7799e7cc74a80fc39bfab52aa7318daa0a31fbb23bc4dbe8f,fbe4904d8be5f2979aa48d19d959400a573aec5543407e5edafbbf398eb19a0a,,,,data/raw/review_replay_20261001/models/C1_rfm_seed209_n64.npz,dd9b9cc5aa7f5e12249b55ee438b39a7fadfd938c99c037c7163e631792c4513,relative_H1,review_replay_20261001,True,none,True,none,False,not_applicable,not_used,fc38e7c1fd40d30358c96e486ddae675428216469a7e8b6f5ead0c86b97577b7,dd9b9cc5aa7f5e12249b55ee438b39a7fadfd938c99c037c7163e631792c4513,True,False
cga-review-replay-v1,C1,01,rfm,rfm_relu3,209,128,,,128,0.0003544693805821453,0.0003544693805821453,0.003808127042852363,,0.00013526800707186907,-24.442676313288324,-24.443030782668906,1,2.5191563605853474e-12,True,rank=115/128,0.09213804099999834,CG3072x8-d1,21b8e3fcf1ec52418e7e1d4f9e165ea4f049f7f10f630326cf259fda713bcc49,7.722592931550184e-06,7.722592931550184e-06,5.654901679881663e-10,,False,new_nested_rfm_coefficient_replay,,54a0c8e776ed61a7799e7cc74a80fc39bfab52aa7318daa0a31fbb23bc4dbe8f,fbe4904d8be5f2979aa48d19d959400a573aec5543407e5edafbbf398eb19a0a,,,,data/raw/review_replay_20261001/models/C1_rfm_seed209_n128.npz,565c5706b074b5f1064c958b79ec2830f729e4344c8b35381482e3355574a24d,relative_H1,review_replay_20261001,True,none,True,none,False,not_applicable,not_used,fc38e7c1fd40d30358c96e486ddae675428216469a7e8b6f5ead0c86b97577b7,565c5706b074b5f1064c958b79ec2830f729e4344c8b35381482e3355574a24d,True,False
cga-review-replay-v1,C1,01,rfm,rfm_relu3,209,256,,,256,1.0141852015976838e-06,1.0141852015976838e-06,0.00020371647753969732,,2.5948188017127427e-06,-24.443029768483704,-24.443030782668906,1,1.736076520406934e-12,True,rank=232/256,0.23429858300005435,CG3072x8-d1,21b8e3fcf1ec52418e7e1d4f9e165ea4f049f7f10f630326cf259fda713bcc49,0.0016128686701835425,0.0016128686701835425,1.3710465023206656e-08,,False,new_nested_rfm_coefficient_replay,,54a0c8e776ed61a7799e7cc74a80fc39bfab52aa7318daa0a31fbb23bc4dbe8f,fbe4904d8be5f2979aa48d19d959400a573aec5543407e5edafbbf398eb19a0a,,,,data/raw/review_replay_20261001/models/C1_rfm_seed209_n256.npz,46fd005afd7a53b3f57904422e9f88fc5a33d46d6bfbd1a369c5e3ddfdff0898,relative_H1,review_replay_20261001,True,none,True,none,False,not_applicable,not_used,fc38e7c1fd40d30358c96e486ddae675428216469a7e8b6f5ead0c86b97577b7,46fd005afd7a53b3f57904422e9f88fc5a33d46d6bfbd1a369c5e3ddfdff0898,True,False
cga-review-replay-v1,C1,01,rfm,rfm_relu3,210,8,,,8,12.815884076064982,12.815884076064982,0.7240970161652636,,0.6031045570820924,-11.627146706603924,-24.443030782668906,1,2.384955018187226e-15,True,rank=8/8,0.002359124999202322,CG3072x8-d1,21b8e3fcf1ec52418e7e1d4f9e165ea4f049f7f10f630326cf259fda713bcc49,9.153532052703449e-13,9.153532052703449e-13,6.316997252218583e-14,,False,new_nested_rfm_coefficient_replay,,54a0c8e776ed61a7799e7cc74a80fc39bfab52aa7318daa0a31fbb23bc4dbe8f,fbe4904d8be5f2979aa48d19d959400a573aec5543407e5edafbbf398eb19a0a,,,,data/raw/review_replay_20261001/models/C1_rfm_seed210_n8.npz,d5c05666f7d265d0593d8dfad8cc4c3c4ca7cb63434250c331f271441335c1a8,relative_H1,review_replay_20261001,True,none,True,none,False,not_applicable,not_used,fc38e7c1fd40d30358c96e486ddae675428216469a7e8b6f5ead0c86b97577b7,d5c05666f7d265d0593d8dfad8cc4c3c4ca7cb63434250c331f271441335c1a8,True,False
cga-review-replay-v1,C1,01,rfm,rfm_relu3,210,16,,,16,6.897585693337728,6.897585693337728,0.5312158503917368,,0.09369949115364375,-17.545445089331178,-24.443030782668906,1,1.3481836323670505e-13,True,rank=16/16,0.003526625001541106,CG3072x8-d1,21b8e3fcf1ec52418e7e1d4f9e165ea4f049f7f10f630326cf259fda713bcc49,4.4848787720029016e-11,4.007679076764362e-11,4.4848787720029016e-11,,False,new_nested_rfm_coefficient_replay,,54a0c8e776ed61a7799e7cc74a80fc39bfab52aa7318daa0a31fbb23bc4dbe8f,fbe4904d8be5f2979aa48d19d959400a573aec5543407e5edafbbf398eb19a0a,,,,data/raw/review_replay_20261001/models/C1_rfm_seed210_n16.npz,5db8e0313b872b2694054403ab1c5af00b98e94104a81bfbec9f71977c8dfa0c,relative_H1,review_replay_20261001,True,none,True,none,False,not_applicable,not_used,fc38e7c1fd40d30358c96e486ddae675428216469a7e8b6f5ead0c86b97577b7,5db8e0313b872b2694054403ab1c5af00b98e94104a81bfbec9f71977c8dfa0c,True,False
cga-review-replay-v1,C1,01,rfm,rfm_relu3,210,32,,,32,2.463732257880256,2.463732257880256,0.31748208787607535,,0.056925545042811776,-21.97929852478865,-24.443030782668906,1,1.3325514471235277e-12,True,rank=31/32,0.008062667002377566,CG3072x8-d1,21b8e3fcf1ec52418e7e1d4f9e165ea4f049f7f10f630326cf259fda713bcc49,1.7512181842351908e-09,1.7512181842351908e-09,4.3425982412531157e-10,,False,new_nested_rfm_coefficient_replay,,54a0c8e776ed61a7799e7cc74a80fc39bfab52aa7318daa0a31fbb23bc4dbe8f,fbe4904d8be5f2979aa48d19d959400a573aec5543407e5edafbbf398eb19a0a,,,,data/raw/review_replay_20261001/models/C1_rfm_seed210_n32.npz,1c9ec1973b980fe0ba969bada80e3e0aae78e93e5f297228ecd6653b14069e51,relative_H1,review_replay_20261001,True,none,True,none,False,not_applicable,not_used,fc38e7c1fd40d30358c96e486ddae675428216469a7e8b6f5ead0c86b97577b7,1c9ec1973b980fe0ba969bada80e3e0aae78e93e5f297228ecd6653b14069e51,True,False
cga-review-replay-v1,C1,01,rfm,rfm_relu3,210,64,,,64,0.07708433468627263,0.07708433468627263,0.056157212067639684,,0.004311093534655945,-24.365946447982633,-24.443030782668906,1,1.0545571890090202e-11,True,rank=61/64,0.012887916000181576,CG3072x8-d1,21b8e3fcf1ec52418e7e1d4f9e165ea4f049f7f10f630326cf259fda713bcc49,7.185060755616203e-08,7.185060755616203e-08,2.46723965944145e-09,,False,new_nested_rfm_coefficient_replay,,54a0c8e776ed61a7799e7cc74a80fc39bfab52aa7318daa0a31fbb23bc4dbe8f,fbe4904d8be5f2979aa48d19d959400a573aec5543407e5edafbbf398eb19a0a,,,,data/raw/review_replay_20261001/models/C1_rfm_seed210_n64.npz,460c31069b5e7bfd31c2aaf584b5a0a35c61b9ab34a4f856f47ae8737c45ea18,relative_H1,review_replay_20261001,True,none,True,none,False,not_applicable,not_used,fc38e7c1fd40d30358c96e486ddae675428216469a7e8b6f5ead0c86b97577b7,460c31069b5e7bfd31c2aaf584b5a0a35c61b9ab34a4f856f47ae8737c45ea18,True,False
cga-review-replay-v1,C1,01,rfm,rfm_relu3,210,128,,,128,0.0008866741340369799,0.0008866741340369799,0.006022886448472799,,0.00026571968901953753,-24.44214410853487,-24.443030782668906,1,1.7792888163052949e-12,True,rank=116/128,0.08610866700109909,CG3072x8-d1,21b8e3fcf1ec52418e7e1d4f9e165ea4f049f7f10f630326cf259fda713bcc49,2.4321272333058966e-06,2.4321272333058966e-06,1.615170866197932e-08,,False,new_nested_rfm_coefficient_replay,,54a0c8e776ed61a7799e7cc74a80fc39bfab52aa7318daa0a31fbb23bc4dbe8f,fbe4904d8be5f2979aa48d19d959400a573aec5543407e5edafbbf398eb19a0a,,,,data/raw/review_replay_20261001/models/C1_rfm_seed210_n128.npz,612f721be9097eef0dda1344f76d0dc296420ac202baf7f5cea40affd48c5136,relative_H1,review_replay_20261001,True,none,True,none,False,not_applicable,not_used,fc38e7c1fd40d30358c96e486ddae675428216469a7e8b6f5ead0c86b97577b7,612f721be9097eef0dda1344f76d0dc296420ac202baf7f5cea40affd48c5136,True,False
cga-review-replay-v1,C1,01,rfm,rfm_relu3,210,256,,,256,8.605227144187211e-07,8.605227144187211e-07,0.0001875739955837035,,2.3256956758040038e-06,-24.44302992214619,-24.443030782668906,1,1.4226564566799878e-12,True,rank=232/256,0.08380095800021081,CG3072x8-d1,21b8e3fcf1ec52418e7e1d4f9e165ea4f049f7f10f630326cf259fda713bcc49,0.00353020598659927,0.00353020598659927,9.47124670660563e-08,,False,new_nested_rfm_coefficient_replay,,54a0c8e776ed61a7799e7cc74a80fc39bfab52aa7318daa0a31fbb23bc4dbe8f,fbe4904d8be5f2979aa48d19d959400a573aec5543407e5edafbbf398eb19a0a,,,,data/raw/review_replay_20261001/models/C1_rfm_seed210_n256.npz,ea152430cba43cc8f6a7f3eeca623f86d65fcc369a8e0f927b9144361e9831b6,relative_H1,review_replay_20261001,True,none,True,none,False,not_applicable,not_used,fc38e7c1fd40d30358c96e486ddae675428216469a7e8b6f5ead0c86b97577b7,ea152430cba43cc8f6a7f3eeca623f86d65fcc369a8e0f927b9144361e9831b6,True,False
cga-review-replay-v1,C2,03,rfm,rfm_relu3,201,8,,,8,12.162242260729023,12.162242260729023,0.7050390277443005,,0.3537675311217611,-12.36121664693988,-24.523458907668903,7,5.517151146291194e-10,True,L-BFGS-B: CONVERGENCE: RELATIVE REDUCTION OF F <= FACTR*EPSMCH,0.009578375000273809,CG3072x8-d1,21b8e3fcf1ec52418e7e1d4f9e165ea4f049f7f10f630326cf259fda713bcc49,6.921636210544902e-11,6.921636210544902e-11,1.6534321221706838e-12,,False,new_nested_rfm_coefficient_replay,,235b044d9c1788c1e3ccd228097884ecf1a038fe447d19f6248c43b90ba673ea,fbe4904d8be5f2979aa48d19d959400a573aec5543407e5edafbbf398eb19a0a,,,,data/raw/review_replay_20261001/models/C2_rfm_seed201_n8.npz,550e92c03090d3d82f5889cb6e312a8c06910f3ed68942961daa9c5dca547370,relative_H1,review_replay_20261001,True,none,True,none,False,not_applicable,not_used,fc38e7c1fd40d30358c96e486ddae675428216469a7e8b6f5ead0c86b97577b7,550e92c03090d3d82f5889cb6e312a8c06910f3ed68942961daa9c5dca547370,True,False
cga-review-replay-v1,C2,03,rfm,rfm_relu3,201,16,,,16,7.5663493739563386,7.5663493739563386,0.5563499388707025,,0.09986716057250972,-16.957109533712565,-24.523458907668903,8,4.984860163212108e-10,True,L-BFGS-B: CONVERGENCE: RELATIVE REDUCTION OF F <= FACTR*EPSMCH,0.0077929590006533545,CG3072x8-d1,21b8e3fcf1ec52418e7e1d4f9e165ea4f049f7f10f630326cf259fda713bcc49,1.6226399698109014e-11,3.343134204207781e-12,1.6226399698109014e-11,,False,new_nested_rfm_coefficient_replay,,235b044d9c1788c1e3ccd228097884ecf1a038fe447d19f6248c43b90ba673ea,fbe4904d8be5f2979aa48d19d959400a573aec5543407e5edafbbf398eb19a0a,,,,data/raw/review_replay_20261001/models/C2_rfm_seed201_n16.npz,9d1fe89ec0bd8f8b2fc4181ffd5000ba3033fefe394b204570128c0f02c5be92,relative_H1,review_replay_20261001,True,none,True,none,False,not_applicable,not_used,fc38e7c1fd40d30358c96e486ddae675428216469a7e8b6f5ead0c86b97577b7,9d1fe89ec0bd8f8b2fc4181ffd5000ba3033fefe394b204570128c0f02c5be92,True,False
cga-review-replay-v1,C2,03,rfm,rfm_relu3,201,32,,,32,2.4671272393215595,2.4671272393215595,0.31764826065036894,,0.0521257478247963,-22.056331668347344,-24.523458907668903,9,8.187072286146191e-11,True,L-BFGS-B: CONVERGENCE: NORM OF PROJECTED GRADIENT <= PGTOL,0.012697624999418622,CG3072x8-d1,21b8e3fcf1ec52418e7e1d4f9e165ea4f049f7f10f630326cf259fda713bcc49,1.6618930415209807e-09,1.6618930415209807e-09,1.2987176252408615e-09,,False,new_nested_rfm_coefficient_replay,,235b044d9c1788c1e3ccd228097884ecf1a038fe447d19f6248c43b90ba673ea,fbe4904d8be5f2979aa48d19d959400a573aec5543407e5edafbbf398eb19a0a,,,,data/raw/review_replay_20261001/models/C2_rfm_seed201_n32.npz,f1a9848e897f2f171825c91c66afcc925193cb8c2fa2570df2c5b0c6fd194de3,relative_H1,review_replay_20261001,True,none,True,none,False,not_applicable,not_used,fc38e7c1fd40d30358c96e486ddae675428216469a7e8b6f5ead0c86b97577b7,f1a9848e897f2f171825c91c66afcc925193cb8c2fa2570df2c5b0c6fd194de3,True,False
cga-review-replay-v1,C2,03,rfm,rfm_relu3,201,64,,,64,0.03193737731280777,0.03193737731280777,0.036146630287296325,,0.0024986959249012446,-24.491521530356096,-24.523458907668903,18,1.2281615224229983e-09,True,L-BFGS-B: CONVERGENCE: RELATIVE REDUCTION OF F <= FACTR*EPSMCH,0.03533524999875226,CG3072x8-d1,21b8e3fcf1ec52418e7e1d4f9e165ea4f049f7f10f630326cf259fda713bcc49,8.339700214378949e-07,8.339700214378949e-07,1.632158738881737e-08,,False,new_nested_rfm_coefficient_replay,,235b044d9c1788c1e3ccd228097884ecf1a038fe447d19f6248c43b90ba673ea,fbe4904d8be5f2979aa48d19d959400a573aec5543407e5edafbbf398eb19a0a,,,,data/raw/review_replay_20261001/models/C2_rfm_seed201_n64.npz,46f52d52d68e8a48a42b883ea6e755d0bdfd007bb9dfeef53437ed517f2db7aa,relative_H1,review_replay_20261001,True,none,True,none,False,not_applicable,not_used,fc38e7c1fd40d30358c96e486ddae675428216469a7e8b6f5ead0c86b97577b7,46f52d52d68e8a48a42b883ea6e755d0bdfd007bb9dfeef53437ed517f2db7aa,True,False
cga-review-replay-v1,C2,03,rfm,rfm_relu3,201,128,,,128,0.0013520601383447683,0.0013520601383447683,0.007437262546067929,,0.0003760793844343515,-24.52210684753056,-24.523458907668903,110,6.345192472509343e-08,True,L-BFGS-B: CONVERGENCE: RELATIVE REDUCTION OF F <= FACTR*EPSMCH,0.20701783299955423,CG3072x8-d1,21b8e3fcf1ec52418e7e1d4f9e165ea4f049f7f10f630326cf259fda713bcc49,3.4768089696619704e-06,3.4768089696619704e-06,4.587176041870135e-08,,False,new_nested_rfm_coefficient_replay,,235b044d9c1788c1e3ccd228097884ecf1a038fe447d19f6248c43b90ba673ea,fbe4904d8be5f2979aa48d19d959400a573aec5543407e5edafbbf398eb19a0a,,,,data/raw/review_replay_20261001/models/C2_rfm_seed201_n128.npz,54ece39d1bcd05cfe188133bc9fc04190765c3826ce6b0c5e1f3b7f390d6bc96,relative_H1,review_replay_20261001,True,none,True,none,False,not_applicable,not_used,fc38e7c1fd40d30358c96e486ddae675428216469a7e8b6f5ead0c86b97577b7,54ece39d1bcd05cfe188133bc9fc04190765c3826ce6b0c5e1f3b7f390d6bc96,True,False
cga-review-replay-v1,C2,03,rfm,rfm_relu3,201,256,,,256,8.852137867165766e-07,8.852137867165766e-07,0.00019032555736034492,,2.451328659235858e-06,-24.523458022455117,-24.523458907668903,219,4.725287577884774e-08,True,L-BFGS-B: CONVERGENCE: RELATIVE REDUCTION OF F <= FACTR*EPSMCH,0.9818874580014381,CG3072x8-d1,21b8e3fcf1ec52418e7e1d4f9e165ea4f049f7f10f630326cf259fda713bcc49,0.002097268430348291,0.002097268430348291,6.764923232482227e-08,,False,new_nested_rfm_coefficient_replay,,235b044d9c1788c1e3ccd228097884ecf1a038fe447d19f6248c43b90ba673ea,fbe4904d8be5f2979aa48d19d959400a573aec5543407e5edafbbf398eb19a0a,,,,data/raw/review_replay_20261001/models/C2_rfm_seed201_n256.npz,82692def18633a5471983460c0859891a0cde937c968e851ffe93a7085f9782b,relative_H1,review_replay_20261001,True,none,True,none,False,not_applicable,not_used,fc38e7c1fd40d30358c96e486ddae675428216469a7e8b6f5ead0c86b97577b7,82692def18633a5471983460c0859891a0cde937c968e851ffe93a7085f9782b,True,False
cga-review-replay-v1,C2,03,rfm,rfm_relu3,202,8,,,8,10.965075268735994,10.965075268735994,0.6697484311307448,,0.3069433428853011,-13.55838363893291,-24.523458907668903,9,4.1091336831221334e-10,True,L-BFGS-B: CONVERGENCE: RELATIVE REDUCTION OF F <= FACTR*EPSMCH,0.0119242500004475,CG3072x8-d1,21b8e3fcf1ec52418e7e1d4f9e165ea4f049f7f10f630326cf259fda713bcc49,1.3149648417391991e-11,1.3149648417391991e-11,5.197961169449156e-12,,False,new_nested_rfm_coefficient_replay,,235b044d9c1788c1e3ccd228097884ecf1a038fe447d19f6248c43b90ba673ea,fbe4904d8be5f2979aa48d19d959400a573aec5543407e5edafbbf398eb19a0a,,,,data/raw/review_replay_20261001/models/C2_rfm_seed202_n8.npz,3b6d22b370cccc8b54c4cb1bd55db3f63a445e737765c11d8c6480c1d73d30ea,relative_H1,review_replay_20261001,True,none,True,none,False,not_applicable,not_used,fc38e7c1fd40d30358c96e486ddae675428216469a7e8b6f5ead0c86b97577b7,3b6d22b370cccc8b54c4cb1bd55db3f63a445e737765c11d8c6480c1d73d30ea,True,False
cga-review-replay-v1,C2,03,rfm,rfm_relu3,202,16,,,16,6.015909378245247,6.015909378245247,0.496117430091129,,0.08938100663917345,-18.507549529423656,-24.523458907668903,8,2.4448203961120444e-10,True,L-BFGS-B: CONVERGENCE: NORM OF PROJECTED GRADIENT <= PGTOL,0.017283832999964943,CG3072x8-d1,21b8e3fcf1ec52418e7e1d4f9e165ea4f049f7f10f630326cf259fda713bcc49,1.0017603730847545e-10,1.0008870389596464e-10,1.0017603730847545e-10,,False,new_nested_rfm_coefficient_replay,,235b044d9c1788c1e3ccd228097884ecf1a038fe447d19f6248c43b90ba673ea,fbe4904d8be5f2979aa48d19d959400a573aec5543407e5edafbbf398eb19a0a,,,,data/raw/review_replay_20261001/models/C2_rfm_seed202_n16.npz,ca02903c80f86713882af6dbadf96d4af0f8e181aa81789ee54ac2c1412b631c,relative_H1,review_replay_20261001,True,none,True,none,False,not_applicable,not_used,fc38e7c1fd40d30358c96e486ddae675428216469a7e8b6f5ead0c86b97577b7,ca02903c80f86713882af6dbadf96d4af0f8e181aa81789ee54ac2c1412b631c,True,False
cga-review-replay-v1,C2,03,rfm,rfm_relu3,202,32,,,32,1.3690029619232291,1.3690029619232291,0.23666278016171705,,0.031249061181398072,-23.154455945745674,-24.523458907668903,9,5.6858125688094794e-08,True,L-BFGS-B: CONVERGENCE: RELATIVE REDUCTION OF F <= FACTR*EPSMCH,0.0150828330006334,CG3072x8-d1,21b8e3fcf1ec52418e7e1d4f9e165ea4f049f7f10f630326cf259fda713bcc49,1.619738089907567e-08,1.619738089907567e-08,4.498169074432357e-09,,False,new_nested_rfm_coefficient_replay,,235b044d9c1788c1e3ccd228097884ecf1a038fe447d19f6248c43b90ba673ea,fbe4904d8be5f2979aa48d19d959400a573aec5543407e5edafbbf398eb19a0a,,,,data/raw/review_replay_20261001/models/C2_rfm_seed202_n32.npz,d6057b20d7a00d716128c580ae20e5bcfd3f60b60d5faca00e695ac5d00c5102,relative_H1,review_replay_20261001,True,none,True,none,False,not_applicable,not_used,fc38e7c1fd40d30358c96e486ddae675428216469a7e8b6f5ead0c86b97577b7,d6057b20d7a00d716128c580ae20e5bcfd3f60b60d5faca00e695ac5d00c5102,True,False
cga-review-replay-v1,C2,03,rfm,rfm_relu3,202,64,,,64,0.041589376816126844,0.041589376816126844,0.041249815903570373,,0.003093792492551262,-24.481869530852777,-24.523458907668903,30,6.877180346706258e-09,True,L-BFGS-B: CONVERGENCE: RELATIVE REDUCTION OF F <= FACTR*EPSMCH,0.06143566700120573,CG3072x8-d1,21b8e3fcf1ec52418e7e1d4f9e165ea4f049f7f10f630326cf259fda713bcc49,4.977768994252291e-08,4.977768994252291e-08,4.784725131922733e-09,,False,new_nested_rfm_coefficient_replay,,235b044d9c1788c1e3ccd228097884ecf1a038fe447d19f6248c43b90ba673ea,fbe4904d8be5f2979aa48d19d959400a573aec5543407e5edafbbf398eb19a0a,,,,data/raw/review_replay_20261001/models/C2_rfm_seed202_n64.npz,8eca13179184fe5b85813731690debe271ab16bb909af61c6084bd2309418413,relative_H1,review_replay_20261001,True,none,True,none,False,not_applicable,not_used,fc38e7c1fd40d30358c96e486ddae675428216469a7e8b6f5ead0c86b97577b7,8eca13179184fe5b85813731690debe271ab16bb909af61c6084bd2309418413,True,False
cga-review-replay-v1,C2,03,rfm,rfm_relu3,202,128,,,128,0.0007402084537986298,0.0007402084537986298,0.00550298746559085,,0.0002133123049971769,-24.522718699215105,-24.523458907668903,184,2.0096664094316298e-08,True,L-BFGS-B: CONVERGENCE: RELATIVE REDUCTION OF F <= FACTR*EPSMCH,0.3518995829981577,CG3072x8-d1,21b8e3fcf1ec52418e7e1d4f9e165ea4f049f7f10f630326cf259fda713bcc49,2.7933792206297523e-06,2.7933792206297523e-06,8.17952494770718e-09,,False,new_nested_rfm_coefficient_replay,,235b044d9c1788c1e3ccd228097884ecf1a038fe447d19f6248c43b90ba673ea,fbe4904d8be5f2979aa48d19d959400a573aec5543407e5edafbbf398eb19a0a,,,,data/raw/review_replay_20261001/models/C2_rfm_seed202_n128.npz,08860cad5f1401df843f275d9e017cd5a63031481979257e19cc85275e0b7154,relative_H1,review_replay_20261001,True,none,True,none,False,not_applicable,not_used,fc38e7c1fd40d30358c96e486ddae675428216469a7e8b6f5ead0c86b97577b7,08860cad5f1401df843f275d9e017cd5a63031481979257e19cc85275e0b7154,True,False
cga-review-replay-v1,C2,03,rfm,rfm_relu3,202,256,,,256,7.146234928256945e-07,7.146234928256945e-07,0.00017097519552701883,,2.14128936229876e-06,-24.52345819304541,-24.523458907668903,400,1.236695346661361e-07,True,L-BFGS-B: STOP: TOTAL NO. OF ITERATIONS REACHED LIMIT,0.9201412499969592,CG3072x8-d1,21b8e3fcf1ec52418e7e1d4f9e165ea4f049f7f10f630326cf259fda713bcc49,0.0009084874159546231,0.0009084874159546231,1.4019797550960531e-07,,False,new_nested_rfm_coefficient_replay,,235b044d9c1788c1e3ccd228097884ecf1a038fe447d19f6248c43b90ba673ea,fbe4904d8be5f2979aa48d19d959400a573aec5543407e5edafbbf398eb19a0a,,,,data/raw/review_replay_20261001/models/C2_rfm_seed202_n256.npz,b4bd25dafdcf0c9c75bc783747172a8ccb6d6a4a008867439316d232d8f6cde3,relative_H1,review_replay_20261001,True,none,True,none,False,not_applicable,not_used,fc38e7c1fd40d30358c96e486ddae675428216469a7e8b6f5ead0c86b97577b7,b4bd25dafdcf0c9c75bc783747172a8ccb6d6a4a008867439316d232d8f6cde3,True,False
cga-review-replay-v1,C2,03,rfm,rfm_relu3,203,8,,,8,11.80383962899126,11.80383962899126,0.6947920300187588,,0.20028991964709617,-12.719619278677643,-24.523458907668903,8,6.649663177396203e-10,True,L-BFGS-B: CONVERGENCE: RELATIVE REDUCTION OF F <= FACTR*EPSMCH,0.013505833001545398,CG3072x8-d1,21b8e3fcf1ec52418e7e1d4f9e165ea4f049f7f10f630326cf259fda713bcc49,1.1725664470106464e-10,1.1725664470106464e-10,3.144549441796069e-12,,False,new_nested_rfm_coefficient_replay,,235b044d9c1788c1e3ccd228097884ecf1a038fe447d19f6248c43b90ba673ea,fbe4904d8be5f2979aa48d19d959400a573aec5543407e5edafbbf398eb19a0a,,,,data/raw/review_replay_20261001/models/C2_rfm_seed203_n8.npz,32f687c5a7cbb017927557db9915c1a2d7ca1508b214f160da895711783caa50,relative_H1,review_replay_20261001,True,none,True,none,False,not_applicable,not_used,fc38e7c1fd40d30358c96e486ddae675428216469a7e8b6f5ead0c86b97577b7,32f687c5a7cbb017927557db9915c1a2d7ca1508b214f160da895711783caa50,True,False
cga-review-replay-v1,C2,03,rfm,rfm_relu3,203,16,,,16,6.6419878719154255,6.6419878719154255,0.5212433814462952,,0.094027990584188,-17.881471035753478,-24.523458907668903,7,6.636585198265325e-09,True,L-BFGS-B: CONVERGENCE: RELATIVE REDUCTION OF F <= FACTR*EPSMCH,0.01217654200081597,CG3072x8-d1,21b8e3fcf1ec52418e7e1d4f9e165ea4f049f7f10f630326cf259fda713bcc49,1.2733415496345833e-10,1.2733415496345833e-10,5.306794995475303e-11,,False,new_nested_rfm_coefficient_replay,,235b044d9c1788c1e3ccd228097884ecf1a038fe447d19f6248c43b90ba673ea,fbe4904d8be5f2979aa48d19d959400a573aec5543407e5edafbbf398eb19a0a,,,,data/raw/review_replay_20261001/models/C2_rfm_seed203_n16.npz,7669682299a3cb97c4ddd790b837bb81a0fa75d919e651dd8952fa4c461612d8,relative_H1,review_replay_20261001,True,none,True,none,False,not_applicable,not_used,fc38e7c1fd40d30358c96e486ddae675428216469a7e8b6f5ead0c86b97577b7,7669682299a3cb97c4ddd790b837bb81a0fa75d919e651dd8952fa4c461612d8,True,False
cga-review-replay-v1,C2,03,rfm,rfm_relu3,203,32,,,32,1.4779398854040515,1.4779398854040515,0.2458884171743116,,0.04512579090089379,-23.045519022264852,-24.523458907668903,7,1.2278916037050744e-09,True,L-BFGS-B: CONVERGENCE: RELATIVE REDUCTION OF F <= FACTR*EPSMCH,0.033428041999286506,CG3072x8-d1,21b8e3fcf1ec52418e7e1d4f9e165ea4f049f7f10f630326cf259fda713bcc49,1.253944998223814e-09,1.253944998223814e-09,1.42037129230032e-10,,False,new_nested_rfm_coefficient_replay,,235b044d9c1788c1e3ccd228097884ecf1a038fe447d19f6248c43b90ba673ea,fbe4904d8be5f2979aa48d19d959400a573aec5543407e5edafbbf398eb19a0a,,,,data/raw/review_replay_20261001/models/C2_rfm_seed203_n32.npz,7efefa7c063bc56288eb24621b390b765982404826fe1347c28dd6e84de95aa2,relative_H1,review_replay_20261001,True,none,True,none,False,not_applicable,not_used,fc38e7c1fd40d30358c96e486ddae675428216469a7e8b6f5ead0c86b97577b7,7efefa7c063bc56288eb24621b390b765982404826fe1347c28dd6e84de95aa2,True,False
cga-review-replay-v1,C2,03,rfm,rfm_relu3,203,64,,,64,0.02254053099369102,0.02254053099369102,0.03036641527550897,,0.0022451915680100814,-24.500918376675212,-24.523458907668903,11,2.0907588100917413e-11,True,L-BFGS-B: CONVERGENCE: NORM OF PROJECTED GRADIENT <= PGTOL,0.05968958399898838,CG3072x8-d1,21b8e3fcf1ec52418e7e1d4f9e165ea4f049f7f10f630326cf259fda713bcc49,2.6105005694657506e-07,2.6105005694657506e-07,7.372716622228907e-09,,False,new_nested_rfm_coefficient_replay,,235b044d9c1788c1e3ccd228097884ecf1a038fe447d19f6248c43b90ba673ea,fbe4904d8be5f2979aa48d19d959400a573aec5543407e5edafbbf398eb19a0a,,,,data/raw/review_replay_20261001/models/C2_rfm_seed203_n64.npz,220269c2d0a0969d8d48cdfe59645a84200dd18cd0c9c74817164968a48db9d5,relative_H1,review_replay_20261001,True,none,True,none,False,not_applicable,not_used,fc38e7c1fd40d30358c96e486ddae675428216469a7e8b6f5ead0c86b97577b7,220269c2d0a0969d8d48cdfe59645a84200dd18cd0c9c74817164968a48db9d5,True,False
cga-review-replay-v1,C2,03,rfm,rfm_relu3,203,128,,,128,0.0014343156508118682,0.0014343156508118682,0.007660118783556111,,0.00035199550663633685,-24.52202459201809,-24.523458907668903,93,2.7654602887617413e-08,True,L-BFGS-B: CONVERGENCE: RELATIVE REDUCTION OF F <= FACTR*EPSMCH,0.234403457998269,CG3072x8-d1,21b8e3fcf1ec52418e7e1d4f9e165ea4f049f7f10f630326cf259fda713bcc49,3.200283148647288e-06,3.200283148647288e-06,4.073505718654407e-08,,False,new_nested_rfm_coefficient_replay,,235b044d9c1788c1e3ccd228097884ecf1a038fe447d19f6248c43b90ba673ea,fbe4904d8be5f2979aa48d19d959400a573aec5543407e5edafbbf398eb19a0a,,,,data/raw/review_replay_20261001/models/C2_rfm_seed203_n128.npz,efa104b7f63ae999af7b56558d4df564367c557b2ede432a76f0b54a4cfc95da,relative_H1,review_replay_20261001,True,none,True,none,False,not_applicable,not_used,fc38e7c1fd40d30358c96e486ddae675428216469a7e8b6f5ead0c86b97577b7,efa104b7f63ae999af7b56558d4df564367c557b2ede432a76f0b54a4cfc95da,True,False
cga-review-replay-v1,C2,03,rfm,rfm_relu3,203,256,,,256,8.974107679193821e-07,8.974107679193821e-07,0.00019165306717963335,,2.4321438523390963e-06,-24.523458010258135,-24.523458907668903,400,1.1072397138759543e-07,True,L-BFGS-B: STOP: TOTAL NO. OF ITERATIONS REACHED LIMIT,1.0279251249994559,CG3072x8-d1,21b8e3fcf1ec52418e7e1d4f9e165ea4f049f7f10f630326cf259fda713bcc49,0.002364537343673715,0.002364537343673715,3.1226294060543796e-07,,False,new_nested_rfm_coefficient_replay,,235b044d9c1788c1e3ccd228097884ecf1a038fe447d19f6248c43b90ba673ea,fbe4904d8be5f2979aa48d19d959400a573aec5543407e5edafbbf398eb19a0a,,,,data/raw/review_replay_20261001/models/C2_rfm_seed203_n256.npz,bb04e0a29991d1a365d46c475e30cdfcd919a953fd7da7a762ab30caefdf5a0b,relative_H1,review_replay_20261001,True,none,True,none,False,not_applicable,not_used,fc38e7c1fd40d30358c96e486ddae675428216469a7e8b6f5ead0c86b97577b7,bb04e0a29991d1a365d46c475e30cdfcd919a953fd7da7a762ab30caefdf5a0b,True,False
cga-review-replay-v1,C2,03,rfm,rfm_relu3,204,8,,,8,11.07886449754886,11.07886449754886,0.6730044316562177,,0.1894340945488775,-13.444594410120043,-24.523458907668903,8,2.22307665960756e-10,True,L-BFGS-B: CONVERGENCE: RELATIVE REDUCTION OF F <= FACTR*EPSMCH,0.009145249998255167,CG3072x8-d1,21b8e3fcf1ec52418e7e1d4f9e165ea4f049f7f10f630326cf259fda713bcc49,1.0217343416284738e-11,1.0217343416284738e-11,6.94173510288132e-13,,False,new_nested_rfm_coefficient_replay,,235b044d9c1788c1e3ccd228097884ecf1a038fe447d19f6248c43b90ba673ea,fbe4904d8be5f2979aa48d19d959400a573aec5543407e5edafbbf398eb19a0a,,,,data/raw/review_replay_20261001/models/C2_rfm_seed204_n8.npz,b5c0f8d5dbea9c94fdb3f6265052526eba92640f6a8c6d1a6924e512ec0678c3,relative_H1,review_replay_20261001,True,none,True,none,False,not_applicable,not_used,fc38e7c1fd40d30358c96e486ddae675428216469a7e8b6f5ead0c86b97577b7,b5c0f8d5dbea9c94fdb3f6265052526eba92640f6a8c6d1a6924e512ec0678c3,True,False
cga-review-replay-v1,C2,03,rfm,rfm_relu3,204,16,,,16,7.205420058066945,7.205420058066945,0.5428671353007986,,0.10746140137852252,-17.318038849601958,-24.523458907668903,7,3.1228921566637544e-10,True,L-BFGS-B: CONVERGENCE: RELATIVE REDUCTION OF F <= FACTR*EPSMCH,0.007801374998962274,CG3072x8-d1,21b8e3fcf1ec52418e7e1d4f9e165ea4f049f7f10f630326cf259fda713bcc49,1.0048731993058266e-09,1.0048731993058266e-09,3.1668856068213714e-10,,False,new_nested_rfm_coefficient_replay,,235b044d9c1788c1e3ccd228097884ecf1a038fe447d19f6248c43b90ba673ea,fbe4904d8be5f2979aa48d19d959400a573aec5543407e5edafbbf398eb19a0a,,,,data/raw/review_replay_20261001/models/C2_rfm_seed204_n16.npz,148f3952250864ce2a10dea3d0fd526641ccabda0cd01a7563beb131b59bbbdd,relative_H1,review_replay_20261001,True,none,True,none,False,not_applicable,not_used,fc38e7c1fd40d30358c96e486ddae675428216469a7e8b6f5ead0c86b97577b7,148f3952250864ce2a10dea3d0fd526641ccabda0cd01a7563beb131b59bbbdd,True,False
cga-review-replay-v1,C2,03,rfm,rfm_relu3,204,32,,,32,0.9907701225136094,0.9907701225136094,0.20132121651193205,,0.02422981467207925,-23.532688785155294,-24.523458907668903,7,4.399011457439398e-10,True,L-BFGS-B: CONVERGENCE: RELATIVE REDUCTION OF F <= FACTR*EPSMCH,0.016156332996615674,CG3072x8-d1,21b8e3fcf1ec52418e7e1d4f9e165ea4f049f7f10f630326cf259fda713bcc49,2.0723401567184548e-09,2.0723401567184548e-09,1.267090896090537e-09,,False,new_nested_rfm_coefficient_replay,,235b044d9c1788c1e3ccd228097884ecf1a038fe447d19f6248c43b90ba673ea,fbe4904d8be5f2979aa48d19d959400a573aec5543407e5edafbbf398eb19a0a,,,,data/raw/review_replay_20261001/models/C2_rfm_seed204_n32.npz,53cc9659a313a935d7ab206e2b118d5f2747d7f5f92ba82ae80c886349bc7f72,relative_H1,review_replay_20261001,True,none,True,none,False,not_applicable,not_used,fc38e7c1fd40d30358c96e486ddae675428216469a7e8b6f5ead0c86b97577b7,53cc9659a313a935d7ab206e2b118d5f2747d7f5f92ba82ae80c886349bc7f72,True,False
cga-review-replay-v1,C2,03,rfm,rfm_relu3,204,64,,,64,0.039716386296532846,0.039716386296532846,0.040309795328245586,,0.00324524627027295,-24.48374252137237,-24.523458907668903,16,1.7585065944074818e-08,True,L-BFGS-B: CONVERGENCE: RELATIVE REDUCTION OF F <= FACTR*EPSMCH,0.028005208001559367,CG3072x8-d1,21b8e3fcf1ec52418e7e1d4f9e165ea4f049f7f10f630326cf259fda713bcc49,1.08347946970341e-07,1.08347946970341e-07,1.04192074852957e-09,,False,new_nested_rfm_coefficient_replay,,235b044d9c1788c1e3ccd228097884ecf1a038fe447d19f6248c43b90ba673ea,fbe4904d8be5f2979aa48d19d959400a573aec5543407e5edafbbf398eb19a0a,,,,data/raw/review_replay_20261001/models/C2_rfm_seed204_n64.npz,2f3d6ced8b6da8db460858275651f02f7b17233f1364a5cd995ff0ecd49a1160,relative_H1,review_replay_20261001,True,none,True,none,False,not_applicable,not_used,fc38e7c1fd40d30358c96e486ddae675428216469a7e8b6f5ead0c86b97577b7,2f3d6ced8b6da8db460858275651f02f7b17233f1364a5cd995ff0ecd49a1160,True,False
cga-review-replay-v1,C2,03,rfm,rfm_relu3,204,128,,,128,0.004152919707131275,0.004152919707131275,0.013034416906979101,,0.0006879209158545495,-24.519305987961772,-24.523458907668903,109,6.51087410535723e-09,True,L-BFGS-B: CONVERGENCE: RELATIVE REDUCTION OF F <= FACTR*EPSMCH,0.20192924999719253,CG3072x8-d1,21b8e3fcf1ec52418e7e1d4f9e165ea4f049f7f10f630326cf259fda713bcc49,4.680724469624926e-08,4.680724469624926e-08,1.5752296036506613e-08,,False,new_nested_rfm_coefficient_replay,,235b044d9c1788c1e3ccd228097884ecf1a038fe447d19f6248c43b90ba673ea,fbe4904d8be5f2979aa48d19d959400a573aec5543407e5edafbbf398eb19a0a,,,,data/raw/review_replay_20261001/models/C2_rfm_seed204_n128.npz,d2260457eaa65b482e740a6568abf5aaaa360b15bef8e825c2de28e955b10adb,relative_H1,review_replay_20261001,True,none,True,none,False,not_applicable,not_used,fc38e7c1fd40d30358c96e486ddae675428216469a7e8b6f5ead0c86b97577b7,d2260457eaa65b482e740a6568abf5aaaa360b15bef8e825c2de28e955b10adb,True,False
cga-review-replay-v1,C2,03,rfm,rfm_relu3,204,256,,,256,8.192623575098423e-07,8.192623575098423e-07,0.00018303963669817448,,2.2715845806554226e-06,-24.523458088406546,-24.523458907668903,400,3.6887123919161556e-08,True,L-BFGS-B: STOP: TOTAL NO. OF ITERATIONS REACHED LIMIT,1.0298655000005965,CG3072x8-d1,21b8e3fcf1ec52418e7e1d4f9e165ea4f049f7f10f630326cf259fda713bcc49,0.0015382747162920672,0.0015382747162920672,1.0853230172879219e-07,,False,new_nested_rfm_coefficient_replay,,235b044d9c1788c1e3ccd228097884ecf1a038fe447d19f6248c43b90ba673ea,fbe4904d8be5f2979aa48d19d959400a573aec5543407e5edafbbf398eb19a0a,,,,data/raw/review_replay_20261001/models/C2_rfm_seed204_n256.npz,1da2b60c3be9ad9c62aef11c843e22ef984c54989c13d0381550f827e67ea3d3,relative_H1,review_replay_20261001,True,none,True,none,False,not_applicable,not_used,fc38e7c1fd40d30358c96e486ddae675428216469a7e8b6f5ead0c86b97577b7,1da2b60c3be9ad9c62aef11c843e22ef984c54989c13d0381550f827e67ea3d3,True,False
cga-review-replay-v1,C2,03,rfm,rfm_relu3,205,8,,,8,11.641045101967872,11.641045101967872,0.6899197335707847,,0.1993474113204299,-12.882413805701031,-24.523458907668903,8,4.732508538948527e-10,True,L-BFGS-B: CONVERGENCE: RELATIVE REDUCTION OF F <= FACTR*EPSMCH,0.007669167000130983,CG3072x8-d1,21b8e3fcf1ec52418e7e1d4f9e165ea4f049f7f10f630326cf259fda713bcc49,1.9231456497988185e-12,1.9231456497988185e-12,1.2155942669754029e-12,,False,new_nested_rfm_coefficient_replay,,235b044d9c1788c1e3ccd228097884ecf1a038fe447d19f6248c43b90ba673ea,fbe4904d8be5f2979aa48d19d959400a573aec5543407e5edafbbf398eb19a0a,,,,data/raw/review_replay_20261001/models/C2_rfm_seed205_n8.npz,9b2396c675a7ee46e86920f3ad683b44bd283937f3a5b8e8e2393247425c1d60,relative_H1,review_replay_20261001,True,none,True,none,False,not_applicable,not_used,fc38e7c1fd40d30358c96e486ddae675428216469a7e8b6f5ead0c86b97577b7,9b2396c675a7ee46e86920f3ad683b44bd283937f3a5b8e8e2393247425c1d60,True,False
cga-review-replay-v1,C2,03,rfm,rfm_relu3,205,16,,,16,5.626648036060381,5.626648036060381,0.4797478391577062,,0.08330165939888566,-18.896810871608523,-24.523458907668903,8,3.592352979786369e-11,True,L-BFGS-B: CONVERGENCE: NORM OF PROJECTED GRADIENT <= PGTOL,0.008319415999721969,CG3072x8-d1,21b8e3fcf1ec52418e7e1d4f9e165ea4f049f7f10f630326cf259fda713bcc49,2.2559343525824444e-10,2.2559343525824444e-10,2.437132757025593e-11,,False,new_nested_rfm_coefficient_replay,,235b044d9c1788c1e3ccd228097884ecf1a038fe447d19f6248c43b90ba673ea,fbe4904d8be5f2979aa48d19d959400a573aec5543407e5edafbbf398eb19a0a,,,,data/raw/review_replay_20261001/models/C2_rfm_seed205_n16.npz,9bcb0ab18bdf2ee2bce7d212af229cc4a78d0e607014e36dc926affa5cce2075,relative_H1,review_replay_20261001,True,none,True,none,False,not_applicable,not_used,fc38e7c1fd40d30358c96e486ddae675428216469a7e8b6f5ead0c86b97577b7,9bcb0ab18bdf2ee2bce7d212af229cc4a78d0e607014e36dc926affa5cce2075,True,False
cga-review-replay-v1,C2,03,rfm,rfm_relu3,205,32,,,32,1.7422362999064376,1.7422362999064376,0.26694417113039437,,0.04010502518764097,-22.781222607762466,-24.523458907668903,9,8.614335256382367e-10,True,L-BFGS-B: CONVERGENCE: RELATIVE REDUCTION OF F <= FACTR*EPSMCH,0.016091875000711298,CG3072x8-d1,21b8e3fcf1ec52418e7e1d4f9e165ea4f049f7f10f630326cf259fda713bcc49,2.2195209040335094e-09,2.2195209040335094e-09,1.123734930874427e-10,,False,new_nested_rfm_coefficient_replay,,235b044d9c1788c1e3ccd228097884ecf1a038fe447d19f6248c43b90ba673ea,fbe4904d8be5f2979aa48d19d959400a573aec5543407e5edafbbf398eb19a0a,,,,data/raw/review_replay_20261001/models/C2_rfm_seed205_n32.npz,9a16dd06fe14e06e3d250af6d2c0dbf9c1aff54af5dfbcfe52ce6a98d3841a0a,relative_H1,review_replay_20261001,True,none,True,none,False,not_applicable,not_used,fc38e7c1fd40d30358c96e486ddae675428216469a7e8b6f5ead0c86b97577b7,9a16dd06fe14e06e3d250af6d2c0dbf9c1aff54af5dfbcfe52ce6a98d3841a0a,True,False
cga-review-replay-v1,C2,03,rfm,rfm_relu3,205,64,,,64,0.129512075360239,0.129512075360239,0.07278655897189615,,0.007105689131185957,-24.393946832308664,-24.523458907668903,19,1.4999713669418835e-09,True,L-BFGS-B: CONVERGENCE: RELATIVE REDUCTION OF F <= FACTR*EPSMCH,0.019542582998838043,CG3072x8-d1,21b8e3fcf1ec52418e7e1d4f9e165ea4f049f7f10f630326cf259fda713bcc49,1.8975663861828824e-07,1.8975663861828824e-07,1.6268756745612756e-08,,False,new_nested_rfm_coefficient_replay,,235b044d9c1788c1e3ccd228097884ecf1a038fe447d19f6248c43b90ba673ea,fbe4904d8be5f2979aa48d19d959400a573aec5543407e5edafbbf398eb19a0a,,,,data/raw/review_replay_20261001/models/C2_rfm_seed205_n64.npz,a5e2e297eb2f74e95ecc59a0a7723dd0f86bc9f618b84d21b1d1fbeff0263e66,relative_H1,review_replay_20261001,True,none,True,none,False,not_applicable,not_used,fc38e7c1fd40d30358c96e486ddae675428216469a7e8b6f5ead0c86b97577b7,a5e2e297eb2f74e95ecc59a0a7723dd0f86bc9f618b84d21b1d1fbeff0263e66,True,False
cga-review-replay-v1,C2,03,rfm,rfm_relu3,205,128,,,128,0.0005867488824087275,0.0005867488824087275,0.0048994446670103005,,0.00018752406883187372,-24.522872158786495,-24.523458907668903,223,1.1455510139229247e-08,True,L-BFGS-B: CONVERGENCE: RELATIVE REDUCTION OF F <= FACTR*EPSMCH,0.3163976249998086,CG3072x8-d1,21b8e3fcf1ec52418e7e1d4f9e165ea4f049f7f10f630326cf259fda713bcc49,4.022733099487834e-06,4.022733099487834e-06,3.031528038809371e-09,,False,new_nested_rfm_coefficient_replay,,235b044d9c1788c1e3ccd228097884ecf1a038fe447d19f6248c43b90ba673ea,fbe4904d8be5f2979aa48d19d959400a573aec5543407e5edafbbf398eb19a0a,,,,data/raw/review_replay_20261001/models/C2_rfm_seed205_n128.npz,605a7df7844f4141ab5c2afb905e1f0cd965b1e116f9497823a5c8746f40c74b,relative_H1,review_replay_20261001,True,none,True,none,False,not_applicable,not_used,fc38e7c1fd40d30358c96e486ddae675428216469a7e8b6f5ead0c86b97577b7,605a7df7844f4141ab5c2afb905e1f0cd965b1e116f9497823a5c8746f40c74b,True,False
cga-review-replay-v1,C2,03,rfm,rfm_relu3,205,256,,,256,7.631799476826018e-07,7.631799476826018e-07,0.00017668137769812414,,2.139751504650082e-06,-24.523458144488956,-24.523458907668903,404,1.5528960964910144e-10,True,L-BFGS-B: STOP: TOTAL NO. OF ITERATIONS REACHED LIMIT; Newton-CG: Optimization terminated successfully.,1.9704076659982093,CG3072x8-d1,21b8e3fcf1ec52418e7e1d4f9e165ea4f049f7f10f630326cf259fda713bcc49,0.00011666725585291207,0.00011666725585291207,8.970317799779561e-08,,False,new_nested_rfm_coefficient_replay,,235b044d9c1788c1e3ccd228097884ecf1a038fe447d19f6248c43b90ba673ea,fbe4904d8be5f2979aa48d19d959400a573aec5543407e5edafbbf398eb19a0a,,,,data/raw/review_replay_20261001/models/C2_rfm_seed205_n256.npz,4c347762b30bea4d937a754f703af7828343c2d22f6c071afd731c918d98de6d,relative_H1,review_replay_20261001,True,none,True,none,False,not_applicable,matrix_free,fc38e7c1fd40d30358c96e486ddae675428216469a7e8b6f5ead0c86b97577b7,4c347762b30bea4d937a754f703af7828343c2d22f6c071afd731c918d98de6d,True,False
cga-review-replay-v1,C2,03,rfm,rfm_relu3,206,8,,,8,12.341518332970239,12.341518332970239,0.7037122092586369,,1.232566798297776,-12.181940574698665,-24.523458907668903,10,8.262110327745128e-10,True,L-BFGS-B: CONVERGENCE: RELATIVE REDUCTION OF F <= FACTR*EPSMCH,0.010819082999660168,CG3072x8-d1,21b8e3fcf1ec52418e7e1d4f9e165ea4f049f7f10f630326cf259fda713bcc49,3.4158277268061976e-12,3.4158277268061976e-12,1.0961625325816264e-12,,False,new_nested_rfm_coefficient_replay,,235b044d9c1788c1e3ccd228097884ecf1a038fe447d19f6248c43b90ba673ea,fbe4904d8be5f2979aa48d19d959400a573aec5543407e5edafbbf398eb19a0a,,,,data/raw/review_replay_20261001/models/C2_rfm_seed206_n8.npz,67529e8c555e558756ba00bcfd62c9be0f84b0280904ef4e13776466f9454812,relative_H1,review_replay_20261001,True,none,True,none,False,not_applicable,not_used,fc38e7c1fd40d30358c96e486ddae675428216469a7e8b6f5ead0c86b97577b7,67529e8c555e558756ba00bcfd62c9be0f84b0280904ef4e13776466f9454812,True,False
cga-review-replay-v1,C2,03,rfm,rfm_relu3,206,16,,,16,6.964306504124213,6.964306504124213,0.5337497276324108,,0.10006108745586699,-17.55915240354469,-24.523458907668903,9,5.52595780392409e-09,True,L-BFGS-B: CONVERGENCE: RELATIVE REDUCTION OF F <= FACTR*EPSMCH,0.010672958000213839,CG3072x8-d1,21b8e3fcf1ec52418e7e1d4f9e165ea4f049f7f10f630326cf259fda713bcc49,5.100603048963844e-11,5.100603048963844e-11,5.336977405532358e-12,,False,new_nested_rfm_coefficient_replay,,235b044d9c1788c1e3ccd228097884ecf1a038fe447d19f6248c43b90ba673ea,fbe4904d8be5f2979aa48d19d959400a573aec5543407e5edafbbf398eb19a0a,,,,data/raw/review_replay_20261001/models/C2_rfm_seed206_n16.npz,b259ac9f606822131389b5c0c27cd9b9ad610bbdda2268ef3257f1787fdb998b,relative_H1,review_replay_20261001,True,none,True,none,False,not_applicable,not_used,fc38e7c1fd40d30358c96e486ddae675428216469a7e8b6f5ead0c86b97577b7,b259ac9f606822131389b5c0c27cd9b9ad610bbdda2268ef3257f1787fdb998b,True,False
cga-review-replay-v1,C2,03,rfm,rfm_relu3,206,32,,,32,3.169535801537318,3.169535801537318,0.36010103300900453,,0.06778451912427191,-21.353923106131585,-24.523458907668903,7,1.2420029116724115e-09,True,L-BFGS-B: CONVERGENCE: RELATIVE REDUCTION OF F <= FACTR*EPSMCH,0.011216499999136431,CG3072x8-d1,21b8e3fcf1ec52418e7e1d4f9e165ea4f049f7f10f630326cf259fda713bcc49,2.641549252580111e-09,2.641549252580111e-09,5.530457927450405e-11,,False,new_nested_rfm_coefficient_replay,,235b044d9c1788c1e3ccd228097884ecf1a038fe447d19f6248c43b90ba673ea,fbe4904d8be5f2979aa48d19d959400a573aec5543407e5edafbbf398eb19a0a,,,,data/raw/review_replay_20261001/models/C2_rfm_seed206_n32.npz,eac676e5f720893996e1986b96da500bfda0184ec1d6cf7323ab448b1955e527,relative_H1,review_replay_20261001,True,none,True,none,False,not_applicable,not_used,fc38e7c1fd40d30358c96e486ddae675428216469a7e8b6f5ead0c86b97577b7,eac676e5f720893996e1986b96da500bfda0184ec1d6cf7323ab448b1955e527,True,False
cga-review-replay-v1,C2,03,rfm,rfm_relu3,206,64,,,64,0.497449006144528,0.497449006144528,0.14263753635651266,,0.018693079601469424,-24.026009901524375,-24.523458907668903,12,7.434917866145428e-10,True,L-BFGS-B: CONVERGENCE: RELATIVE REDUCTION OF F <= FACTR*EPSMCH,0.02190100000007078,CG3072x8-d1,21b8e3fcf1ec52418e7e1d4f9e165ea4f049f7f10f630326cf259fda713bcc49,3.928425730412497e-09,3.928425730412497e-09,4.971834488036763e-10,,False,new_nested_rfm_coefficient_replay,,235b044d9c1788c1e3ccd228097884ecf1a038fe447d19f6248c43b90ba673ea,fbe4904d8be5f2979aa48d19d959400a573aec5543407e5edafbbf398eb19a0a,,,,data/raw/review_replay_20261001/models/C2_rfm_seed206_n64.npz,e1ce299fa0a13d0a7d695f4987fde872636d1480c821836c13d8a89acb88c359,relative_H1,review_replay_20261001,True,none,True,none,False,not_applicable,not_used,fc38e7c1fd40d30358c96e486ddae675428216469a7e8b6f5ead0c86b97577b7,e1ce299fa0a13d0a7d695f4987fde872636d1480c821836c13d8a89acb88c359,True,False
cga-review-replay-v1,C2,03,rfm,rfm_relu3,206,128,,,128,0.0003256868132126556,0.0003256868132126556,0.003650225361115796,,0.00012744650202940242,-24.52313322085569,-24.523458907668903,64,9.702639454358492e-09,True,L-BFGS-B: CONVERGENCE: RELATIVE REDUCTION OF F <= FACTR*EPSMCH,0.17195270899901516,CG3072x8-d1,21b8e3fcf1ec52418e7e1d4f9e165ea4f049f7f10f630326cf259fda713bcc49,1.5364707070443795e-05,1.5364707070443795e-05,1.0526480508015194e-08,,False,new_nested_rfm_coefficient_replay,,235b044d9c1788c1e3ccd228097884ecf1a038fe447d19f6248c43b90ba673ea,fbe4904d8be5f2979aa48d19d959400a573aec5543407e5edafbbf398eb19a0a,,,,data/raw/review_replay_20261001/models/C2_rfm_seed206_n128.npz,c603394978ce792f1d10ac33f5e817092f3791d1cf831413838a4258a584b869,relative_H1,review_replay_20261001,True,none,True,none,False,not_applicable,not_used,fc38e7c1fd40d30358c96e486ddae675428216469a7e8b6f5ead0c86b97577b7,c603394978ce792f1d10ac33f5e817092f3791d1cf831413838a4258a584b869,True,False
cga-review-replay-v1,C2,03,rfm,rfm_relu3,206,256,,,256,8.068820207540739e-07,8.068820207540739e-07,0.0001816961564259627,,2.260446272800431e-06,-24.523458100786883,-24.523458907668903,400,9.095456695933126e-08,True,L-BFGS-B: STOP: TOTAL NO. OF ITERATIONS REACHED LIMIT,1.181294040998182,CG3072x8-d1,21b8e3fcf1ec52418e7e1d4f9e165ea4f049f7f10f630326cf259fda713bcc49,0.0018458671922622048,0.0018458671922622048,7.180233932820046e-08,,False,new_nested_rfm_coefficient_replay,,235b044d9c1788c1e3ccd228097884ecf1a038fe447d19f6248c43b90ba673ea,fbe4904d8be5f2979aa48d19d959400a573aec5543407e5edafbbf398eb19a0a,,,,data/raw/review_replay_20261001/models/C2_rfm_seed206_n256.npz,22b9bae1b9b4e1e2b6cab972ae6ae71410a9e0c7d6c937444527eed75ffd5fd5,relative_H1,review_replay_20261001,True,none,True,none,False,not_applicable,not_used,fc38e7c1fd40d30358c96e486ddae675428216469a7e8b6f5ead0c86b97577b7,22b9bae1b9b4e1e2b6cab972ae6ae71410a9e0c7d6c937444527eed75ffd5fd5,True,False
cga-review-replay-v1,C2,03,rfm,rfm_relu3,207,8,,,8,12.440481169149422,12.440481169149422,0.7128841862526375,,0.29682999754842365,-12.082977738519482,-24.523458907668903,8,5.218692428039587e-10,True,L-BFGS-B: CONVERGENCE: RELATIVE REDUCTION OF F <= FACTR*EPSMCH,0.0062773749996267725,CG3072x8-d1,21b8e3fcf1ec52418e7e1d4f9e165ea4f049f7f10f630326cf259fda713bcc49,3.438345519852799e-11,3.438345519852799e-11,2.3513142175172773e-12,,False,new_nested_rfm_coefficient_replay,,235b044d9c1788c1e3ccd228097884ecf1a038fe447d19f6248c43b90ba673ea,fbe4904d8be5f2979aa48d19d959400a573aec5543407e5edafbbf398eb19a0a,,,,data/raw/review_replay_20261001/models/C2_rfm_seed207_n8.npz,09e04150b91cc0a4fd5dc8d55707c9252fb2d73e34d0c090e29b6e4842458747,relative_H1,review_replay_20261001,True,none,True,none,False,not_applicable,not_used,fc38e7c1fd40d30358c96e486ddae675428216469a7e8b6f5ead0c86b97577b7,09e04150b91cc0a4fd5dc8d55707c9252fb2d73e34d0c090e29b6e4842458747,True,False
cga-review-replay-v1,C2,03,rfm,rfm_relu3,207,16,,,16,9.074077502812449,9.074077502812449,0.6091852251511035,,0.14948633636404646,-15.449381404856455,-24.523458907668903,8,9.223104115947848e-09,True,L-BFGS-B: CONVERGENCE: RELATIVE REDUCTION OF F <= FACTR*EPSMCH,0.008575791998737259,CG3072x8-d1,21b8e3fcf1ec52418e7e1d4f9e165ea4f049f7f10f630326cf259fda713bcc49,4.6345035997172716e-10,4.6345035997172716e-10,1.0072766375974922e-10,,False,new_nested_rfm_coefficient_replay,,235b044d9c1788c1e3ccd228097884ecf1a038fe447d19f6248c43b90ba673ea,fbe4904d8be5f2979aa48d19d959400a573aec5543407e5edafbbf398eb19a0a,,,,data/raw/review_replay_20261001/models/C2_rfm_seed207_n16.npz,b3cbf88823d50f4e533ea9f55620bbcf682efec2ca5282e62877e311c96109f9,relative_H1,review_replay_20261001,True,none,True,none,False,not_applicable,not_used,fc38e7c1fd40d30358c96e486ddae675428216469a7e8b6f5ead0c86b97577b7,b3cbf88823d50f4e533ea9f55620bbcf682efec2ca5282e62877e311c96109f9,True,False
cga-review-replay-v1,C2,03,rfm,rfm_relu3,207,32,,,32,3.39953786684071,3.39953786684071,0.37295786567944617,,0.06721387429392406,-21.123921040828193,-24.523458907668903,7,2.9145812077460733e-10,True,L-BFGS-B: CONVERGENCE: RELATIVE REDUCTION OF F <= FACTR*EPSMCH,0.008818917001917725,CG3072x8-d1,21b8e3fcf1ec52418e7e1d4f9e165ea4f049f7f10f630326cf259fda713bcc49,1.3539299017768672e-09,1.3539299017768672e-09,5.899864770332878e-11,,False,new_nested_rfm_coefficient_replay,,235b044d9c1788c1e3ccd228097884ecf1a038fe447d19f6248c43b90ba673ea,fbe4904d8be5f2979aa48d19d959400a573aec5543407e5edafbbf398eb19a0a,,,,data/raw/review_replay_20261001/models/C2_rfm_seed207_n32.npz,584d9f171996b3104ddcc82e2c130ed8c2a1ff1e6a68575604079afd671b3a5c,relative_H1,review_replay_20261001,True,none,True,none,False,not_applicable,not_used,fc38e7c1fd40d30358c96e486ddae675428216469a7e8b6f5ead0c86b97577b7,584d9f171996b3104ddcc82e2c130ed8c2a1ff1e6a68575604079afd671b3a5c,True,False
cga-review-replay-v1,C2,03,rfm,rfm_relu3,207,64,,,64,0.43258399944227577,0.43258399944227577,0.1330346766863145,,0.015353398928514709,-24.090874908226628,-24.523458907668903,17,6.73753802816536e-10,True,L-BFGS-B: CONVERGENCE: RELATIVE REDUCTION OF F <= FACTR*EPSMCH,0.02489600000262726,CG3072x8-d1,21b8e3fcf1ec52418e7e1d4f9e165ea4f049f7f10f630326cf259fda713bcc49,2.1605576987514833e-08,2.1605576987514833e-08,1.2201946926590195e-09,,False,new_nested_rfm_coefficient_replay,,235b044d9c1788c1e3ccd228097884ecf1a038fe447d19f6248c43b90ba673ea,fbe4904d8be5f2979aa48d19d959400a573aec5543407e5edafbbf398eb19a0a,,,,data/raw/review_replay_20261001/models/C2_rfm_seed207_n64.npz,365f87ca612363a0c54c5082ab21e7060d1168bdde7c57d4dfc974ab47b03fe9,relative_H1,review_replay_20261001,True,none,True,none,False,not_applicable,not_used,fc38e7c1fd40d30358c96e486ddae675428216469a7e8b6f5ead0c86b97577b7,365f87ca612363a0c54c5082ab21e7060d1168bdde7c57d4dfc974ab47b03fe9,True,False
cga-review-replay-v1,C2,03,rfm,rfm_relu3,207,128,,,128,0.007900334597643166,0.007900334597643166,0.017978253169718274,,0.0011085593915066316,-24.51555857307126,-24.523458907668903,93,6.080622705920974e-09,True,L-BFGS-B: CONVERGENCE: RELATIVE REDUCTION OF F <= FACTR*EPSMCH,0.13406516599934548,CG3072x8-d1,21b8e3fcf1ec52418e7e1d4f9e165ea4f049f7f10f630326cf259fda713bcc49,6.383200612087912e-07,6.383200612087912e-07,5.9115081477529356e-09,,False,new_nested_rfm_coefficient_replay,,235b044d9c1788c1e3ccd228097884ecf1a038fe447d19f6248c43b90ba673ea,fbe4904d8be5f2979aa48d19d959400a573aec5543407e5edafbbf398eb19a0a,,,,data/raw/review_replay_20261001/models/C2_rfm_seed207_n128.npz,530d4fbd95fa9503376e48a3dc8261089b10a406b0c88718d349075fed7cb000,relative_H1,review_replay_20261001,True,none,True,none,False,not_applicable,not_used,fc38e7c1fd40d30358c96e486ddae675428216469a7e8b6f5ead0c86b97577b7,530d4fbd95fa9503376e48a3dc8261089b10a406b0c88718d349075fed7cb000,True,False
cga-review-replay-v1,C2,03,rfm,rfm_relu3,207,256,,,256,6.972768460400403e-07,6.972768460400403e-07,0.00016885407797823064,,2.1336112523373516e-06,-24.523458210392057,-24.523458907668903,395,6.527941722728971e-08,True,L-BFGS-B: CONVERGENCE: RELATIVE REDUCTION OF F <= FACTR*EPSMCH,0.5984924170006707,CG3072x8-d1,21b8e3fcf1ec52418e7e1d4f9e165ea4f049f7f10f630326cf259fda713bcc49,0.0013411493659543164,0.0013411493659543164,5.5642799363424995e-08,,False,new_nested_rfm_coefficient_replay,,235b044d9c1788c1e3ccd228097884ecf1a038fe447d19f6248c43b90ba673ea,fbe4904d8be5f2979aa48d19d959400a573aec5543407e5edafbbf398eb19a0a,,,,data/raw/review_replay_20261001/models/C2_rfm_seed207_n256.npz,e481284d6a857621c717e052589421b8578a91ad02552d09f0a73a77454fa08b,relative_H1,review_replay_20261001,True,none,True,none,False,not_applicable,not_used,fc38e7c1fd40d30358c96e486ddae675428216469a7e8b6f5ead0c86b97577b7,e481284d6a857621c717e052589421b8578a91ad02552d09f0a73a77454fa08b,True,False
cga-review-replay-v1,C2,03,rfm,rfm_relu3,208,8,,,8,11.870785422677713,11.870785422677713,0.6966540888813313,,0.20314801191501897,-12.65267348499119,-24.523458907668903,8,1.4067572873290122e-09,True,L-BFGS-B: CONVERGENCE: RELATIVE REDUCTION OF F <= FACTR*EPSMCH,0.006167209001432639,CG3072x8-d1,21b8e3fcf1ec52418e7e1d4f9e165ea4f049f7f10f630326cf259fda713bcc49,4.239031770416703e-12,4.239031770416703e-12,9.751546421826194e-13,,False,new_nested_rfm_coefficient_replay,,235b044d9c1788c1e3ccd228097884ecf1a038fe447d19f6248c43b90ba673ea,fbe4904d8be5f2979aa48d19d959400a573aec5543407e5edafbbf398eb19a0a,,,,data/raw/review_replay_20261001/models/C2_rfm_seed208_n8.npz,135b185d40e45016d41fa6239064bced522ed587297fc990f2be12f9b92fbc36,relative_H1,review_replay_20261001,True,none,True,none,False,not_applicable,not_used,fc38e7c1fd40d30358c96e486ddae675428216469a7e8b6f5ead0c86b97577b7,135b185d40e45016d41fa6239064bced522ed587297fc990f2be12f9b92fbc36,True,False
cga-review-replay-v1,C2,03,rfm,rfm_relu3,208,16,,,16,8.883125424036564,8.883125424036564,0.6027393305521189,,0.1546142610481026,-15.64033348363234,-24.523458907668903,7,1.5611554103339445e-10,True,L-BFGS-B: CONVERGENCE: RELATIVE REDUCTION OF F <= FACTR*EPSMCH,0.006181125001603505,CG3072x8-d1,21b8e3fcf1ec52418e7e1d4f9e165ea4f049f7f10f630326cf259fda713bcc49,7.174556579255132e-11,7.174556579255132e-11,1.1088980449850405e-11,,False,new_nested_rfm_coefficient_replay,,235b044d9c1788c1e3ccd228097884ecf1a038fe447d19f6248c43b90ba673ea,fbe4904d8be5f2979aa48d19d959400a573aec5543407e5edafbbf398eb19a0a,,,,data/raw/review_replay_20261001/models/C2_rfm_seed208_n16.npz,5501d080bc135764235e838d090812fc1e7cc414aeb3f15f11b3ba26db7338ae,relative_H1,review_replay_20261001,True,none,True,none,False,not_applicable,not_used,fc38e7c1fd40d30358c96e486ddae675428216469a7e8b6f5ead0c86b97577b7,5501d080bc135764235e838d090812fc1e7cc414aeb3f15f11b3ba26db7338ae,True,False
cga-review-replay-v1,C2,03,rfm,rfm_relu3,208,32,,,32,1.460560034621249,1.460560034621249,0.2444476867361614,,0.03635361867626057,-23.062898873047654,-24.523458907668903,11,1.6593683753918135e-10,True,L-BFGS-B: CONVERGENCE: RELATIVE REDUCTION OF F <= FACTR*EPSMCH,0.010396249999757856,CG3072x8-d1,21b8e3fcf1ec52418e7e1d4f9e165ea4f049f7f10f630326cf259fda713bcc49,1.3655624906216771e-08,1.3655624906216771e-08,7.087860074481919e-10,,False,new_nested_rfm_coefficient_replay,,235b044d9c1788c1e3ccd228097884ecf1a038fe447d19f6248c43b90ba673ea,fbe4904d8be5f2979aa48d19d959400a573aec5543407e5edafbbf398eb19a0a,,,,data/raw/review_replay_20261001/models/C2_rfm_seed208_n32.npz,ff681ad9c0aa8520483edb8961237f32be08e2963492bb3a1c347c2f4010c3ef,relative_H1,review_replay_20261001,True,none,True,none,False,not_applicable,not_used,fc38e7c1fd40d30358c96e486ddae675428216469a7e8b6f5ead0c86b97577b7,ff681ad9c0aa8520483edb8961237f32be08e2963492bb3a1c347c2f4010c3ef,True,False
cga-review-replay-v1,C2,03,rfm,rfm_relu3,208,64,,,64,0.07393482844099708,0.07393482844099708,0.05499866702500333,,0.004305067691867131,-24.449524079227906,-24.523458907668903,30,2.970175046433201e-10,True,L-BFGS-B: CONVERGENCE: RELATIVE REDUCTION OF F <= FACTR*EPSMCH,0.025233042000763817,CG3072x8-d1,21b8e3fcf1ec52418e7e1d4f9e165ea4f049f7f10f630326cf259fda713bcc49,1.5461661079723054e-07,1.5461661079723054e-07,1.1655406441280971e-08,,False,new_nested_rfm_coefficient_replay,,235b044d9c1788c1e3ccd228097884ecf1a038fe447d19f6248c43b90ba673ea,fbe4904d8be5f2979aa48d19d959400a573aec5543407e5edafbbf398eb19a0a,,,,data/raw/review_replay_20261001/models/C2_rfm_seed208_n64.npz,39c17ce687a3fe87037487cd9471b86f11e4b0044eff1af939540a0df952d7f9,relative_H1,review_replay_20261001,True,none,True,none,False,not_applicable,not_used,fc38e7c1fd40d30358c96e486ddae675428216469a7e8b6f5ead0c86b97577b7,39c17ce687a3fe87037487cd9471b86f11e4b0044eff1af939540a0df952d7f9,True,False
cga-review-replay-v1,C2,03,rfm,rfm_relu3,208,128,,,128,0.00045634574525976745,0.00045634574525976745,0.0043208309935240845,,0.00015862364634037729,-24.523002561923644,-24.523458907668903,112,1.7563729618421105e-08,True,L-BFGS-B: CONVERGENCE: RELATIVE REDUCTION OF F <= FACTR*EPSMCH,0.11419508299877634,CG3072x8-d1,21b8e3fcf1ec52418e7e1d4f9e165ea4f049f7f10f630326cf259fda713bcc49,4.385639574896954e-06,4.385639574896954e-06,6.344290472764517e-09,,False,new_nested_rfm_coefficient_replay,,235b044d9c1788c1e3ccd228097884ecf1a038fe447d19f6248c43b90ba673ea,fbe4904d8be5f2979aa48d19d959400a573aec5543407e5edafbbf398eb19a0a,,,,data/raw/review_replay_20261001/models/C2_rfm_seed208_n128.npz,64c302d6378ad2ac2ffb4bb304a39c0ee57ae144119d7e0532107d7da1bf7f83,relative_H1,review_replay_20261001,True,none,True,none,False,not_applicable,not_used,fc38e7c1fd40d30358c96e486ddae675428216469a7e8b6f5ead0c86b97577b7,64c302d6378ad2ac2ffb4bb304a39c0ee57ae144119d7e0532107d7da1bf7f83,True,False
cga-review-replay-v1,C2,03,rfm,rfm_relu3,208,256,,,256,9.345831060159071e-07,9.345831060159071e-07,0.00019556267863808627,,2.4570246244313103e-06,-24.523457973085797,-24.523458907668903,403,8.041519894561101e-10,True,L-BFGS-B: STOP: TOTAL NO. OF ITERATIONS REACHED LIMIT; Newton-CG: Optimization terminated successfully.,1.033935167000891,CG3072x8-d1,21b8e3fcf1ec52418e7e1d4f9e165ea4f049f7f10f630326cf259fda713bcc49,0.0006302474417433187,0.0006302474417433187,4.363882328999e-08,,False,new_nested_rfm_coefficient_replay,,235b044d9c1788c1e3ccd228097884ecf1a038fe447d19f6248c43b90ba673ea,fbe4904d8be5f2979aa48d19d959400a573aec5543407e5edafbbf398eb19a0a,,,,data/raw/review_replay_20261001/models/C2_rfm_seed208_n256.npz,ddb5d54b50edcaf4aabda7d486e4e3ede6e0d3c5f4a66bbb1929459295810f9c,relative_H1,review_replay_20261001,True,none,True,none,False,not_applicable,matrix_free,fc38e7c1fd40d30358c96e486ddae675428216469a7e8b6f5ead0c86b97577b7,ddb5d54b50edcaf4aabda7d486e4e3ede6e0d3c5f4a66bbb1929459295810f9c,True,False
cga-review-replay-v1,C2,03,rfm,rfm_relu3,209,8,,,8,11.844885670719037,11.844885670719037,0.6956444352942541,,0.3897341168159644,-12.678573236949866,-24.523458907668903,8,3.5764497426289066e-09,True,L-BFGS-B: CONVERGENCE: RELATIVE REDUCTION OF F <= FACTR*EPSMCH,0.014555082998413127,CG3072x8-d1,21b8e3fcf1ec52418e7e1d4f9e165ea4f049f7f10f630326cf259fda713bcc49,5.405755733996417e-12,5.405755733996417e-12,3.64996818560579e-12,,False,new_nested_rfm_coefficient_replay,,235b044d9c1788c1e3ccd228097884ecf1a038fe447d19f6248c43b90ba673ea,fbe4904d8be5f2979aa48d19d959400a573aec5543407e5edafbbf398eb19a0a,,,,data/raw/review_replay_20261001/models/C2_rfm_seed209_n8.npz,c6f2a69bc3eed2e6820447fb685b209013198674307cf738e06a5ff7a7c1e4f3,relative_H1,review_replay_20261001,True,none,True,none,False,not_applicable,not_used,fc38e7c1fd40d30358c96e486ddae675428216469a7e8b6f5ead0c86b97577b7,c6f2a69bc3eed2e6820447fb685b209013198674307cf738e06a5ff7a7c1e4f3,True,False
cga-review-replay-v1,C2,03,rfm,rfm_relu3,209,16,,,16,7.08295236281873,7.08295236281873,0.5382054029829678,,0.10207290600089693,-17.440506544850173,-24.523458907668903,8,7.749742672243704e-09,True,L-BFGS-B: CONVERGENCE: RELATIVE REDUCTION OF F <= FACTR*EPSMCH,0.005528583002160303,CG3072x8-d1,21b8e3fcf1ec52418e7e1d4f9e165ea4f049f7f10f630326cf259fda713bcc49,3.3404310316019527e-10,3.3404310316019527e-10,1.4069326096775624e-10,,False,new_nested_rfm_coefficient_replay,,235b044d9c1788c1e3ccd228097884ecf1a038fe447d19f6248c43b90ba673ea,fbe4904d8be5f2979aa48d19d959400a573aec5543407e5edafbbf398eb19a0a,,,,data/raw/review_replay_20261001/models/C2_rfm_seed209_n16.npz,ee45382f58c8fa59e3b97b8ed26812a8ba686c9154d105eac6893fb316f1b327,relative_H1,review_replay_20261001,True,none,True,none,False,not_applicable,not_used,fc38e7c1fd40d30358c96e486ddae675428216469a7e8b6f5ead0c86b97577b7,ee45382f58c8fa59e3b97b8ed26812a8ba686c9154d105eac6893fb316f1b327,True,False
cga-review-replay-v1,C2,03,rfm,rfm_relu3,209,32,,,32,1.700223198596973,1.700223198596973,0.2637402226857384,,0.039351155598171886,-22.82323570907193,-24.523458907668903,7,7.475551848100134e-10,True,L-BFGS-B: CONVERGENCE: RELATIVE REDUCTION OF F <= FACTR*EPSMCH,0.0072637500015844125,CG3072x8-d1,21b8e3fcf1ec52418e7e1d4f9e165ea4f049f7f10f630326cf259fda713bcc49,4.91786070436598e-09,4.91786070436598e-09,2.0912788808815406e-10,,False,new_nested_rfm_coefficient_replay,,235b044d9c1788c1e3ccd228097884ecf1a038fe447d19f6248c43b90ba673ea,fbe4904d8be5f2979aa48d19d959400a573aec5543407e5edafbbf398eb19a0a,,,,data/raw/review_replay_20261001/models/C2_rfm_seed209_n32.npz,73ae8c84b37365fb81a415abbf86e0c6676525a29f510a89d00308d715e2ad72,relative_H1,review_replay_20261001,True,none,True,none,False,not_applicable,not_used,fc38e7c1fd40d30358c96e486ddae675428216469a7e8b6f5ead0c86b97577b7,73ae8c84b37365fb81a415abbf86e0c6676525a29f510a89d00308d715e2ad72,True,False
cga-review-replay-v1,C2,03,rfm,rfm_relu3,209,64,,,64,0.07993717199795825,0.07993717199795825,0.057186263676854275,,0.004824472088538743,-24.443521735670945,-24.523458907668903,26,2.515459768461562e-09,True,L-BFGS-B: CONVERGENCE: RELATIVE REDUCTION OF F <= FACTR*EPSMCH,0.02132941699892399,CG3072x8-d1,21b8e3fcf1ec52418e7e1d4f9e165ea4f049f7f10f630326cf259fda713bcc49,2.6413365158679576e-08,2.6413365158679576e-08,8.556132908598177e-09,,False,new_nested_rfm_coefficient_replay,,235b044d9c1788c1e3ccd228097884ecf1a038fe447d19f6248c43b90ba673ea,fbe4904d8be5f2979aa48d19d959400a573aec5543407e5edafbbf398eb19a0a,,,,data/raw/review_replay_20261001/models/C2_rfm_seed209_n64.npz,7b2ecab6ca167f00dfccdba08a628bfbc3b6c687935b7535d7ea36eec09c69ce,relative_H1,review_replay_20261001,True,none,True,none,False,not_applicable,not_used,fc38e7c1fd40d30358c96e486ddae675428216469a7e8b6f5ead0c86b97577b7,7b2ecab6ca167f00dfccdba08a628bfbc3b6c687935b7535d7ea36eec09c69ce,True,False
cga-review-replay-v1,C2,03,rfm,rfm_relu3,209,128,,,128,0.00035447603730887067,0.00035447603730887067,0.003808127048070129,,0.00013526727645975795,-24.523104431631594,-24.523458907668903,180,1.0507231526645035e-08,True,L-BFGS-B: CONVERGENCE: RELATIVE REDUCTION OF F <= FACTR*EPSMCH,0.19192658300016774,CG3072x8-d1,21b8e3fcf1ec52418e7e1d4f9e165ea4f049f7f10f630326cf259fda713bcc49,7.71460034050576e-06,7.71460034050576e-06,5.597365711314058e-10,,False,new_nested_rfm_coefficient_replay,,235b044d9c1788c1e3ccd228097884ecf1a038fe447d19f6248c43b90ba673ea,fbe4904d8be5f2979aa48d19d959400a573aec5543407e5edafbbf398eb19a0a,,,,data/raw/review_replay_20261001/models/C2_rfm_seed209_n128.npz,89687da67fcf69dcf2dfe38a6bd8c6c66f7c54f71bd478d92f064e2024855e5a,relative_H1,review_replay_20261001,True,none,True,none,False,not_applicable,not_used,fc38e7c1fd40d30358c96e486ddae675428216469a7e8b6f5ead0c86b97577b7,89687da67fcf69dcf2dfe38a6bd8c6c66f7c54f71bd478d92f064e2024855e5a,True,False
cga-review-replay-v1,C2,03,rfm,rfm_relu3,209,256,,,256,1.0146953286493954e-06,1.0146953286493954e-06,0.00020376577996046005,,2.6235808198578827e-06,-24.523457892973575,-24.523458907668903,400,1.607769645003984e-07,True,L-BFGS-B: STOP: TOTAL NO. OF ITERATIONS REACHED LIMIT,2.0145089170000574,CG3072x8-d1,21b8e3fcf1ec52418e7e1d4f9e165ea4f049f7f10f630326cf259fda713bcc49,0.0017207754885254138,0.0017207754885254138,1.3121347407529766e-09,,False,new_nested_rfm_coefficient_replay,,235b044d9c1788c1e3ccd228097884ecf1a038fe447d19f6248c43b90ba673ea,fbe4904d8be5f2979aa48d19d959400a573aec5543407e5edafbbf398eb19a0a,,,,data/raw/review_replay_20261001/models/C2_rfm_seed209_n256.npz,7891ecae4feb3035f2cc1af92e16197e53084ba50cc86107bfa66bf9fce45f46,relative_H1,review_replay_20261001,True,none,True,none,False,not_applicable,not_used,fc38e7c1fd40d30358c96e486ddae675428216469a7e8b6f5ead0c86b97577b7,7891ecae4feb3035f2cc1af92e16197e53084ba50cc86107bfa66bf9fce45f46,True,False
cga-review-replay-v1,C2,03,rfm,rfm_relu3,210,8,,,8,12.81881648740498,12.81881648740498,0.7242118839954046,,0.5011053104990768,-11.704642420263923,-24.523458907668903,11,9.068668644943372e-09,True,L-BFGS-B: CONVERGENCE: RELATIVE REDUCTION OF F <= FACTR*EPSMCH,0.011751707999792416,CG3072x8-d1,21b8e3fcf1ec52418e7e1d4f9e165ea4f049f7f10f630326cf259fda713bcc49,8.498753770869513e-13,8.498753770869513e-13,7.711033106852432e-14,,False,new_nested_rfm_coefficient_replay,,235b044d9c1788c1e3ccd228097884ecf1a038fe447d19f6248c43b90ba673ea,fbe4904d8be5f2979aa48d19d959400a573aec5543407e5edafbbf398eb19a0a,,,,data/raw/review_replay_20261001/models/C2_rfm_seed210_n8.npz,2d1b03dbb7f084acb55ce9b444190ca0b7c845b9037255a21832fdaedc8bc2f0,relative_H1,review_replay_20261001,True,none,True,none,False,not_applicable,not_used,fc38e7c1fd40d30358c96e486ddae675428216469a7e8b6f5ead0c86b97577b7,2d1b03dbb7f084acb55ce9b444190ca0b7c845b9037255a21832fdaedc8bc2f0,True,False
cga-review-replay-v1,C2,03,rfm,rfm_relu3,210,16,,,16,6.897869436845802,6.897869436845802,0.5312159988905847,,0.09374190391597385,-17.6255894708231,-24.523458907668903,9,4.1289667268779896e-11,True,L-BFGS-B: CONVERGENCE: NORM OF PROJECTED GRADIENT <= PGTOL,0.008787374998064479,CG3072x8-d1,21b8e3fcf1ec52418e7e1d4f9e165ea4f049f7f10f630326cf259fda713bcc49,4.484375926595763e-11,3.994277562671929e-11,4.484375926595763e-11,,False,new_nested_rfm_coefficient_replay,,235b044d9c1788c1e3ccd228097884ecf1a038fe447d19f6248c43b90ba673ea,fbe4904d8be5f2979aa48d19d959400a573aec5543407e5edafbbf398eb19a0a,,,,data/raw/review_replay_20261001/models/C2_rfm_seed210_n16.npz,0deaa7ac1a1097f5ae809b945a9b6c72301cf462f6e55c21c7b435cdbf654c8d,relative_H1,review_replay_20261001,True,none,True,none,False,not_applicable,not_used,fc38e7c1fd40d30358c96e486ddae675428216469a7e8b6f5ead0c86b97577b7,0deaa7ac1a1097f5ae809b945a9b6c72301cf462f6e55c21c7b435cdbf654c8d,True,False
cga-review-replay-v1,C2,03,rfm,rfm_relu3,210,32,,,32,2.4633184240873582,2.4633184240873582,0.31748211019648376,,0.056927038730223506,-22.060140483581545,-24.523458907668903,7,1.9055409482054986e-10,True,L-BFGS-B: CONVERGENCE: NORM OF PROJECTED GRADIENT <= PGTOL,0.010938999999780208,CG3072x8-d1,21b8e3fcf1ec52418e7e1d4f9e165ea4f049f7f10f630326cf259fda713bcc49,1.7488067308315339e-09,1.7488067308315339e-09,4.342146827790309e-10,,False,new_nested_rfm_coefficient_replay,,235b044d9c1788c1e3ccd228097884ecf1a038fe447d19f6248c43b90ba673ea,fbe4904d8be5f2979aa48d19d959400a573aec5543407e5edafbbf398eb19a0a,,,,data/raw/review_replay_20261001/models/C2_rfm_seed210_n32.npz,0a336d5865d4021cf03cd3d6678358e64c4f49113154a7a23be414ded22565eb,relative_H1,review_replay_20261001,True,none,True,none,False,not_applicable,not_used,fc38e7c1fd40d30358c96e486ddae675428216469a7e8b6f5ead0c86b97577b7,0a336d5865d4021cf03cd3d6678358e64c4f49113154a7a23be414ded22565eb,True,False
cga-review-replay-v1,C2,03,rfm,rfm_relu3,210,64,,,64,0.07708320795020285,0.07708320795020285,0.05615721240115967,,0.004311367866632768,-24.4463756997187,-24.523458907668903,19,5.7622040816494765e-09,True,L-BFGS-B: CONVERGENCE: RELATIVE REDUCTION OF F <= FACTR*EPSMCH,0.021333832999516744,CG3072x8-d1,21b8e3fcf1ec52418e7e1d4f9e165ea4f049f7f10f630326cf259fda713bcc49,7.197918699238389e-08,7.197918699238389e-08,2.466802482657631e-09,,False,new_nested_rfm_coefficient_replay,,235b044d9c1788c1e3ccd228097884ecf1a038fe447d19f6248c43b90ba673ea,fbe4904d8be5f2979aa48d19d959400a573aec5543407e5edafbbf398eb19a0a,,,,data/raw/review_replay_20261001/models/C2_rfm_seed210_n64.npz,e299d820e7a9dbfa0bf7c7f5e32161c45dabb44f66457ed23114bfad9d9f2307,relative_H1,review_replay_20261001,True,none,True,none,False,not_applicable,not_used,fc38e7c1fd40d30358c96e486ddae675428216469a7e8b6f5ead0c86b97577b7,e299d820e7a9dbfa0bf7c7f5e32161c45dabb44f66457ed23114bfad9d9f2307,True,False
cga-review-replay-v1,C2,03,rfm,rfm_relu3,210,128,,,128,0.00088666426488615,0.00088666426488615,0.006022886463084013,,0.00026572441873131953,-24.522572243404017,-24.523458907668903,90,1.4306040459747655e-08,True,L-BFGS-B: CONVERGENCE: RELATIVE REDUCTION OF F <= FACTR*EPSMCH,0.24729699999807053,CG3072x8-d1,21b8e3fcf1ec52418e7e1d4f9e165ea4f049f7f10f630326cf259fda713bcc49,2.4322664957284387e-06,2.4322664957284387e-06,1.6154878592327095e-08,,False,new_nested_rfm_coefficient_replay,,235b044d9c1788c1e3ccd228097884ecf1a038fe447d19f6248c43b90ba673ea,fbe4904d8be5f2979aa48d19d959400a573aec5543407e5edafbbf398eb19a0a,,,,data/raw/review_replay_20261001/models/C2_rfm_seed210_n128.npz,8501edf70d6b61179b22bf1d10dab5787bc0784c5334a2bb3b718404986e9797,relative_H1,review_replay_20261001,True,none,True,none,False,not_applicable,not_used,fc38e7c1fd40d30358c96e486ddae675428216469a7e8b6f5ead0c86b97577b7,8501edf70d6b61179b22bf1d10dab5787bc0784c5334a2bb3b718404986e9797,True,False
cga-review-replay-v1,C2,03,rfm,rfm_relu3,210,256,,,256,8.605363674973887e-07,8.605363674973887e-07,0.0001875751632983325,,2.326232989577576e-06,-24.523458047132536,-24.523458907668903,395,1.3095000448851554e-08,True,L-BFGS-B: CONVERGENCE: RELATIVE REDUCTION OF F <= FACTR*EPSMCH,1.804168832997675,CG3072x8-d1,21b8e3fcf1ec52418e7e1d4f9e165ea4f049f7f10f630326cf259fda713bcc49,0.0035217815328739037,0.0035217815328739037,9.415005616576732e-08,,False,new_nested_rfm_coefficient_replay,,235b044d9c1788c1e3ccd228097884ecf1a038fe447d19f6248c43b90ba673ea,fbe4904d8be5f2979aa48d19d959400a573aec5543407e5edafbbf398eb19a0a,,,,data/raw/review_replay_20261001/models/C2_rfm_seed210_n256.npz,cd451f7717b7fc3703cbcfccb388641d72f63cdfd501f99ecbd2c07fb9fb8cf1,relative_H1,review_replay_20261001,True,none,True,none,False,not_applicable,not_used,fc38e7c1fd40d30358c96e486ddae675428216469a7e8b6f5ead0c86b97577b7,cd451f7717b7fc3703cbcfccb388641d72f63cdfd501f99ecbd2c07fb9fb8cf1,True,False
cga-review-replay-v1,C3,06,rfm,rfm_relu3,201,8,,,8,9.445502745552764,9.445502745552764,0.9712499542595451,,1.0942720812956708,-0.5673710808853678,-10.012873826438131,4,1.1993116206699533e-09,True,L-BFGS-B: CONVERGENCE: NORM OF PROJECTED GRADIENT <= PGTOL,0.037308582999685314,CG80x3-d2,599581f601cc019af5d55e28f70f46e87c3cdb7c2aea2307e39429b21556b65b,2.554725663395993e-09,1.3533181601956647e-10,2.554725663395993e-09,,False,new_nested_rfm_coefficient_replay,,81c87de48137dedc13f2fa6e3c3295210c7791fc9b74889812acb12af85c3c35,fbe4904d8be5f2979aa48d19d959400a573aec5543407e5edafbbf398eb19a0a,,,,data/raw/review_replay_20261001/models/C3_rfm_seed201_n8.npz,dc84dbd20a464997c525b70982f9a615242345890f6d33aa3b68ae3b5a0bba81,relative_H1,review_replay_20261001,True,none,True,none,False,not_applicable,not_used,fc38e7c1fd40d30358c96e486ddae675428216469a7e8b6f5ead0c86b97577b7,dc84dbd20a464997c525b70982f9a615242345890f6d33aa3b68ae3b5a0bba81,True,False
cga-review-replay-v1,C3,06,rfm,rfm_relu3,201,16,,,16,4.844582639850707,4.844582639850707,0.6955203480953689,,0.8643495818609087,-5.168291186587425,-10.012873826438131,6,4.630915814439687e-09,True,L-BFGS-B: CONVERGENCE: RELATIVE REDUCTION OF F <= FACTR*EPSMCH,0.04499437499907799,CG80x3-d2,599581f601cc019af5d55e28f70f46e87c3cdb7c2aea2307e39429b21556b65b,2.790498477177111e-08,2.790498477177111e-08,1.8722733804974374e-09,,False,new_nested_rfm_coefficient_replay,,81c87de48137dedc13f2fa6e3c3295210c7791fc9b74889812acb12af85c3c35,fbe4904d8be5f2979aa48d19d959400a573aec5543407e5edafbbf398eb19a0a,,,,data/raw/review_replay_20261001/models/C3_rfm_seed201_n16.npz,546bd39e143f22d15854c30dc71dd1aa4f0b6a15404b3687425c4a36ce7dd1b7,relative_H1,review_replay_20261001,True,none,True,none,False,not_applicable,not_used,fc38e7c1fd40d30358c96e486ddae675428216469a7e8b6f5ead0c86b97577b7,546bd39e143f22d15854c30dc71dd1aa4f0b6a15404b3687425c4a36ce7dd1b7,True,False
cga-review-replay-v1,C3,06,rfm,rfm_relu3,201,32,,,32,0.3545327713738864,0.3545327713738864,0.18828625843723204,,0.10722131203464312,-9.658341055064245,-10.012873826438131,7,3.137803433729262e-09,True,L-BFGS-B: CONVERGENCE: RELATIVE REDUCTION OF F <= FACTR*EPSMCH,0.11065849999795319,CG80x3-d2,599581f601cc019af5d55e28f70f46e87c3cdb7c2aea2307e39429b21556b65b,6.60937816153192e-07,6.60937816153192e-07,2.921142898351893e-07,,False,new_nested_rfm_coefficient_replay,,81c87de48137dedc13f2fa6e3c3295210c7791fc9b74889812acb12af85c3c35,fbe4904d8be5f2979aa48d19d959400a573aec5543407e5edafbbf398eb19a0a,,,,data/raw/review_replay_20261001/models/C3_rfm_seed201_n32.npz,6840af519db2ae4ab14f8d0518d23483971e09f486979a62e04d9e62782021f7,relative_H1,review_replay_20261001,True,none,True,none,False,not_applicable,not_used,fc38e7c1fd40d30358c96e486ddae675428216469a7e8b6f5ead0c86b97577b7,6840af519db2ae4ab14f8d0518d23483971e09f486979a62e04d9e62782021f7,True,False
cga-review-replay-v1,C3,06,rfm,rfm_relu3,201,64,,,64,0.03066327481464981,0.03066327481464981,0.05538272163218136,,0.021445848464278935,-9.982210551623481,-10.012873826438131,5,1.6547657101642118e-08,True,L-BFGS-B: CONVERGENCE: RELATIVE REDUCTION OF F <= FACTR*EPSMCH,0.18136691600011545,CG80x3-d2,599581f601cc019af5d55e28f70f46e87c3cdb7c2aea2307e39429b21556b65b,1.6686526825264893e-05,1.6686526825264893e-05,7.512396294680293e-09,,False,new_nested_rfm_coefficient_replay,,81c87de48137dedc13f2fa6e3c3295210c7791fc9b74889812acb12af85c3c35,fbe4904d8be5f2979aa48d19d959400a573aec5543407e5edafbbf398eb19a0a,,,,data/raw/review_replay_20261001/models/C3_rfm_seed201_n64.npz,e536ee3f129d51f2c94f00e856433271d705f4438b81784909fbb94ee3ac5052,relative_H1,review_replay_20261001,True,none,True,none,False,not_applicable,not_used,fc38e7c1fd40d30358c96e486ddae675428216469a7e8b6f5ead0c86b97577b7,e536ee3f129d51f2c94f00e856433271d705f4438b81784909fbb94ee3ac5052,True,False
cga-review-replay-v1,C3,06,rfm,rfm_relu3,201,128,,,128,0.007596090353338525,0.007596090353338525,0.02756629991444843,,0.008612608382961722,-10.005277736084793,-10.012873826438131,17,6.166688024199253e-08,True,L-BFGS-B: CONVERGENCE: RELATIVE REDUCTION OF F <= FACTR*EPSMCH,0.71634320800149,CG80x3-d2,599581f601cc019af5d55e28f70f46e87c3cdb7c2aea2307e39429b21556b65b,0.00015398910312242249,0.00015398910312242249,5.840929032702918e-07,,False,new_nested_rfm_coefficient_replay,,81c87de48137dedc13f2fa6e3c3295210c7791fc9b74889812acb12af85c3c35,fbe4904d8be5f2979aa48d19d959400a573aec5543407e5edafbbf398eb19a0a,,,,data/raw/review_replay_20261001/models/C3_rfm_seed201_n128.npz,c97ad62660eb2cad65a9e1afb76112b94e4a950d5bd7d6414e77722b2747b275,relative_H1,review_replay_20261001,True,none,True,none,False,not_applicable,not_used,fc38e7c1fd40d30358c96e486ddae675428216469a7e8b6f5ead0c86b97577b7,c97ad62660eb2cad65a9e1afb76112b94e4a950d5bd7d6414e77722b2747b275,True,False
cga-review-replay-v1,C3,06,rfm,rfm_relu3,201,256,,,256,0.0015241415284208415,0.0015241415284208415,0.012348625852306205,,0.002831698381116442,-10.01134968490971,-10.012873826438131,24,1.69353834824029e-08,True,L-BFGS-B: CONVERGENCE: RELATIVE REDUCTION OF F <= FACTR*EPSMCH,2.7290394170013315,CG80x3-d2,599581f601cc019af5d55e28f70f46e87c3cdb7c2aea2307e39429b21556b65b,0.00013710804452525356,0.00013710804452525356,2.191355272709369e-06,,False,new_nested_rfm_coefficient_replay,,81c87de48137dedc13f2fa6e3c3295210c7791fc9b74889812acb12af85c3c35,fbe4904d8be5f2979aa48d19d959400a573aec5543407e5edafbbf398eb19a0a,,,,data/raw/review_replay_20261001/models/C3_rfm_seed201_n256.npz,7b8e866d4c80e3c5cd7a89b3b11aa11647d1ca02b4f78678170bdf2558ae5ebe,relative_H1,review_replay_20261001,True,none,True,none,False,not_applicable,not_used,fc38e7c1fd40d30358c96e486ddae675428216469a7e8b6f5ead0c86b97577b7,7b8e866d4c80e3c5cd7a89b3b11aa11647d1ca02b4f78678170bdf2558ae5ebe,True,False
cga-review-replay-v1,C3,06,rfm,rfm_relu3,201,512,,,512,5.1263826101433096e-05,5.1263826101433096e-05,0.0022649211411678817,,0.0003268455929236011,-10.012822562612033,-10.012873826438135,143,3.8889337327565696e-08,True,L-BFGS-B: CONVERGENCE: RELATIVE REDUCTION OF F <= FACTR*EPSMCH,23.169501290998596,CG128x4-d2,b418bfbdc1a479acc246606170341f14284e7e2b3acfc821d242d7523004d65b,0.0025835418878073666,0.0025835418878073666,4.1654766910947946e-05,,False,new_nested_rfm_coefficient_replay,,81c87de48137dedc13f2fa6e3c3295210c7791fc9b74889812acb12af85c3c35,fbe4904d8be5f2979aa48d19d959400a573aec5543407e5edafbbf398eb19a0a,,,,data/raw/review_replay_20261001/models/C3_rfm_seed201_n512.npz,af17b135f7c6bc098eb4f1a696706141782c34b99d23a42088bc4a9551693a68,relative_H1,review_replay_20261001,True,none,True,none,False,not_applicable,not_used,fc38e7c1fd40d30358c96e486ddae675428216469a7e8b6f5ead0c86b97577b7,af17b135f7c6bc098eb4f1a696706141782c34b99d23a42088bc4a9551693a68,True,False
cga-review-replay-v1,C3,06,rfm,rfm_relu3,202,8,,,8,8.259502134618932,8.259502134618932,0.9080202534046343,,1.2435938584215296,-1.7533716918191988,-10.012873826438131,6,3.185822259449683e-12,True,L-BFGS-B: CONVERGENCE: NORM OF PROJECTED GRADIENT <= PGTOL,0.043474667003465584,CG80x3-d2,599581f601cc019af5d55e28f70f46e87c3cdb7c2aea2307e39429b21556b65b,1.5689354664972895e-07,1.5689354664972895e-07,6.027084521670366e-08,,False,new_nested_rfm_coefficient_replay,,81c87de48137dedc13f2fa6e3c3295210c7791fc9b74889812acb12af85c3c35,fbe4904d8be5f2979aa48d19d959400a573aec5543407e5edafbbf398eb19a0a,,,,data/raw/review_replay_20261001/models/C3_rfm_seed202_n8.npz,e40b512f4d88565c5353943c89b01addbf2353e69f2961dd9eaf112123fb846c,relative_H1,review_replay_20261001,True,none,True,none,False,not_applicable,not_used,fc38e7c1fd40d30358c96e486ddae675428216469a7e8b6f5ead0c86b97577b7,e40b512f4d88565c5353943c89b01addbf2353e69f2961dd9eaf112123fb846c,True,False
cga-review-replay-v1,C3,06,rfm,rfm_relu3,202,16,,,16,6.212387966448735,6.212387966448735,0.7876299196466997,,0.9759636726206433,-3.8004858599893963,-10.012873826438131,6,1.1062994112055138e-09,True,L-BFGS-B: CONVERGENCE: RELATIVE REDUCTION OF F <= FACTR*EPSMCH,0.046451083002466476,CG80x3-d2,599581f601cc019af5d55e28f70f46e87c3cdb7c2aea2307e39429b21556b65b,9.786688319313872e-07,9.786688319313872e-07,4.1790151368656503e-07,,False,new_nested_rfm_coefficient_replay,,81c87de48137dedc13f2fa6e3c3295210c7791fc9b74889812acb12af85c3c35,fbe4904d8be5f2979aa48d19d959400a573aec5543407e5edafbbf398eb19a0a,,,,data/raw/review_replay_20261001/models/C3_rfm_seed202_n16.npz,ea3d6527e2214071e8050d289d2c01dc37b86c795d99d213a7c6f61740160575,relative_H1,review_replay_20261001,True,none,True,none,False,not_applicable,not_used,fc38e7c1fd40d30358c96e486ddae675428216469a7e8b6f5ead0c86b97577b7,ea3d6527e2214071e8050d289d2c01dc37b86c795d99d213a7c6f61740160575,True,False
cga-review-replay-v1,C3,06,rfm,rfm_relu3,202,32,,,32,1.8343265950906869,1.8343265950906869,0.42824476334012984,,0.28035030594454763,-8.178547231347444,-10.012873826438131,7,2.3165964459567253e-11,True,L-BFGS-B: CONVERGENCE: NORM OF PROJECTED GRADIENT <= PGTOL,0.07464887499736506,CG80x3-d2,599581f601cc019af5d55e28f70f46e87c3cdb7c2aea2307e39429b21556b65b,9.045500840922692e-07,9.045500840922692e-07,2.885325917091679e-07,,False,new_nested_rfm_coefficient_replay,,81c87de48137dedc13f2fa6e3c3295210c7791fc9b74889812acb12af85c3c35,fbe4904d8be5f2979aa48d19d959400a573aec5543407e5edafbbf398eb19a0a,,,,data/raw/review_replay_20261001/models/C3_rfm_seed202_n32.npz,aade6945e453af35ceee7b2b8153386b723bf4cddf35bc8f9b9065c2a7dc4727,relative_H1,review_replay_20261001,True,none,True,none,False,not_applicable,not_used,fc38e7c1fd40d30358c96e486ddae675428216469a7e8b6f5ead0c86b97577b7,aade6945e453af35ceee7b2b8153386b723bf4cddf35bc8f9b9065c2a7dc4727,True,False
cga-review-replay-v1,C3,06,rfm,rfm_relu3,202,64,,,64,0.0804883103460341,0.0804883103460341,0.08972280070725093,,0.03865361248620599,-9.932385516092097,-10.012873826438131,6,1.4280750423758116e-10,True,L-BFGS-B: CONVERGENCE: NORM OF PROJECTED GRADIENT <= PGTOL,0.13114304200280458,CG80x3-d2,599581f601cc019af5d55e28f70f46e87c3cdb7c2aea2307e39429b21556b65b,3.983554985747874e-06,3.983554985747874e-06,2.761616315522952e-07,,False,new_nested_rfm_coefficient_replay,,81c87de48137dedc13f2fa6e3c3295210c7791fc9b74889812acb12af85c3c35,fbe4904d8be5f2979aa48d19d959400a573aec5543407e5edafbbf398eb19a0a,,,,data/raw/review_replay_20261001/models/C3_rfm_seed202_n64.npz,0ee5ec82f22e4add37d3a0df0271ce3e1eb88a355cade3a5695094dd4bcc8269,relative_H1,review_replay_20261001,True,none,True,none,False,not_applicable,not_used,fc38e7c1fd40d30358c96e486ddae675428216469a7e8b6f5ead0c86b97577b7,0ee5ec82f22e4add37d3a0df0271ce3e1eb88a355cade3a5695094dd4bcc8269,True,False
cga-review-replay-v1,C3,06,rfm,rfm_relu3,202,128,,,128,0.004867698561394462,0.004867698561394462,0.022066975777130224,,0.006374213443894779,-10.008006127876737,-10.012873826438131,30,5.606038944239064e-10,True,L-BFGS-B: CONVERGENCE: NORM OF PROJECTED GRADIENT <= PGTOL,0.6384769169999345,CG80x3-d2,599581f601cc019af5d55e28f70f46e87c3cdb7c2aea2307e39429b21556b65b,8.477334660060981e-05,8.477334660060981e-05,1.5065286392183775e-06,,False,new_nested_rfm_coefficient_replay,,81c87de48137dedc13f2fa6e3c3295210c7791fc9b74889812acb12af85c3c35,fbe4904d8be5f2979aa48d19d959400a573aec5543407e5edafbbf398eb19a0a,,,,data/raw/review_replay_20261001/models/C3_rfm_seed202_n128.npz,92cc5cbc32c1bee1ef557f2213f0a2993c5a54496abacfc2f4dac9650db0dd35,relative_H1,review_replay_20261001,True,none,True,none,False,not_applicable,not_used,fc38e7c1fd40d30358c96e486ddae675428216469a7e8b6f5ead0c86b97577b7,92cc5cbc32c1bee1ef557f2213f0a2993c5a54496abacfc2f4dac9650db0dd35,True,False
cga-review-replay-v1,C3,06,rfm,rfm_relu3,202,256,,,256,0.0007145362394318511,0.0007145362394318511,0.008453801323487579,,0.0018157835416985383,-10.0121592901987,-10.012873826438131,44,1.4711438398824998e-08,True,L-BFGS-B: CONVERGENCE: RELATIVE REDUCTION OF F <= FACTR*EPSMCH,2.4504382500017527,CG80x3-d2,599581f601cc019af5d55e28f70f46e87c3cdb7c2aea2307e39429b21556b65b,1.774223729658391e-05,1.774223729658391e-05,1.5179620889752649e-06,,False,new_nested_rfm_coefficient_replay,,81c87de48137dedc13f2fa6e3c3295210c7791fc9b74889812acb12af85c3c35,fbe4904d8be5f2979aa48d19d959400a573aec5543407e5edafbbf398eb19a0a,,,,data/raw/review_replay_20261001/models/C3_rfm_seed202_n256.npz,3edd1b38483c597630af48bef8ae844d959282107e10323a96e8ef77a8c72c25,relative_H1,review_replay_20261001,True,none,True,none,False,not_applicable,not_used,fc38e7c1fd40d30358c96e486ddae675428216469a7e8b6f5ead0c86b97577b7,3edd1b38483c597630af48bef8ae844d959282107e10323a96e8ef77a8c72c25,True,False
cga-review-replay-v1,C3,06,rfm,rfm_relu3,202,512,,,512,7.945977449708153e-05,7.945977449708153e-05,0.0028199841441140915,,0.0004479532234253986,-10.012794366663634,-10.012873826438131,331,1.812164428260615e-07,True,L-BFGS-B: CONVERGENCE: RELATIVE REDUCTION OF F <= FACTR*EPSMCH,34.04086599999937,CG80x3-d2,599581f601cc019af5d55e28f70f46e87c3cdb7c2aea2307e39429b21556b65b,0.008385422266849067,0.008385422266849067,0.0001027703383302526,,False,new_nested_rfm_coefficient_replay,,81c87de48137dedc13f2fa6e3c3295210c7791fc9b74889812acb12af85c3c35,fbe4904d8be5f2979aa48d19d959400a573aec5543407e5edafbbf398eb19a0a,,,,data/raw/review_replay_20261001/models/C3_rfm_seed202_n512.npz,0fb34d34aca7499596e4ecfd63286688a60b5f990b5662947306965b8537c792,relative_H1,review_replay_20261001,True,none,True,none,False,not_applicable,not_used,fc38e7c1fd40d30358c96e486ddae675428216469a7e8b6f5ead0c86b97577b7,0fb34d34aca7499596e4ecfd63286688a60b5f990b5662947306965b8537c792,True,False
cga-review-replay-v1,C3,06,rfm,rfm_relu3,203,8,,,8,8.914741212721026,8.914741212721026,0.9436045484778688,,0.9944092496834515,-1.0981326137171061,-10.012873826438131,5,3.605990547052205e-11,True,L-BFGS-B: CONVERGENCE: NORM OF PROJECTED GRADIENT <= PGTOL,0.036366000000271015,CG80x3-d2,599581f601cc019af5d55e28f70f46e87c3cdb7c2aea2307e39429b21556b65b,6.895334181728438e-10,3.2038078541645625e-10,6.895334181728438e-10,,False,new_nested_rfm_coefficient_replay,,81c87de48137dedc13f2fa6e3c3295210c7791fc9b74889812acb12af85c3c35,fbe4904d8be5f2979aa48d19d959400a573aec5543407e5edafbbf398eb19a0a,,,,data/raw/review_replay_20261001/models/C3_rfm_seed203_n8.npz,6c204082c0a234aa8a08cf236db3a48d17dff190c51eb6d7c743078d0b60818b,relative_H1,review_replay_20261001,True,none,True,none,False,not_applicable,not_used,fc38e7c1fd40d30358c96e486ddae675428216469a7e8b6f5ead0c86b97577b7,6c204082c0a234aa8a08cf236db3a48d17dff190c51eb6d7c743078d0b60818b,True,False
cga-review-replay-v1,C3,06,rfm,rfm_relu3,203,16,,,16,4.847109793390899,4.847109793390899,0.6959533528944664,,0.5979149650796403,-5.165764033047232,-10.012873826438131,6,1.0727796072175498e-10,True,L-BFGS-B: CONVERGENCE: NORM OF PROJECTED GRADIENT <= PGTOL,0.04342091700164019,CG80x3-d2,599581f601cc019af5d55e28f70f46e87c3cdb7c2aea2307e39429b21556b65b,1.8530912270069666e-08,1.8530912270069666e-08,4.212014951261234e-09,,False,new_nested_rfm_coefficient_replay,,81c87de48137dedc13f2fa6e3c3295210c7791fc9b74889812acb12af85c3c35,fbe4904d8be5f2979aa48d19d959400a573aec5543407e5edafbbf398eb19a0a,,,,data/raw/review_replay_20261001/models/C3_rfm_seed203_n16.npz,558a6cfa6341360fada14d6c47de0141fcbc6a5c11be42cf6116d019fe983c35,relative_H1,review_replay_20261001,True,none,True,none,False,not_applicable,not_used,fc38e7c1fd40d30358c96e486ddae675428216469a7e8b6f5ead0c86b97577b7,558a6cfa6341360fada14d6c47de0141fcbc6a5c11be42cf6116d019fe983c35,True,False
cga-review-replay-v1,C3,06,rfm,rfm_relu3,203,32,,,32,1.3907065638788332,1.3907065638788332,0.3728999179577011,,0.2431728252965624,-8.622167262559298,-10.012873826438131,6,1.0331680840170624e-09,True,L-BFGS-B: CONVERGENCE: NORM OF PROJECTED GRADIENT <= PGTOL,0.09664941700248164,CG80x3-d2,599581f601cc019af5d55e28f70f46e87c3cdb7c2aea2307e39429b21556b65b,3.247568566480588e-07,3.247568566480588e-07,1.2969598305594552e-08,,False,new_nested_rfm_coefficient_replay,,81c87de48137dedc13f2fa6e3c3295210c7791fc9b74889812acb12af85c3c35,fbe4904d8be5f2979aa48d19d959400a573aec5543407e5edafbbf398eb19a0a,,,,data/raw/review_replay_20261001/models/C3_rfm_seed203_n32.npz,1bf9459976e35d40689ebd318c9615294f1922cc921677106690d8c583539cb3,relative_H1,review_replay_20261001,True,none,True,none,False,not_applicable,not_used,fc38e7c1fd40d30358c96e486ddae675428216469a7e8b6f5ead0c86b97577b7,1bf9459976e35d40689ebd318c9615294f1922cc921677106690d8c583539cb3,True,False
cga-review-replay-v1,C3,06,rfm,rfm_relu3,203,64,,,64,0.14934982174200329,0.14934982174200329,0.122224073958668,,0.05680701676374741,-9.863524004696128,-10.012873826438131,9,7.423802692034172e-09,True,L-BFGS-B: CONVERGENCE: RELATIVE REDUCTION OF F <= FACTR*EPSMCH,0.40143512500071665,CG80x3-d2,599581f601cc019af5d55e28f70f46e87c3cdb7c2aea2307e39429b21556b65b,1.2851192459221143e-05,1.2851192459221143e-05,7.235036370806381e-07,,False,new_nested_rfm_coefficient_replay,,81c87de48137dedc13f2fa6e3c3295210c7791fc9b74889812acb12af85c3c35,fbe4904d8be5f2979aa48d19d959400a573aec5543407e5edafbbf398eb19a0a,,,,data/raw/review_replay_20261001/models/C3_rfm_seed203_n64.npz,6e23badec9aa9941be3be554e3be74ef992c5ba9b745c38d4ddb9c0b7d99a7a7,relative_H1,review_replay_20261001,True,none,True,none,False,not_applicable,not_used,fc38e7c1fd40d30358c96e486ddae675428216469a7e8b6f5ead0c86b97577b7,6e23badec9aa9941be3be554e3be74ef992c5ba9b745c38d4ddb9c0b7d99a7a7,True,False
cga-review-replay-v1,C3,06,rfm,rfm_relu3,203,128,,,128,0.015826423257912836,0.015826423257912836,0.03978972215624483,,0.013811256126284734,-9.997047403180218,-10.012873826438131,34,2.1499161023286606e-09,True,L-BFGS-B: CONVERGENCE: RELATIVE REDUCTION OF F <= FACTR*EPSMCH,0.8454159169996274,CG80x3-d2,599581f601cc019af5d55e28f70f46e87c3cdb7c2aea2307e39429b21556b65b,0.0002505794022298415,0.0002505794022298415,8.467174968292254e-05,,False,new_nested_rfm_coefficient_replay,,81c87de48137dedc13f2fa6e3c3295210c7791fc9b74889812acb12af85c3c35,fbe4904d8be5f2979aa48d19d959400a573aec5543407e5edafbbf398eb19a0a,,,,data/raw/review_replay_20261001/models/C3_rfm_seed203_n128.npz,b2fb838c13f087f0210a68d88512890f55b4b583882741d0de296239787ba0b8,relative_H1,review_replay_20261001,True,none,True,none,False,not_applicable,not_used,fc38e7c1fd40d30358c96e486ddae675428216469a7e8b6f5ead0c86b97577b7,b2fb838c13f087f0210a68d88512890f55b4b583882741d0de296239787ba0b8,True,False
cga-review-replay-v1,C3,06,rfm,rfm_relu3,203,256,,,256,0.0003586573186229458,0.0003586573186229458,0.0059954504852802225,,0.0012747685167183542,-10.012515169119508,-10.012873826438131,108,4.98252719998199e-09,True,L-BFGS-B: CONVERGENCE: RELATIVE REDUCTION OF F <= FACTR*EPSMCH; Newton-CG: Optimization terminated successfully.,5.199690125002235,CG80x3-d2,599581f601cc019af5d55e28f70f46e87c3cdb7c2aea2307e39429b21556b65b,0.005859914658534815,0.005859914658534815,0.0008644622675005464,,False,new_nested_rfm_coefficient_replay,,81c87de48137dedc13f2fa6e3c3295210c7791fc9b74889812acb12af85c3c35,fbe4904d8be5f2979aa48d19d959400a573aec5543407e5edafbbf398eb19a0a,,,,data/raw/review_replay_20261001/models/C3_rfm_seed203_n256.npz,3d2f1b87f73f389c816de97d5273ab1ce340e33e53d3295e2e921e75086c631f,relative_H1,review_replay_20261001,True,none,True,none,False,not_applicable,matrix_free,fc38e7c1fd40d30358c96e486ddae675428216469a7e8b6f5ead0c86b97577b7,3d2f1b87f73f389c816de97d5273ab1ce340e33e53d3295e2e921e75086c631f,True,False
cga-review-replay-v1,C3,06,rfm,rfm_relu3,203,512,,,512,4.7995777995524236e-05,4.7995777995524236e-05,0.002191426160199928,,0.00030200218593332223,-10.01282583066013,-10.012873826438126,420,6.379864530464947e-09,True,L-BFGS-B: STOP: TOTAL NO. OF ITERATIONS REACHED LIMIT; Newton-CG: Optimization terminated successfully.,151.9910994999991,CG192x4-d2,fd25921a2d114ee698b68f3913d50877f3c9d34661accee4b9456b9f9ca7756c,0.00046612990826270265,0.00046612990826270265,0.00023166932798686197,,False,new_nested_rfm_coefficient_replay,,81c87de48137dedc13f2fa6e3c3295210c7791fc9b74889812acb12af85c3c35,fbe4904d8be5f2979aa48d19d959400a573aec5543407e5edafbbf398eb19a0a,,,,data/raw/review_replay_20261001/models/C3_rfm_seed203_n512.npz,2b7dc3ce1152c17d69ac86d976bbf08b54ed3f538014a18de94bea23ed682a84,relative_H1,review_replay_20261001,True,none,True,none,False,not_applicable,matrix_free,fc38e7c1fd40d30358c96e486ddae675428216469a7e8b6f5ead0c86b97577b7,2b7dc3ce1152c17d69ac86d976bbf08b54ed3f538014a18de94bea23ed682a84,True,False
cga-review-replay-v1,C3,06,rfm,rfm_relu3,204,8,,,8,8.401442122596997,8.401442122596997,0.9160096210943857,,1.004422505725769,-1.6114317038411348,-10.012873826438131,5,9.065719603679446e-09,True,L-BFGS-B: CONVERGENCE: RELATIVE REDUCTION OF F <= FACTR*EPSMCH,0.05040416599877062,CG80x3-d2,599581f601cc019af5d55e28f70f46e87c3cdb7c2aea2307e39429b21556b65b,6.19484838971184e-09,5.547757193951946e-09,6.19484838971184e-09,,False,new_nested_rfm_coefficient_replay,,81c87de48137dedc13f2fa6e3c3295210c7791fc9b74889812acb12af85c3c35,fbe4904d8be5f2979aa48d19d959400a573aec5543407e5edafbbf398eb19a0a,,,,data/raw/review_replay_20261001/models/C3_rfm_seed204_n8.npz,bf46583f77f644fa19355b0b28c7578f2dd62d095df34e1efa6e8864c013a3cd,relative_H1,review_replay_20261001,True,none,True,none,False,not_applicable,not_used,fc38e7c1fd40d30358c96e486ddae675428216469a7e8b6f5ead0c86b97577b7,bf46583f77f644fa19355b0b28c7578f2dd62d095df34e1efa6e8864c013a3cd,True,False
cga-review-replay-v1,C3,06,rfm,rfm_relu3,204,16,,,16,3.8621189183621203,3.8621189183621203,0.6197180262631028,,1.4044001338456586,-6.150754908076011,-10.012873826438131,7,5.0583632633347946e-11,True,L-BFGS-B: CONVERGENCE: NORM OF PROJECTED GRADIENT <= PGTOL,0.04961870899933274,CG80x3-d2,599581f601cc019af5d55e28f70f46e87c3cdb7c2aea2307e39429b21556b65b,1.4027864549639743e-07,1.4027864549639743e-07,6.489024941794441e-08,,False,new_nested_rfm_coefficient_replay,,81c87de48137dedc13f2fa6e3c3295210c7791fc9b74889812acb12af85c3c35,fbe4904d8be5f2979aa48d19d959400a573aec5543407e5edafbbf398eb19a0a,,,,data/raw/review_replay_20261001/models/C3_rfm_seed204_n16.npz,4c7503addf339b37c756ca320da89966eacf40051da8a3e0586c3ab261e83573,relative_H1,review_replay_20261001,True,none,True,none,False,not_applicable,not_used,fc38e7c1fd40d30358c96e486ddae675428216469a7e8b6f5ead0c86b97577b7,4c7503addf339b37c756ca320da89966eacf40051da8a3e0586c3ab261e83573,True,False
cga-review-replay-v1,C3,06,rfm,rfm_relu3,204,32,,,32,0.4825983960568685,0.4825983960568685,0.2196551872735391,,0.13013501589686788,-9.530275430381263,-10.012873826438131,6,4.230179695167005e-10,True,L-BFGS-B: CONVERGENCE: NORM OF PROJECTED GRADIENT <= PGTOL,0.0842247500004305,CG80x3-d2,599581f601cc019af5d55e28f70f46e87c3cdb7c2aea2307e39429b21556b65b,2.143534308866354e-07,2.143534308866354e-07,9.816193680741741e-08,,False,new_nested_rfm_coefficient_replay,,81c87de48137dedc13f2fa6e3c3295210c7791fc9b74889812acb12af85c3c35,fbe4904d8be5f2979aa48d19d959400a573aec5543407e5edafbbf398eb19a0a,,,,data/raw/review_replay_20261001/models/C3_rfm_seed204_n32.npz,5a69d1de57d5287e472a360186e03281e814eaac943db61e9eeee1027963f800,relative_H1,review_replay_20261001,True,none,True,none,False,not_applicable,not_used,fc38e7c1fd40d30358c96e486ddae675428216469a7e8b6f5ead0c86b97577b7,5a69d1de57d5287e472a360186e03281e814eaac943db61e9eeee1027963f800,True,False
cga-review-replay-v1,C3,06,rfm,rfm_relu3,204,64,,,64,0.038246252843364914,0.038246252843364914,0.06184889195434834,,0.02648853019809835,-9.974627573594766,-10.012873826438131,5,1.0539244847508511e-08,True,L-BFGS-B: CONVERGENCE: RELATIVE REDUCTION OF F <= FACTR*EPSMCH,0.3613059589988552,CG80x3-d2,599581f601cc019af5d55e28f70f46e87c3cdb7c2aea2307e39429b21556b65b,1.0398245434484913e-05,1.0398245434484913e-05,7.639341019938998e-07,,False,new_nested_rfm_coefficient_replay,,81c87de48137dedc13f2fa6e3c3295210c7791fc9b74889812acb12af85c3c35,fbe4904d8be5f2979aa48d19d959400a573aec5543407e5edafbbf398eb19a0a,,,,data/raw/review_replay_20261001/models/C3_rfm_seed204_n64.npz,f0c165bbb22068541d68109129fcdd90272796ef4fa71ea38a42b8589bb83cf4,relative_H1,review_replay_20261001,True,none,True,none,False,not_applicable,not_used,fc38e7c1fd40d30358c96e486ddae675428216469a7e8b6f5ead0c86b97577b7,f0c165bbb22068541d68109129fcdd90272796ef4fa71ea38a42b8589bb83cf4,True,False
cga-review-replay-v1,C3,06,rfm,rfm_relu3,204,128,,,128,0.0032190351630774217,0.0032190351630774217,0.017945179938604425,,0.005000485068395496,-10.009654791275054,-10.012873826438131,23,3.217098134149807e-09,True,L-BFGS-B: CONVERGENCE: RELATIVE REDUCTION OF F <= FACTR*EPSMCH,0.9524806670015096,CG80x3-d2,599581f601cc019af5d55e28f70f46e87c3cdb7c2aea2307e39429b21556b65b,0.0003585102790841671,0.0003585102790841671,8.051295153561522e-06,,False,new_nested_rfm_coefficient_replay,,81c87de48137dedc13f2fa6e3c3295210c7791fc9b74889812acb12af85c3c35,fbe4904d8be5f2979aa48d19d959400a573aec5543407e5edafbbf398eb19a0a,,,,data/raw/review_replay_20261001/models/C3_rfm_seed204_n128.npz,f065cfed89406570ee1489a5f47a0b38012dc7669a02797d516d4d2d7fea530c,relative_H1,review_replay_20261001,True,none,True,none,False,not_applicable,not_used,fc38e7c1fd40d30358c96e486ddae675428216469a7e8b6f5ead0c86b97577b7,f065cfed89406570ee1489a5f47a0b38012dc7669a02797d516d4d2d7fea530c,True,False
cga-review-replay-v1,C3,06,rfm,rfm_relu3,204,256,,,256,0.00041686957458964,0.00041686957458964,0.006457077819828652,,0.001333573166073671,-10.012456956863542,-10.012873826438131,45,2.5533262607343285e-08,True,L-BFGS-B: CONVERGENCE: RELATIVE REDUCTION OF F <= FACTR*EPSMCH,4.028458707998652,CG80x3-d2,599581f601cc019af5d55e28f70f46e87c3cdb7c2aea2307e39429b21556b65b,8.877411914133036e-05,8.877411914133036e-05,1.1698716330417174e-05,,False,new_nested_rfm_coefficient_replay,,81c87de48137dedc13f2fa6e3c3295210c7791fc9b74889812acb12af85c3c35,fbe4904d8be5f2979aa48d19d959400a573aec5543407e5edafbbf398eb19a0a,,,,data/raw/review_replay_20261001/models/C3_rfm_seed204_n256.npz,292a6e09f283837249a4a6b65aa776ce1ef2a9f3b3d7a7f36552e1df7684511b,relative_H1,review_replay_20261001,True,none,True,none,False,not_applicable,not_used,fc38e7c1fd40d30358c96e486ddae675428216469a7e8b6f5ead0c86b97577b7,292a6e09f283837249a4a6b65aa776ce1ef2a9f3b3d7a7f36552e1df7684511b,True,False
cga-review-replay-v1,C3,06,rfm,rfm_relu3,204,512,,,512,7.347098419252518e-05,7.347098419252518e-05,0.002710358055566499,,0.0003166509976697944,-10.012800355453933,-10.012873826438126,402,2.6601443504442953e-10,True,L-BFGS-B: STOP: TOTAL NO. OF ITERATIONS REACHED LIMIT; Newton-CG: Optimization terminated successfully.,75.99799308300135,CG192x4-d2,fd25921a2d114ee698b68f3913d50877f3c9d34661accee4b9456b9f9ca7756c,0.030657725452922096,0.030657725452922096,0.014086470174575167,,False,new_nested_rfm_coefficient_replay,,81c87de48137dedc13f2fa6e3c3295210c7791fc9b74889812acb12af85c3c35,fbe4904d8be5f2979aa48d19d959400a573aec5543407e5edafbbf398eb19a0a,,,,data/raw/review_replay_20261001/models/C3_rfm_seed204_n512.npz,9c9848046b70a44eda08bc4610b9cdd29fdc3acc24e0dc60f57e5ef59e7984ee,relative_H1,review_replay_20261001,False,quadrature_audit_failed,False,quadrature_audit_failed,False,not_applicable,matrix_free,fc38e7c1fd40d30358c96e486ddae675428216469a7e8b6f5ead0c86b97577b7,9c9848046b70a44eda08bc4610b9cdd29fdc3acc24e0dc60f57e5ef59e7984ee,True,False
cga-review-replay-v1,C3,06,rfm,rfm_relu3,205,8,,,8,9.802322544532291,9.802322544532291,0.9894388484452871,,1.046858713884757,-0.21055128190583897,-10.012873826438131,5,1.5034030229145098e-12,True,L-BFGS-B: CONVERGENCE: NORM OF PROJECTED GRADIENT <= PGTOL,0.03136041700054193,CG80x3-d2,599581f601cc019af5d55e28f70f46e87c3cdb7c2aea2307e39429b21556b65b,6.554589591961452e-10,2.3372621905898196e-10,6.554589591961452e-10,,False,new_nested_rfm_coefficient_replay,,81c87de48137dedc13f2fa6e3c3295210c7791fc9b74889812acb12af85c3c35,fbe4904d8be5f2979aa48d19d959400a573aec5543407e5edafbbf398eb19a0a,,,,data/raw/review_replay_20261001/models/C3_rfm_seed205_n8.npz,05f4a9a77e2dc4a01a6dba730c6033cf15af4fd4eb062e39c27a08c8bf98571a,relative_H1,review_replay_20261001,True,none,True,none,False,not_applicable,not_used,fc38e7c1fd40d30358c96e486ddae675428216469a7e8b6f5ead0c86b97577b7,05f4a9a77e2dc4a01a6dba730c6033cf15af4fd4eb062e39c27a08c8bf98571a,True,False
cga-review-replay-v1,C3,06,rfm,rfm_relu3,205,16,,,16,3.8444306577226754,3.8444306577226754,0.6197856549162175,,0.5685135345601691,-6.168443168715456,-10.012873826438131,6,4.052242427284251e-11,True,L-BFGS-B: CONVERGENCE: NORM OF PROJECTED GRADIENT <= PGTOL,0.043160000001080334,CG80x3-d2,599581f601cc019af5d55e28f70f46e87c3cdb7c2aea2307e39429b21556b65b,3.3558884207190366e-08,3.3558884207190366e-08,2.804209542710732e-09,,False,new_nested_rfm_coefficient_replay,,81c87de48137dedc13f2fa6e3c3295210c7791fc9b74889812acb12af85c3c35,fbe4904d8be5f2979aa48d19d959400a573aec5543407e5edafbbf398eb19a0a,,,,data/raw/review_replay_20261001/models/C3_rfm_seed205_n16.npz,30063c9fff1b466a5a342134258e8cc3f472b55ef401e5d646e1d69a9b521450,relative_H1,review_replay_20261001,True,none,True,none,False,not_applicable,not_used,fc38e7c1fd40d30358c96e486ddae675428216469a7e8b6f5ead0c86b97577b7,30063c9fff1b466a5a342134258e8cc3f472b55ef401e5d646e1d69a9b521450,True,False
cga-review-replay-v1,C3,06,rfm,rfm_relu3,205,32,,,32,1.436957128205064,1.436957128205064,0.3790198352454737,,0.24894241943383075,-8.575916698233067,-10.012873826438131,6,1.5278530894675534e-10,True,L-BFGS-B: CONVERGENCE: NORM OF PROJECTED GRADIENT <= PGTOL,0.06926987499900861,CG80x3-d2,599581f601cc019af5d55e28f70f46e87c3cdb7c2aea2307e39429b21556b65b,1.061075781092045e-07,3.0716977983717224e-08,1.061075781092045e-07,,False,new_nested_rfm_coefficient_replay,,81c87de48137dedc13f2fa6e3c3295210c7791fc9b74889812acb12af85c3c35,fbe4904d8be5f2979aa48d19d959400a573aec5543407e5edafbbf398eb19a0a,,,,data/raw/review_replay_20261001/models/C3_rfm_seed205_n32.npz,3d1462e33456e4158096693efc19647b837213d86452ec95ff1722f88f7ed854,relative_H1,review_replay_20261001,True,none,True,none,False,not_applicable,not_used,fc38e7c1fd40d30358c96e486ddae675428216469a7e8b6f5ead0c86b97577b7,3d1462e33456e4158096693efc19647b837213d86452ec95ff1722f88f7ed854,True,False
cga-review-replay-v1,C3,06,rfm,rfm_relu3,205,64,,,64,0.08463777670955608,0.08463777670955608,0.09200861087586622,,0.03527669689770489,-9.928236049728575,-10.012873826438131,6,6.450145018864601e-10,True,L-BFGS-B: CONVERGENCE: NORM OF PROJECTED GRADIENT <= PGTOL,0.13114191600107006,CG80x3-d2,599581f601cc019af5d55e28f70f46e87c3cdb7c2aea2307e39429b21556b65b,5.029831926805687e-05,5.029831926805687e-05,3.724854968915218e-05,,False,new_nested_rfm_coefficient_replay,,81c87de48137dedc13f2fa6e3c3295210c7791fc9b74889812acb12af85c3c35,fbe4904d8be5f2979aa48d19d959400a573aec5543407e5edafbbf398eb19a0a,,,,data/raw/review_replay_20261001/models/C3_rfm_seed205_n64.npz,65e7f1f643cecdce7ca78ae212866269b4514f584aaf756717f7b6ce4e4c602a,relative_H1,review_replay_20261001,True,none,True,none,False,not_applicable,not_used,fc38e7c1fd40d30358c96e486ddae675428216469a7e8b6f5ead0c86b97577b7,65e7f1f643cecdce7ca78ae212866269b4514f584aaf756717f7b6ce4e4c602a,True,False
cga-review-replay-v1,C3,06,rfm,rfm_relu3,205,128,,,128,0.011990906170279203,0.011990906170279203,0.03463465900209476,,0.01058251782794427,-10.000882920267852,-10.012873826438131,27,5.996151963187528e-10,True,L-BFGS-B: CONVERGENCE: NORM OF PROJECTED GRADIENT <= PGTOL,0.5834012499981327,CG80x3-d2,599581f601cc019af5d55e28f70f46e87c3cdb7c2aea2307e39429b21556b65b,4.7176171165622065e-05,4.7176171165622065e-05,1.39790362813254e-06,,False,new_nested_rfm_coefficient_replay,,81c87de48137dedc13f2fa6e3c3295210c7791fc9b74889812acb12af85c3c35,fbe4904d8be5f2979aa48d19d959400a573aec5543407e5edafbbf398eb19a0a,,,,data/raw/review_replay_20261001/models/C3_rfm_seed205_n128.npz,ce471410130e9449a2a5442c1947afce4eca8930b6a87644406b0d50575485ed,relative_H1,review_replay_20261001,True,none,True,none,False,not_applicable,not_used,fc38e7c1fd40d30358c96e486ddae675428216469a7e8b6f5ead0c86b97577b7,ce471410130e9449a2a5442c1947afce4eca8930b6a87644406b0d50575485ed,True,False
cga-review-replay-v1,C3,06,rfm,rfm_relu3,205,256,,,256,0.0010700535648417997,0.0010700535648417997,0.010347530381197644,,0.002300536244806727,-10.01180377287329,-10.012873826438131,37,2.5785536251182506e-08,True,L-BFGS-B: CONVERGENCE: RELATIVE REDUCTION OF F <= FACTR*EPSMCH,1.5711113329998625,CG80x3-d2,599581f601cc019af5d55e28f70f46e87c3cdb7c2aea2307e39429b21556b65b,0.00011109614905381806,0.00011109614905381806,3.607718760584985e-05,,False,new_nested_rfm_coefficient_replay,,81c87de48137dedc13f2fa6e3c3295210c7791fc9b74889812acb12af85c3c35,fbe4904d8be5f2979aa48d19d959400a573aec5543407e5edafbbf398eb19a0a,,,,data/raw/review_replay_20261001/models/C3_rfm_seed205_n256.npz,7de9899518d6e5a4fca7ff0165819c6c8804c7de0e88d7e965675f4341a734ce,relative_H1,review_replay_20261001,True,none,True,none,False,not_applicable,not_used,fc38e7c1fd40d30358c96e486ddae675428216469a7e8b6f5ead0c86b97577b7,7de9899518d6e5a4fca7ff0165819c6c8804c7de0e88d7e965675f4341a734ce,True,False
cga-review-replay-v1,C3,06,rfm,rfm_relu3,205,512,,,512,2.8550366893753676e-05,2.8550366893753676e-05,0.001690128255231931,,0.00022342325975977496,-10.012845276071232,-10.012873826438126,98,5.7305889723903736e-08,True,L-BFGS-B: CONVERGENCE: RELATIVE REDUCTION OF F <= FACTR*EPSMCH,6.80882020900026,CG192x4-d2,fd25921a2d114ee698b68f3913d50877f3c9d34661accee4b9456b9f9ca7756c,0.00038835253214120335,0.00038835253214120335,5.7783258139727624e-05,,False,new_nested_rfm_coefficient_replay,,81c87de48137dedc13f2fa6e3c3295210c7791fc9b74889812acb12af85c3c35,fbe4904d8be5f2979aa48d19d959400a573aec5543407e5edafbbf398eb19a0a,,,,data/raw/review_replay_20261001/models/C3_rfm_seed205_n512.npz,1efe5b6182636d6fbede009f9e762694c7a5c8679f5b68ca0fa0049cc427603d,relative_H1,review_replay_20261001,True,none,True,none,False,not_applicable,not_used,fc38e7c1fd40d30358c96e486ddae675428216469a7e8b6f5ead0c86b97577b7,1efe5b6182636d6fbede009f9e762694c7a5c8679f5b68ca0fa0049cc427603d,True,False
cga-review-replay-v1,C3,06,rfm,rfm_relu3,206,8,,,8,9.894118297615881,9.894118297615881,0.9940590818043274,,0.9929629264871654,-0.11875552882224995,-10.012873826438131,3,7.802946502051404e-13,True,L-BFGS-B: CONVERGENCE: NORM OF PROJECTED GRADIENT <= PGTOL,0.09192962499946589,CG80x3-d2,599581f601cc019af5d55e28f70f46e87c3cdb7c2aea2307e39429b21556b65b,3.2634942472232724e-10,5.181212232851165e-11,3.2634942472232724e-10,,False,new_nested_rfm_coefficient_replay,,81c87de48137dedc13f2fa6e3c3295210c7791fc9b74889812acb12af85c3c35,fbe4904d8be5f2979aa48d19d959400a573aec5543407e5edafbbf398eb19a0a,,,,data/raw/review_replay_20261001/models/C3_rfm_seed206_n8.npz,6bed2907bc78e96902a493f6695ca4e31a939f34e8dd7e581c34de8ac81bc954,relative_H1,review_replay_20261001,True,none,True,none,False,not_applicable,not_used,fc38e7c1fd40d30358c96e486ddae675428216469a7e8b6f5ead0c86b97577b7,6bed2907bc78e96902a493f6695ca4e31a939f34e8dd7e581c34de8ac81bc954,True,False
cga-review-replay-v1,C3,06,rfm,rfm_relu3,206,16,,,16,6.47087867349302,6.47087867349302,0.8036344554130678,,1.2622170366785672,-3.541995152945111,-10.012873826438131,7,9.569179860322618e-11,True,L-BFGS-B: CONVERGENCE: NORM OF PROJECTED GRADIENT <= PGTOL,0.06679183399683097,CG80x3-d2,599581f601cc019af5d55e28f70f46e87c3cdb7c2aea2307e39429b21556b65b,1.1518399885325089e-08,1.1518399885325089e-08,4.6182524013013814e-10,,False,new_nested_rfm_coefficient_replay,,81c87de48137dedc13f2fa6e3c3295210c7791fc9b74889812acb12af85c3c35,fbe4904d8be5f2979aa48d19d959400a573aec5543407e5edafbbf398eb19a0a,,,,data/raw/review_replay_20261001/models/C3_rfm_seed206_n16.npz,5bc317d1044e9eff4f07513cd890e3ec9abf937104e03fb63ef71d6958f329e4,relative_H1,review_replay_20261001,True,none,True,none,False,not_applicable,not_used,fc38e7c1fd40d30358c96e486ddae675428216469a7e8b6f5ead0c86b97577b7,5bc317d1044e9eff4f07513cd890e3ec9abf937104e03fb63ef71d6958f329e4,True,False
cga-review-replay-v1,C3,06,rfm,rfm_relu3,206,32,,,32,0.791990694803161,0.791990694803161,0.28141980391032395,,0.16745796953086184,-9.22088313163497,-10.012873826438131,7,8.9340595958042e-12,True,L-BFGS-B: CONVERGENCE: NORM OF PROJECTED GRADIENT <= PGTOL,0.08730674999969779,CG80x3-d2,599581f601cc019af5d55e28f70f46e87c3cdb7c2aea2307e39429b21556b65b,6.645952797953499e-07,6.645952797953499e-07,5.60087455507435e-07,,False,new_nested_rfm_coefficient_replay,,81c87de48137dedc13f2fa6e3c3295210c7791fc9b74889812acb12af85c3c35,fbe4904d8be5f2979aa48d19d959400a573aec5543407e5edafbbf398eb19a0a,,,,data/raw/review_replay_20261001/models/C3_rfm_seed206_n32.npz,c5375af262dbbe83776ca51430398a512315cc83cb686a3a78b07d0e907a654c,relative_H1,review_replay_20261001,True,none,True,none,False,not_applicable,not_used,fc38e7c1fd40d30358c96e486ddae675428216469a7e8b6f5ead0c86b97577b7,c5375af262dbbe83776ca51430398a512315cc83cb686a3a78b07d0e907a654c,True,False
cga-review-replay-v1,C3,06,rfm,rfm_relu3,206,64,,,64,0.02958292801503859,0.02958292801503859,0.05439669552031945,,0.021822571256147363,-9.983290898423093,-10.012873826438131,7,3.775332260518234e-09,True,L-BFGS-B: CONVERGENCE: RELATIVE REDUCTION OF F <= FACTR*EPSMCH,0.19837612500123214,CG80x3-d2,599581f601cc019af5d55e28f70f46e87c3cdb7c2aea2307e39429b21556b65b,2.3462471613946365e-05,2.3462471613946365e-05,6.975679412661605e-07,,False,new_nested_rfm_coefficient_replay,,81c87de48137dedc13f2fa6e3c3295210c7791fc9b74889812acb12af85c3c35,fbe4904d8be5f2979aa48d19d959400a573aec5543407e5edafbbf398eb19a0a,,,,data/raw/review_replay_20261001/models/C3_rfm_seed206_n64.npz,104ecddcc2107ed230a9aa14b95a878dccbc690c7c532f15302184208f4b74c8,relative_H1,review_replay_20261001,True,none,True,none,False,not_applicable,not_used,fc38e7c1fd40d30358c96e486ddae675428216469a7e8b6f5ead0c86b97577b7,104ecddcc2107ed230a9aa14b95a878dccbc690c7c532f15302184208f4b74c8,True,False
cga-review-replay-v1,C3,06,rfm,rfm_relu3,206,128,,,128,0.00392161775554456,0.00392161775554456,0.01980717804940528,,0.005600075207534288,-10.008952208682587,-10.012873826438131,18,1.9762148526707665e-10,True,L-BFGS-B: CONVERGENCE: NORM OF PROJECTED GRADIENT <= PGTOL,0.49593012500190525,CG80x3-d2,599581f601cc019af5d55e28f70f46e87c3cdb7c2aea2307e39429b21556b65b,2.3027917949056226e-05,2.3027917949056226e-05,2.1854353489515977e-06,,False,new_nested_rfm_coefficient_replay,,81c87de48137dedc13f2fa6e3c3295210c7791fc9b74889812acb12af85c3c35,fbe4904d8be5f2979aa48d19d959400a573aec5543407e5edafbbf398eb19a0a,,,,data/raw/review_replay_20261001/models/C3_rfm_seed206_n128.npz,d027665ea221ba381fc7cec71946b639c4b38812fca7aa0ff772862758ad921b,relative_H1,review_replay_20261001,True,none,True,none,False,not_applicable,not_used,fc38e7c1fd40d30358c96e486ddae675428216469a7e8b6f5ead0c86b97577b7,d027665ea221ba381fc7cec71946b639c4b38812fca7aa0ff772862758ad921b,True,False
cga-review-replay-v1,C3,06,rfm,rfm_relu3,206,256,,,256,0.0005255871521079314,0.0005255871521079314,0.00725419936324464,,0.0014359293063376146,-10.012348239286023,-10.012873826438131,17,1.2407710453332569e-08,True,L-BFGS-B: CONVERGENCE: RELATIVE REDUCTION OF F <= FACTR*EPSMCH,1.072130582997488,CG80x3-d2,599581f601cc019af5d55e28f70f46e87c3cdb7c2aea2307e39429b21556b65b,0.0009565976382509535,0.0009565976382509535,2.994664931783738e-06,,False,new_nested_rfm_coefficient_replay,,81c87de48137dedc13f2fa6e3c3295210c7791fc9b74889812acb12af85c3c35,fbe4904d8be5f2979aa48d19d959400a573aec5543407e5edafbbf398eb19a0a,,,,data/raw/review_replay_20261001/models/C3_rfm_seed206_n256.npz,6ccd855b6c3ea1cbcc0127d4fb466d16d39ed054ba30f4af397e5bbe7168a0ce,relative_H1,review_replay_20261001,True,none,True,none,False,not_applicable,not_used,fc38e7c1fd40d30358c96e486ddae675428216469a7e8b6f5ead0c86b97577b7,6ccd855b6c3ea1cbcc0127d4fb466d16d39ed054ba30f4af397e5bbe7168a0ce,True,False
cga-review-replay-v1,C3,06,rfm,rfm_relu3,206,512,,,512,0.010025655545852885,0.010025655545852885,0.03167215112919104,,0.0003513732124727861,-10.002848170892273,-10.012873826438126,89,8.603429665261807e-08,True,L-BFGS-B: CONVERGENCE: RELATIVE REDUCTION OF F <= FACTR*EPSMCH,9.432693665999977,CG192x4-d2,fd25921a2d114ee698b68f3913d50877f3c9d34661accee4b9456b9f9ca7756c,0.006089463857319387,0.006089463857319387,0.0030260745875657306,,False,new_nested_rfm_coefficient_replay,,81c87de48137dedc13f2fa6e3c3295210c7791fc9b74889812acb12af85c3c35,fbe4904d8be5f2979aa48d19d959400a573aec5543407e5edafbbf398eb19a0a,,,,data/raw/review_replay_20261001/models/C3_rfm_seed206_n512.npz,8e39f2a0449c3a5e8a75160887c072530ab43a7c9c403b9997a315722c8662bb,relative_H1,review_replay_20261001,True,none,True,none,False,not_applicable,not_used,fc38e7c1fd40d30358c96e486ddae675428216469a7e8b6f5ead0c86b97577b7,8e39f2a0449c3a5e8a75160887c072530ab43a7c9c403b9997a315722c8662bb,True,False
cga-review-replay-v1,C3,06,rfm,rfm_relu3,207,8,,,8,8.387097861501589,8.387097861501589,0.9150615398830177,,1.3262818953886637,-1.6257759649365418,-10.012873826438131,6,9.794353032834219e-11,True,L-BFGS-B: CONVERGENCE: NORM OF PROJECTED GRADIENT <= PGTOL,0.04574579099789844,CG80x3-d2,599581f601cc019af5d55e28f70f46e87c3cdb7c2aea2307e39429b21556b65b,6.4492768296680735e-09,6.4492768296680735e-09,2.65608272814377e-10,,False,new_nested_rfm_coefficient_replay,,81c87de48137dedc13f2fa6e3c3295210c7791fc9b74889812acb12af85c3c35,fbe4904d8be5f2979aa48d19d959400a573aec5543407e5edafbbf398eb19a0a,,,,data/raw/review_replay_20261001/models/C3_rfm_seed207_n8.npz,cc45b0c4061acd96e82cdd75845d6cd483f5c81460bafae67cb55a7c5254cb96,relative_H1,review_replay_20261001,True,none,True,none,False,not_applicable,not_used,fc38e7c1fd40d30358c96e486ddae675428216469a7e8b6f5ead0c86b97577b7,cc45b0c4061acd96e82cdd75845d6cd483f5c81460bafae67cb55a7c5254cb96,True,False
cga-review-replay-v1,C3,06,rfm,rfm_relu3,207,16,,,16,7.0150478783679855,7.0150478783679855,0.8366680506113108,,1.3579871468455726,-2.9978259480701457,-10.012873826438131,6,7.493297601492405e-10,True,L-BFGS-B: CONVERGENCE: NORM OF PROJECTED GRADIENT <= PGTOL,0.04519583299770602,CG80x3-d2,599581f601cc019af5d55e28f70f46e87c3cdb7c2aea2307e39429b21556b65b,6.431505770547796e-07,6.431505770547796e-07,2.658739458020393e-07,,False,new_nested_rfm_coefficient_replay,,81c87de48137dedc13f2fa6e3c3295210c7791fc9b74889812acb12af85c3c35,fbe4904d8be5f2979aa48d19d959400a573aec5543407e5edafbbf398eb19a0a,,,,data/raw/review_replay_20261001/models/C3_rfm_seed207_n16.npz,fc5ff10144d83348c56111bd1f3be5566b748d8e38dc7ebf13bcd207f37ca1e6,relative_H1,review_replay_20261001,True,none,True,none,False,not_applicable,not_used,fc38e7c1fd40d30358c96e486ddae675428216469a7e8b6f5ead0c86b97577b7,fc5ff10144d83348c56111bd1f3be5566b748d8e38dc7ebf13bcd207f37ca1e6,True,False
cga-review-replay-v1,C3,06,rfm,rfm_relu3,207,32,,,32,2.761048500658842,2.761048500658842,0.5253229728185317,,0.41997765217665095,-7.251825325779289,-10.012873826438131,6,1.2632106681315755e-09,True,L-BFGS-B: CONVERGENCE: NORM OF PROJECTED GRADIENT <= PGTOL,0.07487737499832292,CG80x3-d2,599581f601cc019af5d55e28f70f46e87c3cdb7c2aea2307e39429b21556b65b,2.272883313734468e-05,2.272883313734468e-05,1.2466373400847704e-05,,False,new_nested_rfm_coefficient_replay,,81c87de48137dedc13f2fa6e3c3295210c7791fc9b74889812acb12af85c3c35,fbe4904d8be5f2979aa48d19d959400a573aec5543407e5edafbbf398eb19a0a,,,,data/raw/review_replay_20261001/models/C3_rfm_seed207_n32.npz,f1fe9b10e7f09a30bada95e23864e6484365adfc59f9bfa7a238546916e51811,relative_H1,review_replay_20261001,True,none,True,none,False,not_applicable,not_used,fc38e7c1fd40d30358c96e486ddae675428216469a7e8b6f5ead0c86b97577b7,f1fe9b10e7f09a30bada95e23864e6484365adfc59f9bfa7a238546916e51811,True,False
cga-review-replay-v1,C3,06,rfm,rfm_relu3,207,64,,,64,0.10301900472054726,0.10301900472054726,0.10150444535745123,,0.04923403423051509,-9.909854821717584,-10.012873826438131,6,2.781052425959567e-10,True,L-BFGS-B: CONVERGENCE: NORM OF PROJECTED GRADIENT <= PGTOL,0.14816262499880395,CG80x3-d2,599581f601cc019af5d55e28f70f46e87c3cdb7c2aea2307e39429b21556b65b,6.992532877519066e-05,6.992532877519066e-05,2.2647269800555617e-05,,False,new_nested_rfm_coefficient_replay,,81c87de48137dedc13f2fa6e3c3295210c7791fc9b74889812acb12af85c3c35,fbe4904d8be5f2979aa48d19d959400a573aec5543407e5edafbbf398eb19a0a,,,,data/raw/review_replay_20261001/models/C3_rfm_seed207_n64.npz,c67231043eb7463de5d8bc63e3e9e233238bfd8e92ee8724b711341f7b7c14f1,relative_H1,review_replay_20261001,True,none,True,none,False,not_applicable,not_used,fc38e7c1fd40d30358c96e486ddae675428216469a7e8b6f5ead0c86b97577b7,c67231043eb7463de5d8bc63e3e9e233238bfd8e92ee8724b711341f7b7c14f1,True,False
cga-review-replay-v1,C3,06,rfm,rfm_relu3,207,128,,,128,0.005348812743402931,0.005348812743402931,0.023131743878692896,,0.006836371709562386,-10.007525013694728,-10.012873826438131,46,2.1200699315003083e-09,True,L-BFGS-B: CONVERGENCE: RELATIVE REDUCTION OF F <= FACTR*EPSMCH,0.7388490000012098,CG80x3-d2,599581f601cc019af5d55e28f70f46e87c3cdb7c2aea2307e39429b21556b65b,4.3848099093273335e-06,4.3848099093273335e-06,3.437496414462292e-06,,False,new_nested_rfm_coefficient_replay,,81c87de48137dedc13f2fa6e3c3295210c7791fc9b74889812acb12af85c3c35,fbe4904d8be5f2979aa48d19d959400a573aec5543407e5edafbbf398eb19a0a,,,,data/raw/review_replay_20261001/models/C3_rfm_seed207_n128.npz,09585d14548ad15cb1c4e985eeeee7e87883529f18fdb3bc1669b21e17bfd037,relative_H1,review_replay_20261001,True,none,True,none,False,not_applicable,not_used,fc38e7c1fd40d30358c96e486ddae675428216469a7e8b6f5ead0c86b97577b7,09585d14548ad15cb1c4e985eeeee7e87883529f18fdb3bc1669b21e17bfd037,True,False
cga-review-replay-v1,C3,06,rfm,rfm_relu3,207,256,,,256,0.0005091580695690823,0.0005091580695690823,0.007137210371454179,,0.0014752177338110412,-10.012364668368562,-10.012873826438131,92,5.9022746275003954e-08,True,L-BFGS-B: CONVERGENCE: RELATIVE REDUCTION OF F <= FACTR*EPSMCH,2.910983166999358,CG80x3-d2,599581f601cc019af5d55e28f70f46e87c3cdb7c2aea2307e39429b21556b65b,0.0010653909988534533,0.0010653909988534533,0.00013375236208106742,,False,new_nested_rfm_coefficient_replay,,81c87de48137dedc13f2fa6e3c3295210c7791fc9b74889812acb12af85c3c35,fbe4904d8be5f2979aa48d19d959400a573aec5543407e5edafbbf398eb19a0a,,,,data/raw/review_replay_20261001/models/C3_rfm_seed207_n256.npz,c2a2daafd5664a096ff16bd0b6996815f1167e75d450e174cd6fd3e8896b4fbc,relative_H1,review_replay_20261001,True,none,True,none,False,not_applicable,not_used,fc38e7c1fd40d30358c96e486ddae675428216469a7e8b6f5ead0c86b97577b7,c2a2daafd5664a096ff16bd0b6996815f1167e75d450e174cd6fd3e8896b4fbc,True,False
cga-review-replay-v1,C3,06,rfm,rfm_relu3,207,512,,,512,0.0011678232323735216,0.0011678232323735216,0.010809547058460956,,0.00027543698105218783,-10.011706003205752,-10.012873826438126,402,1.334922736072972e-09,True,L-BFGS-B: STOP: TOTAL NO. OF ITERATIONS REACHED LIMIT; Newton-CG: Optimization terminated successfully.,94.73130579200006,CG192x4-d2,fd25921a2d114ee698b68f3913d50877f3c9d34661accee4b9456b9f9ca7756c,0.001082967734600972,0.001082967734600972,0.0006333010297448104,,False,new_nested_rfm_coefficient_replay,,81c87de48137dedc13f2fa6e3c3295210c7791fc9b74889812acb12af85c3c35,fbe4904d8be5f2979aa48d19d959400a573aec5543407e5edafbbf398eb19a0a,,,,data/raw/review_replay_20261001/models/C3_rfm_seed207_n512.npz,632c16507325db83c773fbeae55cf465c929943358ff0dd9b4eb55530149dd2b,relative_H1,review_replay_20261001,True,none,True,none,False,not_applicable,matrix_free,fc38e7c1fd40d30358c96e486ddae675428216469a7e8b6f5ead0c86b97577b7,632c16507325db83c773fbeae55cf465c929943358ff0dd9b4eb55530149dd2b,True,False
cga-review-replay-v1,C3,06,rfm,rfm_relu3,208,8,,,8,9.243201485633948,9.243201485633948,0.960832052500736,,0.9690384340184772,-0.7696723408041835,-10.012873826438131,4,2.9087153723460026e-10,True,L-BFGS-B: CONVERGENCE: NORM OF PROJECTED GRADIENT <= PGTOL,0.03276341600212618,CG80x3-d2,599581f601cc019af5d55e28f70f46e87c3cdb7c2aea2307e39429b21556b65b,4.852217706719186e-10,4.852217706719186e-10,3.189898972425812e-10,,False,new_nested_rfm_coefficient_replay,,81c87de48137dedc13f2fa6e3c3295210c7791fc9b74889812acb12af85c3c35,fbe4904d8be5f2979aa48d19d959400a573aec5543407e5edafbbf398eb19a0a,,,,data/raw/review_replay_20261001/models/C3_rfm_seed208_n8.npz,86fb7cf46951b28fbc9ac96698fd811bcc240f1649ec6faa2eb90dd6dc902a95,relative_H1,review_replay_20261001,True,none,True,none,False,not_applicable,not_used,fc38e7c1fd40d30358c96e486ddae675428216469a7e8b6f5ead0c86b97577b7,86fb7cf46951b28fbc9ac96698fd811bcc240f1649ec6faa2eb90dd6dc902a95,True,False
cga-review-replay-v1,C3,06,rfm,rfm_relu3,208,16,,,16,7.80023344716818,7.80023344716818,0.8826217604275316,,1.0645399304579606,-2.212640379269951,-10.012873826438131,6,2.816691642915129e-12,True,L-BFGS-B: CONVERGENCE: NORM OF PROJECTED GRADIENT <= PGTOL,0.04343054099808796,CG80x3-d2,599581f601cc019af5d55e28f70f46e87c3cdb7c2aea2307e39429b21556b65b,1.3386413645384237e-09,1.2063589925112873e-09,1.3386413645384237e-09,,False,new_nested_rfm_coefficient_replay,,81c87de48137dedc13f2fa6e3c3295210c7791fc9b74889812acb12af85c3c35,fbe4904d8be5f2979aa48d19d959400a573aec5543407e5edafbbf398eb19a0a,,,,data/raw/review_replay_20261001/models/C3_rfm_seed208_n16.npz,4f81ee1cb2329502ea07f4b13c79ed2c5cf5f27e0a8604c83ff01d873906d378,relative_H1,review_replay_20261001,True,none,True,none,False,not_applicable,not_used,fc38e7c1fd40d30358c96e486ddae675428216469a7e8b6f5ead0c86b97577b7,4f81ee1cb2329502ea07f4b13c79ed2c5cf5f27e0a8604c83ff01d873906d378,True,False
cga-review-replay-v1,C3,06,rfm,rfm_relu3,208,32,,,32,1.4591678664419767,1.4591678664419767,0.3819232412807329,,0.25121224459669755,-8.553705959996154,-10.012873826438131,6,1.2019503910125305e-10,True,L-BFGS-B: CONVERGENCE: NORM OF PROJECTED GRADIENT <= PGTOL,0.07336108299932675,CG80x3-d2,599581f601cc019af5d55e28f70f46e87c3cdb7c2aea2307e39429b21556b65b,9.337024967650281e-07,9.337024967650281e-07,8.154710868988158e-08,,False,new_nested_rfm_coefficient_replay,,81c87de48137dedc13f2fa6e3c3295210c7791fc9b74889812acb12af85c3c35,fbe4904d8be5f2979aa48d19d959400a573aec5543407e5edafbbf398eb19a0a,,,,data/raw/review_replay_20261001/models/C3_rfm_seed208_n32.npz,bb86494fed7879dd6146b41be2df3836f64f806b37263b55d4303bb34cb4fbde,relative_H1,review_replay_20261001,True,none,True,none,False,not_applicable,not_used,fc38e7c1fd40d30358c96e486ddae675428216469a7e8b6f5ead0c86b97577b7,bb86494fed7879dd6146b41be2df3836f64f806b37263b55d4303bb34cb4fbde,True,False
cga-review-replay-v1,C3,06,rfm,rfm_relu3,208,64,,,64,0.1285975515551847,0.1285975515551847,0.11341588951467474,,0.047391151020456455,-9.884276274882946,-10.012873826438131,6,1.2706661553488324e-10,True,L-BFGS-B: CONVERGENCE: NORM OF PROJECTED GRADIENT <= PGTOL,0.13257229200098664,CG80x3-d2,599581f601cc019af5d55e28f70f46e87c3cdb7c2aea2307e39429b21556b65b,5.934210640494221e-07,5.934210640494221e-07,1.8986242803751e-07,,False,new_nested_rfm_coefficient_replay,,81c87de48137dedc13f2fa6e3c3295210c7791fc9b74889812acb12af85c3c35,fbe4904d8be5f2979aa48d19d959400a573aec5543407e5edafbbf398eb19a0a,,,,data/raw/review_replay_20261001/models/C3_rfm_seed208_n64.npz,04adcff71b1aa70e9b669fb1fc22e9a387f9a206ca162152450e9372bbd716c2,relative_H1,review_replay_20261001,True,none,True,none,False,not_applicable,not_used,fc38e7c1fd40d30358c96e486ddae675428216469a7e8b6f5ead0c86b97577b7,04adcff71b1aa70e9b669fb1fc22e9a387f9a206ca162152450e9372bbd716c2,True,False
cga-review-replay-v1,C3,06,rfm,rfm_relu3,208,128,,,128,0.005204858044834282,0.005204858044834282,0.02281916099438643,,0.006715195001619478,-10.007668968393297,-10.012873826438131,13,4.574578555435198e-11,True,L-BFGS-B: CONVERGENCE: NORM OF PROJECTED GRADIENT <= PGTOL,0.3913550840006792,CG80x3-d2,599581f601cc019af5d55e28f70f46e87c3cdb7c2aea2307e39429b21556b65b,1.3571932974926476e-05,1.3571932974926476e-05,4.055795722718923e-07,,False,new_nested_rfm_coefficient_replay,,81c87de48137dedc13f2fa6e3c3295210c7791fc9b74889812acb12af85c3c35,fbe4904d8be5f2979aa48d19d959400a573aec5543407e5edafbbf398eb19a0a,,,,data/raw/review_replay_20261001/models/C3_rfm_seed208_n128.npz,bde8896cef0e8b30db15dd1af08c18ef43975229c5a7c8a6042ba8a52311cb82,relative_H1,review_replay_20261001,True,none,True,none,False,not_applicable,not_used,fc38e7c1fd40d30358c96e486ddae675428216469a7e8b6f5ead0c86b97577b7,bde8896cef0e8b30db15dd1af08c18ef43975229c5a7c8a6042ba8a52311cb82,True,False
cga-review-replay-v1,C3,06,rfm,rfm_relu3,208,256,,,256,0.0007621138185704979,0.0007621138185704979,0.008732448899899962,,0.0018967276820099725,-10.01211171261956,-10.012873826438131,49,1.827536843355205e-08,True,L-BFGS-B: CONVERGENCE: RELATIVE REDUCTION OF F <= FACTR*EPSMCH,2.46974391600088,CG80x3-d2,599581f601cc019af5d55e28f70f46e87c3cdb7c2aea2307e39429b21556b65b,0.0005246819891776024,0.0005246819891776024,2.3871215085541956e-05,,False,new_nested_rfm_coefficient_replay,,81c87de48137dedc13f2fa6e3c3295210c7791fc9b74889812acb12af85c3c35,fbe4904d8be5f2979aa48d19d959400a573aec5543407e5edafbbf398eb19a0a,,,,data/raw/review_replay_20261001/models/C3_rfm_seed208_n256.npz,5cfe4e4bbc99956534af5dc538806203b4e080acf0979870e796354d21646493,relative_H1,review_replay_20261001,True,none,True,none,False,not_applicable,not_used,fc38e7c1fd40d30358c96e486ddae675428216469a7e8b6f5ead0c86b97577b7,5cfe4e4bbc99956534af5dc538806203b4e080acf0979870e796354d21646493,True,False
cga-review-replay-v1,C3,06,rfm,rfm_relu3,208,512,,,512,4.479179152738766e-05,4.479179152738766e-05,0.0021157669810739094,,0.00031092134136545877,-10.012829034646607,-10.012873826438135,361,2.7184060934463033e-09,True,L-BFGS-B: CONVERGENCE: RELATIVE REDUCTION OF F <= FACTR*EPSMCH; Newton-CG: Optimization terminated successfully.,42.14108699999997,CG128x4-d2,b418bfbdc1a479acc246606170341f14284e7e2b3acfc821d242d7523004d65b,0.009062623430025729,0.009062623430025729,0.0016190643259268755,,False,new_nested_rfm_coefficient_replay,,81c87de48137dedc13f2fa6e3c3295210c7791fc9b74889812acb12af85c3c35,fbe4904d8be5f2979aa48d19d959400a573aec5543407e5edafbbf398eb19a0a,,,,data/raw/review_replay_20261001/models/C3_rfm_seed208_n512.npz,13ea20d4e5390d2bc2cbf8ca1f77d5702f28694cb09ec23616f5f7f6d4f52df7,relative_H1,review_replay_20261001,True,none,True,none,False,not_applicable,matrix_free,fc38e7c1fd40d30358c96e486ddae675428216469a7e8b6f5ead0c86b97577b7,13ea20d4e5390d2bc2cbf8ca1f77d5702f28694cb09ec23616f5f7f6d4f52df7,True,False
cga-review-replay-v1,C3,06,rfm,rfm_relu3,209,8,,,8,9.710912190463263,9.710912190463263,0.9848164234006799,,0.9913069424448405,-0.3019616359748677,-10.012873826438131,4,3.6894144552786705e-11,True,L-BFGS-B: CONVERGENCE: NORM OF PROJECTED GRADIENT <= PGTOL,0.048727624998718966,CG80x3-d2,599581f601cc019af5d55e28f70f46e87c3cdb7c2aea2307e39429b21556b65b,7.470625670453475e-10,5.942546310487202e-10,7.470625670453475e-10,,False,new_nested_rfm_coefficient_replay,,81c87de48137dedc13f2fa6e3c3295210c7791fc9b74889812acb12af85c3c35,fbe4904d8be5f2979aa48d19d959400a573aec5543407e5edafbbf398eb19a0a,,,,data/raw/review_replay_20261001/models/C3_rfm_seed209_n8.npz,e6ef758accc4035a226ba0971c77686f186ed2e6c4240a5b3ceefb37f8314608,relative_H1,review_replay_20261001,True,none,True,none,False,not_applicable,not_used,fc38e7c1fd40d30358c96e486ddae675428216469a7e8b6f5ead0c86b97577b7,e6ef758accc4035a226ba0971c77686f186ed2e6c4240a5b3ceefb37f8314608,True,False
cga-review-replay-v1,C3,06,rfm,rfm_relu3,209,16,,,16,6.868945615784617,6.868945615784617,0.8279509154090271,,1.2599504869327531,-3.143928210653514,-10.012873826438131,6,5.634624348672004e-10,True,L-BFGS-B: CONVERGENCE: NORM OF PROJECTED GRADIENT <= PGTOL,0.06911508299890556,CG80x3-d2,599581f601cc019af5d55e28f70f46e87c3cdb7c2aea2307e39429b21556b65b,2.563952574286566e-08,9.255562716539825e-09,2.563952574286566e-08,,False,new_nested_rfm_coefficient_replay,,81c87de48137dedc13f2fa6e3c3295210c7791fc9b74889812acb12af85c3c35,fbe4904d8be5f2979aa48d19d959400a573aec5543407e5edafbbf398eb19a0a,,,,data/raw/review_replay_20261001/models/C3_rfm_seed209_n16.npz,d966e6647ab54e782d387361a3e64868c31fccf65f1dc7ecd8e6b85e7f8bb98a,relative_H1,review_replay_20261001,True,none,True,none,False,not_applicable,not_used,fc38e7c1fd40d30358c96e486ddae675428216469a7e8b6f5ead0c86b97577b7,d966e6647ab54e782d387361a3e64868c31fccf65f1dc7ecd8e6b85e7f8bb98a,True,False
cga-review-replay-v1,C3,06,rfm,rfm_relu3,209,32,,,32,1.0201271479299159,1.0201271479299159,0.31937553214725445,,0.20092395757629836,-8.992746678508215,-10.012873826438131,7,9.31598038294997e-12,True,L-BFGS-B: CONVERGENCE: NORM OF PROJECTED GRADIENT <= PGTOL,0.10831929100095294,CG80x3-d2,599581f601cc019af5d55e28f70f46e87c3cdb7c2aea2307e39429b21556b65b,2.262251236672964e-07,2.1946866962354916e-07,2.262251236672964e-07,,False,new_nested_rfm_coefficient_replay,,81c87de48137dedc13f2fa6e3c3295210c7791fc9b74889812acb12af85c3c35,fbe4904d8be5f2979aa48d19d959400a573aec5543407e5edafbbf398eb19a0a,,,,data/raw/review_replay_20261001/models/C3_rfm_seed209_n32.npz,a9be11ccff48d89af21bf5b988c9713edcb86ed84afe95c073f20bc527f74ad9,relative_H1,review_replay_20261001,True,none,True,none,False,not_applicable,not_used,fc38e7c1fd40d30358c96e486ddae675428216469a7e8b6f5ead0c86b97577b7,a9be11ccff48d89af21bf5b988c9713edcb86ed84afe95c073f20bc527f74ad9,True,False
cga-review-replay-v1,C3,06,rfm,rfm_relu3,209,64,,,64,0.21936632272387335,0.21936632272387335,0.14811343082389697,,0.07734845315660621,-9.793507503714258,-10.012873826438131,8,1.5404577863312062e-09,True,L-BFGS-B: CONVERGENCE: NORM OF PROJECTED GRADIENT <= PGTOL,0.2741597919994092,CG80x3-d2,599581f601cc019af5d55e28f70f46e87c3cdb7c2aea2307e39429b21556b65b,6.553994172589678e-07,6.553994172589678e-07,1.7977629155291847e-07,,False,new_nested_rfm_coefficient_replay,,81c87de48137dedc13f2fa6e3c3295210c7791fc9b74889812acb12af85c3c35,fbe4904d8be5f2979aa48d19d959400a573aec5543407e5edafbbf398eb19a0a,,,,data/raw/review_replay_20261001/models/C3_rfm_seed209_n64.npz,3e5d160f6ac7541b870aef5df621be32abdb15d7ae9661da191458f7db503208,relative_H1,review_replay_20261001,True,none,True,none,False,not_applicable,not_used,fc38e7c1fd40d30358c96e486ddae675428216469a7e8b6f5ead0c86b97577b7,3e5d160f6ac7541b870aef5df621be32abdb15d7ae9661da191458f7db503208,True,False
cga-review-replay-v1,C3,06,rfm,rfm_relu3,209,128,,,128,0.006845730753152424,0.006845730753152424,0.026170410497638442,,0.007937228758385456,-10.006028095684979,-10.012873826438131,32,7.284898649788521e-09,True,L-BFGS-B: CONVERGENCE: RELATIVE REDUCTION OF F <= FACTR*EPSMCH,1.4037221250000584,CG80x3-d2,599581f601cc019af5d55e28f70f46e87c3cdb7c2aea2307e39429b21556b65b,8.87527245768905e-05,8.87527245768905e-05,1.4997698147449993e-05,,False,new_nested_rfm_coefficient_replay,,81c87de48137dedc13f2fa6e3c3295210c7791fc9b74889812acb12af85c3c35,fbe4904d8be5f2979aa48d19d959400a573aec5543407e5edafbbf398eb19a0a,,,,data/raw/review_replay_20261001/models/C3_rfm_seed209_n128.npz,d4f4e41516ab8c4d87264869753a2706b281181ae8d310f123ce77039af9c223,relative_H1,review_replay_20261001,True,none,True,none,False,not_applicable,not_used,fc38e7c1fd40d30358c96e486ddae675428216469a7e8b6f5ead0c86b97577b7,d4f4e41516ab8c4d87264869753a2706b281181ae8d310f123ce77039af9c223,True,False
cga-review-replay-v1,C3,06,rfm,rfm_relu3,209,256,,,256,0.00038882159276276695,0.00038882159276276695,0.006236776184820141,,0.001358784305319273,-10.012485004845372,-10.012873826438135,68,8.576025735171692e-08,True,L-BFGS-B: CONVERGENCE: RELATIVE REDUCTION OF F <= FACTR*EPSMCH,5.1355924580020655,CG128x4-d2,b418bfbdc1a479acc246606170341f14284e7e2b3acfc821d242d7523004d65b,0.009439131105795901,0.009439131105795901,0.003844448202877691,,False,new_nested_rfm_coefficient_replay,,81c87de48137dedc13f2fa6e3c3295210c7791fc9b74889812acb12af85c3c35,fbe4904d8be5f2979aa48d19d959400a573aec5543407e5edafbbf398eb19a0a,,,,data/raw/review_replay_20261001/models/C3_rfm_seed209_n256.npz,3891dfca1b6ce8efdb4734a09050ac26eab059b9a740dc9e8734c0d998fd70d9,relative_H1,review_replay_20261001,True,none,True,none,False,not_applicable,not_used,fc38e7c1fd40d30358c96e486ddae675428216469a7e8b6f5ead0c86b97577b7,3891dfca1b6ce8efdb4734a09050ac26eab059b9a740dc9e8734c0d998fd70d9,True,False
cga-review-replay-v1,C3,06,rfm,rfm_relu3,209,512,,,512,0.005350302483398295,0.005350302483398295,0.023136987915444385,,0.0002526049867388917,-10.007523523954728,-10.012873826438126,223,2.5613215983922174e-09,True,L-BFGS-B: CONVERGENCE: RELATIVE REDUCTION OF F <= FACTR*EPSMCH; Newton-CG: Optimization terminated successfully.,41.653223124998476,CG192x4-d2,fd25921a2d114ee698b68f3913d50877f3c9d34661accee4b9456b9f9ca7756c,0.006215150122988273,0.006215150122988273,0.00304624231632867,,False,new_nested_rfm_coefficient_replay,,81c87de48137dedc13f2fa6e3c3295210c7791fc9b74889812acb12af85c3c35,fbe4904d8be5f2979aa48d19d959400a573aec5543407e5edafbbf398eb19a0a,,,,data/raw/review_replay_20261001/models/C3_rfm_seed209_n512.npz,94196902c12a983eb531b11643cc3961548b5874394e3aebfcfeec5004460d7e,relative_H1,review_replay_20261001,True,none,True,none,False,not_applicable,matrix_free,fc38e7c1fd40d30358c96e486ddae675428216469a7e8b6f5ead0c86b97577b7,94196902c12a983eb531b11643cc3961548b5874394e3aebfcfeec5004460d7e,True,False
cga-review-replay-v1,C3,06,rfm,rfm_relu3,210,8,,,8,9.134736143684545,9.134736143684545,0.9551665374361427,,0.9604411569546596,-0.878137682753585,-10.012873826438131,4,4.282575401101499e-10,True,L-BFGS-B: CONVERGENCE: NORM OF PROJECTED GRADIENT <= PGTOL,0.03125733400156605,CG80x3-d2,599581f601cc019af5d55e28f70f46e87c3cdb7c2aea2307e39429b21556b65b,3.953695232210171e-09,1.9905124883372083e-09,3.953695232210171e-09,,False,new_nested_rfm_coefficient_replay,,81c87de48137dedc13f2fa6e3c3295210c7791fc9b74889812acb12af85c3c35,fbe4904d8be5f2979aa48d19d959400a573aec5543407e5edafbbf398eb19a0a,,,,data/raw/review_replay_20261001/models/C3_rfm_seed210_n8.npz,4a9a4af98bb4f1b8bc3726822fe670fda999afd3b0238bc46eea5216df57b1db,relative_H1,review_replay_20261001,True,none,True,none,False,not_applicable,not_used,fc38e7c1fd40d30358c96e486ddae675428216469a7e8b6f5ead0c86b97577b7,4a9a4af98bb4f1b8bc3726822fe670fda999afd3b0238bc46eea5216df57b1db,True,False
cga-review-replay-v1,C3,06,rfm,rfm_relu3,210,16,,,16,5.939995284326892,5.939995284326892,0.7701299371867466,,1.0845566163086813,-4.072878542111239,-10.012873826438131,7,3.243020946926197e-12,True,L-BFGS-B: CONVERGENCE: NORM OF PROJECTED GRADIENT <= PGTOL,0.04587408299994422,CG80x3-d2,599581f601cc019af5d55e28f70f46e87c3cdb7c2aea2307e39429b21556b65b,4.553229290022118e-08,4.553229290022118e-08,1.1423386970710825e-08,,False,new_nested_rfm_coefficient_replay,,81c87de48137dedc13f2fa6e3c3295210c7791fc9b74889812acb12af85c3c35,fbe4904d8be5f2979aa48d19d959400a573aec5543407e5edafbbf398eb19a0a,,,,data/raw/review_replay_20261001/models/C3_rfm_seed210_n16.npz,1d07ac1424a713c4e7c901ba6589751acb4069f0624ec30f4285f7a88c897779,relative_H1,review_replay_20261001,True,none,True,none,False,not_applicable,not_used,fc38e7c1fd40d30358c96e486ddae675428216469a7e8b6f5ead0c86b97577b7,1d07ac1424a713c4e7c901ba6589751acb4069f0624ec30f4285f7a88c897779,True,False
cga-review-replay-v1,C3,06,rfm,rfm_relu3,210,32,,,32,1.7018695525635898,1.7018695525635898,0.41247773958171363,,0.27821592038119247,-8.311004273874541,-10.012873826438131,7,7.62634894465604e-12,True,L-BFGS-B: CONVERGENCE: NORM OF PROJECTED GRADIENT <= PGTOL,0.07715954199738917,CG80x3-d2,599581f601cc019af5d55e28f70f46e87c3cdb7c2aea2307e39429b21556b65b,3.2695618765422e-08,2.6220284067971556e-08,3.2695618765422e-08,,False,new_nested_rfm_coefficient_replay,,81c87de48137dedc13f2fa6e3c3295210c7791fc9b74889812acb12af85c3c35,fbe4904d8be5f2979aa48d19d959400a573aec5543407e5edafbbf398eb19a0a,,,,data/raw/review_replay_20261001/models/C3_rfm_seed210_n32.npz,6500d56d52f1bca57b3aac7a8bdf529ae3f935e85ba24ea913806ecf37d51a9e,relative_H1,review_replay_20261001,True,none,True,none,False,not_applicable,not_used,fc38e7c1fd40d30358c96e486ddae675428216469a7e8b6f5ead0c86b97577b7,6500d56d52f1bca57b3aac7a8bdf529ae3f935e85ba24ea913806ecf37d51a9e,True,False
cga-review-replay-v1,C3,06,rfm,rfm_relu3,210,64,,,64,0.02026949695616409,0.02026949695616409,0.04502872446608806,,0.016926222225647033,-9.992604329481967,-10.012873826438131,6,6.919162326014437e-10,True,L-BFGS-B: CONVERGENCE: NORM OF PROJECTED GRADIENT <= PGTOL,0.1439904580001894,CG80x3-d2,599581f601cc019af5d55e28f70f46e87c3cdb7c2aea2307e39429b21556b65b,1.401832329572642e-05,1.401832329572642e-05,3.628867406409615e-07,,False,new_nested_rfm_coefficient_replay,,81c87de48137dedc13f2fa6e3c3295210c7791fc9b74889812acb12af85c3c35,fbe4904d8be5f2979aa48d19d959400a573aec5543407e5edafbbf398eb19a0a,,,,data/raw/review_replay_20261001/models/C3_rfm_seed210_n64.npz,166cfca223a13a9e76ce2394db96c1751b8d787e7ab3c79c2ee2fd8cf324fcf0,relative_H1,review_replay_20261001,True,none,True,none,False,not_applicable,not_used,fc38e7c1fd40d30358c96e486ddae675428216469a7e8b6f5ead0c86b97577b7,166cfca223a13a9e76ce2394db96c1751b8d787e7ab3c79c2ee2fd8cf324fcf0,True,False
cga-review-replay-v1,C3,06,rfm,rfm_relu3,210,128,,,128,0.005375103942229842,0.005375103942229842,0.023188394508938025,,0.007283299139625129,-10.007498722495901,-10.012873826438131,10,1.0866261825960244e-09,True,L-BFGS-B: CONVERGENCE: RELATIVE REDUCTION OF F <= FACTR*EPSMCH,0.392826209001214,CG80x3-d2,599581f601cc019af5d55e28f70f46e87c3cdb7c2aea2307e39429b21556b65b,2.511146850005978e-05,2.511146850005978e-05,1.206683179004687e-06,,False,new_nested_rfm_coefficient_replay,,81c87de48137dedc13f2fa6e3c3295210c7791fc9b74889812acb12af85c3c35,fbe4904d8be5f2979aa48d19d959400a573aec5543407e5edafbbf398eb19a0a,,,,data/raw/review_replay_20261001/models/C3_rfm_seed210_n128.npz,32140e25c6d91968fe09cc37ee1b74fe200eec3468b81abc94593a774e1a1dcf,relative_H1,review_replay_20261001,True,none,True,none,False,not_applicable,not_used,fc38e7c1fd40d30358c96e486ddae675428216469a7e8b6f5ead0c86b97577b7,32140e25c6d91968fe09cc37ee1b74fe200eec3468b81abc94593a774e1a1dcf,True,False
cga-review-replay-v1,C3,06,rfm,rfm_relu3,210,256,,,256,0.00042437926847505025,0.00042437926847505025,0.006515622949925224,,0.0013920199713317984,-10.012449447169656,-10.012873826438131,30,4.1639295937403645e-08,True,L-BFGS-B: CONVERGENCE: RELATIVE REDUCTION OF F <= FACTR*EPSMCH,1.8624120419990504,CG80x3-d2,599581f601cc019af5d55e28f70f46e87c3cdb7c2aea2307e39429b21556b65b,0.00038738445100460774,0.00038738445100460774,4.069372567037066e-06,,False,new_nested_rfm_coefficient_replay,,81c87de48137dedc13f2fa6e3c3295210c7791fc9b74889812acb12af85c3c35,fbe4904d8be5f2979aa48d19d959400a573aec5543407e5edafbbf398eb19a0a,,,,data/raw/review_replay_20261001/models/C3_rfm_seed210_n256.npz,368a7e1106407e0d8d15efc631ee7f888a70dd677e4e058cf7e0ddf227ed7121,relative_H1,review_replay_20261001,True,none,True,none,False,not_applicable,not_used,fc38e7c1fd40d30358c96e486ddae675428216469a7e8b6f5ead0c86b97577b7,368a7e1106407e0d8d15efc631ee7f888a70dd677e4e058cf7e0ddf227ed7121,True,False
cga-review-replay-v1,C3,06,rfm,rfm_relu3,210,512,,,512,3.5353169083762737e-05,3.5353169083762737e-05,0.0018806071885647526,,0.00026864705956646163,-10.012838473269042,-10.012873826438126,200,4.140953435028297e-08,True,L-BFGS-B: CONVERGENCE: RELATIVE REDUCTION OF F <= FACTR*EPSMCH,20.886397624999518,CG192x4-d2,fd25921a2d114ee698b68f3913d50877f3c9d34661accee4b9456b9f9ca7756c,0.0005679821195964346,0.0005679821195964346,4.188705316704367e-05,,False,new_nested_rfm_coefficient_replay,,81c87de48137dedc13f2fa6e3c3295210c7791fc9b74889812acb12af85c3c35,fbe4904d8be5f2979aa48d19d959400a573aec5543407e5edafbbf398eb19a0a,,,,data/raw/review_replay_20261001/models/C3_rfm_seed210_n512.npz,2eb4175d027d8c0916ce3a3afef541f1db72a160543f9b52c421e11339174546,relative_H1,review_replay_20261001,True,none,True,none,False,not_applicable,not_used,fc38e7c1fd40d30358c96e486ddae675428216469a7e8b6f5ead0c86b97577b7,2eb4175d027d8c0916ce3a3afef541f1db72a160543f9b52c421e11339174546,True,False
cga-review-replay-v1,C4,17,rfm,rfm_relu3,201,8,,,8,103.54919822283563,103.54919822283563,0.5401857890538166,0.6032603456286397,0.3056707878573103,-334.7917114301752,-438.34090965301084,25,9.90561668374635e-10,True,L-BFGS-B: CONVERGENCE: RELATIVE REDUCTION OF F <= FACTR*EPSMCH,0.021483083000930492,CG3072x8-d1,21b8e3fcf1ec52418e7e1d4f9e165ea4f049f7f10f630326cf259fda713bcc49,5.412655236223409e-11,5.412655236223409e-11,5.072364690200435e-11,4.420866314450743e-11,False,new_nested_rfm_coefficient_replay,,fa0a3e14c37bb38157d73088a3589d725f9b3228022a5797a0f25e79b611b0e0,fbe4904d8be5f2979aa48d19d959400a573aec5543407e5edafbbf398eb19a0a,,,,data/raw/review_replay_20261001/models/C4_rfm_seed201_n8.npz,24a2f0786426e921d12b0b6db78a004c83a41c7a326a68f9e09116fbf97673c7,relative_gradient_component_Lp_seminorm,review_replay_20261001,True,none,True,none,True,none,not_used,fc38e7c1fd40d30358c96e486ddae675428216469a7e8b6f5ead0c86b97577b7,24a2f0786426e921d12b0b6db78a004c83a41c7a326a68f9e09116fbf97673c7,True,False
cga-review-replay-v1,C4,17,rfm,rfm_relu3,201,16,,,16,0.004531338891524683,0.004531338891524683,0.010275599007350445,0.004555679420030639,0.004664251891035382,-438.3363783141193,-438.34090965301084,45,3.668550703446105e-08,True,L-BFGS-B: CONVERGENCE: RELATIVE REDUCTION OF F <= FACTR*EPSMCH,0.02895383299983223,CG3072x8-d1,21b8e3fcf1ec52418e7e1d4f9e165ea4f049f7f10f630326cf259fda713bcc49,1.065028764524555e-08,1.065028764524555e-08,3.434079561302013e-11,1.0817595901024194e-10,False,new_nested_rfm_coefficient_replay,,fa0a3e14c37bb38157d73088a3589d725f9b3228022a5797a0f25e79b611b0e0,fbe4904d8be5f2979aa48d19d959400a573aec5543407e5edafbbf398eb19a0a,,,,data/raw/review_replay_20261001/models/C4_rfm_seed201_n16.npz,ab8ef74dd884b9635379a5126d15179bfe68d0eb59b5adda7c6400e79468b73a,relative_gradient_component_Lp_seminorm,review_replay_20261001,True,none,True,none,True,none,not_used,fc38e7c1fd40d30358c96e486ddae675428216469a7e8b6f5ead0c86b97577b7,ab8ef74dd884b9635379a5126d15179bfe68d0eb59b5adda7c6400e79468b73a,True,False
cga-review-replay-v1,C4,17,rfm,rfm_relu3,201,32,,,32,0.0008278407718194103,0.0008278407718194103,0.005182557602087622,0.0019469309878200197,0.00209168905577402,-438.340081812239,-438.34090965301084,60,1.4753515115677925e-08,True,L-BFGS-B: CONVERGENCE: RELATIVE REDUCTION OF F <= FACTR*EPSMCH,0.06497033400228247,CG3072x8-d1,21b8e3fcf1ec52418e7e1d4f9e165ea4f049f7f10f630326cf259fda713bcc49,1.2729744392082272e-06,1.2729744392082272e-06,6.662820573566435e-11,1.7609663417110907e-09,False,new_nested_rfm_coefficient_replay,,fa0a3e14c37bb38157d73088a3589d725f9b3228022a5797a0f25e79b611b0e0,fbe4904d8be5f2979aa48d19d959400a573aec5543407e5edafbbf398eb19a0a,,,,data/raw/review_replay_20261001/models/C4_rfm_seed201_n32.npz,3d198fa6722be9b638fd09919bc464858c008d2b3fe6495b15bc9ff6449013b3,relative_gradient_component_Lp_seminorm,review_replay_20261001,True,none,True,none,True,none,not_used,fc38e7c1fd40d30358c96e486ddae675428216469a7e8b6f5ead0c86b97577b7,3d198fa6722be9b638fd09919bc464858c008d2b3fe6495b15bc9ff6449013b3,True,False
cga-review-replay-v1,C4,17,rfm,rfm_relu3,201,64,,,64,1.6987524418254907e-06,1.6987524418254907e-06,0.00031544360412733696,8.803707605870724e-05,6.735074397393183e-05,-438.3409079542584,-438.34090965301084,96,2.631741595052087e-08,True,L-BFGS-B: CONVERGENCE: RELATIVE REDUCTION OF F <= FACTR*EPSMCH,0.19253583300087485,CG3072x8-d1,21b8e3fcf1ec52418e7e1d4f9e165ea4f049f7f10f630326cf259fda713bcc49,1.0875104974042129e-05,1.0875104974042129e-05,1.0491041605602051e-10,4.520119120905362e-09,False,new_nested_rfm_coefficient_replay,,fa0a3e14c37bb38157d73088a3589d725f9b3228022a5797a0f25e79b611b0e0,fbe4904d8be5f2979aa48d19d959400a573aec5543407e5edafbbf398eb19a0a,,,,data/raw/review_replay_20261001/models/C4_rfm_seed201_n64.npz,6f6747e4df2017f04fbec997ea4143ce229639de2cdc46e668e49eee30859611,relative_gradient_component_Lp_seminorm,review_replay_20261001,True,none,True,none,True,none,not_used,fc38e7c1fd40d30358c96e486ddae675428216469a7e8b6f5ead0c86b97577b7,6f6747e4df2017f04fbec997ea4143ce229639de2cdc46e668e49eee30859611,True,False
cga-review-replay-v1,C4,17,rfm,rfm_relu3,201,128,,,128,9.07589310372714e-08,9.07589310372714e-08,5.4881881379393804e-05,2.0349940253655864e-05,1.2991871781830674e-06,-438.3409095622519,-438.34090965301084,61,9.189442723604893e-09,True,L-BFGS-B: CONVERGENCE: RELATIVE REDUCTION OF F <= FACTR*EPSMCH,0.11507662499934668,CG3072x8-d1,21b8e3fcf1ec52418e7e1d4f9e165ea4f049f7f10f630326cf259fda713bcc49,0.0006570014179706485,0.0006570014179706485,1.7725500244871539e-09,1.6273050628527602e-08,False,new_nested_rfm_coefficient_replay,,fa0a3e14c37bb38157d73088a3589d725f9b3228022a5797a0f25e79b611b0e0,fbe4904d8be5f2979aa48d19d959400a573aec5543407e5edafbbf398eb19a0a,,,,data/raw/review_replay_20261001/models/C4_rfm_seed201_n128.npz,44ba4df9f7fd3afd7e264430f8f235310e1d174224509a2ede6eb056afbaf0f2,relative_gradient_component_Lp_seminorm,review_replay_20261001,True,none,True,none,True,none,not_used,fc38e7c1fd40d30358c96e486ddae675428216469a7e8b6f5ead0c86b97577b7,44ba4df9f7fd3afd7e264430f8f235310e1d174224509a2ede6eb056afbaf0f2,True,False
cga-review-replay-v1,C4,17,rfm,rfm_relu3,201,256,,,256,3.346940502524376e-10,3.346940502524376e-10,4.5950997380770684e-05,1.2463068149761004e-06,5.854773157953214e-07,-438.34090965267615,-438.34090965301084,51,1.6435740254656792e-08,True,L-BFGS-B: CONVERGENCE: RELATIVE REDUCTION OF F <= FACTR*EPSMCH,0.24929916699693422,CG3072x8-d1,21b8e3fcf1ec52418e7e1d4f9e165ea4f049f7f10f630326cf259fda713bcc49,0.05044157608695652,0.05044157608695652,2.3690822185769405e-10,3.133558319160946e-07,False,new_nested_rfm_coefficient_replay,,fa0a3e14c37bb38157d73088a3589d725f9b3228022a5797a0f25e79b611b0e0,fbe4904d8be5f2979aa48d19d959400a573aec5543407e5edafbbf398eb19a0a,,,,data/raw/review_replay_20261001/models/C4_rfm_seed201_n256.npz,a6f555d392d82f1006fe328d67b073ff86c05b03c541acb3d2ca40a12b4bb58c,relative_gradient_component_Lp_seminorm,review_replay_20261001,False,quadrature_audit_failed,True,none,True,none,not_used,fc38e7c1fd40d30358c96e486ddae675428216469a7e8b6f5ead0c86b97577b7,a6f555d392d82f1006fe328d67b073ff86c05b03c541acb3d2ca40a12b4bb58c,True,False
cga-review-replay-v1,C4,17,rfm,rfm_relu3,202,8,,,8,0.032460545871629165,0.032460545871629165,0.022647023014846567,0.012115024336417068,0.011976373889342747,-438.3084491071392,-438.34090965301084,20,7.287717362149935e-08,True,L-BFGS-B: CONVERGENCE: RELATIVE REDUCTION OF F <= FACTR*EPSMCH,0.02166475000194623,CG3072x8-d1,21b8e3fcf1ec52418e7e1d4f9e165ea4f049f7f10f630326cf259fda713bcc49,5.9048917155201425e-09,5.9048917155201425e-09,4.388316639832081e-12,8.885933119937817e-11,False,new_nested_rfm_coefficient_replay,,fa0a3e14c37bb38157d73088a3589d725f9b3228022a5797a0f25e79b611b0e0,fbe4904d8be5f2979aa48d19d959400a573aec5543407e5edafbbf398eb19a0a,,,,data/raw/review_replay_20261001/models/C4_rfm_seed202_n8.npz,ed0afa036e1f8b98858fee78af01f54879ee3fe167cadbdc6e7f8811a97050ed,relative_gradient_component_Lp_seminorm,review_replay_20261001,True,none,True,none,True,none,not_used,fc38e7c1fd40d30358c96e486ddae675428216469a7e8b6f5ead0c86b97577b7,ed0afa036e1f8b98858fee78af01f54879ee3fe167cadbdc6e7f8811a97050ed,True,False
cga-review-replay-v1,C4,17,rfm,rfm_relu3,202,16,,,16,0.0003994404562490672,0.0003994404562490672,0.0028890281544041263,0.001350012804509825,0.0006680581093319803,-438.3405102125546,-438.34090965301084,30,1.3861159352931424e-09,True,L-BFGS-B: CONVERGENCE: RELATIVE REDUCTION OF F <= FACTR*EPSMCH,0.029883833001804305,CG3072x8-d1,21b8e3fcf1ec52418e7e1d4f9e165ea4f049f7f10f630326cf259fda713bcc49,3.415382771866084e-09,3.415382771866084e-09,4.322460651479176e-11,1.5575966480033584e-10,False,new_nested_rfm_coefficient_replay,,fa0a3e14c37bb38157d73088a3589d725f9b3228022a5797a0f25e79b611b0e0,fbe4904d8be5f2979aa48d19d959400a573aec5543407e5edafbbf398eb19a0a,,,,data/raw/review_replay_20261001/models/C4_rfm_seed202_n16.npz,60f55ec95f1e7a65db335d03ce7390ac3eeeefa687909594fe94e199ad7a57f5,relative_gradient_component_Lp_seminorm,review_replay_20261001,True,none,True,none,True,none,not_used,fc38e7c1fd40d30358c96e486ddae675428216469a7e8b6f5ead0c86b97577b7,60f55ec95f1e7a65db335d03ce7390ac3eeeefa687909594fe94e199ad7a57f5,True,False
cga-review-replay-v1,C4,17,rfm,rfm_relu3,202,32,,,32,0.00016523365604825813,0.00016523365604825813,0.0014575523217623201,0.0008681990836740952,6.715228627278928e-05,-438.3407444193548,-438.34090965301084,75,1.4185911259882472e-08,True,L-BFGS-B: CONVERGENCE: RELATIVE REDUCTION OF F <= FACTR*EPSMCH,0.042655749999539694,CG3072x8-d1,21b8e3fcf1ec52418e7e1d4f9e165ea4f049f7f10f630326cf259fda713bcc49,5.725154301526087e-06,5.725154301526087e-06,7.0777583986593384e-09,1.8150957177608626e-09,False,new_nested_rfm_coefficient_replay,,fa0a3e14c37bb38157d73088a3589d725f9b3228022a5797a0f25e79b611b0e0,fbe4904d8be5f2979aa48d19d959400a573aec5543407e5edafbbf398eb19a0a,,,,data/raw/review_replay_20261001/models/C4_rfm_seed202_n32.npz,a2ecfd969e7f5f899ae5a9f77be0531fec4975b762b25d99ae07c672ed23be79,relative_gradient_component_Lp_seminorm,review_replay_20261001,True,none,True,none,True,none,not_used,fc38e7c1fd40d30358c96e486ddae675428216469a7e8b6f5ead0c86b97577b7,a2ecfd969e7f5f899ae5a9f77be0531fec4975b762b25d99ae07c672ed23be79,True,False
cga-review-replay-v1,C4,17,rfm,rfm_relu3,202,64,,,64,7.067882052069763e-06,7.067882052069763e-06,0.00017694394367854247,0.00017957802267915292,1.3445013624477561e-05,-438.3409025851288,-438.34090965301084,141,3.2242025178490736e-08,True,L-BFGS-B: CONVERGENCE: RELATIVE REDUCTION OF F <= FACTR*EPSMCH,0.09411908299807692,CG3072x8-d1,21b8e3fcf1ec52418e7e1d4f9e165ea4f049f7f10f630326cf259fda713bcc49,5.0667729906191675e-05,5.0667729906191675e-05,1.569642393511187e-10,1.733305652078537e-10,False,new_nested_rfm_coefficient_replay,,fa0a3e14c37bb38157d73088a3589d725f9b3228022a5797a0f25e79b611b0e0,fbe4904d8be5f2979aa48d19d959400a573aec5543407e5edafbbf398eb19a0a,,,,data/raw/review_replay_20261001/models/C4_rfm_seed202_n64.npz,04f580b9459e05bd90a95434119f6595cb5acf371c54e208b7fe34e9156a5467,relative_gradient_component_Lp_seminorm,review_replay_20261001,True,none,True,none,True,none,not_used,fc38e7c1fd40d30358c96e486ddae675428216469a7e8b6f5ead0c86b97577b7,04f580b9459e05bd90a95434119f6595cb5acf371c54e208b7fe34e9156a5467,True,False
cga-review-replay-v1,C4,17,rfm,rfm_relu3,202,128,,,128,8.241522664320655e-08,8.241522664320655e-08,7.789180351535697e-05,1.9391537518607205e-05,4.616581510645757e-06,-438.3409095705956,-438.34090965301084,67,2.6167469576054762e-08,True,L-BFGS-B: CONVERGENCE: RELATIVE REDUCTION OF F <= FACTR*EPSMCH,0.07426595799915958,CG3072x8-d1,21b8e3fcf1ec52418e7e1d4f9e165ea4f049f7f10f630326cf259fda713bcc49,0.0001903626822929599,0.0001903626822929599,2.172887699981255e-08,1.5189952690307755e-08,False,new_nested_rfm_coefficient_replay,,fa0a3e14c37bb38157d73088a3589d725f9b3228022a5797a0f25e79b611b0e0,fbe4904d8be5f2979aa48d19d959400a573aec5543407e5edafbbf398eb19a0a,,,,data/raw/review_replay_20261001/models/C4_rfm_seed202_n128.npz,7f653b450696384289b25f26a083f0f086eb843bc9b42d48dfe07e70a97c22f5,relative_gradient_component_Lp_seminorm,review_replay_20261001,True,none,True,none,True,none,not_used,fc38e7c1fd40d30358c96e486ddae675428216469a7e8b6f5ead0c86b97577b7,7f653b450696384289b25f26a083f0f086eb843bc9b42d48dfe07e70a97c22f5,True,False
cga-review-replay-v1,C4,17,rfm,rfm_relu3,202,256,,,256,2.0622792362701148e-10,2.0622792362701148e-10,6.300314791197178e-05,9.702918513835186e-07,2.400498372951739e-07,-438.3409096528046,-438.34090965301084,69,1.8460327667908884e-08,True,L-BFGS-B: CONVERGENCE: RELATIVE REDUCTION OF F <= FACTR*EPSMCH,0.20879908300048555,CG3072x8-d1,21b8e3fcf1ec52418e7e1d4f9e165ea4f049f7f10f630326cf259fda713bcc49,0.14911797133406834,0.14911797133406834,2.1442359184575794e-08,6.756693739179857e-08,False,new_nested_rfm_coefficient_replay,,fa0a3e14c37bb38157d73088a3589d725f9b3228022a5797a0f25e79b611b0e0,fbe4904d8be5f2979aa48d19d959400a573aec5543407e5edafbbf398eb19a0a,,,,data/raw/review_replay_20261001/models/C4_rfm_seed202_n256.npz,bcd279350c15933cf6526e7bdd072b738662c76f84bdf6b1ba1e334da9ae4fbe,relative_gradient_component_Lp_seminorm,review_replay_20261001,False,quadrature_audit_failed,True,none,True,none,not_used,fc38e7c1fd40d30358c96e486ddae675428216469a7e8b6f5ead0c86b97577b7,bcd279350c15933cf6526e7bdd072b738662c76f84bdf6b1ba1e334da9ae4fbe,True,False
cga-review-replay-v1,C4,17,rfm,rfm_relu3,203,8,,,8,0.2589016365387806,0.2589016365387806,0.06874922981582683,0.03444819309967456,0.014949578888803595,-438.08200801647206,-438.34090965301084,23,9.227204021586254e-10,True,L-BFGS-B: CONVERGENCE: RELATIVE REDUCTION OF F <= FACTR*EPSMCH,0.019720000000233995,CG3072x8-d1,21b8e3fcf1ec52418e7e1d4f9e165ea4f049f7f10f630326cf259fda713bcc49,6.995055531964823e-10,6.995055531964823e-10,9.031462693804422e-12,1.4642539104946362e-11,False,new_nested_rfm_coefficient_replay,,fa0a3e14c37bb38157d73088a3589d725f9b3228022a5797a0f25e79b611b0e0,fbe4904d8be5f2979aa48d19d959400a573aec5543407e5edafbbf398eb19a0a,,,,data/raw/review_replay_20261001/models/C4_rfm_seed203_n8.npz,010cd613d4b6a8619fe315dd44d2edc02fc5bd26d008bc977506f8590c3ed01a,relative_gradient_component_Lp_seminorm,review_replay_20261001,True,none,True,none,True,none,not_used,fc38e7c1fd40d30358c96e486ddae675428216469a7e8b6f5ead0c86b97577b7,010cd613d4b6a8619fe315dd44d2edc02fc5bd26d008bc977506f8590c3ed01a,True,False
cga-review-replay-v1,C4,17,rfm,rfm_relu3,203,16,,,16,0.0041566022791243995,0.0041566022791243995,0.00761423593584762,0.004353775486717409,0.0013820840744929953,-438.3367530507317,-438.34090965301084,37,8.724666462614532e-09,True,L-BFGS-B: CONVERGENCE: RELATIVE REDUCTION OF F <= FACTR*EPSMCH,0.033187125001859386,CG3072x8-d1,21b8e3fcf1ec52418e7e1d4f9e165ea4f049f7f10f630326cf259fda713bcc49,2.684491412232771e-08,2.684491412232771e-08,1.4273547787211349e-11,3.8934477540051476e-11,False,new_nested_rfm_coefficient_replay,,fa0a3e14c37bb38157d73088a3589d725f9b3228022a5797a0f25e79b611b0e0,fbe4904d8be5f2979aa48d19d959400a573aec5543407e5edafbbf398eb19a0a,,,,data/raw/review_replay_20261001/models/C4_rfm_seed203_n16.npz,6237b4a6f5dc8b8a552656f34d96ee1a880bc22a6c19cbf8f83e98cd025261ab,relative_gradient_component_Lp_seminorm,review_replay_20261001,True,none,True,none,True,none,not_used,fc38e7c1fd40d30358c96e486ddae675428216469a7e8b6f5ead0c86b97577b7,6237b4a6f5dc8b8a552656f34d96ee1a880bc22a6c19cbf8f83e98cd025261ab,True,False
cga-review-replay-v1,C4,17,rfm,rfm_relu3,203,32,,,32,0.001341506178164309,0.001341506178164309,0.002769595167230882,0.0024732372793119213,0.00019591743376405076,-438.3395681468327,-438.34090965301084,95,5.0044070638936795e-08,True,L-BFGS-B: CONVERGENCE: RELATIVE REDUCTION OF F <= FACTR*EPSMCH,0.08012099999905331,CG3072x8-d1,21b8e3fcf1ec52418e7e1d4f9e165ea4f049f7f10f630326cf259fda713bcc49,2.7711833564448287e-08,2.7711833564448287e-08,1.9564903914774902e-10,5.487439208558686e-11,False,new_nested_rfm_coefficient_replay,,fa0a3e14c37bb38157d73088a3589d725f9b3228022a5797a0f25e79b611b0e0,fbe4904d8be5f2979aa48d19d959400a573aec5543407e5edafbbf398eb19a0a,,,,data/raw/review_replay_20261001/models/C4_rfm_seed203_n32.npz,5c92748876be1d520597a739e005298d63c173eb186ed144dbac5be9df4cabc1,relative_gradient_component_Lp_seminorm,review_replay_20261001,True,none,True,none,True,none,not_used,fc38e7c1fd40d30358c96e486ddae675428216469a7e8b6f5ead0c86b97577b7,5c92748876be1d520597a739e005298d63c173eb186ed144dbac5be9df4cabc1,True,False
cga-review-replay-v1,C4,17,rfm,rfm_relu3,203,64,,,64,8.466863050671236e-07,8.466863050671236e-07,0.00047589624565430637,6.215520005422766e-05,3.5098706006518263e-06,-438.34090880632453,-438.34090965301084,69,3.281389989334962e-08,True,L-BFGS-B: CONVERGENCE: RELATIVE REDUCTION OF F <= FACTR*EPSMCH,0.09636116700130515,CG3072x8-d1,21b8e3fcf1ec52418e7e1d4f9e165ea4f049f7f10f630326cf259fda713bcc49,2.3094900639225226e-05,2.3094900639225226e-05,3.7098050420273265e-11,3.3344471183147963e-09,False,new_nested_rfm_coefficient_replay,,fa0a3e14c37bb38157d73088a3589d725f9b3228022a5797a0f25e79b611b0e0,fbe4904d8be5f2979aa48d19d959400a573aec5543407e5edafbbf398eb19a0a,,,,data/raw/review_replay_20261001/models/C4_rfm_seed203_n64.npz,3e5470dc6e0408abbccad1d223c78fdc09555bc86a93d73d532b906f41f8f5a3,relative_gradient_component_Lp_seminorm,review_replay_20261001,True,none,True,none,True,none,not_used,fc38e7c1fd40d30358c96e486ddae675428216469a7e8b6f5ead0c86b97577b7,3e5470dc6e0408abbccad1d223c78fdc09555bc86a93d73d532b906f41f8f5a3,True,False
cga-review-replay-v1,C4,17,rfm,rfm_relu3,203,128,,,128,8.306585641548736e-08,8.306585641548736e-08,7.84596155408839e-05,1.9467466631411562e-05,2.552148927777187e-06,-438.340909569945,-438.34090965301084,122,4.096340943156995e-08,True,L-BFGS-B: CONVERGENCE: RELATIVE REDUCTION OF F <= FACTR*EPSMCH,0.1723372919987014,CG3072x8-d1,21b8e3fcf1ec52418e7e1d4f9e165ea4f049f7f10f630326cf259fda713bcc49,2.1213842374307984e-05,2.1213842374307984e-05,2.4671791835781366e-09,3.122749960637767e-08,False,new_nested_rfm_coefficient_replay,,fa0a3e14c37bb38157d73088a3589d725f9b3228022a5797a0f25e79b611b0e0,fbe4904d8be5f2979aa48d19d959400a573aec5543407e5edafbbf398eb19a0a,,,,data/raw/review_replay_20261001/models/C4_rfm_seed203_n128.npz,bef4d0efae3937a3fe7ad593453ebbb192a3d90a8363fc77aaf1c0e783d0da92,relative_gradient_component_Lp_seminorm,review_replay_20261001,True,none,True,none,True,none,not_used,fc38e7c1fd40d30358c96e486ddae675428216469a7e8b6f5ead0c86b97577b7,bef4d0efae3937a3fe7ad593453ebbb192a3d90a8363fc77aaf1c0e783d0da92,True,False
cga-review-replay-v1,C4,17,rfm,rfm_relu3,203,256,,,256,5.029505700804293e-10,5.029505700804293e-10,7.982521382931458e-05,1.517494380909881e-06,1.6397337171643076e-06,-438.3409096525079,-438.34090965301084,62,1.2445262994894487e-08,True,L-BFGS-B: CONVERGENCE: RELATIVE REDUCTION OF F <= FACTR*EPSMCH,0.22936174999995274,CG3072x8-d1,21b8e3fcf1ec52418e7e1d4f9e165ea4f049f7f10f630326cf259fda713bcc49,0.012884267631103074,0.012884267631103074,9.756469149226061e-11,1.7904482623507065e-07,False,new_nested_rfm_coefficient_replay,,fa0a3e14c37bb38157d73088a3589d725f9b3228022a5797a0f25e79b611b0e0,fbe4904d8be5f2979aa48d19d959400a573aec5543407e5edafbbf398eb19a0a,,,,data/raw/review_replay_20261001/models/C4_rfm_seed203_n256.npz,878556192912149d732fed38a83f08245251e5bbe15a5d86b6873d16784a8a45,relative_gradient_component_Lp_seminorm,review_replay_20261001,False,quadrature_audit_failed,True,none,True,none,not_used,fc38e7c1fd40d30358c96e486ddae675428216469a7e8b6f5ead0c86b97577b7,878556192912149d732fed38a83f08245251e5bbe15a5d86b6873d16784a8a45,True,False
cga-review-replay-v1,C4,17,rfm,rfm_relu3,204,8,,,8,0.12267574091515598,0.12267574091515598,0.08288302857508298,0.02400365588853091,0.010142267467206957,-438.2182339120957,-438.34090965301084,21,2.417994149576429e-09,True,L-BFGS-B: CONVERGENCE: RELATIVE REDUCTION OF F <= FACTR*EPSMCH,0.011438207999162842,CG3072x8-d1,21b8e3fcf1ec52418e7e1d4f9e165ea4f049f7f10f630326cf259fda713bcc49,2.2232164375741042e-09,2.2232164375741042e-09,2.3273914315748425e-14,1.5884756130081246e-12,False,new_nested_rfm_coefficient_replay,,fa0a3e14c37bb38157d73088a3589d725f9b3228022a5797a0f25e79b611b0e0,fbe4904d8be5f2979aa48d19d959400a573aec5543407e5edafbbf398eb19a0a,,,,data/raw/review_replay_20261001/models/C4_rfm_seed204_n8.npz,c236fd5d11e679cb844e489045333abd95822780c0052a1e482f8c315887b1d2,relative_gradient_component_Lp_seminorm,review_replay_20261001,True,none,True,none,True,none,not_used,fc38e7c1fd40d30358c96e486ddae675428216469a7e8b6f5ead0c86b97577b7,c236fd5d11e679cb844e489045333abd95822780c0052a1e482f8c315887b1d2,True,False
cga-review-replay-v1,C4,17,rfm,rfm_relu3,204,16,,,16,0.018327983533311,0.018327983533311,0.017965087427484545,0.00908131436582033,0.007210959497157042,-438.32258166947753,-438.34090965301084,36,4.4532959767421336e-08,True,L-BFGS-B: CONVERGENCE: RELATIVE REDUCTION OF F <= FACTR*EPSMCH,0.03987145800056169,CG3072x8-d1,21b8e3fcf1ec52418e7e1d4f9e165ea4f049f7f10f630326cf259fda713bcc49,1.2300371112415447e-08,1.2300371112415447e-08,7.205927457227818e-09,3.0448968690580156e-11,False,new_nested_rfm_coefficient_replay,,fa0a3e14c37bb38157d73088a3589d725f9b3228022a5797a0f25e79b611b0e0,fbe4904d8be5f2979aa48d19d959400a573aec5543407e5edafbbf398eb19a0a,,,,data/raw/review_replay_20261001/models/C4_rfm_seed204_n16.npz,6f7d7b68dff71d9e9ccd61184fe4d5514ea026c15d2452e3a09a64e9e1b1bada,relative_gradient_component_Lp_seminorm,review_replay_20261001,True,none,True,none,True,none,not_used,fc38e7c1fd40d30358c96e486ddae675428216469a7e8b6f5ead0c86b97577b7,6f7d7b68dff71d9e9ccd61184fe4d5514ea026c15d2452e3a09a64e9e1b1bada,True,False
cga-review-replay-v1,C4,17,rfm,rfm_relu3,204,32,,,32,7.953992638931595e-05,7.953992638931595e-05,0.004127345696393094,0.0006018116542761497,0.00010702595240230967,-438.34083011308445,-438.34090965301084,67,3.638955987644915e-08,True,L-BFGS-B: CONVERGENCE: RELATIVE REDUCTION OF F <= FACTR*EPSMCH,0.1065314590014168,CG3072x8-d1,21b8e3fcf1ec52418e7e1d4f9e165ea4f049f7f10f630326cf259fda713bcc49,3.208790380767952e-07,3.208790380767952e-07,3.698965692471524e-09,8.517869954127712e-10,False,new_nested_rfm_coefficient_replay,,fa0a3e14c37bb38157d73088a3589d725f9b3228022a5797a0f25e79b611b0e0,fbe4904d8be5f2979aa48d19d959400a573aec5543407e5edafbbf398eb19a0a,,,,data/raw/review_replay_20261001/models/C4_rfm_seed204_n32.npz,8acfeff142f8f55da7e774736f44e911b73058df9cd7aff613b95d77e17a07e3,relative_gradient_component_Lp_seminorm,review_replay_20261001,True,none,True,none,True,none,not_used,fc38e7c1fd40d30358c96e486ddae675428216469a7e8b6f5ead0c86b97577b7,8acfeff142f8f55da7e774736f44e911b73058df9cd7aff613b95d77e17a07e3,True,False
cga-review-replay-v1,C4,17,rfm,rfm_relu3,204,64,,,64,4.7163125600491185e-06,4.7163125600491185e-06,0.00024305290350489384,0.00014669154829422272,3.289797773652151e-05,-438.3409049366983,-438.34090965301084,130,8.619003690090924e-09,True,L-BFGS-B: CONVERGENCE: RELATIVE REDUCTION OF F <= FACTR*EPSMCH,0.2189719160014647,CG3072x8-d1,21b8e3fcf1ec52418e7e1d4f9e165ea4f049f7f10f630326cf259fda713bcc49,3.054106816698921e-05,3.054106816698921e-05,1.5238564984977162e-09,4.572161979839827e-09,False,new_nested_rfm_coefficient_replay,,fa0a3e14c37bb38157d73088a3589d725f9b3228022a5797a0f25e79b611b0e0,fbe4904d8be5f2979aa48d19d959400a573aec5543407e5edafbbf398eb19a0a,,,,data/raw/review_replay_20261001/models/C4_rfm_seed204_n64.npz,f4cc00b55ffd05bfd25be39dc1164c26f75af3ea9102a3dea05f0cea2e09cbc4,relative_gradient_component_Lp_seminorm,review_replay_20261001,True,none,True,none,True,none,not_used,fc38e7c1fd40d30358c96e486ddae675428216469a7e8b6f5ead0c86b97577b7,f4cc00b55ffd05bfd25be39dc1164c26f75af3ea9102a3dea05f0cea2e09cbc4,True,False
cga-review-replay-v1,C4,17,rfm,rfm_relu3,204,128,,,128,1.264963884750614e-07,1.264963884750614e-07,0.0001532092594817664,2.402404808103558e-05,2.1602926553104922e-05,-438.34090952651445,-438.34090965301084,81,4.73566116008051e-08,True,L-BFGS-B: CONVERGENCE: RELATIVE REDUCTION OF F <= FACTR*EPSMCH,1.0909715829984634,CG3072x8-d1,21b8e3fcf1ec52418e7e1d4f9e165ea4f049f7f10f630326cf259fda713bcc49,0.00013570911156367453,0.00013570911156367453,6.051368405390497e-11,8.340184488303118e-09,False,new_nested_rfm_coefficient_replay,,fa0a3e14c37bb38157d73088a3589d725f9b3228022a5797a0f25e79b611b0e0,fbe4904d8be5f2979aa48d19d959400a573aec5543407e5edafbbf398eb19a0a,,,,data/raw/review_replay_20261001/models/C4_rfm_seed204_n128.npz,bb1563d28cf61eb9819a7e26224920808ecdfa6e2a58dd91d8309356169853b2,relative_gradient_component_Lp_seminorm,review_replay_20261001,True,none,True,none,True,none,not_used,fc38e7c1fd40d30358c96e486ddae675428216469a7e8b6f5ead0c86b97577b7,bb1563d28cf61eb9819a7e26224920808ecdfa6e2a58dd91d8309356169853b2,True,False
cga-review-replay-v1,C4,17,rfm,rfm_relu3,204,256,,,256,3.590230335248634e-10,3.590230335248634e-10,0.00010345455770873464,1.273121873044141e-06,1.4588011256838045e-06,-438.3409096526518,-438.34090965301084,96,1.012417171939258e-07,True,L-BFGS-B: CONVERGENCE: RELATIVE REDUCTION OF F <= FACTR*EPSMCH,0.3320843750007043,CG3072x8-d1,21b8e3fcf1ec52418e7e1d4f9e165ea4f049f7f10f630326cf259fda713bcc49,0.023590880303989866,0.023590880303989866,3.606909402750717e-11,8.572514660251618e-08,False,new_nested_rfm_coefficient_replay,,fa0a3e14c37bb38157d73088a3589d725f9b3228022a5797a0f25e79b611b0e0,fbe4904d8be5f2979aa48d19d959400a573aec5543407e5edafbbf398eb19a0a,,,,data/raw/review_replay_20261001/models/C4_rfm_seed204_n256.npz,d40e62d2a70f26d11151ef906905a04a664f3a5c85e15c3bc0e21b2037e3d239,relative_gradient_component_Lp_seminorm,review_replay_20261001,False,quadrature_audit_failed,True,none,True,none,not_used,fc38e7c1fd40d30358c96e486ddae675428216469a7e8b6f5ead0c86b97577b7,d40e62d2a70f26d11151ef906905a04a664f3a5c85e15c3bc0e21b2037e3d239,True,False
cga-review-replay-v1,C4,17,rfm,rfm_relu3,205,8,,,8,0.5310703254310738,0.5310703254310738,0.1675978116468022,0.05112618911483918,0.017494637792110808,-437.80983932757977,-438.34090965301084,19,3.373220268338858e-09,True,L-BFGS-B: CONVERGENCE: RELATIVE REDUCTION OF F <= FACTR*EPSMCH,0.09260487500068848,CG3072x8-d1,21b8e3fcf1ec52418e7e1d4f9e165ea4f049f7f10f630326cf259fda713bcc49,1.701865678812345e-10,1.701865678812345e-10,2.6354395641231e-11,9.894734358707106e-11,False,new_nested_rfm_coefficient_replay,,fa0a3e14c37bb38157d73088a3589d725f9b3228022a5797a0f25e79b611b0e0,fbe4904d8be5f2979aa48d19d959400a573aec5543407e5edafbbf398eb19a0a,,,,data/raw/review_replay_20261001/models/C4_rfm_seed205_n8.npz,44a9f83d2acddfb606c99bc08f67c6f3999dd01fc843c3da898d8934d1da2c21,relative_gradient_component_Lp_seminorm,review_replay_20261001,True,none,True,none,True,none,not_used,fc38e7c1fd40d30358c96e486ddae675428216469a7e8b6f5ead0c86b97577b7,44a9f83d2acddfb606c99bc08f67c6f3999dd01fc843c3da898d8934d1da2c21,True,False
cga-review-replay-v1,C4,17,rfm,rfm_relu3,205,16,,,16,0.0009404184215782152,0.0009404184215782152,0.009150729600596803,0.0020711620901230623,0.0006424077486608517,-438.33996923458926,-438.34090965301084,24,6.481650216734192e-08,True,L-BFGS-B: CONVERGENCE: RELATIVE REDUCTION OF F <= FACTR*EPSMCH,0.052467209003225435,CG3072x8-d1,21b8e3fcf1ec52418e7e1d4f9e165ea4f049f7f10f630326cf259fda713bcc49,5.3191438459450335e-08,5.3191438459450335e-08,8.697191055199953e-11,8.750737475857212e-10,False,new_nested_rfm_coefficient_replay,,fa0a3e14c37bb38157d73088a3589d725f9b3228022a5797a0f25e79b611b0e0,fbe4904d8be5f2979aa48d19d959400a573aec5543407e5edafbbf398eb19a0a,,,,data/raw/review_replay_20261001/models/C4_rfm_seed205_n16.npz,7b69b5f898014f60c5a9f4022cd3b46ceae9dccfc311dd07c87afaf3828b607d,relative_gradient_component_Lp_seminorm,review_replay_20261001,True,none,True,none,True,none,not_used,fc38e7c1fd40d30358c96e486ddae675428216469a7e8b6f5ead0c86b97577b7,7b69b5f898014f60c5a9f4022cd3b46ceae9dccfc311dd07c87afaf3828b607d,True,False
cga-review-replay-v1,C4,17,rfm,rfm_relu3,205,32,,,32,7.760176657711781e-05,7.760176657711781e-05,0.002179042286435163,0.0005955236643028212,0.00035437550893839233,-438.34083205124426,-438.34090965301084,38,3.4741222878611716e-08,True,L-BFGS-B: CONVERGENCE: RELATIVE REDUCTION OF F <= FACTR*EPSMCH,0.07187858300312655,CG3072x8-d1,21b8e3fcf1ec52418e7e1d4f9e165ea4f049f7f10f630326cf259fda713bcc49,7.310366055482829e-07,7.310366055482829e-07,6.001015709497374e-10,3.666212767896269e-10,False,new_nested_rfm_coefficient_replay,,fa0a3e14c37bb38157d73088a3589d725f9b3228022a5797a0f25e79b611b0e0,fbe4904d8be5f2979aa48d19d959400a573aec5543407e5edafbbf398eb19a0a,,,,data/raw/review_replay_20261001/models/C4_rfm_seed205_n32.npz,6be4ab3bc29207fb0468418e86337bc198f20d500169162b0baa523d73e81b68,relative_gradient_component_Lp_seminorm,review_replay_20261001,True,none,True,none,True,none,not_used,fc38e7c1fd40d30358c96e486ddae675428216469a7e8b6f5ead0c86b97577b7,6be4ab3bc29207fb0468418e86337bc198f20d500169162b0baa523d73e81b68,True,False
cga-review-replay-v1,C4,17,rfm,rfm_relu3,205,64,,,64,3.314131504339457e-06,3.314131504339457e-06,0.0012670634735420197,0.000122811300562727,0.0002592443414822788,-438.34090633887934,-438.34090965301084,94,3.5418581565410834e-08,True,L-BFGS-B: CONVERGENCE: RELATIVE REDUCTION OF F <= FACTR*EPSMCH,0.1588902910007164,CG3072x8-d1,21b8e3fcf1ec52418e7e1d4f9e165ea4f049f7f10f630326cf259fda713bcc49,6.0374440220025045e-06,6.0374440220025045e-06,2.1315698891430654e-11,3.459132646252606e-09,False,new_nested_rfm_coefficient_replay,,fa0a3e14c37bb38157d73088a3589d725f9b3228022a5797a0f25e79b611b0e0,fbe4904d8be5f2979aa48d19d959400a573aec5543407e5edafbbf398eb19a0a,,,,data/raw/review_replay_20261001/models/C4_rfm_seed205_n64.npz,fdf01def64603fa96957184f0bdb1195e5588cf9eeb92441c39e1406fa851117,relative_gradient_component_Lp_seminorm,review_replay_20261001,True,none,True,none,True,none,not_used,fc38e7c1fd40d30358c96e486ddae675428216469a7e8b6f5ead0c86b97577b7,fdf01def64603fa96957184f0bdb1195e5588cf9eeb92441c39e1406fa851117,True,False
cga-review-replay-v1,C4,17,rfm,rfm_relu3,205,128,,,128,4.0620875552122016e-08,4.0620875552122016e-08,0.0001005345688829542,1.361710640912767e-05,3.447450965049678e-06,-438.34090961238996,-438.34090965301084,105,2.6342024376607504e-08,True,L-BFGS-B: CONVERGENCE: RELATIVE REDUCTION OF F <= FACTR*EPSMCH,0.3504604580011801,CG3072x8-d1,21b8e3fcf1ec52418e7e1d4f9e165ea4f049f7f10f630326cf259fda713bcc49,0.001228642196442815,0.001228642196442815,5.828730545816893e-10,2.4974399916791733e-08,False,new_nested_rfm_coefficient_replay,,fa0a3e14c37bb38157d73088a3589d725f9b3228022a5797a0f25e79b611b0e0,fbe4904d8be5f2979aa48d19d959400a573aec5543407e5edafbbf398eb19a0a,,,,data/raw/review_replay_20261001/models/C4_rfm_seed205_n128.npz,c67517a769cbbd6ce29e42d5ca4a4e636df6bbc49d8130daf1b7290b968785e3,relative_gradient_component_Lp_seminorm,review_replay_20261001,True,none,True,none,True,none,not_used,fc38e7c1fd40d30358c96e486ddae675428216469a7e8b6f5ead0c86b97577b7,c67517a769cbbd6ce29e42d5ca4a4e636df6bbc49d8130daf1b7290b968785e3,True,False
cga-review-replay-v1,C4,17,rfm,rfm_relu3,205,256,,,256,3.4708591556409374e-10,3.4708591556409374e-10,0.00010083234303763721,1.257087175730741e-06,2.1825396801155664e-06,-438.34090965266375,-438.34090965301084,49,1.716004499205209e-08,True,L-BFGS-B: CONVERGENCE: RELATIVE REDUCTION OF F <= FACTR*EPSMCH,0.3491929160009022,CG3072x8-d1,21b8e3fcf1ec52418e7e1d4f9e165ea4f049f7f10f630326cf259fda713bcc49,0.06583688175565018,0.06583688175565018,2.7508988182464835e-11,1.1390998906301386e-08,False,new_nested_rfm_coefficient_replay,,fa0a3e14c37bb38157d73088a3589d725f9b3228022a5797a0f25e79b611b0e0,fbe4904d8be5f2979aa48d19d959400a573aec5543407e5edafbbf398eb19a0a,,,,data/raw/review_replay_20261001/models/C4_rfm_seed205_n256.npz,4df601a9a6ff805d91d79da9f824446abcdf4cf1a425407a29c5154994a1a737,relative_gradient_component_Lp_seminorm,review_replay_20261001,False,quadrature_audit_failed,True,none,True,none,not_used,fc38e7c1fd40d30358c96e486ddae675428216469a7e8b6f5ead0c86b97577b7,4df601a9a6ff805d91d79da9f824446abcdf4cf1a425407a29c5154994a1a737,True,False
cga-review-replay-v1,C4,17,rfm,rfm_relu3,206,8,,,8,4.995167690871085,4.995167690871085,0.23200549983461446,0.14631226408674322,0.11409089338714988,-433.34574196213975,-438.34090965301084,21,2.0783519942041936e-10,True,L-BFGS-B: CONVERGENCE: RELATIVE REDUCTION OF F <= FACTR*EPSMCH,0.1216877500010014,CG3072x8-d1,21b8e3fcf1ec52418e7e1d4f9e165ea4f049f7f10f630326cf259fda713bcc49,5.785604702268437e-10,9.580554107597695e-11,5.785604702268437e-10,7.30834295137094e-11,False,new_nested_rfm_coefficient_replay,,fa0a3e14c37bb38157d73088a3589d725f9b3228022a5797a0f25e79b611b0e0,fbe4904d8be5f2979aa48d19d959400a573aec5543407e5edafbbf398eb19a0a,,,,data/raw/review_replay_20261001/models/C4_rfm_seed206_n8.npz,fe1b10f1a05fc005927b1f6811398e28971fbb989ce773c12387cf23d4b5e223,relative_gradient_component_Lp_seminorm,review_replay_20261001,True,none,True,none,True,none,not_used,fc38e7c1fd40d30358c96e486ddae675428216469a7e8b6f5ead0c86b97577b7,fe1b10f1a05fc005927b1f6811398e28971fbb989ce773c12387cf23d4b5e223,True,False
cga-review-replay-v1,C4,17,rfm,rfm_relu3,206,16,,,16,0.00467009004648844,0.00467009004648844,0.008827244425607287,0.004610979151349338,0.002151127537787181,-438.33623956296435,-438.34090965301084,44,3.2572651692031807e-09,True,L-BFGS-B: CONVERGENCE: RELATIVE REDUCTION OF F <= FACTR*EPSMCH,0.06549587499830523,CG3072x8-d1,21b8e3fcf1ec52418e7e1d4f9e165ea4f049f7f10f630326cf259fda713bcc49,6.524086731968438e-09,6.524086731968438e-09,3.701778133571259e-10,2.785669626009972e-10,False,new_nested_rfm_coefficient_replay,,fa0a3e14c37bb38157d73088a3589d725f9b3228022a5797a0f25e79b611b0e0,fbe4904d8be5f2979aa48d19d959400a573aec5543407e5edafbbf398eb19a0a,,,,data/raw/review_replay_20261001/models/C4_rfm_seed206_n16.npz,0bb99eb5354f523588ce1764aebb1b49fba2316eb95b2996ed95b9c11435c42b,relative_gradient_component_Lp_seminorm,review_replay_20261001,True,none,True,none,True,none,not_used,fc38e7c1fd40d30358c96e486ddae675428216469a7e8b6f5ead0c86b97577b7,0bb99eb5354f523588ce1764aebb1b49fba2316eb95b2996ed95b9c11435c42b,True,False
cga-review-replay-v1,C4,17,rfm,rfm_relu3,206,32,,,32,0.0023185563479728444,0.0023185563479728444,0.006702210488499947,0.003250076074408909,0.0003523452077896704,-438.33859109666287,-438.34090965301084,50,5.291804292345854e-09,True,L-BFGS-B: CONVERGENCE: RELATIVE REDUCTION OF F <= FACTR*EPSMCH,0.14987879199907184,CG3072x8-d1,21b8e3fcf1ec52418e7e1d4f9e165ea4f049f7f10f630326cf259fda713bcc49,1.521017899438963e-07,1.521017899438963e-07,2.3950053540731196e-10,9.59635237855907e-10,False,new_nested_rfm_coefficient_replay,,fa0a3e14c37bb38157d73088a3589d725f9b3228022a5797a0f25e79b611b0e0,fbe4904d8be5f2979aa48d19d959400a573aec5543407e5edafbbf398eb19a0a,,,,data/raw/review_replay_20261001/models/C4_rfm_seed206_n32.npz,d1912abb3d6f9cd71c14ab50561407e622255593cd0a0d391bd84e965a95b8b4,relative_gradient_component_Lp_seminorm,review_replay_20261001,True,none,True,none,True,none,not_used,fc38e7c1fd40d30358c96e486ddae675428216469a7e8b6f5ead0c86b97577b7,d1912abb3d6f9cd71c14ab50561407e622255593cd0a0d391bd84e965a95b8b4,True,False
cga-review-replay-v1,C4,17,rfm,rfm_relu3,206,64,,,64,2.251389912544255e-05,2.251389912544255e-05,0.003963452121009589,0.0003188957140029551,9.348517769296985e-05,-438.3408871391117,-438.34090965301084,70,1.1802102639897173e-07,True,L-BFGS-B: CONVERGENCE: RELATIVE REDUCTION OF F <= FACTR*EPSMCH,0.07490229200266185,CG3072x8-d1,21b8e3fcf1ec52418e7e1d4f9e165ea4f049f7f10f630326cf259fda713bcc49,1.4189457464376975e-06,1.4189457464376975e-06,3.6546274767958264e-14,2.2695335551190982e-09,False,new_nested_rfm_coefficient_replay,,fa0a3e14c37bb38157d73088a3589d725f9b3228022a5797a0f25e79b611b0e0,fbe4904d8be5f2979aa48d19d959400a573aec5543407e5edafbbf398eb19a0a,,,,data/raw/review_replay_20261001/models/C4_rfm_seed206_n64.npz,aea5e5d38400bd5113491db2793cfb00b5f458bdeec648840f74f8c4793c0c4c,relative_gradient_component_Lp_seminorm,review_replay_20261001,True,none,True,none,True,none,not_used,fc38e7c1fd40d30358c96e486ddae675428216469a7e8b6f5ead0c86b97577b7,aea5e5d38400bd5113491db2793cfb00b5f458bdeec648840f74f8c4793c0c4c,True,False
cga-review-replay-v1,C4,17,rfm,rfm_relu3,206,128,,,128,2.172470203731791e-08,2.172470203731791e-08,7.719460622139778e-05,9.960488652466656e-06,7.694171954167873e-07,-438.34090963128614,-438.34090965301084,87,2.2424006127412368e-08,True,L-BFGS-B: CONVERGENCE: RELATIVE REDUCTION OF F <= FACTR*EPSMCH,0.21209575000102632,CG3072x8-d1,21b8e3fcf1ec52418e7e1d4f9e165ea4f049f7f10f630326cf259fda713bcc49,0.003037795831861533,0.003037795831861533,1.7130095470491605e-09,1.8698909409010063e-08,False,new_nested_rfm_coefficient_replay,,fa0a3e14c37bb38157d73088a3589d725f9b3228022a5797a0f25e79b611b0e0,fbe4904d8be5f2979aa48d19d959400a573aec5543407e5edafbbf398eb19a0a,,,,data/raw/review_replay_20261001/models/C4_rfm_seed206_n128.npz,885a2089491d966ed64dcf47628de2ca42d240b7d8a7daac6477e0434465edf0,relative_gradient_component_Lp_seminorm,review_replay_20261001,True,none,True,none,True,none,not_used,fc38e7c1fd40d30358c96e486ddae675428216469a7e8b6f5ead0c86b97577b7,885a2089491d966ed64dcf47628de2ca42d240b7d8a7daac6477e0434465edf0,True,False
cga-review-replay-v1,C4,17,rfm,rfm_relu3,206,256,,,256,1.7763568394002505e-10,1.7763568394002505e-10,7.756051129418285e-05,9.008222495532134e-07,3.147886150332787e-07,-438.3409096528332,-438.34090965301084,48,2.2128208315180233e-08,True,L-BFGS-B: CONVERGENCE: RELATIVE REDUCTION OF F <= FACTR*EPSMCH,0.24015108400271856,CG3072x8-d1,21b8e3fcf1ec52418e7e1d4f9e165ea4f049f7f10f630326cf259fda713bcc49,0.02144,0.02144,2.7848949198457414e-10,8.332734686189608e-09,False,new_nested_rfm_coefficient_replay,,fa0a3e14c37bb38157d73088a3589d725f9b3228022a5797a0f25e79b611b0e0,fbe4904d8be5f2979aa48d19d959400a573aec5543407e5edafbbf398eb19a0a,,,,data/raw/review_replay_20261001/models/C4_rfm_seed206_n256.npz,cb38ecc15195363611537ae01670acf616a769ce3e9d5d004e67258e06f6ef48,relative_gradient_component_Lp_seminorm,review_replay_20261001,False,quadrature_audit_failed,True,none,True,none,not_used,fc38e7c1fd40d30358c96e486ddae675428216469a7e8b6f5ead0c86b97577b7,cb38ecc15195363611537ae01670acf616a769ce3e9d5d004e67258e06f6ef48,True,False
cga-review-replay-v1,C4,17,rfm,rfm_relu3,207,8,,,8,0.12939381748276446,0.12939381748276446,0.08293438743868632,0.025526210087426587,0.010873380286483592,-438.2115158355281,-438.34090965301084,23,1.3993689579979382e-09,True,L-BFGS-B: CONVERGENCE: RELATIVE REDUCTION OF F <= FACTR*EPSMCH,0.018692625002586283,CG3072x8-d1,21b8e3fcf1ec52418e7e1d4f9e165ea4f049f7f10f630326cf259fda713bcc49,1.8871936194504646e-09,1.1848069996699804e-09,1.8871936194504646e-09,8.080273544920679e-10,False,new_nested_rfm_coefficient_replay,,fa0a3e14c37bb38157d73088a3589d725f9b3228022a5797a0f25e79b611b0e0,fbe4904d8be5f2979aa48d19d959400a573aec5543407e5edafbbf398eb19a0a,,,,data/raw/review_replay_20261001/models/C4_rfm_seed207_n8.npz,a84d7f9b5e880109ea9599eec2065656e06613de0bb1236808b3bb857fe44c68,relative_gradient_component_Lp_seminorm,review_replay_20261001,True,none,True,none,True,none,not_used,fc38e7c1fd40d30358c96e486ddae675428216469a7e8b6f5ead0c86b97577b7,a84d7f9b5e880109ea9599eec2065656e06613de0bb1236808b3bb857fe44c68,True,False
cga-review-replay-v1,C4,17,rfm,rfm_relu3,207,16,,,16,0.006123372303534325,0.006123372303534325,0.010195696559975447,0.005285762186452412,0.002911695376052353,-438.3347862807073,-438.34090965301084,31,1.249872050522107e-09,True,L-BFGS-B: CONVERGENCE: RELATIVE REDUCTION OF F <= FACTR*EPSMCH,0.045224917001178255,CG3072x8-d1,21b8e3fcf1ec52418e7e1d4f9e165ea4f049f7f10f630326cf259fda713bcc49,1.5010651605304818e-08,1.5010651605304818e-08,2.1334790311317542e-10,8.663128186925033e-11,False,new_nested_rfm_coefficient_replay,,fa0a3e14c37bb38157d73088a3589d725f9b3228022a5797a0f25e79b611b0e0,fbe4904d8be5f2979aa48d19d959400a573aec5543407e5edafbbf398eb19a0a,,,,data/raw/review_replay_20261001/models/C4_rfm_seed207_n16.npz,fbc2c15099053471b9d0ffb6666e4d3250a878a3663b1cc4b19fce85a8726b3c,relative_gradient_component_Lp_seminorm,review_replay_20261001,True,none,True,none,True,none,not_used,fc38e7c1fd40d30358c96e486ddae675428216469a7e8b6f5ead0c86b97577b7,fbc2c15099053471b9d0ffb6666e4d3250a878a3663b1cc4b19fce85a8726b3c,True,False
cga-review-replay-v1,C4,17,rfm,rfm_relu3,207,32,,,32,0.0003936279506433493,0.0003936279506433493,0.0012503916573839437,0.0013400435981003728,0.0002208076179915268,-438.3405160250602,-438.34090965301084,62,2.127058079620787e-08,True,L-BFGS-B: CONVERGENCE: RELATIVE REDUCTION OF F <= FACTR*EPSMCH,0.06262483300088206,CG3072x8-d1,21b8e3fcf1ec52418e7e1d4f9e165ea4f049f7f10f630326cf259fda713bcc49,4.3813690705097654e-07,4.3813690705097654e-07,1.1263881349792068e-10,4.4633759579387296e-10,False,new_nested_rfm_coefficient_replay,,fa0a3e14c37bb38157d73088a3589d725f9b3228022a5797a0f25e79b611b0e0,fbe4904d8be5f2979aa48d19d959400a573aec5543407e5edafbbf398eb19a0a,,,,data/raw/review_replay_20261001/models/C4_rfm_seed207_n32.npz,2a5865db271ed365cc2dffafc287d29496dcd8ec388e5a8982f1dbda4255ecb2,relative_gradient_component_Lp_seminorm,review_replay_20261001,True,none,True,none,True,none,not_used,fc38e7c1fd40d30358c96e486ddae675428216469a7e8b6f5ead0c86b97577b7,2a5865db271ed365cc2dffafc287d29496dcd8ec388e5a8982f1dbda4255ecb2,True,False
cga-review-replay-v1,C4,17,rfm,rfm_relu3,207,64,,,64,5.488793630092914e-05,5.488793630092914e-05,0.0006810264251770803,0.0005004273441056178,2.8399644958440506e-05,-438.34085476507454,-438.34090965301084,74,4.42000767494591e-08,True,L-BFGS-B: CONVERGENCE: RELATIVE REDUCTION OF F <= FACTR*EPSMCH,0.08190204100174014,CG3072x8-d1,21b8e3fcf1ec52418e7e1d4f9e165ea4f049f7f10f630326cf259fda713bcc49,2.3498372518150232e-06,2.3498372518150232e-06,3.471776764945113e-10,2.0099184466429218e-09,False,new_nested_rfm_coefficient_replay,,fa0a3e14c37bb38157d73088a3589d725f9b3228022a5797a0f25e79b611b0e0,fbe4904d8be5f2979aa48d19d959400a573aec5543407e5edafbbf398eb19a0a,,,,data/raw/review_replay_20261001/models/C4_rfm_seed207_n64.npz,8a9c9e63e497d7d163689b79dad8d8eabe4575c8e0f11d06191f239b1ec124f5,relative_gradient_component_Lp_seminorm,review_replay_20261001,True,none,True,none,True,none,not_used,fc38e7c1fd40d30358c96e486ddae675428216469a7e8b6f5ead0c86b97577b7,8a9c9e63e497d7d163689b79dad8d8eabe4575c8e0f11d06191f239b1ec124f5,True,False
cga-review-replay-v1,C4,17,rfm,rfm_relu3,207,128,,,128,4.298682370063034e-07,4.298682370063034e-07,0.00023223064009175463,4.428738838148271e-05,1.2091130413214992e-06,-438.3409092231426,-438.34090965301084,152,1.1532041057007302e-07,True,L-BFGS-B: CONVERGENCE: RELATIVE REDUCTION OF F <= FACTR*EPSMCH,0.38221812499978114,CG3072x8-d1,21b8e3fcf1ec52418e7e1d4f9e165ea4f049f7f10f630326cf259fda713bcc49,9.520885251910722e-06,9.520885251910722e-06,3.3189389828810576e-12,5.038159274554821e-09,False,new_nested_rfm_coefficient_replay,,fa0a3e14c37bb38157d73088a3589d725f9b3228022a5797a0f25e79b611b0e0,fbe4904d8be5f2979aa48d19d959400a573aec5543407e5edafbbf398eb19a0a,,,,data/raw/review_replay_20261001/models/C4_rfm_seed207_n128.npz,33681737075505cf64b979f16293a1311293e2bcad016db791f79810c6e2f080,relative_gradient_component_Lp_seminorm,review_replay_20261001,True,none,True,none,True,none,not_used,fc38e7c1fd40d30358c96e486ddae675428216469a7e8b6f5ead0c86b97577b7,33681737075505cf64b979f16293a1311293e2bcad016db791f79810c6e2f080,True,False
cga-review-replay-v1,C4,17,rfm,rfm_relu3,207,256,,,256,3.9477754398831166e-10,3.9477754398831166e-10,0.00021626957112767938,1.3446891391864994e-06,6.20768151028586e-07,-438.34090965261606,-438.34090965301084,46,9.836052441470607e-09,True,L-BFGS-B: CONVERGENCE: RELATIVE REDUCTION OF F <= FACTR*EPSMCH,0.21339637499841047,CG3072x8-d1,21b8e3fcf1ec52418e7e1d4f9e165ea4f049f7f10f630326cf259fda713bcc49,0.03815694744420446,0.03815694744420446,3.6816437021188834e-10,9.586838043017313e-07,False,new_nested_rfm_coefficient_replay,,fa0a3e14c37bb38157d73088a3589d725f9b3228022a5797a0f25e79b611b0e0,fbe4904d8be5f2979aa48d19d959400a573aec5543407e5edafbbf398eb19a0a,,,,data/raw/review_replay_20261001/models/C4_rfm_seed207_n256.npz,245577a452ef6720b65a5d8159d47cbf719b0d285140f95d401f08b0023caf7b,relative_gradient_component_Lp_seminorm,review_replay_20261001,False,quadrature_audit_failed,True,none,True,none,not_used,fc38e7c1fd40d30358c96e486ddae675428216469a7e8b6f5ead0c86b97577b7,245577a452ef6720b65a5d8159d47cbf719b0d285140f95d401f08b0023caf7b,True,False
cga-review-replay-v1,C4,17,rfm,rfm_relu3,208,8,,,8,0.14546026446987526,0.14546026446987526,0.07015714506095175,0.02574598092392908,0.022089768277132323,-438.19544938854096,-438.34090965301084,21,1.1034385325001243e-08,True,L-BFGS-B: CONVERGENCE: RELATIVE REDUCTION OF F <= FACTR*EPSMCH,0.06444000000192318,CG3072x8-d1,21b8e3fcf1ec52418e7e1d4f9e165ea4f049f7f10f630326cf259fda713bcc49,1.1227199605492474e-09,1.1227199605492474e-09,3.5071720438279244e-13,9.583852336922517e-11,False,new_nested_rfm_coefficient_replay,,fa0a3e14c37bb38157d73088a3589d725f9b3228022a5797a0f25e79b611b0e0,fbe4904d8be5f2979aa48d19d959400a573aec5543407e5edafbbf398eb19a0a,,,,data/raw/review_replay_20261001/models/C4_rfm_seed208_n8.npz,33f2f16c04fc1d18b02ccfa155ed3eb0d0730fb65636902e6a76740c32512e30,relative_gradient_component_Lp_seminorm,review_replay_20261001,True,none,True,none,True,none,not_used,fc38e7c1fd40d30358c96e486ddae675428216469a7e8b6f5ead0c86b97577b7,33f2f16c04fc1d18b02ccfa155ed3eb0d0730fb65636902e6a76740c32512e30,True,False
cga-review-replay-v1,C4,17,rfm,rfm_relu3,208,16,,,16,0.012655162781982199,0.012655162781982199,0.035651269713161876,0.007827875790843002,0.008903996371768249,-438.32825449022886,-438.34090965301084,35,2.041488084128681e-08,True,L-BFGS-B: CONVERGENCE: RELATIVE REDUCTION OF F <= FACTR*EPSMCH,0.043593459002295276,CG3072x8-d1,21b8e3fcf1ec52418e7e1d4f9e165ea4f049f7f10f630326cf259fda713bcc49,3.5417194186993086e-08,3.5417194186993086e-08,1.1763701750986135e-08,1.3012550312910605e-08,False,new_nested_rfm_coefficient_replay,,fa0a3e14c37bb38157d73088a3589d725f9b3228022a5797a0f25e79b611b0e0,fbe4904d8be5f2979aa48d19d959400a573aec5543407e5edafbbf398eb19a0a,,,,data/raw/review_replay_20261001/models/C4_rfm_seed208_n16.npz,88a8d2d834b1b202b944b255d3d6b63f24cfdb06b9e89a73f4ad7126756ca29e,relative_gradient_component_Lp_seminorm,review_replay_20261001,True,none,True,none,True,none,not_used,fc38e7c1fd40d30358c96e486ddae675428216469a7e8b6f5ead0c86b97577b7,88a8d2d834b1b202b944b255d3d6b63f24cfdb06b9e89a73f4ad7126756ca29e,True,False
cga-review-replay-v1,C4,17,rfm,rfm_relu3,208,32,,,32,0.00015351240131167287,0.00015351240131167287,0.0013760269823012488,0.0008367905923030417,0.00023036544173732346,-438.3407561406095,-438.34090965301084,60,5.218578658587108e-08,True,L-BFGS-B: CONVERGENCE: RELATIVE REDUCTION OF F <= FACTR*EPSMCH,0.09275008300028276,CG3072x8-d1,21b8e3fcf1ec52418e7e1d4f9e165ea4f049f7f10f630326cf259fda713bcc49,3.1918611551476456e-07,3.1918611551476456e-07,2.9775595217087177e-08,4.777941451658679e-11,False,new_nested_rfm_coefficient_replay,,fa0a3e14c37bb38157d73088a3589d725f9b3228022a5797a0f25e79b611b0e0,fbe4904d8be5f2979aa48d19d959400a573aec5543407e5edafbbf398eb19a0a,,,,data/raw/review_replay_20261001/models/C4_rfm_seed208_n32.npz,1aa0d514a3a89808cff06de0ded0f78d485bf4d2180cde5424d3cf79458ccb81,relative_gradient_component_Lp_seminorm,review_replay_20261001,True,none,True,none,True,none,not_used,fc38e7c1fd40d30358c96e486ddae675428216469a7e8b6f5ead0c86b97577b7,1aa0d514a3a89808cff06de0ded0f78d485bf4d2180cde5424d3cf79458ccb81,True,False
cga-review-replay-v1,C4,17,rfm,rfm_relu3,208,64,,,64,7.585774653762201e-06,7.585774653762201e-06,0.0004984464451169276,0.00018603505488767042,2.0259392346178658e-05,-438.3409020672362,-438.34090965301084,73,6.502376466786032e-08,True,L-BFGS-B: CONVERGENCE: RELATIVE REDUCTION OF F <= FACTR*EPSMCH,0.10678691700013587,CG3072x8-d1,21b8e3fcf1ec52418e7e1d4f9e165ea4f049f7f10f630326cf259fda713bcc49,0.00021744415089958657,0.00021744415089958657,1.8741054899480785e-09,9.189876676286367e-09,False,new_nested_rfm_coefficient_replay,,fa0a3e14c37bb38157d73088a3589d725f9b3228022a5797a0f25e79b611b0e0,fbe4904d8be5f2979aa48d19d959400a573aec5543407e5edafbbf398eb19a0a,,,,data/raw/review_replay_20261001/models/C4_rfm_seed208_n64.npz,aa2ce6b6c79772e3aebbdfe8195398c54476e8569e1476d7338ab6e19bf9060e,relative_gradient_component_Lp_seminorm,review_replay_20261001,True,none,True,none,True,none,not_used,fc38e7c1fd40d30358c96e486ddae675428216469a7e8b6f5ead0c86b97577b7,aa2ce6b6c79772e3aebbdfe8195398c54476e8569e1476d7338ab6e19bf9060e,True,False
cga-review-replay-v1,C4,17,rfm,rfm_relu3,208,128,,,128,3.537820703058969e-08,3.537820703058969e-08,4.2048758140301746e-05,1.2668975162003827e-05,2.433581892437528e-06,-438.34090961763263,-438.34090965301084,98,1.950092568366042e-08,True,L-BFGS-B: CONVERGENCE: RELATIVE REDUCTION OF F <= FACTR*EPSMCH,0.15030554100303561,CG3072x8-d1,21b8e3fcf1ec52418e7e1d4f9e165ea4f049f7f10f630326cf259fda713bcc49,0.0015810276679841897,0.0015810276679841897,3.7123693702566923e-09,3.628255259327355e-10,False,new_nested_rfm_coefficient_replay,,fa0a3e14c37bb38157d73088a3589d725f9b3228022a5797a0f25e79b611b0e0,fbe4904d8be5f2979aa48d19d959400a573aec5543407e5edafbbf398eb19a0a,,,,data/raw/review_replay_20261001/models/C4_rfm_seed208_n128.npz,a7de4c506ad44d083f47a66cbb22f4c8aa282baf29efddf0db581d5e730820c3,relative_gradient_component_Lp_seminorm,review_replay_20261001,True,none,True,none,True,none,not_used,fc38e7c1fd40d30358c96e486ddae675428216469a7e8b6f5ead0c86b97577b7,a7de4c506ad44d083f47a66cbb22f4c8aa282baf29efddf0db581d5e730820c3,True,False
cga-review-replay-v1,C4,17,rfm,rfm_relu3,208,256,,,256,3.6993696994613856e-10,3.6993696994613856e-10,3.597347843902554e-05,9.910369393674166e-07,2.1877918240979377e-07,-438.3409096526409,-438.34090965301084,66,3.4480841813047016e-09,True,L-BFGS-B: CONVERGENCE: RELATIVE REDUCTION OF F <= FACTR*EPSMCH,0.18485675000192714,CG3072x8-d1,21b8e3fcf1ec52418e7e1d4f9e165ea4f049f7f10f630326cf259fda713bcc49,0.009834050399508297,0.009834050399508297,2.36116671042695e-10,2.5692730791914455e-07,False,new_nested_rfm_coefficient_replay,,fa0a3e14c37bb38157d73088a3589d725f9b3228022a5797a0f25e79b611b0e0,fbe4904d8be5f2979aa48d19d959400a573aec5543407e5edafbbf398eb19a0a,,,,data/raw/review_replay_20261001/models/C4_rfm_seed208_n256.npz,ef4a037670b0ba95baee0cd8354b6ad9f92753200dc70dc9204d96481db8bb42,relative_gradient_component_Lp_seminorm,review_replay_20261001,True,none,True,none,True,none,not_used,fc38e7c1fd40d30358c96e486ddae675428216469a7e8b6f5ead0c86b97577b7,ef4a037670b0ba95baee0cd8354b6ad9f92753200dc70dc9204d96481db8bb42,True,False
cga-review-replay-v1,C4,17,rfm,rfm_relu3,209,8,,,8,5.8180244265484475,5.8180244265484475,0.22016089144410014,0.16373182678566495,0.029749611832752314,-432.5228852264624,-438.34090965301084,18,3.85030191084406e-10,True,L-BFGS-B: CONVERGENCE: RELATIVE REDUCTION OF F <= FACTR*EPSMCH,0.014502750000247033,CG3072x8-d1,21b8e3fcf1ec52418e7e1d4f9e165ea4f049f7f10f630326cf259fda713bcc49,2.2090483061194947e-11,2.2090483061194947e-11,5.837018294095648e-14,7.282515268142195e-13,False,new_nested_rfm_coefficient_replay,,fa0a3e14c37bb38157d73088a3589d725f9b3228022a5797a0f25e79b611b0e0,fbe4904d8be5f2979aa48d19d959400a573aec5543407e5edafbbf398eb19a0a,,,,data/raw/review_replay_20261001/models/C4_rfm_seed209_n8.npz,b0477b3fc78d9389b4efb8adc2516d6f1c962e9b689c1eabec3b76ec02492ac9,relative_gradient_component_Lp_seminorm,review_replay_20261001,True,none,True,none,True,none,not_used,fc38e7c1fd40d30358c96e486ddae675428216469a7e8b6f5ead0c86b97577b7,b0477b3fc78d9389b4efb8adc2516d6f1c962e9b689c1eabec3b76ec02492ac9,True,False
cga-review-replay-v1,C4,17,rfm,rfm_relu3,209,16,,,16,0.0020581322293651283,0.0020581322293651283,0.00944367637020616,0.0030612281098777497,0.003985853684670208,-438.3388515207815,-438.34090965301084,27,1.792151713255023e-09,True,L-BFGS-B: CONVERGENCE: RELATIVE REDUCTION OF F <= FACTR*EPSMCH,0.01798104200133821,CG3072x8-d1,21b8e3fcf1ec52418e7e1d4f9e165ea4f049f7f10f630326cf259fda713bcc49,4.0102692629886714e-08,4.0102692629886714e-08,4.1471433288354336e-10,2.2002627730461126e-10,False,new_nested_rfm_coefficient_replay,,fa0a3e14c37bb38157d73088a3589d725f9b3228022a5797a0f25e79b611b0e0,fbe4904d8be5f2979aa48d19d959400a573aec5543407e5edafbbf398eb19a0a,,,,data/raw/review_replay_20261001/models/C4_rfm_seed209_n16.npz,9e2a3d2fbea8bf4e9d48ac7342099ac69bd58828f6a7350d032e385f15ca8a81,relative_gradient_component_Lp_seminorm,review_replay_20261001,True,none,True,none,True,none,not_used,fc38e7c1fd40d30358c96e486ddae675428216469a7e8b6f5ead0c86b97577b7,9e2a3d2fbea8bf4e9d48ac7342099ac69bd58828f6a7350d032e385f15ca8a81,True,False
cga-review-replay-v1,C4,17,rfm,rfm_relu3,209,32,,,32,0.00015186707514658337,0.00015186707514658337,0.002253550316678887,0.0008324163504122833,8.151491243312431e-05,-438.3407577859357,-438.34090965301084,68,1.2252512668593283e-08,True,L-BFGS-B: CONVERGENCE: RELATIVE REDUCTION OF F <= FACTR*EPSMCH,0.06032887499895878,CG3072x8-d1,21b8e3fcf1ec52418e7e1d4f9e165ea4f049f7f10f630326cf259fda713bcc49,8.474088289160326e-07,8.474088289160326e-07,2.690920759778785e-09,1.516825573630617e-10,False,new_nested_rfm_coefficient_replay,,fa0a3e14c37bb38157d73088a3589d725f9b3228022a5797a0f25e79b611b0e0,fbe4904d8be5f2979aa48d19d959400a573aec5543407e5edafbbf398eb19a0a,,,,data/raw/review_replay_20261001/models/C4_rfm_seed209_n32.npz,ecf375f52030ac039c1d404aa481a758978a7f284251c5ced74acd889a40714a,relative_gradient_component_Lp_seminorm,review_replay_20261001,True,none,True,none,True,none,not_used,fc38e7c1fd40d30358c96e486ddae675428216469a7e8b6f5ead0c86b97577b7,ecf375f52030ac039c1d404aa481a758978a7f284251c5ced74acd889a40714a,True,False
cga-review-replay-v1,C4,17,rfm,rfm_relu3,209,64,,,64,1.624428585955684e-05,1.624428585955684e-05,0.0005352163715516345,0.00027224213051444876,1.0063040989988584e-05,-438.340893408725,-438.34090965301084,92,4.324449209622107e-08,True,L-BFGS-B: CONVERGENCE: RELATIVE REDUCTION OF F <= FACTR*EPSMCH,0.08965287499813712,CG3072x8-d1,21b8e3fcf1ec52418e7e1d4f9e165ea4f049f7f10f630326cf259fda713bcc49,2.1009719343217837e-05,2.1009719343217837e-05,3.084310175005911e-08,1.414204102038069e-09,False,new_nested_rfm_coefficient_replay,,fa0a3e14c37bb38157d73088a3589d725f9b3228022a5797a0f25e79b611b0e0,fbe4904d8be5f2979aa48d19d959400a573aec5543407e5edafbbf398eb19a0a,,,,data/raw/review_replay_20261001/models/C4_rfm_seed209_n64.npz,ab9ab71e6d35dc7497eab681e25fa6cc55dc01e36800ff670c76175d9783f876,relative_gradient_component_Lp_seminorm,review_replay_20261001,True,none,True,none,True,none,not_used,fc38e7c1fd40d30358c96e486ddae675428216469a7e8b6f5ead0c86b97577b7,ab9ab71e6d35dc7497eab681e25fa6cc55dc01e36800ff670c76175d9783f876,True,False
cga-review-replay-v1,C4,17,rfm,rfm_relu3,209,128,,,128,2.1848677533853333e-08,2.1848677533853333e-08,0.00043347460107839365,9.993245462909893e-06,8.416619201044824e-07,-438.34090963116216,-438.34090965301084,62,2.1709912651442616e-08,True,L-BFGS-B: CONVERGENCE: RELATIVE REDUCTION OF F <= FACTR*EPSMCH,0.07926662499812664,CG3072x8-d1,21b8e3fcf1ec52418e7e1d4f9e165ea4f049f7f10f630326cf259fda713bcc49,0.0006218031771800835,0.0006218031771800835,2.8182904393336775e-11,9.110166273081283e-09,False,new_nested_rfm_coefficient_replay,,fa0a3e14c37bb38157d73088a3589d725f9b3228022a5797a0f25e79b611b0e0,fbe4904d8be5f2979aa48d19d959400a573aec5543407e5edafbbf398eb19a0a,,,,data/raw/review_replay_20261001/models/C4_rfm_seed209_n128.npz,9e8b7a37fe0d4213f2df18f2d8a21002e303ddc794ef854978a4333d2bfca5ac,relative_gradient_component_Lp_seminorm,review_replay_20261001,True,none,True,none,True,none,not_used,fc38e7c1fd40d30358c96e486ddae675428216469a7e8b6f5ead0c86b97577b7,9e8b7a37fe0d4213f2df18f2d8a21002e303ddc794ef854978a4333d2bfca5ac,True,False
cga-review-replay-v1,C4,17,rfm,rfm_relu3,209,256,,,256,3.823288352577947e-10,3.823288352577947e-10,0.0003211551479593495,1.342305311713801e-06,5.274120381391108e-07,-438.3409096526285,-438.34090965301084,96,8.268927383862637e-09,True,L-BFGS-B: CONVERGENCE: RELATIVE REDUCTION OF F <= FACTR*EPSMCH,0.33194141700005275,CG3072x8-d1,21b8e3fcf1ec52418e7e1d4f9e165ea4f049f7f10f630326cf259fda713bcc49,0.02705917335712162,0.02705917335712162,4.081146363756567e-11,1.344079632177152e-07,False,new_nested_rfm_coefficient_replay,,fa0a3e14c37bb38157d73088a3589d725f9b3228022a5797a0f25e79b611b0e0,fbe4904d8be5f2979aa48d19d959400a573aec5543407e5edafbbf398eb19a0a,,,,data/raw/review_replay_20261001/models/C4_rfm_seed209_n256.npz,f43fa69b0314e27df20ff35bb3b5d2fee9e411a1a2269634f3c75ad7e0655e1b,relative_gradient_component_Lp_seminorm,review_replay_20261001,False,quadrature_audit_failed,True,none,True,none,not_used,fc38e7c1fd40d30358c96e486ddae675428216469a7e8b6f5ead0c86b97577b7,f43fa69b0314e27df20ff35bb3b5d2fee9e411a1a2269634f3c75ad7e0655e1b,True,False
cga-review-replay-v1,C4,17,rfm,rfm_relu3,210,8,,,8,0.8449998476032192,0.8449998476032192,0.07674987863331835,0.06306030052302271,0.04792793427608895,-437.4959098054076,-438.34090965301084,23,3.4567901940383436e-09,True,L-BFGS-B: CONVERGENCE: RELATIVE REDUCTION OF F <= FACTR*EPSMCH,0.01622783399943728,CG3072x8-d1,21b8e3fcf1ec52418e7e1d4f9e165ea4f049f7f10f630326cf259fda713bcc49,2.3611885939075763e-11,2.3611885939075763e-11,6.563706762722787e-12,1.4898854379008656e-11,False,new_nested_rfm_coefficient_replay,,fa0a3e14c37bb38157d73088a3589d725f9b3228022a5797a0f25e79b611b0e0,fbe4904d8be5f2979aa48d19d959400a573aec5543407e5edafbbf398eb19a0a,,,,data/raw/review_replay_20261001/models/C4_rfm_seed210_n8.npz,a8c020993248d810afecc4f340fe8dd771e809d86c83e2a1cb15bd118f49ae47,relative_gradient_component_Lp_seminorm,review_replay_20261001,True,none,True,none,True,none,not_used,fc38e7c1fd40d30358c96e486ddae675428216469a7e8b6f5ead0c86b97577b7,a8c020993248d810afecc4f340fe8dd771e809d86c83e2a1cb15bd118f49ae47,True,False
cga-review-replay-v1,C4,17,rfm,rfm_relu3,210,16,,,16,0.001964820515354404,0.001964820515354404,0.004049732190132391,0.0029934924431488886,0.0012082115626582996,-438.3389448324955,-438.34090965301084,33,1.0873665889696798e-08,True,L-BFGS-B: CONVERGENCE: RELATIVE REDUCTION OF F <= FACTR*EPSMCH,0.04003720800028532,CG3072x8-d1,21b8e3fcf1ec52418e7e1d4f9e165ea4f049f7f10f630326cf259fda713bcc49,1.573824154350397e-08,1.573824154350397e-08,3.753268887685554e-11,4.380634047887296e-10,False,new_nested_rfm_coefficient_replay,,fa0a3e14c37bb38157d73088a3589d725f9b3228022a5797a0f25e79b611b0e0,fbe4904d8be5f2979aa48d19d959400a573aec5543407e5edafbbf398eb19a0a,,,,data/raw/review_replay_20261001/models/C4_rfm_seed210_n16.npz,634db8ca755b063f3c2daf3d9dca34d916b1fb30f6f302f91a9c7bc9f1ba345d,relative_gradient_component_Lp_seminorm,review_replay_20261001,True,none,True,none,True,none,not_used,fc38e7c1fd40d30358c96e486ddae675428216469a7e8b6f5ead0c86b97577b7,634db8ca755b063f3c2daf3d9dca34d916b1fb30f6f302f91a9c7bc9f1ba345d,True,False
cga-review-replay-v1,C4,17,rfm,rfm_relu3,210,32,,,32,0.00045571652526632533,0.00045571652526632533,0.006044167828292977,0.0014418305757619224,0.0001308180592939906,-438.3404539364856,-438.34090965301084,87,1.1839394109275223e-07,True,L-BFGS-B: CONVERGENCE: RELATIVE REDUCTION OF F <= FACTR*EPSMCH,0.061656958001549356,CG3072x8-d1,21b8e3fcf1ec52418e7e1d4f9e165ea4f049f7f10f630326cf259fda713bcc49,5.251308217628187e-07,5.251308217628187e-07,4.982455881186631e-13,4.839923848667639e-10,False,new_nested_rfm_coefficient_replay,,fa0a3e14c37bb38157d73088a3589d725f9b3228022a5797a0f25e79b611b0e0,fbe4904d8be5f2979aa48d19d959400a573aec5543407e5edafbbf398eb19a0a,,,,data/raw/review_replay_20261001/models/C4_rfm_seed210_n32.npz,65365d6ff5159a88c2ea927d36063cf0e63222bcd70d5cf719858bc529bb2258,relative_gradient_component_Lp_seminorm,review_replay_20261001,True,none,True,none,True,none,not_used,fc38e7c1fd40d30358c96e486ddae675428216469a7e8b6f5ead0c86b97577b7,65365d6ff5159a88c2ea927d36063cf0e63222bcd70d5cf719858bc529bb2258,True,False
cga-review-replay-v1,C4,17,rfm,rfm_relu3,210,64,,,64,4.6239460971264634e-06,4.6239460971264634e-06,0.001445094655189702,0.00014522835264978317,3.429238082480229e-05,-438.34090502906474,-438.34090965301084,124,3.749895922902012e-08,True,L-BFGS-B: CONVERGENCE: RELATIVE REDUCTION OF F <= FACTR*EPSMCH,0.09211241599768982,CG3072x8-d1,21b8e3fcf1ec52418e7e1d4f9e165ea4f049f7f10f630326cf259fda713bcc49,7.19402173351829e-05,7.19402173351829e-05,1.2945351294291603e-11,5.801926483027169e-09,False,new_nested_rfm_coefficient_replay,,fa0a3e14c37bb38157d73088a3589d725f9b3228022a5797a0f25e79b611b0e0,fbe4904d8be5f2979aa48d19d959400a573aec5543407e5edafbbf398eb19a0a,,,,data/raw/review_replay_20261001/models/C4_rfm_seed210_n64.npz,8ba9213fca99f36562b38abb3a53f11ea0a6f08ce5dc48ea2ac33b0e0d51365d,relative_gradient_component_Lp_seminorm,review_replay_20261001,True,none,True,none,True,none,not_used,fc38e7c1fd40d30358c96e486ddae675428216469a7e8b6f5ead0c86b97577b7,8ba9213fca99f36562b38abb3a53f11ea0a6f08ce5dc48ea2ac33b0e0d51365d,True,False
cga-review-replay-v1,C4,17,rfm,rfm_relu3,210,128,,,128,7.970550086611183e-08,7.970550086611183e-08,2.4195162096586867e-05,1.907253902559224e-05,1.4423466515900123e-06,-438.34090957330534,-438.34090965301084,178,2.7421608732976166e-08,True,L-BFGS-B: CONVERGENCE: RELATIVE REDUCTION OF F <= FACTR*EPSMCH,0.22851766600069823,CG3072x8-d1,21b8e3fcf1ec52418e7e1d4f9e165ea4f049f7f10f630326cf259fda713bcc49,0.00038439759405617196,0.00038439759405617196,5.86843856179757e-08,1.1130914348607584e-08,False,new_nested_rfm_coefficient_replay,,fa0a3e14c37bb38157d73088a3589d725f9b3228022a5797a0f25e79b611b0e0,fbe4904d8be5f2979aa48d19d959400a573aec5543407e5edafbbf398eb19a0a,,,,data/raw/review_replay_20261001/models/C4_rfm_seed210_n128.npz,32b289ef863aefd2001299b5cd170ec0e7b59a623b64ef3b367e4f05e6cd4b95,relative_gradient_component_Lp_seminorm,review_replay_20261001,True,none,True,none,True,none,not_used,fc38e7c1fd40d30358c96e486ddae675428216469a7e8b6f5ead0c86b97577b7,32b289ef863aefd2001299b5cd170ec0e7b59a623b64ef3b367e4f05e6cd4b95,True,False
cga-review-replay-v1,C4,17,rfm,rfm_relu3,210,256,,,256,5.395008884079289e-10,5.395008884079289e-10,1.1521350752417073e-05,1.5843852790575033e-06,4.375943542884774e-07,-438.34090965247134,-438.34090965301084,43,7.772009471954191e-09,True,L-BFGS-B: CONVERGENCE: RELATIVE REDUCTION OF F <= FACTR*EPSMCH,0.17396466699938173,CG3072x8-d1,21b8e3fcf1ec52418e7e1d4f9e165ea4f049f7f10f630326cf259fda713bcc49,0.05563165103782531,0.05563165103782531,9.683651421618858e-08,6.400108937854736e-07,False,new_nested_rfm_coefficient_replay,,fa0a3e14c37bb38157d73088a3589d725f9b3228022a5797a0f25e79b611b0e0,fbe4904d8be5f2979aa48d19d959400a573aec5543407e5edafbbf398eb19a0a,,,,data/raw/review_replay_20261001/models/C4_rfm_seed210_n256.npz,4a6a1b415061e20cd6e64ca99612af3dd276f8a3a9c3929d6298e75026255d53,relative_gradient_component_Lp_seminorm,review_replay_20261001,False,quadrature_audit_failed,True,none,True,none,not_used,fc38e7c1fd40d30358c96e486ddae675428216469a7e8b6f5ead0c86b97577b7,4a6a1b415061e20cd6e64ca99612af3dd276f8a3a9c3929d6298e75026255d53,True,False
cga-review-replay-v1,C5,08,rfm,rfm_relu3,201,8,,,8,325.3596854042149,325.3596854042149,1.0363473348095165,0.9763849671117626,1.1530509015210544,-39.92440597329419,-365.28409137750907,17,4.098228684513927e-09,True,L-BFGS-B: CONVERGENCE: RELATIVE REDUCTION OF F <= FACTR*EPSMCH,0.1027176249990589,CG80x3-d2,599581f601cc019af5d55e28f70f46e87c3cdb7c2aea2307e39429b21556b65b,2.572099456550904e-09,1.3836990185747437e-13,2.572099456550904e-09,9.037083937852471e-10,False,new_nested_rfm_coefficient_replay,,4788b09e54970c37054ead04b1ea3a8572bc3879b5309ada573515d303f3876f,fbe4904d8be5f2979aa48d19d959400a573aec5543407e5edafbbf398eb19a0a,,,,data/raw/review_replay_20261001/models/C5_rfm_seed201_n8.npz,7dd323650e24eea68262160979a09c084a8b28872788f1e9386b5c9d99c10729,relative_gradient_component_Lp_seminorm,review_replay_20261001,True,none,True,none,True,none,not_used,fc38e7c1fd40d30358c96e486ddae675428216469a7e8b6f5ead0c86b97577b7,7dd323650e24eea68262160979a09c084a8b28872788f1e9386b5c9d99c10729,True,False
cga-review-replay-v1,C5,08,rfm,rfm_relu3,201,16,,,16,148.89941826526845,148.89941826526845,0.7447500732157236,0.7289189458352495,0.9749141103334634,-216.38467311224062,-365.28409137750907,19,6.176192846829033e-08,True,L-BFGS-B: CONVERGENCE: RELATIVE REDUCTION OF F <= FACTR*EPSMCH,0.12696275000052992,CG80x3-d2,599581f601cc019af5d55e28f70f46e87c3cdb7c2aea2307e39429b21556b65b,4.674004586139423e-08,4.674004586139423e-08,1.882841912417879e-09,2.0263838776640287e-08,False,new_nested_rfm_coefficient_replay,,4788b09e54970c37054ead04b1ea3a8572bc3879b5309ada573515d303f3876f,fbe4904d8be5f2979aa48d19d959400a573aec5543407e5edafbbf398eb19a0a,,,,data/raw/review_replay_20261001/models/C5_rfm_seed201_n16.npz,19f6606d3a36f4b5ee4ce53c7f4fe528a6b6df0fcfd0571f03ac7d838b19c503,relative_gradient_component_Lp_seminorm,review_replay_20261001,True,none,True,none,True,none,not_used,fc38e7c1fd40d30358c96e486ddae675428216469a7e8b6f5ead0c86b97577b7,19f6606d3a36f4b5ee4ce53c7f4fe528a6b6df0fcfd0571f03ac7d838b19c503,True,False
cga-review-replay-v1,C5,08,rfm,rfm_relu3,201,32,,,32,10.567179487473368,10.567179487473368,0.2133308545537136,0.22686708023102672,0.15279447684834818,-354.7169118900357,-365.28409137750907,22,3.064947385555788e-08,True,L-BFGS-B: CONVERGENCE: RELATIVE REDUCTION OF F <= FACTR*EPSMCH,0.21645037499911268,CG80x3-d2,599581f601cc019af5d55e28f70f46e87c3cdb7c2aea2307e39429b21556b65b,4.298937166287058e-06,7.716547604635793e-07,4.298937166287058e-06,7.217858037218733e-07,False,new_nested_rfm_coefficient_replay,,4788b09e54970c37054ead04b1ea3a8572bc3879b5309ada573515d303f3876f,fbe4904d8be5f2979aa48d19d959400a573aec5543407e5edafbbf398eb19a0a,,,,data/raw/review_replay_20261001/models/C5_rfm_seed201_n32.npz,a45055f4033bd9bc00398b793777b149b54b99733011c5296a816d332f919e9e,relative_gradient_component_Lp_seminorm,review_replay_20261001,True,none,True,none,True,none,not_used,fc38e7c1fd40d30358c96e486ddae675428216469a7e8b6f5ead0c86b97577b7,a45055f4033bd9bc00398b793777b149b54b99733011c5296a816d332f919e9e,True,False
cga-review-replay-v1,C5,08,rfm,rfm_relu3,201,64,,,64,0.9382865929516129,0.9382865929516129,0.06460366418423875,0.06795691345214966,0.038194696125003036,-364.34580478455746,-365.28409137750907,35,9.323625015805625e-11,True,L-BFGS-B: CONVERGENCE: RELATIVE REDUCTION OF F <= FACTR*EPSMCH; Newton-CG: Optimization terminated successfully.,1.0638488340009644,CG80x3-d2,599581f601cc019af5d55e28f70f46e87c3cdb7c2aea2307e39429b21556b65b,2.0003458930343426e-05,2.0003458930343426e-05,7.096835495901509e-07,2.700237591261522e-07,False,new_nested_rfm_coefficient_replay,,4788b09e54970c37054ead04b1ea3a8572bc3879b5309ada573515d303f3876f,fbe4904d8be5f2979aa48d19d959400a573aec5543407e5edafbbf398eb19a0a,,,,data/raw/review_replay_20261001/models/C5_rfm_seed201_n64.npz,1364cf9a908cbbab6a547171b51b860b0a9464801ecc08340e79e10bc92ac7c9,relative_gradient_component_Lp_seminorm,review_replay_20261001,True,none,True,none,True,none,matrix_free,fc38e7c1fd40d30358c96e486ddae675428216469a7e8b6f5ead0c86b97577b7,1364cf9a908cbbab6a547171b51b860b0a9464801ecc08340e79e10bc92ac7c9,True,False
cga-review-replay-v1,C5,08,rfm,rfm_relu3,201,128,,,128,0.22836544103745382,0.22836544103745382,0.03536227835956662,0.03346506357199609,0.016763750031653927,-365.0557259364716,-365.28409137750907,119,1.879505655506289e-07,True,L-BFGS-B: CONVERGENCE: RELATIVE REDUCTION OF F <= FACTR*EPSMCH,2.4444425420006155,CG80x3-d2,599581f601cc019af5d55e28f70f46e87c3cdb7c2aea2307e39429b21556b65b,0.00012083794054937834,0.00012083794054937834,1.7961837574930155e-05,1.384111594366693e-07,False,new_nested_rfm_coefficient_replay,,4788b09e54970c37054ead04b1ea3a8572bc3879b5309ada573515d303f3876f,fbe4904d8be5f2979aa48d19d959400a573aec5543407e5edafbbf398eb19a0a,,,,data/raw/review_replay_20261001/models/C5_rfm_seed201_n128.npz,88ad8ce687aeb7bcd3a70aaa4621af3d977a4319389a93af98fc04da53923304,relative_gradient_component_Lp_seminorm,review_replay_20261001,True,none,True,none,True,none,not_used,fc38e7c1fd40d30358c96e486ddae675428216469a7e8b6f5ead0c86b97577b7,88ad8ce687aeb7bcd3a70aaa4621af3d977a4319389a93af98fc04da53923304,True,False
cga-review-replay-v1,C5,08,rfm,rfm_relu3,201,256,,,256,0.04798072377201379,0.04798072377201379,0.01705099136338138,0.01542285097601798,0.006028001899273507,-365.23611065373706,-365.28409137750907,198,1.824582966489419e-07,True,L-BFGS-B: CONVERGENCE: RELATIVE REDUCTION OF F <= FACTR*EPSMCH,10.86720979200254,CG80x3-d2,599581f601cc019af5d55e28f70f46e87c3cdb7c2aea2307e39429b21556b65b,0.0001107455351493864,0.00010266519947934214,0.0001107455351493864,2.8159037896779907e-06,False,new_nested_rfm_coefficient_replay,,4788b09e54970c37054ead04b1ea3a8572bc3879b5309ada573515d303f3876f,fbe4904d8be5f2979aa48d19d959400a573aec5543407e5edafbbf398eb19a0a,,,,data/raw/review_replay_20261001/models/C5_rfm_seed201_n256.npz,736e06478f29c15c7cf6b8f3db7e30b2a60621625436799cac5e5f28daea348b,relative_gradient_component_Lp_seminorm,review_replay_20261001,True,none,True,none,True,none,not_used,fc38e7c1fd40d30358c96e486ddae675428216469a7e8b6f5ead0c86b97577b7,736e06478f29c15c7cf6b8f3db7e30b2a60621625436799cac5e5f28daea348b,True,False
cga-review-replay-v1,C5,08,rfm,rfm_relu3,201,512,,,512,0.0014937979219098452,0.0014937979219098452,0.003300110589054908,0.0027140120907608064,0.0005674844946178118,-365.28259757958716,-365.28409137750907,361,5.533961251764479e-08,True,L-BFGS-B: CONVERGENCE: RELATIVE REDUCTION OF F <= FACTR*EPSMCH,31.49100270800045,CG128x4-d2,b418bfbdc1a479acc246606170341f14284e7e2b3acfc821d242d7523004d65b,0.0005700811880882259,0.0005700811880882259,9.092735271163296e-05,2.1629852064591435e-07,False,new_nested_rfm_coefficient_replay,,4788b09e54970c37054ead04b1ea3a8572bc3879b5309ada573515d303f3876f,fbe4904d8be5f2979aa48d19d959400a573aec5543407e5edafbbf398eb19a0a,,,,data/raw/review_replay_20261001/models/C5_rfm_seed201_n512.npz,b9178a6f6666dfe47aeca68ba9c7cc2d8534c48649f5de999b6ff2fd5d2a8fc2,relative_gradient_component_Lp_seminorm,review_replay_20261001,True,none,True,none,True,none,not_used,fc38e7c1fd40d30358c96e486ddae675428216469a7e8b6f5ead0c86b97577b7,b9178a6f6666dfe47aeca68ba9c7cc2d8534c48649f5de999b6ff2fd5d2a8fc2,True,False
cga-review-replay-v1,C5,08,rfm,rfm_relu3,202,8,,,8,272.5028175511086,272.5028175511086,0.9638117712846366,0.9077536917797839,1.211348229682806,-92.78127382640051,-365.28409137750907,16,1.7295785147660756e-09,True,L-BFGS-B: CONVERGENCE: RELATIVE REDUCTION OF F <= FACTR*EPSMCH,0.06398904199886601,CG80x3-d2,599581f601cc019af5d55e28f70f46e87c3cdb7c2aea2307e39429b21556b65b,4.3990208301076764e-07,3.2682721983720556e-07,1.4995919430710888e-07,4.3990208301076764e-07,False,new_nested_rfm_coefficient_replay,,4788b09e54970c37054ead04b1ea3a8572bc3879b5309ada573515d303f3876f,fbe4904d8be5f2979aa48d19d959400a573aec5543407e5edafbbf398eb19a0a,,,,data/raw/review_replay_20261001/models/C5_rfm_seed202_n8.npz,ffeedac262a4a2ea347cb7d2cb8b4b90953483b691ac28d7b3199d3bfb211b02,relative_gradient_component_Lp_seminorm,review_replay_20261001,True,none,True,none,True,none,not_used,fc38e7c1fd40d30358c96e486ddae675428216469a7e8b6f5ead0c86b97577b7,ffeedac262a4a2ea347cb7d2cb8b4b90953483b691ac28d7b3199d3bfb211b02,True,False
cga-review-replay-v1,C5,08,rfm,rfm_relu3,202,16,,,16,202.5293204886534,202.5293204886534,0.8234958304168906,0.8523292585234425,0.8926177880548816,-162.75477088885566,-365.28409137750907,18,6.73213585418038e-08,True,L-BFGS-B: CONVERGENCE: RELATIVE REDUCTION OF F <= FACTR*EPSMCH,0.08048699999926612,CG80x3-d2,599581f601cc019af5d55e28f70f46e87c3cdb7c2aea2307e39429b21556b65b,1.39235936762814e-06,1.129613517175026e-06,1.39235936762814e-06,1.2913227985198742e-06,False,new_nested_rfm_coefficient_replay,,4788b09e54970c37054ead04b1ea3a8572bc3879b5309ada573515d303f3876f,fbe4904d8be5f2979aa48d19d959400a573aec5543407e5edafbbf398eb19a0a,,,,data/raw/review_replay_20261001/models/C5_rfm_seed202_n16.npz,6494021e881d12922ee8dfdd7e4b78eb4789539ab2ee6669acf6fc207f357150,relative_gradient_component_Lp_seminorm,review_replay_20261001,True,none,True,none,True,none,not_used,fc38e7c1fd40d30358c96e486ddae675428216469a7e8b6f5ead0c86b97577b7,6494021e881d12922ee8dfdd7e4b78eb4789539ab2ee6669acf6fc207f357150,True,False
cga-review-replay-v1,C5,08,rfm,rfm_relu3,202,32,,,32,59.60111036811202,59.60111036811202,0.47166971089307963,0.5372627642520922,0.3124303365993879,-305.68298100939705,-365.28409137750907,19,1.7553267354544937e-07,True,L-BFGS-B: CONVERGENCE: RELATIVE REDUCTION OF F <= FACTR*EPSMCH,0.14095541599817807,CG80x3-d2,599581f601cc019af5d55e28f70f46e87c3cdb7c2aea2307e39429b21556b65b,1.3635056489623587e-06,1.9573027048783356e-07,1.3635056489623587e-06,2.7514325273154033e-07,False,new_nested_rfm_coefficient_replay,,4788b09e54970c37054ead04b1ea3a8572bc3879b5309ada573515d303f3876f,fbe4904d8be5f2979aa48d19d959400a573aec5543407e5edafbbf398eb19a0a,,,,data/raw/review_replay_20261001/models/C5_rfm_seed202_n32.npz,cb91f27df669b985bd3470a24a10e61111e0646a185245d16add7289dec8ef95,relative_gradient_component_Lp_seminorm,review_replay_20261001,True,none,True,none,True,none,not_used,fc38e7c1fd40d30358c96e486ddae675428216469a7e8b6f5ead0c86b97577b7,cb91f27df669b985bd3470a24a10e61111e0646a185245d16add7289dec8ef95,True,False
cga-review-replay-v1,C5,08,rfm,rfm_relu3,202,64,,,64,2.5744376370931263,2.5744376370931263,0.11028067846874656,0.11293266925389421,0.05192492960166051,-362.70965374041594,-365.28409137750907,31,1.268968770163439e-07,True,L-BFGS-B: CONVERGENCE: RELATIVE REDUCTION OF F <= FACTR*EPSMCH,0.3713339170026302,CG80x3-d2,599581f601cc019af5d55e28f70f46e87c3cdb7c2aea2307e39429b21556b65b,7.478896980280953e-06,4.021951133234286e-07,7.478896980280953e-06,1.716987603260303e-06,False,new_nested_rfm_coefficient_replay,,4788b09e54970c37054ead04b1ea3a8572bc3879b5309ada573515d303f3876f,fbe4904d8be5f2979aa48d19d959400a573aec5543407e5edafbbf398eb19a0a,,,,data/raw/review_replay_20261001/models/C5_rfm_seed202_n64.npz,68948a75e02ec98f2932d5f4313ac0a913bd48ab0d6c258df93445c0d4301f2f,relative_gradient_component_Lp_seminorm,review_replay_20261001,True,none,True,none,True,none,not_used,fc38e7c1fd40d30358c96e486ddae675428216469a7e8b6f5ead0c86b97577b7,68948a75e02ec98f2932d5f4313ac0a913bd48ab0d6c258df93445c0d4301f2f,True,False
cga-review-replay-v1,C5,08,rfm,rfm_relu3,202,128,,,128,0.139330050426679,0.139330050426679,0.030774970746773364,0.02609985949227075,0.01567137124863265,-365.1447613270824,-365.28409137750907,108,8.685789977300306e-08,True,L-BFGS-B: CONVERGENCE: RELATIVE REDUCTION OF F <= FACTR*EPSMCH,2.1596451250006794,CG80x3-d2,599581f601cc019af5d55e28f70f46e87c3cdb7c2aea2307e39429b21556b65b,9.493937872696802e-05,9.493937872696802e-05,9.693241260787752e-06,3.0804702428095414e-06,False,new_nested_rfm_coefficient_replay,,4788b09e54970c37054ead04b1ea3a8572bc3879b5309ada573515d303f3876f,fbe4904d8be5f2979aa48d19d959400a573aec5543407e5edafbbf398eb19a0a,,,,data/raw/review_replay_20261001/models/C5_rfm_seed202_n128.npz,2ba8d4c9d2b791b984eca983cc190ae1c3a427e67dd752ac3f01206855a78afb,relative_gradient_component_Lp_seminorm,review_replay_20261001,True,none,True,none,True,none,not_used,fc38e7c1fd40d30358c96e486ddae675428216469a7e8b6f5ead0c86b97577b7,2ba8d4c9d2b791b984eca983cc190ae1c3a427e67dd752ac3f01206855a78afb,True,False
cga-review-replay-v1,C5,08,rfm,rfm_relu3,202,256,,,256,64.24660642282572,64.24660642282572,0.4729533754358863,0.5831410790421337,7.8616803580218795,-301.03748495468335,-365.28409137750907,315,5.342242639159218,False,L-BFGS-B: CONVERGENCE: RELATIVE REDUCTION OF F <= FACTR*EPSMCH; Newton-CG: Warning: Desired error not necessarily achieved due to precision loss.,140.61518270899978,CG192x4-d2,fd25921a2d114ee698b68f3913d50877f3c9d34661accee4b9456b9f9ca7756c,0.028917582885793432,0.028917582885793432,0.0014047168384778048,0.0011091771121427363,False,new_nested_rfm_coefficient_replay,,4788b09e54970c37054ead04b1ea3a8572bc3879b5309ada573515d303f3876f,fbe4904d8be5f2979aa48d19d959400a573aec5543407e5edafbbf398eb19a0a,,,,data/raw/review_replay_20261001/models/C5_rfm_seed202_n256.npz,1bb60706e2da32677ec60b9d4a6f95ef54fbc31cc1f0f447dc25809e22ad0edc,relative_gradient_component_Lp_seminorm,review_replay_20261001,False,coefficient_solve_failed,False,coefficient_solve_failed,False,coefficient_solve_failed,matrix_free,fc38e7c1fd40d30358c96e486ddae675428216469a7e8b6f5ead0c86b97577b7,1bb60706e2da32677ec60b9d4a6f95ef54fbc31cc1f0f447dc25809e22ad0edc,True,False
cga-review-replay-v1,C5,08,rfm,rfm_relu3,202,512,,,512,145.6040693954398,145.6040693954398,0.6244699826734678,0.8970240771920006,7.884030077949675,-219.68002198206926,-365.28409137750907,161,10.261522727582205,False,L-BFGS-B: CONVERGENCE: RELATIVE REDUCTION OF F <= FACTR*EPSMCH; Newton-CG: Warning: Desired error not necessarily achieved due to precision loss.,120.30530412499866,CG128x4-d2,b418bfbdc1a479acc246606170341f14284e7e2b3acfc821d242d7523004d65b,0.005601055743883389,0.005601055743883389,0.00038966038330934646,0.0003158622294040518,False,new_nested_rfm_coefficient_replay,,4788b09e54970c37054ead04b1ea3a8572bc3879b5309ada573515d303f3876f,fbe4904d8be5f2979aa48d19d959400a573aec5543407e5edafbbf398eb19a0a,,,,data/raw/review_replay_20261001/models/C5_rfm_seed202_n512.npz,2b393de179f2fa2284089154e7bd7c9b2ce6d281871b09f83b5ee95c22fc3564,relative_gradient_component_Lp_seminorm,review_replay_20261001,False,coefficient_solve_failed,False,coefficient_solve_failed,False,coefficient_solve_failed,cached_matrix,fc38e7c1fd40d30358c96e486ddae675428216469a7e8b6f5ead0c86b97577b7,2b393de179f2fa2284089154e7bd7c9b2ce6d281871b09f83b5ee95c22fc3564,True,False
cga-review-replay-v1,C5,08,rfm,rfm_relu3,203,8,,,8,312.12733315820503,312.12733315820503,1.027074900661814,1.0061897874004875,1.1991640398497851,-53.15675821930403,-365.28409137750907,19,2.154645371924149e-09,True,L-BFGS-B: CONVERGENCE: RELATIVE REDUCTION OF F <= FACTR*EPSMCH,0.3815921249988605,CG80x3-d2,599581f601cc019af5d55e28f70f46e87c3cdb7c2aea2307e39429b21556b65b,1.142490324395662e-09,3.0553512182775497e-10,1.142490324395662e-09,3.8047757914083566e-10,False,new_nested_rfm_coefficient_replay,,4788b09e54970c37054ead04b1ea3a8572bc3879b5309ada573515d303f3876f,fbe4904d8be5f2979aa48d19d959400a573aec5543407e5edafbbf398eb19a0a,,,,data/raw/review_replay_20261001/models/C5_rfm_seed203_n8.npz,547d7dd85deb358b173432607b9a26cbd43d6670382ee08d9c339220bb814a64,relative_gradient_component_Lp_seminorm,review_replay_20261001,True,none,True,none,True,none,not_used,fc38e7c1fd40d30358c96e486ddae675428216469a7e8b6f5ead0c86b97577b7,547d7dd85deb358b173432607b9a26cbd43d6670382ee08d9c339220bb814a64,True,False
cga-review-replay-v1,C5,08,rfm,rfm_relu3,203,16,,,16,173.4239302005643,173.4239302005643,0.7898274273029124,0.8357885816012777,0.7497924181344457,-191.86016117694476,-365.28409137750907,20,2.816948534081601e-08,True,L-BFGS-B: CONVERGENCE: RELATIVE REDUCTION OF F <= FACTR*EPSMCH,0.5833225000023958,CG80x3-d2,599581f601cc019af5d55e28f70f46e87c3cdb7c2aea2307e39429b21556b65b,1.0017690827835673e-08,1.0017690827835673e-08,4.234802039583768e-09,6.423328225582437e-09,False,new_nested_rfm_coefficient_replay,,4788b09e54970c37054ead04b1ea3a8572bc3879b5309ada573515d303f3876f,fbe4904d8be5f2979aa48d19d959400a573aec5543407e5edafbbf398eb19a0a,,,,data/raw/review_replay_20261001/models/C5_rfm_seed203_n16.npz,328edc5e945ca49c9233692fd8282756da5d56648aad7bb35ae0a105fb433e8d,relative_gradient_component_Lp_seminorm,review_replay_20261001,True,none,True,none,True,none,not_used,fc38e7c1fd40d30358c96e486ddae675428216469a7e8b6f5ead0c86b97577b7,328edc5e945ca49c9233692fd8282756da5d56648aad7bb35ae0a105fb433e8d,True,False
cga-review-replay-v1,C5,08,rfm,rfm_relu3,203,32,,,32,42.96771837390668,42.96771837390668,0.419541683031117,0.4471764822490502,0.29753298124099775,-322.3163730036024,-365.28409137750907,21,7.560941179074132e-08,True,L-BFGS-B: CONVERGENCE: RELATIVE REDUCTION OF F <= FACTR*EPSMCH,0.8682717919982679,CG80x3-d2,599581f601cc019af5d55e28f70f46e87c3cdb7c2aea2307e39429b21556b65b,3.3975435051991794e-07,3.3975435051991794e-07,1.0517869423673523e-07,1.2380168354780228e-07,False,new_nested_rfm_coefficient_replay,,4788b09e54970c37054ead04b1ea3a8572bc3879b5309ada573515d303f3876f,fbe4904d8be5f2979aa48d19d959400a573aec5543407e5edafbbf398eb19a0a,,,,data/raw/review_replay_20261001/models/C5_rfm_seed203_n32.npz,92f337a88eb5d12efaca980d8d7085c2baaa867d67f48975e6bed070504eb2d8,relative_gradient_component_Lp_seminorm,review_replay_20261001,True,none,True,none,True,none,not_used,fc38e7c1fd40d30358c96e486ddae675428216469a7e8b6f5ead0c86b97577b7,92f337a88eb5d12efaca980d8d7085c2baaa867d67f48975e6bed070504eb2d8,True,False
cga-review-replay-v1,C5,08,rfm,rfm_relu3,203,64,,,64,5.281498844921657,5.281498844921657,0.1397179409423766,0.16104810236730147,0.11644276315359407,-360.0025925325874,-365.28409137750907,36,1.0129173498557995e-07,True,L-BFGS-B: CONVERGENCE: RELATIVE REDUCTION OF F <= FACTR*EPSMCH,1.8207100840008934,CG80x3-d2,599581f601cc019af5d55e28f70f46e87c3cdb7c2aea2307e39429b21556b65b,9.534107688301422e-06,9.534107688301422e-06,1.3908157254986134e-06,5.698794427712197e-07,False,new_nested_rfm_coefficient_replay,,4788b09e54970c37054ead04b1ea3a8572bc3879b5309ada573515d303f3876f,fbe4904d8be5f2979aa48d19d959400a573aec5543407e5edafbbf398eb19a0a,,,,data/raw/review_replay_20261001/models/C5_rfm_seed203_n64.npz,4182cb48c3f937529a4274695a47e9840b77deb1afafe94b7a8b6a8116de8a1e,relative_gradient_component_Lp_seminorm,review_replay_20261001,True,none,True,none,True,none,not_used,fc38e7c1fd40d30358c96e486ddae675428216469a7e8b6f5ead0c86b97577b7,4182cb48c3f937529a4274695a47e9840b77deb1afafe94b7a8b6a8116de8a1e,True,False
cga-review-replay-v1,C5,08,rfm,rfm_relu3,203,128,,,128,44.13495080096885,44.13495080096885,0.3614872853486819,0.49468042076127366,1.3819311160903072,-321.1491405765402,-365.28409137750907,240,5.911522409051206,False,L-BFGS-B: CONVERGENCE: RELATIVE REDUCTION OF F <= FACTR*EPSMCH; Newton-CG: Warning: Desired error not necessarily achieved due to precision loss.,200.1706226669994,CG192x4-d2,fd25921a2d114ee698b68f3913d50877f3c9d34661accee4b9456b9f9ca7756c,0.005973305101826478,0.005973305101826478,0.0006808962643189043,0.0005447213876695705,False,new_nested_rfm_coefficient_replay,,4788b09e54970c37054ead04b1ea3a8572bc3879b5309ada573515d303f3876f,fbe4904d8be5f2979aa48d19d959400a573aec5543407e5edafbbf398eb19a0a,,,,data/raw/review_replay_20261001/models/C5_rfm_seed203_n128.npz,cbae953d18dc0f58a33bed1b1c7fb5012fc87ac6e70cc74808b9d2c2723968bf,relative_gradient_component_Lp_seminorm,review_replay_20261001,False,coefficient_solve_failed,False,coefficient_solve_failed,False,coefficient_solve_failed,matrix_free,fc38e7c1fd40d30358c96e486ddae675428216469a7e8b6f5ead0c86b97577b7,cbae953d18dc0f58a33bed1b1c7fb5012fc87ac6e70cc74808b9d2c2723968bf,True,False
cga-review-replay-v1,C5,08,rfm,rfm_relu3,203,256,,,256,4.047484447503114e+26,4.047484447503114e+26,1366714.8986006675,1823214820347.3499,65.6846219507463,4.047484447503114e+26,-365.28409137750907,315,1.9059959085499467,False,L-BFGS-B: CONVERGENCE: RELATIVE REDUCTION OF F <= FACTR*EPSMCH; Newton-CG: Warning: Desired error not necessarily achieved due to precision loss.,349.6226195419986,CG192x4-d2,fd25921a2d114ee698b68f3913d50877f3c9d34661accee4b9456b9f9ca7756c,0.9687698023895056,0.9687698023895056,0.5796184159041223,0.8232793231947817,False,new_nested_rfm_coefficient_replay,,4788b09e54970c37054ead04b1ea3a8572bc3879b5309ada573515d303f3876f,fbe4904d8be5f2979aa48d19d959400a573aec5543407e5edafbbf398eb19a0a,,,,data/raw/review_replay_20261001/models/C5_rfm_seed203_n256.npz,1ac5042c4dd8320f17884118e8869f3a794ff3193d24fc56b265dd8548bdda54,relative_gradient_component_Lp_seminorm,review_replay_20261001,False,coefficient_solve_failed,False,coefficient_solve_failed,False,coefficient_solve_failed,matrix_free,fc38e7c1fd40d30358c96e486ddae675428216469a7e8b6f5ead0c86b97577b7,1ac5042c4dd8320f17884118e8869f3a794ff3193d24fc56b265dd8548bdda54,True,False
cga-review-replay-v1,C5,08,rfm,rfm_relu3,203,512,,,512,4.046158378155386e+26,4.046158378155386e+26,1366602.9452167635,1822916127742.2607,65.67855130463948,4.046158378155386e+26,-365.28409137750907,423,1.8186126676396341,False,L-BFGS-B: STOP: TOTAL NO. OF ITERATIONS REACHED LIMIT; Newton-CG: Warning: Desired error not necessarily achieved due to precision loss.,281.0061945000016,CG192x4-d2,fd25921a2d114ee698b68f3913d50877f3c9d34661accee4b9456b9f9ca7756c,0.9687698027335149,0.9687698027335149,0.5796184149364474,0.8232793241680955,False,new_nested_rfm_coefficient_replay,,4788b09e54970c37054ead04b1ea3a8572bc3879b5309ada573515d303f3876f,fbe4904d8be5f2979aa48d19d959400a573aec5543407e5edafbbf398eb19a0a,,,,data/raw/review_replay_20261001/models/C5_rfm_seed203_n512.npz,80ae127855c54cdc6f277ae2258533144fedffa3a75d0f5758d4e41e0eeb26a1,relative_gradient_component_Lp_seminorm,review_replay_20261001,False,coefficient_solve_failed,False,coefficient_solve_failed,False,coefficient_solve_failed,cached_matrix,fc38e7c1fd40d30358c96e486ddae675428216469a7e8b6f5ead0c86b97577b7,80ae127855c54cdc6f277ae2258533144fedffa3a75d0f5758d4e41e0eeb26a1,True,False
cga-review-replay-v1,C5,08,rfm,rfm_relu3,204,8,,,8,288.8911813211638,288.8911813211638,0.9635611016703053,0.9459635029710236,1.1552914328296229,-76.39291005634524,-365.28409137750907,17,5.107074058228088e-09,True,L-BFGS-B: CONVERGENCE: RELATIVE REDUCTION OF F <= FACTR*EPSMCH,0.5512455420030165,CG80x3-d2,599581f601cc019af5d55e28f70f46e87c3cdb7c2aea2307e39429b21556b65b,1.7834661149291643e-08,6.569764655721577e-09,1.192010944878943e-08,1.7834661149291643e-08,False,new_nested_rfm_coefficient_replay,,4788b09e54970c37054ead04b1ea3a8572bc3879b5309ada573515d303f3876f,fbe4904d8be5f2979aa48d19d959400a573aec5543407e5edafbbf398eb19a0a,,,,data/raw/review_replay_20261001/models/C5_rfm_seed204_n8.npz,a4922cb5222d95f2e5ad2196134e497487cdd132ee5bb1d768a8ecdf91a896c3,relative_gradient_component_Lp_seminorm,review_replay_20261001,True,none,True,none,True,none,not_used,fc38e7c1fd40d30358c96e486ddae675428216469a7e8b6f5ead0c86b97577b7,a4922cb5222d95f2e5ad2196134e497487cdd132ee5bb1d768a8ecdf91a896c3,True,False
cga-review-replay-v1,C5,08,rfm,rfm_relu3,204,16,,,16,126.07951302738451,126.07951302738451,0.6373259380674847,0.7515762106600503,0.5619855109930264,-239.20457835012456,-365.28409137750907,16,1.5749021065960505e-07,True,L-BFGS-B: CONVERGENCE: RELATIVE REDUCTION OF F <= FACTR*EPSMCH,0.35407629200199153,CG80x3-d2,599581f601cc019af5d55e28f70f46e87c3cdb7c2aea2307e39429b21556b65b,2.2928796936711835e-07,1.2746900614149747e-07,2.2928796936711835e-07,1.4480016900251413e-07,False,new_nested_rfm_coefficient_replay,,4788b09e54970c37054ead04b1ea3a8572bc3879b5309ada573515d303f3876f,fbe4904d8be5f2979aa48d19d959400a573aec5543407e5edafbbf398eb19a0a,,,,data/raw/review_replay_20261001/models/C5_rfm_seed204_n16.npz,50ea36199d6e6d987fd780b169e7ac3a0b270d3021271718b417168286a0107f,relative_gradient_component_Lp_seminorm,review_replay_20261001,True,none,True,none,True,none,not_used,fc38e7c1fd40d30358c96e486ddae675428216469a7e8b6f5ead0c86b97577b7,50ea36199d6e6d987fd780b169e7ac3a0b270d3021271718b417168286a0107f,True,False
cga-review-replay-v1,C5,08,rfm,rfm_relu3,204,32,,,32,15.38304076645818,15.38304076645818,0.2597373115639686,0.27323673361411766,0.23519420476249564,-349.9010506110509,-365.28409137750907,23,2.4223430125771307e-11,True,L-BFGS-B: CONVERGENCE: RELATIVE REDUCTION OF F <= FACTR*EPSMCH; Newton-CG: Optimization terminated successfully.,1.402163874998223,CG80x3-d2,599581f601cc019af5d55e28f70f46e87c3cdb7c2aea2307e39429b21556b65b,5.505211502408169e-07,3.6453935628214736e-07,5.505211502408169e-07,2.013774204575299e-07,False,new_nested_rfm_coefficient_replay,,4788b09e54970c37054ead04b1ea3a8572bc3879b5309ada573515d303f3876f,fbe4904d8be5f2979aa48d19d959400a573aec5543407e5edafbbf398eb19a0a,,,,data/raw/review_replay_20261001/models/C5_rfm_seed204_n32.npz,8e5a85511ad77cb961e28a7fc368d1ccce7a19696a9095aeb7099b8124796f25,relative_gradient_component_Lp_seminorm,review_replay_20261001,True,none,True,none,True,none,matrix_free,fc38e7c1fd40d30358c96e486ddae675428216469a7e8b6f5ead0c86b97577b7,8e5a85511ad77cb961e28a7fc368d1ccce7a19696a9095aeb7099b8124796f25,True,False
cga-review-replay-v1,C5,08,rfm,rfm_relu3,204,64,,,64,0.9771699171388946,0.9771699171388946,0.07051013894631415,0.06850644125713502,0.0555878858669049,-364.3069214603702,-365.28409137750907,33,4.501308590004514e-08,True,L-BFGS-B: CONVERGENCE: RELATIVE REDUCTION OF F <= FACTR*EPSMCH,1.7703280839996296,CG80x3-d2,599581f601cc019af5d55e28f70f46e87c3cdb7c2aea2307e39429b21556b65b,1.1425294182628212e-05,8.982409246578142e-06,1.1425294182628212e-05,1.747982384110577e-06,False,new_nested_rfm_coefficient_replay,,4788b09e54970c37054ead04b1ea3a8572bc3879b5309ada573515d303f3876f,fbe4904d8be5f2979aa48d19d959400a573aec5543407e5edafbbf398eb19a0a,,,,data/raw/review_replay_20261001/models/C5_rfm_seed204_n64.npz,959b28d7a02ecd1b0faeeb05d512427a876f373e9147fbef6315c62b0cc689fb,relative_gradient_component_Lp_seminorm,review_replay_20261001,True,none,True,none,True,none,not_used,fc38e7c1fd40d30358c96e486ddae675428216469a7e8b6f5ead0c86b97577b7,959b28d7a02ecd1b0faeeb05d512427a876f373e9147fbef6315c62b0cc689fb,True,False
cga-review-replay-v1,C5,08,rfm,rfm_relu3,204,128,,,128,0.08688448818077177,0.08688448818077177,0.024027775311167385,0.02053157049827074,0.009868608714879578,-365.1972068893283,-365.28409137750907,93,1.0385007871239837e-07,True,L-BFGS-B: CONVERGENCE: RELATIVE REDUCTION OF F <= FACTR*EPSMCH,9.434080584000185,CG80x3-d2,599581f601cc019af5d55e28f70f46e87c3cdb7c2aea2307e39429b21556b65b,5.0903121192213414e-05,5.0903121192213414e-05,1.1579684644915167e-05,2.212101126829121e-06,False,new_nested_rfm_coefficient_replay,,4788b09e54970c37054ead04b1ea3a8572bc3879b5309ada573515d303f3876f,fbe4904d8be5f2979aa48d19d959400a573aec5543407e5edafbbf398eb19a0a,,,,data/raw/review_replay_20261001/models/C5_rfm_seed204_n128.npz,78f4221ddee5afddf39a4fb0c04e9a7be6e6719008092f03794ee33e6810cad5,relative_gradient_component_Lp_seminorm,review_replay_20261001,True,none,True,none,True,none,not_used,fc38e7c1fd40d30358c96e486ddae675428216469a7e8b6f5ead0c86b97577b7,78f4221ddee5afddf39a4fb0c04e9a7be6e6719008092f03794ee33e6810cad5,True,False
cga-review-replay-v1,C5,08,rfm,rfm_relu3,204,256,,,256,0.011082253619179028,0.011082253619179028,0.008825666895734626,0.00731699663216218,0.0023816968727444652,-365.2730091238899,-365.28409137750907,238,1.3424954341817438e-07,True,L-BFGS-B: CONVERGENCE: RELATIVE REDUCTION OF F <= FACTR*EPSMCH,51.01650412500021,CG80x3-d2,599581f601cc019af5d55e28f70f46e87c3cdb7c2aea2307e39429b21556b65b,0.00024373573462173123,0.00024373573462173123,8.104055588939567e-05,6.534673298557784e-06,False,new_nested_rfm_coefficient_replay,,4788b09e54970c37054ead04b1ea3a8572bc3879b5309ada573515d303f3876f,fbe4904d8be5f2979aa48d19d959400a573aec5543407e5edafbbf398eb19a0a,,,,data/raw/review_replay_20261001/models/C5_rfm_seed204_n256.npz,40986ba10f8b0760f371cf6dba5ff4fe3e696fd7b1bb2a43c350be40710f60ad,relative_gradient_component_Lp_seminorm,review_replay_20261001,True,none,True,none,True,none,not_used,fc38e7c1fd40d30358c96e486ddae675428216469a7e8b6f5ead0c86b97577b7,40986ba10f8b0760f371cf6dba5ff4fe3e696fd7b1bb2a43c350be40710f60ad,True,False
cga-review-replay-v1,C5,08,rfm,rfm_relu3,204,512,,,512,7.411893425329648e+22,7.411893425329648e+22,138307.84307690908,24672311019.123528,25.741037374992757,7.411893425329648e+22,-365.28409137750907,448,0.1397526112360627,False,L-BFGS-B: STOP: TOTAL NO. OF ITERATIONS REACHED LIMIT; Newton-CG: Warning: Desired error not necessarily achieved due to precision loss.,311.86686554100015,CG192x4-d2,fd25921a2d114ee698b68f3913d50877f3c9d34661accee4b9456b9f9ca7756c,0.383708628449061,0.383708628449061,0.113973886705188,0.21495772626504997,False,new_nested_rfm_coefficient_replay,,4788b09e54970c37054ead04b1ea3a8572bc3879b5309ada573515d303f3876f,fbe4904d8be5f2979aa48d19d959400a573aec5543407e5edafbbf398eb19a0a,,,,data/raw/review_replay_20261001/models/C5_rfm_seed204_n512.npz,11582b8de877e06afe148e266860aecbc1df478109b9a5089eb44b94acdcc508,relative_gradient_component_Lp_seminorm,review_replay_20261001,False,coefficient_solve_failed,False,coefficient_solve_failed,False,coefficient_solve_failed,cached_matrix,fc38e7c1fd40d30358c96e486ddae675428216469a7e8b6f5ead0c86b97577b7,11582b8de877e06afe148e266860aecbc1df478109b9a5089eb44b94acdcc508,True,False
cga-review-replay-v1,C5,08,rfm,rfm_relu3,205,8,,,8,350.52590300727223,350.52590300727223,1.0582987726904134,1.0063802801212614,1.0587060014970624,-14.75818837023682,-365.28409137750907,21,4.184245764628597e-08,True,L-BFGS-B: CONVERGENCE: RELATIVE REDUCTION OF F <= FACTR*EPSMCH,0.44487245900018024,CG80x3-d2,599581f601cc019af5d55e28f70f46e87c3cdb7c2aea2307e39429b21556b65b,6.645234434745638e-09,8.544694008341791e-11,3.969253231300991e-09,6.645234434745638e-09,False,new_nested_rfm_coefficient_replay,,4788b09e54970c37054ead04b1ea3a8572bc3879b5309ada573515d303f3876f,fbe4904d8be5f2979aa48d19d959400a573aec5543407e5edafbbf398eb19a0a,,,,data/raw/review_replay_20261001/models/C5_rfm_seed205_n8.npz,f94bac8de266451da3acdd7892643d74712c6739956c60328d989a5059f577a6,relative_gradient_component_Lp_seminorm,review_replay_20261001,True,none,True,none,True,none,not_used,fc38e7c1fd40d30358c96e486ddae675428216469a7e8b6f5ead0c86b97577b7,f94bac8de266451da3acdd7892643d74712c6739956c60328d989a5059f577a6,True,False
cga-review-replay-v1,C5,08,rfm,rfm_relu3,205,16,,,16,109.55057008948614,109.55057008948614,0.6343771219624922,0.7088595289698276,0.49657477845425596,-255.73352128802293,-365.28409137750907,18,5.791046466703938e-10,True,L-BFGS-B: CONVERGENCE: RELATIVE REDUCTION OF F <= FACTR*EPSMCH; Newton-CG: Warning: Desired error not necessarily achieved due to precision loss.,1.4786199159971147,CG80x3-d2,599581f601cc019af5d55e28f70f46e87c3cdb7c2aea2307e39429b21556b65b,2.7806452000110392e-08,2.7806452000110392e-08,3.884010838645289e-09,1.6938849929244104e-08,False,new_nested_rfm_coefficient_replay,,4788b09e54970c37054ead04b1ea3a8572bc3879b5309ada573515d303f3876f,fbe4904d8be5f2979aa48d19d959400a573aec5543407e5edafbbf398eb19a0a,,,,data/raw/review_replay_20261001/models/C5_rfm_seed205_n16.npz,d92276687af126260847723202947060408ea708b6cb9d9aa2cee7236d75e702,relative_gradient_component_Lp_seminorm,review_replay_20261001,True,none,True,none,True,none,cached_matrix,fc38e7c1fd40d30358c96e486ddae675428216469a7e8b6f5ead0c86b97577b7,d92276687af126260847723202947060408ea708b6cb9d9aa2cee7236d75e702,True,False
cga-review-replay-v1,C5,08,rfm,rfm_relu3,205,32,,,32,45.45453034020653,45.45453034020653,0.4471405816570704,0.4657311131289164,0.3366790598553447,-319.82956103730254,-365.28409137750907,20,1.0237237156352727e-07,True,L-BFGS-B: CONVERGENCE: RELATIVE REDUCTION OF F <= FACTR*EPSMCH,0.5754712500020105,CG80x3-d2,599581f601cc019af5d55e28f70f46e87c3cdb7c2aea2307e39429b21556b65b,2.1545703691817466e-07,5.8166364979925875e-08,2.1545703691817466e-07,7.84832041643523e-08,False,new_nested_rfm_coefficient_replay,,4788b09e54970c37054ead04b1ea3a8572bc3879b5309ada573515d303f3876f,fbe4904d8be5f2979aa48d19d959400a573aec5543407e5edafbbf398eb19a0a,,,,data/raw/review_replay_20261001/models/C5_rfm_seed205_n32.npz,9943713b870a2ef812df3f0a5c1a0b93f8c25944a3fc3e7684d2d352336604d1,relative_gradient_component_Lp_seminorm,review_replay_20261001,True,none,True,none,True,none,not_used,fc38e7c1fd40d30358c96e486ddae675428216469a7e8b6f5ead0c86b97577b7,9943713b870a2ef812df3f0a5c1a0b93f8c25944a3fc3e7684d2d352336604d1,True,False
cga-review-replay-v1,C5,08,rfm,rfm_relu3,205,64,,,64,2.429504994658828,2.429504994658828,0.127502126443895,0.10999880377869878,0.05175557015662156,-362.85458638285024,-365.28409137750907,41,3.8330812644343856e-11,True,L-BFGS-B: CONVERGENCE: RELATIVE REDUCTION OF F <= FACTR*EPSMCH; Newton-CG: Optimization terminated successfully.,2.9125027080008294,CG80x3-d2,599581f601cc019af5d55e28f70f46e87c3cdb7c2aea2307e39429b21556b65b,0.0009108937374523532,2.2656482231137242e-05,0.0009108937374523532,2.9616497514803202e-05,False,new_nested_rfm_coefficient_replay,,4788b09e54970c37054ead04b1ea3a8572bc3879b5309ada573515d303f3876f,fbe4904d8be5f2979aa48d19d959400a573aec5543407e5edafbbf398eb19a0a,,,,data/raw/review_replay_20261001/models/C5_rfm_seed205_n64.npz,776f314da1f0fb5b34bee84a8519ee90bc01d28996cd17548737793e2dcd86c6,relative_gradient_component_Lp_seminorm,review_replay_20261001,True,none,True,none,True,none,cached_matrix,fc38e7c1fd40d30358c96e486ddae675428216469a7e8b6f5ead0c86b97577b7,776f314da1f0fb5b34bee84a8519ee90bc01d28996cd17548737793e2dcd86c6,True,False
cga-review-replay-v1,C5,08,rfm,rfm_relu3,205,128,,,128,0.37553552073086394,0.37553552073086394,0.04175359711472024,0.04297365872221874,0.017020329650399752,-364.9085558567782,-365.28409137750907,89,4.045300402682286e-11,True,L-BFGS-B: CONVERGENCE: RELATIVE REDUCTION OF F <= FACTR*EPSMCH; Newton-CG: Optimization terminated successfully.,8.634643417000916,CG80x3-d2,599581f601cc019af5d55e28f70f46e87c3cdb7c2aea2307e39429b21556b65b,5.9267617230551304e-05,3.401347396158613e-05,5.9267617230551304e-05,6.206930839062705e-07,False,new_nested_rfm_coefficient_replay,,4788b09e54970c37054ead04b1ea3a8572bc3879b5309ada573515d303f3876f,fbe4904d8be5f2979aa48d19d959400a573aec5543407e5edafbbf398eb19a0a,,,,data/raw/review_replay_20261001/models/C5_rfm_seed205_n128.npz,de415f1b7351df253af1543b5e8b7829cbbfb34915e4a1bec01978954e5a9138,relative_gradient_component_Lp_seminorm,review_replay_20261001,True,none,True,none,True,none,cached_matrix,fc38e7c1fd40d30358c96e486ddae675428216469a7e8b6f5ead0c86b97577b7,de415f1b7351df253af1543b5e8b7829cbbfb34915e4a1bec01978954e5a9138,True,False
cga-review-replay-v1,C5,08,rfm,rfm_relu3,205,256,,,256,0.031033313362115678,0.031033313362115678,0.013850410260775568,0.012339316533895386,0.004377284634931374,-365.25305806414696,-365.28409137750907,155,8.875126211266538e-08,True,L-BFGS-B: CONVERGENCE: RELATIVE REDUCTION OF F <= FACTR*EPSMCH,38.20661520900103,CG80x3-d2,599581f601cc019af5d55e28f70f46e87c3cdb7c2aea2307e39429b21556b65b,7.067006477787775e-06,2.881089474633999e-06,6.891698019483452e-06,7.067006477787775e-06,False,new_nested_rfm_coefficient_replay,,4788b09e54970c37054ead04b1ea3a8572bc3879b5309ada573515d303f3876f,fbe4904d8be5f2979aa48d19d959400a573aec5543407e5edafbbf398eb19a0a,,,,data/raw/review_replay_20261001/models/C5_rfm_seed205_n256.npz,d36aece23c097bc7d7e774d4bfbfa15a0a20ec79e5f1a6f51f3bf7ee2dd85d2d,relative_gradient_component_Lp_seminorm,review_replay_20261001,True,none,True,none,True,none,not_used,fc38e7c1fd40d30358c96e486ddae675428216469a7e8b6f5ead0c86b97577b7,d36aece23c097bc7d7e774d4bfbfa15a0a20ec79e5f1a6f51f3bf7ee2dd85d2d,True,False
cga-review-replay-v1,C5,08,rfm,rfm_relu3,205,512,,,512,0.000754217835151394,0.000754217835151394,0.00521864704191343,0.001931314624038319,0.00028952262741637836,-365.2833371596739,-365.28409137750907,208,9.902831579611581e-08,True,L-BFGS-B: CONVERGENCE: RELATIVE REDUCTION OF F <= FACTR*EPSMCH,72.56406633300139,CG192x4-d2,fd25921a2d114ee698b68f3913d50877f3c9d34661accee4b9456b9f9ca7756c,0.013346667237551168,0.0002382068809730485,0.013346667237551168,9.293732508918248e-06,False,new_nested_rfm_coefficient_replay,,4788b09e54970c37054ead04b1ea3a8572bc3879b5309ada573515d303f3876f,fbe4904d8be5f2979aa48d19d959400a573aec5543407e5edafbbf398eb19a0a,,,,data/raw/review_replay_20261001/models/C5_rfm_seed205_n512.npz,5465cc6b8178708a540c3e81cecd0e1d0206dabcd9a601915b4fa7203948cd60,relative_gradient_component_Lp_seminorm,review_replay_20261001,True,none,False,quadrature_audit_failed,True,none,not_used,fc38e7c1fd40d30358c96e486ddae675428216469a7e8b6f5ead0c86b97577b7,5465cc6b8178708a540c3e81cecd0e1d0206dabcd9a601915b4fa7203948cd60,True,False
cga-review-replay-v1,C5,08,rfm,rfm_relu3,206,8,,,8,356.54080861048465,356.54080861048465,1.0202113415056362,0.9977596144299217,1.0707424108495596,-8.74328276702441,-365.28409137750907,20,2.18023538991863e-10,True,L-BFGS-B: CONVERGENCE: RELATIVE REDUCTION OF F <= FACTR*EPSMCH,0.6715294579989859,CG80x3-d2,599581f601cc019af5d55e28f70f46e87c3cdb7c2aea2307e39429b21556b65b,2.0410976369456572e-09,1.5733844487692597e-10,2.0410976369456572e-09,8.212348790714001e-10,False,new_nested_rfm_coefficient_replay,,4788b09e54970c37054ead04b1ea3a8572bc3879b5309ada573515d303f3876f,fbe4904d8be5f2979aa48d19d959400a573aec5543407e5edafbbf398eb19a0a,,,,data/raw/review_replay_20261001/models/C5_rfm_seed206_n8.npz,9511d712e7241c6ff8eb1466e052d2dc8b9f8f0bfff380c91a16438d3ce72cd6,relative_gradient_component_Lp_seminorm,review_replay_20261001,True,none,True,none,True,none,not_used,fc38e7c1fd40d30358c96e486ddae675428216469a7e8b6f5ead0c86b97577b7,9511d712e7241c6ff8eb1466e052d2dc8b9f8f0bfff380c91a16438d3ce72cd6,True,False
cga-review-replay-v1,C5,08,rfm,rfm_relu3,206,16,,,16,192.24754936064176,192.24754936064176,0.7775389992042914,0.848307606975742,0.8649767575119619,-173.03654201686732,-365.28409137750907,20,3.441882527481376e-08,True,L-BFGS-B: CONVERGENCE: RELATIVE REDUCTION OF F <= FACTR*EPSMCH,0.29501258299933397,CG80x3-d2,599581f601cc019af5d55e28f70f46e87c3cdb7c2aea2307e39429b21556b65b,1.6051409731294244e-08,1.6051409731294244e-08,7.66710835545036e-11,3.017501405621285e-09,False,new_nested_rfm_coefficient_replay,,4788b09e54970c37054ead04b1ea3a8572bc3879b5309ada573515d303f3876f,fbe4904d8be5f2979aa48d19d959400a573aec5543407e5edafbbf398eb19a0a,,,,data/raw/review_replay_20261001/models/C5_rfm_seed206_n16.npz,5020b74f1ebd2795b61b4a7ccd479db8405f2b6c42acf8ef486a5b9162667939,relative_gradient_component_Lp_seminorm,review_replay_20261001,True,none,True,none,True,none,not_used,fc38e7c1fd40d30358c96e486ddae675428216469a7e8b6f5ead0c86b97577b7,5020b74f1ebd2795b61b4a7ccd479db8405f2b6c42acf8ef486a5b9162667939,True,False
cga-review-replay-v1,C5,08,rfm,rfm_relu3,206,32,,,32,25.717083845656873,25.717083845656873,0.3370283092185542,0.3501693083900924,0.2286539492907385,-339.5670075318522,-365.28409137750907,19,1.9727937480449629e-07,True,L-BFGS-B: CONVERGENCE: RELATIVE REDUCTION OF F <= FACTR*EPSMCH,0.43109412500052713,CG80x3-d2,599581f601cc019af5d55e28f70f46e87c3cdb7c2aea2307e39429b21556b65b,8.463283218068603e-06,1.1531491640690152e-06,8.463283218068603e-06,8.318208122035893e-07,False,new_nested_rfm_coefficient_replay,,4788b09e54970c37054ead04b1ea3a8572bc3879b5309ada573515d303f3876f,fbe4904d8be5f2979aa48d19d959400a573aec5543407e5edafbbf398eb19a0a,,,,data/raw/review_replay_20261001/models/C5_rfm_seed206_n32.npz,fe1181d186b373d4f43dc18617e20925fd38c63b03cccaca1f6a02b0d226dddd,relative_gradient_component_Lp_seminorm,review_replay_20261001,True,none,True,none,True,none,not_used,fc38e7c1fd40d30358c96e486ddae675428216469a7e8b6f5ead0c86b97577b7,fe1181d186b373d4f43dc18617e20925fd38c63b03cccaca1f6a02b0d226dddd,True,False
cga-review-replay-v1,C5,08,rfm,rfm_relu3,206,64,,,64,1.0042579819148045,1.0042579819148045,0.06760843060432992,0.07085633155759008,0.03471902113998344,-364.27983339559427,-365.28409137750907,32,7.805939996195256e-08,True,L-BFGS-B: CONVERGENCE: RELATIVE REDUCTION OF F <= FACTR*EPSMCH,1.30410154099809,CG80x3-d2,599581f601cc019af5d55e28f70f46e87c3cdb7c2aea2307e39429b21556b65b,3.089001994501856e-05,3.089001994501856e-05,2.069722219277989e-05,6.820441702879519e-07,False,new_nested_rfm_coefficient_replay,,4788b09e54970c37054ead04b1ea3a8572bc3879b5309ada573515d303f3876f,fbe4904d8be5f2979aa48d19d959400a573aec5543407e5edafbbf398eb19a0a,,,,data/raw/review_replay_20261001/models/C5_rfm_seed206_n64.npz,b1af62c3fe22c3eaa085e594ffd78175c2450e25fe952fd8abfb44466271a596,relative_gradient_component_Lp_seminorm,review_replay_20261001,True,none,True,none,True,none,not_used,fc38e7c1fd40d30358c96e486ddae675428216469a7e8b6f5ead0c86b97577b7,b1af62c3fe22c3eaa085e594ffd78175c2450e25fe952fd8abfb44466271a596,True,False
cga-review-replay-v1,C5,08,rfm,rfm_relu3,206,128,,,128,0.12087066718498818,0.12087066718498818,0.02524983212536757,0.02425715635142333,0.007595711448278501,-365.1632207103241,-365.28409137750907,87,5.9066376071964126e-08,True,L-BFGS-B: CONVERGENCE: RELATIVE REDUCTION OF F <= FACTR*EPSMCH,4.82347804100209,CG80x3-d2,599581f601cc019af5d55e28f70f46e87c3cdb7c2aea2307e39429b21556b65b,4.569480413269565e-05,4.569480413269565e-05,1.303263068342445e-06,3.015020912359262e-07,False,new_nested_rfm_coefficient_replay,,4788b09e54970c37054ead04b1ea3a8572bc3879b5309ada573515d303f3876f,fbe4904d8be5f2979aa48d19d959400a573aec5543407e5edafbbf398eb19a0a,,,,data/raw/review_replay_20261001/models/C5_rfm_seed206_n128.npz,dab0e6dd74b908d4fe31d26d9139fcdc82db74e5605cfd1730dd2171f84085e3,relative_gradient_component_Lp_seminorm,review_replay_20261001,True,none,True,none,True,none,not_used,fc38e7c1fd40d30358c96e486ddae675428216469a7e8b6f5ead0c86b97577b7,dab0e6dd74b908d4fe31d26d9139fcdc82db74e5605cfd1730dd2171f84085e3,True,False
cga-review-replay-v1,C5,08,rfm,rfm_relu3,206,256,,,256,0.014574009246700825,0.014574009246700825,0.010108896138117475,0.008450677862610499,0.002110423712416339,-365.26951736826237,-365.28409137750907,90,1.2239213668025565e-07,True,L-BFGS-B: CONVERGENCE: RELATIVE REDUCTION OF F <= FACTR*EPSMCH,13.033476917000371,CG80x3-d2,599581f601cc019af5d55e28f70f46e87c3cdb7c2aea2307e39429b21556b65b,0.0006052111260940056,0.0006052111260940056,0.00018842037802139296,5.6134434313542495e-06,False,new_nested_rfm_coefficient_replay,,4788b09e54970c37054ead04b1ea3a8572bc3879b5309ada573515d303f3876f,fbe4904d8be5f2979aa48d19d959400a573aec5543407e5edafbbf398eb19a0a,,,,data/raw/review_replay_20261001/models/C5_rfm_seed206_n256.npz,60692a3fccc12941e8e0347e77a878061c14815772ff67014a4c503e62fe2020,relative_gradient_component_Lp_seminorm,review_replay_20261001,True,none,True,none,True,none,not_used,fc38e7c1fd40d30358c96e486ddae675428216469a7e8b6f5ead0c86b97577b7,60692a3fccc12941e8e0347e77a878061c14815772ff67014a4c503e62fe2020,True,False
cga-review-replay-v1,C5,08,rfm,rfm_relu3,206,512,,,512,0.0013352327219990912,0.0013352327219990912,0.02295136178497473,0.0026135392664697354,0.00039633212644512336,-365.2827561447871,-365.28409137750907,217,6.376198057793853e-08,True,L-BFGS-B: CONVERGENCE: RELATIVE REDUCTION OF F <= FACTR*EPSMCH,59.10959858299975,CG192x4-d2,fd25921a2d114ee698b68f3913d50877f3c9d34661accee4b9456b9f9ca7756c,0.026643611352592845,0.004785363186933199,0.026643611352592845,0.0038490956236663237,False,new_nested_rfm_coefficient_replay,,4788b09e54970c37054ead04b1ea3a8572bc3879b5309ada573515d303f3876f,fbe4904d8be5f2979aa48d19d959400a573aec5543407e5edafbbf398eb19a0a,,,,data/raw/review_replay_20261001/models/C5_rfm_seed206_n512.npz,db68e94434e8e9f83c9111ea435ec597767c74b1dfdae5f5275b5ca8b5e45883,relative_gradient_component_Lp_seminorm,review_replay_20261001,True,none,False,quadrature_audit_failed,True,none,not_used,fc38e7c1fd40d30358c96e486ddae675428216469a7e8b6f5ead0c86b97577b7,db68e94434e8e9f83c9111ea435ec597767c74b1dfdae5f5275b5ca8b5e45883,True,False
cga-review-replay-v1,C5,08,rfm,rfm_relu3,207,8,,,8,283.55727632565936,283.55727632565936,0.9913007251059519,0.9760374789107013,1.117068629917783,-81.72681505184971,-365.28409137750907,19,7.72116292703417e-09,True,L-BFGS-B: CONVERGENCE: RELATIVE REDUCTION OF F <= FACTR*EPSMCH,0.3598352920016623,CG80x3-d2,599581f601cc019af5d55e28f70f46e87c3cdb7c2aea2307e39429b21556b65b,3.5678358838056663e-09,3.5752119551110055e-10,3.5678358838056663e-09,2.6511038401362935e-09,False,new_nested_rfm_coefficient_replay,,4788b09e54970c37054ead04b1ea3a8572bc3879b5309ada573515d303f3876f,fbe4904d8be5f2979aa48d19d959400a573aec5543407e5edafbbf398eb19a0a,,,,data/raw/review_replay_20261001/models/C5_rfm_seed207_n8.npz,e9478fb93314a0cf758ba55878b1b3087a935ad61bfc324050e92dd616f49411,relative_gradient_component_Lp_seminorm,review_replay_20261001,True,none,True,none,True,none,not_used,fc38e7c1fd40d30358c96e486ddae675428216469a7e8b6f5ead0c86b97577b7,e9478fb93314a0cf758ba55878b1b3087a935ad61bfc324050e92dd616f49411,True,False
cga-review-replay-v1,C5,08,rfm,rfm_relu3,207,16,,,16,231.8560021094585,231.8560021094585,0.8791220678098561,0.9366784825363723,0.9481872145454939,-133.42808926805057,-365.28409137750907,18,5.76414780598221e-08,True,L-BFGS-B: CONVERGENCE: RELATIVE REDUCTION OF F <= FACTR*EPSMCH,0.44170020800083876,CG80x3-d2,599581f601cc019af5d55e28f70f46e87c3cdb7c2aea2307e39429b21556b65b,3.351072112500199e-06,2.1809111983140704e-06,1.700263258602686e-06,3.351072112500199e-06,False,new_nested_rfm_coefficient_replay,,4788b09e54970c37054ead04b1ea3a8572bc3879b5309ada573515d303f3876f,fbe4904d8be5f2979aa48d19d959400a573aec5543407e5edafbbf398eb19a0a,,,,data/raw/review_replay_20261001/models/C5_rfm_seed207_n16.npz,6d467e4413bd952807f90e54fefce051d0b98ec43969eed5e64436ba02923f2f,relative_gradient_component_Lp_seminorm,review_replay_20261001,True,none,True,none,True,none,not_used,fc38e7c1fd40d30358c96e486ddae675428216469a7e8b6f5ead0c86b97577b7,6d467e4413bd952807f90e54fefce051d0b98ec43969eed5e64436ba02923f2f,True,False
cga-review-replay-v1,C5,08,rfm,rfm_relu3,207,32,,,32,89.4277246151861,89.4277246151861,0.5323692124003779,0.6227640201121852,0.4288138364114595,-275.856366762323,-365.28409137750907,24,1.223008316878253e-07,True,L-BFGS-B: CONVERGENCE: RELATIVE REDUCTION OF F <= FACTR*EPSMCH,0.9978933330021391,CG80x3-d2,599581f601cc019af5d55e28f70f46e87c3cdb7c2aea2307e39429b21556b65b,8.188647744511507e-05,3.33665756507232e-05,8.188647744511507e-05,3.209882422702054e-05,False,new_nested_rfm_coefficient_replay,,4788b09e54970c37054ead04b1ea3a8572bc3879b5309ada573515d303f3876f,fbe4904d8be5f2979aa48d19d959400a573aec5543407e5edafbbf398eb19a0a,,,,data/raw/review_replay_20261001/models/C5_rfm_seed207_n32.npz,4040aab65e844deb4c97db1107904b1f445824506381d248cc0b3535938be368,relative_gradient_component_Lp_seminorm,review_replay_20261001,True,none,True,none,True,none,not_used,fc38e7c1fd40d30358c96e486ddae675428216469a7e8b6f5ead0c86b97577b7,4040aab65e844deb4c97db1107904b1f445824506381d248cc0b3535938be368,True,False
cga-review-replay-v1,C5,08,rfm,rfm_relu3,207,64,,,64,3.0684698764904397,3.0684698764904397,0.120486100881409,0.12199656295043375,0.12338574838439798,-362.21562150101863,-365.28409137750907,55,5.225694962925304e-08,True,L-BFGS-B: CONVERGENCE: RELATIVE REDUCTION OF F <= FACTR*EPSMCH,2.0416550420013664,CG80x3-d2,599581f601cc019af5d55e28f70f46e87c3cdb7c2aea2307e39429b21556b65b,0.00026403001618635716,1.363076821791582e-05,0.00026403001618635716,8.746745481623934e-06,False,new_nested_rfm_coefficient_replay,,4788b09e54970c37054ead04b1ea3a8572bc3879b5309ada573515d303f3876f,fbe4904d8be5f2979aa48d19d959400a573aec5543407e5edafbbf398eb19a0a,,,,data/raw/review_replay_20261001/models/C5_rfm_seed207_n64.npz,d7265261c52a7233149c4f3e29bf312f8bd4ec32968ebfb13859e694c4769b5d,relative_gradient_component_Lp_seminorm,review_replay_20261001,True,none,True,none,True,none,not_used,fc38e7c1fd40d30358c96e486ddae675428216469a7e8b6f5ead0c86b97577b7,d7265261c52a7233149c4f3e29bf312f8bd4ec32968ebfb13859e694c4769b5d,True,False
cga-review-replay-v1,C5,08,rfm,rfm_relu3,207,128,,,128,0.15695363685767916,0.15695363685767916,0.030433766817930866,0.027619906062046205,0.013280262548891825,-365.1271377406514,-365.28409137750907,161,1.3300172450297679e-07,True,L-BFGS-B: CONVERGENCE: RELATIVE REDUCTION OF F <= FACTR*EPSMCH,13.66583216700019,CG80x3-d2,599581f601cc019af5d55e28f70f46e87c3cdb7c2aea2307e39429b21556b65b,0.0002477561944157962,1.2375929663762091e-05,0.0002477561944157962,2.1340296131881836e-06,False,new_nested_rfm_coefficient_replay,,4788b09e54970c37054ead04b1ea3a8572bc3879b5309ada573515d303f3876f,fbe4904d8be5f2979aa48d19d959400a573aec5543407e5edafbbf398eb19a0a,,,,data/raw/review_replay_20261001/models/C5_rfm_seed207_n128.npz,e957b8cd061fb1a55a1bf5797b6eb353682405a66f0f5db233f0743cdafc967b,relative_gradient_component_Lp_seminorm,review_replay_20261001,True,none,True,none,True,none,not_used,fc38e7c1fd40d30358c96e486ddae675428216469a7e8b6f5ead0c86b97577b7,e957b8cd061fb1a55a1bf5797b6eb353682405a66f0f5db233f0743cdafc967b,True,False
cga-review-replay-v1,C5,08,rfm,rfm_relu3,207,256,,,256,0.3432048652495041,0.3432048652495041,0.03648190553017709,0.04941958134677091,0.8965241813347985,-364.94088651225957,-365.28409137750907,432,0.3495606944702066,False,L-BFGS-B: STOP: TOTAL NO. OF ITERATIONS REACHED LIMIT; Newton-CG: Warning: Desired error not necessarily achieved due to precision loss.,70.62214049999966,CG192x4-d2,fd25921a2d114ee698b68f3913d50877f3c9d34661accee4b9456b9f9ca7756c,0.45498962656228714,0.45498962656228714,0.0020547032302208313,0.0018778599511209328,False,new_nested_rfm_coefficient_replay,,4788b09e54970c37054ead04b1ea3a8572bc3879b5309ada573515d303f3876f,fbe4904d8be5f2979aa48d19d959400a573aec5543407e5edafbbf398eb19a0a,,,,data/raw/review_replay_20261001/models/C5_rfm_seed207_n256.npz,ba96aca544bf3a1d211a7167dcece6361028e63f92924dda6f22c52ced100137,relative_gradient_component_Lp_seminorm,review_replay_20261001,False,coefficient_solve_failed,False,coefficient_solve_failed,False,coefficient_solve_failed,cached_matrix,fc38e7c1fd40d30358c96e486ddae675428216469a7e8b6f5ead0c86b97577b7,ba96aca544bf3a1d211a7167dcece6361028e63f92924dda6f22c52ced100137,True,False
cga-review-replay-v1,C5,08,rfm,rfm_relu3,207,512,,,512,-0.19504296783316022,-0.19504296783316022,0.043619570535624555,0.039725843648619,0.8981832661698991,-365.47913434534223,-365.28409137750907,173,0.2583682204651331,False,L-BFGS-B: CONVERGENCE: RELATIVE REDUCTION OF F <= FACTR*EPSMCH; Newton-CG: Warning: CG iterations didn't converge. The Hessian is not positive definite.,40.06010141700244,CG192x4-d2,fd25921a2d114ee698b68f3913d50877f3c9d34661accee4b9456b9f9ca7756c,0.573845012384174,0.573845012384174,0.041686497614746625,0.0019459187706205685,False,new_nested_rfm_coefficient_replay,,4788b09e54970c37054ead04b1ea3a8572bc3879b5309ada573515d303f3876f,fbe4904d8be5f2979aa48d19d959400a573aec5543407e5edafbbf398eb19a0a,,,,data/raw/review_replay_20261001/models/C5_rfm_seed207_n512.npz,9f553d8797af4987da9402068b46b60fb1fe7b520e8dec9e687e3c71b63ebf41,relative_gradient_component_Lp_seminorm,review_replay_20261001,False,coefficient_solve_failed,False,coefficient_solve_failed,False,coefficient_solve_failed,cached_matrix,fc38e7c1fd40d30358c96e486ddae675428216469a7e8b6f5ead0c86b97577b7,9f553d8797af4987da9402068b46b60fb1fe7b520e8dec9e687e3c71b63ebf41,True,False
cga-review-replay-v1,C5,08,rfm,rfm_relu3,208,8,,,8,331.52671021616675,331.52671021616675,1.0135278658043436,0.9878127500294008,1.218883920534861,-33.75738116134235,-365.28409137750907,19,5.045766835135208e-09,True,L-BFGS-B: CONVERGENCE: RELATIVE REDUCTION OF F <= FACTR*EPSMCH,0.27515924999897834,CG80x3-d2,599581f601cc019af5d55e28f70f46e87c3cdb7c2aea2307e39429b21556b65b,2.0960387243105447e-09,7.774935939894475e-11,4.8473841660705405e-11,2.0960387243105447e-09,False,new_nested_rfm_coefficient_replay,,4788b09e54970c37054ead04b1ea3a8572bc3879b5309ada573515d303f3876f,fbe4904d8be5f2979aa48d19d959400a573aec5543407e5edafbbf398eb19a0a,,,,data/raw/review_replay_20261001/models/C5_rfm_seed208_n8.npz,d229483053e1bc74387b1701aca403a2572051b8995e9bfd14ee706b331a0468,relative_gradient_component_Lp_seminorm,review_replay_20261001,True,none,True,none,True,none,not_used,fc38e7c1fd40d30358c96e486ddae675428216469a7e8b6f5ead0c86b97577b7,d229483053e1bc74387b1701aca403a2572051b8995e9bfd14ee706b331a0468,True,False
cga-review-replay-v1,C5,08,rfm,rfm_relu3,208,16,,,16,243.4976656499956,243.4976656499956,0.9644762721329423,0.9247704010550226,0.8644106612441422,-121.78642572751347,-365.28409137750907,18,2.0084065339290413e-08,True,L-BFGS-B: CONVERGENCE: RELATIVE REDUCTION OF F <= FACTR*EPSMCH,0.31830566600183374,CG80x3-d2,599581f601cc019af5d55e28f70f46e87c3cdb7c2aea2307e39429b21556b65b,9.73387772214048e-09,9.73387772214048e-09,4.38907547946181e-09,3.169199682580293e-09,False,new_nested_rfm_coefficient_replay,,4788b09e54970c37054ead04b1ea3a8572bc3879b5309ada573515d303f3876f,fbe4904d8be5f2979aa48d19d959400a573aec5543407e5edafbbf398eb19a0a,,,,data/raw/review_replay_20261001/models/C5_rfm_seed208_n16.npz,b17e99b606cfad9aea524f6b24803b16fcd0634a90e3758abd62b6e02d73adb2,relative_gradient_component_Lp_seminorm,review_replay_20261001,True,none,True,none,True,none,not_used,fc38e7c1fd40d30358c96e486ddae675428216469a7e8b6f5ead0c86b97577b7,b17e99b606cfad9aea524f6b24803b16fcd0634a90e3758abd62b6e02d73adb2,True,False
cga-review-replay-v1,C5,08,rfm,rfm_relu3,208,32,,,32,46.4040480182764,46.4040480182764,0.4509578851576071,0.4811288912844042,0.2764749094129183,-318.8800433592327,-365.28409137750907,19,1.567171332180741e-07,True,L-BFGS-B: CONVERGENCE: RELATIVE REDUCTION OF F <= FACTR*EPSMCH,0.5678197080014797,CG80x3-d2,599581f601cc019af5d55e28f70f46e87c3cdb7c2aea2307e39429b21556b65b,1.245177209567334e-06,1.245177209567334e-06,6.452687913886916e-08,2.2972049282748102e-07,False,new_nested_rfm_coefficient_replay,,4788b09e54970c37054ead04b1ea3a8572bc3879b5309ada573515d303f3876f,fbe4904d8be5f2979aa48d19d959400a573aec5543407e5edafbbf398eb19a0a,,,,data/raw/review_replay_20261001/models/C5_rfm_seed208_n32.npz,1867915c1ced78f586a1e2120affe32cec68ea7728de45b1ad08ea73af136c80,relative_gradient_component_Lp_seminorm,review_replay_20261001,True,none,True,none,True,none,not_used,fc38e7c1fd40d30358c96e486ddae675428216469a7e8b6f5ead0c86b97577b7,1867915c1ced78f586a1e2120affe32cec68ea7728de45b1ad08ea73af136c80,True,False
cga-review-replay-v1,C5,08,rfm,rfm_relu3,208,64,,,64,2.80482658951928,2.80482658951928,0.1264111928035647,0.11765467570126115,0.07712936161022856,-362.4792647879898,-365.28409137750907,27,1.4201848583000865e-07,True,L-BFGS-B: CONVERGENCE: RELATIVE REDUCTION OF F <= FACTR*EPSMCH,1.506947959001991,CG80x3-d2,599581f601cc019af5d55e28f70f46e87c3cdb7c2aea2307e39429b21556b65b,6.407773750534569e-06,6.407773750534569e-06,2.5656621699585464e-07,3.436310739066176e-08,False,new_nested_rfm_coefficient_replay,,4788b09e54970c37054ead04b1ea3a8572bc3879b5309ada573515d303f3876f,fbe4904d8be5f2979aa48d19d959400a573aec5543407e5edafbbf398eb19a0a,,,,data/raw/review_replay_20261001/models/C5_rfm_seed208_n64.npz,9b3720fff5add5d0677404da5b9772ba26046b6f7706ff292e827af4905caa6d,relative_gradient_component_Lp_seminorm,review_replay_20261001,True,none,True,none,True,none,not_used,fc38e7c1fd40d30358c96e486ddae675428216469a7e8b6f5ead0c86b97577b7,9b3720fff5add5d0677404da5b9772ba26046b6f7706ff292e827af4905caa6d,True,False
cga-review-replay-v1,C5,08,rfm,rfm_relu3,208,128,,,128,0.1749115103209533,0.1749115103209533,0.030942652157444985,0.02956797029581748,0.00929571200548458,-365.1091798671881,-365.28409137750907,39,7.434828985506833e-11,True,L-BFGS-B: CONVERGENCE: RELATIVE REDUCTION OF F <= FACTR*EPSMCH; Newton-CG: Warning: Desired error not necessarily achieved due to precision loss.,5.490121499999077,CG80x3-d2,599581f601cc019af5d55e28f70f46e87c3cdb7c2aea2307e39429b21556b65b,1.644649751306027e-05,1.644649751306027e-05,3.0164924637514695e-06,2.9266413744744494e-07,False,new_nested_rfm_coefficient_replay,,4788b09e54970c37054ead04b1ea3a8572bc3879b5309ada573515d303f3876f,fbe4904d8be5f2979aa48d19d959400a573aec5543407e5edafbbf398eb19a0a,,,,data/raw/review_replay_20261001/models/C5_rfm_seed208_n128.npz,0213d763696d700d935cd8419dbf4cc3d566adf44e82b017b45bdf739329ad49,relative_gradient_component_Lp_seminorm,review_replay_20261001,True,none,True,none,True,none,cached_matrix,fc38e7c1fd40d30358c96e486ddae675428216469a7e8b6f5ead0c86b97577b7,0213d763696d700d935cd8419dbf4cc3d566adf44e82b017b45bdf739329ad49,True,False
cga-review-replay-v1,C5,08,rfm,rfm_relu3,208,256,,,256,0.023675026938235533,0.023675026938235533,0.012835442597612547,0.010781555074089844,0.002843767667563607,-365.26041635057084,-365.28409137750907,57,1.4019869510915984e-07,True,L-BFGS-B: CONVERGENCE: RELATIVE REDUCTION OF F <= FACTR*EPSMCH,9.584942375000537,CG80x3-d2,599581f601cc019af5d55e28f70f46e87c3cdb7c2aea2307e39429b21556b65b,0.00035177827746476456,0.00035177827746476456,1.3066762944986195e-05,1.8112545532504912e-07,False,new_nested_rfm_coefficient_replay,,4788b09e54970c37054ead04b1ea3a8572bc3879b5309ada573515d303f3876f,fbe4904d8be5f2979aa48d19d959400a573aec5543407e5edafbbf398eb19a0a,,,,data/raw/review_replay_20261001/models/C5_rfm_seed208_n256.npz,b030aeffa9e620168c7ed9c1b5819a9cb47ec00081df70a3790be2f6cf64f88d,relative_gradient_component_Lp_seminorm,review_replay_20261001,True,none,True,none,True,none,not_used,fc38e7c1fd40d30358c96e486ddae675428216469a7e8b6f5ead0c86b97577b7,b030aeffa9e620168c7ed9c1b5819a9cb47ec00081df70a3790be2f6cf64f88d,True,False
cga-review-replay-v1,C5,08,rfm,rfm_relu3,208,512,,,512,0.0012489338547538864,0.0012489338547538864,0.0036729924248118198,0.0024902283363632187,0.0004982626495802957,-365.2828424436543,-365.28409137750907,342,5.809784859655461e-08,True,L-BFGS-B: CONVERGENCE: RELATIVE REDUCTION OF F <= FACTR*EPSMCH,77.92358554200109,CG192x4-d2,fd25921a2d114ee698b68f3913d50877f3c9d34661accee4b9456b9f9ca7756c,0.0006414562923190461,0.0006414562923190461,0.0002448515376021367,1.1163489643298814e-06,False,new_nested_rfm_coefficient_replay,,4788b09e54970c37054ead04b1ea3a8572bc3879b5309ada573515d303f3876f,fbe4904d8be5f2979aa48d19d959400a573aec5543407e5edafbbf398eb19a0a,,,,data/raw/review_replay_20261001/models/C5_rfm_seed208_n512.npz,84a1e74f13339a938c1180eaaed2e66aa396909036fa1c1a982d805f34740c89,relative_gradient_component_Lp_seminorm,review_replay_20261001,True,none,True,none,True,none,not_used,fc38e7c1fd40d30358c96e486ddae675428216469a7e8b6f5ead0c86b97577b7,84a1e74f13339a938c1180eaaed2e66aa396909036fa1c1a982d805f34740c89,True,False
cga-review-replay-v1,C5,08,rfm,rfm_relu3,209,8,,,8,345.69996593781445,345.69996593781445,1.030959486374734,0.9981359067394754,1.1989541050453205,-19.584125439694645,-365.28409137750907,17,5.009818917958301e-09,True,L-BFGS-B: CONVERGENCE: RELATIVE REDUCTION OF F <= FACTR*EPSMCH,0.25478395800018916,CG80x3-d2,599581f601cc019af5d55e28f70f46e87c3cdb7c2aea2307e39429b21556b65b,8.103898836857661e-09,8.712049817426782e-10,4.394024043443187e-10,8.103898836857661e-09,False,new_nested_rfm_coefficient_replay,,4788b09e54970c37054ead04b1ea3a8572bc3879b5309ada573515d303f3876f,fbe4904d8be5f2979aa48d19d959400a573aec5543407e5edafbbf398eb19a0a,,,,data/raw/review_replay_20261001/models/C5_rfm_seed209_n8.npz,8163e78d3f638f11f59a6d383ada91ec2eaffba0b81b78b888c0dc21ac7c0101,relative_gradient_component_Lp_seminorm,review_replay_20261001,True,none,True,none,True,none,not_used,fc38e7c1fd40d30358c96e486ddae675428216469a7e8b6f5ead0c86b97577b7,8163e78d3f638f11f59a6d383ada91ec2eaffba0b81b78b888c0dc21ac7c0101,True,False
cga-review-replay-v1,C5,08,rfm,rfm_relu3,209,16,,,16,218.25080303160567,218.25080303160567,0.8854063636524077,0.8805414493126841,0.9381974458706722,-147.0332883459034,-365.28409137750907,19,1.0931475208695645e-07,True,L-BFGS-B: CONVERGENCE: RELATIVE REDUCTION OF F <= FACTR*EPSMCH,0.24962629199944786,CG80x3-d2,599581f601cc019af5d55e28f70f46e87c3cdb7c2aea2307e39429b21556b65b,2.5678543636819587e-08,2.5678543636819587e-08,4.478460031924441e-09,1.870157078779619e-08,False,new_nested_rfm_coefficient_replay,,4788b09e54970c37054ead04b1ea3a8572bc3879b5309ada573515d303f3876f,fbe4904d8be5f2979aa48d19d959400a573aec5543407e5edafbbf398eb19a0a,,,,data/raw/review_replay_20261001/models/C5_rfm_seed209_n16.npz,d71fe04aa9a2350ecb55d172d9bf5fab560f1acf0dff367fb8b92648fe8dca9d,relative_gradient_component_Lp_seminorm,review_replay_20261001,True,none,True,none,True,none,not_used,fc38e7c1fd40d30358c96e486ddae675428216469a7e8b6f5ead0c86b97577b7,d71fe04aa9a2350ecb55d172d9bf5fab560f1acf0dff367fb8b92648fe8dca9d,True,False
cga-review-replay-v1,C5,08,rfm,rfm_relu3,209,32,,,32,33.64571346369053,33.64571346369053,0.3457608313383878,0.40190854856481956,0.2758039843485786,-331.63837791381854,-365.28409137750907,22,9.240070513344065e-08,True,L-BFGS-B: CONVERGENCE: RELATIVE REDUCTION OF F <= FACTR*EPSMCH,0.478593167001236,CG80x3-d2,599581f601cc019af5d55e28f70f46e87c3cdb7c2aea2307e39429b21556b65b,9.846693087764951e-07,2.876407486875615e-07,9.846693087764951e-07,2.646794049999488e-07,False,new_nested_rfm_coefficient_replay,,4788b09e54970c37054ead04b1ea3a8572bc3879b5309ada573515d303f3876f,fbe4904d8be5f2979aa48d19d959400a573aec5543407e5edafbbf398eb19a0a,,,,data/raw/review_replay_20261001/models/C5_rfm_seed209_n32.npz,821bb237eea3cebace6788f00616c2cf1cd8164deb48b3e846c8f70d3458aef2,relative_gradient_component_Lp_seminorm,review_replay_20261001,True,none,True,none,True,none,not_used,fc38e7c1fd40d30358c96e486ddae675428216469a7e8b6f5ead0c86b97577b7,821bb237eea3cebace6788f00616c2cf1cd8164deb48b3e846c8f70d3458aef2,True,False
cga-review-replay-v1,C5,08,rfm,rfm_relu3,209,64,,,64,7.390251315535465,7.390251315535465,0.16821889304084708,0.19063619964521505,0.10642014910003511,-357.8938400619736,-365.28409137750907,73,1.8280334124469757e-07,True,L-BFGS-B: CONVERGENCE: RELATIVE REDUCTION OF F <= FACTR*EPSMCH,4.017796957999963,CG80x3-d2,599581f601cc019af5d55e28f70f46e87c3cdb7c2aea2307e39429b21556b65b,8.742720790698049e-07,7.507373775715143e-07,8.742720790698049e-07,4.282666826229063e-08,False,new_nested_rfm_coefficient_replay,,4788b09e54970c37054ead04b1ea3a8572bc3879b5309ada573515d303f3876f,fbe4904d8be5f2979aa48d19d959400a573aec5543407e5edafbbf398eb19a0a,,,,data/raw/review_replay_20261001/models/C5_rfm_seed209_n64.npz,63c49567279877a92ee8b5531aa200105b806467e6c723d298e71630c833d80e,relative_gradient_component_Lp_seminorm,review_replay_20261001,True,none,True,none,True,none,not_used,fc38e7c1fd40d30358c96e486ddae675428216469a7e8b6f5ead0c86b97577b7,63c49567279877a92ee8b5531aa200105b806467e6c723d298e71630c833d80e,True,False
cga-review-replay-v1,C5,08,rfm,rfm_relu3,209,128,,,128,0.1942230471554467,0.1942230471554467,0.031365904982770115,0.031100401733135923,0.011860199578273677,-365.0898683303536,-365.28409137750907,90,8.011476042459744e-08,True,L-BFGS-B: CONVERGENCE: RELATIVE REDUCTION OF F <= FACTR*EPSMCH,6.839924791998783,CG80x3-d2,599581f601cc019af5d55e28f70f46e87c3cdb7c2aea2307e39429b21556b65b,3.9568340042620255e-06,3.9568340042620255e-06,3.305821948277731e-06,2.588011696888638e-07,False,new_nested_rfm_coefficient_replay,,4788b09e54970c37054ead04b1ea3a8572bc3879b5309ada573515d303f3876f,fbe4904d8be5f2979aa48d19d959400a573aec5543407e5edafbbf398eb19a0a,,,,data/raw/review_replay_20261001/models/C5_rfm_seed209_n128.npz,af5efa2739657a9cda94655523fc45163161f4c85d542bd7792a7ebc5010af2f,relative_gradient_component_Lp_seminorm,review_replay_20261001,True,none,True,none,True,none,not_used,fc38e7c1fd40d30358c96e486ddae675428216469a7e8b6f5ead0c86b97577b7,af5efa2739657a9cda94655523fc45163161f4c85d542bd7792a7ebc5010af2f,True,False
cga-review-replay-v1,C5,08,rfm,rfm_relu3,209,256,,,256,0.01092695900081253,0.01092695900081253,0.00960339061934653,0.0073753549065382114,0.0023104226682146524,-365.27316441850826,-365.28409137750907,104,1.7769729010209105e-07,True,L-BFGS-B: CONVERGENCE: RELATIVE REDUCTION OF F <= FACTR*EPSMCH,7.703164958998968,CG80x3-d2,599581f601cc019af5d55e28f70f46e87c3cdb7c2aea2307e39429b21556b65b,0.0006042611791522211,0.0006042611791522211,0.000533030429563042,7.38704312506206e-06,False,new_nested_rfm_coefficient_replay,,4788b09e54970c37054ead04b1ea3a8572bc3879b5309ada573515d303f3876f,fbe4904d8be5f2979aa48d19d959400a573aec5543407e5edafbbf398eb19a0a,,,,data/raw/review_replay_20261001/models/C5_rfm_seed209_n256.npz,dc7d7167e65f77fbdec2cc8f4aeefb89a9dbb5c43d1e1962f89050ff3e8574e8,relative_gradient_component_Lp_seminorm,review_replay_20261001,True,none,True,none,True,none,not_used,fc38e7c1fd40d30358c96e486ddae675428216469a7e8b6f5ead0c86b97577b7,dc7d7167e65f77fbdec2cc8f4aeefb89a9dbb5c43d1e1962f89050ff3e8574e8,True,False
cga-review-replay-v1,C5,08,rfm,rfm_relu3,209,512,,,512,0.7672895098717163,0.7672895098717163,0.18269188815558637,0.09772150473603321,0.6250009238438625,-364.51680186763735,-365.28409137750907,200,0.6629189659340495,False,L-BFGS-B: CONVERGENCE: RELATIVE REDUCTION OF F <= FACTR*EPSMCH; Newton-CG: Warning: Desired error not necessarily achieved due to precision loss.,69.60538558299959,CG192x4-d2,fd25921a2d114ee698b68f3913d50877f3c9d34661accee4b9456b9f9ca7756c,0.2992313794367077,0.2992313794367077,0.05752882598258225,0.019166478035709807,False,new_nested_rfm_coefficient_replay,,4788b09e54970c37054ead04b1ea3a8572bc3879b5309ada573515d303f3876f,fbe4904d8be5f2979aa48d19d959400a573aec5543407e5edafbbf398eb19a0a,,,,data/raw/review_replay_20261001/models/C5_rfm_seed209_n512.npz,f51c727587fef31272bb0f6d3612ffea39fc33039739b434145b1e3372a2f73f,relative_gradient_component_Lp_seminorm,review_replay_20261001,False,coefficient_solve_failed,False,coefficient_solve_failed,False,coefficient_solve_failed,cached_matrix,fc38e7c1fd40d30358c96e486ddae675428216469a7e8b6f5ead0c86b97577b7,f51c727587fef31272bb0f6d3612ffea39fc33039739b434145b1e3372a2f73f,True,False
cga-review-replay-v1,C5,08,rfm,rfm_relu3,210,8,,,8,321.5539593114865,321.5539593114865,1.004331326198646,0.965412170298749,1.1329814331549999,-43.730132066022584,-365.28409137750907,18,4.9847864287694825e-09,True,L-BFGS-B: CONVERGENCE: RELATIVE REDUCTION OF F <= FACTR*EPSMCH,0.13708074999885866,CG80x3-d2,599581f601cc019af5d55e28f70f46e87c3cdb7c2aea2307e39429b21556b65b,7.909850055496635e-09,3.4550084683465673e-09,2.748396674239089e-10,7.909850055496635e-09,False,new_nested_rfm_coefficient_replay,,4788b09e54970c37054ead04b1ea3a8572bc3879b5309ada573515d303f3876f,fbe4904d8be5f2979aa48d19d959400a573aec5543407e5edafbbf398eb19a0a,,,,data/raw/review_replay_20261001/models/C5_rfm_seed210_n8.npz,8fe1010b6c220d3d302cf6a06b0ae4c5c538b8e45243c99a2991dd5669eac441,relative_gradient_component_Lp_seminorm,review_replay_20261001,True,none,True,none,True,none,not_used,fc38e7c1fd40d30358c96e486ddae675428216469a7e8b6f5ead0c86b97577b7,8fe1010b6c220d3d302cf6a06b0ae4c5c538b8e45243c99a2991dd5669eac441,True,False
cga-review-replay-v1,C5,08,rfm,rfm_relu3,210,16,,,16,181.90560684788574,181.90560684788574,0.7507643560919713,0.8498299596466814,0.7429174313300018,-183.37848452962334,-365.28409137750907,21,4.333754701456767e-08,True,L-BFGS-B: CONVERGENCE: RELATIVE REDUCTION OF F <= FACTR*EPSMCH,0.13480395800070255,CG80x3-d2,599581f601cc019af5d55e28f70f46e87c3cdb7c2aea2307e39429b21556b65b,4.595004720675464e-08,4.595004720675464e-08,8.04676730578383e-09,1.6638597619366672e-08,False,new_nested_rfm_coefficient_replay,,4788b09e54970c37054ead04b1ea3a8572bc3879b5309ada573515d303f3876f,fbe4904d8be5f2979aa48d19d959400a573aec5543407e5edafbbf398eb19a0a,,,,data/raw/review_replay_20261001/models/C5_rfm_seed210_n16.npz,2bda753f3ebca17945812c8005a7921eb0ba1cbf6cefa6b37585face9efa9ca2,relative_gradient_component_Lp_seminorm,review_replay_20261001,True,none,True,none,True,none,not_used,fc38e7c1fd40d30358c96e486ddae675428216469a7e8b6f5ead0c86b97577b7,2bda753f3ebca17945812c8005a7921eb0ba1cbf6cefa6b37585face9efa9ca2,True,False
cga-review-replay-v1,C5,08,rfm,rfm_relu3,210,32,,,32,48.07569200562733,48.07569200562733,0.44344776331230623,0.4679880478381094,0.3172162008136666,-317.20839937188174,-365.28409137750907,20,5.2016679260594585e-08,True,L-BFGS-B: CONVERGENCE: RELATIVE REDUCTION OF F <= FACTR*EPSMCH,0.28071258300042246,CG80x3-d2,599581f601cc019af5d55e28f70f46e87c3cdb7c2aea2307e39429b21556b65b,8.996965642310552e-08,6.636204132868857e-08,2.4923136707809285e-09,8.996965642310552e-08,False,new_nested_rfm_coefficient_replay,,4788b09e54970c37054ead04b1ea3a8572bc3879b5309ada573515d303f3876f,fbe4904d8be5f2979aa48d19d959400a573aec5543407e5edafbbf398eb19a0a,,,,data/raw/review_replay_20261001/models/C5_rfm_seed210_n32.npz,d9ff86324892a4485d2df201f5c79b4516466299c41421a9dc26017fbbe543ee,relative_gradient_component_Lp_seminorm,review_replay_20261001,True,none,True,none,True,none,not_used,fc38e7c1fd40d30358c96e486ddae675428216469a7e8b6f5ead0c86b97577b7,d9ff86324892a4485d2df201f5c79b4516466299c41421a9dc26017fbbe543ee,True,False
cga-review-replay-v1,C5,08,rfm,rfm_relu3,210,64,,,64,0.6036314605437383,0.6036314605437383,0.06514009045197455,0.054333802007936804,0.03766100625619241,-364.68045991696533,-365.28409137750907,35,8.041460974863756e-08,True,L-BFGS-B: CONVERGENCE: RELATIVE REDUCTION OF F <= FACTR*EPSMCH,0.6609615410015977,CG80x3-d2,599581f601cc019af5d55e28f70f46e87c3cdb7c2aea2307e39429b21556b65b,1.9260912463026115e-05,1.9260912463026115e-05,1.0672840867976614e-05,7.453184042411933e-08,False,new_nested_rfm_coefficient_replay,,4788b09e54970c37054ead04b1ea3a8572bc3879b5309ada573515d303f3876f,fbe4904d8be5f2979aa48d19d959400a573aec5543407e5edafbbf398eb19a0a,,,,data/raw/review_replay_20261001/models/C5_rfm_seed210_n64.npz,5fdab7595274e22db3b77abeca22f7791bfed813eb77eb445475ad68191cb31e,relative_gradient_component_Lp_seminorm,review_replay_20261001,True,none,True,none,True,none,not_used,fc38e7c1fd40d30358c96e486ddae675428216469a7e8b6f5ead0c86b97577b7,5fdab7595274e22db3b77abeca22f7791bfed813eb77eb445475ad68191cb31e,True,False
cga-review-replay-v1,C5,08,rfm,rfm_relu3,210,128,,,128,0.15962322086687664,0.15962322086687664,0.03375618191152839,0.028082864396945042,0.015423917642678114,-365.1244681566422,-365.28409137750907,80,1.740839120189453e-08,True,L-BFGS-B: CONVERGENCE: RELATIVE REDUCTION OF F <= FACTR*EPSMCH; Newton-CG: Optimization terminated successfully.,4.121591124996485,CG80x3-d2,599581f601cc019af5d55e28f70f46e87c3cdb7c2aea2307e39429b21556b65b,0.003070013576220498,3.09332648675484e-05,0.003070013576220498,1.2334816965923615e-05,False,new_nested_rfm_coefficient_replay,,4788b09e54970c37054ead04b1ea3a8572bc3879b5309ada573515d303f3876f,fbe4904d8be5f2979aa48d19d959400a573aec5543407e5edafbbf398eb19a0a,,,,data/raw/review_replay_20261001/models/C5_rfm_seed210_n128.npz,97a5108571df67b10f7ecdf87daf515c4c150049fbf8da5287214d8a31de174c,relative_gradient_component_Lp_seminorm,review_replay_20261001,True,none,True,none,True,none,cached_matrix,fc38e7c1fd40d30358c96e486ddae675428216469a7e8b6f5ead0c86b97577b7,97a5108571df67b10f7ecdf87daf515c4c150049fbf8da5287214d8a31de174c,True,False
cga-review-replay-v1,C5,08,rfm,rfm_relu3,210,256,,,256,0.02012309168878801,0.02012309168878801,0.08148950066017754,0.01112811481423507,0.002332900401046042,-365.2639682858203,-365.28409137750907,187,1.206761053418079e-07,True,L-BFGS-B: CONVERGENCE: RELATIVE REDUCTION OF F <= FACTR*EPSMCH,10.773664291002206,CG192x4-d2,fd25921a2d114ee698b68f3913d50877f3c9d34661accee4b9456b9f9ca7756c,0.09110220468559635,0.09110220468559635,0.06766943992725291,0.06275170658983795,False,new_nested_rfm_coefficient_replay,,4788b09e54970c37054ead04b1ea3a8572bc3879b5309ada573515d303f3876f,fbe4904d8be5f2979aa48d19d959400a573aec5543407e5edafbbf398eb19a0a,,,,data/raw/review_replay_20261001/models/C5_rfm_seed210_n256.npz,64036bd68c5a53459f17b3fc38ded7fdfabbcba4307ffe86f44dba7d2c9252b3,relative_gradient_component_Lp_seminorm,review_replay_20261001,False,quadrature_audit_failed,False,quadrature_audit_failed,False,quadrature_audit_failed,not_used,fc38e7c1fd40d30358c96e486ddae675428216469a7e8b6f5ead0c86b97577b7,64036bd68c5a53459f17b3fc38ded7fdfabbcba4307ffe86f44dba7d2c9252b3,True,False
cga-review-replay-v1,C5,08,rfm,rfm_relu3,210,512,,,512,1.8872905399876956e+18,1.8872905399876956e+18,10470.586129082585,124498646.39568499,1.9464988358828508,1.8872905399876954e+18,-365.28409137750907,500,0.0049142398721136885,False,L-BFGS-B: STOP: TOTAL NO. OF ITERATIONS REACHED LIMIT; Newton-CG: Warning: Maximum number of iterations has been exceeded.,94.22313370900156,CG192x4-d2,fd25921a2d114ee698b68f3913d50877f3c9d34661accee4b9456b9f9ca7756c,0.3596866584811889,0.3596866584811889,0.10546335870132285,0.1998041855153129,False,new_nested_rfm_coefficient_replay,,4788b09e54970c37054ead04b1ea3a8572bc3879b5309ada573515d303f3876f,fbe4904d8be5f2979aa48d19d959400a573aec5543407e5edafbbf398eb19a0a,,,,data/raw/review_replay_20261001/models/C5_rfm_seed210_n512.npz,2214de8573aa5d0bb3a4696793331b2b38673a06df39915786722efbe7fa5931,relative_gradient_component_Lp_seminorm,review_replay_20261001,False,coefficient_solve_failed,False,coefficient_solve_failed,False,coefficient_solve_failed,cached_matrix,fc38e7c1fd40d30358c96e486ddae675428216469a7e8b6f5ead0c86b97577b7,2214de8573aa5d0bb3a4696793331b2b38673a06df39915786722efbe7fa5931,True,False
