setting,N,order,points,source,sha256,stable_bregman,energy_gap_raw,energy_gap_status,bregman_gap,l2_abs,l2_rel,natural_abs,natural_rel,w1p_full_abs,w1p_full_rel,quasi_abs,quasi_rel
base_pure,1,16,40592,submit/data/raw/sensitivity/base_pure/pure_p_p4_k3_d1_neumann_stratified_breakpoint_lbfgs_seed0201_20260907T084318+0800/states/accepted_0001.npz,d46333f531cfc10f7da05c1cf35ea4fbb86c039fd4690f7af0a930f195f7f1c2,313.91278600732255,313.91278600732255,ok,313.91278600732255,0.6829109672582553,0.9657819517899532,4.472850098484402,0.909696781818052,4.474355416915952,0.9098570249527536,22.542898760781227,0.9324689731407148
base_pure,2,16,40592,submit/data/raw/sensitivity/base_pure/pure_p_p4_k3_d1_neumann_stratified_breakpoint_lbfgs_seed0201_20260907T084318+0800/states/accepted_0002.npz,9c17eeb9ca848c6dc40c3c8cef49b3e308e054eac4bb024e47fe2c77a19455e7,186.0723533281631,186.0723533281631,ok,186.0723533281631,0.28385242176976205,0.40142794457924547,3.3321865662149746,0.6777064576186531,3.3322600820383146,0.6776127424186588,21.555194537643846,0.8916133781043759
base_pure,3,16,40592,submit/data/raw/sensitivity/base_pure/pure_p_p4_k3_d1_neumann_stratified_breakpoint_lbfgs_seed0201_20260907T084318+0800/states/accepted_0003.npz,1f5a80c73c3d293e1615725778effec252f51dbb5b7b72480d651b735b292069,109.73460941639982,109.73460941639979,ok,109.73460941639983,0.2913875594365871,0.4120842384620178,2.908114682588725,0.5914579093104867,2.9082620368515455,0.5913930383421948,16.578150143969342,0.6857419183469714
base_pure,4,16,40592,submit/data/raw/sensitivity/base_pure/pure_p_p4_k3_d1_neumann_stratified_breakpoint_lbfgs_seed0201_20260907T084318+0800/states/accepted_0004.npz,993339f4b3fdd87ad387f52adfa84fffb639e24d1e38710091345f32235ce596,30.875323513675006,30.87532351367497,ok,30.875323513675006,0.09875733817046696,0.1396639670245405,1.8108233823463238,0.3682887123625065,1.8108319317492834,0.3682313988472767,8.881078545583707,0.3673587092619086
base_pure,5,16,40592,submit/data/raw/sensitivity/base_pure/pure_p_p4_k3_d1_neumann_stratified_breakpoint_lbfgs_seed0201_20260907T084318+0800/states/accepted_0005.npz,2e30bdfd6c709f01f6ba618f9984a899c4cd455b7362f60a0a486ebc13f5dbdb,16.16108758208065,16.161087582080654,ok,16.161087582080647,0.12473606980172498,0.17640344163071653,1.56645847800947,0.31858931216578706,1.5664834186832906,0.31854330068919745,6.431502050976569,0.26603393719977336
base_pure,6,16,40592,submit/data/raw/sensitivity/base_pure/pure_p_p4_k3_d1_neumann_stratified_breakpoint_lbfgs_seed0201_20260907T084318+0800/states/accepted_0006.npz,36821ce38462a5faf5b90fc7684abb9abe1e1979f71d20024a214c33332d012c,0.1312067458057805,0.13120674580574132,ok,0.13120674580578043,0.01779975120149182,0.025172649556016523,0.22378456249032166,0.04551373102957036,0.22378716502480017,0.04550696250509783,0.5846590139199755,0.024183952389294643
base_pure,7,16,40592,submit/data/raw/sensitivity/base_pure/pure_p_p4_k3_d1_neumann_stratified_breakpoint_lbfgs_seed0201_20260907T084318+0800/states/accepted_0007.npz,b145e2512fc27d79dd1b924a9e78f1da6f0e57730fa522956a9ea1bcb1416672,0.10829488147628763,0.10829488147635402,ok,0.10829488147628769,0.016801679802876866,0.023761163447878573,0.1661213901759777,0.0337860850926871,0.1661263381811898,0.0337816739484716,0.5315034628674287,0.02198521554392811
base_pure,8,16,40592,submit/data/raw/sensitivity/base_pure/pure_p_p4_k3_d1_neumann_stratified_breakpoint_lbfgs_seed0201_20260907T084318+0800/states/accepted_0008.npz,d3c575e94d940fa29a3cd38d36feaec5ade6227049783b96dad2cef9a00acb35,0.023071815389890185,0.023071815389869244,ok,0.023071815389890317,0.004234528787637596,0.005988528041736388,0.17241104816359484,0.03506528772726908,0.1724110693774937,0.03505966961401,0.2455858488517635,0.010158462171470916
base_pure,9,16,40592,submit/data/raw/sensitivity/base_pure/pure_p_p4_k3_d1_neumann_stratified_breakpoint_lbfgs_seed0201_20260907T084318+0800/states/accepted_0009.npz,fc933af8b89b26d97142cc4162c79beee7abfcd654a090ba452d26c8c96857ad,0.014421371096161366,0.014421371096204894,ok,0.01442137109616113,0.005044730342659234,0.00713432606910376,0.07580649649302561,0.015417669803862605,0.07580692977109976,0.015415285815599476,0.1948657216609057,0.008060464685827832
base_pure,10,16,40592,submit/data/raw/sensitivity/base_pure/pure_p_p4_k3_d1_neumann_stratified_breakpoint_lbfgs_seed0201_20260907T084318+0800/states/accepted_0010.npz,00181fe566e91d557cb26d5e55924f8824c1b2db0c97cba6b6f021d18564436f,0.010094568780913873,0.010094568781028102,ok,0.010094568780913561,0.0033014375287192194,0.004668937728442234,0.04869064341015112,0.009902795899615208,0.04869093792862236,0.009901267958822887,0.16381417258242673,0.006776042199132764
base_pure,11,16,40592,submit/data/raw/sensitivity/base_pure/pure_p_p4_k3_d1_neumann_stratified_breakpoint_lbfgs_seed0201_20260907T084318+0800/states/accepted_0011.npz,f9790c731a6b4a7e576bec2862ce40688cd28d8d366b36d0755f60b5870bcb48,0.003906465309635414,0.0039064653096829716,ok,0.0039064653096354835,0.0008149340047534821,0.0011524907219613947,0.02096482568593987,0.004263866223537928,0.020964844649595214,0.00426318640431681,0.10203741688103136,0.004220696120346193
base_pure,12,16,40592,submit/data/raw/sensitivity/base_pure/pure_p_p4_k3_d1_neumann_stratified_breakpoint_lbfgs_seed0201_20260907T084318+0800/states/accepted_0012.npz,cd9c36dfccd6bffadeda6dd763cf3ed24b67ae6d4aeac031e6be0ba18290d5ae,0.0012277341760906007,0.00122773417604094,ok,0.0012277341760908065,0.0018532333137377137,0.0026208676865295075,0.026137328661874345,0.00531585974166327,0.026137505614083557,0.0053150433708969436,0.05720483223046474,0.0023662321219056815
base_pure,13,16,40592,submit/data/raw/sensitivity/base_pure/pure_p_p4_k3_d1_neumann_stratified_breakpoint_lbfgs_seed0201_20260907T084318+0800/states/accepted_0013.npz,95974bb28ab613d13127436769fd21da8bbc8e9dfbb2478b634ba2301c90b4ce,0.0011600731265689443,0.0011600731265843933,ok,0.0011600731265686227,0.001818989849127562,0.002572440114455188,0.028439931416977385,0.005784167480577297,0.028440059451264002,0.005783266073136939,0.05559545278020756,0.0022996614284336464
base_pure,14,16,40592,submit/data/raw/sensitivity/base_pure/pure_p_p4_k3_d1_neumann_stratified_breakpoint_lbfgs_seed0201_20260907T084318+0800/states/accepted_0014.npz,588ded85fa45b791e5036de5bf3246db56b440c7e1a241955dbb106092eb1ecc,0.0011056694690911922,0.0011056694690978475,ok,0.0011056694690910742,0.0018224581455841525,0.0025773450263424287,0.0249274336047911,0.0050697889779372195,0.024927623728957623,0.005069014741078422,0.05428690678056846,0.002245534469982604
base_pure,15,16,40592,submit/data/raw/sensitivity/base_pure/pure_p_p4_k3_d1_neumann_stratified_breakpoint_lbfgs_seed0201_20260907T084318+0800/states/accepted_0015.npz,af7882feef3105c83891a95e89e4a9dfaa50986bc6742b979acf771b3cc85269,0.0010670962339373216,0.0010670962339531798,ok,0.001067096233937418,0.0018572347210692411,0.002626526531046333,0.026624081584756164,0.005414856479254847,0.026624250570483322,0.005414022615206933,0.05332573162582477,0.0022057762286373742
base_pure,16,16,40592,submit/data/raw/sensitivity/base_pure/pure_p_p4_k3_d1_neumann_stratified_breakpoint_lbfgs_seed0201_20260907T084318+0800/states/accepted_0016.npz,225fe158b589d455f4309b463cfbda40ca292e697b7f70e66419a460270800cc,0.0010550218948112873,0.0010550218947855683,ok,0.0010550218948115007,0.0018521102691957754,0.0026192794617071495,0.024563254770587545,0.004995721592224141,0.024563466292044717,0.004994963582578283,0.05302839235873521,0.0021934770277227266
base_pure,17,16,40592,submit/data/raw/sensitivity/base_pure/pure_p_p4_k3_d1_neumann_stratified_breakpoint_lbfgs_seed0201_20260907T084318+0800/states/accepted_0017.npz,1b24f0fe96a14b93e6a34287b01f88c5b6a673c4ed663329c1481682ac746fb3,0.0003751387472951674,0.0003751387473585055,ok,0.0003751387472950374,0.0010062550285242207,0.0014230595085450784,0.015313906868959207,0.003114571579421808,0.015313982489705655,0.0031140875612125926,0.03164218132746609,0.0013088535171743851
base_pure,18,16,40592,submit/data/raw/sensitivity/base_pure/pure_p_p4_k3_d1_neumann_stratified_breakpoint_lbfgs_seed0201_20260907T084318+0800/states/accepted_0018.npz,2062394f29e7104c53a32b98538c920d5a1ba576736b763f8a6b7157289c2bc4,0.00028418334278881006,0.000284183342785127,ok,0.0002841833427886501,0.0011946173945869827,0.001689444121271722,0.017722456835519287,0.0036044270642211097,0.01772255324530213,0.00360386872919717,0.02756314176312136,0.0011401273087871075
base_pure,19,16,40592,submit/data/raw/sensitivity/base_pure/pure_p_p4_k3_d1_neumann_stratified_breakpoint_lbfgs_seed0201_20260907T084318+0800/states/accepted_0019.npz,e793566fc2a53e775f16828596decba5476f9a784260592fba14e3b03a1fd5d3,0.0002792236503073585,0.00027922365029553475,ok,0.0002792236503074141,0.0011945276237348475,0.0016893171661151267,0.017724567143886084,0.003604856262760665,0.01772466345419209,0.0036042978386897654,0.027322161968013636,0.0011301593723439607
base_pure,20,16,40592,submit/data/raw/sensitivity/base_pure/pure_p_p4_k3_d1_neumann_stratified_breakpoint_lbfgs_seed0201_20260907T084318+0800/states/accepted_0020.npz,f4ec2b724cccf71b1ad75d2771c6d81300de1a8abeea4fb00cc72c8daf6c992f,4.634105241384124e-05,4.634105243894737e-05,ok,4.6341052413772455e-05,0.00018443501302137496,0.00026083049679128685,0.0038302306441234646,0.0007789996118494225,0.0038302363292743195,0.0007788758618155503,0.011116175984727694,0.0004598117267759618
base_pure,21,16,40592,submit/data/raw/sensitivity/base_pure/pure_p_p4_k3_d1_neumann_stratified_breakpoint_lbfgs_seed0201_20260907T084318+0800/states/accepted_0021.npz,8a26f7c09233b680047c2e8e3a45ee3a55938aae641d727a2ef76c1d137ddc3d,3.971379191195907e-05,3.9713791977646906e-05,ok,3.971379191222425e-05,0.0001809844296737752,0.00025595063502301254,0.004306388107925032,0.000875841424769937,0.004306391818637986,0.0008757017454566769,0.010290543204507707,0.00042566008732032845
base_pure,22,16,40592,submit/data/raw/sensitivity/base_pure/pure_p_p4_k3_d1_neumann_stratified_breakpoint_lbfgs_seed0201_20260907T084318+0800/states/accepted_0022.npz,7cf1e756429469c0a1ceed056f5a5526c53670294fb1cd7fa0e935a0e5e0c0d2,3.9191518224541606e-05,3.919151822628919e-05,ok,3.9191518224442875e-05,0.0001817313398054822,0.0002570069254611464,0.003454930859014181,0.0007026704259358132,0.0034549381125273332,0.0007025592335770965,0.010222767643471383,0.0004228566054578483
base_pure,23,16,40592,submit/data/raw/sensitivity/base_pure/pure_p_p4_k3_d1_neumann_stratified_breakpoint_lbfgs_seed0201_20260907T084318+0800/states/accepted_0023.npz,b57918bfa05eaf5f94366ef70acd7c7971269a03bfe6b64abb01f173c5b09d20,3.597480540628548e-05,3.59748053142539e-05,ok,3.5974805406057946e-05,0.0001794539714467647,0.0002537862402417288,0.0034298034346225354,0.0006975599624503049,0.0034298104778405485,0.0006974495467485128,0.009794227951399791,0.00040513040392287824
base_pure,24,16,40592,submit/data/raw/sensitivity/base_pure/pure_p_p4_k3_d1_neumann_stratified_breakpoint_lbfgs_seed0201_20260907T084318+0800/states/accepted_0024.npz,fca90d95cb5c57c143576ae2cb0cafe060eafd86e937435889929ba97e4b6332,1.982638334394242e-05,1.9826383322651964e-05,ok,1.9826383343795722e-05,0.00010657844513007047,0.0001507246825595824,0.002919138942673364,0.0005937000443474555,0.002919140424636528,0.000593605150841999,0.007270824772771224,0.0003007518501368232
base_pure,25,16,40592,submit/data/raw/sensitivity/base_pure/pure_p_p4_k3_d1_neumann_stratified_breakpoint_lbfgs_seed0201_20260907T084318+0800/states/accepted_0025.npz,255f4f4ad7da575a4d541a9fbfec8402bba9496635c2a07b61e19f4faccb4741,1.77511786190637e-05,1.7751178575053927e-05,ok,1.7751178618997936e-05,0.00010315413593447972,0.00014588197805341904,0.0029057627117346522,0.0005909795609934696,0.0029057640247995165,0.00059088506934953,0.006879784145567937,0.00028457676742124464
base_pure,26,16,40592,submit/data/raw/sensitivity/base_pure/pure_p_p4_k3_d1_neumann_stratified_breakpoint_lbfgs_seed0201_20260907T084318+0800/states/accepted_0026.npz,232011bc1886b99254113689f92b0f6f5fae89fb8a6fc00001635206b46f20f7,1.769728743701195e-05,1.7697287375995074e-05,ok,1.7697287437126442e-05,0.00010282220983173379,0.0001454125636572101,0.0022240357963850908,0.00045232864103923666,0.0022240386673514434,0.0004522566977146962,0.006869382846566441,0.0002841465260089855
base_pure,27,16,40592,submit/data/raw/sensitivity/base_pure/pure_p_p4_k3_d1_neumann_stratified_breakpoint_lbfgs_seed0201_20260907T084318+0800/states/accepted_0027.npz,01b1eb24df56578862dd74d9559a1c2e3f4cd7d82180b48b371f45f0a0d71f94,4.113984926550181e-06,4.113984914511093e-06,ok,4.113984926569493e-06,5.410468677556931e-05,7.651558182595835e-05,0.0015801363449964379,0.0003213711428344241,0.0015801369303652753,0.00032131973268030887,0.003312316972138639,0.0001370113417312637
base_pure,28,16,40592,submit/data/raw/sensitivity/base_pure/pure_p_p4_k3_d1_neumann_stratified_breakpoint_lbfgs_seed0201_20260907T084318+0800/states/accepted_0028.npz,82af67288b26d6e2fd43446afff89d9e7abd5bcc56d5b5312b440d4e08c48697,3.3839927075454435e-06,3.3839926913969975e-06,ok,3.383992707458349e-06,5.413738156226302e-05,7.656181923671949e-05,0.0015942181805824694,0.0003242351334070222,0.0015942187508079955,0.0003241832609564697,0.0030041274110105664,0.0001242633270838421
base_pure,29,16,40592,submit/data/raw/sensitivity/base_pure/pure_p_p4_k3_d1_neumann_stratified_breakpoint_lbfgs_seed0201_20260907T084318+0800/states/accepted_0029.npz,db496a86f902be239ddf815254f1686a42c8e80503e6aacf46c864311a446419,3.2834962476117675e-06,3.283496312178613e-06,ok,3.28349624763489e-06,5.410102097287339e-05,7.65103975980688e-05,0.0015946876436803016,0.0003243306137070271,0.0015946882121368592,0.0003242787255872846,0.002959186616518935,0.00012240438707189277
base_pure,30,16,40592,submit/data/raw/sensitivity/base_pure/pure_p_p4_k3_d1_neumann_stratified_breakpoint_lbfgs_seed0201_20260907T084318+0800/states/accepted_0030.npz,10440c8ce5eddf6555433df04894eebab8f0902e71dd8165ebe427bc2936eeaf,3.0267699731360866e-06,3.0267699457908748e-06,ok,3.026769973015053e-06,5.410285702044904e-05,7.651299416145145e-05,0.001598546858708857,0.00032511550821824945,0.0015985474225857072,0.00032506349331592327,0.002841160012697915,0.00011752231102496745
base_pure,31,16,40592,submit/data/raw/sensitivity/base_pure/pure_p_p4_k3_d1_neumann_stratified_breakpoint_lbfgs_seed0201_20260907T084318+0800/states/accepted_0031.npz,52d05dc451a0cf0ae2c3f1c50419d6601976816b5e3d6d9c641c3fac561fbb9d,2.998035060030473e-06,2.9980350291225477e-06,ok,2.998035060112966e-06,5.412260657651857e-05,7.654092425149582e-05,0.0015943528020341668,0.00032426251297456335,0.001594353370826585,0.00032421063584250356,0.002827642051705571,0.000116963151382756
base_pure,32,16,40592,submit/data/raw/sensitivity/base_pure/pure_p_p4_k3_d1_neumann_stratified_breakpoint_lbfgs_seed0201_20260907T084318+0800/states/accepted_0032.npz,3e825d4a131717f7b5a7db8ad15332cb2fb31dce1d6a3da961fcef8f46a56d32,1.9850678249613426e-06,1.9850677972499398e-06,ok,1.9850678248775634e-06,5.1666983475620776e-05,7.306814875812948e-05,0.001592696304741979,0.0003239256113966848,0.001592696776071642,0.0003238737684650069,0.0023009609920680942,9.517741069055933e-05
base_pure,1,20,50740,submit/data/raw/sensitivity/base_pure/pure_p_p4_k3_d1_neumann_stratified_breakpoint_lbfgs_seed0201_20260907T084318+0800/states/accepted_0001.npz,d46333f531cfc10f7da05c1cf35ea4fbb86c039fd4690f7af0a930f195f7f1c2,313.91278600732244,313.91278600732244,ok,313.91278600732244,0.6829109672582552,0.9657819517899532,4.472850098484401,0.909696781818052,4.474355416915952,0.9098570249527537,22.542898760781224,0.9324689731407145
base_pure,2,20,50740,submit/data/raw/sensitivity/base_pure/pure_p_p4_k3_d1_neumann_stratified_breakpoint_lbfgs_seed0201_20260907T084318+0800/states/accepted_0002.npz,9c17eeb9ca848c6dc40c3c8cef49b3e308e054eac4bb024e47fe2c77a19455e7,186.07235332816308,186.0723533281631,ok,186.07235332816308,0.28385242176976205,0.4014279445792455,3.332186566214974,0.6777064576186531,3.332260082038314,0.6776127424186588,21.555194537643846,0.8916133781043759
base_pure,3,20,50740,submit/data/raw/sensitivity/base_pure/pure_p_p4_k3_d1_neumann_stratified_breakpoint_lbfgs_seed0201_20260907T084318+0800/states/accepted_0003.npz,1f5a80c73c3d293e1615725778effec252f51dbb5b7b72480d651b735b292069,109.7346094163998,109.73460941639985,ok,109.7346094163998,0.2913875594365871,0.41208423846201786,2.908114682588725,0.5914579093104868,2.9082620368515455,0.5913930383421949,16.578150143969378,0.685741918346973
base_pure,4,20,50740,submit/data/raw/sensitivity/base_pure/pure_p_p4_k3_d1_neumann_stratified_breakpoint_lbfgs_seed0201_20260907T084318+0800/states/accepted_0004.npz,993339f4b3fdd87ad387f52adfa84fffb639e24d1e38710091345f32235ce596,30.875323513675,30.87532351367497,ok,30.875323513675,0.09875733817046696,0.13966396702454054,1.8108233823463238,0.36828871236250654,1.8108319317492834,0.36823139884727674,8.88107854557498,0.3673587092615476
base_pure,5,20,50740,submit/data/raw/sensitivity/base_pure/pure_p_p4_k3_d1_neumann_stratified_breakpoint_lbfgs_seed0201_20260907T084318+0800/states/accepted_0005.npz,2e30bdfd6c709f01f6ba618f9984a899c4cd455b7362f60a0a486ebc13f5dbdb,16.161087582080647,16.161087582080768,ok,16.161087582080643,0.12473606980172496,0.1764034416307165,1.5664584780094697,0.31858931216578706,1.5664834186832903,0.31854330068919745,6.431502050989362,0.26603393720030255
base_pure,6,20,50740,submit/data/raw/sensitivity/base_pure/pure_p_p4_k3_d1_neumann_stratified_breakpoint_lbfgs_seed0201_20260907T084318+0800/states/accepted_0006.npz,36821ce38462a5faf5b90fc7684abb9abe1e1979f71d20024a214c33332d012c,0.13120674580578046,0.13120674580579816,ok,0.1312067458057806,0.017799751201491836,0.02517264955601655,0.22378456249032155,0.04551373102957035,0.22378716502480006,0.045506962505097816,0.584659013917625,0.024183952389197415
base_pure,7,20,50740,submit/data/raw/sensitivity/base_pure/pure_p_p4_k3_d1_neumann_stratified_breakpoint_lbfgs_seed0201_20260907T084318+0800/states/accepted_0007.npz,b145e2512fc27d79dd1b924a9e78f1da6f0e57730fa522956a9ea1bcb1416672,0.10829488147628759,0.10829488147635402,ok,0.10829488147628781,0.016801679802876883,0.0237611634478786,0.16612139017597768,0.0337860850926871,0.1661263381811898,0.033781673948471605,0.5315034628675083,0.021985215543931406
base_pure,8,20,50740,submit/data/raw/sensitivity/base_pure/pure_p_p4_k3_d1_neumann_stratified_breakpoint_lbfgs_seed0201_20260907T084318+0800/states/accepted_0008.npz,d3c575e94d940fa29a3cd38d36feaec5ade6227049783b96dad2cef9a00acb35,0.023071815389890234,0.023071815389869244,ok,0.023071815389890324,0.004234528787637581,0.005988528041736367,0.17241104816359482,0.03506528772726908,0.1724110693774937,0.035059669614010004,0.24558584885185056,0.010158462171474517
base_pure,9,20,50740,submit/data/raw/sensitivity/base_pure/pure_p_p4_k3_d1_neumann_stratified_breakpoint_lbfgs_seed0201_20260907T084318+0800/states/accepted_0009.npz,fc933af8b89b26d97142cc4162c79beee7abfcd654a090ba452d26c8c96857ad,0.014421371096161366,0.014421371096204894,ok,0.01442137109616148,0.005044730342659218,0.007134326069103737,0.07580649649302558,0.015417669803862602,0.07580692977109973,0.015415285815599474,0.19486572166199348,0.008060464685872827
base_pure,10,20,50740,submit/data/raw/sensitivity/base_pure/pure_p_p4_k3_d1_neumann_stratified_breakpoint_lbfgs_seed0201_20260907T084318+0800/states/accepted_0010.npz,00181fe566e91d557cb26d5e55924f8824c1b2db0c97cba6b6f021d18564436f,0.010094568780913861,0.010094568781028102,ok,0.010094568780913873,0.0033014375287192,0.004668937728442207,0.04869064341015109,0.009902795899615204,0.048690937928622335,0.009901267958822882,0.16381417258248293,0.006776042199135088
base_pure,11,20,50740,submit/data/raw/sensitivity/base_pure/pure_p_p4_k3_d1_neumann_stratified_breakpoint_lbfgs_seed0201_20260907T084318+0800/states/accepted_0011.npz,f9790c731a6b4a7e576bec2862ce40688cd28d8d366b36d0755f60b5870bcb48,0.003906465309635407,0.0039064653096829716,ok,0.003906465309635627,0.0008149340047534659,0.001152490721961372,0.020964825685939784,0.004263866223537911,0.02096484464959513,0.004263186404316793,0.10203741688108896,0.004220696120348576
base_pure,12,20,50740,submit/data/raw/sensitivity/base_pure/pure_p_p4_k3_d1_neumann_stratified_breakpoint_lbfgs_seed0201_20260907T084318+0800/states/accepted_0012.npz,cd9c36dfccd6bffadeda6dd763cf3ed24b67ae6d4aeac031e6be0ba18290d5ae,0.0012277341760905973,0.0012277341761546268,ok,0.0012277341760905743,0.0018532333137376924,0.002620867686529478,0.026137328661874296,0.005315859741663261,0.026137505614083508,0.005315043370896935,0.05720483223163838,0.0023662321219542278
base_pure,13,20,50740,submit/data/raw/sensitivity/base_pure/pure_p_p4_k3_d1_neumann_stratified_breakpoint_lbfgs_seed0201_20260907T084318+0800/states/accepted_0013.npz,95974bb28ab613d13127436769fd21da8bbc8e9dfbb2478b634ba2301c90b4ce,0.0011600731265689341,0.0011600731265843933,ok,0.0011600731265690432,0.0018189898491275396,0.0025724401144551568,0.02843993141697732,0.005784167480577285,0.028440059451263936,0.005783266073136926,0.05559545277976282,0.00229966142841525
base_pure,14,20,50740,submit/data/raw/sensitivity/base_pure/pure_p_p4_k3_d1_neumann_stratified_breakpoint_lbfgs_seed0201_20260907T084318+0800/states/accepted_0014.npz,588ded85fa45b791e5036de5bf3246db56b440c7e1a241955dbb106092eb1ecc,0.0011056694690911824,0.0011056694691546909,ok,0.001105669469091233,0.0018224581455841288,0.0025773450263423957,0.024927433604791074,0.005069788977937215,0.02492762372895759,0.005069014741078417,0.05428690678061059,0.002245534469984347
base_pure,15,20,50740,submit/data/raw/sensitivity/base_pure/pure_p_p4_k3_d1_neumann_stratified_breakpoint_lbfgs_seed0201_20260907T084318+0800/states/accepted_0015.npz,af7882feef3105c83891a95e89e4a9dfaa50986bc6742b979acf771b3cc85269,0.001067096233937314,0.0010670962340100232,ok,0.0010670962339374792,0.0018572347210692184,0.0026265265310463012,0.026624081584756074,0.005414856479254829,0.026624250570483236,0.005414022615206916,0.05332573162596798,0.0022057762286432983
base_pure,16,20,50740,submit/data/raw/sensitivity/base_pure/pure_p_p4_k3_d1_neumann_stratified_breakpoint_lbfgs_seed0201_20260907T084318+0800/states/accepted_0016.npz,225fe158b589d455f4309b463cfbda40ca292e697b7f70e66419a460270800cc,0.0010550218948112788,0.0010550218948424117,ok,0.001055021894811096,0.0018521102691957524,0.0026192794617071174,0.024563254770587534,0.00499572159222414,0.024563466292044703,0.0049949635825782815,0.053028392358803335,0.0021934770277255446
base_pure,17,20,50740,submit/data/raw/sensitivity/base_pure/pure_p_p4_k3_d1_neumann_stratified_breakpoint_lbfgs_seed0201_20260907T084318+0800/states/accepted_0017.npz,1b24f0fe96a14b93e6a34287b01f88c5b6a673c4ed663329c1481682ac746fb3,0.0003751387472951585,0.0003751387473585055,ok,0.00037513874729542217,0.0010062550285241936,0.0014230595085450402,0.015313906868959186,0.003114571579421804,0.015313982489705634,0.0031140875612125887,0.03164218132767495,0.0013088535171830245
base_pure,18,20,50740,submit/data/raw/sensitivity/base_pure/pure_p_p4_k3_d1_neumann_stratified_breakpoint_lbfgs_seed0201_20260907T084318+0800/states/accepted_0018.npz,2062394f29e7104c53a32b98538c920d5a1ba576736b763f8a6b7157289c2bc4,0.00028418334278880366,0.00028418334284197044,ok,0.0002841833427886493,0.0011946173945869556,0.001689444121271684,0.017722456835519262,0.0036044270642211053,0.017722553245302107,0.003603868729197166,0.0275631417628414,0.0011401273087755272
base_pure,19,20,50740,submit/data/raw/sensitivity/base_pure/pure_p_p4_k3_d1_neumann_stratified_breakpoint_lbfgs_seed0201_20260907T084318+0800/states/accepted_0019.npz,e793566fc2a53e775f16828596decba5476f9a784260592fba14e3b03a1fd5d3,0.00027922365030735245,0.00027922365035237817,ok,0.0002792236503075991,0.0011945276237348209,0.0016893171661150892,0.01772456714388606,0.0036048562627606605,0.01772466345419206,0.0036042978386897607,0.027322161967756834,0.0011301593723333384
base_pure,20,20,50740,submit/data/raw/sensitivity/base_pure/pure_p_p4_k3_d1_neumann_stratified_breakpoint_lbfgs_seed0201_20260907T084318+0800/states/accepted_0020.npz,f4ec2b724cccf71b1ad75d2771c6d81300de1a8abeea4fb00cc72c8daf6c992f,4.6341052413842705e-05,4.634105243894737e-05,ok,4.6341052414222135e-05,0.0001844350130213529,0.0002608304967912557,0.0038302306441233927,0.000778999611849408,0.0038302363292742475,0.0007788758618155358,0.011116175984727484,0.00045981172677595313
base_pure,21,20,50740,submit/data/raw/sensitivity/base_pure/pure_p_p4_k3_d1_neumann_stratified_breakpoint_lbfgs_seed0201_20260907T084318+0800/states/accepted_0021.npz,8a26f7c09233b680047c2e8e3a45ee3a55938aae641d727a2ef76c1d137ddc3d,3.971379191196065e-05,3.971379192080349e-05,ok,3.971379191207475e-05,0.0001809844296737533,0.0002559506350229816,0.004306388107924934,0.0008758414247699173,0.004306391818637889,0.0008757017454566572,0.01029054320442648,0.00042566008731696856
base_pure,22,20,50740,submit/data/raw/sensitivity/base_pure/pure_p_p4_k3_d1_neumann_stratified_breakpoint_lbfgs_seed0201_20260907T084318+0800/states/accepted_0022.npz,7cf1e756429469c0a1ceed056f5a5526c53670294fb1cd7fa0e935a0e5e0c0d2,3.9191518224543415e-05,3.919151828313261e-05,ok,3.919151822461788e-05,0.00018173133980546103,0.00025700692546111654,0.0034549308590141334,0.0007026704259358036,0.003454938112527286,0.000702559233577087,0.010222767643481769,0.00042285660545827785
base_pure,23,20,50740,submit/data/raw/sensitivity/base_pure/pure_p_p4_k3_d1_neumann_stratified_breakpoint_lbfgs_seed0201_20260907T084318+0800/states/accepted_0023.npz,b57918bfa05eaf5f94366ef70acd7c7971269a03bfe6b64abb01f173c5b09d20,3.5974805406285364e-05,3.59748053142539e-05,ok,3.5974805406491525e-05,0.00017945397144674457,0.0002537862402417003,0.0034298034346225124,0.0006975599624503004,0.0034298104778405255,0.0006974495467485083,0.009794227951410606,0.0004051304039233255
base_pure,24,20,50740,submit/data/raw/sensitivity/base_pure/pure_p_p4_k3_d1_neumann_stratified_breakpoint_lbfgs_seed0201_20260907T084318+0800/states/accepted_0024.npz,fca90d95cb5c57c143576ae2cb0cafe060eafd86e937435889929ba97e4b6332,1.9826383343943682e-05,1.9826383322651964e-05,ok,1.982638334402529e-05,0.00010657844513004859,0.00015072468255955147,0.002919138942673269,0.0005937000443474363,0.002919140424636433,0.0005936051508419798,0.007270824772785351,0.00030075185013740755
base_pure,25,20,50740,submit/data/raw/sensitivity/base_pure/pure_p_p4_k3_d1_neumann_stratified_breakpoint_lbfgs_seed0201_20260907T084318+0800/states/accepted_0025.npz,255f4f4ad7da575a4d541a9fbfec8402bba9496635c2a07b61e19f4faccb4741,1.7751178619064e-05,1.7751178631897346e-05,ok,1.7751178619202606e-05,0.00010315413593446039,0.00014588197805339174,0.0029057627117345876,0.0005909795609934566,0.002905764024799452,0.000590885069349517,0.006879784145576273,0.00028457676742158947
base_pure,26,20,50740,submit/data/raw/sensitivity/base_pure/pure_p_p4_k3_d1_neumann_stratified_breakpoint_lbfgs_seed0201_20260907T084318+0800/states/accepted_0026.npz,232011bc1886b99254113689f92b0f6f5fae89fb8a6fc00001635206b46f20f7,1.769728743701256e-05,1.7697287432838493e-05,ok,1.769728743693194e-05,0.00010282220983171145,0.00014541256365717856,0.0022240357963850777,0.0004523286410392341,0.002224038667351431,0.0004522566977146937,0.006869382846566561,0.0002841465260089904
base_pure,27,20,50740,submit/data/raw/sensitivity/base_pure/pure_p_p4_k3_d1_neumann_stratified_breakpoint_lbfgs_seed0201_20260907T084318+0800/states/accepted_0027.npz,01b1eb24df56578862dd74d9559a1c2e3f4cd7d82180b48b371f45f0a0d71f94,4.11398492655129e-06,4.113984857667674e-06,ok,4.113984926564609e-06,5.410468677554794e-05,7.651558182592814e-05,0.001580136344996438,0.00032137114283442423,0.0015801369303652755,0.000321319732680309,0.003312316972139173,0.0001370113417312858
base_pure,28,20,50740,submit/data/raw/sensitivity/base_pure/pure_p_p4_k3_d1_neumann_stratified_breakpoint_lbfgs_seed0201_20260907T084318+0800/states/accepted_0028.npz,82af67288b26d6e2fd43446afff89d9e7abd5bcc56d5b5312b440d4e08c48697,3.3839927075460987e-06,3.3839926345535787e-06,ok,3.3839927077402844e-06,5.4137381562240015e-05,7.656181923668697e-05,0.001594218180582459,0.00032423513340702016,0.0015942187508079851,0.0003241832609564677,0.003004127411011447,0.00012426332708387854
base_pure,29,20,50740,submit/data/raw/sensitivity/base_pure/pure_p_p4_k3_d1_neumann_stratified_breakpoint_lbfgs_seed0201_20260907T084318+0800/states/accepted_0029.npz,db496a86f902be239ddf815254f1686a42c8e80503e6aacf46c864311a446419,3.2834962476121787e-06,3.2834962553351943e-06,ok,3.283496247815281e-06,5.410102097285129e-05,7.651039759803757e-05,0.0015946876436802883,0.0003243306137070245,0.001594688212136846,0.000324278725587282,0.002959186616520112,0.00012240438707194145
base_pure,30,20,50740,submit/data/raw/sensitivity/base_pure/pure_p_p4_k3_d1_neumann_stratified_breakpoint_lbfgs_seed0201_20260907T084318+0800/states/accepted_0030.npz,10440c8ce5eddf6555433df04894eebab8f0902e71dd8165ebe427bc2936eeaf,3.026769973136559e-06,3.0267699457908748e-06,ok,3.0267699730641007e-06,5.4102857020430295e-05,7.651299416142495e-05,0.0015985468587088679,0.0003251155082182517,0.0015985474225857182,0.0003250634933159256,0.0028411600126987385,0.00011752231102500152
base_pure,31,20,50740,submit/data/raw/sensitivity/base_pure/pure_p_p4_k3_d1_neumann_stratified_breakpoint_lbfgs_seed0201_20260907T084318+0800/states/accepted_0031.npz,52d05dc451a0cf0ae2c3f1c50419d6601976816b5e3d6d9c641c3fac561fbb9d,2.99803506003114e-06,2.9980350291225477e-06,ok,2.9980350600605693e-06,5.412260657649425e-05,7.654092425146144e-05,0.0015943528020341605,0.0003242625129745621,0.0015943533708265786,0.0003242106358425023,0.002827642051706878,0.00011696315138281007
base_pure,32,20,50740,submit/data/raw/sensitivity/base_pure/pure_p_p4_k3_d1_neumann_stratified_breakpoint_lbfgs_seed0201_20260907T084318+0800/states/accepted_0032.npz,3e825d4a131717f7b5a7db8ad15332cb2fb31dce1d6a3da961fcef8f46a56d32,1.9850678249617034e-06,1.9850677972499398e-06,ok,1.9850678249926477e-06,5.166698347559878e-05,7.30681487580984e-05,0.0015926963047419634,0.0003239256113966817,0.0015926967760716264,0.00032387376846500373,0.0023009609920694872,9.517741069061696e-05
epsilon_001,1,16,40592,submit/data/raw/sensitivity/epsilon_001/regularized_p_p4_k3_d1_neumann_stratified_breakpoint_lbfgs_seed0201_20260907T084325+0800/states/accepted_0001.npz,5147695bd18c8695d2e04dd45b2ea75ada54031f946296862345f03c69a4db75,313.9135089943311,313.913508994331,ok,313.91350899433104,0.6829109291795349,0.9657818979385104,4.4728499826910895,0.9096967582677873,4.474355300894051,0.9098570013597818,22.542940290248296,0.9324691163273165
epsilon_001,2,16,40592,submit/data/raw/sensitivity/epsilon_001/regularized_p_p4_k3_d1_neumann_stratified_breakpoint_lbfgs_seed0201_20260907T084325+0800/states/accepted_0002.npz,135376f72f1647e998afe174285071b446ee5451bbee56fc93822a0a5387fe78,186.07274491398152,186.07274491398147,ok,186.07274491398152,0.2838524484047474,0.40142798224680293,3.332186403790119,0.6777064245843764,3.332259919649429,0.6776127093969933,21.55519371845559,0.8916118385677997
epsilon_001,3,16,40592,submit/data/raw/sensitivity/epsilon_001/regularized_p_p4_k3_d1_neumann_stratified_breakpoint_lbfgs_seed0201_20260907T084325+0800/states/accepted_0003.npz,309893164fc06fd30244e80d058ca3a63872e54d30c913c82bc0d0cf205c04a2,109.7348576413066,109.73485764130658,ok,109.7348576413066,0.29138754204094813,0.41208421386086924,2.9081140977934288,0.5914577903737043,2.9082614521176473,0.5913929194369681,16.57815160495339,0.6857408207791915
epsilon_001,4,16,40592,submit/data/raw/sensitivity/epsilon_001/regularized_p_p4_k3_d1_neumann_stratified_breakpoint_lbfgs_seed0201_20260907T084325+0800/states/accepted_0004.npz,043d139a9ed4def33bf6cf4e766641533e67fe5c7aae1d954b98b3bd455a77ba,30.875411252186108,30.875411252186154,ok,30.875411252186105,0.09875729576695642,0.1396639070569208,1.8108188340122622,0.3682877873136523,1.8108273834653124,0.36823047395693226,8.881083879040204,0.36735830952361465
epsilon_001,5,16,40592,submit/data/raw/sensitivity/epsilon_001/regularized_p_p4_k3_d1_neumann_stratified_breakpoint_lbfgs_seed0201_20260907T084325+0800/states/accepted_0005.npz,8fbd01bd8f52da6ce3b89181ae8bd8d91f6e71fb6560962b4d1611ed32d2eacb,16.161138769936624,16.1611387699366,ok,16.161138769936628,0.12473601902150983,0.17640336981664753,1.5664547061633287,0.31858854504052675,1.5664796469667992,0.3185425337133035,6.431506498586838,0.26603367192455124
epsilon_001,6,16,40592,submit/data/raw/sensitivity/epsilon_001/regularized_p_p4_k3_d1_neumann_stratified_breakpoint_lbfgs_seed0201_20260907T084325+0800/states/accepted_0006.npz,f2d7bd0749a6501700538eeb0263290f9a61ea52e8295f0831078892ad58e47b,0.13120775105717916,0.13120775105721805,ok,0.13120775105717947,0.017799733399800028,0.02517262438062256,0.22378303978513103,0.04551342133888521,0.22378564236151743,0.045506652872590946,0.5846595965615956,0.02418393565075054
epsilon_001,7,16,40592,submit/data/raw/sensitivity/epsilon_001/regularized_p_p4_k3_d1_neumann_stratified_breakpoint_lbfgs_seed0201_20260907T084325+0800/states/accepted_0007.npz,6ca111ebb2064f06d863c5412275d01206b41dd70ca28c1e045102f8168790e9,0.10829546244288023,0.10829546244286803,ok,0.10829546244288024,0.016801641199815854,0.02376110885490614,0.16612107742370266,0.03378602148453305,0.16612602541051788,0.03378161034677559,0.531503587252387,0.021985183562963397
epsilon_001,8,16,40592,submit/data/raw/sensitivity/epsilon_001/regularized_p_p4_k3_d1_neumann_stratified_breakpoint_lbfgs_seed0201_20260907T084325+0800/states/accepted_0008.npz,9cb0d41938ffc415d532452e77e3d6c52982fb8ec7eecc11e933d6abd7dc6acb,0.023072173332686324,0.023072173332650436,ok,0.023072173332686234,0.004234487959276535,0.005988470301714446,0.17240925388108339,0.03506492280267058,0.17240927509484338,0.03505930474789588,0.24558659351779497,0.010158475819520164
epsilon_001,9,16,40592,submit/data/raw/sensitivity/epsilon_001/regularized_p_p4_k3_d1_neumann_stratified_breakpoint_lbfgs_seed0201_20260907T084325+0800/states/accepted_0009.npz,6e78c9d9d2a40bc9fd1d5306b9ef1890ab807c8082d2c3f88330f8933df434d7,0.014561837992831696,0.014561837992800974,ok,0.014561837992832248,0.005002599313997957,0.007074743796974252,0.07548125155110016,0.015351520867399826,0.07548167689059535,0.015349145871263754,0.1958355000351046,0.008100565113160792
epsilon_001,10,16,40592,submit/data/raw/sensitivity/epsilon_001/regularized_p_p4_k3_d1_neumann_stratified_breakpoint_lbfgs_seed0201_20260907T084325+0800/states/accepted_0010.npz,5b577758b2a81a5b87df2c60206a7a329a0ad98384245874ca162ffea937ed20,0.013898383555125935,0.013898383555101645,ok,0.013898383555126185,0.005325674068216529,0.00753164049605051,0.0780821099323872,0.015880488404278165,0.07808259655442654,0.01587804105436159,0.19116912323120275,0.007907544495674308
epsilon_001,11,16,40592,submit/data/raw/sensitivity/epsilon_001/regularized_p_p4_k3_d1_neumann_stratified_breakpoint_lbfgs_seed0201_20260907T084325+0800/states/accepted_0011.npz,c5cb6c94e58a0ebb0ce3e25015257760a73dc2dc1b21652120c69bf0e07fddbd,0.008965864808011948,0.008965864807976232,ok,0.008965864808012017,0.0035795985165731777,0.0050623167699884,0.050923293318996345,0.010356876495271896,0.05092364267458515,0.010355286897523963,0.15434894691652454,0.006384509930124926
epsilon_001,12,16,40592,submit/data/raw/sensitivity/epsilon_001/regularized_p_p4_k3_d1_neumann_stratified_breakpoint_lbfgs_seed0201_20260907T084325+0800/states/accepted_0012.npz,0e95684d78429027a56d30f6de942827911ec82fb798f2f3658d30a9dd31945f,0.00264209358287119,0.002642093582949201,ok,0.0026420935828714654,0.00105205171515361,0.0014878258038881114,0.02832239983871185,0.005760263684081551,0.028322416666565823,0.005759343495666233,0.08390003861752682,0.003470452117701602
epsilon_001,13,16,40592,submit/data/raw/sensitivity/epsilon_001/regularized_p_p4_k3_d1_neumann_stratified_breakpoint_lbfgs_seed0201_20260907T084325+0800/states/accepted_0013.npz,9b3e4b47d2c63077a407647ee8dd1144ecc461dbdc73e93a68aeb9c80288d183,0.0010944251144664077,0.0010944251145019734,ok,0.0010944251144665192,0.0018927306492532872,0.002676725354093232,0.027595350698094507,0.005612395043532365,0.02759551435397513,0.005611528421998948,0.054006224006636606,0.0022339204791944588
epsilon_001,14,16,40592,submit/data/raw/sensitivity/epsilon_001/regularized_p_p4_k3_d1_neumann_stratified_breakpoint_lbfgs_seed0201_20260907T084325+0800/states/accepted_0014.npz,67ca71d85e9b05391bf5b0f260f32a9166bad0217aadf46a5f1b0c35c10ff273,0.0010583061895448793,0.0010583061895204082,ok,0.0010583061895451263,0.0018961164759982569,0.002681513636195814,0.02560035319838479,0.0052066486479990255,0.025600558510158692,0.005205855555220285,0.053114583871665795,0.002197038560596739
epsilon_001,15,16,40592,submit/data/raw/sensitivity/epsilon_001/regularized_p_p4_k3_d1_neumann_stratified_breakpoint_lbfgs_seed0201_20260907T084325+0800/states/accepted_0015.npz,3a57e340ebf8ff37843f3e1ddb660546d55f4e05575760b72c6582db476a5951,0.0010200328322796039,0.0010200328323435315,ok,0.001020032832279521,0.0019305581223676982,0.002730221479601936,0.027184553106486195,0.0055288462460461015,0.02718473806507933,0.005527997352758705,0.052139521882427334,0.0021567059695610053
epsilon_001,16,16,40592,submit/data/raw/sensitivity/epsilon_001/regularized_p_p4_k3_d1_neumann_stratified_breakpoint_lbfgs_seed0201_20260907T084325+0800/states/accepted_0016.npz,407be3e6160f909ab310f0614491b4682c720322a55565c9e0e6fe68f8ba8ee1,0.0010081115564524944,0.001008111556473068,ok,0.0010081115564524589,0.001925448711844772,0.002722995681944682,0.025295884808777723,0.005144725286363293,0.025296110690398166,0.005143946305344111,0.0518392919081954,0.00214428721782931
epsilon_001,17,16,40592,submit/data/raw/sensitivity/epsilon_001/regularized_p_p4_k3_d1_neumann_stratified_breakpoint_lbfgs_seed0201_20260907T084325+0800/states/accepted_0017.npz,8c4a17b4226d72022eed76fecb2476ee5e85943412f46cc577ec53896fee2ad7,0.0003128813729121919,0.000312881372906304,ok,0.0003128813729122576,0.0010777054672571197,0.001524105688038652,0.016183492300341388,0.0032914295225735975,0.01618357627512159,0.00329091884545181,0.028905827772627474,0.0011956644223340871
epsilon_001,18,16,40592,submit/data/raw/sensitivity/epsilon_001/regularized_p_p4_k3_d1_neumann_stratified_breakpoint_lbfgs_seed0201_20260907T084325+0800/states/accepted_0018.npz,3b9dc4019fda33478f123bc45f522c502f171cd14e6f9f0e6619d28949ae56cd,0.0002823667328556638,0.0002823667329039381,ok,0.0002823667328557696,0.0011881893810143413,0.0016803535372981741,0.017635297168658814,0.0035867003649797976,0.017635392910765567,0.003586144736513105,0.02747409027695938,0.0011364418462100738
epsilon_001,19,16,40592,submit/data/raw/sensitivity/epsilon_001/regularized_p_p4_k3_d1_neumann_stratified_breakpoint_lbfgs_seed0201_20260907T084325+0800/states/accepted_0019.npz,6029d2e4ed70a5b92c1a6def0160f4a74231366580c36c25e36942f287096a09,4.349436747212197e-05,4.3494367503171816e-05,ok,4.349436747203805e-05,0.00016782505586105452,0.00023734047010472557,0.004018782186750538,0.0008173475841172161,0.0040187856234739005,0.0008172172280889562,0.010769391412118287,0.0004454665081016512
epsilon_001,20,16,40592,submit/data/raw/sensitivity/epsilon_001/regularized_p_p4_k3_d1_neumann_stratified_breakpoint_lbfgs_seed0201_20260907T084325+0800/states/accepted_0020.npz,4019fbe4172f65b6452fc056881d8373d4192080dad60290a5d57dacdabf9dfa,4.0974171781086545e-05,4.097417178172691e-05,ok,4.097417178100839e-05,0.00016686064384418265,0.00023597658555074978,0.003695163681714919,0.000751529435490365,0.0036951679446484667,0.00075140980086379,0.010452600131291716,0.00043236271232837596
epsilon_001,21,16,40592,submit/data/raw/sensitivity/epsilon_001/regularized_p_p4_k3_d1_neumann_stratified_breakpoint_lbfgs_seed0201_20260907T084325+0800/states/accepted_0021.npz,70c65bb15f7c30eb738f49f1f5cc409f13beb17ef9811060dbeebed1fca8ea1a,3.4360170692856906e-05,3.4360170616309915e-05,ok,3.436017069280984e-05,0.00016342220445541092,0.00023111389793375095,0.00421147945507262,0.0008565387219818912,0.004211482106188834,0.0008564019222281438,0.009571730333405533,0.0003959262993556783
epsilon_001,22,16,40592,submit/data/raw/sensitivity/epsilon_001/regularized_p_p4_k3_d1_neumann_stratified_breakpoint_lbfgs_seed0201_20260907T084325+0800/states/accepted_0022.npz,0e20794d517882a8585046b6c67188df97797208ac08e6260d86b7b541939e55,3.384849554992023e-05,3.3848495490929054e-05,ok,3.3848495550114525e-05,0.00016416102279181085,0.00023215874484521767,0.0032834756922772716,0.000667799547195769,0.0032834813381966334,0.0006676936191892137,0.009500318050228647,0.0003929723923794143
epsilon_001,23,16,40592,submit/data/raw/sensitivity/epsilon_001/regularized_p_p4_k3_d1_neumann_stratified_breakpoint_lbfgs_seed0201_20260907T084325+0800/states/accepted_0023.npz,b8b921ebe177b7f1c426d118f873cff7b6e80f728cf25953f6ba4d80267ebb1a,3.09758795642946e-05,3.0975879610650736e-05,ok,3.097587956446097e-05,0.00015882937271816344,0.00022461865300123799,0.0032369988247762894,0.0006583469932617675,0.003237003990167057,0.0006582424831784244,0.00908821378225978,0.0003759260578001636
epsilon_001,24,16,40592,submit/data/raw/sensitivity/epsilon_001/regularized_p_p4_k3_d1_neumann_stratified_breakpoint_lbfgs_seed0201_20260907T084325+0800/states/accepted_0024.npz,e868d4e6530e0889f22aaea7e8755bc217c8c41d5da1f240578c6a2c810c91bf,2.9117541944355924e-05,2.911754205570105e-05,ok,2.9117541944118257e-05,0.00015843583016978763,0.00022406209979195405,0.0032359620078797236,0.0006581361234643513,0.003235967124323339,0.0006580316372388566,0.008811357405124442,0.0003644741345810506
epsilon_001,25,16,40592,submit/data/raw/sensitivity/epsilon_001/regularized_p_p4_k3_d1_neumann_stratified_breakpoint_lbfgs_seed0201_20260907T084325+0800/states/accepted_0025.npz,0e60f5cedfdd4afa9819b6ac9346ee9f89c003c9aa23c42f6f9d9a36491b5ae3,2.6947206063374912e-05,2.6947206151817227e-05,ok,2.694720606317301e-05,0.00015474953069705402,0.00021884888508264536,0.0032094482554525603,0.0006527437059395423,0.003209453017121187,0.0006526400122000803,0.008476627994073114,0.0003506283436543535
epsilon_001,26,16,40592,submit/data/raw/sensitivity/epsilon_001/regularized_p_p4_k3_d1_neumann_stratified_breakpoint_lbfgs_seed0201_20260907T084325+0800/states/accepted_0026.npz,81f0bb37a8e185f9cbbdd0ee5244b139022b91fa7c9649da40316b4a5b2d83e9,2.6893509596670944e-05,2.6893509584624553e-05,ok,2.68935095968107e-05,0.00015444506767441971,0.00021841830934679482,0.002777310347426576,0.0005648546742087388,0.0027773176173330463,0.0005647655827925444,0.008468223155271775,0.0003502806848082114
epsilon_001,27,16,40592,submit/data/raw/sensitivity/epsilon_001/regularized_p_p4_k3_d1_neumann_stratified_breakpoint_lbfgs_seed0201_20260907T084325+0800/states/accepted_0027.npz,52a7d4fd8c1be638783cd5a2cd89b700784e6c0766819538e0ab186ae826bb0b,1.1997035908419174e-05,1.1997035869626416e-05,ok,1.19970359086013e-05,0.00010045190315324681,0.0001420604438055103,0.0022837885550715375,0.0004644812710368817,0.002283790847373694,0.00046440726146829256,0.005656478967081702,0.00023397533223473894
epsilon_001,28,16,40592,submit/data/raw/sensitivity/epsilon_001/regularized_p_p4_k3_d1_neumann_stratified_breakpoint_lbfgs_seed0201_20260907T084325+0800/states/accepted_0028.npz,7ad3adcf1260acdb7df92f1df34048cfbf5636b60c28b81106264c02c0eb8517,4.27676011022353e-06,4.276760137145175e-06,ok,4.276760110325677e-06,5.461934721443514e-05,7.72434215986193e-05,0.0016013069333438924,0.0003256768574604072,0.001601307517356418,0.00032562475664497676,0.003377192258830349,0.00013969462016546485
epsilon_001,29,16,40592,submit/data/raw/sensitivity/epsilon_001/regularized_p_p4_k3_d1_neumann_stratified_breakpoint_lbfgs_seed0201_20260907T084325+0800/states/accepted_0029.npz,7ce6aed0c0a11897da16f2bd4cc11a1ba8554a25fa34b0d4b2c5067a280a41f9,3.3959726285362045e-06,3.3959726124521694e-06,ok,3.3959726282850435e-06,5.436230788041539e-05,7.687991308638522e-05,0.0016034092613856615,0.00032610443294624143,0.0016034098313016164,0.0003260522607061122,0.0030094258714147967,0.0001244822834483856
epsilon_001,30,16,40592,submit/data/raw/sensitivity/epsilon_001/regularized_p_p4_k3_d1_neumann_stratified_breakpoint_lbfgs_seed0201_20260907T084325+0800/states/accepted_0030.npz,c57492d299c48694b93556aa60d3b69246dea0d3ab6561d4ca2b738bc7e888cb,3.295484159189361e-06,3.2954841344690067e-06,ok,3.295484159218658e-06,5.4325657323005345e-05,7.68280813710274e-05,0.00160386121745934,0.0003261963526342917,0.00160386178562105,0.000326144165298881,0.002964568831672286,0.00012262681101793906
epsilon_001,31,16,40592,submit/data/raw/sensitivity/epsilon_001/regularized_p_p4_k3_d1_neumann_stratified_breakpoint_lbfgs_seed0201_20260907T084325+0800/states/accepted_0031.npz,a7869b8aad5f9d076a08443d4318240036c521aafe6009a145a30ffd37c9b030,3.0387531359364266e-06,3.0387531637643406e-06,ok,3.0387531358746153e-06,5.4327760436862165e-05,7.683105562316693e-05,0.0016076506415026572,0.00032696705292185955,0.0016076512051988413,0.0003269147411030095,0.002846763132018466,0.00011775388072401292
epsilon_001,32,16,40592,submit/data/raw/sensitivity/epsilon_001/regularized_p_p4_k3_d1_neumann_stratified_breakpoint_lbfgs_seed0201_20260907T084325+0800/states/accepted_0032.npz,5f8a2ecbf0e3af43d299d9f376fc2f3820eace0eae6420931cfe5c40b778c29c,3.010016745824907e-06,3.0100167123237043e-06,ok,3.0100167460427705e-06,5.434746581633396e-05,7.685892323806765e-05,0.0016035373802655692,0.00032613049000833295,0.0016035379487622865,0.00032607831330156963,0.0028332717887417725,0.00011719582304469906
epsilon_001,1,20,50740,submit/data/raw/sensitivity/epsilon_001/regularized_p_p4_k3_d1_neumann_stratified_breakpoint_lbfgs_seed0201_20260907T084325+0800/states/accepted_0001.npz,5147695bd18c8695d2e04dd45b2ea75ada54031f946296862345f03c69a4db75,313.91350899433104,313.9135089943309,ok,313.913508994331,0.6829109291795348,0.9657818979385104,4.4728499826910895,0.9096967582677875,4.47435530089405,0.9098570013597818,22.542940290248293,0.9324691163273167
epsilon_001,2,20,50740,submit/data/raw/sensitivity/epsilon_001/regularized_p_p4_k3_d1_neumann_stratified_breakpoint_lbfgs_seed0201_20260907T084325+0800/states/accepted_0002.npz,135376f72f1647e998afe174285071b446ee5451bbee56fc93822a0a5387fe78,186.07274491398147,186.0727449139814,ok,186.07274491398147,0.2838524484047474,0.401427982246803,3.3321864037901188,0.6777064245843764,3.332259919649429,0.6776127093969934,21.55519371845559,0.8916118385677999
epsilon_001,3,20,50740,submit/data/raw/sensitivity/epsilon_001/regularized_p_p4_k3_d1_neumann_stratified_breakpoint_lbfgs_seed0201_20260907T084325+0800/states/accepted_0003.npz,309893164fc06fd30244e80d058ca3a63872e54d30c913c82bc0d0cf205c04a2,109.73485764130658,109.73485764130658,ok,109.73485764130658,0.2913875420409481,0.41208421386086924,2.9081140977934288,0.5914577903737044,2.9082614521176473,0.5913929194369683,16.57815160495339,0.6857408207791917
epsilon_001,4,20,50740,submit/data/raw/sensitivity/epsilon_001/regularized_p_p4_k3_d1_neumann_stratified_breakpoint_lbfgs_seed0201_20260907T084325+0800/states/accepted_0004.npz,043d139a9ed4def33bf6cf4e766641533e67fe5c7aae1d954b98b3bd455a77ba,30.875411252186094,30.875411252186154,ok,30.875411252186094,0.09875729576695641,0.1396639070569208,1.810818834012262,0.36828778731365236,1.8108273834653121,0.36823047395693226,8.881083879040204,0.36735830952361476
epsilon_001,5,20,50740,submit/data/raw/sensitivity/epsilon_001/regularized_p_p4_k3_d1_neumann_stratified_breakpoint_lbfgs_seed0201_20260907T084325+0800/states/accepted_0005.npz,8fbd01bd8f52da6ce3b89181ae8bd8d91f6e71fb6560962b4d1611ed32d2eacb,16.161138769936617,16.161138769936656,ok,16.16113876993662,0.1247360190215098,0.17640336981664753,1.5664547061633285,0.31858854504052675,1.566479646966799,0.3185425337133035,6.431506498586843,0.2660336719245515
epsilon_001,6,20,50740,submit/data/raw/sensitivity/epsilon_001/regularized_p_p4_k3_d1_neumann_stratified_breakpoint_lbfgs_seed0201_20260907T084325+0800/states/accepted_0006.npz,f2d7bd0749a6501700538eeb0263290f9a61ea52e8295f0831078892ad58e47b,0.13120775105717908,0.1312077510571612,ok,0.13120775105717974,0.017799733399800042,0.025172624380622583,0.22378303978513095,0.0455134213388852,0.22378564236151732,0.04550665287259093,0.5846595965615955,0.02418393565075054
epsilon_001,7,20,50740,submit/data/raw/sensitivity/epsilon_001/regularized_p_p4_k3_d1_neumann_stratified_breakpoint_lbfgs_seed0201_20260907T084325+0800/states/accepted_0007.npz,6ca111ebb2064f06d863c5412275d01206b41dd70ca28c1e045102f8168790e9,0.1082954624428802,0.10829546244292487,ok,0.10829546244288056,0.016801641199815875,0.023761108854906173,0.16612107742370266,0.03378602148453305,0.16612602541051788,0.0337816103467756,0.5315035872523871,0.021985183562963407
epsilon_001,8,20,50740,submit/data/raw/sensitivity/epsilon_001/regularized_p_p4_k3_d1_neumann_stratified_breakpoint_lbfgs_seed0201_20260907T084325+0800/states/accepted_0008.npz,9cb0d41938ffc415d532452e77e3d6c52982fb8ec7eecc11e933d6abd7dc6acb,0.02307217333268636,0.02307217333270728,ok,0.023072173332686866,0.004234487959276524,0.005988470301714431,0.17240925388108339,0.03506492280267059,0.17240927509484338,0.035059304747895884,0.2455865935177952,0.010158475819520176
epsilon_001,9,20,50740,submit/data/raw/sensitivity/epsilon_001/regularized_p_p4_k3_d1_neumann_stratified_breakpoint_lbfgs_seed0201_20260907T084325+0800/states/accepted_0009.npz,6e78c9d9d2a40bc9fd1d5306b9ef1890ab807c8082d2c3f88330f8933df434d7,0.014561837992831688,0.014561837992800974,ok,0.014561837992832026,0.0050025993139979396,0.0070747437969742285,0.07548125155110012,0.01535152086739982,0.0754816768905953,0.015349145871263748,0.19583550003510455,0.008100565113160792
epsilon_001,10,20,50740,submit/data/raw/sensitivity/epsilon_001/regularized_p_p4_k3_d1_neumann_stratified_breakpoint_lbfgs_seed0201_20260907T084325+0800/states/accepted_0010.npz,5b577758b2a81a5b87df2c60206a7a329a0ad98384245874ca162ffea937ed20,0.013898383555125925,0.013898383555158489,ok,0.013898383555126558,0.0053256740682165096,0.007531640496050485,0.07808210993238719,0.015880488404278165,0.07808259655442652,0.01587804105436159,0.19116912323120264,0.007907544495674306
epsilon_001,11,20,50740,submit/data/raw/sensitivity/epsilon_001/regularized_p_p4_k3_d1_neumann_stratified_breakpoint_lbfgs_seed0201_20260907T084325+0800/states/accepted_0011.npz,c5cb6c94e58a0ebb0ce3e25015257760a73dc2dc1b21652120c69bf0e07fddbd,0.008965864808011944,0.008965864808033075,ok,0.008965864808012446,0.0035795985165731565,0.005062316769988371,0.05092329331899631,0.01035687649527189,0.050923642674585115,0.010355286897523958,0.15434894691652454,0.006384509930124928
epsilon_001,12,20,50740,submit/data/raw/sensitivity/epsilon_001/regularized_p_p4_k3_d1_neumann_stratified_breakpoint_lbfgs_seed0201_20260907T084325+0800/states/accepted_0012.npz,0e95684d78429027a56d30f6de942827911ec82fb798f2f3658d30a9dd31945f,0.0026420935828711683,0.002642093582949201,ok,0.002642093582871793,0.0010520517151535915,0.0014878258038880856,0.028322399838711727,0.0057602636840815265,0.0283224166665657,0.00575934349566621,0.08390003861752644,0.003470452117701588
epsilon_001,13,20,50740,submit/data/raw/sensitivity/epsilon_001/regularized_p_p4_k3_d1_neumann_stratified_breakpoint_lbfgs_seed0201_20260907T084325+0800/states/accepted_0013.npz,9b3e4b47d2c63077a407647ee8dd1144ecc461dbdc73e93a68aeb9c80288d183,0.0010944251144664027,0.0010944251145019734,ok,0.0010944251144666467,0.0018927306492532612,0.0026767253540931958,0.02759535069809448,0.00561239504353236,0.027595514353975097,0.005611528421998943,0.05400622400663646,0.0022339204791944536
epsilon_001,14,20,50740,submit/data/raw/sensitivity/epsilon_001/regularized_p_p4_k3_d1_neumann_stratified_breakpoint_lbfgs_seed0201_20260907T084325+0800/states/accepted_0014.npz,67ca71d85e9b05391bf5b0f260f32a9166bad0217aadf46a5f1b0c35c10ff273,0.001058306189544875,0.0010583061895204082,ok,0.0010583061895450203,0.0018961164759982302,0.0026815136361957766,0.025600353198384745,0.005206648647999017,0.025600558510158647,0.005205855555220277,0.053114583871665684,0.002197038560596735
epsilon_001,15,20,50740,submit/data/raw/sensitivity/epsilon_001/regularized_p_p4_k3_d1_neumann_stratified_breakpoint_lbfgs_seed0201_20260907T084325+0800/states/accepted_0015.npz,3a57e340ebf8ff37843f3e1ddb660546d55f4e05575760b72c6582db476a5951,0.0010200328322796022,0.0010200328323435315,ok,0.0010200328322797754,0.0019305581223676728,0.0027302214796019004,0.02718455310648609,0.0055288462460460815,0.027184738065079227,0.005527997352758685,0.0521395218824273,0.0021567059695610045
epsilon_001,16,20,50740,submit/data/raw/sensitivity/epsilon_001/regularized_p_p4_k3_d1_neumann_stratified_breakpoint_lbfgs_seed0201_20260907T084325+0800/states/accepted_0016.npz,407be3e6160f909ab310f0614491b4682c720322a55565c9e0e6fe68f8ba8ee1,0.0010081115564524858,0.0010081115564162246,ok,0.0010081115564524149,0.0019254487118447476,0.0027229956819446476,0.02529588480877771,0.00514472528636329,0.025296110690398155,0.00514394630534411,0.051839291908195195,0.0021442872178293023
epsilon_001,17,20,50740,submit/data/raw/sensitivity/epsilon_001/regularized_p_p4_k3_d1_neumann_stratified_breakpoint_lbfgs_seed0201_20260907T084325+0800/states/accepted_0017.npz,8c4a17b4226d72022eed76fecb2476ee5e85943412f46cc577ec53896fee2ad7,0.00031288137291218436,0.000312881372906304,ok,0.00031288137291240515,0.0010777054672570941,0.001524105688038616,0.016183492300341374,0.0032914295225735953,0.016183576275121573,0.003290918845451807,0.028905827772627107,0.0011956644223340722
epsilon_001,18,20,50740,submit/data/raw/sensitivity/epsilon_001/regularized_p_p4_k3_d1_neumann_stratified_breakpoint_lbfgs_seed0201_20260907T084325+0800/states/accepted_0018.npz,3b9dc4019fda33478f123bc45f522c502f171cd14e6f9f0e6619d28949ae56cd,0.0002823667328556599,0.0002823667329039381,ok,0.000282366732855844,0.0011881893810143155,0.001680353537298138,0.017635297168658796,0.0035867003649797946,0.01763539291076555,0.003586144736513102,0.027474090276959177,0.001136441846210066
epsilon_001,19,20,50740,submit/data/raw/sensitivity/epsilon_001/regularized_p_p4_k3_d1_neumann_stratified_breakpoint_lbfgs_seed0201_20260907T084325+0800/states/accepted_0019.npz,6029d2e4ed70a5b92c1a6def0160f4a74231366580c36c25e36942f287096a09,4.349436747212406e-05,4.3494367560015235e-05,ok,4.349436747220117e-05,0.0001678250558610318,0.00023734047010469348,0.004018782186750524,0.0008173475841172134,0.004018785623473886,0.0008172172280889533,0.010769391412118539,0.0004454665081016617
epsilon_001,20,20,50740,submit/data/raw/sensitivity/epsilon_001/regularized_p_p4_k3_d1_neumann_stratified_breakpoint_lbfgs_seed0201_20260907T084325+0800/states/accepted_0020.npz,4019fbe4172f65b6452fc056881d8373d4192080dad60290a5d57dacdabf9dfa,4.097417178108809e-05,4.097417183857033e-05,ok,4.097417178134132e-05,0.00016686064384416246,0.00023597658555072126,0.003695163681714846,0.0007515294354903504,0.003695167944648394,0.0007514098008637752,0.010452600131291869,0.0004323627123283824
epsilon_001,21,20,50740,submit/data/raw/sensitivity/epsilon_001/regularized_p_p4_k3_d1_neumann_stratified_breakpoint_lbfgs_seed0201_20260907T084325+0800/states/accepted_0021.npz,70c65bb15f7c30eb738f49f1f5cc409f13beb17ef9811060dbeebed1fca8ea1a,3.4360170692858024e-05,3.4360170673153334e-05,ok,3.4360170693198064e-05,0.00016342220445538633,0.0002311138979337162,0.004211479455072532,0.0008565387219818735,0.004211482106188745,0.0008564019222281259,0.00957173033340564,0.0003959262993556829
epsilon_001,22,20,50740,submit/data/raw/sensitivity/epsilon_001/regularized_p_p4_k3_d1_neumann_stratified_breakpoint_lbfgs_seed0201_20260907T084325+0800/states/accepted_0022.npz,0e20794d517882a8585046b6c67188df97797208ac08e6260d86b7b541939e55,3.38484955499217e-05,3.384849554777247e-05,ok,3.384849555013732e-05,0.00016416102279178874,0.00023215874484518642,0.003283475692277221,0.0006677995471957588,0.0032834813381965827,0.0006676936191892035,0.009500318050228803,0.0003929723923794209
epsilon_001,23,20,50740,submit/data/raw/sensitivity/epsilon_001/regularized_p_p4_k3_d1_neumann_stratified_breakpoint_lbfgs_seed0201_20260907T084325+0800/states/accepted_0023.npz,b8b921ebe177b7f1c426d118f873cff7b6e80f728cf25953f6ba4d80267ebb1a,3.0975879564295455e-05,3.0975879667494155e-05,ok,3.097587956439724e-05,0.00015882937271813913,0.00022461865300120364,0.003236998824776249,0.0006583469932617595,0.0032370039901670165,0.0006582424831784164,0.00908821378225987,0.0003759260578001673
epsilon_001,24,20,50740,submit/data/raw/sensitivity/epsilon_001/regularized_p_p4_k3_d1_neumann_stratified_breakpoint_lbfgs_seed0201_20260907T084325+0800/states/accepted_0024.npz,e868d4e6530e0889f22aaea7e8755bc217c8c41d5da1f240578c6a2c810c91bf,2.9117541944357245e-05,2.911754211254447e-05,ok,2.9117541944589397e-05,0.00015843583016976378,0.00022406209979192036,0.0032359620078796668,0.0006581361234643399,0.0032359671243232823,0.0006580316372388451,0.008811357405124622,0.00036447413458105815
epsilon_001,25,20,50740,submit/data/raw/sensitivity/epsilon_001/regularized_p_p4_k3_d1_neumann_stratified_breakpoint_lbfgs_seed0201_20260907T084325+0800/states/accepted_0025.npz,0e60f5cedfdd4afa9819b6ac9346ee9f89c003c9aa23c42f6f9d9a36491b5ae3,2.6947206063376352e-05,2.6947206151817227e-05,ok,2.6947206063541574e-05,0.00015474953069703211,0.00021884888508261443,0.0032094482554524927,0.0006527437059395287,0.0032094530171211193,0.0006526400122000666,0.008476627994073333,0.00035062834365436263
epsilon_001,26,20,50740,submit/data/raw/sensitivity/epsilon_001/regularized_p_p4_k3_d1_neumann_stratified_breakpoint_lbfgs_seed0201_20260907T084325+0800/states/accepted_0026.npz,81f0bb37a8e185f9cbbdd0ee5244b139022b91fa7c9649da40316b4a5b2d83e9,2.6893509596672164e-05,2.6893509584624553e-05,ok,2.6893509596769383e-05,0.00015444506767440153,0.00021841830934676916,0.0027773103474265765,0.000564854674208739,0.0027773176173330463,0.0005647655827925445,0.008468223155271983,0.0003502806848082201
epsilon_001,27,20,50740,submit/data/raw/sensitivity/epsilon_001/regularized_p_p4_k3_d1_neumann_stratified_breakpoint_lbfgs_seed0201_20260907T084325+0800/states/accepted_0027.npz,52a7d4fd8c1be638783cd5a2cd89b700784e6c0766819538e0ab186ae826bb0b,1.1997035908421163e-05,1.1997035926469835e-05,ok,1.1997035908549123e-05,0.00010045190315322472,0.00014206044380547908,0.0022837885550715297,0.00046448127103688026,0.0022837908473736864,0.00046440726146829104,0.005656478967082173,0.00023397533223475848
epsilon_001,28,20,50740,submit/data/raw/sensitivity/epsilon_001/regularized_p_p4_k3_d1_neumann_stratified_breakpoint_lbfgs_seed0201_20260907T084325+0800/states/accepted_0028.npz,7ad3adcf1260acdb7df92f1df34048cfbf5636b60c28b81106264c02c0eb8517,4.276760110224579e-06,4.276760137145175e-06,ok,4.276760110247415e-06,5.461934721441099e-05,7.724342159858516e-05,0.0016013069333439035,0.00032567685746040954,0.0016013075173564293,0.0003256247566449791,0.0033771922588307474,0.00013969462016548138
epsilon_001,29,20,50740,submit/data/raw/sensitivity/epsilon_001/regularized_p_p4_k3_d1_neumann_stratified_breakpoint_lbfgs_seed0201_20260907T084325+0800/states/accepted_0029.npz,7ce6aed0c0a11897da16f2bd4cc11a1ba8554a25fa34b0d4b2c5067a280a41f9,3.3959726285369744e-06,3.3959726124521694e-06,ok,3.39597262864687e-06,5.436230788039486e-05,7.68799130863562e-05,0.001603409261385652,0.00032610443294623954,0.0016034098313016066,0.00032605226070611025,0.0030094258714151384,0.00012448228344839977
epsilon_001,30,20,50740,submit/data/raw/sensitivity/epsilon_001/regularized_p_p4_k3_d1_neumann_stratified_breakpoint_lbfgs_seed0201_20260907T084325+0800/states/accepted_0030.npz,c57492d299c48694b93556aa60d3b69246dea0d3ab6561d4ca2b738bc7e888cb,3.2954841591900266e-06,3.2954841344690067e-06,ok,3.295484159482419e-06,5.4325657322982224e-05,7.682808137099472e-05,0.001603861217459331,0.00032619635263428994,0.001603861785621041,0.0003261441652988792,0.0029645688316725562,0.00012262681101795025
epsilon_001,31,20,50740,submit/data/raw/sensitivity/epsilon_001/regularized_p_p4_k3_d1_neumann_stratified_breakpoint_lbfgs_seed0201_20260907T084325+0800/states/accepted_0031.npz,a7869b8aad5f9d076a08443d4318240036c521aafe6009a145a30ffd37c9b030,3.038753135937102e-06,3.0387531637643406e-06,ok,3.0387531358601695e-06,5.432776043684043e-05,7.683105562313621e-05,0.00160765064150264,0.00032696705292185614,0.001607651205198824,0.00032691474110300604,0.002846763132018752,0.00011775388072402478
epsilon_001,32,20,50740,submit/data/raw/sensitivity/epsilon_001/regularized_p_p4_k3_d1_neumann_stratified_breakpoint_lbfgs_seed0201_20260907T084325+0800/states/accepted_0032.npz,5f8a2ecbf0e3af43d299d9f376fc2f3820eace0eae6420931cfe5c40b778c29c,3.0100167458254472e-06,3.0100167123237043e-06,ok,3.010016746067184e-06,5.43474658163142e-05,7.685892323803972e-05,0.0016035373802655514,0.0003261304900083294,0.0016035379487622688,0.0003260783133015661,0.002833271788742021,0.00011719582304470938
epsilon_01,1,16,40592,submit/data/raw/sensitivity/epsilon_01/regularized_p_p4_k3_d1_neumann_stratified_breakpoint_lbfgs_seed0201_20260907T084318+0800/states/accepted_0001.npz,cc99c66abaeacb09d92d492e8a2445a826a19ca745eaf4ba46c512ff1149ee1a,313.9850846034157,313.98508460341566,ok,313.98508460341566,0.6829071599415268,0.9657765674309996,4.472838521098604,0.9096944271872527,4.4743438166740646,0.9098546660517302,22.54674339599311,0.9324705516604487
epsilon_01,2,16,40592,submit/data/raw/sensitivity/epsilon_01/regularized_p_p4_k3_d1_neumann_stratified_breakpoint_lbfgs_seed0201_20260907T084318+0800/states/accepted_0002.npz,1f840022f675e83edeff9a83ff0aa9c5b2726b562d6f5703fedcd82acf29b80e,186.11151186991142,186.11151186991142,ok,186.11151186991142,0.28385508496959994,0.4014317109125755,3.3321703261432996,0.6777031546819094,3.332243845563306,0.6776094407428931,21.55514279738798,0.8914607108613344
epsilon_01,3,16,40592,submit/data/raw/sensitivity/epsilon_01/regularized_p_p4_k3_d1_neumann_stratified_breakpoint_lbfgs_seed0201_20260907T084318+0800/states/accepted_0003.npz,a024b1b82243e88acb32f060fc1cb05d187e27ce56c2cd36fcd3297f14384e70,109.7594312322548,109.75943123225477,ok,109.75943123225478,0.2913858200121086,0.4120817785443296,2.908056243426692,0.5914460238422812,2.908203603823302,0.591381156027027,16.578311108494038,0.6856328044112674
epsilon_01,4,16,40592,submit/data/raw/sensitivity/epsilon_01/regularized_p_p4_k3_d1_neumann_stratified_breakpoint_lbfgs_seed0201_20260907T084318+0800/states/accepted_0004.npz,4acfa25fba674d35bd69f43574e49c67103f1a9ba23cfd852bdf70a3d7cc8794,30.88409608527502,30.88409608527502,ok,30.88409608527502,0.09875310077021733,0.13965797443563827,1.8103687169354232,0.3681962416442858,1.810377271348556,0.36813894397478136,8.881586573748514,0.36731770023670524
epsilon_01,5,16,40592,submit/data/raw/sensitivity/epsilon_01/regularized_p_p4_k3_d1_neumann_stratified_breakpoint_lbfgs_seed0201_20260907T084318+0800/states/accepted_0005.npz,d415b22e281075c3660618358331ce7ef18bcd63c23285502219318adaf10b19,16.1662055487202,16.1662055487202,ok,16.166205548720196,0.12473098841436116,0.17639625546379092,1.5660814372251204,0.3185126288921283,1.5661063908625148,0.318466632347197,6.43192828684311,0.2660066517162252
epsilon_01,6,16,40592,submit/data/raw/sensitivity/epsilon_01/regularized_p_p4_k3_d1_neumann_stratified_breakpoint_lbfgs_seed0201_20260907T084318+0800/states/accepted_0006.npz,114fd5d0c0bb3b474fef1ec62d1ed55c8fce99356420065e3786d77ea819658a,0.13130722159838448,0.13130722159843344,ok,0.13130722159838434,0.017797970833850013,0.025170131735951472,0.22363255934532741,0.045482816340103274,0.22363516606651945,0.04547605362390919,0.5847171326802597,0.02418227314249619
epsilon_01,7,16,40592,submit/data/raw/sensitivity/epsilon_01/regularized_p_p4_k3_d1_neumann_stratified_breakpoint_lbfgs_seed0201_20260907T084318+0800/states/accepted_0007.npz,6297e717254a3160063165dbcc06c470918391250d8dcabfd99ac84440e13883,0.10835296505065993,0.10835296505064207,ok,0.10835296505065985,0.01679782214643802,0.023755707897823778,0.16609016818114883,0.033779735103845,0.16609511434577873,0.033775324603516274,0.5315176522996549,0.02198209070606647
epsilon_01,8,16,40592,submit/data/raw/sensitivity/epsilon_01/regularized_p_p4_k3_d1_neumann_stratified_breakpoint_lbfgs_seed0201_20260907T084318+0800/states/accepted_0008.npz,9655ebc0fa0abf4ea34fafd84fd570a4305b3bf4edf43bcd31793600695c7ba4,0.023107577544998984,0.02310757754497672,ok,0.023107577544999012,0.004230452412571418,0.005982763176832479,0.17223190726656315,0.035028853710046604,0.17223192846663954,0.035023241435868206,0.2456587483616518,0.010159762081015825
epsilon_01,9,16,40592,submit/data/raw/sensitivity/epsilon_01/regularized_p_p4_k3_d1_neumann_stratified_breakpoint_lbfgs_seed0201_20260907T084318+0800/states/accepted_0009.npz,46eb9257933c319785241a068a70e07781b70f32d49cbc6a73ce3e6274687d84,0.014571927328942849,0.01457192732891599,ok,0.014571927328942498,0.004999492277011663,0.00707034978312944,0.07546516104935871,0.015348248350474434,0.07546558571254136,0.015345873741531539,0.19583869208772345,0.008099343219560186
epsilon_01,10,16,40592,submit/data/raw/sensitivity/epsilon_01/regularized_p_p4_k3_d1_neumann_stratified_breakpoint_lbfgs_seed0201_20260907T084318+0800/states/accepted_0010.npz,7561d3e8e1716885b6b5c4098744e73cf6cedc4a704160433801dc1f78003a1b,0.013909275215721438,0.013909275215667094,ok,0.013909275215721193,0.005322227737533429,0.007526766648458048,0.07806104819131365,0.0158762048272183,0.07806153404782783,0.015873758008468658,0.19117362489821704,0.007906409025058946
epsilon_01,11,16,40592,submit/data/raw/sensitivity/epsilon_01/regularized_p_p4_k3_d1_neumann_stratified_breakpoint_lbfgs_seed0201_20260907T084318+0800/states/accepted_0011.npz,1a8862f1adeb9d7e2976ff3a3fb5f49e904642d478d8ccf0d676521428de0d47,0.008971179045673915,0.008971179045715871,ok,0.008971179045673749,0.0035765388537509443,0.0050579897533289085,0.05088890074154644,0.010349881667290693,0.05088924964535456,0.010348293099235935,0.15435261465906547,0.006383594526868559
epsilon_01,12,16,40592,submit/data/raw/sensitivity/epsilon_01/regularized_p_p4_k3_d1_neumann_stratified_breakpoint_lbfgs_seed0201_20260907T084318+0800/states/accepted_0012.npz,c77f1454d1f78add65bd1efc29cdd5bd3b8d8b3601a26ab9dd5c02633d3f01af,0.002643555814868567,0.002643555814870524,ok,0.0026435558148689203,0.0010508255652703833,0.00148609176609375,0.0282483333904133,0.005745199908597387,0.0282483502773124,0.005744282147539901,0.08390344035579442,0.0034700127615184162
epsilon_01,13,16,40592,submit/data/raw/sensitivity/epsilon_01/regularized_p_p4_k3_d1_neumann_stratified_breakpoint_lbfgs_seed0201_20260907T084318+0800/states/accepted_0013.npz,f9a61c656413988557104e6a1fd27b5142e9a26e721e64c0c09f77c41846623c,0.001095883390277421,0.0010958833901781873,ok,0.0010958833902772857,0.0018905881687516861,0.002673695429110748,0.027557932132189242,0.0056047847842491845,0.027558095712748008,0.005603919367640869,0.054010823383934134,0.002233737324805961
epsilon_01,14,16,40592,submit/data/raw/sensitivity/epsilon_01/regularized_p_p4_k3_d1_neumann_stratified_breakpoint_lbfgs_seed0201_20260907T084318+0800/states/accepted_0014.npz,7897f99a09fcc150618a4f9e67d97d2cc1d23845a8cee7468da03ad48e8d9498,0.001059500408237872,0.0010595004081892512,ok,0.0010595004082379214,0.0018938556269068616,0.002678316312748284,0.025581670825018304,0.005202848991280377,0.025581875615382086,0.0052020564017165915,0.05311744974557726,0.0021967898776839266
epsilon_01,15,16,40592,submit/data/raw/sensitivity/epsilon_01/regularized_p_p4_k3_d1_neumann_stratified_breakpoint_lbfgs_seed0201_20260907T084318+0800/states/accepted_0015.npz,636fea9d23b98527ae052d271f5e9a44548f3fe0af37b413fc5dca5a9bf53188,0.001021355619702315,0.001021355619741371,ok,0.0010213556197025341,0.0019281644634989274,0.0027268363347660255,0.027155772073868094,0.005522992704752831,0.0271559567011208,0.005522144682654227,0.05214334513709575,0.002156503622339079
epsilon_01,16,16,40592,submit/data/raw/sensitivity/epsilon_01/regularized_p_p4_k3_d1_neumann_stratified_breakpoint_lbfgs_seed0201_20260907T084318+0800/states/accepted_0016.npz,bb94d17f0788c6adb3e85c5d22bb37aa4029a84596ef4c520fd07412bfcc8d4c,0.0010092193001394658,0.0010092193001014493,ok,0.0010092193001398158,0.0019231385475643567,0.0027197286162880087,0.025278441559305507,0.005141177645025009,0.025278666835305733,0.00514039910968815,0.05184139632890295,0.0021440158600576848
epsilon_01,17,16,40592,submit/data/raw/sensitivity/epsilon_01/regularized_p_p4_k3_d1_neumann_stratified_breakpoint_lbfgs_seed0201_20260907T084318+0800/states/accepted_0017.npz,4ad9ddecdf8525ea35cf2baa86b2a5c0638b19254400cd7f81e4b3d66d28ae28,0.00031329491948602664,0.00031329491940823573,ok,0.0003132949194860767,0.0010762227588922337,0.0015220088217599863,0.016172570726851396,0.00328920827213205,0.016172654413538844,0.0032886978925858274,0.028907167700282715,0.0011955199976779814
epsilon_01,18,16,40592,submit/data/raw/sensitivity/epsilon_01/regularized_p_p4_k3_d1_neumann_stratified_breakpoint_lbfgs_seed0201_20260907T084318+0800/states/accepted_0018.npz,1fa63a5b69d1d853accd70917e9b625bb1430de07688bc374db63e3767f28dc0,0.0002828428338872408,0.0002828428337693367,ok,0.0002828428338875079,0.001186445138188054,0.0016778868054371668,0.01762176306185099,0.0035839477725305158,0.017621858466205006,0.0035833925167373347,0.027475690297958884,0.0011363180766026928
epsilon_01,19,16,40592,submit/data/raw/sensitivity/epsilon_01/regularized_p_p4_k3_d1_neumann_stratified_breakpoint_lbfgs_seed0201_20260907T084318+0800/states/accepted_0019.npz,ebb48af52870454b23649713e9ed108fd666e39c01779ca954fc8802b139ac72,4.3523390338435595e-05,4.3523390274913254e-05,ok,4.352339033849988e-05,0.0001673463315437352,0.0002366634516825348,0.003990351391122059,0.0008115652746907236,0.00399035486138248,0.0008114358526273999,0.01076981840191948,0.0004454097130632807
epsilon_01,20,16,40592,submit/data/raw/sensitivity/epsilon_01/regularized_p_p4_k3_d1_neumann_stratified_breakpoint_lbfgs_seed0201_20260907T084318+0800/states/accepted_0020.npz,ef4cac7de2dacbaf63e37d13bdca98d1e7aff16503f821aac1401b65ad75ab65,4.0996745573304225e-05,4.099674561075517e-05,ok,4.099674557341709e-05,0.00016640876701682784,0.00023533753521298248,0.0036739184221846765,0.0007472085340968443,0.0036739227134194347,0.0007470895980458823,0.010452898388593384,0.000432302783407491
epsilon_01,21,16,40592,submit/data/raw/sensitivity/epsilon_01/regularized_p_p4_k3_d1_neumann_stratified_breakpoint_lbfgs_seed0201_20260907T084318+0800/states/accepted_0021.npz,2ae50900389aa167cfcb6105d3caf71262f337a333bdf47916307e630f833591,3.4384242495339884e-05,3.4384242439955415e-05,ok,3.4384242495556473e-05,0.00016296968191366676,0.0002304739344179368,0.004179207591065365,0.0008499752087444104,0.00417921027400877,0.0008498394678674291,0.009572179328890842,0.00039587869443663554
epsilon_01,22,16,40592,submit/data/raw/sensitivity/epsilon_01/regularized_p_p4_k3_d1_neumann_stratified_breakpoint_lbfgs_seed0201_20260907T084318+0800/states/accepted_0022.npz,b5f9fa4c12e0deea40446e5ee5a75709d67dd2f7c160dd1bc8211f99cfa99742,3.3868041264695343e-05,3.38680412710346e-05,ok,3.386804126477672e-05,0.0001637238232542557,0.00023154045132974392,0.003268608636160148,0.0006647758569743063,0.003268614300059126,0.0006646704174474586,0.009500551355604863,0.00039291636082635603
epsilon_01,23,16,40592,submit/data/raw/sensitivity/epsilon_01/regularized_p_p4_k3_d1_neumann_stratified_breakpoint_lbfgs_seed0201_20260907T084318+0800/states/accepted_0023.npz,c82627c1eb31ef2e0a1484bb1f9d9dc446b0948184054793432bd8f714d3ae87,3.099453461708715e-05,3.0994534597539314e-05,ok,3.09945346173574e-05,0.0001584067945882235,0.00022402103727871465,0.0032217681798351887,0.0006552493556519967,0.003221773364467159,0.0006551453461617522,0.009088450143557091,0.00037587300171284366
epsilon_01,24,16,40592,submit/data/raw/sensitivity/epsilon_01/regularized_p_p4_k3_d1_neumann_stratified_breakpoint_lbfgs_seed0201_20260907T084318+0800/states/accepted_0024.npz,76b01acccd4a1ad92db9d59f0b35314d16bd7b67b1bca26461095519ddbdeec0,2.9136002400426165e-05,2.913600241072345e-05,ok,2.9136002400272384e-05,0.00015801738610403973,0.00022347033051907882,0.003220674357597972,0.0006550268919997016,0.0032206794937400134,0.0006549229083192597,0.00881161229091677,0.0003644237586608342
epsilon_01,25,16,40592,submit/data/raw/sensitivity/epsilon_01/regularized_p_p4_k3_d1_neumann_stratified_breakpoint_lbfgs_seed0201_20260907T084318+0800/states/accepted_0025.npz,28fb25d7f88c49dbd20401f90a089e0ca7164d9592821d2b945e3dc57a1eed61,2.6964936386056145e-05,2.6964936353124358e-05,ok,2.6964936386081028e-05,0.00015433717925203988,0.00021826573207664224,0.0031931071775378097,0.0006494202263542274,0.0031931119622403675,0.0006493170701909941,0.00847689493532537,0.0003505807804649628
epsilon_01,26,16,40592,submit/data/raw/sensitivity/epsilon_01/regularized_p_p4_k3_d1_neumann_stratified_breakpoint_lbfgs_seed0201_20260907T084318+0800/states/accepted_0026.npz,32b8633ec682ea13a08bea1719e518599917f65571481af06a830960712be54a,2.690823140256789e-05,2.6908231347988476e-05,ok,2.6908231402478722e-05,0.00015404923885653016,0.00021785852286415733,0.00277396420494317,0.0005641741293700708,0.0027739714289939286,0.0005640851377488515,0.008468305766734024,0.0003502255563585803
epsilon_01,27,16,40592,submit/data/raw/sensitivity/epsilon_01/regularized_p_p4_k3_d1_neumann_stratified_breakpoint_lbfgs_seed0201_20260907T084318+0800/states/accepted_0027.npz,33c496a3d1e94fd42af782d7d30bead47678c57cb7317d77b901c7354f538099,1.200440680533573e-05,1.2004406755750097e-05,ok,1.2004406805448376e-05,0.00010016333232246941,0.00014165234302291964,0.0022809403489206224,0.00046390199743897605,0.002280942624090486,0.0004638280772682481,0.005656545920952928,0.00023393899521387225
epsilon_01,28,16,40592,submit/data/raw/sensitivity/epsilon_01/regularized_p_p4_k3_d1_neumann_stratified_breakpoint_lbfgs_seed0201_20260907T084318+0800/states/accepted_0028.npz,22fe18e0fdfa00d22d0ad1ac37c69d662e2b91e4bcbbf8b19e4ebd9878e63d8b,4.280159921302337e-06,4.280159885183821e-06,ok,4.280159921369104e-06,5.446229420573709e-05,7.702131510370702e-05,0.0015995491107727996,0.0003253193481540989,0.0015995496901895184,0.0003252673037277566,0.0033772486280887,0.00013967360323478115
epsilon_01,29,16,40592,submit/data/raw/sensitivity/epsilon_01/regularized_p_p4_k3_d1_neumann_stratified_breakpoint_lbfgs_seed0201_20260907T084318+0800/states/accepted_0029.npz,1493099ffd4122f3f9a38ca7dd5f6fd69a355b92e4368d0ee5892c384bc04e44,3.399312011089615e-06,3.3993119927799853e-06,ok,3.399312011055593e-06,5.4206287859677564e-05,7.665926745705605e-05,0.0016015005086874943,0.0003257162271828966,0.0016015010742790596,0.00032566411630896943,0.0030094950185638298,0.00012446433752726796
epsilon_01,30,16,40592,submit/data/raw/sensitivity/epsilon_01/regularized_p_p4_k3_d1_neumann_stratified_breakpoint_lbfgs_seed0201_20260907T084318+0800/states/accepted_0030.npz,ad7b678bc6c7bca4c10b818ef4c1a7e64563525bed8c60852a8667f23b1a21f9,3.2988600475669673e-06,3.298860008271731e-06,ok,3.2988600478130753e-06,5.4168039273867314e-05,7.660517578826161e-05,0.0016018139575447615,0.0003257799770091689,0.0016018145214673806,0.00032572785557410857,0.002964646698119073,0.00012260953582168778
epsilon_01,31,16,40592,submit/data/raw/sensitivity/epsilon_01/regularized_p_p4_k3_d1_neumann_stratified_breakpoint_lbfgs_seed0201_20260907T084318+0800/states/accepted_0031.npz,0bf6a8897f7da86a1bd3e94db6d47b773eca14a840525fde07bdc3702b372cf8,3.042132738955164e-06,3.042132732389291e-06,ok,3.0421327393317755e-06,5.417663779771358e-05,7.661733593730139e-05,0.0016047910273459436,0.00032638545914198187,0.001604791587927954,0.0003263332399435897,0.0028468568166855053,0.000117738074174597
epsilon_01,32,16,40592,submit/data/raw/sensitivity/epsilon_01/regularized_p_p4_k3_d1_neumann_stratified_breakpoint_lbfgs_seed0201_20260907T084318+0800/states/accepted_0032.npz,1bbbe1a73c0ffbdb2755c7eb1933ddc195f87075648fc635b9d650cda874eec2,3.013276837887865e-06,3.0132767392387905e-06,ok,3.0132768377495837e-06,5.41896728074171e-05,7.663577022480977e-05,0.0016014642389734265,0.0003257088505792907,0.0016014648032457324,0.00032565674061987013,0.002833353214516559,0.00011717960277397254
epsilon_01,1,20,50740,submit/data/raw/sensitivity/epsilon_01/regularized_p_p4_k3_d1_neumann_stratified_breakpoint_lbfgs_seed0201_20260907T084318+0800/states/accepted_0001.npz,cc99c66abaeacb09d92d492e8a2445a826a19ca745eaf4ba46c512ff1149ee1a,313.9850846034156,313.98508460341554,ok,313.9850846034156,0.6829071599415267,0.9657765674309996,4.472838521098604,0.9096944271872529,4.4743438166740646,0.9098546660517303,22.546743395993108,0.9324705516604487
epsilon_01,2,20,50740,submit/data/raw/sensitivity/epsilon_01/regularized_p_p4_k3_d1_neumann_stratified_breakpoint_lbfgs_seed0201_20260907T084318+0800/states/accepted_0002.npz,1f840022f675e83edeff9a83ff0aa9c5b2726b562d6f5703fedcd82acf29b80e,186.1115118699114,186.11151186991128,ok,186.11151186991137,0.2838550849695999,0.40143171091257546,3.332170326143299,0.6777031546819094,3.3322438455633057,0.6776094407428932,21.555142797387976,0.8914607108613344
epsilon_01,3,20,50740,submit/data/raw/sensitivity/epsilon_01/regularized_p_p4_k3_d1_neumann_stratified_breakpoint_lbfgs_seed0201_20260907T084318+0800/states/accepted_0003.npz,a024b1b82243e88acb32f060fc1cb05d187e27ce56c2cd36fcd3297f14384e70,109.75943123225476,109.75943123225466,ok,109.75943123225476,0.29138582001210855,0.4120817785443296,2.908056243426692,0.5914460238422813,2.908203603823302,0.5913811560270271,16.578311108494038,0.6856328044112675
epsilon_01,4,20,50740,submit/data/raw/sensitivity/epsilon_01/regularized_p_p4_k3_d1_neumann_stratified_breakpoint_lbfgs_seed0201_20260907T084318+0800/states/accepted_0004.npz,4acfa25fba674d35bd69f43574e49c67103f1a9ba23cfd852bdf70a3d7cc8794,30.88409608527501,30.88409608527496,ok,30.88409608527501,0.09875310077021732,0.1396579744356383,1.8103687169354232,0.3681962416442859,1.810377271348556,0.3681389439747814,8.881586573748512,0.36731770023670524
epsilon_01,5,20,50740,submit/data/raw/sensitivity/epsilon_01/regularized_p_p4_k3_d1_neumann_stratified_breakpoint_lbfgs_seed0201_20260907T084318+0800/states/accepted_0005.npz,d415b22e281075c3660618358331ce7ef18bcd63c23285502219318adaf10b19,16.166205548720193,16.166205548720143,ok,16.166205548720193,0.12473098841436114,0.17639625546379092,1.5660814372251202,0.3185126288921283,1.5661063908625146,0.3184666323471971,6.4319282868431085,0.2660066517162251
epsilon_01,6,20,50740,submit/data/raw/sensitivity/epsilon_01/regularized_p_p4_k3_d1_neumann_stratified_breakpoint_lbfgs_seed0201_20260907T084318+0800/states/accepted_0006.npz,114fd5d0c0bb3b474fef1ec62d1ed55c8fce99356420065e3786d77ea819658a,0.13130722159838448,0.1313072215983766,ok,0.1313072215983848,0.01779797083385003,0.0251701317359515,0.22363255934532728,0.04548281634010325,0.22363516606651931,0.04547605362390917,0.5847171326802596,0.02418227314249619
epsilon_01,7,20,50740,submit/data/raw/sensitivity/epsilon_01/regularized_p_p4_k3_d1_neumann_stratified_breakpoint_lbfgs_seed0201_20260907T084318+0800/states/accepted_0007.npz,6297e717254a3160063165dbcc06c470918391250d8dcabfd99ac84440e13883,0.10835296505065987,0.10835296505058523,ok,0.10835296505065989,0.01679782214643804,0.023755707897823813,0.1660901681811488,0.033779735103845,0.16609511434577867,0.03377532460351627,0.5315176522996546,0.021982090706066465
epsilon_01,8,20,50740,submit/data/raw/sensitivity/epsilon_01/regularized_p_p4_k3_d1_neumann_stratified_breakpoint_lbfgs_seed0201_20260907T084318+0800/states/accepted_0008.npz,9655ebc0fa0abf4ea34fafd84fd570a4305b3bf4edf43bcd31793600695c7ba4,0.023107577544999022,0.023107577544919877,ok,0.023107577544998956,0.004230452412571404,0.0059827631768324604,0.17223190726656312,0.035028853710046604,0.17223192846663954,0.03502324143586821,0.24565874836165205,0.010159762081015837
epsilon_01,9,20,50740,submit/data/raw/sensitivity/epsilon_01/regularized_p_p4_k3_d1_neumann_stratified_breakpoint_lbfgs_seed0201_20260907T084318+0800/states/accepted_0009.npz,46eb9257933c319785241a068a70e07781b70f32d49cbc6a73ce3e6274687d84,0.014571927328942845,0.014571927328859147,ok,0.01457192732894291,0.004999492277011644,0.007070349783129414,0.07546516104935869,0.01534824835047443,0.07546558571254133,0.015345873741531537,0.19583869208772345,0.008099343219560188
epsilon_01,10,20,50740,submit/data/raw/sensitivity/epsilon_01/regularized_p_p4_k3_d1_neumann_stratified_breakpoint_lbfgs_seed0201_20260907T084318+0800/states/accepted_0010.npz,7561d3e8e1716885b6b5c4098744e73cf6cedc4a704160433801dc1f78003a1b,0.013909275215721424,0.01390927521561025,ok,0.01390927521572138,0.005322227737533412,0.007526766648458025,0.07806104819131363,0.015876204827218295,0.07806153404782781,0.015873758008468658,0.19117362489821696,0.007906409025058944
epsilon_01,11,20,50740,submit/data/raw/sensitivity/epsilon_01/regularized_p_p4_k3_d1_neumann_stratified_breakpoint_lbfgs_seed0201_20260907T084318+0800/states/accepted_0011.npz,1a8862f1adeb9d7e2976ff3a3fb5f49e904642d478d8ccf0d676521428de0d47,0.008971179045673903,0.008971179045659028,ok,0.008971179045673997,0.0035765388537509226,0.005057989753328879,0.05088890074154643,0.010349881667290691,0.050889249645354545,0.010348293099235933,0.15435261465906536,0.006383594526868554
epsilon_01,12,20,50740,submit/data/raw/sensitivity/epsilon_01/regularized_p_p4_k3_d1_neumann_stratified_breakpoint_lbfgs_seed0201_20260907T084318+0800/states/accepted_0012.npz,c77f1454d1f78add65bd1efc29cdd5bd3b8d8b3601a26ab9dd5c02633d3f01af,0.002643555814868554,0.0026435558148136806,ok,0.002643555814868994,0.0010508255652703611,0.0014860917660937188,0.028248333390413216,0.005745199908597371,0.028248350277312317,0.005744282147539885,0.08390344035579424,0.0034700127615184093
epsilon_01,13,20,50740,submit/data/raw/sensitivity/epsilon_01/regularized_p_p4_k3_d1_neumann_stratified_breakpoint_lbfgs_seed0201_20260907T084318+0800/states/accepted_0013.npz,f9a61c656413988557104e6a1fd27b5142e9a26e721e64c0c09f77c41846623c,0.0010958833902774158,0.0010958833901213438,ok,0.0010958833902778623,0.0018905881687516634,0.0026736954291107164,0.027557932132189208,0.005604784784249178,0.027558095712747976,0.005603919367640863,0.054010823383933995,0.0022337373248059555
epsilon_01,14,20,50740,submit/data/raw/sensitivity/epsilon_01/regularized_p_p4_k3_d1_neumann_stratified_breakpoint_lbfgs_seed0201_20260907T084318+0800/states/accepted_0014.npz,7897f99a09fcc150618a4f9e67d97d2cc1d23845a8cee7468da03ad48e8d9498,0.001059500408237864,0.0010595004081324078,ok,0.0010595004082382619,0.0018938556269068366,0.0026783163127482488,0.025581670825018256,0.005202848991280367,0.025581875615382034,0.005202056401716582,0.05311744974557706,0.002196789877683919
epsilon_01,15,20,50740,submit/data/raw/sensitivity/epsilon_01/regularized_p_p4_k3_d1_neumann_stratified_breakpoint_lbfgs_seed0201_20260907T084318+0800/states/accepted_0015.npz,636fea9d23b98527ae052d271f5e9a44548f3fe0af37b413fc5dca5a9bf53188,0.0010213556197023119,0.001021355619741371,ok,0.0010213556197027035,0.0019281644634989042,0.002726836334765993,0.027155772073868035,0.00552299270475282,0.02715595670112074,0.005522144682654217,0.052143345137095655,0.0021565036223390754
epsilon_01,16,20,50740,submit/data/raw/sensitivity/epsilon_01/regularized_p_p4_k3_d1_neumann_stratified_breakpoint_lbfgs_seed0201_20260907T084318+0800/states/accepted_0016.npz,bb94d17f0788c6adb3e85c5d22bb37aa4029a84596ef4c520fd07412bfcc8d4c,0.0010092193001394632,0.0010092193001014493,ok,0.001009219300139616,0.0019231385475643344,0.0027197286162879775,0.025278441559305472,0.005141177645025003,0.025278666835305698,0.005140399109688144,0.051841396328902875,0.0021440158600576817
epsilon_01,17,20,50740,submit/data/raw/sensitivity/epsilon_01/regularized_p_p4_k3_d1_neumann_stratified_breakpoint_lbfgs_seed0201_20260907T084318+0800/states/accepted_0017.npz,4ad9ddecdf8525ea35cf2baa86b2a5c0638b19254400cd7f81e4b3d66d28ae28,0.00031329491948601927,0.0003132949193513923,ok,0.0003132949194863119,0.0010762227588922099,0.0015220088217599529,0.016172570726851375,0.003289208272132046,0.016172654413538823,0.003288697892585824,0.02890716770028236,0.0011955199976779669
epsilon_01,18,20,50740,submit/data/raw/sensitivity/epsilon_01/regularized_p_p4_k3_d1_neumann_stratified_breakpoint_lbfgs_seed0201_20260907T084318+0800/states/accepted_0018.npz,1fa63a5b69d1d853accd70917e9b625bb1430de07688bc374db63e3767f28dc0,0.0002828428338872356,0.0002828428337693367,ok,0.00028284283388755205,0.0011864451381880276,0.0016778868054371297,0.01762176306185097,0.003583947772530512,0.017621858466204985,0.0035833925167373312,0.027475690297958634,0.0011363180766026826
epsilon_01,19,20,50740,submit/data/raw/sensitivity/epsilon_01/regularized_p_p4_k3_d1_neumann_stratified_breakpoint_lbfgs_seed0201_20260907T084318+0800/states/accepted_0019.npz,ebb48af52870454b23649713e9ed108fd666e39c01779ca954fc8802b139ac72,4.352339033843638e-05,4.352339033175667e-05,ok,4.352339033856115e-05,0.00016734633154370812,0.00023666345168249652,0.003990351391122049,0.0008115652746907219,0.003990354861382471,0.0008114358526273983,0.010769818401919587,0.00044540971306328514
epsilon_01,20,20,50740,submit/data/raw/sensitivity/epsilon_01/regularized_p_p4_k3_d1_neumann_stratified_breakpoint_lbfgs_seed0201_20260907T084318+0800/states/accepted_0020.npz,ef4cac7de2dacbaf63e37d13bdca98d1e7aff16503f821aac1401b65ad75ab65,4.099674557330533e-05,4.099674561075517e-05,ok,4.099674557356789e-05,0.00016640876701680445,0.00023533753521294944,0.0036739184221846193,0.0007472085340968328,0.0036739227134193774,0.0007470895980458708,0.010452898388593545,0.0004323027834074977
epsilon_01,21,20,50740,submit/data/raw/sensitivity/epsilon_01/regularized_p_p4_k3_d1_neumann_stratified_breakpoint_lbfgs_seed0201_20260907T084318+0800/states/accepted_0021.npz,2ae50900389aa167cfcb6105d3caf71262f337a333bdf47916307e630f833591,3.438424249534214e-05,3.4384242439955415e-05,ok,3.438424249567931e-05,0.00016296968191364386,0.00023047393441790446,0.004179207591065231,0.0008499752087443833,0.004179210274008636,0.0008498394678674021,0.00957217932889114,0.0003958786944366479
epsilon_01,22,20,50740,submit/data/raw/sensitivity/epsilon_01/regularized_p_p4_k3_d1_neumann_stratified_breakpoint_lbfgs_seed0201_20260907T084318+0800/states/accepted_0022.npz,b5f9fa4c12e0deea40446e5ee5a75709d67dd2f7c160dd1bc8211f99cfa99742,3.3868041264697756e-05,3.386804121419118e-05,ok,3.386804126532547e-05,0.0001637238232542326,0.0002315404513297113,0.003268608636160128,0.0006647758569743024,0.0032686143000591056,0.0006646704174474546,0.009500551355605215,0.00039291636082637067
epsilon_01,23,20,50740,submit/data/raw/sensitivity/epsilon_01/regularized_p_p4_k3_d1_neumann_stratified_breakpoint_lbfgs_seed0201_20260907T084318+0800/states/accepted_0023.npz,c82627c1eb31ef2e0a1484bb1f9d9dc446b0948184054793432bd8f714d3ae87,3.0994534617088685e-05,3.0994534540695895e-05,ok,3.099453461729951e-05,0.0001584067945881998,0.00022402103727868117,0.003221768179835131,0.0006552493556519851,0.0032217733644671013,0.0006551453461617406,0.009088450143557312,0.0003758730017128528
epsilon_01,24,20,50740,submit/data/raw/sensitivity/epsilon_01/regularized_p_p4_k3_d1_neumann_stratified_breakpoint_lbfgs_seed0201_20260907T084318+0800/states/accepted_0024.npz,76b01acccd4a1ad92db9d59f0b35314d16bd7b67b1bca26461095519ddbdeec0,2.913600240042701e-05,2.913600235388003e-05,ok,2.9136002400734735e-05,0.00015801738610401284,0.00022347033051904082,0.00322067435759797,0.0006550268919997014,0.003220679493740012,0.0006549229083192596,0.00881161229091688,0.0003644237586608388
epsilon_01,25,20,50740,submit/data/raw/sensitivity/epsilon_01/regularized_p_p4_k3_d1_neumann_stratified_breakpoint_lbfgs_seed0201_20260907T084318+0800/states/accepted_0025.npz,28fb25d7f88c49dbd20401f90a089e0ca7164d9592821d2b945e3dc57a1eed61,2.6964936386056996e-05,2.696493629628094e-05,ok,2.696493638644992e-05,0.00015433717925201535,0.0002182657320766076,0.0031931071775377477,0.0006494202263542149,0.0031931119622403054,0.0006493170701909817,0.00847689493532551,0.00035058078046496866
epsilon_01,26,20,50740,submit/data/raw/sensitivity/epsilon_01/regularized_p_p4_k3_d1_neumann_stratified_breakpoint_lbfgs_seed0201_20260907T084318+0800/states/accepted_0026.npz,32b8633ec682ea13a08bea1719e518599917f65571481af06a830960712be54a,2.6908231402568565e-05,2.6908231291145057e-05,ok,2.690823140290026e-05,0.00015404923885650647,0.00021785852286412385,0.002773964204943155,0.0005641741293700679,0.002773971428993914,0.0005640851377488485,0.008468305766734137,0.00035022555635858503
epsilon_01,27,20,50740,submit/data/raw/sensitivity/epsilon_01/regularized_p_p4_k3_d1_neumann_stratified_breakpoint_lbfgs_seed0201_20260907T084318+0800/states/accepted_0027.npz,33c496a3d1e94fd42af782d7d30bead47678c57cb7317d77b901c7354f538099,1.2004406805337005e-05,1.2004406698906678e-05,ok,1.2004406805766904e-05,0.00010016333232244377,0.0001416523430228834,0.0022809403489206254,0.00046390199743897675,0.002280942624090489,0.0004638280772682488,0.005656545920953233,0.00023393899521388485
epsilon_01,28,20,50740,submit/data/raw/sensitivity/epsilon_01/regularized_p_p4_k3_d1_neumann_stratified_breakpoint_lbfgs_seed0201_20260907T084318+0800/states/accepted_0028.npz,22fe18e0fdfa00d22d0ad1ac37c69d662e2b91e4bcbbf8b19e4ebd9878e63d8b,4.280159921303573e-06,4.280159828340402e-06,ok,4.280159921442893e-06,5.446229420571284e-05,7.702131510367273e-05,0.0015995491107727994,0.0003253193481540989,0.001599549690189518,0.00032526730372775656,0.003377248628089206,0.00013967360323480208
epsilon_01,29,20,50740,submit/data/raw/sensitivity/epsilon_01/regularized_p_p4_k3_d1_neumann_stratified_breakpoint_lbfgs_seed0201_20260907T084318+0800/states/accepted_0029.npz,1493099ffd4122f3f9a38ca7dd5f6fd69a355b92e4368d0ee5892c384bc04e44,3.3993120110904147e-06,3.3993119359365664e-06,ok,3.399312011347283e-06,5.420628785965037e-05,7.66592674570176e-05,0.0016015005086874607,0.00032571622718288983,0.001601501074279026,0.00032566411630896266,0.003009495018564181,0.0001244643375272825
epsilon_01,30,20,50740,submit/data/raw/sensitivity/epsilon_01/regularized_p_p4_k3_d1_neumann_stratified_breakpoint_lbfgs_seed0201_20260907T084318+0800/states/accepted_0030.npz,ad7b678bc6c7bca4c10b818ef4c1a7e64563525bed8c60852a8667f23b1a21f9,3.298860047567688e-06,3.298860008271731e-06,ok,3.2988600480134058e-06,5.4168039273845325e-05,7.660517578823052e-05,0.0016018139575447608,0.0003257799770091688,0.00160181452146738,0.0003257278555741085,0.0029646466981194217,0.00012260953582170223
epsilon_01,31,20,50740,submit/data/raw/sensitivity/epsilon_01/regularized_p_p4_k3_d1_neumann_stratified_breakpoint_lbfgs_seed0201_20260907T084318+0800/states/accepted_0031.npz,0bf6a8897f7da86a1bd3e94db6d47b773eca14a840525fde07bdc3702b372cf8,3.042132738955875e-06,3.042132675545872e-06,ok,3.042132739436068e-06,5.4176637797693136e-05,7.661733593727248e-05,0.0016047910273459553,0.0003263854591419843,0.0016047915879279658,0.0003263332399435921,0.002846856816685833,0.00011773807417461058
epsilon_01,32,20,50740,submit/data/raw/sensitivity/epsilon_01/regularized_p_p4_k3_d1_neumann_stratified_breakpoint_lbfgs_seed0201_20260907T084318+0800/states/accepted_0032.npz,1bbbe1a73c0ffbdb2755c7eb1933ddc195f87075648fc635b9d650cda874eec2,3.013276837888674e-06,3.0132767960822093e-06,ok,3.0132768382013394e-06,5.418967280739292e-05,7.663577022477559e-05,0.0016014642389734126,0.00032570885057928796,0.0016014648032457186,0.00032565674061986737,0.0028333532145169427,0.00011717960277398842
epsilon_1,1,16,40592,submit/data/raw/sensitivity/epsilon_1/regularized_p_p4_k3_d1_neumann_stratified_breakpoint_lbfgs_seed0201_20260907T084318+0800/states/accepted_0001.npz,194512d0e6ab9d505b356194c9097928c93c9ce42fb6f313d58c25790252c660,321.1371169532807,321.13711695328067,ok,321.13711695328067,0.6815950741272386,0.9639209978774359,4.469408367097476,0.9089967959259181,4.4709058013677225,0.9091555480588804,22.851463541948107,0.9296637650176607
epsilon_1,2,16,40592,submit/data/raw/sensitivity/epsilon_1/regularized_p_p4_k3_d1_neumann_stratified_breakpoint_lbfgs_seed0201_20260907T084318+0800/states/accepted_0002.npz,0d32a1dd84eae62c54e1c82dd2d69b4568872a1236d4c5a617eac6d6f1a80684,190.0485694371223,190.04856943712235,ok,190.04856943712235,0.2851312082860292,0.4032364218139303,3.3318076639747893,0.677629395758557,3.331882859749361,0.6775360345316912,21.582013580564794,0.8780188614676221
epsilon_1,3,16,40592,submit/data/raw/sensitivity/epsilon_1/regularized_p_p4_k3_d1_neumann_stratified_breakpoint_lbfgs_seed0201_20260907T084318+0800/states/accepted_0003.npz,7ea14084f5022c99162a651d96c93f21f0bef9789742fe83483fc581d844cec5,110.98696378096065,110.9869637809606,ok,110.98696378096064,0.2868684295371417,0.40569322366809635,2.8924150267516877,0.5882648833703947,2.8925563485283567,0.5881992976754282,16.552088207570534,0.6733869195601909
epsilon_1,4,16,40592,submit/data/raw/sensitivity/epsilon_1/regularized_p_p4_k3_d1_neumann_stratified_breakpoint_lbfgs_seed0201_20260907T084318+0800/states/accepted_0004.npz,7fd18d0d9ae47a3aae946770f137ba7228a0119346f5b401da748cd3a870da50,31.66935850900596,31.669358509005974,ok,31.66935850900596,0.09905360103489246,0.14008294598543855,1.7676182418425883,0.3595015685037032,1.7676275018281913,0.3594458084303491,8.913352461417748,0.3626210108162128
epsilon_1,5,16,40592,submit/data/raw/sensitivity/epsilon_1/regularized_p_p4_k3_d1_neumann_stratified_breakpoint_lbfgs_seed0201_20260907T084318+0800/states/accepted_0005.npz,80554e9e7d5690955b32b2e116786dd12cee647b88121d0ed3ca963e71ffd6bf,16.65495306489314,16.654953064893107,ok,16.654953064893142,0.12299317939226288,0.17393862237592522,1.5266450334940351,0.31049197790433825,1.5266705496974675,0.31044738180145676,6.473011111321305,0.26334085209489827
epsilon_1,6,16,40592,submit/data/raw/sensitivity/epsilon_1/regularized_p_p4_k3_d1_neumann_stratified_breakpoint_lbfgs_seed0201_20260907T084318+0800/states/accepted_0006.npz,da3a1d3bbaa4f2480120c56a9dbdc88133fdde31c9a5d4e8204278e75adee680,0.14969351679705126,0.14969351679712872,ok,0.14969351679705156,0.018904515220613306,0.02673502181507994,0.2174052241475238,0.04421628903335007,0.21740882561720326,0.044209931675675,0.61278591600571,0.02492990703977896
epsilon_1,7,16,40592,submit/data/raw/sensitivity/epsilon_1/regularized_p_p4_k3_d1_neumann_stratified_breakpoint_lbfgs_seed0201_20260907T084318+0800/states/accepted_0007.npz,bc15300a14f10f7ef2c9bd3a3d42ff80f46093ec6646e08c8d1f1966173c95eb,0.12283072052702432,0.12283072052701982,ok,0.12283072052702419,0.017823057031751986,0.025205608977252818,0.16901995469084685,0.03437560067067661,0.16902589030793477,0.034371295832723706,0.5564879024555913,0.022639540685609038
epsilon_1,8,16,40592,submit/data/raw/sensitivity/epsilon_1/regularized_p_p4_k3_d1_neumann_stratified_breakpoint_lbfgs_seed0201_20260907T084318+0800/states/accepted_0008.npz,20079f2e2f9b8d08ba30c661fb0808eb2e4002bdc3195bd62f192e942caf7cb0,0.02702060496068935,0.027020604960682704,ok,0.027020604960689337,0.003528086603599061,0.0049894679240366216,0.16507192322701136,0.033572642503492664,0.16507193606013557,0.033567262019249505,0.2588747184607949,0.01053177381791593
epsilon_1,9,16,40592,submit/data/raw/sensitivity/epsilon_1/regularized_p_p4_k3_d1_neumann_stratified_breakpoint_lbfgs_seed0201_20260907T084318+0800/states/accepted_0009.npz,b84ba5418de6ea84aab10b742123935dd14e421923debfed88d0c6618a330f41,0.015515814501848545,0.015515814501839031,ok,0.01551581450184912,0.0042733780455714975,0.006043469189194642,0.07025407184198033,0.014288407091022168,0.07025436183254542,0.014286175033223738,0.19810596002913528,0.008059524604848276
epsilon_1,10,16,40592,submit/data/raw/sensitivity/epsilon_1/regularized_p_p4_k3_d1_neumann_stratified_breakpoint_lbfgs_seed0201_20260907T084318+0800/states/accepted_0010.npz,759e5a833d92d0d2aa876183db1717903a77019b6f8ac811d3f0fa542124e25b,0.01441764602331095,0.014417646023332509,ok,0.014417646023311194,0.004647337133463659,0.006572327203064408,0.07322673018300972,0.014892992012657556,0.0732270789700563,0.014890674970921136,0.19032729568092788,0.007743065995031522
epsilon_1,11,16,40592,submit/data/raw/sensitivity/epsilon_1/regularized_p_p4_k3_d1_neumann_stratified_breakpoint_lbfgs_seed0201_20260907T084318+0800/states/accepted_0011.npz,c734a4bf336d06f0c9e799281ce019454f02cee638aed624ab85518e98d27c14,0.013030465767988702,0.013030465767997157,ok,0.013030465767988724,0.0044886733871117865,0.006347942781116666,0.0724236330216608,0.014729656580644335,0.07242395441151762,0.014727360157185985,0.1804382548297905,0.007340751152780588
epsilon_1,12,16,40592,submit/data/raw/sensitivity/epsilon_1/regularized_p_p4_k3_d1_neumann_stratified_breakpoint_lbfgs_seed0201_20260907T084318+0800/states/accepted_0012.npz,1bf55c04e083315f03419d2e802b474146477b403efc45cd260fc3c1ed3e5d33,0.008176377638204344,0.008176377638221766,ok,0.008176377638204163,0.0028722659664260682,0.004061997484462411,0.045476758546002784,0.009249149867739436,0.04547696533475041,0.009247708893871442,0.14488365569105435,0.005894287015447122
epsilon_1,13,16,40592,submit/data/raw/sensitivity/epsilon_1/regularized_p_p4_k3_d1_neumann_stratified_breakpoint_lbfgs_seed0201_20260907T084318+0800/states/accepted_0013.npz,93d2f4786a1811f1e6d88a042563f7b02ecdbff84b1079e1225b5247e0844160,0.002935104795691546,0.0029351047957106857,ok,0.0029351047956916346,0.0007789374449105414,0.0011015838988327332,0.02345546979569629,0.004770418171716837,0.02345548034805931,0.004769655420675738,0.08726843535458118,0.0035503328716784605
epsilon_1,14,16,40592,submit/data/raw/sensitivity/epsilon_1/regularized_p_p4_k3_d1_neumann_stratified_breakpoint_lbfgs_seed0201_20260907T084318+0800/states/accepted_0014.npz,15ca51e5c5b976992a51d0e75e7fb28b9993349abaa3359e59227c093b935fe7,0.0011185184150638975,0.001118518415125891,ok,0.0011185184150638349,0.0015497956377014375,0.0021917420097440324,0.02347701458494026,0.004774799992034676,0.023477135175251976,0.004774058914544574,0.053101369705022,0.0021603176180354606
epsilon_1,15,16,40592,submit/data/raw/sensitivity/epsilon_1/regularized_p_p4_k3_d1_neumann_stratified_breakpoint_lbfgs_seed0201_20260907T084318+0800/states/accepted_0015.npz,406961b2463fc086ac9f2d1ac7c3a53bb7766b7e440254df1db539b90c0a05dc,0.0010786690184208917,0.001078669018340861,ok,0.001078669018420978,0.0015456659027380396,0.0021859016825497885,0.02256918910355054,0.0045901647145965875,0.022569323032544653,0.004589455954248454,0.05221824681753795,0.0021243896195051004
epsilon_1,16,16,40592,submit/data/raw/sensitivity/epsilon_1/regularized_p_p4_k3_d1_neumann_stratified_breakpoint_lbfgs_seed0201_20260907T084318+0800/states/accepted_0016.npz,10d4f6617b7310cae393a2c8eba2f9f7180a3c00e2e1ab7f8e019b832a6da46a,0.0010577009151133486,0.0010577009151688799,ok,0.0010577009151136207,0.0015477477148110239,0.002188845809417715,0.021713743273316884,0.004416182510487642,0.021713894120144933,0.004415505086967765,0.051776756570676256,0.002106428516735355
epsilon_1,17,16,40592,submit/data/raw/sensitivity/epsilon_1/regularized_p_p4_k3_d1_neumann_stratified_breakpoint_lbfgs_seed0201_20260907T084318+0800/states/accepted_0017.npz,dfb23138a309b5d74b6787684350f2fe0fc5828fa0ae15ed2a609eae7d2f7ea0,0.00034449368612951147,0.00034449368610012243,ok,0.0003444936861292312,0.0007572662739905767,0.0010709362350052136,0.012656823564280193,0.0025741689104148567,0.012656867100259239,0.0025737650168617746,0.029579135727532218,0.0012033649676725135
epsilon_1,18,16,40592,submit/data/raw/sensitivity/epsilon_1/regularized_p_p4_k3_d1_neumann_stratified_breakpoint_lbfgs_seed0201_20260907T084318+0800/states/accepted_0018.npz,9bfc016d0353028f301d068be53be39907ad9b0a8be746284d07f532ba16bf5d,0.00033927906338480706,0.000339279063439335,ok,0.00033927906338493494,0.0007568523302795017,0.0010703508301949524,0.012634485033487911,0.002569625657427423,0.01263452866088775,0.0025692225109375045,0.029362029170888607,0.001194532443729843
epsilon_1,19,16,40592,submit/data/raw/sensitivity/epsilon_1/regularized_p_p4_k3_d1_neumann_stratified_breakpoint_lbfgs_seed0201_20260907T084318+0800/states/accepted_0019.npz,42349715d647b3c959b745f39722fd896b063f5d7a0e90483340d8e260e6a8f8,0.0002771010758192493,0.00027710107571010667,ok,0.0002771010758193635,0.0008953865178630096,0.0012662677571278877,0.014572304859686046,0.0029637431486961296,0.014572360064059561,0.0029632791629155926,0.02625511636391785,0.001068134226284914
epsilon_1,20,16,40592,submit/data/raw/sensitivity/epsilon_1/regularized_p_p4_k3_d1_neumann_stratified_breakpoint_lbfgs_seed0201_20260907T084318+0800/states/accepted_0020.npz,0ff207deb5cf81740ea86617578d14152762f6c41407a5f35014b8084e05b5aa,0.00027603661112946367,0.0002760366111260737,ok,0.00027603661112928163,0.0008961512823844178,0.0012673492974860849,0.014578319105398295,0.002964966337456994,0.014578374432403887,0.002964502180485464,0.02619748600476061,0.0010657896562500412
epsilon_1,21,16,40592,submit/data/raw/sensitivity/epsilon_1/regularized_p_p4_k3_d1_neumann_stratified_breakpoint_lbfgs_seed0201_20260907T084318+0800/states/accepted_0021.npz,3cb3ab63b0c69c3fa18ba3d43e81f3bf76fab131e0aad6b759dd945d397f1b37,0.0002725213613410341,0.0002725213612393418,ok,0.00027252136134099853,0.0008958532100196791,0.0012669277595053028,0.01457996104242313,0.002965300277739935,0.014580016267391022,0.0029648360464745653,0.02602800998166258,0.001058894880454858
epsilon_1,22,16,40592,submit/data/raw/sensitivity/epsilon_1/regularized_p_p4_k3_d1_neumann_stratified_breakpoint_lbfgs_seed0201_20260907T084318+0800/states/accepted_0022.npz,141a5efd96fad71bb8bb62c3681673ca02a70898533be11a698c5cf74e308a9d,3.805340786366995e-05,3.805340787721434e-05,ok,3.805340786376946e-05,4.779170769308775e-05,6.758768118853527e-05,0.002326941438863764,0.0004732577868260557,0.0023269416311779015,0.000473181942985108,0.00995290329130846,0.0004049129514032727
epsilon_1,23,16,40592,submit/data/raw/sensitivity/epsilon_1/regularized_p_p4_k3_d1_neumann_stratified_breakpoint_lbfgs_seed0201_20260907T084318+0800/states/accepted_0023.npz,4a400bc218d0a6aaada4ae222e6bda43a9eda89ae471737b710ef6ed5ec80432,3.1452941798362424e-05,3.145294169826229e-05,ok,3.145294179835185e-05,4.291350949498501e-05,6.068886713683438e-05,0.0021812628464111345,0.0004436293969144767,0.002181262999124242,0.00044355829568645637,0.009042586333516227,0.0003678786192788977
epsilon_1,24,16,40592,submit/data/raw/sensitivity/epsilon_1/regularized_p_p4_k3_d1_neumann_stratified_breakpoint_lbfgs_seed0201_20260907T084318+0800/states/accepted_0024.npz,f277fa9e26ac49ad1c1c461724977416ad8508b21a5ed9470f1c879d527344b8,2.84651868500353e-05,2.846518685828414e-05,ok,2.8465186850188658e-05,4.12791296019585e-05,5.837750492604641e-05,0.0021704225005945775,0.0004414246667120364,0.0021704226381743835,0.0004413539159168111,0.008594617977328342,0.00034965396824690096
epsilon_1,25,16,40592,submit/data/raw/sensitivity/epsilon_1/regularized_p_p4_k3_d1_neumann_stratified_breakpoint_lbfgs_seed0201_20260907T084318+0800/states/accepted_0025.npz,33fccc57b9cce7e594acba546f9f8a987b110571bdcbd393af20c43d7af8448a,2.5426286884836295e-05,2.5426286867968884e-05,ok,2.542628688469124e-05,4.092490233247312e-05,5.7876551917377794e-05,0.0021648544084184687,0.00044029221750807384,0.002164854543093694,0.0004402216477010103,0.008116658530788239,0.00033020919273917215
epsilon_1,26,16,40592,submit/data/raw/sensitivity/epsilon_1/regularized_p_p4_k3_d1_neumann_stratified_breakpoint_lbfgs_seed0201_20260907T084318+0800/states/accepted_0026.npz,6b01015479a8a519402b7f01bf772a8718101c6246e017cd16716a31625f9dd7,2.5389271961334526e-05,2.5389272025222454e-05,ok,2.5389271961521165e-05,4.0991136317403764e-05,5.797022091715672e-05,0.0021591957787641227,0.0004391413546191514,0.002159195914659201,0.00043907096959143135,0.008111541339062034,0.0003300010105491007
epsilon_1,27,16,40592,submit/data/raw/sensitivity/epsilon_1/regularized_p_p4_k3_d1_neumann_stratified_breakpoint_lbfgs_seed0201_20260907T084318+0800/states/accepted_0027.npz,6b32c25d229c9f2a96cb1c72d2a9554908d6cd5431f472c3811d38667e70f54c,2.457750884471445e-05,2.45775087819311e-05,ok,2.4577508844393503e-05,4.086192141812759e-05,5.7787483454139685e-05,0.002155019356999844,0.00043829194599717084,0.002155019491860522,0.00043822169695471045,0.007979629298153405,0.0003246344464173477
epsilon_1,28,16,40592,submit/data/raw/sensitivity/epsilon_1/regularized_p_p4_k3_d1_neumann_stratified_breakpoint_lbfgs_seed0201_20260907T084318+0800/states/accepted_0028.npz,64515f6f059a618a7fcd8466b4a8fbe250a6a7cebf08e9ac730f0ac6abdc6b04,2.359712175990975e-05,2.359712169663908e-05,ok,2.3597121760008944e-05,4.115396343265249e-05,5.820049323186356e-05,0.0021647679036361574,0.00044027462400050084,0.0021647680402004646,0.0004402040573985533,0.007815020219106926,0.00031793767201156306
epsilon_1,29,16,40592,submit/data/raw/sensitivity/epsilon_1/regularized_p_p4_k3_d1_neumann_stratified_breakpoint_lbfgs_seed0201_20260907T084318+0800/states/accepted_0029.npz,b0e21ef46e6db07884fc462ed23c441acef1b688379eb8de1111e2b5d4e72921,1.0538834754578552e-05,1.0538834658291307e-05,ok,1.053883475464104e-05,9.964307907472104e-06,1.4091659382408524e-05,0.0014033314017538499,0.0002854122163477518,0.0014033314077596729,0.0002853664540952045,0.005232360065181286,0.00021286757188199764
epsilon_1,30,16,40592,submit/data/raw/sensitivity/epsilon_1/regularized_p_p4_k3_d1_neumann_stratified_breakpoint_lbfgs_seed0201_20260907T084318+0800/states/accepted_0030.npz,649f172af16544322eb8540a08498ee3a120e464817f2308b617587b57e0f373,9.59975042723572e-06,9.59975039904748e-06,ok,9.599750427167732e-06,1.0074028066675808e-05,1.4246827119620137e-05,0.0013912509472611518,0.0002829552704781304,0.0013912509534873998,0.000282909902221231,0.004991250215274335,0.00020305852440300932
epsilon_1,31,16,40592,submit/data/raw/sensitivity/epsilon_1/regularized_p_p4_k3_d1_neumann_stratified_breakpoint_lbfgs_seed0201_20260907T084318+0800/states/accepted_0031.npz,8bba55fe4234ba2a5ab02da2adb75e149dba223ac1e1af046a6f08bf6bd4d2c6,3.6457015098514845e-06,3.6457013834478857e-06,ok,3.6457015099511405e-06,3.4780739598631886e-05,4.918739364975217e-05,0.0015778802816008852,0.00032091230035919625,0.0015778803876066562,0.0003208608662985115,0.0030426469733391575,0.00012378369707750138
epsilon_1,32,16,40592,submit/data/raw/sensitivity/epsilon_1/regularized_p_p4_k3_d1_neumann_stratified_breakpoint_lbfgs_seed0201_20260907T084318+0800/states/accepted_0032.npz,14284e2c33b48171b0a70db8bbe47bf5f069b87be6e01d05e6d915f538924379,3.423359830446285e-06,3.4233598853461444e-06,ok,3.423359830636935e-06,3.481791836622885e-05,4.923997236712011e-05,0.001577811102482288,0.00032089823057814584,0.0015778112088144511,0.000320846798839805,0.002945691329338358,0.00011983926048261836
epsilon_1,1,20,50740,submit/data/raw/sensitivity/epsilon_1/regularized_p_p4_k3_d1_neumann_stratified_breakpoint_lbfgs_seed0201_20260907T084318+0800/states/accepted_0001.npz,194512d0e6ab9d505b356194c9097928c93c9ce42fb6f313d58c25790252c660,321.1371169532806,321.1371169532805,ok,321.1371169532806,0.6815950741272386,0.963920997877436,4.469408367097476,0.9089967959259182,4.4709058013677225,0.9091555480588805,22.851463541948107,0.929663765017661
epsilon_1,2,20,50740,submit/data/raw/sensitivity/epsilon_1/regularized_p_p4_k3_d1_neumann_stratified_breakpoint_lbfgs_seed0201_20260907T084318+0800/states/accepted_0002.npz,0d32a1dd84eae62c54e1c82dd2d69b4568872a1236d4c5a617eac6d6f1a80684,190.0485694371223,190.04856943712224,ok,190.04856943712227,0.2851312082860292,0.4032364218139304,3.3318076639747893,0.6776293957585572,3.331882859749361,0.6775360345316914,21.58201358056479,0.8780188614676222
epsilon_1,3,20,50740,submit/data/raw/sensitivity/epsilon_1/regularized_p_p4_k3_d1_neumann_stratified_breakpoint_lbfgs_seed0201_20260907T084318+0800/states/accepted_0003.npz,7ea14084f5022c99162a651d96c93f21f0bef9789742fe83483fc581d844cec5,110.98696378096061,110.98696378096054,ok,110.98696378096061,0.28686842953714164,0.40569322366809635,2.8924150267516873,0.5882648833703947,2.8925563485283567,0.5881992976754283,16.55208820757053,0.673386919560191
epsilon_1,4,20,50740,submit/data/raw/sensitivity/epsilon_1/regularized_p_p4_k3_d1_neumann_stratified_breakpoint_lbfgs_seed0201_20260907T084318+0800/states/accepted_0004.npz,7fd18d0d9ae47a3aae946770f137ba7228a0119346f5b401da748cd3a870da50,31.669358509005956,31.669358509005974,ok,31.669358509005953,0.09905360103489243,0.14008294598543852,1.767618241842588,0.3595015685037032,1.7676275018281913,0.3594458084303492,8.913352461417748,0.3626210108162129
epsilon_1,5,20,50740,submit/data/raw/sensitivity/epsilon_1/regularized_p_p4_k3_d1_neumann_stratified_breakpoint_lbfgs_seed0201_20260907T084318+0800/states/accepted_0005.npz,80554e9e7d5690955b32b2e116786dd12cee647b88121d0ed3ca963e71ffd6bf,16.65495306489314,16.654953064893107,ok,16.654953064893142,0.12299317939226286,0.17393862237592522,1.5266450334940351,0.3104919779043383,1.5266705496974673,0.31044738180145676,6.473011111321305,0.2633408520948983
epsilon_1,6,20,50740,submit/data/raw/sensitivity/epsilon_1/regularized_p_p4_k3_d1_neumann_stratified_breakpoint_lbfgs_seed0201_20260907T084318+0800/states/accepted_0006.npz,da3a1d3bbaa4f2480120c56a9dbdc88133fdde31c9a5d4e8204278e75adee680,0.1496935167970512,0.14969351679701504,ok,0.14969351679705156,0.018904515220613306,0.026735021815079942,0.2174052241475238,0.04421628903335008,0.21740882561720323,0.044209931675675,0.6127859160057098,0.024929907039778956
epsilon_1,7,20,50740,submit/data/raw/sensitivity/epsilon_1/regularized_p_p4_k3_d1_neumann_stratified_breakpoint_lbfgs_seed0201_20260907T084318+0800/states/accepted_0007.npz,bc15300a14f10f7ef2c9bd3a3d42ff80f46093ec6646e08c8d1f1966173c95eb,0.1228307205270242,0.12283072052696298,ok,0.12283072052702441,0.017823057031751983,0.025205608977252814,0.1690199546908468,0.034375600670676604,0.16902589030793475,0.034371295832723706,0.5564879024555912,0.022639540685609038
epsilon_1,8,20,50740,submit/data/raw/sensitivity/epsilon_1/regularized_p_p4_k3_d1_neumann_stratified_breakpoint_lbfgs_seed0201_20260907T084318+0800/states/accepted_0008.npz,20079f2e2f9b8d08ba30c661fb0808eb2e4002bdc3195bd62f192e942caf7cb0,0.027020604960689327,0.02702060496062586,ok,0.027020604960689545,0.0035280866035990576,0.004989467924036617,0.16507192322701136,0.03357264250349267,0.16507193606013557,0.03356726201924951,0.25887471846079474,0.010531773817915927
epsilon_1,9,20,50740,submit/data/raw/sensitivity/epsilon_1/regularized_p_p4_k3_d1_neumann_stratified_breakpoint_lbfgs_seed0201_20260907T084318+0800/states/accepted_0009.npz,b84ba5418de6ea84aab10b742123935dd14e421923debfed88d0c6618a330f41,0.015515814501848498,0.015515814501782188,ok,0.0155158145018489,0.004273378045571494,0.0060434691891946375,0.07025407184198032,0.014288407091022168,0.07025436183254542,0.01428617503322374,0.19810596002913491,0.008059524604848264
epsilon_1,10,20,50740,submit/data/raw/sensitivity/epsilon_1/regularized_p_p4_k3_d1_neumann_stratified_breakpoint_lbfgs_seed0201_20260907T084318+0800/states/accepted_0010.npz,759e5a833d92d0d2aa876183db1717903a77019b6f8ac811d3f0fa542124e25b,0.014417646023310927,0.014417646023275665,ok,0.014417646023311494,0.0046473371334636564,0.006572327203064406,0.07322673018300971,0.014892992012657556,0.0732270789700563,0.01489067497092114,0.1903272956809277,0.007743065995031518
epsilon_1,11,20,50740,submit/data/raw/sensitivity/epsilon_1/regularized_p_p4_k3_d1_neumann_stratified_breakpoint_lbfgs_seed0201_20260907T084318+0800/states/accepted_0011.npz,c734a4bf336d06f0c9e799281ce019454f02cee638aed624ab85518e98d27c14,0.013030465767988681,0.013030465767997157,ok,0.01303046576798886,0.004488673387111784,0.006347942781116663,0.0724236330216608,0.014729656580644337,0.07242395441151762,0.014727360157185988,0.18043825482979034,0.007340751152780584
epsilon_1,12,20,50740,submit/data/raw/sensitivity/epsilon_1/regularized_p_p4_k3_d1_neumann_stratified_breakpoint_lbfgs_seed0201_20260907T084318+0800/states/accepted_0012.npz,1bf55c04e083315f03419d2e802b474146477b403efc45cd260fc3c1ed3e5d33,0.008176377638204313,0.008176377638164922,ok,0.00817637763820457,0.0028722659664260656,0.004061997484462407,0.045476758546002784,0.009249149867739438,0.04547696533475041,0.009247708893871444,0.14488365569105402,0.0058942870154471095
epsilon_1,13,20,50740,submit/data/raw/sensitivity/epsilon_1/regularized_p_p4_k3_d1_neumann_stratified_breakpoint_lbfgs_seed0201_20260907T084318+0800/states/accepted_0013.npz,93d2f4786a1811f1e6d88a042563f7b02ecdbff84b1079e1225b5247e0844160,0.0029351047956915413,0.002935104795596999,ok,0.002935104795692052,0.0007789374449105367,0.0011015838988327267,0.02345546979569625,0.00477041817171683,0.023455480348059273,0.0047696554206757315,0.08726843535458109,0.0035503328716784584
epsilon_1,14,20,50740,submit/data/raw/sensitivity/epsilon_1/regularized_p_p4_k3_d1_neumann_stratified_breakpoint_lbfgs_seed0201_20260907T084318+0800/states/accepted_0014.npz,15ca51e5c5b976992a51d0e75e7fb28b9993349abaa3359e59227c093b935fe7,0.0011185184150638956,0.0011185184150690475,ok,0.0011185184150642714,0.0015497956377014347,0.002191742009744029,0.023477014584940278,0.004774799992034681,0.023477135175251993,0.004774058914544578,0.053101369705021946,0.002160317618035459
epsilon_1,15,20,50740,submit/data/raw/sensitivity/epsilon_1/regularized_p_p4_k3_d1_neumann_stratified_breakpoint_lbfgs_seed0201_20260907T084318+0800/states/accepted_0015.npz,406961b2463fc086ac9f2d1ac7c3a53bb7766b7e440254df1db539b90c0a05dc,0.0010786690184208874,0.0010786690183977043,ok,0.0010786690184211392,0.0015456659027380372,0.0021859016825497854,0.022569189103550564,0.004590164714596593,0.022569323032544678,0.004589455954248459,0.05221824681753784,0.0021243896195050965
epsilon_1,16,20,50740,submit/data/raw/sensitivity/epsilon_1/regularized_p_p4_k3_d1_neumann_stratified_breakpoint_lbfgs_seed0201_20260907T084318+0800/states/accepted_0016.npz,10d4f6617b7310cae393a2c8eba2f9f7180a3c00e2e1ab7f8e019b832a6da46a,0.0010577009151133492,0.0010577009151120365,ok,0.0010577009151136428,0.0015477477148110213,0.0021888458094177117,0.02171374327331691,0.004416182510487649,0.021713894120144957,0.00441550508696777,0.05177675657067622,0.002106428516735354
epsilon_1,17,20,50740,submit/data/raw/sensitivity/epsilon_1/regularized_p_p4_k3_d1_neumann_stratified_breakpoint_lbfgs_seed0201_20260907T084318+0800/states/accepted_0017.npz,dfb23138a309b5d74b6787684350f2fe0fc5828fa0ae15ed2a609eae7d2f7ea0,0.0003444936861295098,0.000344493686043279,ok,0.0003444936861298293,0.0007572662739905729,0.0010709362350052084,0.012656823564280217,0.0025741689104148624,0.012656867100259263,0.0025737650168617798,0.02957913572753215,0.001203364967672511
epsilon_1,18,20,50740,submit/data/raw/sensitivity/epsilon_1/regularized_p_p4_k3_d1_neumann_stratified_breakpoint_lbfgs_seed0201_20260907T084318+0800/states/accepted_0018.npz,9bfc016d0353028f301d068be53be39907ad9b0a8be746284d07f532ba16bf5d,0.0003392790633848075,0.00033927906332564817,ok,0.0003392790633850981,0.0007568523302795002,0.0010703508301949504,0.012634485033487929,0.002569625657427427,0.012634528660887767,0.0025692225109375084,0.029362029170888655,0.0011945324437298453
epsilon_1,19,20,50740,submit/data/raw/sensitivity/epsilon_1/regularized_p_p4_k3_d1_neumann_stratified_breakpoint_lbfgs_seed0201_20260907T084318+0800/states/accepted_0019.npz,42349715d647b3c959b745f39722fd896b063f5d7a0e90483340d8e260e6a8f8,0.0002771010758192481,0.00027710107571010667,ok,0.00027710107581966606,0.0008953865178630045,0.0012662677571278805,0.014572304859686058,0.0029637431486961327,0.014572360064059571,0.0029632791629155956,0.026255116363917783,0.0010681342262849117
epsilon_1,20,20,50740,submit/data/raw/sensitivity/epsilon_1/regularized_p_p4_k3_d1_neumann_stratified_breakpoint_lbfgs_seed0201_20260907T084318+0800/states/accepted_0020.npz,0ff207deb5cf81740ea86617578d14152762f6c41407a5f35014b8084e05b5aa,0.0002760366111294627,0.00027603661101238686,ok,0.0002760366111296227,0.0008961512823844128,0.001267349297486078,0.014578319105398304,0.0029649663374569962,0.014578374432403896,0.002964502180485467,0.026197486004760556,0.0010657896562500393
epsilon_1,21,20,50740,submit/data/raw/sensitivity/epsilon_1/regularized_p_p4_k3_d1_neumann_stratified_breakpoint_lbfgs_seed0201_20260907T084318+0800/states/accepted_0021.npz,3cb3ab63b0c69c3fa18ba3d43e81f3bf76fab131e0aad6b759dd945d397f1b37,0.00027252136134103334,0.00027252136118249837,ok,0.0002725213613415451,0.0008958532100196763,0.001266927759505299,0.014579961042423154,0.0029653002777399406,0.014580016267391046,0.002964836046474571,0.026028009981662534,0.0010588948804548565
epsilon_1,22,20,50740,submit/data/raw/sensitivity/epsilon_1/regularized_p_p4_k3_d1_neumann_stratified_breakpoint_lbfgs_seed0201_20260907T084318+0800/states/accepted_0022.npz,141a5efd96fad71bb8bb62c3681673ca02a70898533be11a698c5cf74e308a9d,3.805340786367092e-05,3.805340782037092e-05,ok,3.805340786393137e-05,4.779170769308639e-05,6.758768118853336e-05,0.0023269414388637642,0.0004732577868260559,0.0023269416311779024,0.0004731819429851083,0.00995290329130859,0.000404912951403278
epsilon_1,23,20,50740,submit/data/raw/sensitivity/epsilon_1/regularized_p_p4_k3_d1_neumann_stratified_breakpoint_lbfgs_seed0201_20260907T084318+0800/states/accepted_0023.npz,4a400bc218d0a6aaada4ae222e6bda43a9eda89ae471737b710ef6ed5ec80432,3.1452941798362885e-05,3.145294169826229e-05,ok,3.145294179850436e-05,4.291350949498318e-05,6.068886713683181e-05,0.002181262846411138,0.0004436293969144775,0.0021812629991242454,0.00044355829568645713,0.009042586333516282,0.0003678786192789001
epsilon_1,24,20,50740,submit/data/raw/sensitivity/epsilon_1/regularized_p_p4_k3_d1_neumann_stratified_breakpoint_lbfgs_seed0201_20260907T084318+0800/states/accepted_0024.npz,f277fa9e26ac49ad1c1c461724977416ad8508b21a5ed9470f1c879d527344b8,2.8465186850035393e-05,2.8465186801440723e-05,ok,2.846518685030289e-05,4.1279129601956516e-05,5.837750492604361e-05,0.0021704225005945697,0.00044142466671203486,0.0021704226381743757,0.0004413539159168096,0.008594617977328361,0.0003496539682469018
epsilon_1,25,20,50740,submit/data/raw/sensitivity/epsilon_1/regularized_p_p4_k3_d1_neumann_stratified_breakpoint_lbfgs_seed0201_20260907T084318+0800/states/accepted_0025.npz,33fccc57b9cce7e594acba546f9f8a987b110571bdcbd393af20c43d7af8448a,2.542628688483647e-05,2.5426286811125465e-05,ok,2.5426286885246614e-05,4.092490233247094e-05,5.787655191737472e-05,0.0021648544084184804,0.0004402922175080763,0.0021648545430937058,0.00044022164770101275,0.008116658530788266,0.0003302091927391734
epsilon_1,26,20,50740,submit/data/raw/sensitivity/epsilon_1/regularized_p_p4_k3_d1_neumann_stratified_breakpoint_lbfgs_seed0201_20260907T084318+0800/states/accepted_0026.npz,6b01015479a8a519402b7f01bf772a8718101c6246e017cd16716a31625f9dd7,2.5389271961334848e-05,2.5389271968379035e-05,ok,2.5389271961815417e-05,4.0991136317402313e-05,5.797022091715468e-05,0.0021591957787641153,0.00043914135461915,0.0021591959146591935,0.00043907096959142994,0.008111541339062093,0.0003300010105491032
epsilon_1,27,20,50740,submit/data/raw/sensitivity/epsilon_1/regularized_p_p4_k3_d1_neumann_stratified_breakpoint_lbfgs_seed0201_20260907T084318+0800/states/accepted_0027.npz,6b32c25d229c9f2a96cb1c72d2a9554908d6cd5431f472c3811d38667e70f54c,2.4577508844715524e-05,2.4577508725087682e-05,ok,2.4577508844738943e-05,4.086192141812631e-05,5.778748345413788e-05,0.00215501935699985,0.00043829194599717214,0.002155019491860528,0.0004382216969547118,0.007979629298153622,0.00032463444641735666
epsilon_1,28,20,50740,submit/data/raw/sensitivity/epsilon_1/regularized_p_p4_k3_d1_neumann_stratified_breakpoint_lbfgs_seed0201_20260907T084318+0800/states/accepted_0028.npz,64515f6f059a618a7fcd8466b4a8fbe250a6a7cebf08e9ac730f0ac6abdc6b04,2.3597121759910254e-05,2.359712163979566e-05,ok,2.359712176023467e-05,4.115396343264836e-05,5.820049323185773e-05,0.0021647679036361635,0.0004402746240005022,0.0021647680402004706,0.00044020405739855463,0.007815020219107018,0.0003179376720115669
epsilon_1,29,20,50740,submit/data/raw/sensitivity/epsilon_1/regularized_p_p4_k3_d1_neumann_stratified_breakpoint_lbfgs_seed0201_20260907T084318+0800/states/accepted_0029.npz,b0e21ef46e6db07884fc462ed23c441acef1b688379eb8de1111e2b5d4e72921,1.0538834754577932e-05,1.0538834658291307e-05,ok,1.0538834754917231e-05,9.964307907473029e-06,1.4091659382409833e-05,0.0014033314017538362,0.0002854122163477491,0.0014033314077596592,0.00028536645409520177,0.005232360065181117,0.0002128675718819908
epsilon_1,30,20,50740,submit/data/raw/sensitivity/epsilon_1/regularized_p_p4_k3_d1_neumann_stratified_breakpoint_lbfgs_seed0201_20260907T084318+0800/states/accepted_0030.npz,649f172af16544322eb8540a08498ee3a120e464817f2308b617587b57e0f373,9.59975042723635e-06,9.599750342204061e-06,ok,9.599750427587825e-06,1.0074028066677458e-05,1.4246827119622473e-05,0.0013912509472611694,0.000282955270478134,0.0013912509534874174,0.00028290990222123465,0.004991250215274462,0.00020305852440301458
epsilon_1,31,20,50740,submit/data/raw/sensitivity/epsilon_1/regularized_p_p4_k3_d1_neumann_stratified_breakpoint_lbfgs_seed0201_20260907T084318+0800/states/accepted_0031.npz,8bba55fe4234ba2a5ab02da2adb75e149dba223ac1e1af046a6f08bf6bd4d2c6,3.6457015098507137e-06,3.6457013834478857e-06,ok,3.6457015100406405e-06,3.4780739598632916e-05,4.918739364975363e-05,0.001577880281600865,0.00032091230035919224,0.0015778803876066358,0.0003208608662985074,0.0030426469733388093,0.00012378369707748724
epsilon_1,32,20,50740,submit/data/raw/sensitivity/epsilon_1/regularized_p_p4_k3_d1_neumann_stratified_breakpoint_lbfgs_seed0201_20260907T084318+0800/states/accepted_0032.npz,14284e2c33b48171b0a70db8bbe47bf5f069b87be6e01d05e6d915f538924379,3.4233598304461525e-06,3.4233597716593067e-06,ok,3.4233598307913277e-06,3.4817918366233424e-05,4.923997236712659e-05,0.0015778111024822889,0.0003208982305781461,0.001577811208814452,0.00032084679883980524,0.00294569132933826,0.0001198392604826144
pool_1024,1,16,40592,submit/data/raw/sensitivity/pool_1024/pure_p_p4_k3_d1_neumann_stratified_breakpoint_lbfgs_seed0201_20260907T084329+0800/states/accepted_0001.npz,342551336a3dcf39c25f158da976c4dabddcdc3cdac1c74f44e0387c9d19ecfe,313.91255330639905,313.91255330639905,ok,313.912553306399,0.682637433841956,0.9653951171228605,4.472179234267423,0.9095603401744052,4.473682917383428,0.9097202726461239,22.54540272614108,0.9325725476646772
pool_1024,2,16,40592,submit/data/raw/sensitivity/pool_1024/pure_p_p4_k3_d1_neumann_stratified_breakpoint_lbfgs_seed0201_20260907T084329+0800/states/accepted_0002.npz,5a1dc7ed727c0d1e130f4a6855b302347e4e5fcc50f586a6a162ef04d6929d7a,186.08590357541092,186.08590357541095,ok,186.08590357541092,0.2839455888480647,0.40155970272494773,3.3323647279742556,0.6777426924969728,3.3324383551704817,0.6776489941346153,21.55548863918533,0.8916255433793611
pool_1024,3,16,40592,submit/data/raw/sensitivity/pool_1024/pure_p_p4_k3_d1_neumann_stratified_breakpoint_lbfgs_seed0201_20260907T084329+0800/states/accepted_0003.npz,ee7dfa5e5c185a8ebd6926fc6547576aa3bf905d2d56b511cf282bee78b475b8,109.25697050282771,109.25697050282776,ok,109.25697050282771,0.2921020712004418,0.4130947106889362,2.9070773945744715,0.5912469436962569,2.907226125151714,0.5911823864271147,16.54288351264821,0.6842831423553337
pool_1024,4,16,40592,submit/data/raw/sensitivity/pool_1024/pure_p_p4_k3_d1_neumann_stratified_breakpoint_lbfgs_seed0201_20260907T084329+0800/states/accepted_0004.npz,c77dd6f1e5325bd584b9de992e5db77366a22da5edfe6cc2f206a4c426f45f5a,30.619936535736578,30.6199365357366,ok,30.619936535736578,0.09732370545477335,0.13763650419454485,1.8083169985327672,0.36777895924335635,1.808325149210092,0.3677216463822201,8.846535304970663,0.36592985574820547
pool_1024,5,16,40592,submit/data/raw/sensitivity/pool_1024/pure_p_p4_k3_d1_neumann_stratified_breakpoint_lbfgs_seed0201_20260907T084329+0800/states/accepted_0005.npz,e572cd2da615200fbc477a1a60edae6fda3226f547c895064c1ba1db255cb59e,16.477332379754955,16.477332379755012,ok,16.477332379754955,0.12575162842602874,0.17783965841059185,1.5716420577344608,0.3196435584942565,1.5716675615112576,0.319597492484635,6.493558972942663,0.2686008721319689
pool_1024,6,16,40592,submit/data/raw/sensitivity/pool_1024/pure_p_p4_k3_d1_neumann_stratified_breakpoint_lbfgs_seed0201_20260907T084329+0800/states/accepted_0006.npz,bfc26c3cdf4a3580628151bf23859d4ea82b9b75c989dc30cf0e518ff13f14e3,0.13038278930511948,0.1303827893051448,ok,0.1303827893051198,0.017876707065698133,0.025281481582881234,0.22425086035782474,0.04560856757899551,0.22425349437706382,0.04560179025067536,0.5829679052247554,0.024114001030987313
pool_1024,7,16,40592,submit/data/raw/sensitivity/pool_1024/pure_p_p4_k3_d1_neumann_stratified_breakpoint_lbfgs_seed0201_20260907T084329+0800/states/accepted_0007.npz,fcd53b380dcdefa48163dae1c7f1579e9b9a8f16fce44d6fd4fa41893269e8dc,0.10732840976951274,0.10732840976947955,ok,0.10732840976951276,0.016889139152791367,0.023884849646683994,0.16619490394613282,0.03380103646343661,0.1661999511560099,0.03379664309509203,0.5292737659508748,0.021892985914710634
pool_1024,8,16,40592,submit/data/raw/sensitivity/pool_1024/pure_p_p4_k3_d1_neumann_stratified_breakpoint_lbfgs_seed0201_20260907T084329+0800/states/accepted_0008.npz,1f8580d3982e55001fab1819da35564ca8a5f666dc4730185d50b1983b973d1b,0.023382566404676737,0.02338256640467762,ok,0.02338256640467653,0.004131272945795122,0.005842502229808509,0.1753459288175983,0.035662189350883,0.17534594770827333,0.03565647505698977,0.24720658308280313,0.010225502546366302
pool_1024,9,16,40592,submit/data/raw/sensitivity/pool_1024/pure_p_p4_k3_d1_neumann_stratified_breakpoint_lbfgs_seed0201_20260907T084329+0800/states/accepted_0009.npz,3fca74f45ae20d16459567fd2254632bb319f166b153b7f9dc4f28a82a489db6,0.014463589300495922,0.014463589300476087,ok,0.014463589300495981,0.0049048434935121555,0.006936496189842322,0.07513155600805446,0.015280399121059036,0.07513195540068136,0.015278030252425743,0.19519375210487686,0.008074033402721545
pool_1024,10,16,40592,submit/data/raw/sensitivity/pool_1024/pure_p_p4_k3_d1_neumann_stratified_breakpoint_lbfgs_seed0201_20260907T084329+0800/states/accepted_0010.npz,07682072741e9095d7c32786fa72072eeeecd1e745150475c47f48735e66e2ae,0.0138002361188,0.013800236118754583,ok,0.01380023611879995,0.005224545720241586,0.00738862341480396,0.0777861761387034,0.01582030082503499,0.07778663288056661,0.015817857049583113,0.19051057810263616,0.007880317656612354
pool_1024,11,16,40592,submit/data/raw/sensitivity/pool_1024/pure_p_p4_k3_d1_neumann_stratified_breakpoint_lbfgs_seed0201_20260907T084329+0800/states/accepted_0011.npz,cc6e05eb4eaf90eb17477df68fea3faad66b38ce053b6694f33fdc93b8bca88c,0.013110747931961219,0.013110747931932565,ok,0.013110747931961465,0.005120893594494706,0.007242037172803921,0.07735969882488648,0.015733563055747996,0.07736013402018414,0.015731128806496693,0.18559828773249268,0.007677124695235724
pool_1024,12,16,40592,submit/data/raw/sensitivity/pool_1024/pure_p_p4_k3_d1_neumann_stratified_breakpoint_lbfgs_seed0201_20260907T084329+0800/states/accepted_0012.npz,c570941b163c1233326e9fcf2f96d015206463c1568fc239aae6396e47280d0e,0.007054018984869209,0.007054018984888444,ok,0.007054018984869232,0.0031572211620092164,0.0044649849867247765,0.047881482439252804,0.009738227198453417,0.04788173604721716,0.009736717325760083,0.13692006622070726,0.005663589004502854
pool_1024,13,16,40592,submit/data/raw/sensitivity/pool_1024/pure_p_p4_k3_d1_neumann_stratified_breakpoint_lbfgs_seed0201_20260907T084329+0800/states/accepted_0013.npz,2ada46fcdf567f81c9d4ceb63253597a8031cec3f542ee95ff725d1c6ecb770e,0.0024979603497760575,0.002497960349785444,ok,0.0024979603497762006,0.0010328806072988355,0.0014607137631541718,0.029983488424003654,0.006098099047906213,0.029983501807058745,0.006097123989904182,0.08157471181465477,0.003374272695239873
pool_1024,14,16,40592,submit/data/raw/sensitivity/pool_1024/pure_p_p4_k3_d1_neumann_stratified_breakpoint_lbfgs_seed0201_20260907T084329+0800/states/accepted_0014.npz,752cbaaef5722d9fe5ee69bfbf1b1de62d8d1f75557c5d830dfabe281c1ae4bb,0.0009454727303178415,0.0009454727303932486,ok,0.0009454727303178328,0.0018741232020641823,0.002650410449917259,0.028797023371062297,0.005856793523098649,0.0287971620793931,0.005855882641236105,0.05019321653655668,0.0020762022479512993
pool_1024,15,16,40592,submit/data/raw/sensitivity/pool_1024/pure_p_p4_k3_d1_neumann_stratified_breakpoint_lbfgs_seed0201_20260907T084329+0800/states/accepted_0015.npz,42aac5b9f83be32cac603513daed63287326191652e7f0b0f3fffa509e284164,0.0009042003204220446,0.0009042003204058346,ok,0.0009042003204221506,0.0018775968517135855,0.0026553229323623777,0.026605084337743348,0.005410992782933609,0.02660526043941756,0.0054101609854200735,0.049094329173981606,0.002030747651297547
pool_1024,16,16,40592,submit/data/raw/sensitivity/pool_1024/pure_p_p4_k3_d1_neumann_stratified_breakpoint_lbfgs_seed0201_20260907T084329+0800/states/accepted_0016.npz,ece95638fbfcfd1ff163b1749d550f2b52ad07acb7cdd75c34729b22c6001224,0.0008946722665385863,0.0008946722665541529,ok,0.0008946722665384261,0.001872803360627843,0.002648543912257806,0.02494822616563301,0.005074017808608305,0.024948436532194262,0.005073247009968421,0.0488397738472334,0.0020202181738483843
pool_1024,17,16,40592,submit/data/raw/sensitivity/pool_1024/pure_p_p4_k3_d1_neumann_stratified_breakpoint_lbfgs_seed0201_20260907T084329+0800/states/accepted_0017.npz,d6e1805f9ec65ea682eb333b5a4e8ac3df32111493c1edad79daa344659f54cd,0.00032522902366458663,0.00032522902370146767,ok,0.0003252290236645266,0.0011177184436656604,0.0015806925819465251,0.01696249510712234,0.003449864598811897,0.016962579386436482,0.003449328579870818,0.02947284102775997,0.0012191204911281097
pool_1024,18,16,40592,submit/data/raw/sensitivity/pool_1024/pure_p_p4_k3_d1_neumann_stratified_breakpoint_lbfgs_seed0201_20260907T084329+0800/states/accepted_0018.npz,67e1dd015f0881128a5fc3df9c6c4af86e7fb7492bc750566f8cc05b8b761966,0.0003240298791253206,0.0003240298791524765,ok,0.00032402987912530867,0.0011178990955839007,0.0015809480623393691,0.01695723876651856,0.00344879555423716,0.016957323166709767,0.0034482597312887483,0.029418619402228997,0.0012168776569647924
pool_1024,19,16,40592,submit/data/raw/sensitivity/pool_1024/pure_p_p4_k3_d1_neumann_stratified_breakpoint_lbfgs_seed0201_20260907T084329+0800/states/accepted_0019.npz,53796eb18f544acbbd5b8e3603567dc3c589b90e4c93564c670a9c14dd4f3f7c,0.00029093465778316,0.00029093465775531513,ok,0.0002909346577831325,0.0012335940218735917,0.0017445653961960057,0.018476714455495324,0.003757829417183137,0.018476811049782924,0.0037572465228873533,0.02789141874293462,0.001153706223438703
pool_1024,20,16,40592,submit/data/raw/sensitivity/pool_1024/pure_p_p4_k3_d1_neumann_stratified_breakpoint_lbfgs_seed0201_20260907T084329+0800/states/accepted_0020.npz,4a055d5e331abe00e23ebc92b327ff2aab199fa48a4a22e4d6f6ea6784ff7087,0.0002882042554746768,0.0002882042555825137,ok,0.00028820425547474316,0.0012334744583979724,0.0017443963079072204,0.01847863207871631,0.003758219427050327,0.01847872858252089,0.003757636451820048,0.027760584721978794,0.0011482943788278053
pool_1024,21,16,40592,submit/data/raw/sensitivity/pool_1024/pure_p_p4_k3_d1_neumann_stratified_breakpoint_lbfgs_seed0201_20260907T084329+0800/states/accepted_0021.npz,e3ce651f7dfe9c7fc9fae9f486b8ab29b50ef6516d32e60bb226da1e29a118fb,3.919943174955819e-05,3.91994316828459e-05,ok,3.919943174971316e-05,0.00016376983693413254,0.00023160552449988042,0.0030634790163566556,0.0006230562037594517,0.0030634859587591184,0.0006229577136146097,0.01022379721144347,0.0004228991927133693
pool_1024,22,16,40592,submit/data/raw/sensitivity/pool_1024/pure_p_p4_k3_d1_neumann_stratified_breakpoint_lbfgs_seed0201_20260907T084329+0800/states/accepted_0022.npz,278b76fe798a4756532a1890ffa7ec72f3b0ffa01b94bf11c065801eaab55a68,3.231490679458273e-05,3.231490677535476e-05,ok,3.231490679463073e-05,0.00015778369923180157,0.00022313984737501108,0.0029412129173045616,0.0005981894913983947,0.0029412196287416075,0.000598094941457296,0.00928271003059004,0.00038397187433792735
pool_1024,23,16,40592,submit/data/raw/sensitivity/pool_1024/pure_p_p4_k3_d1_neumann_stratified_breakpoint_lbfgs_seed0201_20260907T084329+0800/states/accepted_0023.npz,1ea3d775e2e4a6c16fbe21a8ed1633bd33f8fb626bcebca0d206a78a11d07c1e,2.8975264252694653e-05,2.8975264285691082e-05,ok,2.8975264252570898e-05,0.00015176038317381714,0.00021462159211534982,0.0028647535824135113,0.0005826390460763158,0.0028647597999785827,0.0005825468890912027,0.008789921615497555,0.00036358807577354936
pool_1024,24,16,40592,submit/data/raw/sensitivity/pool_1024/pure_p_p4_k3_d1_neumann_stratified_breakpoint_lbfgs_seed0201_20260907T084329+0800/states/accepted_0024.npz,ae22ca60674c4e32efbf1b36f5719844cf7c793bad66e1afcac3028c431dba26,2.7457435037208844e-05,2.7457435010092013e-05,ok,2.745743503729073e-05,0.00015141319127738912,0.0002141305886266753,0.002863352778496464,0.000582354147904627,0.002863358945706189,0.0005822620263608407,0.00855658434652989,0.00035393626631023987
pool_1024,25,16,40592,submit/data/raw/sensitivity/pool_1024/pure_p_p4_k3_d1_neumann_stratified_breakpoint_lbfgs_seed0201_20260907T084329+0800/states/accepted_0025.npz,54226d77d4c6a0a0fa72f81bc5c2d97a87b51d365ca3d85ef5012e6d3a0e67bc,2.7172869912364934e-05,2.7172869920377707e-05,ok,2.717286991232144e-05,0.00015166039341030552,0.00021448018523569323,0.0032885724843895753,0.0006688361424940844,0.0032885765926130256,0.0006687297355887176,0.008512084968607244,0.0003520955851415376
pool_1024,26,16,40592,submit/data/raw/sensitivity/pool_1024/pure_p_p4_k3_d1_neumann_stratified_breakpoint_lbfgs_seed0201_20260907T084329+0800/states/accepted_0026.npz,c7597b1fa6a74d4661074de4086c42f5a8def02ce53cfb4596415892299421ff,2.7090266775384372e-05,2.7090266826235165e-05,ok,2.7090266775345805e-05,0.00015133521948787452,0.00021402031986446124,0.0028074295389083105,0.0005709803728032836,0.002807436063382861,0.0005708901475992385,0.008499183572810425,0.00035156192922539294
pool_1024,27,16,40592,submit/data/raw/sensitivity/pool_1024/pure_p_p4_k3_d1_neumann_stratified_breakpoint_lbfgs_seed0201_20260907T084329+0800/states/accepted_0027.npz,7f2d954ac9de6318218926e2ad52feb153449e380fe803bb4f4425c259bd1e5f,1.2838509811186066e-05,1.2838509746870841e-05,ok,1.2838509811053473e-05,0.00010401674373787626,0.0001471018897079913,0.002454687051775563,0.0004992389331641849,0.0024546891667219482,0.0004991593144285389,0.005851537802237577,0.0002420441800164238
pool_1024,28,16,40592,submit/data/raw/sensitivity/pool_1024/pure_p_p4_k3_d1_neumann_stratified_breakpoint_lbfgs_seed0201_20260907T084329+0800/states/accepted_0028.npz,b3f1c83438cf7000faefbbeb9f5fbf19b752cb7e58d80070b8e003468d31db8d,4.398937350329178e-06,4.398937448968354e-06,ok,4.398937350519778e-06,5.3147521437894685e-05,7.516194562398548e-05,0.0016788343467045912,0.0003414445306182452,0.0016788348004636517,0.00034138987510068446,0.003425102447612744,0.0001416766226969704
pool_1024,29,16,40592,submit/data/raw/sensitivity/pool_1024/pure_p_p4_k3_d1_neumann_stratified_breakpoint_lbfgs_seed0201_20260907T084329+0800/states/accepted_0029.npz,88d11d88cdc87cd61f9a58f49e81bb11d384841bdfea51488162727b7edfd9bf,3.3918223806520347e-06,3.3918223039108852e-06,ok,3.3918223808581517e-06,5.287236064751367e-05,7.477280950239534e-05,0.0016796835845697715,0.0003416172502345843,0.0016796840274357265,0.00034156256480776507,0.0030076015513144216,0.00012440703211823273
pool_1024,30,16,40592,submit/data/raw/sensitivity/pool_1024/pure_p_p4_k3_d1_neumann_stratified_breakpoint_lbfgs_seed0201_20260907T084329+0800/states/accepted_0030.npz,246119eadb0093f237d4272601cf112a57c00b548549f54e89ae6930c78dc519,3.189536917798943e-06,3.1895369829726405e-06,ok,3.1895369180193983e-06,5.291918058688328e-05,7.483902289564134e-05,0.0016797509109377818,0.0003416309431996875,0.0016797513553038113,0.0003415762558823544,0.00291654671710539,0.00012064062174415487
pool_1024,31,16,40592,submit/data/raw/sensitivity/pool_1024/pure_p_p4_k3_d1_neumann_stratified_breakpoint_lbfgs_seed0201_20260907T084329+0800/states/accepted_0031.npz,7c2b7b70866351088b61fd2e24fe7a6d375953d6161fadefd5b97346f8225daf,2.9548944352256416e-06,2.954894398499164e-06,ok,2.954894435086553e-06,5.287933279417197e-05,7.478266960675836e-05,0.0016792352331094571,0.0003415260636596732,0.0016792356764440005,0.0003414713929491496,0.002807227793314891,0.00011611873191563302
pool_1024,32,16,40592,submit/data/raw/sensitivity/pool_1024/pure_p_p4_k3_d1_neumann_stratified_breakpoint_lbfgs_seed0201_20260907T084329+0800/states/accepted_0032.npz,6d38ecedf62c2fa0781e7d9551d3c8ff558add28df18c27cae8a216772ebe6c9,2.4649947011907995e-06,2.4649948500155006e-06,ok,2.464994701194396e-06,5.275612194916235e-05,7.460842315871431e-05,0.001679144729350311,0.00034150765683256637,0.0016791451679776183,0.00034145298811621115,0.0025640064496649006,0.00010605807561025235
pool_1024,1,20,50740,submit/data/raw/sensitivity/pool_1024/pure_p_p4_k3_d1_neumann_stratified_breakpoint_lbfgs_seed0201_20260907T084329+0800/states/accepted_0001.npz,342551336a3dcf39c25f158da976c4dabddcdc3cdac1c74f44e0387c9d19ecfe,313.912553306399,313.912553306399,ok,313.912553306399,0.6826374338419559,0.9653951171228604,4.472179234267422,0.9095603401744052,4.473682917383428,0.9097202726461241,22.545402726141077,0.932572547664677
pool_1024,2,20,50740,submit/data/raw/sensitivity/pool_1024/pure_p_p4_k3_d1_neumann_stratified_breakpoint_lbfgs_seed0201_20260907T084329+0800/states/accepted_0002.npz,5a1dc7ed727c0d1e130f4a6855b302347e4e5fcc50f586a6a162ef04d6929d7a,186.0859035754109,186.08590357541087,ok,186.0859035754109,0.28394558884806465,0.40155970272494773,3.3323647279742556,0.6777426924969729,3.3324383551704813,0.6776489941346153,21.555488639185317,0.8916255433793605
pool_1024,3,20,50740,submit/data/raw/sensitivity/pool_1024/pure_p_p4_k3_d1_neumann_stratified_breakpoint_lbfgs_seed0201_20260907T084329+0800/states/accepted_0003.npz,ee7dfa5e5c185a8ebd6926fc6547576aa3bf905d2d56b511cf282bee78b475b8,109.2569705028277,109.25697050282776,ok,109.25697050282768,0.29210207120044174,0.4130947106889362,2.9070773945744715,0.591246943696257,2.907226125151714,0.5911823864271148,16.54288351264871,0.6842831423553544
pool_1024,4,20,50740,submit/data/raw/sensitivity/pool_1024/pure_p_p4_k3_d1_neumann_stratified_breakpoint_lbfgs_seed0201_20260907T084329+0800/states/accepted_0004.npz,c77dd6f1e5325bd584b9de992e5db77366a22da5edfe6cc2f206a4c426f45f5a,30.619936535736574,30.6199365357366,ok,30.61993653573657,0.09732370545477334,0.13763650419454485,1.8083169985327672,0.36777895924335646,1.808325149210092,0.36772164638222016,8.846535304961623,0.3659298557478315
pool_1024,5,20,50740,submit/data/raw/sensitivity/pool_1024/pure_p_p4_k3_d1_neumann_stratified_breakpoint_lbfgs_seed0201_20260907T084329+0800/states/accepted_0005.npz,e572cd2da615200fbc477a1a60edae6fda3226f547c895064c1ba1db255cb59e,16.477332379754948,16.477332379755012,ok,16.477332379754948,0.12575162842602872,0.17783965841059185,1.5716420577344608,0.3196435584942566,1.5716675615112574,0.319597492484635,6.4935589729239345,0.2686008721311942
pool_1024,6,20,50740,submit/data/raw/sensitivity/pool_1024/pure_p_p4_k3_d1_neumann_stratified_breakpoint_lbfgs_seed0201_20260907T084329+0800/states/accepted_0006.npz,bfc26c3cdf4a3580628151bf23859d4ea82b9b75c989dc30cf0e518ff13f14e3,0.13038278930511957,0.1303827893051448,ok,0.13038278930511996,0.017876707065698133,0.025281481582881238,0.22425086035782466,0.04560856757899549,0.22425349437706377,0.04560179025067536,0.5829679052217809,0.024114001030864276
pool_1024,7,20,50740,submit/data/raw/sensitivity/pool_1024/pure_p_p4_k3_d1_neumann_stratified_breakpoint_lbfgs_seed0201_20260907T084329+0800/states/accepted_0007.npz,fcd53b380dcdefa48163dae1c7f1579e9b9a8f16fce44d6fd4fa41893269e8dc,0.10732840976951274,0.10732840976947955,ok,0.10732840976951293,0.016889139152791367,0.023884849646683998,0.1661949039461328,0.03380103646343661,0.16619995115600988,0.03379664309509203,0.5292737659506147,0.021892985914699875
pool_1024,8,20,50740,submit/data/raw/sensitivity/pool_1024/pure_p_p4_k3_d1_neumann_stratified_breakpoint_lbfgs_seed0201_20260907T084329+0800/states/accepted_0008.npz,1f8580d3982e55001fab1819da35564ca8a5f666dc4730185d50b1983b973d1b,0.02338256640467675,0.02338256640473446,ok,0.02338256640467678,0.004131272945795117,0.005842502229808503,0.17534592881759825,0.03566218935088299,0.1753459477082733,0.03565647505698977,0.24720658307400226,0.010225502546002262
pool_1024,9,20,50740,submit/data/raw/sensitivity/pool_1024/pure_p_p4_k3_d1_neumann_stratified_breakpoint_lbfgs_seed0201_20260907T084329+0800/states/accepted_0009.npz,3fca74f45ae20d16459567fd2254632bb319f166b153b7f9dc4f28a82a489db6,0.01446358930049592,0.014463589300476087,ok,0.01446358930049554,0.004904843493512154,0.00693649618984232,0.07513155600805445,0.015280399121059036,0.07513195540068134,0.01527803025242574,0.19519375210540305,0.00807403340274331
pool_1024,10,20,50740,submit/data/raw/sensitivity/pool_1024/pure_p_p4_k3_d1_neumann_stratified_breakpoint_lbfgs_seed0201_20260907T084329+0800/states/accepted_0010.npz,07682072741e9095d7c32786fa72072eeeecd1e745150475c47f48735e66e2ae,0.013800236118800005,0.013800236118754583,ok,0.013800236118800081,0.005224545720241582,0.007388623414803956,0.07778617613870338,0.01582030082503499,0.0777866328805666,0.015817857049583113,0.19051057810236688,0.007880317656601216
pool_1024,11,20,50740,submit/data/raw/sensitivity/pool_1024/pure_p_p4_k3_d1_neumann_stratified_breakpoint_lbfgs_seed0201_20260907T084329+0800/states/accepted_0011.npz,cc6e05eb4eaf90eb17477df68fea3faad66b38ce053b6694f33fdc93b8bca88c,0.013110747931961209,0.013110747931932565,ok,0.013110747931961483,0.005120893594494702,0.007242037172803917,0.07735969882488646,0.015733563055747992,0.07736013402018413,0.015731128806496693,0.1855982877324785,0.007677124695235137
pool_1024,12,20,50740,submit/data/raw/sensitivity/pool_1024/pure_p_p4_k3_d1_neumann_stratified_breakpoint_lbfgs_seed0201_20260907T084329+0800/states/accepted_0012.npz,c570941b163c1233326e9fcf2f96d015206463c1568fc239aae6396e47280d0e,0.007054018984869198,0.007054018984888444,ok,0.00705401898486946,0.003157221162009212,0.0044649849867247704,0.047881482439252755,0.009738227198453409,0.04788173604721711,0.009736717325760074,0.1369200662210232,0.0056635890045159225
pool_1024,13,20,50740,submit/data/raw/sensitivity/pool_1024/pure_p_p4_k3_d1_neumann_stratified_breakpoint_lbfgs_seed0201_20260907T084329+0800/states/accepted_0013.npz,2ada46fcdf567f81c9d4ceb63253597a8031cec3f542ee95ff725d1c6ecb770e,0.0024979603497760393,0.002497960349785444,ok,0.002497960349776102,0.001032880607298829,0.001460713763154163,0.029983488424003557,0.006098099047906194,0.029983501807058652,0.006097123989904165,0.08157471181447264,0.003374272695232339
pool_1024,14,20,50740,submit/data/raw/sensitivity/pool_1024/pure_p_p4_k3_d1_neumann_stratified_breakpoint_lbfgs_seed0201_20260907T084329+0800/states/accepted_0014.npz,752cbaaef5722d9fe5ee69bfbf1b1de62d8d1f75557c5d830dfabe281c1ae4bb,0.0009454727303178374,0.0009454727303364052,ok,0.0009454727303179558,0.0018741232020641795,0.0026504104499172555,0.02879702337106226,0.005856793523098643,0.028797162079393066,0.005855882641236099,0.050193216536528404,0.0020762022479501297
pool_1024,15,20,50740,submit/data/raw/sensitivity/pool_1024/pure_p_p4_k3_d1_neumann_stratified_breakpoint_lbfgs_seed0201_20260907T084329+0800/states/accepted_0015.npz,42aac5b9f83be32cac603513daed63287326191652e7f0b0f3fffa509e284164,0.0009042003204220364,0.0009042003204058346,ok,0.0009042003204220229,0.0018775968517135827,0.002655322932362374,0.026605084337743286,0.005410992782933598,0.026605260439417498,0.005410160985420062,0.04909432917398589,0.002030747651297724
pool_1024,16,20,50740,submit/data/raw/sensitivity/pool_1024/pure_p_p4_k3_d1_neumann_stratified_breakpoint_lbfgs_seed0201_20260907T084329+0800/states/accepted_0016.npz,ece95638fbfcfd1ff163b1749d550f2b52ad07acb7cdd75c34729b22c6001224,0.0008946722665385816,0.0008946722665541529,ok,0.0008946722665386261,0.0018728033606278398,0.0026485439122578016,0.024948226165632987,0.005074017808608302,0.02494843653219424,0.005073247009968419,0.04883977384717957,0.002020218173846158
pool_1024,17,20,50740,submit/data/raw/sensitivity/pool_1024/pure_p_p4_k3_d1_neumann_stratified_breakpoint_lbfgs_seed0201_20260907T084329+0800/states/accepted_0017.npz,d6e1805f9ec65ea682eb333b5a4e8ac3df32111493c1edad79daa344659f54cd,0.00032522902366458246,0.00032522902370146767,ok,0.00032522902366451524,0.0011177184436656589,0.0015806925819465232,0.016962495107122312,0.003449864598811892,0.01696257938643645,0.003449328579870812,0.02947284102709387,0.0012191204911005569
pool_1024,18,20,50740,submit/data/raw/sensitivity/pool_1024/pure_p_p4_k3_d1_neumann_stratified_breakpoint_lbfgs_seed0201_20260907T084329+0800/states/accepted_0018.npz,67e1dd015f0881128a5fc3df9c6c4af86e7fb7492bc750566f8cc05b8b761966,0.0003240298791253171,0.0003240298791524765,ok,0.0003240298791251184,0.0011178990955839007,0.0015809480623393695,0.016957238766518543,0.0034487955542371568,0.01695732316670975,0.0034482597312887452,0.029418619401570312,0.0012168776569375464
pool_1024,19,20,50740,submit/data/raw/sensitivity/pool_1024/pure_p_p4_k3_d1_neumann_stratified_breakpoint_lbfgs_seed0201_20260907T084329+0800/states/accepted_0019.npz,53796eb18f544acbbd5b8e3603567dc3c589b90e4c93564c670a9c14dd4f3f7c,0.00029093465778315804,0.00029093465775531513,ok,0.00029093465778319577,0.0012335940218735871,0.0017445653961959996,0.0184767144554953,0.003757829417183133,0.0184768110497829,0.003757246522887349,0.027891418742265812,0.0011537062234110384
pool_1024,20,20,50740,submit/data/raw/sensitivity/pool_1024/pure_p_p4_k3_d1_neumann_stratified_breakpoint_lbfgs_seed0201_20260907T084329+0800/states/accepted_0020.npz,4a055d5e331abe00e23ebc92b327ff2aab199fa48a4a22e4d6f6ea6784ff7087,0.0002882042554746757,0.0002882042555825137,ok,0.00028820425547474023,0.0012334744583979663,0.0017443963079072122,0.0184786320787163,0.0037582194270503254,0.01847872858252088,0.0037576364518200466,0.027760584721308,0.0011482943788000584
pool_1024,21,20,50740,submit/data/raw/sensitivity/pool_1024/pure_p_p4_k3_d1_neumann_stratified_breakpoint_lbfgs_seed0201_20260907T084329+0800/states/accepted_0021.npz,e3ce651f7dfe9c7fc9fae9f486b8ab29b50ef6516d32e60bb226da1e29a118fb,3.919943174955771e-05,3.9199431739689317e-05,ok,3.919943174970575e-05,0.0001637698369341289,0.00023160552449987532,0.0030634790163566257,0.0006230562037594457,0.003063485958759089,0.0006229577136146039,0.010223797211442075,0.00042289919271331164
pool_1024,22,20,50740,submit/data/raw/sensitivity/pool_1024/pure_p_p4_k3_d1_neumann_stratified_breakpoint_lbfgs_seed0201_20260907T084329+0800/states/accepted_0022.npz,278b76fe798a4756532a1890ffa7ec72f3b0ffa01b94bf11c065801eaab55a68,3.2314906794582215e-05,3.231490677535476e-05,ok,3.231490679473666e-05,0.0001577836992318015,0.000223139847375011,0.0029412129173045694,0.0005981894913983964,0.0029412196287416158,0.0005980949414572977,0.0092827100305879,0.0003839718743378388
pool_1024,23,20,50740,submit/data/raw/sensitivity/pool_1024/pure_p_p4_k3_d1_neumann_stratified_breakpoint_lbfgs_seed0201_20260907T084329+0800/states/accepted_0023.npz,1ea3d775e2e4a6c16fbe21a8ed1633bd33f8fb626bcebca0d206a78a11d07c1e,2.897526425269399e-05,2.8975264285691082e-05,ok,2.897526425254134e-05,0.00015176038317381564,0.00021462159211534776,0.0028647535824134892,0.0005826390460763114,0.002864759799978561,0.0005825468890911983,0.008789921615495605,0.0003635880757734687
pool_1024,24,20,50740,submit/data/raw/sensitivity/pool_1024/pure_p_p4_k3_d1_neumann_stratified_breakpoint_lbfgs_seed0201_20260907T084329+0800/states/accepted_0024.npz,ae22ca60674c4e32efbf1b36f5719844cf7c793bad66e1afcac3028c431dba26,2.7457435037208072e-05,2.7457434953248594e-05,ok,2.7457435037317275e-05,0.00015141319127738264,0.00021413058862666617,0.002863352778496448,0.0005823541479046239,0.0028633589457061734,0.0005822620263608376,0.008556584346528086,0.0003539362663101652
pool_1024,25,20,50740,submit/data/raw/sensitivity/pool_1024/pure_p_p4_k3_d1_neumann_stratified_breakpoint_lbfgs_seed0201_20260907T084329+0800/states/accepted_0025.npz,54226d77d4c6a0a0fa72f81bc5c2d97a87b51d365ca3d85ef5012e6d3a0e67bc,2.7172869912365656e-05,2.7172869920377707e-05,ok,2.7172869912285025e-05,0.00015166039341030338,0.00021448018523569022,0.003288572484389499,0.000668836142494069,0.003288576592612949,0.0006687297355887021,0.008512084968603981,0.0003520955851414027
pool_1024,26,20,50740,submit/data/raw/sensitivity/pool_1024/pure_p_p4_k3_d1_neumann_stratified_breakpoint_lbfgs_seed0201_20260907T084329+0800/states/accepted_0026.npz,c7597b1fa6a74d4661074de4086c42f5a8def02ce53cfb4596415892299421ff,2.709026677538426e-05,2.7090266826235165e-05,ok,2.7090266775603378e-05,0.00015133521948787102,0.00021402031986445633,0.0028074295389082975,0.0005709803728032811,0.002807436063382848,0.0005708901475992359,0.00849918357281094,0.00035156192922541424
pool_1024,27,20,50740,submit/data/raw/sensitivity/pool_1024/pure_p_p4_k3_d1_neumann_stratified_breakpoint_lbfgs_seed0201_20260907T084329+0800/states/accepted_0027.npz,7f2d954ac9de6318218926e2ad52feb153449e380fe803bb4f4425c259bd1e5f,1.2838509811185338e-05,1.2838509746870841e-05,ok,1.2838509811143408e-05,0.00010401674373787074,0.00014710188970798352,0.002454687051775565,0.0004992389331641853,0.00245468916672195,0.0004991593144285393,0.00585153780223711,0.00024204418001640444
pool_1024,28,20,50740,submit/data/raw/sensitivity/pool_1024/pure_p_p4_k3_d1_neumann_stratified_breakpoint_lbfgs_seed0201_20260907T084329+0800/states/accepted_0028.npz,b3f1c83438cf7000faefbbeb9f5fbf19b752cb7e58d80070b8e003468d31db8d,4.398937350328669e-06,4.398937392124935e-06,ok,4.398937350864248e-06,5.314752143789152e-05,7.516194562398101e-05,0.0016788343467046022,0.0003414445306182475,0.0016788348004636625,0.00034138987510068673,0.0034251024476124755,0.00014167662269695932
pool_1024,29,20,50740,submit/data/raw/sensitivity/pool_1024/pure_p_p4_k3_d1_neumann_stratified_breakpoint_lbfgs_seed0201_20260907T084329+0800/states/accepted_0029.npz,88d11d88cdc87cd61f9a58f49e81bb11d384841bdfea51488162727b7edfd9bf,3.391822380651978e-06,3.391822360754304e-06,ok,3.39182238077945e-06,5.287236064751206e-05,7.477280950239308e-05,0.0016796835845697864,0.0003416172502345874,0.0016796840274357413,0.0003415625648077681,0.0030076015513144034,0.000124407032118232
pool_1024,30,20,50740,submit/data/raw/sensitivity/pool_1024/pure_p_p4_k3_d1_neumann_stratified_breakpoint_lbfgs_seed0201_20260907T084329+0800/states/accepted_0030.npz,246119eadb0093f237d4272601cf112a57c00b548549f54e89ae6930c78dc519,3.1895369177988216e-06,3.1895369261292217e-06,ok,3.189536918075717e-06,5.291918058688229e-05,7.483902289563994e-05,0.0016797509109377868,0.0003416309431996886,0.0016797513553038165,0.00034157625588235546,0.002916546717105322,0.00012064062174415206
pool_1024,31,20,50740,submit/data/raw/sensitivity/pool_1024/pure_p_p4_k3_d1_neumann_stratified_breakpoint_lbfgs_seed0201_20260907T084329+0800/states/accepted_0031.npz,7c2b7b70866351088b61fd2e24fe7a6d375953d6161fadefd5b97346f8225daf,2.954894435225713e-06,2.954894398499164e-06,ok,2.9548944353957174e-06,5.287933279416614e-05,7.478266960675014e-05,0.0016792352331094632,0.0003415260636596745,0.0016792356764440066,0.00034147139294915085,0.002807227793314918,0.00011611873191563413
pool_1024,32,20,50740,submit/data/raw/sensitivity/pool_1024/pure_p_p4_k3_d1_neumann_stratified_breakpoint_lbfgs_seed0201_20260907T084329+0800/states/accepted_0032.npz,6d38ecedf62c2fa0781e7d9551d3c8ff558add28df18c27cae8a216772ebe6c9,2.4649947011912163e-06,2.4649947931720817e-06,ok,2.464994701415004e-06,5.2756121949159024e-05,7.460842315870963e-05,0.0016791447293503067,0.00034150765683256556,0.001679145167977614,0.00034145298811621034,0.0025640064496651074,0.00010605807561026091
pool_256,1,16,40592,submit/data/raw/sensitivity/pool_256/pure_p_p4_k3_d1_neumann_stratified_breakpoint_lbfgs_seed0201_20260907T084328+0800/states/accepted_0001.npz,fc693521be5223e933531022361893bd37b645e1444ab1fbbbfa839e6d00edd9,313.91349465827324,313.9134946582732,ok,313.91349465827324,0.6833002786466293,0.9663325212353782,4.473807362578125,0.9098914720147355,4.47531500709708,0.910052156940721,22.539342838424094,0.9323218852571151
pool_256,2,16,40592,submit/data/raw/sensitivity/pool_256/pure_p_p4_k3_d1_neumann_stratified_breakpoint_lbfgs_seed0201_20260907T084328+0800/states/accepted_0002.npz,a68ca9588b9e17bd6295de0b5949a67020c448a2a50daf6eb51138bb552ad727,186.05409597247777,186.0540959724778,ok,186.05409597247777,0.28402093028833175,0.4016662516115821,3.332152616843053,0.6776995529306573,3.332226382753828,0.6776058896928762,21.553339291128644,0.8915366373164537
pool_256,3,16,40592,submit/data/raw/sensitivity/pool_256/pure_p_p4_k3_d1_neumann_stratified_breakpoint_lbfgs_seed0201_20260907T084328+0800/states/accepted_0003.npz,07bf666e22501539ae9e229996b5522bd3ec3df8db7f48646cc15760764e323f,108.89066021340244,108.89066021340244,ok,108.89066021340244,0.2925423390838593,0.4137173435007425,2.9063366271402784,0.5910962850030023,2.906486197984219,0.5910319227583696,16.517051897811363,0.6832146382726473
pool_256,4,16,40592,submit/data/raw/sensitivity/pool_256/pure_p_p4_k3_d1_neumann_stratified_breakpoint_lbfgs_seed0201_20260907T084328+0800/states/accepted_0004.npz,b5dbd9c37a1d4916538adc78a1701a787ff3cdf242ef65784c8ea6535f6f8e8c,30.709514280422795,30.70951428042281,ok,30.7095142804228,0.09630781081518458,0.13619981221729627,1.8097434718197085,0.36806907810044026,1.8097513167569894,0.36801165654913676,8.86149033804104,0.3665484587272811
pool_256,5,16,40592,submit/data/raw/sensitivity/pool_256/pure_p_p4_k3_d1_neumann_stratified_breakpoint_lbfgs_seed0201_20260907T084328+0800/states/accepted_0005.npz,e89fbfb039b10492192e51d2a9c1bc9fdf609c2d5d3e1f9d98020113f4674444,16.994768534328013,16.994768534328045,ok,16.994768534328013,0.1265046241781247,0.17890455521561527,1.5806157644899264,0.32146864808516235,1.5806415442524238,0.32142234555911037,6.5949132135531725,0.27279330921241934
pool_256,6,16,40592,submit/data/raw/sensitivity/pool_256/pure_p_p4_k3_d1_neumann_stratified_breakpoint_lbfgs_seed0201_20260907T084328+0800/states/accepted_0006.npz,eda0af341785a0bab349b768b88445c0060b1c56cd3161845f871168e02ab319,0.14956897263594507,0.14956897263596147,ok,0.14956897263594499,0.019095830768874885,0.027005582858124308,0.2289626718727826,0.0465668647893453,0.22896588702457224,0.04656005197893712,0.6240626568004882,0.025813852554517305
pool_256,7,16,40592,submit/data/raw/sensitivity/pool_256/pure_p_p4_k3_d1_neumann_stratified_breakpoint_lbfgs_seed0201_20260907T084328+0800/states/accepted_0007.npz,32ad0406cf902786799dffc00323e7889d756363bce4666799861a7c66d6f6a6,0.12681737234641816,0.12681737234640877,ok,0.12681737234641843,0.01815651991006515,0.025677196702311264,0.17515341840980134,0.03562303621706822,0.17515917647034004,0.0356184952572067,0.5749677406275121,0.023783080622475944
pool_256,8,16,40592,submit/data/raw/sensitivity/pool_256/pure_p_p4_k3_d1_neumann_stratified_breakpoint_lbfgs_seed0201_20260907T084328+0800/states/accepted_0008.npz,13ebb8cf8e227de4c6a59e75ad07db9202218e52edeb0dfd2cf200c10668fef2,0.024722042497095805,0.024722042497103303,ok,0.02472204249709551,0.004816982128447089,0.0068122414557586905,0.17566965188798353,0.035728028766210035,0.17566968314693387,0.03572230643059452,0.2541232601273788,0.010511605359041042
pool_256,9,16,40592,submit/data/raw/sensitivity/pool_256/pure_p_p4_k3_d1_neumann_stratified_breakpoint_lbfgs_seed0201_20260907T084328+0800/states/accepted_0009.npz,b3ceb83341ef20671ed338a6f2afe51390344658771d58a12836f1717b471777,0.016218756477697625,0.01621875647771276,ok,0.01621875647769787,0.005595708671677765,0.007913527094575431,0.08158071802460129,0.01659204198918551,0.08158123961818503,0.016589487659011748,0.20652535094024285,0.00854275592337798
pool_256,10,16,40592,submit/data/raw/sensitivity/pool_256/pure_p_p4_k3_d1_neumann_stratified_breakpoint_lbfgs_seed0201_20260907T084328+0800/states/accepted_0010.npz,6fd6296c9d046c70d8a37b8ede46beb62786a529f1dfaabf2b978282acde1d58,0.015644458708770403,0.015644458708720776,ok,0.015644458708770334,0.005878624717898949,0.008313630804154403,0.08389927975014123,0.01706359549393741,0.08389985858125047,0.01706097719329373,0.20268933210286094,0.00838408207294731
pool_256,11,16,40592,submit/data/raw/sensitivity/pool_256/pure_p_p4_k3_d1_neumann_stratified_breakpoint_lbfgs_seed0201_20260907T084328+0800/states/accepted_0011.npz,af5377939e633b574e30414065cc5cf1b0dfc8ba8b0152f762a471ce59ddd3fe,0.009507278551000057,0.00950727855098421,ok,0.009507278550999984,0.004081858555597765,0.00577261972901501,0.05532747724428273,0.011252607819852925,0.055327932726722796,0.011250896179861455,0.1589111974504672,0.006573234555131512
pool_256,12,16,40592,submit/data/raw/sensitivity/pool_256/pure_p_p4_k3_d1_neumann_stratified_breakpoint_lbfgs_seed0201_20260907T084328+0800/states/accepted_0012.npz,abc78c21252224b388e286985a53acc863a6c347908490018fbdb6a3af49315e,0.0025344025419873875,0.002534402541982672,ok,0.0025344025419872943,0.0014682517996028601,0.002076421607977068,0.03014673315526586,0.006131300072623831,0.03014678148168175,0.006130326796821596,0.08216967764539064,0.003398882980861404
pool_256,13,16,40592,submit/data/raw/sensitivity/pool_256/pure_p_p4_k3_d1_neumann_stratified_breakpoint_lbfgs_seed0201_20260907T084328+0800/states/accepted_0013.npz,0bc91d5fd1188803452ed72f302ec829e02acc19a6f3bdb1817e284288e229bb,0.0012785892593092918,0.0012785892593001336,ok,0.0012785892593092265,0.002221130074725343,0.003141152275471346,0.03122935160712944,0.006351485077690478,0.03122956472057893,0.0063505100063822595,0.05838448980049521,0.0024150277135754484
pool_256,14,16,40592,submit/data/raw/sensitivity/pool_256/pure_p_p4_k3_d1_neumann_stratified_breakpoint_lbfgs_seed0201_20260907T084328+0800/states/accepted_0014.npz,d6cc57b7b3a521084619c98ba452d2a54d8ab64eafdb724890d16d1d3e0c4f92,0.0012382323468395952,0.0012382323468500545,ok,0.0012382323468396873,0.0022247242132450284,0.0031462351549109324,0.02950375972237724,0.006000530909827278,0.029504012894083775,0.00599962025691778,0.05746377825588475,0.002376943217092887
pool_256,15,16,40592,submit/data/raw/sensitivity/pool_256/pure_p_p4_k3_d1_neumann_stratified_breakpoint_lbfgs_seed0201_20260907T084328+0800/states/accepted_0015.npz,f23e97dfb1bc035d183a55326e9bc803b6d6ffc506088b64d1783f60b4fe0151,0.0011831893355890132,0.0011831893356202272,ok,0.0011831893355889315,0.0022637881136504975,0.003201479852663539,0.03063020734288562,0.0062296299747859486,0.03063045046832655,0.006228680544846798,0.056166780323870444,0.0023232939352208024
pool_256,16,16,40592,submit/data/raw/sensitivity/pool_256/pure_p_p4_k3_d1_neumann_stratified_breakpoint_lbfgs_seed0201_20260907T084328+0800/states/accepted_0016.npz,ed4a39dd4e903fa78b1d687449507ad2cad51b3304564cd8ce5eefa126996325,0.0011735517780073021,0.0011735517780380178,ok,0.0011735517780075454,0.002259328862822729,0.0031951735196648853,0.029698598170286812,0.006040157524879238,0.029698862011325974,0.0060392426877730505,0.05594145986772498,0.0023139737348065116
pool_256,17,16,40592,submit/data/raw/sensitivity/pool_256/pure_p_p4_k3_d1_neumann_stratified_breakpoint_lbfgs_seed0201_20260907T084328+0800/states/accepted_0017.npz,58b6f508c2d7ec957b99fe71b88db58599810ffb75b03f5c9684b5985b06931c,0.00042954262136889014,0.0004295426214184772,ok,0.00042954262136881576,0.001433797608790789,0.002027696024050047,0.02124976548770033,0.00432181782374049,0.02124988134350008,0.004321148415411898,0.03388379590766824,0.0014015761110146602
pool_256,18,16,40592,submit/data/raw/sensitivity/pool_256/pure_p_p4_k3_d1_neumann_stratified_breakpoint_lbfgs_seed0201_20260907T084328+0800/states/accepted_0018.npz,621a6aa1d3ff1d692d0f70502433660bb7ddf45e506a294c047eb8fe3f7d07e7,0.00021168034302530066,0.00021168034299989813,ok,0.00021168034302528592,0.00035216146691059583,0.0004980315226501685,0.00615488928680129,0.001251793119234368,0.00615490773381316,0.0012515961558114037,0.023758882871944775,0.0009827671831235734
pool_256,19,16,40592,submit/data/raw/sensitivity/pool_256/pure_p_p4_k3_d1_neumann_stratified_breakpoint_lbfgs_seed0201_20260907T084328+0800/states/accepted_0019.npz,e0710a75ccb48cce77fd805d820e246e56807832654f8874558697c0e8d69dfd,4.876724703944411e-05,4.876724710811686e-05,ok,4.8767247039039604e-05,0.00013072462626492566,0.00018487253940001198,0.0034424431803045403,0.0007001306580284586,0.0034424453103127734,0.0007000188310392719,0.011403684600885962,0.00047170429067926157
pool_256,20,16,40592,submit/data/raw/sensitivity/pool_256/pure_p_p4_k3_d1_neumann_stratified_breakpoint_lbfgs_seed0201_20260907T084328+0800/states/accepted_0020.npz,f20d4ae9fb08eff2a82981f1a5ddc87e94a8c0dbdf0b4336f09c785fe8cc942a,4.591773988076767e-05,4.591773989659487e-05,ok,4.5917739880691505e-05,0.00012963426072381735,0.00018333052966383232,0.0029309130875768614,0.000596094692388757,0.0029309163665361205,0.0005959997803393055,0.011065387839169707,0.00045771091576497644
pool_256,21,16,40592,submit/data/raw/sensitivity/pool_256/pure_p_p4_k3_d1_neumann_stratified_breakpoint_lbfgs_seed0201_20260907T084328+0800/states/accepted_0021.npz,590ecc132ced7d6636207d6691710c937aada0e65d3ce2410fa90243a4fb2e1d,3.725020521414007e-05,3.7250205309646844e-05,ok,3.7250205214233475e-05,0.00012613884479816098,0.0001783872650556342,0.0033354865291768186,0.0006783776103781712,0.003335488513928393,0.0006782692417713173,0.009966362292695055,0.00041225060324476373
pool_256,22,16,40592,submit/data/raw/sensitivity/pool_256/pure_p_p4_k3_d1_neumann_stratified_breakpoint_lbfgs_seed0201_20260907T084328+0800/states/accepted_0022.npz,87541bb059195774ac14fe38e470838e8a8c5ab524d71f3d44eff950a695ec4a,3.6803947724260716e-05,3.680394775074092e-05,ok,3.6803947724405376e-05,0.0001270130992495377,0.00017962364755773618,0.002716742890452709,0.0005525363493199391,0.0027167466332130574,0.000552448515801952,0.009906537272701998,0.00040977598915218304
pool_256,23,16,40592,submit/data/raw/sensitivity/pool_256/pure_p_p4_k3_d1_neumann_stratified_breakpoint_lbfgs_seed0201_20260907T084328+0800/states/accepted_0023.npz,5d928102248515a87b7825c75cf84f27274492fc9daacc9533b6002c03be4613,3.3692641609408806e-05,3.36926416366623e-05,ok,3.369264160950279e-05,0.00012461525272380996,0.0001762325804805628,0.0026944187130054295,0.0005479960155431809,0.002694422271374189,0.0005479088725340326,0.009478531494461411,0.00039207187253570663
pool_256,24,16,40592,submit/data/raw/sensitivity/pool_256/pure_p_p4_k3_d1_neumann_stratified_breakpoint_lbfgs_seed0201_20260907T084328+0800/states/accepted_0024.npz,7a12323f8d3d56adb7d97f40f6e4e5e96cc23e0eb08068f116798e47509bd9c7,3.158159229193831e-05,3.158159233862534e-05,ok,3.158159229204295e-05,0.00012415488946126437,0.0001755815285110525,0.0026922139935403977,0.0005475476154944445,0.002692217506938771,0.0005474605352378162,0.009176766309526935,0.00037958959707009486
pool_256,25,16,40592,submit/data/raw/sensitivity/pool_256/pure_p_p4_k3_d1_neumann_stratified_breakpoint_lbfgs_seed0201_20260907T084328+0800/states/accepted_0025.npz,bc3d3ac4a2114a56350e1c472b7b2d7309ffaf104b97543c18168ac45a82f8a4,2.897055097275218e-05,2.89705509999294e-05,ok,2.8970550972834237e-05,0.00012143542927016811,0.00017173563102647045,0.002643030508396757,0.0005375445845033263,0.0026430338850569187,0.0005374590803438579,0.008789242033236054,0.00036355996539696154
pool_256,26,16,40592,submit/data/raw/sensitivity/pool_256/pure_p_p4_k3_d1_neumann_stratified_breakpoint_lbfgs_seed0201_20260907T084328+0800/states/accepted_0026.npz,881c141fafa96a9078589b547bb0a2930361ec481cda33c89cdb854d774fb034,9.498330584296479e-06,9.498330541646283e-06,ok,9.498330584191735e-06,7.739145312400687e-05,0.00010944804261973214,0.0022804154603900287,0.0004637952446087714,0.002280416267638035,0.0004637210430540949,0.0050329856788795925,0.00020818542626743078
pool_256,27,16,40592,submit/data/raw/sensitivity/pool_256/pure_p_p4_k3_d1_neumann_stratified_breakpoint_lbfgs_seed0201_20260907T084328+0800/states/accepted_0027.npz,5cc7522917c63a49417fc184c3b8fddff8cc9fb0ba957d443a0afbb72def1b1d,9.362613632460257e-06,9.362613639041228e-06,ok,9.362613632071794e-06,7.758912211090566e-05,0.00010972758878186497,0.0027738236271233454,0.0005641455383850225,0.0027738240849873425,0.0005640551754488137,0.004996856733191005,0.0002066909813318263
pool_256,28,16,40592,submit/data/raw/sensitivity/pool_256/pure_p_p4_k3_d1_neumann_stratified_breakpoint_lbfgs_seed0201_20260907T084328+0800/states/accepted_0028.npz,93c1c154077e3c8cc5366e44460486c2137c13b0bc0ffcb9165e5e0690080187,9.296155258396116e-06,9.296155269566952e-06,ok,9.296155258471124e-06,7.727666145328065e-05,0.00010928570268214367,0.002045339799041542,0.00041598510836366684,0.0020453409059526823,0.0004159186337027715,0.004979156052510578,0.0002059588068358522
pool_256,29,16,40592,submit/data/raw/sensitivity/pool_256/pure_p_p4_k3_d1_neumann_stratified_breakpoint_lbfgs_seed0201_20260907T084328+0800/states/accepted_0029.npz,33e2352b2c6e6b9b33ebc5ba3eaf03137ea66a4da333522d13923db60e1cb9a6,3.0652015911016578e-06,3.0652015539089916e-06,ok,3.065201590956351e-06,3.294868104499323e-05,4.659647159613475e-05,0.0014015876140937417,0.00028505756148840115,0.001401587731220726,0.0002850118786982192,0.0028590670394885525,0.0001182630208627155
pool_256,30,16,40592,submit/data/raw/sensitivity/pool_256/pure_p_p4_k3_d1_neumann_stratified_breakpoint_lbfgs_seed0201_20260907T084328+0800/states/accepted_0030.npz,b421199d333d360993784a27bd37dc662ae10c2cbfe3b9a62f5d8b446a829233,2.895246708004611e-06,2.8952466664122767e-06,ok,2.89524670825968e-06,3.2902708592108686e-05,4.653145672976986e-05,0.0014000668381154062,0.000284748263170126,0.0014000669548376293,0.0002847026298910477,0.002778677190269339,0.00011493775906085756
pool_256,31,16,40592,submit/data/raw/sensitivity/pool_256/pure_p_p4_k3_d1_neumann_stratified_breakpoint_lbfgs_seed0201_20260907T084328+0800/states/accepted_0031.npz,21c832ac274ae3e228b6393e7405f85834538f86cb3c7b20f9631d1e6d2dffd5,2.7875777664934833e-06,2.7875777277586167e-06,ok,2.787577766231364e-06,3.3352469768717824e-05,4.716751508555939e-05,0.0014051254237842231,0.00028577708796911336,0.0014051255453253868,0.00028573129070646807,0.0027265247720312156,0.00011278051600186317
pool_256,32,16,40592,submit/data/raw/sensitivity/pool_256/pure_p_p4_k3_d1_neumann_stratified_breakpoint_lbfgs_seed0201_20260907T084328+0800/states/accepted_0032.npz,f2e865c91f50164d70db686dce158e64749c707a66168bdd64e3e0031f67c124,2.7844901297434483e-06,2.7844901069329353e-06,ok,2.784490129784114e-06,3.338321121263619e-05,4.7210990052475675e-05,0.0013955150991822082,0.00028382252182667945,0.0013955152235526596,0.0002837770385377838,0.002725015098847345,0.00011271806957833619
pool_256,1,20,50740,submit/data/raw/sensitivity/pool_256/pure_p_p4_k3_d1_neumann_stratified_breakpoint_lbfgs_seed0201_20260907T084328+0800/states/accepted_0001.npz,fc693521be5223e933531022361893bd37b645e1444ab1fbbbfa839e6d00edd9,313.9134946582731,313.9134946582731,ok,313.9134946582732,0.6833002786466292,0.966332521235378,4.473807362578124,0.9098914720147354,4.47531500709708,0.9100521569407212,22.53934283842409,0.9323218852571149
pool_256,2,20,50740,submit/data/raw/sensitivity/pool_256/pure_p_p4_k3_d1_neumann_stratified_breakpoint_lbfgs_seed0201_20260907T084328+0800/states/accepted_0002.npz,a68ca9588b9e17bd6295de0b5949a67020c448a2a50daf6eb51138bb552ad727,186.05409597247774,186.05409597247774,ok,186.05409597247774,0.28402093028833175,0.40166625161158215,3.3321526168430524,0.6776995529306573,3.3322263827538277,0.6776058896928763,21.553339291128587,0.8915366373164514
pool_256,3,20,50740,submit/data/raw/sensitivity/pool_256/pure_p_p4_k3_d1_neumann_stratified_breakpoint_lbfgs_seed0201_20260907T084328+0800/states/accepted_0003.npz,07bf666e22501539ae9e229996b5522bd3ec3df8db7f48646cc15760764e323f,108.8906602134024,108.89066021340238,ok,108.89066021340241,0.2925423390838593,0.41371734350074263,2.906336627140278,0.5910962850030024,2.906486197984219,0.5910319227583697,16.517051897811623,0.683214638272658
pool_256,4,20,50740,submit/data/raw/sensitivity/pool_256/pure_p_p4_k3_d1_neumann_stratified_breakpoint_lbfgs_seed0201_20260907T084328+0800/states/accepted_0004.npz,b5dbd9c37a1d4916538adc78a1701a787ff3cdf242ef65784c8ea6535f6f8e8c,30.709514280422788,30.70951428042281,ok,30.709514280422788,0.09630781081518457,0.13619981221729627,1.8097434718197083,0.3680690781004403,1.8097513167569894,0.3680116565491368,8.861490338036795,0.36654845872710545
pool_256,5,20,50740,submit/data/raw/sensitivity/pool_256/pure_p_p4_k3_d1_neumann_stratified_breakpoint_lbfgs_seed0201_20260907T084328+0800/states/accepted_0005.npz,e89fbfb039b10492192e51d2a9c1bc9fdf609c2d5d3e1f9d98020113f4674444,16.99476853432801,16.99476853432799,ok,16.99476853432801,0.12650462417812466,0.17890455521561527,1.5806157644899264,0.3214686480851624,1.5806415442524238,0.3214223455591104,6.594913213576545,0.2727933092133861
pool_256,6,20,50740,submit/data/raw/sensitivity/pool_256/pure_p_p4_k3_d1_neumann_stratified_breakpoint_lbfgs_seed0201_20260907T084328+0800/states/accepted_0006.npz,eda0af341785a0bab349b768b88445c0060b1c56cd3161845f871168e02ab319,0.149568972635945,0.14956897263596147,ok,0.14956897263594493,0.019095830768874885,0.02700558285812431,0.22896267187278263,0.04656686478934531,0.22896588702457224,0.04656005197893713,0.6240626567838655,0.025813852553829723
pool_256,7,20,50740,submit/data/raw/sensitivity/pool_256/pure_p_p4_k3_d1_neumann_stratified_breakpoint_lbfgs_seed0201_20260907T084328+0800/states/accepted_0007.npz,32ad0406cf902786799dffc00323e7889d756363bce4666799861a7c66d6f6a6,0.1268173723464181,0.12681737234640877,ok,0.12681737234641832,0.01815651991006515,0.025677196702311268,0.17515341840980128,0.03562303621706822,0.17515917647033996,0.03561849525720669,0.5749677406263672,0.02378308062242859
pool_256,8,20,50740,submit/data/raw/sensitivity/pool_256/pure_p_p4_k3_d1_neumann_stratified_breakpoint_lbfgs_seed0201_20260907T084328+0800/states/accepted_0008.npz,13ebb8cf8e227de4c6a59e75ad07db9202218e52edeb0dfd2cf200c10668fef2,0.024722042497095757,0.02472204249704646,ok,0.024722042497096038,0.004816982128447082,0.006812241455758682,0.17566965188798342,0.03572802876621002,0.17566968314693376,0.03572230643059451,0.25412326012736774,0.010511605359040586
pool_256,9,20,50740,submit/data/raw/sensitivity/pool_256/pure_p_p4_k3_d1_neumann_stratified_breakpoint_lbfgs_seed0201_20260907T084328+0800/states/accepted_0009.npz,b3ceb83341ef20671ed338a6f2afe51390344658771d58a12836f1717b471777,0.016218756477697605,0.01621875647771276,ok,0.016218756477697518,0.005595708671677761,0.007913527094575426,0.08158071802460128,0.01659204198918551,0.08158123961818502,0.016589487659011748,0.20652535094025598,0.008542755923378526
pool_256,10,20,50740,submit/data/raw/sensitivity/pool_256/pure_p_p4_k3_d1_neumann_stratified_breakpoint_lbfgs_seed0201_20260907T084328+0800/states/accepted_0010.npz,6fd6296c9d046c70d8a37b8ede46beb62786a529f1dfaabf2b978282acde1d58,0.015644458708770383,0.01564445870877762,ok,0.01564445870877069,0.005878624717898946,0.0083136308041544,0.08389927975014122,0.01706359549393741,0.08389985858125046,0.01706097719329373,0.20268933210299397,0.008384082072952813
pool_256,11,20,50740,submit/data/raw/sensitivity/pool_256/pure_p_p4_k3_d1_neumann_stratified_breakpoint_lbfgs_seed0201_20260907T084328+0800/states/accepted_0011.npz,af5377939e633b574e30414065cc5cf1b0dfc8ba8b0152f762a471ce59ddd3fe,0.009507278551000038,0.00950727855098421,ok,0.009507278551000111,0.004081858555597759,0.0057726197290150025,0.05532747724428272,0.011252607819852925,0.05532793272672279,0.011250896179861457,0.1589111974503973,0.006573234555128621
pool_256,12,20,50740,submit/data/raw/sensitivity/pool_256/pure_p_p4_k3_d1_neumann_stratified_breakpoint_lbfgs_seed0201_20260907T084328+0800/states/accepted_0012.npz,abc78c21252224b388e286985a53acc863a6c347908490018fbdb6a3af49315e,0.0025344025419873862,0.0025344025420395155,ok,0.0025344025419874626,0.001468251799602856,0.002076421607977063,0.030146733155265837,0.006131300072623827,0.030146781481681727,0.0061303267968215915,0.08216967765044549,0.0033988829810704937
pool_256,13,20,50740,submit/data/raw/sensitivity/pool_256/pure_p_p4_k3_d1_neumann_stratified_breakpoint_lbfgs_seed0201_20260907T084328+0800/states/accepted_0013.npz,0bc91d5fd1188803452ed72f302ec829e02acc19a6f3bdb1817e284288e229bb,0.0012785892593092855,0.0012785892593001336,ok,0.0012785892593096036,0.0022211300747253366,0.0031411522754713375,0.031229351607129453,0.006351485077690481,0.031229564720578945,0.006350510006382263,0.05838448979607032,0.0024150277133924165
pool_256,14,20,50740,submit/data/raw/sensitivity/pool_256/pure_p_p4_k3_d1_neumann_stratified_breakpoint_lbfgs_seed0201_20260907T084328+0800/states/accepted_0014.npz,d6cc57b7b3a521084619c98ba452d2a54d8ab64eafdb724890d16d1d3e0c4f92,0.0012382323468395932,0.0012382323468500545,ok,0.0012382323468399425,0.0022247242132450236,0.0031462351549109264,0.02950375972237724,0.006000530909827279,0.02950401289408378,0.005999620256917782,0.05746377825252556,0.002376943216953937
pool_256,15,20,50740,submit/data/raw/sensitivity/pool_256/pure_p_p4_k3_d1_neumann_stratified_breakpoint_lbfgs_seed0201_20260907T084328+0800/states/accepted_0015.npz,f23e97dfb1bc035d183a55326e9bc803b6d6ffc506088b64d1783f60b4fe0151,0.0011831893355890072,0.0011831893356202272,ok,0.001183189335589048,0.0022637881136504967,0.003201479852663538,0.030630207342885612,0.0062296299747859486,0.030630450468326544,0.006228680544846798,0.05616678031133587,0.00232329393470232
pool_256,16,20,50740,submit/data/raw/sensitivity/pool_256/pure_p_p4_k3_d1_neumann_stratified_breakpoint_lbfgs_seed0201_20260907T084328+0800/states/accepted_0016.npz,ed4a39dd4e903fa78b1d687449507ad2cad51b3304564cd8ce5eefa126996325,0.0011735517780072974,0.0011735517780380178,ok,0.001173551778007412,0.002259328862822726,0.003195173519664882,0.02969859817028681,0.006040157524879238,0.02969886201132597,0.006039242687773051,0.055941459854908844,0.0023139737342763823
pool_256,17,20,50740,submit/data/raw/sensitivity/pool_256/pure_p_p4_k3_d1_neumann_stratified_breakpoint_lbfgs_seed0201_20260907T084328+0800/states/accepted_0017.npz,58b6f508c2d7ec957b99fe71b88db58599810ffb75b03f5c9684b5985b06931c,0.0004295426213688898,0.0004295426213616338,ok,0.0004295426213689483,0.0014337976087907844,0.002027696024050041,0.021249765487700356,0.004321817823740497,0.02124988134350011,0.004321148415411904,0.03388379591420429,0.0014015761112850186
pool_256,18,20,50740,submit/data/raw/sensitivity/pool_256/pure_p_p4_k3_d1_neumann_stratified_breakpoint_lbfgs_seed0201_20260907T084328+0800/states/accepted_0018.npz,621a6aa1d3ff1d692d0f70502433660bb7ddf45e506a294c047eb8fe3f7d07e7,0.0002116803430253015,0.0002116803429430547,ok,0.0002116803430253649,0.00035216146691059263,0.000498031522650164,0.006154889286801294,0.0012517931192343689,0.006154907733813163,0.0012515961558114048,0.02375888287193694,0.0009827671831232493
pool_256,19,20,50740,submit/data/raw/sensitivity/pool_256/pure_p_p4_k3_d1_neumann_stratified_breakpoint_lbfgs_seed0201_20260907T084328+0800/states/accepted_0019.npz,e0710a75ccb48cce77fd805d820e246e56807832654f8874558697c0e8d69dfd,4.876724703944535e-05,4.876724710811686e-05,ok,4.876724703951154e-05,0.00013072462626492444,0.0001848725394000103,0.003442443180304448,0.00070013065802844,0.0034424453103126806,0.0007000188310392531,0.011403684600884917,0.00047170429067921836
pool_256,20,20,50740,submit/data/raw/sensitivity/pool_256/pure_p_p4_k3_d1_neumann_stratified_breakpoint_lbfgs_seed0201_20260907T084328+0800/states/accepted_0020.npz,f20d4ae9fb08eff2a82981f1a5ddc87e94a8c0dbdf0b4336f09c785fe8cc942a,4.5917739880768415e-05,4.591773989659487e-05,ok,4.591773988091422e-05,0.00012963426072381542,0.0001833305296638296,0.002930913087576833,0.0005960946923887514,0.0029309163665360923,0.0005959997803392998,0.011065387839168479,0.00045771091576492565
pool_256,21,20,50740,submit/data/raw/sensitivity/pool_256/pure_p_p4_k3_d1_neumann_stratified_breakpoint_lbfgs_seed0201_20260907T084328+0800/states/accepted_0021.npz,590ecc132ced7d6636207d6691710c937aada0e65d3ce2410fa90243a4fb2e1d,3.725020521413993e-05,3.7250205252803426e-05,ok,3.72502052143482e-05,0.00012613884479816123,0.00017838726505563454,0.0033354865291767245,0.0006783776103781521,0.003335488513928299,0.0006782692417712983,0.009966362292693683,0.00041225060324470697
pool_256,22,20,50740,submit/data/raw/sensitivity/pool_256/pure_p_p4_k3_d1_neumann_stratified_breakpoint_lbfgs_seed0201_20260907T084328+0800/states/accepted_0022.npz,87541bb059195774ac14fe38e470838e8a8c5ab524d71f3d44eff950a695ec4a,3.6803947724260946e-05,3.68039476938975e-05,ok,3.680394772463814e-05,0.00012701309924953644,0.00017962364755773444,0.002716742890452666,0.0005525363493199306,0.0027167466332130145,0.0005524485158019435,0.009906537272705096,0.0004097759891523112
pool_256,23,20,50740,submit/data/raw/sensitivity/pool_256/pure_p_p4_k3_d1_neumann_stratified_breakpoint_lbfgs_seed0201_20260907T084328+0800/states/accepted_0023.npz,5d928102248515a87b7825c75cf84f27274492fc9daacc9533b6002c03be4613,3.369264160940916e-05,3.36926416366623e-05,ok,3.369264160949752e-05,0.00012461525272380676,0.0001762325804805583,0.0026944187130054052,0.0005479960155431762,0.0026944222713741646,0.0005479088725340277,0.009478531494464903,0.00039207187253585105
pool_256,24,20,50740,submit/data/raw/sensitivity/pool_256/pure_p_p4_k3_d1_neumann_stratified_breakpoint_lbfgs_seed0201_20260907T084328+0800/states/accepted_0024.npz,7a12323f8d3d56adb7d97f40f6e4e5e96cc23e0eb08068f116798e47509bd9c7,3.158159229193819e-05,3.158159233862534e-05,ok,3.158159229214992e-05,0.0001241548894612603,0.0001755815285110468,0.002692213993540375,0.00054754761549444,0.002692217506938749,0.0005474605352378119,0.00917676630953125,0.0003795895970702734
pool_256,25,20,50740,submit/data/raw/sensitivity/pool_256/pure_p_p4_k3_d1_neumann_stratified_breakpoint_lbfgs_seed0201_20260907T084328+0800/states/accepted_0025.npz,bc3d3ac4a2114a56350e1c472b7b2d7309ffaf104b97543c18168ac45a82f8a4,2.897055097275285e-05,2.8970550943085982e-05,ok,2.8970550972908216e-05,0.00012143542927016619,0.00017173563102646774,0.002643030508396735,0.0005375445845033219,0.0026430338850568966,0.0005374590803438534,0.008789242033235448,0.0003635599653969365
pool_256,26,20,50740,submit/data/raw/sensitivity/pool_256/pure_p_p4_k3_d1_neumann_stratified_breakpoint_lbfgs_seed0201_20260907T084328+0800/states/accepted_0026.npz,881c141fafa96a9078589b547bb0a2930361ec481cda33c89cdb854d774fb034,9.498330584296712e-06,9.498330541646283e-06,ok,9.498330584329669e-06,7.739145312400211e-05,0.00010944804261972543,0.002280415460390011,0.0004637952446087679,0.0022804162676380176,0.00046372104305409143,0.005032985678882858,0.00020818542626756584
pool_256,27,20,50740,submit/data/raw/sensitivity/pool_256/pure_p_p4_k3_d1_neumann_stratified_breakpoint_lbfgs_seed0201_20260907T084328+0800/states/accepted_0027.npz,5cc7522917c63a49417fc184c3b8fddff8cc9fb0ba957d443a0afbb72def1b1d,9.362613632460555e-06,9.362613639041228e-06,ok,9.362613632476516e-06,7.758912211090179e-05,0.0001097275887818595,0.0027738236271232447,0.0005641455383850021,0.0027738240849872415,0.0005640551754487933,0.004996856733204417,0.0002066909813323811
pool_256,28,20,50740,submit/data/raw/sensitivity/pool_256/pure_p_p4_k3_d1_neumann_stratified_breakpoint_lbfgs_seed0201_20260907T084328+0800/states/accepted_0028.npz,93c1c154077e3c8cc5366e44460486c2137c13b0bc0ffcb9165e5e0690080187,9.296155258396153e-06,9.296155326410371e-06,ok,9.2961552583343e-06,7.727666145327735e-05,0.000109285702682139,0.002045339799041554,0.0004159851083636694,0.002045340905952695,0.00041591863370277416,0.0049791560525132205,0.00020595880683596152
pool_256,29,20,50740,submit/data/raw/sensitivity/pool_256/pure_p_p4_k3_d1_neumann_stratified_breakpoint_lbfgs_seed0201_20260907T084328+0800/states/accepted_0029.npz,33e2352b2c6e6b9b33ebc5ba3eaf03137ea66a4da333522d13923db60e1cb9a6,3.0652015911016917e-06,3.0652016107524105e-06,ok,3.0652015911563587e-06,3.2948681044991795e-05,4.659647159613272e-05,0.0014015876140937424,0.00028505756148840137,0.001401587731220727,0.00028501187869821944,0.0028590670394912083,0.00011826302086282536
pool_256,30,20,50740,submit/data/raw/sensitivity/pool_256/pure_p_p4_k3_d1_neumann_stratified_breakpoint_lbfgs_seed0201_20260907T084328+0800/states/accepted_0030.npz,b421199d333d360993784a27bd37dc662ae10c2cbfe3b9a62f5d8b446a829233,2.895246708004537e-06,2.8952466664122767e-06,ok,2.8952467082855393e-06,3.290270859210416e-05,4.653145672976347e-05,0.0014000668381154335,0.00028474826317013166,0.0014000669548376566,0.0002847026298910533,0.0027786771902721967,0.00011493775906097575
pool_256,31,20,50740,submit/data/raw/sensitivity/pool_256/pure_p_p4_k3_d1_neumann_stratified_breakpoint_lbfgs_seed0201_20260907T084328+0800/states/accepted_0031.npz,21c832ac274ae3e228b6393e7405f85834538f86cb3c7b20f9631d1e6d2dffd5,2.7875777664934046e-06,2.7875777846020355e-06,ok,2.7875777666420237e-06,3.3352469768719186e-05,4.716751508556132e-05,0.0014051254237842441,0.0002857770879691177,0.0014051255453254078,0.00028573129070647236,0.002726524772034114,0.00011278051600198306
pool_256,32,20,50740,submit/data/raw/sensitivity/pool_256/pure_p_p4_k3_d1_neumann_stratified_breakpoint_lbfgs_seed0201_20260907T084328+0800/states/accepted_0032.npz,f2e865c91f50164d70db686dce158e64749c707a66168bdd64e3e0031f67c124,2.784490129743619e-06,2.784490163776354e-06,ok,2.78449012980118e-06,3.338321121263394e-05,4.72109900524725e-05,0.0013955150991822275,0.0002838225218266834,0.001395515223552679,0.00028377703853778774,0.002725015098847651,0.00011271806957834883
quadrature_10,1,16,40592,submit/data/raw/sensitivity/quadrature_10/pure_p_p4_k3_d1_neumann_stratified_breakpoint_lbfgs_seed0201_20260907T084335+0800/states/accepted_0001.npz,a734a9fbf5e67d457a14cdbf71d0cc0ae0af41409e3158e28fd19cb2891745c7,313.91278600732255,313.91278600732255,ok,313.91278600732255,0.6829109672582553,0.9657819517899532,4.472850098484402,0.909696781818052,4.474355416915952,0.9098570249527536,22.542898760781227,0.9324689731407148
quadrature_10,2,16,40592,submit/data/raw/sensitivity/quadrature_10/pure_p_p4_k3_d1_neumann_stratified_breakpoint_lbfgs_seed0201_20260907T084335+0800/states/accepted_0002.npz,ffb0a17a32910c517b502447f5843ff870435fe5a54f4348f6aaefdfba860fc6,186.0723533281631,186.07235332816313,ok,186.0723533281631,0.2838524217697621,0.4014279445792455,3.3321865662149746,0.6777064576186531,3.3322600820383146,0.6776127424186588,21.55519453764385,0.891613378104376
quadrature_10,3,16,40592,submit/data/raw/sensitivity/quadrature_10/pure_p_p4_k3_d1_neumann_stratified_breakpoint_lbfgs_seed0201_20260907T084335+0800/states/accepted_0003.npz,f6c926ea5b911feb20d5f1fe6d9bc9de9925ee48c349cdee01dbb370f061d2f2,109.73460941639983,109.73460941639985,ok,109.73460941639983,0.2913875594365876,0.4120842384620185,2.9081146825887254,0.5914579093104868,2.908262036851546,0.5913930383421949,16.57815014396934,0.6857419183469713
quadrature_10,4,16,40592,submit/data/raw/sensitivity/quadrature_10/pure_p_p4_k3_d1_neumann_stratified_breakpoint_lbfgs_seed0201_20260907T084335+0800/states/accepted_0004.npz,4d068fad78d760d131fcba6888a54c5d6ffda45e203a5f378530dc74e1b50589,30.875323513675006,30.875323513675028,ok,30.875323513675006,0.0987573381704671,0.1396639670245407,1.8108233823463196,0.3682887123625056,1.8108319317492791,0.3682313988472758,8.881078545583705,0.36735870926190856
quadrature_10,5,16,40592,submit/data/raw/sensitivity/quadrature_10/pure_p_p4_k3_d1_neumann_stratified_breakpoint_lbfgs_seed0201_20260907T084335+0800/states/accepted_0005.npz,d0008899f3394b2c88d8eaa2e005140326a28a25f296974970a01005a711e86d,16.16108758208065,16.161087582080654,ok,16.161087582080647,0.12473606980172493,0.17640344163071645,1.566458478009497,0.31858931216579256,1.5664834186833179,0.318543300689203,6.4315020509765795,0.2660339371997738
quadrature_10,6,16,40592,submit/data/raw/sensitivity/quadrature_10/pure_p_p4_k3_d1_neumann_stratified_breakpoint_lbfgs_seed0201_20260907T084335+0800/states/accepted_0006.npz,c67526a94bf1ce3656f8726c6aa99b670d4dabb285dc987240c32598b4441927,0.13120674580578048,0.13120674580574132,ok,0.13120674580578057,0.017799751201491167,0.0251726495560156,0.22378456249036008,0.045513731029578175,0.22378716502483856,0.045506962505105636,0.5846590139199744,0.024183952389294598
quadrature_10,7,16,40592,submit/data/raw/sensitivity/quadrature_10/pure_p_p4_k3_d1_neumann_stratified_breakpoint_lbfgs_seed0201_20260907T084335+0800/states/accepted_0007.npz,14ee7a4f20185ee09f7d36ff16af8cc8c0e7b18de8bce1c5d26f64a4e9e94571,0.1082948814762876,0.10829488147624033,ok,0.10829488147628746,0.016801679802877084,0.02376116344787888,0.16612139017597635,0.033786085092686824,0.16612633818118847,0.03378167394847133,0.5315034628674282,0.021985215543928092
quadrature_10,8,16,40592,submit/data/raw/sensitivity/quadrature_10/pure_p_p4_k3_d1_neumann_stratified_breakpoint_lbfgs_seed0201_20260907T084335+0800/states/accepted_0008.npz,800ed9ae90f553e0c8250613f3f340193109b842ca788574fb1ccd113eb0b0bf,0.023071815389890178,0.023071815389869244,ok,0.023071815389890397,0.004234528787638094,0.005988528041737092,0.17241104816361028,0.03506528772727222,0.17241106937750914,0.035059669614013134,0.24558584885176282,0.010158462171470888
quadrature_10,9,16,40592,submit/data/raw/sensitivity/quadrature_10/pure_p_p4_k3_d1_neumann_stratified_breakpoint_lbfgs_seed0201_20260907T084335+0800/states/accepted_0009.npz,95339b50a8a1f42e4f8bd360d22ecdcaad45ede940b9d7ba86d26c0e0ef458c9,0.014561736063628882,0.01456173606362654,ok,0.014561736063628766,0.005002630698616668,0.007074788181527683,0.07548141409101465,0.015351553925077565,0.07548183943734531,0.015349178925030956,0.1958354836908495,0.008100578116396296
quadrature_10,10,16,40592,submit/data/raw/sensitivity/quadrature_10/pure_p_p4_k3_d1_neumann_stratified_breakpoint_lbfgs_seed0201_20260907T084335+0800/states/accepted_0010.npz,f00010b81484b67c059c5c2affc9dfd997f700c654f15948093bc664b58c9de2,0.013898273503997135,0.013898273503968994,ok,0.013898273503997092,0.005325708905787106,0.007531689763815301,0.07808232304134974,0.01588053174678532,0.07808280967112834,0.015878084391492908,0.19116909807352736,0.007907556808398719
quadrature_10,11,16,40592,submit/data/raw/sensitivity/quadrature_10/pure_p_p4_k3_d1_neumann_stratified_breakpoint_lbfgs_seed0201_20260907T084335+0800/states/accepted_0011.npz,e81cfd37603bbc547aa2f07392c10c2db84b8c50f2588211b591c6f0abe2ce5f,0.00896581109127261,0.008965811091343312,ok,0.00896581109127258,0.0035796294436971294,0.005062360507546537,0.050923641866691086,0.01035694738356666,0.05092399122682956,0.010355357775377551,0.15434892688066493,0.006384519882783572
quadrature_10,12,16,40592,submit/data/raw/sensitivity/quadrature_10/pure_p_p4_k3_d1_neumann_stratified_breakpoint_lbfgs_seed0201_20260907T084335+0800/states/accepted_0012.npz,5e05d979f8185e643be5cc9eb2d45d709ed8b391229936ded280484615b188e9,0.0026420787907529284,0.002642078790756841,ok,0.002642078790752923,0.0010520609699525688,0.001487838892150316,0.02832313200410251,0.005760412593274789,0.028323148831211238,0.005759492380831577,0.0839000184912013,0.0034704571456925723
quadrature_10,13,16,40592,submit/data/raw/sensitivity/quadrature_10/pure_p_p4_k3_d1_neumann_stratified_breakpoint_lbfgs_seed0201_20260907T084335+0800/states/accepted_0013.npz,3a21065762917c12d9db91ead642e071b63238babc5de75f4db98768ded637b8,0.0010944103671943737,0.0010944103672159144,ok,0.0010944103671944,0.0018927519546543571,0.002676755484480377,0.0275957055773562,0.005612467219553288,0.027595869234287248,0.005611600586660651,0.05400620324614382,0.002233923392841217
quadrature_10,14,16,40592,submit/data/raw/sensitivity/quadrature_10/pure_p_p4_k3_d1_neumann_stratified_breakpoint_lbfgs_seed0201_20260907T084335+0800/states/accepted_0014.npz,c7c8c704c18f7f10fa2a1cf0ec1149e5d8112a67bd2506f31b06f2ef853f1b1b,0.0010582941181861742,0.001058294118138292,ok,0.0010582941181860714,0.001896139340700475,0.0026815459717677904,0.025600542209102586,0.005206687089359214,0.025600747526151182,0.005205893991489328,0.05311457370947083,0.002197041850351666
quadrature_10,15,16,40592,submit/data/raw/sensitivity/quadrature_10/pure_p_p4_k3_d1_neumann_stratified_breakpoint_lbfgs_seed0201_20260907T084335+0800/states/accepted_0015.npz,d1c26c773f6032d3d92305c7dc0fbe8c983d0d69f6c6d1e4e68eadbe12ae12cd,0.0010200194579291072,0.0010200194579965682,ok,0.0010200194579291788,0.001930582333393669,0.0027302557191632225,0.027184844723251087,0.005528905555619797,0.027185029685186893,0.005528056653502334,0.05213950524703123,0.002156708923448106
quadrature_10,16,16,40592,submit/data/raw/sensitivity/quadrature_10/pure_p_p4_k3_d1_neumann_stratified_breakpoint_lbfgs_seed0201_20260907T084335+0800/states/accepted_0016.npz,80a350ef43adc29ef914db2f1261e8502450de91c9ef3894bd97471fdc231922,0.0010081003586898244,0.001008100358660613,ok,0.0010081003586896264,0.0019254720791229234,0.0027230287282663593,0.025296061287430862,0.005144761178928275,0.02529628717518008,0.005143982193400302,0.05183928636512071,0.0021442906095700525
quadrature_10,17,16,40592,submit/data/raw/sensitivity/quadrature_10/pure_p_p4_k3_d1_neumann_stratified_breakpoint_lbfgs_seed0201_20260907T084335+0800/states/accepted_0017.npz,11239588c2291bf56d6ef036fe176b06cc55cb2c1031a4d3bddde887939f070f,0.0003128771920256193,0.0003128771920728468,ok,0.000312877192025276,0.001077720550916055,0.0015241270195536887,0.016183603681879186,0.0032914521755631363,0.016183687659588455,0.003290941495404754,0.02890582571130909,0.0011956663561698384
quadrature_10,18,16,40592,submit/data/raw/sensitivity/quadrature_10/pure_p_p4_k3_d1_neumann_stratified_breakpoint_lbfgs_seed0201_20260907T084335+0800/states/accepted_0018.npz,f9acd485485c93778d36c9b45bb427cc072ba08da070f9a8aecdc12433541a65,0.0002823619190828439,0.00028236191911901187,ok,0.00028236191908273886,0.0011882070297200514,0.0016803784963371478,0.01763543418911649,0.0035867282324617486,0.017635529934642673,0.0035861726002220764,0.02747408795685986,0.0011364436693332765
quadrature_10,19,16,40592,submit/data/raw/sensitivity/quadrature_10/pure_p_p4_k3_d1_neumann_stratified_breakpoint_lbfgs_seed0201_20260907T084335+0800/states/accepted_0019.npz,507568f01421929113d60013ee04484ecaa90b96789bee8f524c01efdb8dae6c,4.349407308523077e-05,4.3494073167948955e-05,ok,4.349407308509775e-05,0.00016782991130483193,0.0002373473367391669,0.0040190741524141265,0.0008174069646505941,0.004019077588792441,0.0008172765990309945,0.010769390651183177,0.00044546722887877526
quadrature_10,20,16,40592,submit/data/raw/sensitivity/quadrature_10/pure_p_p4_k3_d1_neumann_stratified_breakpoint_lbfgs_seed0201_20260907T084335+0800/states/accepted_0020.npz,a9bfda2351bc02d3534791f2eab5e4c53cb86d5e2901acb54c33a7b4d16f60bb,4.0973943119378196e-05,4.097394310065283e-05,ok,4.0973943119469445e-05,0.0001668652237831993,0.000235983062562622,0.0036953821143876782,0.0007515738607438562,0.0036953863770265304,0.0007514542189341352,0.010452599443454415,0.00043236341400094947
quadrature_10,21,16,40592,submit/data/raw/sensitivity/quadrature_10/pure_p_p4_k3_d1_neumann_stratified_breakpoint_lbfgs_seed0201_20260907T084335+0800/states/accepted_0021.npz,5b47505d294619640695d930c675d0308f55c436d3dfa6765f9af6f03a190e9c,3.435992659158592e-05,3.4359926644356165e-05,ok,3.435992659144396e-05,0.00016342679247760808,0.00023112038637696663,0.004211810982197789,0.0008566061486007609,0.0042118136329874975,0.0008564693379693216,0.009571729171148556,0.0003959269198746386
quadrature_10,22,16,40592,submit/data/raw/sensitivity/quadrature_10/pure_p_p4_k3_d1_neumann_stratified_breakpoint_lbfgs_seed0201_20260907T084335+0800/states/accepted_0022.npz,d0f83647b4a9be0256243e0cf885b00cb8581f2f611c2b94f3c6f2cdb7a2110a,3.384829763736411e-05,3.384829767583142e-05,ok,3.3848297637220966e-05,0.00016416545287901331,0.0002321650099346219,0.0032836289967825105,0.000667830726558364,0.003283634642507589,0.0006677247935129501,0.009500317572421327,0.0003929730362218688
quadrature_10,23,16,40592,submit/data/raw/sensitivity/quadrature_10/pure_p_p4_k3_d1_neumann_stratified_breakpoint_lbfgs_seed0201_20260907T084335+0800/states/accepted_0023.npz,da6d6c2116fd622917bd1fc442f94e694ef7f242c23ec7008997cfe0da859543,3.0975690659217704e-05,3.097569071996986e-05,ok,3.097569065933616e-05,0.0001588336548693385,0.00022462470887750586,0.0032371559049833762,0.000658378940533804,0.0032371610701677675,0.0006582744252860152,0.009088213292073615,0.000375926672344688
quadrature_10,24,16,40592,submit/data/raw/sensitivity/quadrature_10/pure_p_p4_k3_d1_neumann_stratified_breakpoint_lbfgs_seed0201_20260907T084335+0800/states/accepted_0024.npz,173a2983c21ef6d16ad1693546a316cd30208e803a4a6f4eb1ba26ea94f21f1b,2.9117354991243425e-05,2.911735492716616e-05,ok,2.911735499142278e-05,0.00015844007001711345,0.00022406809584154462,0.003236119673354833,0.0006581681897693141,0.003236124789587511,0.0006580636983593603,0.008811356875665269,0.0003644747281623879
quadrature_10,25,16,40592,submit/data/raw/sensitivity/quadrature_10/pure_p_p4_k3_d1_neumann_stratified_breakpoint_lbfgs_seed0201_20260907T084335+0800/states/accepted_0025.npz,82c4e73702d02fca0353de9267cf649da776831bd879a1c61edae18d0cf7cc8e,2.69470264784226e-05,2.6947026469770208e-05,ok,2.6947026478401186e-05,0.0001547537089457588,0.00021885479401863065,0.003209616777187676,0.0006527779802113659,0.0032096215386119456,0.0006526742809266196,0.008476627434038878,0.0003506289125897988
quadrature_10,26,16,40592,submit/data/raw/sensitivity/quadrature_10/pure_p_p4_k3_d1_neumann_stratified_breakpoint_lbfgs_seed0201_20260907T084335+0800/states/accepted_0026.npz,92cc760f7c4605c1e7a309403706df4378b96326fc167860f718ce97f8063c64,2.6893360740484215e-05,2.6893360768553976e-05,ok,2.689336074041052e-05,0.0001544490760026207,0.00021842397797889912,0.0027773442668603708,0.0005648615728078612,0.002777351537231711,0.0005647724803800649,0.008468223061262353,0.000350281272433314
quadrature_10,27,16,40592,submit/data/raw/sensitivity/quadrature_10/pure_p_p4_k3_d1_neumann_stratified_breakpoint_lbfgs_seed0201_20260907T084335+0800/states/accepted_0027.npz,79c53a74d771743da84f726db89b5b2fcc3c955fcb915b5cb162d175927a09be,1.1996961366935595e-05,1.1996961404747708e-05,ok,1.1996961367007266e-05,0.00010045482576365178,0.00014206457700078254,0.0022838174320505187,0.0004644871440919293,0.0022838197245264665,0.0004644131336169849,0.005656478904809346,0.00023397572476951926
quadrature_10,28,16,40592,submit/data/raw/sensitivity/quadrature_10/pure_p_p4_k3_d1_neumann_stratified_breakpoint_lbfgs_seed0201_20260907T084335+0800/states/accepted_0028.npz,1affe250247d3726b0dd0d1dfa4c68db48e9f0caea2532a8fcff619e807896b7,4.276725732290196e-06,4.276725860563602e-06,ok,4.276725732285813e-06,5.462093808007019e-05,7.72456714223763e-05,0.0016013248255263386,0.00032568049640658973,0.0016013254095854387,0.00032562839501715544,0.003377192182533468,0.00013969485290971065
quadrature_10,29,16,40592,submit/data/raw/sensitivity/quadrature_10/pure_p_p4_k3_d1_neumann_stratified_breakpoint_lbfgs_seed0201_20260907T084335+0800/states/accepted_0029.npz,d1a868af9518c4533cfccf02be7396d94966390682875dd0c074c7fa8c5a6d07,3.39593885736506e-06,3.395938847461366e-06,ok,3.395938857155845e-06,5.4363888247822444e-05,7.688214806340582e-05,0.0016034287187603944,0.00032610839022421576,0.0016034292887201242,0.00032605621735847147,0.003009425773436699,0.00012448248960696085
quadrature_10,30,16,40592,submit/data/raw/sensitivity/quadrature_10/pure_p_p4_k3_d1_neumann_stratified_breakpoint_lbfgs_seed0201_20260907T084335+0800/states/accepted_0030.npz,09cce1c04706add3b99649b72bf66cd90034644d7ebfd522abf775544f758430,3.295450001067863e-06,3.29545002841769e-06,ok,3.295450001011375e-06,5.4327255209024246e-05,7.683034112310645e-05,0.0016038822699092467,0.00032620063432169637,0.0016038828381137228,0.0003261484463084491,0.0029645687157859955,0.00012262701330244784
quadrature_10,31,16,40592,submit/data/raw/sensitivity/quadrature_10/pure_p_p4_k3_d1_neumann_stratified_breakpoint_lbfgs_seed0201_20260907T084335+0800/states/accepted_0031.npz,beb687fd5f8ff5fe2d827b6d7743fd048a3e96bf17871aac2d30f0f9192e189c,3.038718894039038e-06,3.0387188871827675e-06,ok,3.0387188937699767e-06,5.4329287897153235e-05,7.683321577822655e-05,0.0016076811879191652,0.00032697326551029457,0.0016076817516451666,0.000326920952701371,0.002846763001062317,0.00011775407415632493
quadrature_10,32,16,40592,submit/data/raw/sensitivity/quadrature_10/pure_p_p4_k3_d1_neumann_stratified_breakpoint_lbfgs_seed0201_20260907T084335+0800/states/accepted_0032.npz,bed50b8afb9505c408cc3b0ed400a4e0617d4369058c96f3580ec69c9ee02c52,3.0099837555538728e-06,3.009983743140765e-06,ok,3.0099837554728706e-06,5.434906574294082e-05,7.686118587597387e-05,0.001603558762723698,0.000326134838813439,0.0016035593312629726,0.00032608266141803503,0.0028332716669287315,0.0001171960159128248
quadrature_10,1,20,50740,submit/data/raw/sensitivity/quadrature_10/pure_p_p4_k3_d1_neumann_stratified_breakpoint_lbfgs_seed0201_20260907T084335+0800/states/accepted_0001.npz,a734a9fbf5e67d457a14cdbf71d0cc0ae0af41409e3158e28fd19cb2891745c7,313.91278600732244,313.91278600732244,ok,313.91278600732244,0.6829109672582552,0.9657819517899532,4.472850098484401,0.909696781818052,4.474355416915952,0.9098570249527537,22.542898760781224,0.9324689731407145
quadrature_10,2,20,50740,submit/data/raw/sensitivity/quadrature_10/pure_p_p4_k3_d1_neumann_stratified_breakpoint_lbfgs_seed0201_20260907T084335+0800/states/accepted_0002.npz,ffb0a17a32910c517b502447f5843ff870435fe5a54f4348f6aaefdfba860fc6,186.07235332816305,186.07235332816308,ok,186.07235332816308,0.28385242176976205,0.4014279445792455,3.3321865662149746,0.6777064576186532,3.332260082038314,0.6776127424186588,21.555194537643846,0.8916133781043759
quadrature_10,3,20,50740,submit/data/raw/sensitivity/quadrature_10/pure_p_p4_k3_d1_neumann_stratified_breakpoint_lbfgs_seed0201_20260907T084335+0800/states/accepted_0003.npz,f6c926ea5b911feb20d5f1fe6d9bc9de9925ee48c349cdee01dbb370f061d2f2,109.7346094163998,109.73460941639985,ok,109.7346094163998,0.2913875594365875,0.4120842384620184,2.9081146825887254,0.5914579093104869,2.9082620368515455,0.5913930383421949,16.578150143969374,0.6857419183469727
quadrature_10,4,20,50740,submit/data/raw/sensitivity/quadrature_10/pure_p_p4_k3_d1_neumann_stratified_breakpoint_lbfgs_seed0201_20260907T084335+0800/states/accepted_0004.npz,4d068fad78d760d131fcba6888a54c5d6ffda45e203a5f378530dc74e1b50589,30.875323513675,30.87532351367497,ok,30.875323513675,0.0987573381704671,0.13966396702454073,1.8108233823463193,0.36828871236250565,1.810831931749279,0.3682313988472758,8.881078545574978,0.36735870926154757
quadrature_10,5,20,50740,submit/data/raw/sensitivity/quadrature_10/pure_p_p4_k3_d1_neumann_stratified_breakpoint_lbfgs_seed0201_20260907T084335+0800/states/accepted_0005.npz,d0008899f3394b2c88d8eaa2e005140326a28a25f296974970a01005a711e86d,16.161087582080647,16.161087582080654,ok,16.161087582080643,0.1247360698017249,0.17640344163071642,1.5664584780094968,0.3185893121657926,1.5664834186833176,0.318543300689203,6.431502050989371,0.2660339372003029
quadrature_10,6,20,50740,submit/data/raw/sensitivity/quadrature_10/pure_p_p4_k3_d1_neumann_stratified_breakpoint_lbfgs_seed0201_20260907T084335+0800/states/accepted_0006.npz,c67526a94bf1ce3656f8726c6aa99b670d4dabb285dc987240c32598b4441927,0.13120674580578046,0.13120674580574132,ok,0.1312067458057805,0.01779975120149118,0.025172649556015624,0.22378456249035988,0.04551373102957814,0.2237871650248384,0.04550696250510561,0.5846590139176239,0.024183952389197367
quadrature_10,7,20,50740,submit/data/raw/sensitivity/quadrature_10/pure_p_p4_k3_d1_neumann_stratified_breakpoint_lbfgs_seed0201_20260907T084335+0800/states/accepted_0007.npz,14ee7a4f20185ee09f7d36ff16af8cc8c0e7b18de8bce1c5d26f64a4e9e94571,0.10829488147628756,0.10829488147624033,ok,0.10829488147628774,0.01680167980287711,0.02376116344787892,0.16612139017597632,0.033786085092686824,0.16612633818118844,0.03378167394847133,0.5315034628675078,0.021985215543931385
quadrature_10,8,20,50740,submit/data/raw/sensitivity/quadrature_10/pure_p_p4_k3_d1_neumann_stratified_breakpoint_lbfgs_seed0201_20260907T084335+0800/states/accepted_0008.npz,800ed9ae90f553e0c8250613f3f340193109b842ca788574fb1ccd113eb0b0bf,0.023071815389890227,0.023071815389869244,ok,0.023071815389890345,0.004234528787638082,0.0059885280417370755,0.1724110481636102,0.03506528772727221,0.17241106937750905,0.03505966961401312,0.2455858488518499,0.01015846217147449
quadrature_10,9,20,50740,submit/data/raw/sensitivity/quadrature_10/pure_p_p4_k3_d1_neumann_stratified_breakpoint_lbfgs_seed0201_20260907T084335+0800/states/accepted_0009.npz,95339b50a8a1f42e4f8bd360d22ecdcaad45ede940b9d7ba86d26c0e0ef458c9,0.014561736063628884,0.014561736063683384,ok,0.014561736063629187,0.005002630698616646,0.007074788181527653,0.07548141409101462,0.015351553925077562,0.0754818394373453,0.015349178925030956,0.19583548369049006,0.00810057811638143
quadrature_10,10,20,50740,submit/data/raw/sensitivity/quadrature_10/pure_p_p4_k3_d1_neumann_stratified_breakpoint_lbfgs_seed0201_20260907T084335+0800/states/accepted_0010.npz,f00010b81484b67c059c5c2affc9dfd997f700c654f15948093bc664b58c9de2,0.01389827350399712,0.013898273503968994,ok,0.013898273503997152,0.005325708905787084,0.007531689763815272,0.07808232304134971,0.015880531746785317,0.07808280967112831,0.015878084391492908,0.19116909807329596,0.007907556808389147
quadrature_10,11,20,50740,submit/data/raw/sensitivity/quadrature_10/pure_p_p4_k3_d1_neumann_stratified_breakpoint_lbfgs_seed0201_20260907T084335+0800/states/accepted_0011.npz,e81cfd37603bbc547aa2f07392c10c2db84b8c50f2588211b591c6f0abe2ce5f,0.008965811091272584,0.008965811091343312,ok,0.00896581109127273,0.0035796294436971046,0.005062360507546503,0.05092364186669105,0.010356947383566654,0.05092399122682952,0.010355357775377546,0.15434892688062463,0.006384519882781905
quadrature_10,12,20,50740,submit/data/raw/sensitivity/quadrature_10/pure_p_p4_k3_d1_neumann_stratified_breakpoint_lbfgs_seed0201_20260907T084335+0800/states/accepted_0012.npz,5e05d979f8185e643be5cc9eb2d45d709ed8b391229936ded280484615b188e9,0.0026420787907529115,0.0026420787906999976,ok,0.002642078790752699,0.0010520609699525415,0.0014878388921502775,0.028323132004102438,0.005760412593274775,0.02832314883121117,0.005759492380831564,0.08390001849140503,0.003470457145701
quadrature_10,13,20,50740,submit/data/raw/sensitivity/quadrature_10/pure_p_p4_k3_d1_neumann_stratified_breakpoint_lbfgs_seed0201_20260907T084335+0800/states/accepted_0013.npz,3a21065762917c12d9db91ead642e071b63238babc5de75f4db98768ded637b8,0.001094410367194367,0.0010944103672727579,ok,0.0010944103671944126,0.0018927519546543304,0.00267675548448034,0.027595705577356154,0.00561246721955328,0.0275958692342872,0.005611600586660642,0.05400620324622829,0.002233923392844711
quadrature_10,14,20,50740,submit/data/raw/sensitivity/quadrature_10/pure_p_p4_k3_d1_neumann_stratified_breakpoint_lbfgs_seed0201_20260907T084335+0800/states/accepted_0014.npz,c7c8c704c18f7f10fa2a1cf0ec1149e5d8112a67bd2506f31b06f2ef853f1b1b,0.001058294118186167,0.0010582941181951355,ok,0.0010582941181860482,0.0018961393407004486,0.0026815459717677535,0.02560054220910254,0.0052066870893592064,0.025600747526151137,0.00520589399148932,0.05311457370953356,0.002197041850354261
quadrature_10,15,20,50740,submit/data/raw/sensitivity/quadrature_10/pure_p_p4_k3_d1_neumann_stratified_breakpoint_lbfgs_seed0201_20260907T084335+0800/states/accepted_0015.npz,d1c26c773f6032d3d92305c7dc0fbe8c983d0d69f6c6d1e4e68eadbe12ae12cd,0.0010200194579291044,0.0010200194580534117,ok,0.0010200194579295125,0.0019305823333936386,0.00273025571916318,0.027184844723251028,0.005528905555619786,0.027185029685186834,0.005528056653502323,0.05213950524702239,0.00215670892344774
quadrature_10,16,20,50740,submit/data/raw/sensitivity/quadrature_10/pure_p_p4_k3_d1_neumann_stratified_breakpoint_lbfgs_seed0201_20260907T084335+0800/states/accepted_0016.npz,80a350ef43adc29ef914db2f1261e8502450de91c9ef3894bd97471fdc231922,0.0010081003586898197,0.0010081003587174564,ok,0.0010081003586900619,0.0019254720791228967,0.002723028728266322,0.02529606128743083,0.00514476117892827,0.025296287175180048,0.005143982193400297,0.05183928636511948,0.0021442906095700018
quadrature_10,17,20,50740,submit/data/raw/sensitivity/quadrature_10/pure_p_p4_k3_d1_neumann_stratified_breakpoint_lbfgs_seed0201_20260907T084335+0800/states/accepted_0017.npz,11239588c2291bf56d6ef036fe176b06cc55cb2c1031a4d3bddde887939f070f,0.00031287719202561197,0.0003128771920728468,ok,0.00031287719202591544,0.0010777205509160269,0.0015241270195536492,0.016183603681879176,0.003291452175563135,0.01618368765958844,0.0032909414954047514,0.028905825711222147,0.001195666356166242
quadrature_10,18,20,50740,submit/data/raw/sensitivity/quadrature_10/pure_p_p4_k3_d1_neumann_stratified_breakpoint_lbfgs_seed0201_20260907T084335+0800/states/accepted_0018.npz,f9acd485485c93778d36c9b45bb427cc072ba08da070f9a8aecdc12433541a65,0.00028236191908283866,0.00028236191911901187,ok,0.00028236191908271506,0.0011882070297200222,0.0016803784963371068,0.017635434189116467,0.003586728232461745,0.017635529934642655,0.0035861726002220733,0.02747408795635875,0.0011364436693125485
quadrature_10,19,20,50740,submit/data/raw/sensitivity/quadrature_10/pure_p_p4_k3_d1_neumann_stratified_breakpoint_lbfgs_seed0201_20260907T084335+0800/states/accepted_0019.npz,507568f01421929113d60013ee04484ecaa90b96789bee8f524c01efdb8dae6c,4.349407308523248e-05,4.3494073167948955e-05,ok,4.349407308554195e-05,0.00016782991130480525,0.00023734733673912923,0.0040190741524141,0.0008174069646505888,0.0040190775887924135,0.0008172765990309891,0.010769390651183205,0.0004454672288787764
quadrature_10,20,20,50740,submit/data/raw/sensitivity/quadrature_10/pure_p_p4_k3_d1_neumann_stratified_breakpoint_lbfgs_seed0201_20260907T084335+0800/states/accepted_0020.npz,a9bfda2351bc02d3534791f2eab5e4c53cb86d5e2901acb54c33a7b4d16f60bb,4.097394311937974e-05,4.097394315749625e-05,ok,4.0973943119683074e-05,0.00016686522378317413,0.0002359830625625864,0.0036953821143875763,0.0007515738607438356,0.003695386377026428,0.0007514542189341146,0.010452599443454403,0.000432363414000949
quadrature_10,21,20,50740,submit/data/raw/sensitivity/quadrature_10/pure_p_p4_k3_d1_neumann_stratified_breakpoint_lbfgs_seed0201_20260907T084335+0800/states/accepted_0021.npz,5b47505d294619640695d930c675d0308f55c436d3dfa6765f9af6f03a190e9c,3.435992659158649e-05,3.4359926644356165e-05,ok,3.435992659185908e-05,0.00016342679247758222,0.0002311203863769301,0.004211810982197593,0.0008566061486007211,0.004211813632987301,0.0008564693379692817,0.009571729171065321,0.0003959269198711956
quadrature_10,22,20,50740,submit/data/raw/sensitivity/quadrature_10/pure_p_p4_k3_d1_neumann_stratified_breakpoint_lbfgs_seed0201_20260907T084335+0800/states/accepted_0022.npz,d0f83647b4a9be0256243e0cf885b00cb8581f2f611c2b94f3c6f2cdb7a2110a,3.3848297637364474e-05,3.384829767583142e-05,ok,3.3848297637577804e-05,0.0001641654528789887,0.0002321650099345871,0.0032836289967824494,0.0006678307265583518,0.0032836346425075278,0.0006677247935129377,0.009500317572432183,0.0003929730362223178
quadrature_10,23,20,50740,submit/data/raw/sensitivity/quadrature_10/pure_p_p4_k3_d1_neumann_stratified_breakpoint_lbfgs_seed0201_20260907T084335+0800/states/accepted_0023.npz,da6d6c2116fd622917bd1fc442f94e694ef7f242c23ec7008997cfe0da859543,3.0975690659218646e-05,3.097569066312644e-05,ok,3.09756906592251e-05,0.00015883365486931558,0.0002246247088774735,0.003237155904983325,0.0006583789405337937,0.003237161070167717,0.000658274425286005,0.009088213292085184,0.0003759266723451665
quadrature_10,24,20,50740,submit/data/raw/sensitivity/quadrature_10/pure_p_p4_k3_d1_neumann_stratified_breakpoint_lbfgs_seed0201_20260907T084335+0800/states/accepted_0024.npz,173a2983c21ef6d16ad1693546a316cd30208e803a4a6f4eb1ba26ea94f21f1b,2.9117354991243953e-05,2.911735498400958e-05,ok,2.9117354991364195e-05,0.00015844007001708553,0.00022406809584150515,0.003236119673354722,0.0006581681897692917,0.0032361247895874006,0.0006580636983593379,0.0088113568756772,0.00036447472816288144
quadrature_10,25,20,50740,submit/data/raw/sensitivity/quadrature_10/pure_p_p4_k3_d1_neumann_stratified_breakpoint_lbfgs_seed0201_20260907T084335+0800/states/accepted_0025.npz,82c4e73702d02fca0353de9267cf649da776831bd879a1c61edae18d0cf7cc8e,2.694702647842317e-05,2.6947026526613627e-05,ok,2.6947026478456e-05,0.00015475370894573446,0.00021885479401859625,0.0032096167771876226,0.0006527779802113551,0.0032096215386118922,0.0006526742809266089,0.008476627434046235,0.0003506289125901031
quadrature_10,26,20,50740,submit/data/raw/sensitivity/quadrature_10/pure_p_p4_k3_d1_neumann_stratified_breakpoint_lbfgs_seed0201_20260907T084335+0800/states/accepted_0026.npz,92cc760f7c4605c1e7a309403706df4378b96326fc167860f718ce97f8063c64,2.6893360740485638e-05,2.6893360768553976e-05,ok,2.689336074051879e-05,0.0001544490760025914,0.0002184239779788577,0.002777344266860363,0.0005648615728078598,0.002777351537231703,0.0005647724803800634,0.008468223061262702,0.0003502812724333284
quadrature_10,27,20,50740,submit/data/raw/sensitivity/quadrature_10/pure_p_p4_k3_d1_neumann_stratified_breakpoint_lbfgs_seed0201_20260907T084335+0800/states/accepted_0027.npz,79c53a74d771743da84f726db89b5b2fcc3c955fcb915b5cb162d175927a09be,1.199696136693697e-05,1.1996961404747708e-05,ok,1.1996961367125103e-05,0.00010045482576362383,0.00014206457700074304,0.0022838174320504983,0.0004644871440919252,0.002283819724526446,0.0004644131336169808,0.005656478904810107,0.00023397572476955075
quadrature_10,28,20,50740,submit/data/raw/sensitivity/quadrature_10/pure_p_p4_k3_d1_neumann_stratified_breakpoint_lbfgs_seed0201_20260907T084335+0800/states/accepted_0028.npz,1affe250247d3726b0dd0d1dfa4c68db48e9f0caea2532a8fcff619e807896b7,4.276725732290855e-06,4.276725860563602e-06,ok,4.2767257325422e-06,5.462093808004248e-05,7.724567142233713e-05,0.0016013248255263202,0.00032568049640658604,0.0016013254095854203,0.00032562839501715175,0.003377192182534238,0.0001396948529097425
quadrature_10,29,20,50740,submit/data/raw/sensitivity/quadrature_10/pure_p_p4_k3_d1_neumann_stratified_breakpoint_lbfgs_seed0201_20260907T084335+0800/states/accepted_0029.npz,d1a868af9518c4533cfccf02be7396d94966390682875dd0c074c7fa8c5a6d07,3.3959388573657207e-06,3.395938904304785e-06,ok,3.3959388572398647e-06,5.436388824779583e-05,7.68821480633682e-05,0.0016034287187603937,0.00032610839022421565,0.0016034292887201235,0.0003260562173584714,0.003009425773436427,0.0001244824896069496
quadrature_10,30,20,50740,submit/data/raw/sensitivity/quadrature_10/pure_p_p4_k3_d1_neumann_stratified_breakpoint_lbfgs_seed0201_20260907T084335+0800/states/accepted_0030.npz,09cce1c04706add3b99649b72bf66cd90034644d7ebfd522abf775544f758430,3.2954500010682495e-06,3.29545002841769e-06,ok,3.2954500009829724e-06,5.432725520899599e-05,7.68303411230665e-05,0.0016038822699092241,0.00032620063432169187,0.0016038828381137002,0.0003261484463084446,0.002964568715785977,0.00012262701330244708
quadrature_10,31,20,50740,submit/data/raw/sensitivity/quadrature_10/pure_p_p4_k3_d1_neumann_stratified_breakpoint_lbfgs_seed0201_20260907T084335+0800/states/accepted_0031.npz,beb687fd5f8ff5fe2d827b6d7743fd048a3e96bf17871aac2d30f0f9192e189c,3.038718894039255e-06,3.0387188871827675e-06,ok,3.0387188941344817e-06,5.432928789712712e-05,7.683321577818963e-05,0.0016076811879191725,0.0003269732655102961,0.001607681751645174,0.00032692095270137257,0.0028467630010618,0.00011775407415630355
quadrature_10,32,20,50740,submit/data/raw/sensitivity/quadrature_10/pure_p_p4_k3_d1_neumann_stratified_breakpoint_lbfgs_seed0201_20260907T084335+0800/states/accepted_0032.npz,bed50b8afb9505c408cc3b0ed400a4e0617d4369058c96f3580ec69c9ee02c52,3.0099837555541845e-06,3.009983799984184e-06,ok,3.0099837554445115e-06,5.434906574291583e-05,7.686118587593855e-05,0.001603558762723675,0.0003261348388134344,0.0016035593312629494,0.00032608266141803037,0.0028332716669286126,0.00011719601591281988
quadrature_4,1,16,40592,submit/data/raw/sensitivity/quadrature_4/pure_p_p4_k3_d1_neumann_stratified_breakpoint_lbfgs_seed0201_20260907T084333+0800/states/accepted_0001.npz,b60dde3803e09733d3acb5fbc25d3ca715ca8df1c731f340e8e3bf2f7bb4e44f,313.91278600732255,313.91278600732255,ok,313.91278600732255,0.6829109672582553,0.9657819517899532,4.472850098484402,0.909696781818052,4.474355416915952,0.9098570249527536,22.542898760781227,0.9324689731407148
quadrature_4,2,16,40592,submit/data/raw/sensitivity/quadrature_4/pure_p_p4_k3_d1_neumann_stratified_breakpoint_lbfgs_seed0201_20260907T084333+0800/states/accepted_0002.npz,fde2bb84d0f094ab4bc039e62379c533b68dfb713e96b089aaa07575145aecc6,186.0723533281631,186.0723533281631,ok,186.0723533281631,0.28385242176976194,0.4014279445792453,3.3321865662149746,0.6777064576186531,3.332260082038314,0.6776127424186587,21.55519453764385,0.891613378104376
quadrature_4,3,16,40592,submit/data/raw/sensitivity/quadrature_4/pure_p_p4_k3_d1_neumann_stratified_breakpoint_lbfgs_seed0201_20260907T084333+0800/states/accepted_0003.npz,268a1f21e3345d5138d9637b9b5d18dadb3fc8f972ab1754a864b80c2b880f6b,109.73460941639982,109.73460941639985,ok,109.73460941639982,0.2913875594365873,0.412084238462018,2.908114682588724,0.5914579093104865,2.9082620368515446,0.5913930383421946,16.57815014396934,0.6857419183469713
quadrature_4,4,16,40592,submit/data/raw/sensitivity/quadrature_4/pure_p_p4_k3_d1_neumann_stratified_breakpoint_lbfgs_seed0201_20260907T084333+0800/states/accepted_0004.npz,e225677c2ffe9ff2681009fddcbc4a28aecf9e3583e9b639492126cd6c8e5f96,30.875323513675006,30.875323513675085,ok,30.875323513675006,0.09875733817046724,0.1396639670245409,1.8108233823463218,0.3682887123625061,1.8108319317492811,0.3682313988472762,8.881078545583705,0.36735870926190856
quadrature_4,5,16,40592,submit/data/raw/sensitivity/quadrature_4/pure_p_p4_k3_d1_neumann_stratified_breakpoint_lbfgs_seed0201_20260907T084333+0800/states/accepted_0005.npz,5c962a92669af8eedadcd58336a8d3f8419aa33135cb526cbedc948f6a8dcf3a,16.161087582080647,16.161087582080654,ok,16.161087582080647,0.12473606980172476,0.1764034416307162,1.5664584780094706,0.31858931216578723,1.5664834186832914,0.3185433006891976,6.4315020509765715,0.2660339371997735
quadrature_4,6,16,40592,submit/data/raw/sensitivity/quadrature_4/pure_p_p4_k3_d1_neumann_stratified_breakpoint_lbfgs_seed0201_20260907T084333+0800/states/accepted_0006.npz,47cba78ad2f99880f2c2c96af588918300a72b17331a691e4d22aed6227143c8,0.13120674580578054,0.131206745805855,ok,0.1312067458057805,0.017799751201492263,0.02517264955601715,0.22378456249032538,0.04551373102957112,0.2237871650248039,0.045506962505098586,0.5846590139199755,0.024183952389294643
quadrature_4,7,16,40592,submit/data/raw/sensitivity/quadrature_4/pure_p_p4_k3_d1_neumann_stratified_breakpoint_lbfgs_seed0201_20260907T084333+0800/states/accepted_0007.npz,5447bb23c29ab33b13361f2408bbf407415a12d1b6b3768efcab06c7f6d47848,0.10829488147628763,0.10829488147624033,ok,0.10829488147628762,0.016801679802876984,0.02376116344787874,0.16612139017596533,0.03378608509268458,0.16612633818117745,0.033781673948469086,0.5315034628674289,0.02198521554392812
quadrature_4,8,16,40592,submit/data/raw/sensitivity/quadrature_4/pure_p_p4_k3_d1_neumann_stratified_breakpoint_lbfgs_seed0201_20260907T084333+0800/states/accepted_0008.npz,43ffc979f841fc52fdebd0319f681fcaeefba4f974c6d04b6e203dac7797a32c,0.023071815389890168,0.023071815389926087,ok,0.02307181538989017,0.0042345287876377515,0.005988528041736607,0.1724110481636113,0.03506528772727243,0.17241106937751016,0.03505966961401334,0.24558584885176274,0.010158462171470884
quadrature_4,9,16,40592,submit/data/raw/sensitivity/quadrature_4/pure_p_p4_k3_d1_neumann_stratified_breakpoint_lbfgs_seed0201_20260907T084333+0800/states/accepted_0009.npz,0254554b06c71f1c36a498ce19ae534c23f86d611280cd5d21ed2aa495fd391c,0.014561736063628875,0.01456173606362654,ok,0.014561736063628776,0.005002630698616608,0.007074788181527598,0.07548141409101296,0.01535155392507722,0.07548183943734361,0.015349178925030613,0.1958354836908495,0.008100578116396296
quadrature_4,10,16,40592,submit/data/raw/sensitivity/quadrature_4/pure_p_p4_k3_d1_neumann_stratified_breakpoint_lbfgs_seed0201_20260907T084333+0800/states/accepted_0010.npz,e1e1efd02dbe6213f3cffdb20141aaf838b699a2f6777104b444c1f3a51b5679,0.013898273503997133,0.013898273503968994,ok,0.013898273503997093,0.005325708905787237,0.007531689763815486,0.078082323041348,0.015880531746784967,0.07808280967112659,0.015878084391492554,0.1911690980735274,0.00790755680839872
quadrature_4,11,16,40592,submit/data/raw/sensitivity/quadrature_4/pure_p_p4_k3_d1_neumann_stratified_breakpoint_lbfgs_seed0201_20260907T084333+0800/states/accepted_0011.npz,80486268744424793b79ba4903058ccf6460a148fd2fe486d1268af71c2442ed,0.008965811091293099,0.008965811091343312,ok,0.00896581109129303,0.0035796310320789075,0.00506236275385759,0.050923641009791104,0.010356947209288706,0.05092399037047784,0.010355357601239032,0.15434892665852473,0.00638451987359492
quadrature_4,12,16,40592,submit/data/raw/sensitivity/quadrature_4/pure_p_p4_k3_d1_neumann_stratified_breakpoint_lbfgs_seed0201_20260907T084333+0800/states/accepted_0012.npz,b67aa5c78a168ed034b5daaa0c2947aa852c792da7944b079277a514d442bec0,0.002642078790747099,0.002642078790756841,ok,0.002642078790747031,0.0010520640820989933,0.0014878432933899976,0.028323151638545492,0.005760416586565241,0.02832316846579802,0.00575949637351098,0.08390001840705097,0.0034704571422117616
quadrature_4,13,16,40592,submit/data/raw/sensitivity/quadrature_4/pure_p_p4_k3_d1_neumann_stratified_breakpoint_lbfgs_seed0201_20260907T084333+0800/states/accepted_0013.npz,0b428f5cab999fa313746376db770a58f809299f318f43d16ed71a6ea00bb0f8,0.001094410367194376,0.001094410367159071,ok,0.0010944103671942768,0.0018927519546539245,0.002676755484479765,0.02759570557735802,0.0056124672195536586,0.02759586923428907,0.005611600586661021,0.05400620324614381,0.0022339233928412162
quadrature_4,14,16,40592,submit/data/raw/sensitivity/quadrature_4/pure_p_p4_k3_d1_neumann_stratified_breakpoint_lbfgs_seed0201_20260907T084333+0800/states/accepted_0014.npz,cd84a33ce8a48ff18c80cafac7da8bc33dd1bd641d7153519138d64de09b34eb,0.001058294118186177,0.0010582941181951355,ok,0.0010582941181859042,0.0018961393407000862,0.0026815459717672405,0.02560054220910425,0.005206687089359553,0.025600747526152844,0.005205893991489666,0.05311457370947084,0.0021970418503516665
quadrature_4,15,16,40592,submit/data/raw/sensitivity/quadrature_4/pure_p_p4_k3_d1_neumann_stratified_breakpoint_lbfgs_seed0201_20260907T084333+0800/states/accepted_0015.npz,3268d23e30505c416462835f6d6fe31e3a10e2b41ecb1ea21c6662b46a0b593c,0.0010200194579291107,0.0010200194579397248,ok,0.0010200194579287362,0.0019305823333932198,0.0027302557191625876,0.027184844723272122,0.005528905555624075,0.027185029685207928,0.005528056653506612,0.05213950524703117,0.0021567089234481034
quadrature_4,16,16,40592,submit/data/raw/sensitivity/quadrature_4/pure_p_p4_k3_d1_neumann_stratified_breakpoint_lbfgs_seed0201_20260907T084333+0800/states/accepted_0016.npz,a8f41b13efaa86850c262ae2507ee3d749f5a4a09eeff52a15c74e52096826a6,0.00100810035868982,0.0010081003587174564,ok,0.0010081003586896364,0.0019254720791224281,0.002723028728265659,0.02529606128742494,0.005144761178927071,0.025296287175174157,0.005143982193399098,0.051839286365120515,0.0021442906095700447
quadrature_4,17,16,40592,submit/data/raw/sensitivity/quadrature_4/pure_p_p4_k3_d1_neumann_stratified_breakpoint_lbfgs_seed0201_20260907T084333+0800/states/accepted_0017.npz,9fbd0163f231cf8cb85e448fa3f2f26543ceebfc562bafc885ebaca1a7916f84,0.000312877192023684,0.00031287719195915997,ok,0.00031287719202369516,0.0010777228164774192,0.0015241302235412962,0.016183621064812866,0.0032914557109373337,0.016183705042949362,0.00329094503029896,0.028905825838396675,0.0011956663614267147
quadrature_4,18,16,40592,submit/data/raw/sensitivity/quadrature_4/pure_p_p4_k3_d1_neumann_stratified_breakpoint_lbfgs_seed0201_20260907T084333+0800/states/accepted_0018.npz,9f34b4e3af0e086c4c465a7749bdf8a47cbf33d4d29033fabe77a66841365ff3,0.0002823619190828441,0.00028236191911901187,ok,0.00028236191908293494,0.0011882070301982666,0.0016803784970134462,0.017635434195753714,0.00358672823381164,0.017635529941279954,0.0035861726015717628,0.027474087956829273,0.0011364436693320113
quadrature_4,19,16,40592,submit/data/raw/sensitivity/quadrature_4/pure_p_p4_k3_d1_neumann_stratified_breakpoint_lbfgs_seed0201_20260907T084333+0800/states/accepted_0019.npz,38637bf530ef5e0edb9e88ecc27e5c75ab9cbe7d8565348bd5b5a6bb4ed8fc70,4.349407308523036e-05,4.3494073167948955e-05,ok,4.349407308500739e-05,0.00016782991130780296,0.0002373473367433686,0.004019074152485271,0.0008174069646650637,0.004019077588863585,0.0008172765990454616,0.010769390651183097,0.00044546722887877196
quadrature_4,20,16,40592,submit/data/raw/sensitivity/quadrature_4/pure_p_p4_k3_d1_neumann_stratified_breakpoint_lbfgs_seed0201_20260907T084333+0800/states/accepted_0020.npz,8e1848e714ac1dc0055ceaeedc9357871b7c357e63c58bdb1be73bbf1fd225b8,4.0973943119378826e-05,4.097394310065283e-05,ok,4.0973943119229484e-05,0.00016686522378678184,0.00023598306256768844,0.0036953821145244152,0.000751573860771666,0.003695386377163267,0.0007514542189619405,0.010452599443454506,0.0004323634140009532
quadrature_4,21,16,40592,submit/data/raw/sensitivity/quadrature_4/pure_p_p4_k3_d1_neumann_stratified_breakpoint_lbfgs_seed0201_20260907T084333+0800/states/accepted_0021.npz,239506af84626fef008e4ce9a08fa219006d1bb790fb2fa01d7511209a48b459,3.435992659158512e-05,3.435992653066933e-05,ok,3.4359926591489545e-05,0.00016342679248089974,0.00023112038638162176,0.004211810982313962,0.0008566061486243883,0.00421181363310367,0.0008564693379929453,0.009571729171148442,0.0003959269198746339
quadrature_4,22,16,40592,submit/data/raw/sensitivity/quadrature_4/pure_p_p4_k3_d1_neumann_stratified_breakpoint_lbfgs_seed0201_20260907T084333+0800/states/accepted_0022.npz,893bccc90c8e78221d61ff48dd23d8d4423591d41c605b2eae819489cd93b1d4,3.3848297637364196e-05,3.384829756214458e-05,ok,3.384829763746947e-05,0.00016416545288205559,0.0002321650099389243,0.0032836289968147833,0.0006678307265649278,0.003283634642539862,0.0006677247935195128,0.009500317572421348,0.00039297303622186965
quadrature_4,23,16,40592,submit/data/raw/sensitivity/quadrature_4/pure_p_p4_k3_d1_neumann_stratified_breakpoint_lbfgs_seed0201_20260907T084333+0800/states/accepted_0023.npz,669201b08bcb02f7f6726ed1aff13a78ccba25cf57af8033ee3f6e3b7547a0a7,3.0975690659217535e-05,3.0975690606283024e-05,ok,3.097569065939226e-05,0.0001588336548731195,0.00022462470888285304,0.0032371559050436726,0.0006583789405460672,0.0032371610702280644,0.0006582744252982764,0.009088213292073592,0.0003759266723446871
quadrature_4,24,16,40592,submit/data/raw/sensitivity/quadrature_4/pure_p_p4_k3_d1_neumann_stratified_breakpoint_lbfgs_seed0201_20260907T084333+0800/states/accepted_0024.npz,28d8e1d27c3e446a6bc91e3412bb32d8dd2a85b9003ba6b75164096e6b8a825d,2.9117354991242672e-05,2.9117355040853e-05,ok,2.9117354991464293e-05,0.00015844007002000906,0.00022406809584563962,0.00323611967344728,0.0006581681897881162,0.0032361247896799585,0.0006580636983781594,0.008811356875665144,0.00036447472816238276
quadrature_4,25,16,40592,submit/data/raw/sensitivity/quadrature_4/pure_p_p4_k3_d1_neumann_stratified_breakpoint_lbfgs_seed0201_20260907T084333+0800/states/accepted_0025.npz,269d8a8974c01b7c2a265b327872385732eb5d855239117ec1f7749938c3037a,2.6947026478422067e-05,2.6947026526613627e-05,ok,2.694702647843814e-05,0.00015475370894878454,0.0002188547940229097,0.0032096167772630636,0.0006527779802266983,0.003209621538687333,0.0006526742809419496,0.00847662743403879,0.00035062891258979515
quadrature_4,26,16,40592,submit/data/raw/sensitivity/quadrature_4/pure_p_p4_k3_d1_neumann_stratified_breakpoint_lbfgs_seed0201_20260907T084333+0800/states/accepted_0026.npz,f5b8f8504ff46bd23c33983915d35755030e683a60f324c04cd1a70c4e855dff,2.6893360740484435e-05,2.6893360768553976e-05,ok,2.689336074057771e-05,0.0001544490760063746,0.00021842397798420795,0.002777344266893604,0.0005648615728146203,0.0027773515372649447,0.0005647724803868229,0.00846822306126237,0.00035028127243331476
quadrature_4,27,16,40592,submit/data/raw/sensitivity/quadrature_4/pure_p_p4_k3_d1_neumann_stratified_breakpoint_lbfgs_seed0201_20260907T084333+0800/states/accepted_0027.npz,958fc152029209abf40c791b33eedd9c3c80fdf7fa35a7d0b997337e8055f417,1.1996961366934965e-05,1.1996961404747708e-05,ok,1.1996961366856634e-05,0.0001004548257668654,0.0001420645770053273,0.002283817432081395,0.000464487144098209,0.0022838197245573432,0.00046441313362326366,0.005656478904809204,0.00023397572476951338
quadrature_4,28,16,40592,submit/data/raw/sensitivity/quadrature_4/pure_p_p4_k3_d1_neumann_stratified_breakpoint_lbfgs_seed0201_20260907T084333+0800/states/accepted_0028.npz,9a206ec2c03b8fb7323c13810deec0dcedd1cc0e7e12f20f78e2d666c65fa4bb,4.276725732289751e-06,4.276725746876764e-06,ok,4.276725732158501e-06,5.462093808727423e-05,7.724567143256436e-05,0.001601324825595709,0.00032568049642069845,0.0016013254096548094,0.00032562839503126194,0.0033771921825333086,0.00013969485290970407
quadrature_4,29,16,40592,submit/data/raw/sensitivity/quadrature_4/pure_p_p4_k3_d1_neumann_stratified_breakpoint_lbfgs_seed0201_20260907T084333+0800/states/accepted_0029.npz,86e82e624d6bbb4dff41b48623f616015e4a7e06109efae524c881605499b246,3.3959388573649363e-06,3.395938904304785e-06,ok,3.395938857160803e-06,5.4363888254063904e-05,7.688214807223256e-05,0.0016034287188143711,0.00032610839023519364,0.0016034292887741014,0.0003260562173694477,0.003009425773436675,0.00012448248960695985
quadrature_4,30,16,40592,submit/data/raw/sensitivity/quadrature_4/pure_p_p4_k3_d1_neumann_stratified_breakpoint_lbfgs_seed0201_20260907T084333+0800/states/accepted_0030.npz,31875bbc148a4cb0ac11188e678a70f84fdadbdbf0ac3661cf1014601e125bbc,3.295450001067768e-06,3.2954499715742713e-06,ok,3.295450000844407e-06,5.432725521632899e-05,7.683034113343692e-05,0.001603882269976503,0.0003262006343353751,0.0016038828381809793,0.00032614844632212564,0.0029645687157860024,0.00012262701330244814
quadrature_4,31,16,40592,submit/data/raw/sensitivity/quadrature_4/pure_p_p4_k3_d1_neumann_stratified_breakpoint_lbfgs_seed0201_20260907T084333+0800/states/accepted_0031.npz,55cf4e8caf37675340b7f19050fb085d72d1f8b7f62711abc56895bf879cf12d,3.0387188940388385e-06,3.0387188303393486e-06,ok,3.0387188939944146e-06,5.4329287902332265e-05,7.68332157855508e-05,0.0016076811879691601,0.0003269732655204626,0.0016076817516951618,0.00032692095271153745,0.002846763001062241,0.00011775407415632179
quadrature_4,32,16,40592,submit/data/raw/sensitivity/quadrature_4/pure_p_p4_k3_d1_neumann_stratified_breakpoint_lbfgs_seed0201_20260907T084333+0800/states/accepted_0032.npz,d8406bf8be245bb7820876542ef5c728c7f1416b0db1be763985660f11620a79,3.0099837555536813e-06,3.009983743140765e-06,ok,3.009983755607611e-06,5.434906574874433e-05,7.686118588418128e-05,0.00160355876277933,0.0003261348388247536,0.001603559331318605,0.0003260826614293478,0.0028332716669286543,0.00011719601591282162
quadrature_4,1,20,50740,submit/data/raw/sensitivity/quadrature_4/pure_p_p4_k3_d1_neumann_stratified_breakpoint_lbfgs_seed0201_20260907T084333+0800/states/accepted_0001.npz,b60dde3803e09733d3acb5fbc25d3ca715ca8df1c731f340e8e3bf2f7bb4e44f,313.91278600732244,313.91278600732244,ok,313.91278600732244,0.6829109672582552,0.9657819517899532,4.472850098484401,0.909696781818052,4.474355416915952,0.9098570249527537,22.542898760781224,0.9324689731407145
quadrature_4,2,20,50740,submit/data/raw/sensitivity/quadrature_4/pure_p_p4_k3_d1_neumann_stratified_breakpoint_lbfgs_seed0201_20260907T084333+0800/states/accepted_0002.npz,fde2bb84d0f094ab4bc039e62379c533b68dfb713e96b089aaa07575145aecc6,186.07235332816305,186.07235332816308,ok,186.07235332816305,0.28385242176976194,0.40142794457924535,3.332186566214974,0.6777064576186531,3.332260082038314,0.6776127424186588,21.555194537643846,0.8916133781043759
quadrature_4,3,20,50740,submit/data/raw/sensitivity/quadrature_4/pure_p_p4_k3_d1_neumann_stratified_breakpoint_lbfgs_seed0201_20260907T084333+0800/states/accepted_0003.npz,268a1f21e3345d5138d9637b9b5d18dadb3fc8f972ab1754a864b80c2b880f6b,109.7346094163998,109.73460941639985,ok,109.7346094163998,0.2913875594365873,0.4120842384620181,2.908114682588724,0.5914579093104866,2.908262036851544,0.5913930383421947,16.578150143969374,0.6857419183469727
quadrature_4,4,20,50740,submit/data/raw/sensitivity/quadrature_4/pure_p_p4_k3_d1_neumann_stratified_breakpoint_lbfgs_seed0201_20260907T084333+0800/states/accepted_0004.npz,e225677c2ffe9ff2681009fddcbc4a28aecf9e3583e9b639492126cd6c8e5f96,30.875323513675,30.87532351367497,ok,30.875323513675,0.09875733817046724,0.13966396702454092,1.8108233823463216,0.3682887123625061,1.8108319317492811,0.3682313988472763,8.881078545574978,0.36735870926154757
quadrature_4,5,20,50740,submit/data/raw/sensitivity/quadrature_4/pure_p_p4_k3_d1_neumann_stratified_breakpoint_lbfgs_seed0201_20260907T084333+0800/states/accepted_0005.npz,5c962a92669af8eedadcd58336a8d3f8419aa33135cb526cbedc948f6a8dcf3a,16.161087582080643,16.161087582080654,ok,16.161087582080647,0.12473606980172473,0.1764034416307162,1.5664584780094704,0.31858931216578723,1.566483418683291,0.31854330068919756,6.431502050989365,0.26603393720030266
quadrature_4,6,20,50740,submit/data/raw/sensitivity/quadrature_4/pure_p_p4_k3_d1_neumann_stratified_breakpoint_lbfgs_seed0201_20260907T084333+0800/states/accepted_0006.npz,47cba78ad2f99880f2c2c96af588918300a72b17331a691e4d22aed6227143c8,0.13120674580578046,0.131206745805855,ok,0.13120674580578046,0.017799751201492277,0.025172649556017175,0.22378456249032527,0.045513731029571104,0.22378716502480375,0.045506962505098565,0.584659013917625,0.024183952389197415
quadrature_4,7,20,50740,submit/data/raw/sensitivity/quadrature_4/pure_p_p4_k3_d1_neumann_stratified_breakpoint_lbfgs_seed0201_20260907T084333+0800/states/accepted_0007.npz,5447bb23c29ab33b13361f2408bbf407415a12d1b6b3768efcab06c7f6d47848,0.1082948814762876,0.10829488147624033,ok,0.10829488147628763,0.016801679802876997,0.023761163447878764,0.16612139017596533,0.03378608509268459,0.16612633818117742,0.033781673948469086,0.5315034628675085,0.021985215543931413
quadrature_4,8,20,50740,submit/data/raw/sensitivity/quadrature_4/pure_p_p4_k3_d1_neumann_stratified_breakpoint_lbfgs_seed0201_20260907T084333+0800/states/accepted_0008.npz,43ffc979f841fc52fdebd0319f681fcaeefba4f974c6d04b6e203dac7797a32c,0.02307181538989022,0.023071815389869244,ok,0.023071815389890234,0.0042345287876377384,0.00598852804173659,0.17241104816361125,0.03506528772727242,0.17241106937751013,0.03505966961401334,0.2455858488518498,0.010158462171474486
quadrature_4,9,20,50740,submit/data/raw/sensitivity/quadrature_4/pure_p_p4_k3_d1_neumann_stratified_breakpoint_lbfgs_seed0201_20260907T084333+0800/states/accepted_0009.npz,0254554b06c71f1c36a498ce19ae534c23f86d611280cd5d21ed2aa495fd391c,0.014561736063628879,0.014561736063683384,ok,0.014561736063629281,0.005002630698616591,0.0070747881815275745,0.07548141409101293,0.015351553925077217,0.07548183943734359,0.01534917892503061,0.19583548369049003,0.008100578116381428
quadrature_4,10,20,50740,submit/data/raw/sensitivity/quadrature_4/pure_p_p4_k3_d1_neumann_stratified_breakpoint_lbfgs_seed0201_20260907T084333+0800/states/accepted_0010.npz,e1e1efd02dbe6213f3cffdb20141aaf838b699a2f6777104b444c1f3a51b5679,0.01389827350399712,0.013898273503968994,ok,0.01389827350399733,0.005325708905787222,0.007531689763815466,0.07808232304134798,0.015880531746784964,0.07808280967112656,0.01587808439149255,0.19116909807329605,0.00790755680838915
quadrature_4,11,20,50740,submit/data/raw/sensitivity/quadrature_4/pure_p_p4_k3_d1_neumann_stratified_breakpoint_lbfgs_seed0201_20260907T084333+0800/states/accepted_0011.npz,80486268744424793b79ba4903058ccf6460a148fd2fe486d1268af71c2442ed,0.008965811091293078,0.008965811091343312,ok,0.008965811091293345,0.003579631032078889,0.005062362753857565,0.050923641009791056,0.0103569472092887,0.05092399037047779,0.010355357601239023,0.15434892665848446,0.006384519873593254
quadrature_4,12,20,50740,submit/data/raw/sensitivity/quadrature_4/pure_p_p4_k3_d1_neumann_stratified_breakpoint_lbfgs_seed0201_20260907T084333+0800/states/accepted_0012.npz,b67aa5c78a168ed034b5daaa0c2947aa852c792da7944b079277a514d442bec0,0.0026420787907470867,0.0026420787906999976,ok,0.0026420787907471986,0.0010520640820989775,0.0014878432933899755,0.02832315163854543,0.0057604165865652295,0.02832316846579796,0.005759496373510968,0.08390001840725476,0.0034704571422201915
quadrature_4,13,20,50740,submit/data/raw/sensitivity/quadrature_4/pure_p_p4_k3_d1_neumann_stratified_breakpoint_lbfgs_seed0201_20260907T084333+0800/states/accepted_0013.npz,0b428f5cab999fa313746376db770a58f809299f318f43d16ed71a6ea00bb0f8,0.0010944103671943653,0.001094410367159071,ok,0.0010944103671944728,0.0018927519546539004,0.002676755484479732,0.027595705577357993,0.005612467219553654,0.02759586923428904,0.005611600586661017,0.05400620324622817,0.002233923392844706
quadrature_4,14,20,50740,submit/data/raw/sensitivity/quadrature_4/pure_p_p4_k3_d1_neumann_stratified_breakpoint_lbfgs_seed0201_20260907T084333+0800/states/accepted_0014.npz,cd84a33ce8a48ff18c80cafac7da8bc33dd1bd641d7153519138d64de09b34eb,0.0010582941181861705,0.001058294118251979,ok,0.0010582941181861807,0.0018961393407000663,0.0026815459717672127,0.02560054220910421,0.005206687089359546,0.025600747526152802,0.005205893991489658,0.05311457370953358,0.0021970418503542617
quadrature_4,15,20,50740,submit/data/raw/sensitivity/quadrature_4/pure_p_p4_k3_d1_neumann_stratified_breakpoint_lbfgs_seed0201_20260907T084333+0800/states/accepted_0015.npz,3268d23e30505c416462835f6d6fe31e3a10e2b41ecb1ea21c6662b46a0b593c,0.0010200194579291044,0.0010200194579965682,ok,0.0010200194579294262,0.0019305823333931975,0.0027302557191625563,0.02718484472327206,0.005528905555624064,0.027185029685207866,0.0055280566535065995,0.05213950524702223,0.0021567089234477334
quadrature_4,16,20,50740,submit/data/raw/sensitivity/quadrature_4/pure_p_p4_k3_d1_neumann_stratified_breakpoint_lbfgs_seed0201_20260907T084333+0800/states/accepted_0016.npz,a8f41b13efaa86850c262ae2507ee3d749f5a4a09eeff52a15c74e52096826a6,0.001008100358689818,0.0010081003587174564,ok,0.001008100358689974,0.0019254720791224067,0.002723028728265629,0.02529606128742493,0.00514476117892707,0.025296287175174147,0.005143982193399097,0.05183928636511939,0.002144290609569998
quadrature_4,17,20,50740,submit/data/raw/sensitivity/quadrature_4/pure_p_p4_k3_d1_neumann_stratified_breakpoint_lbfgs_seed0201_20260907T084333+0800/states/accepted_0017.npz,9fbd0163f231cf8cb85e448fa3f2f26543ceebfc562bafc885ebaca1a7916f84,0.0003128771920236763,0.0003128771920160034,ok,0.00031287719202378623,0.0010777228164773945,0.0015241302235412615,0.016183621064812855,0.003291455710937332,0.016183705042949352,0.003290945030298958,0.028905825838309793,0.001195666361423121
quadrature_4,18,20,50740,submit/data/raw/sensitivity/quadrature_4/pure_p_p4_k3_d1_neumann_stratified_breakpoint_lbfgs_seed0201_20260907T084333+0800/states/accepted_0018.npz,9f34b4e3af0e086c4c465a7749bdf8a47cbf33d4d29033fabe77a66841365ff3,0.00028236191908283985,0.00028236191906216845,ok,0.0002823619190831802,0.0011882070301982405,0.0016803784970134095,0.017635434195753693,0.0035867282338116367,0.017635529941279933,0.003586172601571759,0.02747408795632822,0.0011364436693112857
quadrature_4,19,20,50740,submit/data/raw/sensitivity/quadrature_4/pure_p_p4_k3_d1_neumann_stratified_breakpoint_lbfgs_seed0201_20260907T084333+0800/states/accepted_0019.npz,38637bf530ef5e0edb9e88ecc27e5c75ab9cbe7d8565348bd5b5a6bb4ed8fc70,4.3494073085231525e-05,4.3494073111105536e-05,ok,4.349407308519225e-05,0.0001678299113077824,0.00023734733674333954,0.004019074152485279,0.0008174069646650654,0.004019077588863593,0.0008172765990454633,0.010769390651183075,0.00044546722887877103
quadrature_4,20,20,50740,submit/data/raw/sensitivity/quadrature_4/pure_p_p4_k3_d1_neumann_stratified_breakpoint_lbfgs_seed0201_20260907T084333+0800/states/accepted_0020.npz,8e1848e714ac1dc0055ceaeedc9357871b7c357e63c58bdb1be73bbf1fd225b8,4.0973943119379694e-05,4.097394310065283e-05,ok,4.097394311945299e-05,0.00016686522378676127,0.00023598306256765938,0.003695382114524359,0.0007515738607716548,0.0036953863771632105,0.0007514542189619291,0.010452599443454367,0.00043236341400094746
quadrature_4,21,20,50740,submit/data/raw/sensitivity/quadrature_4/pure_p_p4_k3_d1_neumann_stratified_breakpoint_lbfgs_seed0201_20260907T084333+0800/states/accepted_0021.npz,239506af84626fef008e4ce9a08fa219006d1bb790fb2fa01d7511209a48b459,3.435992659158792e-05,3.4359926587512746e-05,ok,3.4359926591703065e-05,0.00016342679248087854,0.0002311203863815918,0.004211810982313917,0.0008566061486243793,0.004211813633103624,0.000856469337992936,0.00957172917106549,0.0003959269198712026
quadrature_4,22,20,50740,submit/data/raw/sensitivity/quadrature_4/pure_p_p4_k3_d1_neumann_stratified_breakpoint_lbfgs_seed0201_20260907T084333+0800/states/accepted_0022.npz,893bccc90c8e78221d61ff48dd23d8d4423591d41c605b2eae819489cd93b1d4,3.384829763736494e-05,3.384829756214458e-05,ok,3.3848297637491075e-05,0.0001641654528820353,0.00023216500993889565,0.0032836289968147404,0.0006678307265649191,0.003283634642539819,0.0006677247935195042,0.009500317572432236,0.00039297303622232003
quadrature_4,23,20,50740,submit/data/raw/sensitivity/quadrature_4/pure_p_p4_k3_d1_neumann_stratified_breakpoint_lbfgs_seed0201_20260907T084333+0800/states/accepted_0023.npz,669201b08bcb02f7f6726ed1aff13a78ccba25cf57af8033ee3f6e3b7547a0a7,3.097569065921894e-05,3.0975690606283024e-05,ok,3.097569065955679e-05,0.00015883365487310042,0.0002246247088828261,0.0032371559050436015,0.0006583789405460528,0.0032371610702279932,0.0006582744252982621,0.00908821329208524,0.00037592667234516886
quadrature_4,24,20,50740,submit/data/raw/sensitivity/quadrature_4/pure_p_p4_k3_d1_neumann_stratified_breakpoint_lbfgs_seed0201_20260907T084333+0800/states/accepted_0024.npz,28d8e1d27c3e446a6bc91e3412bb32d8dd2a85b9003ba6b75164096e6b8a825d,2.9117354991243682e-05,2.9117355040853e-05,ok,2.9117354991271743e-05,0.00015844007001998835,0.00022406809584561035,0.003236119673447246,0.0006581681897881094,0.0032361247896799243,0.0006580636983781525,0.008811356875677143,0.0003644747281628791
quadrature_4,25,20,50740,submit/data/raw/sensitivity/quadrature_4/pure_p_p4_k3_d1_neumann_stratified_breakpoint_lbfgs_seed0201_20260907T084333+0800/states/accepted_0025.npz,269d8a8974c01b7c2a265b327872385732eb5d855239117ec1f7749938c3037a,2.6947026478423215e-05,2.6947026469770208e-05,ok,2.694702647852628e-05,0.0001547537089487618,0.00021885479402287755,0.0032096167772630285,0.0006527779802266913,0.003209621538687298,0.0006526742809419427,0.008476627434046233,0.000350628912590103
quadrature_4,26,20,50740,submit/data/raw/sensitivity/quadrature_4/pure_p_p4_k3_d1_neumann_stratified_breakpoint_lbfgs_seed0201_20260907T084333+0800/states/accepted_0026.npz,f5b8f8504ff46bd23c33983915d35755030e683a60f324c04cd1a70c4e855dff,2.6893360740485228e-05,2.6893360768553976e-05,ok,2.6893360740595678e-05,0.000154449076006351,0.0002184239779841746,0.0027773442668935933,0.0005648615728146182,0.0027773515372649343,0.0005647724803868209,0.008468223061262638,0.00035028127243332577
quadrature_4,27,20,50740,submit/data/raw/sensitivity/quadrature_4/pure_p_p4_k3_d1_neumann_stratified_breakpoint_lbfgs_seed0201_20260907T084333+0800/states/accepted_0027.npz,958fc152029209abf40c791b33eedd9c3c80fdf7fa35a7d0b997337e8055f417,1.1996961366936913e-05,1.1996961404747708e-05,ok,1.1996961366959664e-05,0.00010045482576684486,0.00014206457700529826,0.0022838174320814002,0.0004644871440982101,0.002283819724557348,0.0004644131336232647,0.005656478904810112,0.00023397572476955094
quadrature_4,28,20,50740,submit/data/raw/sensitivity/quadrature_4/pure_p_p4_k3_d1_neumann_stratified_breakpoint_lbfgs_seed0201_20260907T084333+0800/states/accepted_0028.npz,9a206ec2c03b8fb7323c13810deec0dcedd1cc0e7e12f20f78e2d666c65fa4bb,4.276725732291045e-06,4.276725803720183e-06,ok,4.276725732473551e-06,5.4620938087253285e-05,7.724567143253474e-05,0.0016013248255957345,0.00032568049642070366,0.001601325409654835,0.0003256283950312672,0.0033771921825343294,0.0001396948529097463
quadrature_4,29,20,50740,submit/data/raw/sensitivity/quadrature_4/pure_p_p4_k3_d1_neumann_stratified_breakpoint_lbfgs_seed0201_20260907T084333+0800/states/accepted_0029.npz,86e82e624d6bbb4dff41b48623f616015e4a7e06109efae524c881605499b246,3.3959388573656296e-06,3.395938904304785e-06,ok,3.3959388575148976e-06,5.436388825404325e-05,7.688214807220337e-05,0.0016034287188143453,0.00032610839023518843,0.0016034292887740754,0.0003260562173694425,0.0030094257734364065,0.00012448248960694877
quadrature_4,30,20,50740,submit/data/raw/sensitivity/quadrature_4/pure_p_p4_k3_d1_neumann_stratified_breakpoint_lbfgs_seed0201_20260907T084333+0800/states/accepted_0030.npz,31875bbc148a4cb0ac11188e678a70f84fdadbdbf0ac3661cf1014601e125bbc,3.295450001068293e-06,3.2954499147308525e-06,ok,3.2954500008738254e-06,5.432725521630853e-05,7.6830341133408e-05,0.0016038822699765115,0.0003262006343353769,0.0016038828381809878,0.00032614844632212743,0.00296456871578605,0.0001226270133024501
quadrature_4,31,20,50740,submit/data/raw/sensitivity/quadrature_4/pure_p_p4_k3_d1_neumann_stratified_breakpoint_lbfgs_seed0201_20260907T084333+0800/states/accepted_0031.npz,55cf4e8caf37675340b7f19050fb085d72d1f8b7f62711abc56895bf879cf12d,3.03871889403949e-06,3.0387188871827675e-06,ok,3.0387188939803907e-06,5.432928790231282e-05,7.683321578552331e-05,0.001607681187969155,0.0003269732655204616,0.0016076817516951566,0.00032692095271153647,0.002846763001061922,0.00011775407415630859
quadrature_4,32,20,50740,submit/data/raw/sensitivity/quadrature_4/pure_p_p4_k3_d1_neumann_stratified_breakpoint_lbfgs_seed0201_20260907T084333+0800/states/accepted_0032.npz,d8406bf8be245bb7820876542ef5c728c7f1416b0db1be763985660f11620a79,3.0099837555543086e-06,3.009983799984184e-06,ok,3.009983755673091e-06,5.434906574872153e-05,7.686118588414904e-05,0.001603558762779318,0.0003261348388247512,0.0016035593313185926,0.0003260826614293454,0.0028332716669286964,0.00011719601591282335
tolerance_loose,1,16,40592,submit/data/raw/sensitivity/tolerance_loose/pure_p_p4_k3_d1_neumann_stratified_breakpoint_lbfgs_seed0201_20260907T084340+0800/states/accepted_0001.npz,d46333f531cfc10f7da05c1cf35ea4fbb86c039fd4690f7af0a930f195f7f1c2,313.91278600732255,313.91278600732255,ok,313.91278600732255,0.6829109672582553,0.9657819517899532,4.472850098484402,0.909696781818052,4.474355416915952,0.9098570249527536,22.542898760781227,0.9324689731407148
tolerance_loose,2,16,40592,submit/data/raw/sensitivity/tolerance_loose/pure_p_p4_k3_d1_neumann_stratified_breakpoint_lbfgs_seed0201_20260907T084340+0800/states/accepted_0002.npz,77bc32335815210fad11f2c3bd44e7e82024909adc6a9c359156a99740516f33,186.07235332962495,186.07235332962495,ok,186.07235332962495,0.28385239013661534,0.40142789984322036,3.332187860150679,0.6777067207817639,3.332261375927839,0.6776130055301829,21.5552001114331,0.8916136086597094
tolerance_loose,3,16,40592,submit/data/raw/sensitivity/tolerance_loose/pure_p_p4_k3_d1_neumann_stratified_breakpoint_lbfgs_seed0201_20260907T084340+0800/states/accepted_0003.npz,48690d898c5ac7b0e748eab1b274b608de9538cf7e9fa99d238e3a38a069cb7c,109.73460941681358,109.73460941681356,ok,109.73460941681358,0.29138723800407434,0.41208378388779887,2.908114592827666,0.5914578910547114,2.908261946544486,0.5913930199783178,16.578149466890927,0.6857418903401645
tolerance_loose,4,16,40592,submit/data/raw/sensitivity/tolerance_loose/pure_p_p4_k3_d1_neumann_stratified_breakpoint_lbfgs_seed0201_20260907T084340+0800/states/accepted_0004.npz,49516740e9e1b046c35dd7eca5481a7dc83f42b74576e288156b165938fc78ce,30.875323623540496,30.87532362354051,ok,30.875323623540496,0.09875397070826303,0.13965920471382093,1.8108903686028759,0.36830233615509284,1.810898916259667,0.36824502010031906,8.881099067213935,0.3673595581227259
tolerance_loose,5,16,40592,submit/data/raw/sensitivity/tolerance_loose/pure_p_p4_k3_d1_neumann_stratified_breakpoint_lbfgs_seed0201_20260907T084340+0800/states/accepted_0005.npz,22b5d1c1bbad89caf4841912c60acefd9ba5e284116391de33a4807cdfed0c72,16.16108758277271,16.161087582772666,ok,16.16108758277271,0.12473596937092767,0.17640329960012088,1.5664581971554112,0.31858925504515306,1.5664831377483044,0.31854324356126573,6.431504806256337,0.26603405116971673
tolerance_loose,6,16,40592,submit/data/raw/sensitivity/tolerance_loose/pure_p_p4_k3_d1_neumann_stratified_breakpoint_lbfgs_seed0201_20260907T084340+0800/states/accepted_0006.npz,f7ad8d09f7789be085e72090f9bea93fe3494b0e421d7d295835957d9bb7d36d,0.13120674730938742,0.13120674730942028,ok,0.1312067473093872,0.017798172200899857,0.025170416511964375,0.22379385343074717,0.04551562063874998,0.22379645474794244,0.04550885156376065,0.5846591824514935,0.02418395936046606
tolerance_loose,7,16,40592,submit/data/raw/sensitivity/tolerance_loose/pure_p_p4_k3_d1_neumann_stratified_breakpoint_lbfgs_seed0201_20260907T084340+0800/states/accepted_0007.npz,0695c55bb02fd214a35da80a7d8a41f32e373bca2ce5309c09c15a74fce74d7e,0.10829488147821581,0.10829488147822985,ok,0.10829488147821544,0.016801641641324794,0.023761109479294072,0.16612126257699802,0.03378605914136331,0.16612621054919302,0.033781647994594884,0.5315034773806687,0.021985216144256674
tolerance_loose,8,16,40592,submit/data/raw/sensitivity/tolerance_loose/pure_p_p4_k3_d1_neumann_stratified_breakpoint_lbfgs_seed0201_20260907T084340+0800/states/accepted_0008.npz,b9cbb9fdeec16e1f2719f3c39b8c898a97b9e62b6abcb2e729c6f877c06db887,0.02307181545556017,0.023071815455523392,ok,0.023071815455560335,0.00423491372608087,0.005989072426903544,0.17241153315305233,0.03506538636534972,0.17241155437221234,0.035059768237344684,0.24558580083645207,0.01015846018535597
tolerance_loose,9,16,40592,submit/data/raw/sensitivity/tolerance_loose/pure_p_p4_k3_d1_neumann_stratified_breakpoint_lbfgs_seed0201_20260907T084340+0800/states/accepted_0009.npz,0b3a32003331617f04b68c28bb4f514e251495462ff5c422612459dc22de3ec1,0.014561736064075036,0.014561736064138131,ok,0.01456173606407519,0.005002630086108504,0.007074787315310331,0.07548140277899494,0.015351551624417425,0.07548182812514763,0.01534917662470352,0.19583548436136228,0.008100578144131522
tolerance_loose,10,16,40592,submit/data/raw/sensitivity/tolerance_loose/pure_p_p4_k3_d1_neumann_stratified_breakpoint_lbfgs_seed0201_20260907T084340+0800/states/accepted_0010.npz,01b465b6aae1c21cf23bd5186b904a93de2531d89b481d305060a73ab4ced59c,0.013898273504864498,0.013898273504878489,ok,0.013898273504864441,0.005325680168679109,0.007531649123407428,0.07808210679937126,0.01588048776707941,0.07808259342352158,0.01587804041769427,0.1911691041955237,0.0079075570616302
tolerance_loose,11,16,40592,submit/data/raw/sensitivity/tolerance_loose/pure_p_p4_k3_d1_neumann_stratified_breakpoint_lbfgs_seed0201_20260907T084340+0800/states/accepted_0011.npz,dd66b59a315708c7b55b0e0a4fb79aaacdcd22521a91e47c99c94aebb955b5cb,0.008965811092217228,0.008965811092195963,ok,0.008965811092217432,0.003579680705562593,0.005062433002771909,0.05092399228331332,0.01035701865196746,0.05092434165543043,0.010355429034786905,0.15434892087415653,0.006384519634329157
tolerance_loose,12,16,40592,submit/data/raw/sensitivity/tolerance_loose/pure_p_p4_k3_d1_neumann_stratified_breakpoint_lbfgs_seed0201_20260907T084340+0800/states/accepted_0012.npz,fa433a1fa4768cc4a0aba28fc7ee350c2a2dff93ef1510add10a9bc6b7afa727,0.0026420788225485184,0.002642078822532312,ok,0.0026420788225484807,0.0010521058568343153,0.0014879023717872546,0.028315607551849323,0.005758882255827981,0.028315624394973052,0.005757962292018283,0.08390003505469082,0.003470457830828066
tolerance_loose,13,16,40592,submit/data/raw/sensitivity/tolerance_loose/pure_p_p4_k3_d1_neumann_stratified_breakpoint_lbfgs_seed0201_20260907T084340+0800/states/accepted_0013.npz,c47f39ac94db6569a0fdf832286ea8d215ef78693b8800b033bbcc8d7e9decec,0.0010944103698749452,0.0010944103698875551,ok,0.0010944103698748821,0.001892654692018539,0.002676617934341691,0.02759539522409564,0.005612404099315377,0.027595558853523692,0.005611537470950829,0.054006200948507305,0.0022339232978013206
tolerance_loose,14,16,40592,submit/data/raw/sensitivity/tolerance_loose/pure_p_p4_k3_d1_neumann_stratified_breakpoint_lbfgs_seed0201_20260907T084340+0800/states/accepted_0014.npz,b84ce0e0a2980c45de6449ab9cfc0f9d097f894c8d5b696863289664a4b5b3b5,0.0010582941182748179,0.0010582941183088224,ok,0.0010582941182749116,0.0018961395368000127,0.002681546249094416,0.025600601551592952,0.005206699158548059,0.025600806867353658,0.005205906058481087,0.05311457309778867,0.0021970418250499228
tolerance_loose,15,16,40592,submit/data/raw/sensitivity/tolerance_loose/pure_p_p4_k3_d1_neumann_stratified_breakpoint_lbfgs_seed0201_20260907T084340+0800/states/accepted_0015.npz,b4a87eadee0abe27ce1b56efd8243d8ad52fb1648a8065d630d2574ae48144d3,0.0010200194579705509,0.0010200194579965682,ok,0.001020019457970372,0.0019305838836167046,0.0027302579115096644,0.027184869936441074,0.005528910683526453,0.02718505489847102,0.005528061780605916,0.05213950506793074,0.0021567089160397573
tolerance_loose,16,16,40592,submit/data/raw/sensitivity/tolerance_loose/pure_p_p4_k3_d1_neumann_stratified_breakpoint_lbfgs_seed0201_20260907T084340+0800/states/accepted_0016.npz,956448ee4b2c460bb8255d6a0b0bdbf1582a641f266b9d05d134394d80c15b6c,0.0010081003586994246,0.0010081003587174564,ok,0.001008100358698998,0.00192547143171558,0.0027230278126941137,0.025296049644739298,0.005144758811015465,0.02529627553249226,0.005143979825867928,0.05183928642629925,0.002144290612100654
tolerance_loose,17,16,40592,submit/data/raw/sensitivity/tolerance_loose/pure_p_p4_k3_d1_neumann_stratified_breakpoint_lbfgs_seed0201_20260907T084340+0800/states/accepted_0017.npz,6965ed5e42ec59215dd477974799dc9143f4c6fd9997f708392eccddd021d5f3,0.0003128771935493639,0.0003128771934939323,ok,0.0003128771935492681,0.0010778087922503374,0.0015242518116453925,0.016184168118138945,0.003291566971685908,0.01618425211436941,0.0032910562768871943,0.028905825589741165,0.0011956663511412786
tolerance_loose,18,16,40592,submit/data/raw/sensitivity/tolerance_loose/pure_p_p4_k3_d1_neumann_stratified_breakpoint_lbfgs_seed0201_20260907T084340+0800/states/accepted_0018.npz,0a99cc90f5f1db46025746fc5d992e6622f7d6c8dd7a356906f87511b526f1c3,0.0002823619198658425,0.0002823619198579763,ok,0.0002823619198658643,0.0011881733783608082,0.0016803309061285139,0.01763516332435152,0.003586673143469367,0.01763525906350569,0.0035861175187670118,0.0274740867426319,0.0011364436191077082
tolerance_loose,19,16,40592,submit/data/raw/sensitivity/tolerance_loose/pure_p_p4_k3_d1_neumann_stratified_breakpoint_lbfgs_seed0201_20260907T084340+0800/states/accepted_0019.npz,de19ea0488aa3142b7f733ee56bfc935307ca4aa4226db2dd8a29cf5391fc1fd,4.3494073489114846e-05,4.3494073565852887e-05,ok,4.349407348922859e-05,0.00016781923070986683,0.00023733223209691307,0.004018136069597528,0.0008172161755786268,0.004018139507427435,0.0008170858408456475,0.010769390304377926,0.00044546721453345346
tolerance_loose,20,16,40592,submit/data/raw/sensitivity/tolerance_loose/pure_p_p4_k3_d1_neumann_stratified_breakpoint_lbfgs_seed0201_20260907T084340+0800/states/accepted_0020.npz,906dc80169eb9bbadad4b7a9c17205642eca4a4ce07d31b6e4468cc08bb3a318,4.097394311937825e-05,4.097394310065283e-05,ok,4.097394311953988e-05,0.00016686522378643817,0.00023598306256720244,0.0036953821143284756,0.0007515738607318154,0.0036953863769673277,0.0007514542189220964,0.010452599443454445,0.0004323634140009507
tolerance_loose,21,16,40592,submit/data/raw/sensitivity/tolerance_loose/pure_p_p4_k3_d1_neumann_stratified_breakpoint_lbfgs_seed0201_20260907T084340+0800/states/accepted_0021.npz,91f62a9ae29181a149053bc8e09cdbc7053d82a27e9223b1c621c66e60685691,3.435992660239712e-05,3.4359926587512746e-05,ok,3.435992660233131e-05,0.0001634268561066683,0.00023112047636204657,0.004211694121539533,0.000856582381257256,0.004211696772553216,0.0008564455744822575,0.00957172918417808,0.0003959269204135944
tolerance_loose,22,16,40592,submit/data/raw/sensitivity/tolerance_loose/pure_p_p4_k3_d1_neumann_stratified_breakpoint_lbfgs_seed0201_20260907T084340+0800/states/accepted_0022.npz,107d2dd809ce3729a316e5290e2f7a7a60d9d9e6791d8778935c586e9e8a09fc,3.384829763736295e-05,3.384829767583142e-05,ok,3.384829763728396e-05,0.00016416545288194066,0.00023216500993876178,0.003283628996662449,0.0006678307265339458,0.0032836346423875287,0.0006677247934885359,0.009500317572421205,0.00039297303622186374
tolerance_loose,23,16,40592,submit/data/raw/sensitivity/tolerance_loose/pure_p_p4_k3_d1_neumann_stratified_breakpoint_lbfgs_seed0201_20260907T084340+0800/states/accepted_0023.npz,13902565edb60f331fcbe8ace03d2f16134da7d0a2d299363f8a97f691b8bead,3.09756906778855e-05,3.097569066312644e-05,ok,3.0975690678175196e-05,0.00015882059479895144,0.00022460623914883894,0.0032370760834858742,0.0006583627062854391,0.003237081247412122,0.0006582581933848344,0.009088213323473726,0.0003759266736435285
tolerance_loose,24,16,40592,submit/data/raw/sensitivity/tolerance_loose/pure_p_p4_k3_d1_neumann_stratified_breakpoint_lbfgs_seed0201_20260907T084340+0800/states/accepted_0024.npz,b20889116c126bc32f042f9b84dc62677af4469aab3b7a10d0cc347a3f49f524,2.911735500107268e-05,2.911735498400958e-05,ok,2.9117355001198826e-05,0.00015843795224106455,0.0002240651008539342,0.003236110502010789,0.0006581663244838746,0.003236115618022016,0.0006580618333279718,0.008811356930432186,0.0003644747304277776
tolerance_loose,25,16,40592,submit/data/raw/sensitivity/tolerance_loose/pure_p_p4_k3_d1_neumann_stratified_breakpoint_lbfgs_seed0201_20260907T084340+0800/states/accepted_0025.npz,7f95f565b7282ac82f654b5c643bb2c6a39641b4ea3e89f5edcbfc08cc5e6243,2.6947026478422182e-05,2.6947026469770208e-05,ok,2.694702647818927e-05,0.00015475370895031573,0.00021885479402507512,0.0032096167771515924,0.0006527779802040271,0.0032096215385758625,0.0006526742809192822,0.008476627434038828,0.0003506289125897967
tolerance_loose,26,16,40592,submit/data/raw/sensitivity/tolerance_loose/pure_p_p4_k3_d1_neumann_stratified_breakpoint_lbfgs_seed0201_20260907T084340+0800/states/accepted_0026.npz,8df499267052ac1b237ab4886226c5e7c9f223e247b4683d6ec9a88f332501a0,2.6893360740483778e-05,2.6893360825397394e-05,ok,2.6893360740464364e-05,0.00015444907600561302,0.00021842397798313087,0.002777344266891503,0.0005648615728141929,0.002777351537262844,0.0005647724803863958,0.0084682230612623,0.0003502812724333118
tolerance_loose,27,16,40592,submit/data/raw/sensitivity/tolerance_loose/pure_p_p4_k3_d1_neumann_stratified_breakpoint_lbfgs_seed0201_20260907T084340+0800/states/accepted_0027.npz,f5c77100b3192dc8946fee0caf024b60bc3e2a9a3de1d56aff209c4d8b47c58d,1.1996961890646318e-05,1.1996961916338478e-05,ok,1.1996961890489096e-05,0.00010045888420292894,0.00014207031650065037,0.0022838873392798213,0.0004645013619575233,0.002283889631904917,0.00046442734923319163,0.005656479068979571,0.0002339757315602893
tolerance_loose,28,16,40592,submit/data/raw/sensitivity/tolerance_loose/pure_p_p4_k3_d1_neumann_stratified_breakpoint_lbfgs_seed0201_20260907T084340+0800/states/accepted_0028.npz,0b6a793645238d0815242b28ef2ce5b8193e130d92ee8d46022ea195f9ca3b9b,4.276726011556484e-06,4.276726031093858e-06,ok,4.276726011468036e-06,5.462186805896114e-05,7.72469866111366e-05,0.001601192076389992,0.00032565349763411476,0.0016011926606261779,0.00032560140060971924,0.003377192312635054,0.00013969485829125867
tolerance_loose,29,16,40592,submit/data/raw/sensitivity/tolerance_loose/pure_p_p4_k3_d1_neumann_stratified_breakpoint_lbfgs_seed0201_20260907T084340+0800/states/accepted_0029.npz,8116f12a9ea3c900401d6ee1a964f960d37665a14dd9a0d38b735089e1732650,3.3959389168363304e-06,3.395938961148204e-06,ok,3.3959389166472214e-06,5.4363952285692536e-05,7.68822386266302e-05,0.001603407900560695,0.000326104156179065,0.0016034084705470442,0.00032605198399762763,0.00300942577543069,0.0001244824896894407
tolerance_loose,30,16,40592,submit/data/raw/sensitivity/tolerance_loose/pure_p_p4_k3_d1_neumann_stratified_breakpoint_lbfgs_seed0201_20260907T084340+0800/states/accepted_0030.npz,3c55ba704a3a6c62b32d3cbe642c7f2c719a8b87694aba12bc28b3847bf33aad,3.2954500010676574e-06,3.29545002841769e-06,ok,3.2954500007750317e-06,5.4327255215026985e-05,7.683034113159561e-05,0.0016038822699823557,0.00032620063433656544,0.001603882838186832,0.0003261484463233158,0.0029645687157859686,0.00012262701330244673
tolerance_loose,31,16,40592,submit/data/raw/sensitivity/tolerance_loose/pure_p_p4_k3_d1_neumann_stratified_breakpoint_lbfgs_seed0201_20260907T084340+0800/states/accepted_0031.npz,8e724e8adbc5c72c72bc54e1c0dbd96f93639bbf72cb45087aa5d3b41a3d0751,3.0387188940387246e-06,3.0387187734959298e-06,ok,3.0387188939975355e-06,5.4329287901315765e-05,7.683321578411325e-05,0.0016076811880217136,0.00032697326553115104,0.0016076817517477152,0.00032692095272222416,0.002846763001062223,0.00011775407415632106
tolerance_loose,32,16,40592,submit/data/raw/sensitivity/tolerance_loose/pure_p_p4_k3_d1_neumann_stratified_breakpoint_lbfgs_seed0201_20260907T084340+0800/states/accepted_0032.npz,05ac962c00c1743d63aed936c4ba840fbbbed7067dde1ff1e2da69b82032db88,3.0099837555537135e-06,3.0099838568276027e-06,ok,3.0099837554331053e-06,5.4349065746020875e-05,7.686118588032973e-05,0.0016035587627794721,0.0003261348388247825,0.0016035593313187468,0.00032608266142937666,0.002833271666928698,0.00011719601591282342
tolerance_loose,1,20,50740,submit/data/raw/sensitivity/tolerance_loose/pure_p_p4_k3_d1_neumann_stratified_breakpoint_lbfgs_seed0201_20260907T084340+0800/states/accepted_0001.npz,d46333f531cfc10f7da05c1cf35ea4fbb86c039fd4690f7af0a930f195f7f1c2,313.91278600732244,313.91278600732244,ok,313.91278600732244,0.6829109672582552,0.9657819517899532,4.472850098484401,0.909696781818052,4.474355416915952,0.9098570249527537,22.542898760781224,0.9324689731407145
tolerance_loose,2,20,50740,submit/data/raw/sensitivity/tolerance_loose/pure_p_p4_k3_d1_neumann_stratified_breakpoint_lbfgs_seed0201_20260907T084340+0800/states/accepted_0002.npz,77bc32335815210fad11f2c3bd44e7e82024909adc6a9c359156a99740516f33,186.0723533296249,186.0723533296249,ok,186.0723533296249,0.28385239013661534,0.4014278998432204,3.3321878601506785,0.677706720781764,3.332261375927839,0.677613005530183,21.555200111433095,0.8916136086597092
tolerance_loose,3,20,50740,submit/data/raw/sensitivity/tolerance_loose/pure_p_p4_k3_d1_neumann_stratified_breakpoint_lbfgs_seed0201_20260907T084340+0800/states/accepted_0003.npz,48690d898c5ac7b0e748eab1b274b608de9538cf7e9fa99d238e3a38a069cb7c,109.73460941681354,109.73460941681356,ok,109.73460941681354,0.2913872380040743,0.41208378388779887,2.908114592827666,0.5914578910547115,2.9082619465444854,0.5913930199783178,16.578149466890967,0.6857418903401661
tolerance_loose,4,20,50740,submit/data/raw/sensitivity/tolerance_loose/pure_p_p4_k3_d1_neumann_stratified_breakpoint_lbfgs_seed0201_20260907T084340+0800/states/accepted_0004.npz,49516740e9e1b046c35dd7eca5481a7dc83f42b74576e288156b165938fc78ce,30.875323623540485,30.87532362354051,ok,30.87532362354049,0.09875397070826303,0.13965920471382096,1.8108903686028757,0.36830233615509284,1.8108989162596667,0.36824502010031906,8.88109906720385,0.36735955812230875
tolerance_loose,5,20,50740,submit/data/raw/sensitivity/tolerance_loose/pure_p_p4_k3_d1_neumann_stratified_breakpoint_lbfgs_seed0201_20260907T084340+0800/states/accepted_0005.npz,22b5d1c1bbad89caf4841912c60acefd9ba5e284116391de33a4807cdfed0c72,16.161087582772705,16.161087582772723,ok,16.161087582772705,0.12473596937092764,0.17640329960012086,1.566458197155411,0.3185892550451531,1.5664831377483042,0.31854324356126573,6.431504806268829,0.2660340511702335
tolerance_loose,6,20,50740,submit/data/raw/sensitivity/tolerance_loose/pure_p_p4_k3_d1_neumann_stratified_breakpoint_lbfgs_seed0201_20260907T084340+0800/states/accepted_0006.npz,f7ad8d09f7789be085e72090f9bea93fe3494b0e421d7d295835957d9bb7d36d,0.13120674730938736,0.13120674730942028,ok,0.13120674730938736,0.017798172200899867,0.025170416511964392,0.22379385343074706,0.04551562063874996,0.22379645474794232,0.04550885156376064,0.5846591824497267,0.024183959360392977
tolerance_loose,7,20,50740,submit/data/raw/sensitivity/tolerance_loose/pure_p_p4_k3_d1_neumann_stratified_breakpoint_lbfgs_seed0201_20260907T084340+0800/states/accepted_0007.npz,0695c55bb02fd214a35da80a7d8a41f32e373bca2ce5309c09c15a74fce74d7e,0.10829488147821575,0.1082948814782867,ok,0.10829488147821598,0.016801641641324815,0.023761109479294103,0.166121262576998,0.03378605914136331,0.166126210549193,0.033781647994594884,0.5315034773807481,0.02198521614425996
tolerance_loose,8,20,50740,submit/data/raw/sensitivity/tolerance_loose/pure_p_p4_k3_d1_neumann_stratified_breakpoint_lbfgs_seed0201_20260907T084340+0800/states/accepted_0008.npz,b9cbb9fdeec16e1f2719f3c39b8c898a97b9e62b6abcb2e729c6f877c06db887,0.02307181545556021,0.02307181545563708,ok,0.023071815455560304,0.004234913726080855,0.0059890724269035245,0.17241153315305227,0.03506538636534971,0.17241155437221228,0.035059768237344684,0.24558580083654127,0.01015846018535966
tolerance_loose,9,20,50740,submit/data/raw/sensitivity/tolerance_loose/pure_p_p4_k3_d1_neumann_stratified_breakpoint_lbfgs_seed0201_20260907T084340+0800/states/accepted_0009.npz,0b3a32003331617f04b68c28bb4f514e251495462ff5c422612459dc22de3ec1,0.014561736064075025,0.014561736064138131,ok,0.014561736064074963,0.005002630086108486,0.0070747873153103056,0.07548140277899491,0.015351551624417424,0.07548182812514762,0.01534917662470352,0.1958354843610026,0.008100578144116643
tolerance_loose,10,20,50740,submit/data/raw/sensitivity/tolerance_loose/pure_p_p4_k3_d1_neumann_stratified_breakpoint_lbfgs_seed0201_20260907T084340+0800/states/accepted_0010.npz,01b465b6aae1c21cf23bd5186b904a93de2531d89b481d305060a73ab4ced59c,0.013898273504864486,0.013898273504878489,ok,0.013898273504864627,0.005325680168679091,0.007531649123407404,0.07808210679937123,0.015880487767079406,0.07808259342352156,0.01587804041769427,0.19116910419529187,0.00790755706162061
tolerance_loose,11,20,50740,submit/data/raw/sensitivity/tolerance_loose/pure_p_p4_k3_d1_neumann_stratified_breakpoint_lbfgs_seed0201_20260907T084340+0800/states/accepted_0011.npz,dd66b59a315708c7b55b0e0a4fb79aaacdcd22521a91e47c99c94aebb955b5cb,0.008965811092217203,0.008965811092252807,ok,0.008965811092217313,0.0035796807055625724,0.005062433002771881,0.05092399228331329,0.010357018651967457,0.050924341655430395,0.0103554290347869,0.15434892087411664,0.006384519634327507
tolerance_loose,12,20,50740,submit/data/raw/sensitivity/tolerance_loose/pure_p_p4_k3_d1_neumann_stratified_breakpoint_lbfgs_seed0201_20260907T084340+0800/states/accepted_0012.npz,fa433a1fa4768cc4a0aba28fc7ee350c2a2dff93ef1510add10a9bc6b7afa727,0.002642078822548496,0.002642078822532312,ok,0.0026420788225485375,0.001052105856834294,0.0014879023717872246,0.02831560755184926,0.005758882255827969,0.02831562439497299,0.005757962292018272,0.08390003505489389,0.003470457830836466
tolerance_loose,13,20,50740,submit/data/raw/sensitivity/tolerance_loose/pure_p_p4_k3_d1_neumann_stratified_breakpoint_lbfgs_seed0201_20260907T084340+0800/states/accepted_0013.npz,c47f39ac94db6569a0fdf832286ea8d215ef78693b8800b033bbcc8d7e9decec,0.0010944103698749368,0.0010944103698875551,ok,0.0010944103698750996,0.0018926546920185149,0.002676617934341657,0.02759539522409561,0.0056124040993153716,0.02759555885352366,0.005611537470950824,0.054006200948589836,0.002233923297804734
tolerance_loose,14,20,50740,submit/data/raw/sensitivity/tolerance_loose/pure_p_p4_k3_d1_neumann_stratified_breakpoint_lbfgs_seed0201_20260907T084340+0800/states/accepted_0014.npz,b84ce0e0a2980c45de6449ab9cfc0f9d097f894c8d5b696863289664a4b5b3b5,0.0010582941182748131,0.0010582941183656658,ok,0.0010582941182751505,0.0018961395367999888,0.0026815462490943826,0.02560060155159291,0.005206699158548051,0.025600806867353616,0.005205906058481079,0.0531145730978509,0.002197041825052497
tolerance_loose,15,20,50740,submit/data/raw/sensitivity/tolerance_loose/pure_p_p4_k3_d1_neumann_stratified_breakpoint_lbfgs_seed0201_20260907T084340+0800/states/accepted_0015.npz,b4a87eadee0abe27ce1b56efd8243d8ad52fb1648a8065d630d2574ae48144d3,0.001020019457970544,0.0010200194579965682,ok,0.0010200194579707473,0.0019305838836166796,0.0027302579115096293,0.027184869936440995,0.0055289106835264374,0.027185054898470944,0.005528061780605902,0.052139505067921935,0.002156708916039393
tolerance_loose,16,20,50740,submit/data/raw/sensitivity/tolerance_loose/pure_p_p4_k3_d1_neumann_stratified_breakpoint_lbfgs_seed0201_20260907T084340+0800/states/accepted_0016.npz,956448ee4b2c460bb8255d6a0b0bdbf1582a641f266b9d05d134394d80c15b6c,0.0010081003586994153,0.0010081003587174564,ok,0.001008100358699304,0.0019254714317155567,0.0027230278126940816,0.025296049644739277,0.0051447588110154615,0.025296275532492238,0.005143979825867925,0.05183928642629791,0.0021442906121005986
tolerance_loose,17,20,50740,submit/data/raw/sensitivity/tolerance_loose/pure_p_p4_k3_d1_neumann_stratified_breakpoint_lbfgs_seed0201_20260907T084340+0800/states/accepted_0017.npz,6965ed5e42ec59215dd477974799dc9143f4c6fd9997f708392eccddd021d5f3,0.000312877193549356,0.0003128771935507757,ok,0.0003128771935494683,0.00107780879225031,0.0015242518116453541,0.016184168118138928,0.003291566971685905,0.016184252114369396,0.003291056276887192,0.028905825589657208,0.0011956663511378056
tolerance_loose,18,20,50740,submit/data/raw/sensitivity/tolerance_loose/pure_p_p4_k3_d1_neumann_stratified_breakpoint_lbfgs_seed0201_20260907T084340+0800/states/accepted_0018.npz,0a99cc90f5f1db46025746fc5d992e6622f7d6c8dd7a356906f87511b526f1c3,0.0002823619198658357,0.0002823619198579763,ok,0.0002823619198657072,0.001188173378360783,0.0016803309061284785,0.01763516332435151,0.0035866731434693656,0.017635259063505684,0.003586117518767011,0.02747408674213056,0.0011364436190869707
tolerance_loose,19,20,50740,submit/data/raw/sensitivity/tolerance_loose/pure_p_p4_k3_d1_neumann_stratified_breakpoint_lbfgs_seed0201_20260907T084340+0800/states/accepted_0019.npz,de19ea0488aa3142b7f733ee56bfc935307ca4aa4226db2dd8a29cf5391fc1fd,4.349407348911683e-05,4.3494073565852887e-05,ok,4.349407348925386e-05,0.00016781923070984236,0.00023733223209687848,0.00401813606959744,0.0008172161755786091,0.004018139507427348,0.00081708584084563,0.010769390304377992,0.0004454672145334562
tolerance_loose,20,20,50740,submit/data/raw/sensitivity/tolerance_loose/pure_p_p4_k3_d1_neumann_stratified_breakpoint_lbfgs_seed0201_20260907T084340+0800/states/accepted_0020.npz,906dc80169eb9bbadad4b7a9c17205642eca4a4ce07d31b6e4468cc08bb3a318,4.0973943119380954e-05,4.097394310065283e-05,ok,4.097394311951459e-05,0.00016686522378641454,0.00023598306256716905,0.003695382114328449,0.0007515738607318102,0.0036953863769673013,0.0007514542189220911,0.010452599443454584,0.00043236341400095646
tolerance_loose,21,20,50740,submit/data/raw/sensitivity/tolerance_loose/pure_p_p4_k3_d1_neumann_stratified_breakpoint_lbfgs_seed0201_20260907T084340+0800/states/accepted_0021.npz,91f62a9ae29181a149053bc8e09cdbc7053d82a27e9223b1c621c66e60685691,3.435992660239935e-05,3.4359926644356165e-05,ok,3.4359926602611345e-05,0.00016342685610664447,0.0002311204763620129,0.004211694121539438,0.0008565823812572367,0.004211696772553119,0.0008564455744822379,0.009571729184095134,0.00039592692041016345
tolerance_loose,22,20,50740,submit/data/raw/sensitivity/tolerance_loose/pure_p_p4_k3_d1_neumann_stratified_breakpoint_lbfgs_seed0201_20260907T084340+0800/states/accepted_0022.npz,107d2dd809ce3729a316e5290e2f7a7a60d9d9e6791d8778935c586e9e8a09fc,3.384829763736516e-05,3.384829767583142e-05,ok,3.384829763746401e-05,0.00016416545288191572,0.00023216500993872654,0.003283628996662403,0.0006678307265339365,0.0032836346423874823,0.0006677247934885266,0.009500317572432308,0.000392973036222323
tolerance_loose,23,20,50740,submit/data/raw/sensitivity/tolerance_loose/pure_p_p4_k3_d1_neumann_stratified_breakpoint_lbfgs_seed0201_20260907T084340+0800/states/accepted_0023.npz,13902565edb60f331fcbe8ace03d2f16134da7d0a2d299363f8a97f691b8bead,3.09756906778873e-05,3.097569071996986e-05,ok,3.097569067800205e-05,0.0001588205947989308,0.0002246062391488098,0.003237076083485802,0.0006583627062854245,0.00323708124741205,0.0006582581933848199,0.00908821332348542,0.0003759266736440122
tolerance_loose,24,20,50740,submit/data/raw/sensitivity/tolerance_loose/pure_p_p4_k3_d1_neumann_stratified_breakpoint_lbfgs_seed0201_20260907T084340+0800/states/accepted_0024.npz,b20889116c126bc32f042f9b84dc62677af4469aab3b7a10d0cc347a3f49f524,2.911735500107419e-05,2.911735498400958e-05,ok,2.9117355001065185e-05,0.00015843795224104284,0.0002240651008539035,0.003236110502010733,0.0006581663244838633,0.0032361156180219595,0.0006580618333279605,0.00881135693044428,0.0003644747304282779
tolerance_loose,25,20,50740,submit/data/raw/sensitivity/tolerance_loose/pure_p_p4_k3_d1_neumann_stratified_breakpoint_lbfgs_seed0201_20260907T084340+0800/states/accepted_0025.npz,7f95f565b7282ac82f654b5c643bb2c6a39641b4ea3e89f5edcbfc08cc5e6243,2.6947026478423144e-05,2.694702641292679e-05,ok,2.694702647827963e-05,0.0001547537089502915,0.00021885479402504088,0.0032096167771515425,0.000652777980204017,0.003209621538575813,0.0006526742809192722,0.008476627434046249,0.00035062891259010366
tolerance_loose,26,20,50740,submit/data/raw/sensitivity/tolerance_loose/pure_p_p4_k3_d1_neumann_stratified_breakpoint_lbfgs_seed0201_20260907T084340+0800/states/accepted_0026.npz,8df499267052ac1b237ab4886226c5e7c9f223e247b4683d6ec9a88f332501a0,2.689336074048537e-05,2.6893360768553976e-05,ok,2.6893360740633872e-05,0.00015444907600559122,0.0002184239779831001,0.00277734426689149,0.0005648615728141904,0.002777351537262831,0.0005647724803863932,0.008468223061262692,0.000350281272433328
tolerance_loose,27,20,50740,submit/data/raw/sensitivity/tolerance_loose/pure_p_p4_k3_d1_neumann_stratified_breakpoint_lbfgs_seed0201_20260907T084340+0800/states/accepted_0027.npz,f5c77100b3192dc8946fee0caf024b60bc3e2a9a3de1d56aff209c4d8b47c58d,1.199696189064696e-05,1.1996961916338478e-05,ok,1.199696189088919e-05,0.00010045888420290566,0.00014207031650061746,0.00228388733927981,0.0004645013619575211,0.002283889631904906,0.0004644273492331894,0.005656479068980163,0.00023397573156031375
tolerance_loose,28,20,50740,submit/data/raw/sensitivity/tolerance_loose/pure_p_p4_k3_d1_neumann_stratified_breakpoint_lbfgs_seed0201_20260907T084340+0800/states/accepted_0028.npz,0b6a793645238d0815242b28ef2ce5b8193e130d92ee8d46022ea195f9ca3b9b,4.276726011557801e-06,4.276726031093858e-06,ok,4.2767260117353725e-06,5.462186805894104e-05,7.724698661110819e-05,0.0016011920763899954,0.0003256534976341155,0.0016011926606261813,0.00032560140060972,0.0033771923126360757,0.00013969485829130093
tolerance_loose,29,20,50740,submit/data/raw/sensitivity/tolerance_loose/pure_p_p4_k3_d1_neumann_stratified_breakpoint_lbfgs_seed0201_20260907T084340+0800/states/accepted_0029.npz,8116f12a9ea3c900401d6ee1a964f960d37665a14dd9a0d38b735089e1732650,3.3959389168367386e-06,3.395938961148204e-06,ok,3.3959389169861663e-06,5.4363952285668074e-05,7.688223862659562e-05,0.0016034079005607,0.000326104156179066,0.0016034084705470492,0.0003260519839976287,0.003009425775430285,0.00012448248968942394
tolerance_loose,30,20,50740,submit/data/raw/sensitivity/tolerance_loose/pure_p_p4_k3_d1_neumann_stratified_breakpoint_lbfgs_seed0201_20260907T084340+0800/states/accepted_0030.npz,3c55ba704a3a6c62b32d3cbe642c7f2c719a8b87694aba12bc28b3847bf33aad,3.295450001068382e-06,3.29545002841769e-06,ok,3.2954500012628558e-06,5.432725521500414e-05,7.683034113156333e-05,0.0016038822699823607,0.0003262006343365665,0.0016038828381868368,0.00032614844632331686,0.002964568715786091,0.0001226270133024518
tolerance_loose,31,20,50740,submit/data/raw/sensitivity/tolerance_loose/pure_p_p4_k3_d1_neumann_stratified_breakpoint_lbfgs_seed0201_20260907T084340+0800/states/accepted_0031.npz,8e724e8adbc5c72c72bc54e1c0dbd96f93639bbf72cb45087aa5d3b41a3d0751,3.0387188940394386e-06,3.0387188303393486e-06,ok,3.0387188943807933e-06,5.4329287901292935e-05,7.683321578408098e-05,0.0016076811880217162,0.00032697326553115163,0.0016076817517477178,0.00032692095272222475,0.0028467630010619483,0.00011775407415630968
tolerance_loose,32,20,50740,submit/data/raw/sensitivity/tolerance_loose/pure_p_p4_k3_d1_neumann_stratified_breakpoint_lbfgs_seed0201_20260907T084340+0800/states/accepted_0032.npz,05ac962c00c1743d63aed936c4ba840fbbbed7067dde1ff1e2da69b82032db88,3.0099837555542133e-06,3.0099838568276027e-06,ok,3.0099837557735736e-06,5.43490657460001e-05,7.686118588030036e-05,0.0016035587627794736,0.00032613483882478286,0.0016035593313187483,0.00032608266142937703,0.0028332716669286777,0.00011719601591282258
tolerance_tight,1,16,40592,submit/data/raw/sensitivity/tolerance_tight/pure_p_p4_k3_d1_neumann_stratified_breakpoint_lbfgs_seed0201_20260907T084341+0800/states/accepted_0001.npz,bd034166a7cb3deff40f103e8b46b87de30043e59a85af21cda8f1cf495fc93d,313.91278600732085,313.91278600732085,ok,313.91278600732085,0.6829109522128145,0.9657819305124868,4.472850052732821,0.9096967725130083,4.4743553710740525,0.9098570156308357,22.54289843680122,0.9324689597395409
tolerance_tight,2,16,40592,submit/data/raw/sensitivity/tolerance_tight/pure_p_p4_k3_d1_neumann_stratified_breakpoint_lbfgs_seed0201_20260907T084341+0800/states/accepted_0002.npz,9296c4612835d99d2f2df66379d276953f0eb0bf3604e8c504e083b2537ba16e,186.0723533281607,186.07235332816072,ok,186.0723533281607,0.2838524055629349,0.40142792165933067,3.332186679807838,0.6777064807213863,3.3322601956092446,0.6776127655132275,21.555195120777686,0.8916134022252407
tolerance_tight,3,16,40592,submit/data/raw/sensitivity/tolerance_tight/pure_p_p4_k3_d1_neumann_stratified_breakpoint_lbfgs_seed0201_20260907T084341+0800/states/accepted_0003.npz,a19d955433f04333e4170d5e66b76e45a4273457c8cb0bbdce8e4ed0b5abdc82,109.73460941639469,109.73460941639473,ok,109.73460941639469,0.29138762847352073,0.4120843360949856,2.9081146327953054,0.5914578991834061,2.908261987190553,0.5913930282436669,16.578149702854205,0.6857419001005967
tolerance_tight,4,16,40592,submit/data/raw/sensitivity/tolerance_tight/pure_p_p4_k3_d1_neumann_stratified_breakpoint_lbfgs_seed0201_20260907T084341+0800/states/accepted_0004.npz,c09738b4d769cac5efb3b71987bf9b3fca3c92fec89c20c142630ab6aa2584fa,30.875323513674992,30.875323513675028,ok,30.875323513674992,0.09875733927054432,0.13966396858028482,1.8108233958579278,0.3682887151105223,1.8108319452611,0.36823140159489504,8.881078534873438,0.36735870881888694
tolerance_tight,5,16,40592,submit/data/raw/sensitivity/tolerance_tight/pure_p_p4_k3_d1_neumann_stratified_breakpoint_lbfgs_seed0201_20260907T084341+0800/states/accepted_0005.npz,3aa7cdc7c2000597040ad4c82302a51a80285951a81e92e304bdd7a7b6a1da74,16.161087582080647,16.161087582080654,ok,16.161087582080647,0.1247360691062846,0.1764034406472153,1.5664584805741641,0.3185893126873995,1.5664834212474024,0.31854330121060775,6.431502052347554,0.26603393725648306
tolerance_tight,6,16,40592,submit/data/raw/sensitivity/tolerance_tight/pure_p_p4_k3_d1_neumann_stratified_breakpoint_lbfgs_seed0201_20260907T084341+0800/states/accepted_0006.npz,a3b9251062c63c4818c92c3714f31d9c2aaa99c25fd4541e0f2b3e31a0a1e7c7,0.1312067458051444,0.1312067458051729,ok,0.13120674580514413,0.01779974595681304,0.025172642138920665,0.22378466302770259,0.045513751477054595,0.22378726555550763,0.04550698294794644,0.5846590046368879,0.02418395200530715
tolerance_tight,7,16,40592,submit/data/raw/sensitivity/tolerance_tight/pure_p_p4_k3_d1_neumann_stratified_breakpoint_lbfgs_seed0201_20260907T084341+0800/states/accepted_0007.npz,f45e5be6a3ed411adde18a08f0d88f6737899633acc67eae03d8f464e1bf5f9c,0.10829488147628588,0.10829488147629718,ok,0.1082948814762858,0.01680167992996705,0.023761163627611236,0.1661213895106951,0.033786084957380655,0.16612633751608236,0.03378167381322247,0.5315034626065083,0.021985215533135347
tolerance_tight,8,16,40592,submit/data/raw/sensitivity/tolerance_tight/pure_p_p4_k3_d1_neumann_stratified_breakpoint_lbfgs_seed0201_20260907T084341+0800/states/accepted_0008.npz,38b54005ae45c8942cc4b911d28d623f8c2326308625c0cd2296fa13b87e3a85,0.023071815389830615,0.0230718153898124,ok,0.023071815389830528,0.004234530850480021,0.005988530959036122,0.1724108216738777,0.03506524166335854,0.17241084288785993,0.03505962355750237,0.24558585689820653,0.010158462504305594
tolerance_tight,9,16,40592,submit/data/raw/sensitivity/tolerance_tight/pure_p_p4_k3_d1_neumann_stratified_breakpoint_lbfgs_seed0201_20260907T084341+0800/states/accepted_0009.npz,e72e3223993a02a357deecd0b5cd34ebee40d7f7e4b176065b7636c5a3f9259d,0.014561736063628887,0.01456173606362654,ok,0.014561736063628887,0.0050026306986166525,0.007074788181527661,0.07548141409101294,0.015351553925077217,0.07548183943734361,0.015349178925030613,0.1958354836908496,0.008100578116396301
tolerance_tight,10,16,40592,submit/data/raw/sensitivity/tolerance_tight/pure_p_p4_k3_d1_neumann_stratified_breakpoint_lbfgs_seed0201_20260907T084341+0800/states/accepted_0010.npz,4a72e9c8548079d341d7fad9d2b612913d76b4991bc5e9b3b04ba2fa2b4dd483,0.013898273503997131,0.013898273503968994,ok,0.01389827350399688,0.005325708905785965,0.007531689763813686,0.07808232304134465,0.015880531746784284,0.07808280967112323,0.01587808439149187,0.19116909807352753,0.007907556808398726
tolerance_tight,11,16,40592,submit/data/raw/sensitivity/tolerance_tight/pure_p_p4_k3_d1_neumann_stratified_breakpoint_lbfgs_seed0201_20260907T084341+0800/states/accepted_0011.npz,e066ec8ab0e4207d2c5463df7906bd603690a59a67caee6db66c01f1bdd33557,0.008965811091272605,0.008965811091286469,ok,0.008965811091272492,0.0035796294436960183,0.005062360507544966,0.050923641866683717,0.01035694738356516,0.05092399122682219,0.010355357775376052,0.15434892688066512,0.00638451988278358
tolerance_tight,12,16,40592,submit/data/raw/sensitivity/tolerance_tight/pure_p_p4_k3_d1_neumann_stratified_breakpoint_lbfgs_seed0201_20260907T084341+0800/states/accepted_0012.npz,3db62bf333911aefea3446efebeb7c2f22d27410b8294a4c09f1cbe9cc58766f,0.002642078790746094,0.0026420787906999976,ok,0.002642078790746129,0.001052065429356691,0.0014878451987001059,0.02832317132616151,0.005760420590670127,0.02832318815345429,0.005759500376982026,0.08390001839616326,0.0034704571417614
tolerance_tight,13,16,40592,submit/data/raw/sensitivity/tolerance_tight/pure_p_p4_k3_d1_neumann_stratified_breakpoint_lbfgs_seed0201_20260907T084341+0800/states/accepted_0013.npz,ee721a023f9478d9c54bc13644b8e148c00a9d5f9a67a70b78c66f7af74f8a4e,0.00109441036719437,0.0010944103672159144,ok,0.0010944103671941823,0.001892751954653271,0.002676755484478841,0.027595705577339515,0.005612467219549895,0.027595869234270563,0.005611600586657258,0.05400620324614383,0.002233923392841217
tolerance_tight,14,16,40592,submit/data/raw/sensitivity/tolerance_tight/pure_p_p4_k3_d1_neumann_stratified_breakpoint_lbfgs_seed0201_20260907T084341+0800/states/accepted_0014.npz,1f170fdb772624e3e05686c3b966e274a1df554146a76190ebbe4a8532e99372,0.0010582941181861776,0.0010582941181951355,ok,0.0010582941181863168,0.0018961393406989645,0.002681545971765654,0.02560054220909009,0.005206687089356673,0.025600747526138685,0.005205893991486786,0.05311457370947097,0.002197041850351672
tolerance_tight,15,16,40592,submit/data/raw/sensitivity/tolerance_tight/pure_p_p4_k3_d1_neumann_stratified_breakpoint_lbfgs_seed0201_20260907T084341+0800/states/accepted_0015.npz,01f641cf03044eca5441399377324a293343e19b092441000fcf6bd6798f17b2,0.0010200194579291105,0.0010200194578828814,ok,0.001020019457929188,0.0019305823333924887,0.0027302557191615537,0.027184844723239687,0.005528905555617479,0.02718502968517549,0.005528056653500015,0.052139505247031336,0.00215670892344811
tolerance_tight,16,16,40592,submit/data/raw/sensitivity/tolerance_tight/pure_p_p4_k3_d1_neumann_stratified_breakpoint_lbfgs_seed0201_20260907T084341+0800/states/accepted_0016.npz,273b63e0b9a9f5fa763f716d127c70ebb1653a943f23abd65d6bbad96c8b9b90,0.0010081003586898223,0.0010081003587174564,ok,0.0010081003586895534,0.0019254720791163397,0.0027230287282570486,0.02529606128738753,0.005144761178919462,0.025296287175136743,0.0051439821933914895,0.05183928636512081,0.0021442906095700564
tolerance_tight,17,16,40592,submit/data/raw/sensitivity/tolerance_tight/pure_p_p4_k3_d1_neumann_stratified_breakpoint_lbfgs_seed0201_20260907T084341+0800/states/accepted_0017.npz,77b84912ed371d67bb47fac4fa6781e3f909282017fd38fc8d511088389436e1,0.00031287719202368475,0.0003128771920160034,ok,0.0003128771920235717,0.0010777228164759677,0.0015241302235392436,0.01618362106480058,0.003291455710934835,0.01618370504293708,0.0032909450302964624,0.02890582583839676,0.0011956663614267184
tolerance_tight,18,16,40592,submit/data/raw/sensitivity/tolerance_tight/pure_p_p4_k3_d1_neumann_stratified_breakpoint_lbfgs_seed0201_20260907T084341+0800/states/accepted_0018.npz,a372d83403ae7e38c556342364c297f21ba8c78579755c34fc90dc386819e790,0.00028236191908284354,0.00028236191900532503,ok,0.0002823619190828306,0.0011882070301965945,0.0016803784970110815,0.017635434195741158,0.0035867282338090866,0.017635529941267398,0.0035861726015692093,0.027474087956829294,0.0011364436693320121
tolerance_tight,19,16,40592,submit/data/raw/sensitivity/tolerance_tight/pure_p_p4_k3_d1_neumann_stratified_breakpoint_lbfgs_seed0201_20260907T084341+0800/states/accepted_0019.npz,6dde3b018b62621db0278b9ef213150a62f7c5e983b68da9b348058a67f72612,4.34940730852308e-05,4.3494073167948955e-05,ok,4.349407308498392e-05,0.000167829911307286,0.0002373473367426375,0.0040190741523428875,0.0008174069646361054,0.004019077588721201,0.000817276599016508,0.010769390651183207,0.00044546722887877646
tolerance_tight,20,16,40592,submit/data/raw/sensitivity/tolerance_tight/pure_p_p4_k3_d1_neumann_stratified_breakpoint_lbfgs_seed0201_20260907T084341+0800/states/accepted_0020.npz,ee030e0a8488dac0d43f65dd390d25d350b7bd3178bfef3dd754fe8cbc051194,4.097394311937825e-05,4.097394304380941e-05,ok,4.097394311951389e-05,0.00016686522378717746,0.00023598306256824794,0.0036953821144870658,0.0007515738607640699,0.0036953863771259175,0.0007514542189543455,0.010452599443454435,0.0004323634140009503
tolerance_tight,21,16,40592,submit/data/raw/sensitivity/tolerance_tight/pure_p_p4_k3_d1_neumann_stratified_breakpoint_lbfgs_seed0201_20260907T084341+0800/states/accepted_0021.npz,d468d60a83bce27e3774fe25b7231d42af25ce341df844b9aded833968475aec,3.435992659158539e-05,3.4359926587512746e-05,ok,3.435992659157974e-05,0.00016342679248078414,0.00023112038638145826,0.004211810982125765,0.0008566061485861125,0.0042118136329154735,0.0008564693379546755,0.009571729171148529,0.00039592691987463746
tolerance_tight,22,16,40592,submit/data/raw/sensitivity/tolerance_tight/pure_p_p4_k3_d1_neumann_stratified_breakpoint_lbfgs_seed0201_20260907T084341+0800/states/accepted_0022.npz,2a808ecfe7e99cc3289cd9789bdc01c7cce8134c09f2d41617e3136264c2fe0a,3.384829763736315e-05,3.384829767583142e-05,ok,3.384829763745038e-05,0.00016416545288302286,0.0002321650099402922,0.003283628996690003,0.0006678307265395497,0.003283634642415082,0.0006677247934941389,0.009500317572421226,0.0003929730362218646
tolerance_tight,23,16,40592,submit/data/raw/sensitivity/tolerance_tight/pure_p_p4_k3_d1_neumann_stratified_breakpoint_lbfgs_seed0201_20260907T084341+0800/states/accepted_0023.npz,a6379e457f806e893861d802e3bd4448ff9bdeafd8fdecfcf3438d4ab2eec769,3.097569065921784e-05,3.097569071996986e-05,ok,3.097569065904009e-05,0.00015883365487235322,0.00022462470888176935,0.0032371559049351397,0.0006583789405239935,0.003237161070119532,0.0006582744252762064,0.009088213292073669,0.00037592667234469024
tolerance_tight,24,16,40592,submit/data/raw/sensitivity/tolerance_tight/pure_p_p4_k3_d1_neumann_stratified_breakpoint_lbfgs_seed0201_20260907T084341+0800/states/accepted_0024.npz,1520280d30a64c59ec0c9efcdc8b0e22902f1213316a8588d27063fdc38c1bbc,2.9117354991242923e-05,2.911735498400958e-05,ok,2.911735499100456e-05,0.0001584400700205679,0.00022406809584642995,0.0032361196734155507,0.000658168189781663,0.003236124789648229,0.0006580636983717072,0.008811356875665212,0.0003644747281623856
tolerance_tight,25,16,40592,submit/data/raw/sensitivity/tolerance_tight/pure_p_p4_k3_d1_neumann_stratified_breakpoint_lbfgs_seed0201_20260907T084341+0800/states/accepted_0025.npz,9a3aa94dcd5a9da16e36daba088c472156665e1a9cb2b2ad5de1ffb78ce318a8,2.6947026478421785e-05,2.6947026526613627e-05,ok,2.6947026478380016e-05,0.00015475370894956722,0.00021885479402401658,0.003209616777131763,0.0006527779801999941,0.003209621538556033,0.0006526742809152498,0.008476627434038765,0.0003506289125897941
tolerance_tight,26,16,40592,submit/data/raw/sensitivity/tolerance_tight/pure_p_p4_k3_d1_neumann_stratified_breakpoint_lbfgs_seed0201_20260907T084341+0800/states/accepted_0026.npz,9f9e156a04102d918981c40f6cc07f18153175f834afaf9b7fa1983d25a95cd1,2.6893360740483873e-05,2.6893360711710557e-05,ok,2.6893360740436226e-05,0.00015444907600639917,0.00021842397798424267,0.0027773442668935716,0.0005648615728146137,0.002777351537264912,0.0005647724803868163,0.008468223061262312,0.0003502812724333123
tolerance_tight,27,16,40592,submit/data/raw/sensitivity/tolerance_tight/pure_p_p4_k3_d1_neumann_stratified_breakpoint_lbfgs_seed0201_20260907T084341+0800/states/accepted_0027.npz,7c101486ade5f425c7b69f1f43229f7b808b73bdab3d368209bf78c8c6bdda84,1.1996961366935696e-05,1.1996961404747708e-05,ok,1.1996961367114939e-05,0.00010045482576593161,0.0001420645770040067,0.002283817432102248,0.0004644871441024501,0.002283819724578196,0.00046441313362750403,0.005656478904809401,0.00023397572476952156
tolerance_tight,28,16,40592,submit/data/raw/sensitivity/tolerance_tight/pure_p_p4_k3_d1_neumann_stratified_breakpoint_lbfgs_seed0201_20260907T084341+0800/states/accepted_0028.npz,8694dbcba8c38c0f9441ab79eead1bd797cb74769e4b66f3b18d23eebfe8fa81,4.276725732289518e-06,4.276725690033345e-06,ok,4.276725732249555e-06,5.462093808566105e-05,7.724567143028298e-05,0.001601324825608807,0.0003256804964233623,0.0016013254096679075,0.00032562839503392545,0.0033771921825332517,0.0001396948529097017
tolerance_tight,29,16,40592,submit/data/raw/sensitivity/tolerance_tight/pure_p_p4_k3_d1_neumann_stratified_breakpoint_lbfgs_seed0201_20260907T084341+0800/states/accepted_0029.npz,25c77074d5422b4b145d53d0a63b515bb639e9a2add41d9dd5f1c6af44901ba7,3.395938857365031e-06,3.395938961148204e-06,ok,3.3959388575492723e-06,5.4363888252537334e-05,7.688214807007367e-05,0.0016034287188197755,0.0003261083902362928,0.0016034292887795055,0.00032605621737054666,0.003009425773436745,0.00012448248960696275
tolerance_tight,30,16,40592,submit/data/raw/sensitivity/tolerance_tight/pure_p_p4_k3_d1_neumann_stratified_breakpoint_lbfgs_seed0201_20260907T084341+0800/states/accepted_0030.npz,d9ff72773abd7203874524eeada1f68bdeba7b9f871885325168a668ac40afbd,3.295450001067871e-06,3.2954499147308525e-06,ok,3.295450001045648e-06,5.4327255213719065e-05,7.683034112974593e-05,0.0016038822699768443,0.0003262006343354445,0.0016038828381813204,0.00032614844632219503,0.002964568715786066,0.00012262701330245076
tolerance_tight,31,16,40592,submit/data/raw/sensitivity/tolerance_tight/pure_p_p4_k3_d1_neumann_stratified_breakpoint_lbfgs_seed0201_20260907T084341+0800/states/accepted_0031.npz,9b94da3fa056ddec58279d2877b0eee876bb58f7697a1fc2d51220a133f72312,3.038718894038908e-06,3.0387190008696052e-06,ok,3.0387188940640153e-06,5.4329287901169635e-05,7.68332157839066e-05,0.001607681187995253,0.00032697326552576944,0.0016076817517212544,0.00032692095271684337,0.0028467630010623086,0.00011775407415632459
tolerance_tight,32,16,40592,submit/data/raw/sensitivity/tolerance_tight/pure_p_p4_k3_d1_neumann_stratified_breakpoint_lbfgs_seed0201_20260907T084341+0800/states/accepted_0032.npz,bb9927f136bc7e5e97d9549a609a235ced1fb1e311b70270d618fda6b5296c3a,3.0099837555538207e-06,3.009983743140765e-06,ok,3.0099837557327047e-06,5.4349065746354986e-05,7.686118588080224e-05,0.001603558762778271,0.0003261348388245382,0.0016035593313175457,0.00032608266142913244,0.0028332716669287428,0.00011719601591282528
tolerance_tight,1,20,50740,submit/data/raw/sensitivity/tolerance_tight/pure_p_p4_k3_d1_neumann_stratified_breakpoint_lbfgs_seed0201_20260907T084341+0800/states/accepted_0001.npz,bd034166a7cb3deff40f103e8b46b87de30043e59a85af21cda8f1cf495fc93d,313.9127860073208,313.9127860073208,ok,313.9127860073208,0.6829109522128144,0.9657819305124868,4.47285005273282,0.9096967725130082,4.474355371074052,0.9098570156308355,22.542898436801217,0.9324689597395407
tolerance_tight,2,20,50740,submit/data/raw/sensitivity/tolerance_tight/pure_p_p4_k3_d1_neumann_stratified_breakpoint_lbfgs_seed0201_20260907T084341+0800/states/accepted_0002.npz,9296c4612835d99d2f2df66379d276953f0eb0bf3604e8c504e083b2537ba16e,186.07235332816066,186.07235332816066,ok,186.07235332816066,0.28385240556293484,0.40142792165933067,3.3321866798078377,0.6777064807213863,3.332260195609244,0.6776127655132275,21.555195120777686,0.8916134022252407
tolerance_tight,3,20,50740,submit/data/raw/sensitivity/tolerance_tight/pure_p_p4_k3_d1_neumann_stratified_breakpoint_lbfgs_seed0201_20260907T084341+0800/states/accepted_0003.npz,a19d955433f04333e4170d5e66b76e45a4273457c8cb0bbdce8e4ed0b5abdc82,109.73460941639465,109.73460941639462,ok,109.73460941639465,0.2913876284735207,0.4120843360949856,2.9081146327953054,0.5914578991834062,2.9082619871905524,0.5913930282436669,16.57814970285424,0.6857419001005981
tolerance_tight,4,20,50740,submit/data/raw/sensitivity/tolerance_tight/pure_p_p4_k3_d1_neumann_stratified_breakpoint_lbfgs_seed0201_20260907T084341+0800/states/accepted_0004.npz,c09738b4d769cac5efb3b71987bf9b3fca3c92fec89c20c142630ab6aa2584fa,30.875323513674985,30.87532351367497,ok,30.875323513674985,0.09875733927054432,0.13966396858028485,1.8108233958579278,0.36828871511052236,1.8108319452610997,0.36823140159489504,8.88107853486471,0.3673587088185259
tolerance_tight,5,20,50740,submit/data/raw/sensitivity/tolerance_tight/pure_p_p4_k3_d1_neumann_stratified_breakpoint_lbfgs_seed0201_20260907T084341+0800/states/accepted_0005.npz,3aa7cdc7c2000597040ad4c82302a51a80285951a81e92e304bdd7a7b6a1da74,16.16108758208064,16.161087582080654,ok,16.16108758208064,0.12473606910628457,0.17640344064721528,1.566458480574164,0.3185893126873995,1.5664834212474021,0.3185433012106078,6.431502052360348,0.2660339372570123
tolerance_tight,6,20,50740,submit/data/raw/sensitivity/tolerance_tight/pure_p_p4_k3_d1_neumann_stratified_breakpoint_lbfgs_seed0201_20260907T084341+0800/states/accepted_0006.npz,a3b9251062c63c4818c92c3714f31d9c2aaa99c25fd4541e0f2b3e31a0a1e7c7,0.1312067458051444,0.1312067458051729,ok,0.1312067458051443,0.017799745956813058,0.025172642138920693,0.2237846630277025,0.04551375147705459,0.22378726555550751,0.045506982947946424,0.5846590046345416,0.024183952005210094
tolerance_tight,7,20,50740,submit/data/raw/sensitivity/tolerance_tight/pure_p_p4_k3_d1_neumann_stratified_breakpoint_lbfgs_seed0201_20260907T084341+0800/states/accepted_0007.npz,f45e5be6a3ed411adde18a08f0d88f6737899633acc67eae03d8f464e1bf5f9c,0.10829488147628585,0.10829488147635402,ok,0.10829488147628595,0.01680167992996707,0.023761163627611263,0.16612138951069508,0.033786084957380655,0.16612633751608236,0.033781673813222474,0.5315034626065879,0.02198521553313864
tolerance_tight,8,20,50740,submit/data/raw/sensitivity/tolerance_tight/pure_p_p4_k3_d1_neumann_stratified_breakpoint_lbfgs_seed0201_20260907T084341+0800/states/accepted_0008.npz,38b54005ae45c8942cc4b911d28d623f8c2326308625c0cd2296fa13b87e3a85,0.02307181538983067,0.023071815389869244,ok,0.02307181538983074,0.004234530850480006,0.005988530959036102,0.17241082167387767,0.03506524166335854,0.1724108428878599,0.035059623557502376,0.24558585689829426,0.010158462504309223
tolerance_tight,9,20,50740,submit/data/raw/sensitivity/tolerance_tight/pure_p_p4_k3_d1_neumann_stratified_breakpoint_lbfgs_seed0201_20260907T084341+0800/states/accepted_0009.npz,e72e3223993a02a357deecd0b5cd34ebee40d7f7e4b176065b7636c5a3f9259d,0.014561736063628875,0.014561736063683384,ok,0.014561736063628835,0.0050026306986166325,0.0070747881815276335,0.07548141409101293,0.015351553925077217,0.07548183943734359,0.01534917892503061,0.19583548369049006,0.00810057811638143
tolerance_tight,10,20,50740,submit/data/raw/sensitivity/tolerance_tight/pure_p_p4_k3_d1_neumann_stratified_breakpoint_lbfgs_seed0201_20260907T084341+0800/states/accepted_0010.npz,4a72e9c8548079d341d7fad9d2b612913d76b4991bc5e9b3b04ba2fa2b4dd483,0.013898273503997121,0.013898273504025838,ok,0.013898273503997008,0.005325708905785946,0.007531689763813662,0.07808232304134462,0.01588053174678428,0.0780828096711232,0.015878084391491867,0.19116909807329618,0.007907556808389157
tolerance_tight,11,20,50740,submit/data/raw/sensitivity/tolerance_tight/pure_p_p4_k3_d1_neumann_stratified_breakpoint_lbfgs_seed0201_20260907T084341+0800/states/accepted_0011.npz,e066ec8ab0e4207d2c5463df7906bd603690a59a67caee6db66c01f1bdd33557,0.008965811091272587,0.008965811091343312,ok,0.008965811091272553,0.0035796294436959953,0.005062360507544934,0.05092364186668367,0.010356947383565152,0.050923991226822146,0.010355357775376045,0.15434892688062488,0.006384519882781915
tolerance_tight,12,20,50740,submit/data/raw/sensitivity/tolerance_tight/pure_p_p4_k3_d1_neumann_stratified_breakpoint_lbfgs_seed0201_20260907T084341+0800/states/accepted_0012.npz,3db62bf333911aefea3446efebeb7c2f22d27410b8294a4c09f1cbe9cc58766f,0.0026420787907460806,0.002642078790756841,ok,0.002642078790745993,0.0010520654293566703,0.0014878451987000766,0.028323171326161484,0.005760420590670123,0.028323188153454266,0.005759500376982022,0.083900018396367,0.003470457141769828
tolerance_tight,13,20,50740,submit/data/raw/sensitivity/tolerance_tight/pure_p_p4_k3_d1_neumann_stratified_breakpoint_lbfgs_seed0201_20260907T084341+0800/states/accepted_0013.npz,ee721a023f9478d9c54bc13644b8e148c00a9d5f9a67a70b78c66f7af74f8a4e,0.0010944103671943666,0.0010944103672727579,ok,0.0010944103671944407,0.0018927519546532439,0.0026767554844788033,0.02759570557733947,0.005612467219549887,0.027595869234270518,0.00561160058665725,0.054006203246228374,0.0022339233928447143
tolerance_tight,14,20,50740,submit/data/raw/sensitivity/tolerance_tight/pure_p_p4_k3_d1_neumann_stratified_breakpoint_lbfgs_seed0201_20260907T084341+0800/states/accepted_0014.npz,1f170fdb772624e3e05686c3b966e274a1df554146a76190ebbe4a8532e99372,0.001058294118186168,0.001058294118251979,ok,0.0010582941181860026,0.0018961393406989448,0.0026815459717656268,0.025600542209090058,0.005206687089356668,0.02560074752613865,0.00520589399148678,0.053114573709533645,0.0021970418503542643
tolerance_tight,15,20,50740,submit/data/raw/sensitivity/tolerance_tight/pure_p_p4_k3_d1_neumann_stratified_breakpoint_lbfgs_seed0201_20260907T084341+0800/states/accepted_0015.npz,01f641cf03044eca5441399377324a293343e19b092441000fcf6bd6798f17b2,0.0010200194579291027,0.0010200194579397248,ok,0.0010200194579292284,0.001930582333392462,0.0027302557191615164,0.027184844723239624,0.005528905555617467,0.02718502968517543,0.005528056653500004,0.05213950524702238,0.0021567089234477395
tolerance_tight,16,20,50740,submit/data/raw/sensitivity/tolerance_tight/pure_p_p4_k3_d1_neumann_stratified_breakpoint_lbfgs_seed0201_20260907T084341+0800/states/accepted_0016.npz,273b63e0b9a9f5fa763f716d127c70ebb1653a943f23abd65d6bbad96c8b9b90,0.001008100358689817,0.0010081003587742998,ok,0.0010081003586899825,0.0019254720791163132,0.0027230287282570113,0.02529606128738751,0.005144761178919459,0.025296287175136725,0.005143982193391487,0.05183928636511958,0.0021442906095700057
tolerance_tight,17,20,50740,submit/data/raw/sensitivity/tolerance_tight/pure_p_p4_k3_d1_neumann_stratified_breakpoint_lbfgs_seed0201_20260907T084341+0800/states/accepted_0017.npz,77b84912ed371d67bb47fac4fa6781e3f909282017fd38fc8d511088389436e1,0.00031287719202367624,0.0003128771920728468,ok,0.000312877192023554,0.0010777228164759432,0.0015241302235392091,0.016183621064800577,0.003291455710934835,0.016183705042937077,0.0032909450302964624,0.028905825838309827,0.0011956663614231223
tolerance_tight,18,20,50740,submit/data/raw/sensitivity/tolerance_tight/pure_p_p4_k3_d1_neumann_stratified_breakpoint_lbfgs_seed0201_20260907T084341+0800/states/accepted_0018.npz,a372d83403ae7e38c556342364c297f21ba8c78579755c34fc90dc386819e790,0.00028236191908283915,0.00028236191900532503,ok,0.0002823619190828361,0.0011882070301965696,0.0016803784970110464,0.017635434195741147,0.003586728233809085,0.017635529941267387,0.003586172601569208,0.027474087956328223,0.0011364436693112859
tolerance_tight,19,20,50740,submit/data/raw/sensitivity/tolerance_tight/pure_p_p4_k3_d1_neumann_stratified_breakpoint_lbfgs_seed0201_20260907T084341+0800/states/accepted_0019.npz,6dde3b018b62621db0278b9ef213150a62f7c5e983b68da9b348058a67f72612,4.349407308523201e-05,4.349407322479237e-05,ok,4.349407308545622e-05,0.00016782991130726366,0.00023734733674260594,0.004019074152342804,0.0008174069646360886,0.004019077588721119,0.0008172765990164914,0.010769390651183191,0.0004454672288787758
tolerance_tight,20,20,50740,submit/data/raw/sensitivity/tolerance_tight/pure_p_p4_k3_d1_neumann_stratified_breakpoint_lbfgs_seed0201_20260907T084341+0800/states/accepted_0020.npz,ee030e0a8488dac0d43f65dd390d25d350b7bd3178bfef3dd754fe8cbc051194,4.097394311937954e-05,4.097394310065283e-05,ok,4.0973943119537154e-05,0.0001668652237871546,0.00023598306256821563,0.0036953821144870254,0.0007515738607640618,0.0036953863771258776,0.0007514542189543375,0.010452599443454383,0.0004323634140009481
tolerance_tight,21,20,50740,submit/data/raw/sensitivity/tolerance_tight/pure_p_p4_k3_d1_neumann_stratified_breakpoint_lbfgs_seed0201_20260907T084341+0800/states/accepted_0021.npz,d468d60a83bce27e3774fe25b7231d42af25ce341df844b9aded833968475aec,3.4359926591586724e-05,3.4359926644356165e-05,ok,3.4359926591618985e-05,0.000163426792480761,0.00023112038638142558,0.004211810982125688,0.000856606148586097,0.0042118136329153955,0.0008564693379546598,0.009571729171065396,0.0003959269198711987
tolerance_tight,22,20,50740,submit/data/raw/sensitivity/tolerance_tight/pure_p_p4_k3_d1_neumann_stratified_breakpoint_lbfgs_seed0201_20260907T084341+0800/states/accepted_0022.npz,2a808ecfe7e99cc3289cd9789bdc01c7cce8134c09f2d41617e3136264c2fe0a,3.3848297637364196e-05,3.384829773267484e-05,ok,3.384829763755533e-05,0.00016416545288300082,0.0002321650099402611,0.003283628996689956,0.0006678307265395403,0.0032836346424150353,0.0006677247934941294,0.009500317572432169,0.00039297303622231727
tolerance_tight,23,20,50740,submit/data/raw/sensitivity/tolerance_tight/pure_p_p4_k3_d1_neumann_stratified_breakpoint_lbfgs_seed0201_20260907T084341+0800/states/accepted_0023.npz,a6379e457f806e893861d802e3bd4448ff9bdeafd8fdecfcf3438d4ab2eec769,3.0975690659218545e-05,3.097569077681328e-05,ok,3.097569065928678e-05,0.00015883365487233194,0.0002246247088817393,0.0032371559049350885,0.0006583789405239832,0.0032371610701194807,0.0006582744252761961,0.009088213292085217,0.00037592667234516794
tolerance_tight,24,20,50740,submit/data/raw/sensitivity/tolerance_tight/pure_p_p4_k3_d1_neumann_stratified_breakpoint_lbfgs_seed0201_20260907T084341+0800/states/accepted_0024.npz,1520280d30a64c59ec0c9efcdc8b0e22902f1213316a8588d27063fdc38c1bbc,2.911735499124411e-05,2.911735498400958e-05,ok,2.9117354991382602e-05,0.00015844007002054476,0.00022406809584639724,0.003236119673415514,0.0006581681897816557,0.0032361247896481923,0.0006580636983716998,0.008811356875677244,0.00036447472816288323
tolerance_tight,25,20,50740,submit/data/raw/sensitivity/tolerance_tight/pure_p_p4_k3_d1_neumann_stratified_breakpoint_lbfgs_seed0201_20260907T084341+0800/states/accepted_0025.npz,9a3aa94dcd5a9da16e36daba088c472156665e1a9cb2b2ad5de1ffb78ce318a8,2.694702647842319e-05,2.6947026526613627e-05,ok,2.6947026478491415e-05,0.00015475370894954728,0.0002188547940239884,0.0032096167771316583,0.000652777980199973,0.0032096215385559283,0.0006526742809152287,0.008476627434046253,0.0003506289125901038
tolerance_tight,26,20,50740,submit/data/raw/sensitivity/tolerance_tight/pure_p_p4_k3_d1_neumann_stratified_breakpoint_lbfgs_seed0201_20260907T084341+0800/states/accepted_0026.npz,9f9e156a04102d918981c40f6cc07f18153175f834afaf9b7fa1983d25a95cd1,2.68933607404854e-05,2.6893360768553976e-05,ok,2.689336074076962e-05,0.00015444907600637662,0.00021842397798421082,0.002777344266893558,0.0005648615728146111,0.0027773515372648988,0.0005647724803868137,0.008468223061262693,0.0003502812724333281
tolerance_tight,27,20,50740,submit/data/raw/sensitivity/tolerance_tight/pure_p_p4_k3_d1_neumann_stratified_breakpoint_lbfgs_seed0201_20260907T084341+0800/states/accepted_0027.npz,7c101486ade5f425c7b69f1f43229f7b808b73bdab3d368209bf78c8c6bdda84,1.1996961366936818e-05,1.1996961461591127e-05,ok,1.1996961367037229e-05,0.00010045482576590942,0.00014206457700397535,0.00228381743210225,0.00046448714410245054,0.0022838197245781977,0.00046441313362750446,0.005656478904810093,0.00023397572476955016
tolerance_tight,28,20,50740,submit/data/raw/sensitivity/tolerance_tight/pure_p_p4_k3_d1_neumann_stratified_breakpoint_lbfgs_seed0201_20260907T084341+0800/states/accepted_0028.npz,8694dbcba8c38c0f9441ab79eead1bd797cb74769e4b66f3b18d23eebfe8fa81,4.276725732291137e-06,4.276725690033345e-06,ok,4.276725732433294e-06,5.462093808563929e-05,7.72456714302522e-05,0.0016013248256088058,0.0003256804964233621,0.0016013254096679062,0.00032562839503392523,0.0033771921825343915,0.00013969485290974884
tolerance_tight,29,20,50740,submit/data/raw/sensitivity/tolerance_tight/pure_p_p4_k3_d1_neumann_stratified_breakpoint_lbfgs_seed0201_20260907T084341+0800/states/accepted_0029.npz,25c77074d5422b4b145d53d0a63b515bb639e9a2add41d9dd5f1c6af44901ba7,3.3959388573654432e-06,3.395938961148204e-06,ok,3.395938857359363e-06,5.4363888252514417e-05,7.688214807004127e-05,0.0016034287188197677,0.00032610839023629123,0.0016034292887794977,0.0003260562173705451,0.003009425773436352,0.0001244824896069465
tolerance_tight,30,20,50740,submit/data/raw/sensitivity/tolerance_tight/pure_p_p4_k3_d1_neumann_stratified_breakpoint_lbfgs_seed0201_20260907T084341+0800/states/accepted_0030.npz,d9ff72773abd7203874524eeada1f68bdeba7b9f871885325168a668ac40afbd,3.295450001068364e-06,3.2954499147308525e-06,ok,3.295450001380192e-06,5.432725521369613e-05,7.68303411297135e-05,0.0016038822699768502,0.00032620063433544573,0.0016038828381813265,0.00032614844632219633,0.0029645687157860766,0.0001226270133024512
tolerance_tight,31,20,50740,submit/data/raw/sensitivity/tolerance_tight/pure_p_p4_k3_d1_neumann_stratified_breakpoint_lbfgs_seed0201_20260907T084341+0800/states/accepted_0031.npz,9b94da3fa056ddec58279d2877b0eee876bb58f7697a1fc2d51220a133f72312,3.0387188940395314e-06,3.0387190008696052e-06,ok,3.0387188943036587e-06,5.432928790114353e-05,7.68332157838697e-05,0.001607681187995246,0.0003269732655257681,0.0016076817517212474,0.000326920952716842,0.0028467630010619712,0.00011775407415631063
tolerance_tight,32,20,50740,submit/data/raw/sensitivity/tolerance_tight/pure_p_p4_k3_d1_neumann_stratified_breakpoint_lbfgs_seed0201_20260907T084341+0800/states/accepted_0032.npz,bb9927f136bc7e5e97d9549a609a235ced1fb1e311b70270d618fda6b5296c3a,3.009983755554205e-06,3.009983743140765e-06,ok,3.0099837558581363e-06,5.434906574633682e-05,7.686118588077656e-05,0.0016035587627782632,0.0003261348388245367,0.001603559331317538,0.0003260826614291309,0.002833271666928676,0.00011719601591282251
