attempted_iteration,nominal_selected_count,accepted_atom_count,effective_rank,raw_winner_pool_index,nominal_pool_index,accepted_pool_index,candidate_score_rank,signed_score,dual_score_abs,atom_scale,innovation_abs,innovation_rel,rejected_candidate_count,oracle_pool_index,oracle_score,oracle_ratio,raw_oracle_pool_index,raw_oracle_score,raw_oracle_ratio,admissible_oracle_pool_index,admissible_oracle_score,admissible_oracle_ratio,coverage_warning,coverage_warning_streak,remaining_candidate_count,train_energy,validation_energy,accepted,rollback,acceptance_reason,method_chain,optimizer_success,projected_residual_abs,projected_residual_rel,projected_residual_target,energy_decrease,condition_estimate,zero_mean_residual,compatibility_residual,train_validation_gap,train_energy_drop,validation_energy_drop,train_validation_drop_gap,energy_drop_scale,energy_drop_gap_limit,quadrature_warning,quadrature_warning_streak,quadrature_warning_reason,trusted,elapsed_selection_s,elapsed_projection_s,energy_gap_raw,energy_gap_status,l2_abs,l2_rel,natural_abs,natural_rel,w1p_full_abs,w1p_full_rel,quasi_abs,quasi_rel,elapsed_total_s
1,1,1,1,1424,1424,1424,1,46.22678066504858,46.22678066504858,1.3631458886900198,0.7687909086685388,1.0,0,844,46.22677966918157,1.0000000215430758,844,46.22677966918157,1.000000021543081,844,46.22677966918157,1.0000000215430758,False,0,1844,-124.42838445951332,-124.42838445951331,True,False,accepted,L-BFGS-B,True,1.4619526183423659e-05,2.4313522718132285e-07,6.013019786617701e-05,124.42838445951332,1.0,-5.585809592645319e-16,9.947598300641403e-14,1.4210854715202004e-14,124.42838445951332,124.42838445951331,1.4210854715202004e-14,124.42838445951332,2.4885676892902664,False,0,none,True,3.9109604000113904,0.0112263000337407,313.9125251934976,ok,0.6824207137611257,0.9650886286453119,4.4716487215344065,0.9094524434831879,4.473151108407032,0.9096121296650642,22.547389870438302,0.9326547442988359,10.580046500021126
2,2,2,2,1077,1077,1077,1,46.919159263636566,46.919159263636566,1.5720070914150857,0.775460519522914,0.9912110363332138,0,2815,46.91915886830435,1.0000000084258163,2815,46.91915886830435,1.0000000084258167,2815,46.91915886830435,1.0000000084258163,False,0,1843,-252.2441161487319,-252.24411614873185,True,False,accepted,L-BFGS-B,True,1.827256837302573e-05,3.020014860217365e-07,6.050589556766805e-05,127.81573168921858,1.0086754548982977,-8.881784197001252e-16,9.947598300641403e-14,5.684341886080802e-14,127.81573168921858,127.81573168921854,4.263256414560601e-14,127.81573168921858,2.5563146338843716,False,0,none,True,3.9538845000206493,0.012700000021141022,186.09679350427905,ok,0.2839907258759181,0.4016235361219033,3.3324868643548617,0.6777675328269491,3.3325605406328767,0.6776738404623986,21.555872191125722,0.8916414086985377,14.564747500000522
3,3,3,3,1752,1752,1752,1,-31.728708157246384,31.728708157246384,0.06282045964274371,0.3617025074439787,0.6737757762492554,0,1105,31.72874612894288,0.9999988032399282,1105,31.72874612894288,0.9999988032399276,1105,31.72874612894288,0.9999988032399282,False,0,1842,-329.09655165400517,-329.09655165400517,True,False,accepted,L-BFGS-B,True,9.296970477844515e-07,1.0598405855850124e-08,8.772146102303923e-05,76.85243550527326,2.143918008760332,-1.4502288259166107e-15,9.947598300641403e-14,0.0,76.85243550527326,76.85243550527332,-5.684341886080802e-14,76.85243550527332,1.5370487102054664,False,0,none,True,3.976441300008446,0.0149612000095658,109.24435799900573,ok,0.291778212868587,0.41263670584373974,2.9065824567797205,0.5911462823038178,2.9067306657910366,0.5910816351148283,16.54317056979441,0.6842950162445434,18.574982300051488
4,4,4,4,956,956,956,1,-32.87675425559549,32.87675425559549,0.06673398843366507,0.36652962023325647,0.6781325979998991,0,736,32.876789085598425,0.9999989405898843,736,32.876789085598425,0.9999989405898849,736,32.876789085598425,0.9999989405898843,False,0,1841,-407.5877756590334,-407.58777565903347,True,False,accepted,L-BFGS-B,True,1.3500090658094566e-06,1.5050704557790468e-08,8.969839992076796e-05,78.49122400502824,2.143918008760332,-1.915134717478395e-15,9.947598300641403e-14,-5.684341886080802e-14,78.49122400502824,78.4912240050283,-5.684341886080802e-14,78.4912240050283,1.569824480200566,False,0,none,True,3.9597660999861546,0.025847800017800182,30.75313399397743,ok,0.09745819148508772,0.13782669616256515,1.8097526734258966,0.36807094954065245,1.8097608489715742,0.3680135949182638,8.865611513156027,0.3667189278390127,22.579758000036236
5,5,5,5,536,536,536,1,-3.8472385213786637,3.8472385213786637,0.21200557041155904,0.10735813784542969,0.17414931743810266,0,182,3.8472673197355687,0.9999925145942531,182,3.8472673197355687,0.999992514594238,182,3.8472673197355687,0.9999925145942531,False,0,1840,-421.7417456157664,-421.74174561576626,True,False,accepted,L-BFGS-B,True,5.151591546353494e-07,1.4375644041056021e-08,3.583655304820321e-05,14.153969956732965,7.2231182012433335,-2.8449465006019636e-15,9.947598300641403e-14,1.1368683772161603e-13,14.153969956732965,14.153969956732794,1.7053025658242404e-13,14.153969956732965,0.2830793992346593,False,0,none,True,3.9867173000238836,0.03210780001245439,16.599164037244634,ok,0.12637894144253253,0.17872681298638474,1.5736190140706432,0.32004563564355104,1.5736449036781688,0.3199995836226116,6.517101779894998,0.2695747015075365,26.618337800027803
6,6,6,6,619,619,619,1,-4.006097978974658,4.006097978974658,0.23873431980097787,0.10173712164140629,0.16278743500054327,0,2917,4.006098447605846,0.9999998830205512,2917,4.006098447605846,0.9999998830205327,2917,4.006098447605846,0.9999998830205512,False,0,1839,-438.2199065025014,-438.21990650250143,True,False,accepted,L-BFGS-B,True,3.168803651810054e-07,8.047355916589122e-09,3.937795417792772e-05,16.478160886734997,7.622198338342875,-2.4147350785597155e-15,9.947598300641403e-14,-5.684341886080802e-14,16.478160886734997,16.478160886735168,-1.7053025658242404e-13,16.478160886735168,0.3295632178347034,False,0,none,True,3.9547544000088237,0.038279199972748756,0.1210031505094662,ok,0.017111229677912964,0.02419893307938552,0.2192093411123651,0.04458321378173268,0.2192117095656899,0.04457654685771966,0.5616501273037003,0.02323220820129716,30.630358000053093
7,7,7,7,857,857,857,1,0.08562877840937988,0.08562877840937988,0.02060693979621864,0.10171407995863589,0.21469861335869747,0,2520,0.0856295616615175,0.999990853017084,2520,0.0856295616615175,0.9999908530170019,2520,0.0856295616615175,0.999990853017084,False,0,1838,-438.2414659047947,-438.24146590479467,True,False,accepted,L-BFGS-B,True,4.6721122806813955e-08,5.549768447522789e-08,8.428571558182491e-07,0.021559402293291896,7.623925024325746,-2.345346139520643e-15,9.947598300641403e-14,5.684341886080802e-14,0.02155940229334874,0.021559402293235053,1.1368683772161603e-13,0.02155940229334874,0.0004311881458669748,False,0,none,True,3.9472032000194304,0.052030400023795664,0.09944374821623114,ok,0.01616884881016484,0.0228662052752952,0.16305401567450675,0.033162236617737234,0.16305850961010673,0.03315783316769728,0.509502211336914,0.021075151375154876,34.65094050002517
8,8,8,8,1408,1408,1408,1,-0.04841513640904793,0.04841513640904793,0.447602345870571,0.02680005312847438,0.03985259602899793,0,3154,0.04841536249193145,0.9999953303482225,3154,0.04841536249193145,0.9999953303553487,3154,0.04841536249193145,0.9999953303482225,False,0,1837,-438.3172803509737,-438.3172803509738,True,False,accepted,L-BFGS-B,True,5.480568219833384e-07,3.033751621585593e-07,1.8075316161146245e-06,0.0758144461789243,28.93503665106569,-2.2412627309620348e-15,9.947598300641403e-14,-1.1368683772161603e-13,0.07581444617898114,0.07581444617915167,-1.7053025658242404e-13,0.07581444617915167,0.0015162890235830336,False,0,none,True,3.969738999963738,0.06705239997245371,0.02362930203707947,ok,0.0039666576074781894,0.005609700985786069,0.1753848177843735,0.03567009866309886,0.1753848349053355,0.03566438274114333,0.24852863276728182,0.010280188073937921,38.709290500031784
9,9,9,9,609,609,609,1,0.05415989542662747,0.05415989542662747,0.015739897468201387,0.11338212213419209,0.24663756241601065,0,1855,0.05415995146973821,0.9999989652296721,1855,0.05415995146973821,0.9999989652295523,1855,0.05415995146973821,0.9999989652296721,False,0,1836,-438.32624453544383,-438.3262445354437,True,False,accepted,L-BFGS-B,True,2.514859909046128e-07,5.264793171855396e-07,4.786749678392117e-07,0.00896418447018732,28.93503665106569,-2.2065682614424986e-15,9.947598300641403e-14,1.1368683772161603e-13,0.008964184470130476,0.008964184469903103,2.2737367544323206e-13,0.008964184470130476,0.00017928378940260955,False,0,none,True,3.9361865000100806,0.06774480000603944,0.014665117567176367,ok,0.004724319597886575,0.0066811968483162015,0.07408106946224213,0.015066749164313909,0.0740814350096895,0.01506440767027985,0.19656567543444486,0.008130781913723852,42.735412600042764
10,10,10,10,215,215,215,1,0.004661593227739402,0.004661593227739402,0.03428409139487422,0.017492717948375976,0.03487942725392371,0,2587,0.004661829534803924,0.9999493102305097,2587,0.004661829534803924,0.9999493102285173,2587,0.004661829534803924,0.9999493102305097,False,0,1835,-438.32688998392763,-438.32688998392746,True,False,accepted,L-BFGS-B>Newton-CG,True,7.573948960101568e-13,2.8421251150356524e-12,2.6748893534043305e-07,0.0006454484838513963,44.33047636230296,-2.0261570199409107e-15,9.947598300641403e-14,1.7053025658242404e-13,0.0006454484837945529,0.0006454484837377095,5.684341886080802e-14,0.0006454484837945529,1.2909069675891058e-05,False,0,none,True,3.9473389000049792,0.1990125000011176,0.014019669083438657,ok,0.005036617662960654,0.00712285300744684,0.07667259379952837,0.015593818325525298,0.07667301239580213,0.015591403107778767,0.1920431795075046,0.007943712487658572,46.90538980002748
11,11,11,11,849,849,849,1,-0.004002338725964449,0.004002338725964449,0.369599490001995,0.007751469395211333,0.01178872341519466,0,2907,0.004002348100407359,0.9999976577642239,2907,0.004002348100407359,0.9999976577644063,2907,0.004002348100407359,0.9999976577642239,False,0,1834,-438.33158417179726,-438.3315841717972,True,False,accepted,L-BFGS-B>Newton-CG,True,1.1318348628002789e-12,2.1920641649783707e-12,5.173329070759416e-07,0.004694187869631605,100.04045426560987,-2.456368441983159e-15,9.947598300641403e-14,5.684341886080802e-14,0.004694187869631605,0.004694187869745292,-1.1368683772161603e-13,0.004694187869745292,9.388385739490584e-05,False,0,none,True,3.9870949999894947,0.27597610000520945,0.009325481213693365,ok,0.0035202539051724722,0.004978390815691762,0.051360978195768674,0.01044589368008324,0.051361298763415594,0.010444283955162762,0.1574051184390723,0.006510936801673673,51.190535700006876
12,12,12,12,1679,1679,1679,1,-0.00984730036931225,0.00984730036931225,0.11556680630771331,0.011162404026932636,0.019407665123637716,0,139,0.00984747591284683,0.9999821737533421,139,0.00984747591284683,0.999982173754598,139,0.00984747591284683,0.9999821737533421,False,0,1833,-438.33805022227136,-438.3380502222711,True,False,accepted,L-BFGS-B>Newton-CG,True,1.2691867615916819e-12,1.4386862273416763e-12,8.831845496754452e-07,0.0064660504741596014,100.04045426560987,-2.942091015256665e-15,9.947598300641403e-14,2.8421709430404007e-13,0.006466050474102758,0.006466050473875384,2.2737367544323206e-13,0.006466050474102758,0.00012932110948205518,False,0,none,True,3.944951600045897,0.36419389996444806,0.002859430739817981,ok,0.0010732775440067857,0.0015178436589248828,0.029900857066751108,0.0060812933249075,0.0299008727493943,0.006080321429182925,0.08727765806661024,0.003610170504650668,55.52181370003382
13,13,12,12,1566,1566,,1,-0.004361004897873499,0.004361004897873499,0.11169139495232831,0.008970556875056152,0.015657339981084425,0,1510,0.004360927103703269,1.0000178389063565,1510,0.004360927103703269,1.0000178389058485,1510,0.004360927103703269,1.0000178389063565,False,0,1832,-438.33805022227136,-438.3380502222711,False,True,projected_residual,L-BFGS-B>Newton-CG>trust-krylov,False,6.132704882005668e-07,1.261493147353076e-06,4.871465078009814e-07,0.0016263489057450897,100.04045426560987,-2.8449465006019636e-15,9.947598300641403e-14,2.8421709430404007e-13,,,,,,False,0,none,False,4.004073899996001,0.6710656000068411,,,,,,,,,,,60.21140379999997
14,14,13,13,1302,1302,1302,1,-0.00436066092269094,0.00436066092269094,0.11221165919617936,0.00898006728429784,0.01566566806721963,0,1510,0.004360927103703269,0.9999389622880642,1510,0.004360927103703269,0.9999389622856388,1510,0.004360927103703269,0.9999389622880642,False,0,1831,-438.33967890804547,-438.33967890804536,True,False,accepted,L-BFGS-B>Newton-CG,True,8.06293828776767e-13,1.6604301416106788e-12,4.865933463088257e-07,0.001628685774164751,100.04045426560987,-2.9282132274488504e-15,9.947598300641403e-14,1.1368683772161603e-13,0.0016286857741079075,0.0016286857742784377,-1.7053025658242404e-13,0.0016286857742784377,3.2573815485568756e-05,False,0,none,True,3.9619928999454714,0.33643510000547394,0.001230744965539543,ok,0.001962969897458501,0.002776058651515936,0.02886725779674077,0.005871077934515478,0.028867423409437477,0.005870170233250301,0.05726183316819439,0.0023685899200946744,64.5332171000191
15,15,14,14,1781,1781,1781,1,0.0018910112195241607,0.0018910112195241607,0.004005132520830458,0.08497943186267136,0.21530044794897663,0,537,0.001891003717665564,1.0000039671305385,537,0.001891003717665564,1.0000039671302627,537,0.001891003717665564,1.0000039671305385,False,0,1830,-438.3397228031214,-438.33972280312133,True,False,accepted,L-BFGS-B>Newton-CG,True,1.4517887576015678e-12,6.524138118796297e-11,2.3252575453896472e-08,4.3895076032640645e-05,100.04045426560987,-2.914335439641036e-15,9.947598300641403e-14,5.684341886080802e-14,4.389507591895381e-05,4.3895075975797226e-05,-5.684341886080802e-14,4.3895075975797226e-05,8.780015195159445e-07,False,0,none,True,4.003562500001863,0.19114180002361536,0.0011868498895637458,ok,0.0019664066576463857,0.0027809189643842663,0.02645432424522737,0.005380330907849792,0.026454539656813065,0.005379512020355606,0.05623960407398458,0.002326306231385985,68.75340730004245
16,16,15,15,503,503,503,1,-0.0008713391896471023,0.0008713391896471023,0.1623572928038902,0.00322965483617833,0.005401811197406005,0,2436,0.0008713563486654466,0.999980307691141,2436,0.0008713563486654466,0.9999803079949638,2436,0.0008713563486654466,0.999980307691141,False,0,1829,-438.3404146275368,-438.3404146275367,True,False,accepted,L-BFGS-B>Newton-CG,True,1.696625201477241e-12,6.288611658982028e-12,2.707932856219465e-07,0.0006918244154121567,240.10631440743094,-2.9976021664879227e-15,9.947598300641403e-14,1.1368683772161603e-13,0.0006918244154121567,0.0006918244153553132,5.684341886080802e-14,0.0006918244154121567,1.3836588308243134e-05,False,0,none,True,3.9505378999747336,0.21093499998096377,0.0004950254742084326,ok,0.001132904332210453,0.0016021686714832572,0.017517477808082285,0.0035627380387689006,0.017517559188490486,0.00356218333202052,0.036347238363620304,0.0015034744374751948,72.95067910000216
17,17,16,16,1043,1043,1043,1,0.0015446204105074024,0.0015446204105074024,0.03656195563437139,0.010624773334409839,0.021032954327042316,0,443,0.0015446130539423434,1.000004762723609,443,0.0015446130539423434,1.00000476267763,443,0.0015446130539423434,1.000004762723609,False,0,1828,-438.34057250144116,-438.3405725014411,True,False,accepted,L-BFGS-B>Newton-CG,True,4.1183938008145495e-12,2.832864329866718e-11,1.4637914002427053e-07,0.0001578739044134636,240.10631440743094,-2.8727020762175925e-15,9.947598300641403e-14,5.684341886080802e-14,0.0001578739043566202,0.0001578739044134636,-5.684341886080802e-14,0.0001578739044134636,3.157578088269272e-06,False,0,none,True,3.96811620000517,0.21846260002348572,0.00033715156979496896,ok,0.0011118411553027046,0.0015723808410336557,0.021930723595798802,0.004460312382210044,0.021930762705383442,0.004459605161142657,0.02999222368790765,0.0012406043393640594,77.17475710000144
18,18,17,17,1789,1789,1789,1,0.0011647283104402814,0.0011647283104402814,0.0032660902926149736,0.11554993719121023,0.29947214382511467,0,2159,0.0011649357513982277,0.9998219292714664,2159,0.0011649357513982277,0.9998219292713995,2159,0.0011649357513982277,0.9998219292714664,False,0,1827,-438.3405858341663,-438.3405858341663,True,False,accepted,L-BFGS-B>Newton-CG,True,7.077635277548147e-13,7.021554337453603e-11,1.1079869694656357e-08,1.333272518877493e-05,240.10631440743094,-2.9976021664879227e-15,9.947598300641403e-14,0.0,1.3332725131931511e-05,1.333272518877493e-05,-5.684341886080802e-14,1.333272518877493e-05,2.667545037754986e-07,False,0,none,True,3.994828699971549,0.3798568000202067,0.00032381884460619403,ok,0.0011031592849233347,0.0015601028221963855,0.01659003960059471,0.0033741138876996687,0.016590125144946403,0.0033735902719992505,0.029404592520162347,0.0012162974462094742,81.57471460005036
19,19,18,18,969,969,969,1,-0.00018261212536252458,0.00018261212536252458,0.14428364658576648,0.0024860257579842984,0.004214491281901511,0,491,0.0001826116161525592,1.000002788486166,491,0.0001826116161525592,1.000002788179089,491,0.0001826116161525592,1.000002788486166,False,0,1826,-438.3406252421013,-438.34062524210117,True,False,accepted,L-BFGS-B>Newton-CG,True,6.459964268718072e-10,8.794398245221437e-09,7.445544389268686e-08,3.940793504852991e-05,311.9277895783619,-3.066991105526995e-15,9.947598300641403e-14,1.1368683772161603e-13,3.940793499168649e-05,3.940793487799965e-05,1.1368683772161603e-13,3.940793499168649e-05,7.882586998337298e-07,False,0,none,True,3.954101499984972,0.4451944999746047,0.0002844109097281944,ok,0.0012342282620309043,0.0017454623472282793,0.01827148343626247,0.0037160891411589917,0.01827158356056996,0.0037155136573961862,0.02757321762681302,0.0011405440888281207,86.00118570000632
20,20,19,19,895,895,895,1,-0.0001676873507581722,0.0001676873507581722,0.008746537799774195,0.02097794840265337,0.04872243175922068,0,2961,0.00016768324627239314,1.000024477614015,2961,0.00016768324627239314,1.0000244776216975,2961,0.00016768324627239314,1.000024477614015,False,0,1825,-438.3406265815782,-438.34062658157814,True,False,accepted,L-BFGS-B>Newton-CG,True,6.612008080065626e-13,8.271724793477588e-11,8.993505883173628e-09,1.3394769666774664e-06,311.9277895783619,-2.9906632725840154e-15,9.947598300641403e-14,5.684341886080802e-14,1.3394769098340475e-06,1.3394769666774664e-06,-5.684341886080802e-14,1.3394769666774664e-06,2.688953933354933e-08,False,0,none,True,3.9212944000028074,0.36746730003505945,0.0002830714327615169,ok,0.0012344447509601093,0.0017457685088080644,0.01825422266014943,0.003712578611600437,0.018254323118638033,0.0037120037586773277,0.027508523085967983,0.001137868050901067,90.32402630004799
21,21,20,20,142,142,142,1,0.00016055038805515287,0.00016055038805515287,0.007951912933169,0.013381290742918592,0.03141028953265618,0,2589,0.00016055565504393006,0.9999671952459367,2589,0.00016055565504393006,0.999967195234012,2589,0.00016055565504393006,0.9999671952459367,False,0,1824,-438.34062968455663,-438.3406296845565,True,False,accepted,L-BFGS-B>Newton-CG,True,1.167660681211552e-12,9.732026978950013e-11,1.299812417019759e-08,3.1029786100589263e-06,311.9277895783619,-3.0322966360074588e-15,9.947598300641403e-14,1.1368683772161603e-13,3.1029784395286697e-06,3.102978382685251e-06,5.684341886080802e-14,3.1029784395286697e-06,6.215956879057339e-08,False,0,none,True,3.932089200010523,0.5113777999649756,0.00027996845437883167,ok,0.001234341497467827,0.0017456224863189166,0.018256155871963938,0.003712971791905502,0.01825625623868748,0.003712396857278842,0.02735770209370984,0.0011316294612116308,94.79772990004858
22,22,21,21,1221,1221,1221,1,-0.00014537378173784532,0.00014537378173784532,0.271194955082263,0.0017434511499942727,0.0027488216044008447,0,748,0.00014538492629411804,0.9999233444858638,748,0.00014538492629411804,0.9999233457813254,748,0.00014538492629411804,0.9999233444858638,False,0,1823,-438.3408693593001,-438.34086935929986,True,False,accepted,L-BFGS-B>Newton-CG,True,7.505672265242748e-10,9.001466943885075e-09,8.438276763146412e-08,0.00023967474351138662,444.7847704396314,-1.9984014443252818e-15,9.947598300641403e-14,2.2737367544323206e-13,0.0002396747434545432,0.00023967474334085637,1.1368683772161603e-13,0.0002396747434545432,4.793594869090865e-06,False,0,none,True,3.9536977999960072,0.6852552000200376,4.02937110379753e-05,ok,0.00014507022075949507,0.00020516027369453686,0.0033502895671084407,0.0006813882804589974,0.0033502929208084286,0.0006812797074909458,0.01036545576184281,0.0004287587853251803,99.46678740001516
23,23,22,22,968,968,968,1,5.195885142494916e-05,5.195885142494916e-05,0.05123921933259011,0.0020623725478118187,0.003930899123115732,0,2988,5.198482248968239e-05,0.9995004106296913,2988,5.198482248968239e-05,0.9995004099272253,2988,5.198482248968239e-05,0.9995004106296913,False,0,1822,-438.3408724771784,-438.3408724771783,True,False,accepted,L-BFGS-B>Newton-CG,True,9.227860846417279e-10,3.66275737865654e-08,2.6193754028561836e-08,3.1178783501673024e-06,444.7847704396314,-2.1649348980190553e-15,9.947598300641403e-14,5.684341886080802e-14,3.1178782933238836e-06,3.11787846385414e-06,-1.7053025658242404e-13,3.11787846385414e-06,6.24575692770828e-08,False,0,none,True,3.919045200047549,1.2090744000161067,3.717583257412116e-05,ok,0.00014348370095557746,0.00020291659587086307,0.003190204108799428,0.0006488297946986714,0.0031902078097770883,0.0006487265128315456,0.00995634484501506,0.00041183623953534117,104.62355150002986
24,24,23,23,876,876,876,1,-4.8846492068044256e-05,4.8846492068044256e-05,0.08336349946435614,0.0017323115169765345,0.003125511688347935,0,2421,4.884866815133842e-05,0.9999554525563026,2421,4.884866815133842e-05,0.9999554513579144,2421,4.884866815133842e-05,0.9999554525563026,False,0,1821,-438.34087614993666,-438.3408761499365,True,False,accepted,L-BFGS-B>Newton-CG,True,1.104487638790281e-12,3.917010743479761e-11,2.9197207286929353e-08,3.6727583392348606e-06,447.64495988363166,-2.1788126858268697e-15,9.947598300641403e-14,1.7053025658242404e-13,3.6727582823914418e-06,3.672758168704604e-06,1.1368683772161603e-13,3.6727582823914418e-06,7.355516564782883e-08,False,0,none,True,3.9716712999506854,1.5500404000049457,3.3503074405416555e-05,ok,0.00013710719271556887,0.00019389885143725915,0.003142918289060615,0.0006392127145160375,0.0031429215234104165,0.0006391108797792435,0.009451701844891719,0.0003909620855447142,110.1780107000377
25,25,24,24,1517,1517,1517,1,4.2081275088090564e-05,4.2081275088090564e-05,0.023027126813021825,0.0033152280140610444,0.006911488782790946,0,1137,4.2090237259925335e-05,0.9997870724325115,1137,4.2090237259925335e-05,0.9997870724802588,1137,4.2090237259925335e-05,0.9997870724325115,False,0,1820,-438.3408773296687,-438.34087732966856,True,False,accepted,L-BFGS-B>Newton-CG,True,1.2592737124095587e-12,9.920753326773621e-11,1.369332752192412e-08,1.1797321235462732e-06,447.64495988363166,-1.9914625504213745e-15,9.947598300641403e-14,1.1368683772161603e-13,1.1797320098594355e-06,1.1797320667028544e-06,-5.684341886080802e-14,1.1797320667028544e-06,2.369464133405709e-08,False,0,none,True,3.9696460000122897,0.4806259999750182,3.23233423387137e-05,ok,0.00013680353228322502,0.0001934694107354824,0.0031431721834099774,0.0006392643520329341,0.0031431753879952707,0.0006391625029639023,0.00928378652254508,0.0003840164025664646,114.65649870003108
26,26,25,25,1571,1571,1571,1,-3.2759041989294246e-05,3.2759041989294246e-05,0.19440986638968466,0.0007984767170089918,0.0013082058932846986,0,1458,3.277229846876873e-05,0.9995954974141618,1458,3.277229846876873e-05,0.999595494304642,1458,3.277229846876873e-05,0.9995954974141618,False,0,1819,-438.34089597924043,-438.3408959792403,True,False,accepted,L-BFGS-B>Newton-CG,True,7.103239259271829e-13,1.731360480410666e-11,4.2026922698310596e-08,1.864957181396676e-05,971.1748670990758,-2.55351295663786e-15,9.947598300641403e-14,1.1368683772161603e-13,1.864957175712334e-05,1.864957175712334e-05,0.0,1.864957175712334e-05,3.730914351424668e-07,False,0,none,True,3.917743000027258,0.567612899991218,1.3673770581590361e-05,ok,8.973092292177938e-05,0.00012689868816023522,0.002854075561528281,0.0005804673298279284,0.002854076325098125,0.0005803744119933528,0.006038690927958004,0.0002497856193411752,119.1739971000352
27,27,26,26,1555,1555,1555,1,2.767371869071781e-05,2.767371869071781e-05,0.0006423718100357333,0.09201664238318016,0.2857410997110539,0,4,2.7679948583083146e-05,0.9997749312161243,4,2.7679948583083146e-05,0.9997749312037119,4,2.7679948583083146e-05,0.9997749312161243,False,0,1818,-438.3408960253877,-438.3408960253877,True,False,accepted,L-BFGS-B>Newton-CG,True,2.6982960311398192e-12,8.97198326554408e-09,1.3007468863102243e-09,4.614736326402635e-08,971.1748670990758,-2.6853519408120974e-15,9.947598300641403e-14,0.0,4.614724957718863e-08,4.614736326402635e-08,-1.1368683772161603e-13,4.614736326402635e-08,1.0229472652805271e-09,False,0,none,True,3.906435100012459,0.58886740001617,1.3627623218326335e-05,ok,8.942113379210692e-05,0.0001264605801715767,0.0021815450095279366,0.00044368678378719795,0.0021815466789536922,0.00044361598178011967,0.006028547460987106,0.0002493660429445986,123.71454200003063
28,28,27,27,1224,1224,1224,1,-2.1679042152555894e-05,2.1679042152555894e-05,0.17342218997116216,0.0006622724217513256,0.0010993652589352872,0,2356,2.167978820070603e-05,0.9999655878487728,2356,2.167978820070603e-05,0.9999655837317077,2356,2.167978820070603e-05,0.9999655878487728,False,0,1817,-438.34090480918155,-438.34090480918155,True,False,accepted,L-BFGS-B>Newton-CG,True,9.343385121086143e-12,2.854307983941953e-10,3.373432710713448e-08,8.783793930433603e-06,1170.908668478557,-2.345346139520643e-15,9.947598300641403e-14,0.0,8.783793873590184e-06,8.783793873590184e-06,0.0,8.783793873590184e-06,1.757758774718037e-07,False,0,none,True,3.984761899977457,0.4479153999709524,4.84382934473615e-06,ok,3.633527810605498e-05,5.138584309018114e-05,0.0014067500880950432,0.00028610751529454257,0.0014067502650658929,0.0002860616763222129,0.003594047573261319,0.00014866490266497205,128.17748270003358
29,29,28,28,1045,1045,1045,1,2.3233327094640543e-05,2.3233327094640543e-05,0.046425045317655754,0.0015835558319231891,0.003051925464374737,0,1140,2.3233542197731895e-05,0.9999907417005327,1140,2.3233542197731895e-05,0.9999907418147518,1140,2.3233542197731895e-05,0.9999907417005327,False,0,1816,-438.340905861911,-438.34090586191076,True,False,accepted,L-BFGS-B>Newton-CG,True,1.139540406084426e-12,7.766970114020836e-11,1.567162084256436e-08,1.0527294307394186e-06,1170.908668478557,-2.3037127760972e-15,9.947598300641403e-14,2.2737367544323206e-13,1.0527294307394186e-06,1.0527292033657432e-06,2.2737367544323206e-13,1.0527294307394186e-06,2.1154588614788372e-08,False,0,none,True,3.921212100016419,0.8981964000267908,3.791100141370407e-06,ok,3.604135125822778e-05,5.097016775563835e-05,0.0014119429055596512,0.0002871636404121098,0.0014119430743809369,0.000287117630441698,0.003179604241269804,0.00013152178578776385,133.04228839999996
30,30,29,29,663,663,663,1,1.8261187676060775e-05,1.8261187676060775e-05,0.005547740860032853,0.006054800813060058,0.01479393881901533,0,1942,1.8272476668267558e-05,0.9993821859832287,1942,1.8272476668267558e-05,0.9993821860718493,1942,1.8272476668267558e-05,0.9993821859832287,False,0,1815,-438.34090607628957,-438.34090607628957,True,False,accepted,L-BFGS-B>Newton-CG,True,1.801418293244735e-12,5.972902217980758e-10,4.015984905665734e-09,2.1437858777062502e-07,1170.908668478557,-2.2898349882893854e-15,9.947598300641403e-14,0.0,2.1437858777062502e-07,2.1437881514430046e-07,-2.2737367544323206e-13,2.1437881514430046e-07,4.387576302886009e-09,False,0,none,True,3.960980300034862,0.7179173000040464,3.5767213262261066e-06,ok,3.608426441239999e-05,5.103085612027289e-05,0.0014106349543341148,0.0002868976267978712,0.0014106351239206295,0.00028685165963613756,0.003088399508039034,0.00012774917496056952,137.75503190001473
31,31,30,30,808,808,808,1,9.015368916287514e-06,9.015368916287514e-06,0.0281614428082857,0.0016235283467695822,0.0033093306495936016,0,1792,9.02390665659277e-06,0.9990538753745842,1792,9.02390665659277e-06,0.9990538736462411,1792,9.02390665659277e-06,0.9990538753745842,False,0,1814,-438.3409062689109,-438.3409062689106,True,False,accepted,L-BFGS-B>Newton-CG,False,6.138204979970576e-09,1.1053956581372835e-06,6.552948335543623e-09,1.92621257610881e-07,1170.908668478557,-2.456368441983159e-15,9.947598300641403e-14,2.8421709430404007e-13,1.9262131445429986e-07,1.9262103023720556e-07,2.8421709430404007e-13,1.9262131445429986e-07,3.952426289085998e-09,False,0,none,True,3.925816000031773,2.8937164999661036,3.384100295988901e-06,ok,3.613075915876244e-05,5.109660962115777e-05,0.0014100116980969848,0.00028677086775594457,0.0014100118686563546,0.00028672492111679794,0.003004089982108866,0.00012426177886726606,144.60792210005457
32,32,31,31,371,371,371,1,1.1554627591614519e-05,1.1554627591614519e-05,0.014423783709421456,0.002737145840634454,0.006012351138846592,0,3255,1.1556199410353597e-05,0.9998639848030253,3255,1.1556199410353597e-05,0.9998639839511496,3255,1.1556199410353597e-05,0.9998639848030253,False,0,1813,-438.3409064418009,-438.3409064418007,True,False,accepted,L-BFGS-B>Newton-CG,True,1.1831240780150542e-12,2.802623313192654e-10,5.221488033892357e-09,1.728901111164305e-07,1170.908668478557,-2.248201624865942e-15,9.947598300641403e-14,1.7053025658242404e-13,1.7288999742959277e-07,1.728901111164305e-07,-1.1368683772161603e-13,1.728901111164305e-07,3.55780222232861e-09,False,0,none,True,3.9655413000145927,0.849993700045161,3.2112101848724706e-06,ok,3.6078059056497745e-05,5.102208042179658e-05,0.0014119986061156098,0.00028717496889738996,0.0014119987749758017,0.00028712895711846136,0.002926348071506139,0.00012104604692795401,149.4598454000079
33,33,32,32,641,641,641,1,8.027609610657821e-06,8.027609610657821e-06,0.0015428343241690261,0.013185552978018858,0.03714544575853196,0,2393,8.030992944317315e-06,0.9995787153988365,2393,8.030992944317315e-06,0.999578715440309,2393,8.030992944317315e-06,0.9995787153988365,False,0,1812,-438.34090647276196,-438.34090647276173,True,False,accepted,L-BFGS-B>Newton-CG,True,1.7643242518399186e-12,2.897947441861117e-09,1.6088185818535191e-09,3.0961246011429466e-08,1170.908668478557,-2.345346139520643e-15,9.947598300641403e-14,2.2737367544323206e-13,3.0961075481172884e-08,3.096101863775402e-08,5.684341886080802e-14,3.0961075481172884e-08,7.192215096234577e-10,False,0,none,True,4.077361900010146,1.26979140000185,3.1802491662347165e-06,ok,3.6099773708496164e-05,5.105278957715496e-05,0.001410429365852134,0.0002868558138203917,0.0014104295354621954,0.0002868098533678093,0.0029122064649634975,0.00012046109068646486,154.84382310003275
34,34,33,33,988,988,988,1,-6.964838222600633e-06,6.964838222600633e-06,0.13614069915776678,0.0005518900124352918,0.0009418235616375006,0,1491,6.9697233498963475e-06,0.9992990930844068,1491,6.9697233498963475e-06,0.9992991142785377,1491,6.9697233498963475e-06,0.9992990930844068,False,0,1811,-438.34090737206384,-438.3409073720638,True,False,accepted,L-BFGS-B>Newton-CG,True,9.998235446737177e-13,7.922547580637252e-11,1.3619975260448946e-08,8.993019378067402e-07,1405.0997518528845,-2.525757381022231e-15,9.947598300641403e-14,5.684341886080802e-14,8.993018809633213e-07,8.993020514935779e-07,-1.7053025658242404e-13,8.993020514935779e-07,1.808604102987156e-08,False,0,none,True,3.9404470000299625,0.9623221000074409,2.2809471147411386e-06,ok,3.4187497145274176e-05,4.8348422126438214e-05,0.0014114047950727264,0.000287054198475215,0.0014114049296695124,0.0002870081990933792,0.002466354063993881,0.00010201876279792614,159.7829188000178
35,35,33,33,713,713,,1,-1.203134036931175e-05,1.203134036931175e-05,0.08855028836341548,0.0011019656720047163,0.001974684883139005,0,2103,1.2035919595560239e-05,0.9996195366534204,2103,1.2035919595560239e-05,0.9996195381877242,2103,1.2035919595560239e-05,0.9996195366534204,False,0,1810,-438.34090737206384,-438.3409073720638,False,True,projected_residual,L-BFGS-B>Newton-CG>trust-krylov,False,3.7946557396084084e-08,3.475573095235732e-06,1.1918072029070747e-08,5.326640462044452e-07,1405.0997518528845,-2.4702462297909733e-15,9.947598300641403e-14,5.684341886080802e-14,,,,,,False,0,none,False,3.990530399954878,8.051780400041025,,,,,,,,,,,171.84807400003774
36,36,34,34,530,530,530,1,-1.2018705399796659e-05,1.2018705399796659e-05,0.08751527155253114,0.0011091676353162554,0.0019902367530942274,0,2103,1.2035919595560239e-05,0.9985697648088369,2103,1.2035919595560239e-05,0.9985697677600884,2103,1.2035919595560239e-05,0.9985697648088369,False,0,1809,-438.3409078957532,-438.3409078957531,True,False,accepted,L-BFGS-B>Newton-CG,True,8.3497044828128e-10,7.705673371484844e-08,1.183578823067069e-08,5.236893798610254e-07,1405.0997518528845,-2.4424906541753444e-15,9.947598300641403e-14,1.1368683772161603e-13,5.236893798610254e-07,5.236893230176065e-07,5.684341886080802e-14,5.236893798610254e-07,1.0573787597220507e-08,False,0,none,True,3.9608087000087835,0.9450381000060588,1.7572577917235321e-06,ok,3.3921829018077896e-05,4.797271065786697e-05,0.0014117253297227055,0.00028711938942352025,0.0014117254595954606,0.00028707337862822995,0.0021648105390973528,8.954565612245824e-05,176.789687600045
37,37,35,35,584,584,584,1,6.413092029533551e-06,6.413092029533551e-06,0.011252973313306856,0.00226288874616001,0.005110147683169831,0,2354,6.413103866893027e-06,0.9999981541918358,2354,6.413103866893027e-06,0.9999981544460953,2354,6.413103866893027e-06,0.9999981541918358,False,0,1808,-438.3409079931088,-438.34090799310866,True,False,accepted,L-BFGS-B>Newton-CG,True,7.214928819544782e-10,2.545817351906126e-07,3.834032384193925e-09,9.73555529526493e-08,1405.0997518528845,-2.4216739724636227e-15,9.947598300641403e-14,1.1368683772161603e-13,9.73555529526493e-08,9.73555529526493e-08,0.0,9.73555529526493e-08,2.0471110590529863e-09,False,0,none,True,3.9517472999868914,1.2091596000245772,1.6599022387708828e-06,ok,3.394915769441104e-05,4.801135924257901e-05,0.0013863274230931316,0.00028195391474470917,0.0013863275604102151,0.00028190873370409795,0.0021039953609108667,8.703008492832327e-05,181.988541000057
38,38,36,36,1082,1082,1082,1,-7.3059358475548175e-06,7.3059358475548175e-06,0.001265162998645747,0.05557500387511158,0.1600540804980396,0,1245,7.302638863461051e-06,1.0004514784525718,1245,7.302638863461051e-06,1.0004514782195668,1245,7.302638863461051e-06,1.0004514784525718,False,0,1807,-438.34090799641456,-438.34090799641433,True,False,accepted,L-BFGS-B>Newton-CG,True,6.484195209281924e-10,4.932419246314039e-06,1.1314607474643911e-09,3.305785867269151e-09,1405.0997518528845,-2.456368441983159e-15,9.947598300641403e-14,2.2737367544323206e-13,3.305785867269151e-09,3.3056721804314293e-09,1.1368683772161603e-13,3.305785867269151e-09,1.6611571734538303e-10,False,0,none,True,3.8776667999918573,3.839478899957612,1.6565965665904514e-06,ok,3.391332229216594e-05,4.79606803307109e-05,0.00143965092825924,0.00029279895090214797,0.0014396510505700231,0.00029275202789871553,0.0021018954267943246,8.694322283351931e-05,189.7454234000179
39,39,37,37,1646,1646,1646,1,4.610793642252772e-06,4.610793642252772e-06,0.0003165276049083563,0.07175199327370896,0.24104610633947327,0,3602,4.610060039059854e-06,1.0001591309411815,3602,4.610060039059854e-06,1.0001591309014268,3602,4.610060039059854e-06,1.0001591309411815,False,0,1806,-438.34090799991435,-438.34090799991424,True,False,accepted,L-BFGS-B>Newton-CG,True,2.0829558770691437e-12,3.2414796700577586e-08,1.0642594151155677e-09,3.4997924558410887e-09,1405.0997518528845,-2.5049406993105094e-15,9.947598300641403e-14,1.1368683772161603e-13,3.4997924558410887e-09,3.4999061426788103e-09,-1.1368683772161603e-13,3.4999061426788103e-09,1.6999812285357623e-10,False,0,none,True,3.954998600005638,2.504371999995783,1.6530966604477726e-06,ok,3.394688827957115e-05,4.800814980533379e-05,0.0013775189032465846,0.00028016242118231605,0.0013775190430768026,0.00028011752790383374,0.0020996789365609085,8.685153948818461e-05,196.24605330004124
40,40,38,38,1135,1135,1135,1,-2.2417034009070136e-06,2.2417034009070136e-06,0.01088225384208216,0.0010271051618150452,0.0023281287730886574,0,2597,2.2421866944168043e-06,0.9997844543850902,2597,2.2421866944168043e-06,0.9997844542252771,2597,2.2421866944168043e-06,0.9997844543850902,False,0,1805,-438.3409080554299,-438.3409080554298,True,False,accepted,L-BFGS-B>Newton-CG,True,1.0725230246540865e-12,4.914093010822571e-10,3.1825452271497742e-09,5.551572712647612e-08,1405.0997518528845,-2.3800406090401793e-15,9.947598300641403e-14,1.1368683772161603e-13,5.551555659621954e-08,5.551555659621954e-08,0.0,5.551555659621954e-08,1.2103111319243908e-09,False,0,none,True,3.9160265999962576,1.071555599977728,1.597581103851553e-06,ok,3.396441542589632e-05,4.803293693337654e-05,0.0013768665100320032,0.00028002973620635727,0.0013768666502818306,0.000279984864288134,0.002064125297010147,8.5380891630732e-05,201.31281840003794
41,41,39,39,439,439,439,1,-1.421023391401377e-06,1.421023391401377e-06,0.32016361375967917,0.0006129312837772115,0.0009479245781634436,0,924,1.420960676167528e-06,1.0000441357983376,924,1.420960676167528e-06,1.0000442141644923,924,1.420960676167528e-06,1.0000441357983376,False,0,1804,-438.34090842610493,-438.3409084261049,True,False,accepted,L-BFGS-B>Newton-CG,True,2.3648511221002584e-12,1.020033322271515e-09,3.3184057525042072e-09,3.7067508174004615e-07,1405.0997518528845,-2.42861286636753e-15,9.947598300641403e-14,5.684341886080802e-14,3.706750248966273e-07,3.7067508174004615e-07,-5.684341886080802e-14,3.7067508174004615e-07,7.513501634800923e-09,False,0,none,True,3.9416095000342466,2.208011600014288,1.226906022111507e-06,ok,2.068403645484632e-05,2.9251644879063183e-05,0.0012358031486574507,0.0002513400007917165,0.0012358031865807196,0.000251299708225791,0.0018089292865351525,7.482491281175164e-05,207.50743080000393
42,42,40,40,1057,1057,1057,1,1.1494442879733668e-06,1.1494442879733668e-06,0.028056019162706017,0.0006710442239768442,0.0013684020884288258,0,675,1.1506532604487887e-06,0.9989493164300858,675,1.1506532604487887e-06,0.9989493062320879,675,1.1506532604487887e-06,0.9989493164300858,False,0,1803,-438.34090844394126,-438.34090844394115,True,False,accepted,L-BFGS-B>Newton-CG,True,9.70024611212218e-13,5.662993330063399e-10,2.7129185126576134e-09,1.783644165698206e-08,1405.0997518528845,-2.5049406993105094e-15,9.947598300641403e-14,1.1368683772161603e-13,1.783632797014434e-08,1.7836271126725478e-08,5.684341886080802e-14,1.783632797014434e-08,4.567265594028868e-10,False,0,none,True,3.938140199985355,1.156421399966348,1.2090697509847814e-06,ok,2.068325822471581e-05,2.9250544295457964e-05,0.0012357742955395293,0.00025133413258957677,0.0012357743334560536,0.0002512938409631972,0.001795734279038906,7.427911188254663e-05,212.64573990000645
43,43,41,41,13,13,13,1,-1.0025005998670622e-06,1.0025005998670622e-06,0.23769179876708466,0.0002419296284812587,0.00038730219247968336,0,3024,1.0030606060015662e-06,0.9994417025938879,3024,1.0030606060015662e-06,0.9994415738517086,3024,1.0030606060015662e-06,0.9994417025938879,False,0,1802,-438.34090876108934,-438.3409087610893,True,False,accepted,L-BFGS-B>Newton-CG,True,8.720755022811199e-13,2.1045459378677666e-10,5.143770333493734e-09,3.171481353092531e-07,3205.314389936269,-2.5049406993105094e-15,9.947598300641403e-14,5.684341886080802e-14,3.1714807846583426e-07,3.171481353092531e-07,-5.684341886080802e-14,3.171481353092531e-07,6.4429627061850626e-09,False,0,none,True,3.9100920000346377,1.308391499973368,8.919216156755283e-07,ok,2.2450645486996478e-05,3.1750007331740744e-05,0.0013601250892503797,0.00027662483412540774,0.0013601251405948103,0.00027658049007604936,0.0015424656048406862,6.380285578680485e-05,217.9060847000219
44,44,42,42,1300,1300,1300,1,9.314304425522835e-07,9.314304425522835e-07,0.043332204540309026,0.00045043184918886164,0.000874847008893153,0,1417,9.314415238902027e-07,0.9999881030235017,1417,9.314415238902027e-07,0.9999881457572897,1417,9.314415238902027e-07,0.9999881030235017,False,0,1801,-438.3409087819864,-438.34090878198634,True,False,accepted,L-BFGS-B>Newton-CG,True,7.06729546795267e-13,3.417684240779669e-10,3.0678608584216144e-09,2.0897061858704546e-08,3205.314389936269,-2.463307335887066e-15,9.947598300641403e-14,5.684341886080802e-14,2.0897061858704546e-08,2.0897061858704546e-08,0.0,2.0897061858704546e-08,5.179412371740909e-10,False,0,none,True,3.9720277999877,1.3071746000205167,8.710245538168238e-07,ok,2.2440649613498568e-05,3.173587103187223e-05,0.0013600177381584084,0.00027660300085562654,0.001360017789469954,0.0002765586603003642,0.0015242947100604603,6.305123126075928e-05,223.23113090003608
45,45,43,43,213,213,213,1,9.100274264497998e-07,9.100274264497998e-07,0.00017681500361309754,0.05772516698322981,0.2068872760432401,0,2565,9.106335711046609e-07,0.9993343704052929,2565,9.106335711046609e-07,0.999334370388925,2565,9.106335711046609e-07,0.9993343704052929,False,0,1800,-438.3409087823021,-438.34090878230217,True,False,accepted,L-BFGS-B>Newton-CG,True,9.894696290989265e-13,6.276437235641908e-08,1.0157648295035924e-09,3.157651917717885e-10,3205.314389936269,-2.4702462297909733e-15,9.947598300641403e-14,-5.684341886080802e-14,3.157083483529277e-10,3.1582203519064933e-10,-1.1368683772161603e-13,3.1582203519064933e-10,1.06316440703813e-10,False,0,none,True,3.9990660999901593,1.645841199962888,8.707087317816331e-07,ok,2.245029089145435e-05,3.174950585791591e-05,0.001358321285803655,0.00027625797314093754,0.001358321337355195,0.00027621368795680066,0.0015240188104530534,6.30398188942159e-05,228.9321012000437
46,46,44,44,824,824,824,1,8.99160528942955e-07,8.99160528942955e-07,0.0022774262504654877,0.0066979598896800465,0.0180694396302795,0,3104,8.987391917268421e-07,1.0004688092162792,3104,8.987391917268421e-07,1.0004688081613116,3104,8.987391917268421e-07,1.0004688092162792,False,0,1799,-438.3409087831939,-438.34090878319387,True,False,accepted,L-BFGS-B>Newton-CG,True,1.23518488590027e-12,9.201048821728883e-09,1.1342439226040515e-09,8.917595550883561e-10,3205.314389936269,-2.42861286636753e-15,9.947598300641403e-14,5.684341886080802e-14,8.918163985072169e-10,8.917027116694953e-10,1.1368683772161603e-13,8.918163985072169e-10,1.1783632797014434e-10,False,0,none,True,3.9563591000041924,1.4083162999595515,8.698170290699636e-07,ok,2.2449079214484718e-05,3.174779228791224e-05,0.0013583282184498687,0.00027625938311574356,0.001358328270001204,0.0002762150977054874,0.0015232383884879025,6.300753736395738e-05,234.33856570004718
47,47,45,45,605,605,605,1,1.061985926711917e-06,1.061985926711917e-06,0.005610993178204002,0.0018600698749011305,0.004539051909077438,0,3022,1.0640190730175295e-06,0.9980891824618833,3022,1.0640190730175295e-06,0.9980891872015953,3022,1.0640190730175295e-06,0.9980891824618833,False,0,1798,-438.34090878972023,-438.34090878972,True,False,accepted,L-BFGS-B>Newton-CG,True,9.584323713959492e-13,1.6786956682431066e-09,1.5709387291140315e-09,6.526249762828229e-09,3205.314389936269,-2.3175905639050143e-15,9.947598300641403e-14,2.2737367544323206e-13,6.52630660624709e-09,6.526136075990507e-09,1.7053025658242404e-13,6.52630660624709e-09,2.305261321249418e-10,False,0,none,True,3.9553137999610044,1.4595955000258982,8.632908929939731e-07,ok,2.2448294501097312e-05,3.174668253559719e-05,0.0013583335244561207,0.00027626046226141254,0.0013583335760056399,0.000276216176677755,0.0015175150055602683,6.277079420780627e-05,239.8110804000171
48,48,46,46,1801,1801,1801,1,-8.870285821416246e-07,8.870285821416246e-07,0.12781278554765746,0.0002644807996641105,0.0004546049435275691,0,686,8.883345065150219e-07,0.9985299182190721,686,8.883345065150219e-07,0.9985299975409989,686,8.883345065150219e-07,0.9985299182190721,False,0,1797,-438.34090884787554,-438.3409088478754,True,False,accepted,L-BFGS-B>Newton-CG,True,7.465887862552502e-13,2.2260656044918091e-10,4.353848982477269e-09,5.81553081246966e-08,3205.314389936269,-2.4147350785597155e-15,9.947598300641403e-14,1.1368683772161603e-13,5.81553081246966e-08,5.8155421811534325e-08,-1.1368683772161603e-13,5.8155421811534325e-08,1.2631084362306865e-09,False,0,none,True,3.925514900009148,1.224877699976787,8.051354711824388e-07,ok,2.2471165182533723e-05,3.177902656346528e-05,0.001360293339863979,0.00027665905325602026,0.0013602933916092232,0.0002766147038014142,0.001465528855337186,6.06204286922413e-05,245.00773530005245
49,49,47,47,1763,1763,1763,1,-8.692508064456206e-07,8.692508064456206e-07,0.09573265596059004,0.0003191288666490989,0.0005668400389348546,0,2803,8.692630832597996e-07,0.9999858767565131,2803,8.692630832597996e-07,0.9999858934177801,2803,8.692630832597996e-07,0.9999858767565131,False,0,1796,-438.34090888081084,-438.3409088808107,True,False,accepted,L-BFGS-B>Newton-CG,True,5.71201022087826e-10,2.0970551691807143e-07,3.723824487225985e-09,3.293530426162761e-08,3205.314389936269,-2.345346139520643e-15,9.947598300641403e-14,1.7053025658242404e-13,3.293530426162761e-08,3.2935247418208746e-08,5.684341886080802e-14,3.293530426162761e-08,7.587060852325521e-10,False,0,none,True,3.921806700003799,3.5891514000250027,7.7220022376423e-07,ok,2.247314868291391e-05,3.1781831656603914e-05,0.0013605499030596314,0.0002767112335679643,0.001360549954824968,0.0002766668757507652,0.0014352519055587183,5.936804688591931e-05,252.56737680005608
50,50,48,48,460,460,460,1,-8.125700734495922e-07,8.125700734495922e-07,0.10034427757665337,0.0002960824286557134,0.0005231077953291788,0,1700,8.130017024469391e-07,0.999469092135911,1700,8.130017024469391e-07,0.9994690392094683,1700,8.130017024469391e-07,0.999469092135911,False,0,1795,-438.3409089147606,-438.34090891476046,True,False,accepted,L-BFGS-B>Newton-CG,True,1.6935492712889412e-12,6.170917310253422e-10,3.744404415328961e-09,3.394984560145531e-08,3205.314389936269,-2.3939183968479938e-15,9.947598300641403e-14,1.1368683772161603e-13,3.394973191461759e-08,3.394978875803645e-08,-5.684341886080802e-14,3.394978875803645e-08,7.789957751607289e-10,False,0,none,True,3.928213000006508,1.9029138999758288,7.382504350061936e-07,ok,2.2311413326738416e-05,3.155310332238528e-05,0.001358854996288085,0.000276366520196935,0.001358855047594374,0.0002763222175583094,0.0014033583103306737,5.804879383387616e-05,258.4639819000149
51,51,49,49,496,496,496,1,6.786421495263116e-07,6.786421495263116e-07,0.0006835383489202931,0.009015873237138535,0.027804551381103163,0,3143,6.784491326553374e-07,1.0002844971887852,3143,6.784491326553374e-07,1.000284497474889,3143,6.784491326553374e-07,1.0002844971887852,False,0,1794,-438.34090891568735,-438.34090891568735,True,False,accepted,L-BFGS-B>Newton-CG,True,1.484793993759361e-12,1.9725736102570726e-08,1.0752719181701847e-09,9.268319445254747e-10,3205.314389936269,-2.6853519408120974e-15,9.947598300641403e-14,0.0,9.267751011066139e-10,9.268887879443355e-10,-1.1368683772161603e-13,9.268887879443355e-10,1.1853777575888672e-10,False,0,none,True,3.953791200008709,2.0103564000455663,7.373235462182492e-07,ok,2.2314762354110334e-05,3.155783956231541e-05,0.0013588951391558047,0.00027637468452991584,0.0013588951904598245,0.00027633038058174595,0.0014024773802894035,5.801235486745446e-05,264.4795268000453
52,52,50,50,1835,1835,1835,1,4.6325095337529376e-07,4.6325095337529376e-07,0.01909047403051113,0.000505032422116525,0.001075167137506424,0,3244,4.6321824593931097e-07,1.0000706091270573,3244,4.6321824593931097e-07,1.0000706122660339,3244,4.6321824593931097e-07,1.0000706091270573,False,0,1793,-438.3409089221286,-438.3409089221285,True,False,accepted,L-BFGS-B>Newton-CG,True,7.963946757259527e-13,8.68223202597596e-10,1.917269514732222e-09,6.441268851631321e-09,3205.314389936269,-2.42861286636753e-15,9.947598300641403e-14,1.1368683772161603e-13,6.441268851631321e-09,6.441155164793599e-09,1.1368683772161603e-13,6.441268851631321e-09,2.2882537703262642e-10,False,0,none,True,3.962360500008799,1.615447799966205,7.308823910534556e-07,ok,2.2314662454686654e-05,3.155769828319557e-05,0.001358896090118586,0.00027637487793853965,0.0013588961414217906,0.0002763305739591925,0.001396340265973378,5.7758498043403615e-05,270.1061694000382
53,53,51,51,1592,1592,1592,1,-4.4139213173366443e-07,4.4139213173366443e-07,0.2764178065099143,0.0003455700826586296,0.0005436415022890458,0,2025,4.4135791387263476e-07,1.0000775285997014,2025,4.4135791387263476e-07,1.0000775585431847,2025,4.4135791387263476e-07,1.0000775285997014,False,0,1792,-438.3409090410654,-438.34090904106523,True,False,accepted,L-BFGS-B>Newton-CG,True,9.495966433956428e-10,7.434467297128006e-07,2.277289421613946e-09,1.1893666851392481e-07,3205.314389936269,-2.518818487118324e-15,9.947598300641403e-14,1.7053025658242404e-13,1.1893678220076254e-07,1.1893672535734368e-07,5.684341886080802e-14,1.1893678220076254e-07,2.478735644015251e-09,False,0,none,True,3.9805182000272907,6.583247600006871,6.11945665696112e-07,ok,4.6469828756171625e-05,6.571826206813317e-05,0.0015991616617969397,0.0003252405480426045,0.0015991619555224745,0.0003251884581561032,0.001277745932825277,5.2852938327041516e-05,280.721680800023
54,54,52,52,1130,1130,1130,1,-5.056673941794543e-07,5.056673941794543e-07,0.2150708855868104,0.00015841384591541515,0.0002565441641985474,0,3309,5.06104828897203e-07,0.9991356835723108,3309,5.06104828897203e-07,0.9991356686158456,3309,5.06104828897203e-07,0.9991356835723108,False,0,1791,-438.3409091708558,-438.3409091708557,True,False,accepted,L-BFGS-B>Newton-CG,True,1.0038551560658493e-12,3.14587133893588e-10,4.191024196194281e-09,1.2979052144146408e-07,4895.1561969966315,-2.4424906541753444e-15,9.947598300641403e-14,1.1368683772161603e-13,1.2979040775462636e-07,1.2979046459804522e-07,-5.684341886080802e-14,1.2979046459804522e-07,2.6958092919609044e-09,False,0,none,True,3.951976799988188,1.635691300034523,4.821552010980668e-07,ok,4.7947820184276724e-05,6.780845759083058e-05,0.0015835838204838948,0.0003220722969726768,0.0015835841612206521,0.0003220207246485689,0.0011342095066668614,4.6915668886738736e-05,286.36024420004105
55,55,53,53,469,469,469,1,4.2856577184280376e-07,4.2856577184280376e-07,0.007037081188777902,0.0007522856464207466,0.0017900630253797135,0,2535,4.2885670943675445e-07,0.9993215971965722,2535,4.2885670943675445e-07,0.9993216075396519,2535,4.2885670943675445e-07,0.9993215971965722,False,0,1790,-438.3409091761388,-438.3409091761386,True,False,accepted,L-BFGS-B>Newton-CG,True,1.2640986311854388e-12,2.2189456436069865e-09,1.569684361051132e-09,5.282913662085775e-09,4895.1561969966315,-2.1649348980190553e-15,9.947598300641403e-14,1.7053025658242404e-13,5.282970505504636e-09,5.282913662085775e-09,5.684341886080802e-14,5.282970505504636e-09,2.0565941011009272e-10,False,0,none,True,3.9725325000472367,1.9277775999507867,4.76872287435981e-07,ok,4.7935279796016814e-05,6.779072280367599e-05,0.001583418317916731,0.00032203863674498836,0.0015834186584039096,0.00032198706976726616,0.0011279819179149703,4.665806966002698e-05,292.31432240002323
56,56,54,54,191,191,191,1,-4.088878249319805e-07,4.088878249319805e-07,0.19142715197354218,0.00013636686631260774,0.00022381742237473901,0,2796,4.087977841728072e-07,1.0002202574540748,2796,4.087977841728072e-07,1.0002205639463468,2796,4.087977841728072e-07,1.0002202574540748,False,0,1789,-438.34090925674025,-438.34090925674,True,False,accepted,L-BFGS-B>Newton-CG,True,6.406350260092279e-13,2.136561125138151e-10,3.998439962572118e-09,8.060146683419589e-08,5686.575782604305,-2.1024848528838902e-15,9.947598300641403e-14,2.2737367544323206e-13,8.060146683419589e-08,8.060140999077703e-08,5.684341886080802e-14,8.060146683419589e-08,1.7120293366839178e-09,False,0,none,True,3.97059939999599,1.8925526000093669,3.9627087744520395e-07,ok,4.9204530521055125e-05,6.958571439307706e-05,0.0016088139672333236,0.000327203652327181,0.0016088143275148007,0.0003271512612073477,0.0010283171618550308,4.2535516756439755e-05,298.2364725000225
57,57,55,55,1241,1241,1241,1,2.8475775071257203e-07,2.8475775071257203e-07,0.054631796935416845,0.0003709028859896234,0.0007018646942411511,0,3201,2.8541371997606815e-07,0.9977016898012081,3201,2.8541371997606815e-07,0.9977016910160273,3201,2.8541371997606815e-07,0.9977016898012081,False,0,1788,-438.3409092594019,-438.34090925940177,True,False,accepted,L-BFGS-B>Newton-CG,True,8.699016576135713e-13,1.1330655405102706e-09,1.7677416941140186e-09,2.6616362447384745e-09,5686.575782604305,-2.5118795932144167e-15,9.947598300641403e-14,1.1368683772161603e-13,2.6616362447384745e-09,2.661749931576196e-09,-1.1368683772161603e-13,2.661749931576196e-09,1.532349986315239e-10,False,0,none,True,3.900402800005395,7.496027500019409,3.9360912751362775e-07,ok,4.9204255727131235e-05,6.958532577578304e-05,0.0016088090020239074,0.00032720264249342236,0.0016088093623001615,0.0003271502515344454,0.0010248603829366716,4.239252986187122e-05,309.68608210003003
58,58,56,56,119,119,119,1,3.664597176822326e-07,3.664597176822326e-07,0.0397271095583234,0.0002884099123462327,0.0005656487838932818,0,1413,3.6695141397927224e-07,0.9986600506816213,1413,3.6695141397927224e-07,0.9986600929306234,1413,3.6695141397927224e-07,0.9986600506816213,False,0,1787,-438.3409092675116,-438.34090926751145,True,False,accepted,L-BFGS-B>Newton-CG,True,1.382809368384054e-12,1.0882943913264483e-09,2.2706206881197297e-09,8.10985056887148e-09,5686.575782604305,-2.338407245616736e-15,9.947598300641403e-14,1.7053025658242404e-13,8.109736882033758e-09,8.109680038614897e-09,5.684341886080802e-14,8.109736882033758e-09,2.6219473764067516e-10,False,0,none,True,3.9505882000084966,3.87669669999741,3.8549944747501286e-07,ok,4.920411919078407e-05,6.958513268422911e-05,0.0016088074628840931,0.0003272023294602321,0.0016088078231553293,0.00032714993855042704,0.0010142547164068696,4.195383495029568e-05,317.5657964000129
59,59,57,57,1465,1465,1465,1,-2.3410178329186238e-07,2.3410178329186238e-07,0.3149099956220355,0.00023113805584141958,0.0003581542356007088,0,2198,2.3415990058656768e-07,0.9997518050931875,2198,2.3415990058656768e-07,0.9997530394461317,2198,2.3415990058656768e-07,0.9997518050931875,False,0,1786,-438.340909436321,-438.3409094363208,True,False,accepted,L-BFGS-B>Newton-CG,True,8.090256101859353e-13,7.987815243931653e-10,2.0128246403802997e-09,1.688094357632508e-07,5686.575782604305,-2.213507155346406e-15,9.947598300641403e-14,1.7053025658242404e-13,1.6880937891983194e-07,1.6880937891983194e-07,0.0,1.6880937891983194e-07,3.476187578396639e-09,False,0,none,True,3.930595399986487,2.72005679999711,2.1669006855518091e-07,ok,3.0224942477029675e-05,4.274452357296202e-05,0.00087377125243529,0.00017770926341905533,0.0008737715720056142,0.00017768083420187822,0.0007601710711731865,3.144386822964083e-05,324.270936200046
60,60,58,58,480,480,480,1,-2.273596333424166e-07,2.273596333424166e-07,0.15731034899463775,9.751065470358343e-05,0.00016368307205509144,0,3394,2.2766558649433333e-07,0.9986561291206638,3394,2.2766558649433333e-07,0.9986559985254727,3394,2.2766558649433333e-07,0.9986561291206638,False,0,1785,-438.3409094703643,-438.3409094703642,True,False,accepted,L-BFGS-B>Newton-CG,True,8.724128355768119e-13,3.7416266242168166e-10,3.3316405488733718e-09,3.40434098689002e-08,7952.572176652779,-2.123301534595612e-15,9.947598300641403e-14,1.1368683772161603e-13,3.404329618206248e-08,3.404335302548134e-08,-5.684341886080802e-14,3.404335302548134e-08,7.808670605096267e-10,False,0,none,True,3.922922900004778,2.093794499989599,1.8264671552969958e-07,ok,3.031637608713614e-05,4.287383022443132e-05,0.0008755972226988218,0.0001780806327329953,0.0008755975440980488,0.00017805214434174515,0.0006979092114224009,2.8868456209929736e-05,330.34402310004225
61,61,58,58,441,441,,1,2.1007974826403597e-07,2.1007974826403597e-07,0.05879869063184142,0.0002487660103143622,0.0004668650098856331,0,118,2.0996244468791448e-07,1.0005586883706552,118,2.0996244468791448e-07,1.0005586495959498,118,2.0996244468791448e-07,1.0005586883706552,False,0,1784,-438.3409094703643,-438.3409094703642,False,True,projected_residual,L-BFGS-B>Newton-CG>trust-krylov,False,1.3118735605344684e-07,0.00015534577513090348,1.8444861531824774e-09,3.1472495720663574e-09,7952.572176652779,-1.887379141862766e-15,9.947598300641403e-14,1.1368683772161603e-13,,,,,,False,0,none,False,3.9187247999943793,8.37102620000951,,,,,,,,,,,342.6686559000518
62,62,59,59,247,247,247,1,2.0952016122066652e-07,2.0952016122066652e-07,0.059259286074254534,0.0002477994601779568,0.00046464264498326024,0,118,2.0996244468791448e-07,0.9978935115377163,118,2.0996244468791448e-07,0.9978934704472974,118,2.0996244468791448e-07,0.9978935115377163,False,0,1783,-438.3409094735141,-438.340909473514,True,False,accepted,L-BFGS-B>Newton-CG,True,6.291808401844214e-13,7.441331266234e-10,1.8455218799886124e-09,3.1499212127528153e-09,7952.572176652779,-2.3869795029440866e-15,9.947598300641403e-14,1.1368683772161603e-13,3.1498075259150937e-09,3.1498075259150937e-09,0.0,3.1498075259150937e-09,1.6299615051830188e-10,False,0,none,True,3.938462799997069,1.838931699981913,1.7949690800378448e-07,ok,3.0315682667351234e-05,4.2872849580767084e-05,0.0008755803676444023,0.00017807720471988838,0.0008755806890302554,0.00017804871687557205,0.0006918653080288343,2.8618454981118583e-05,348.50432890001684
63,63,60,60,1263,1263,1263,1,1.8414153079933837e-07,1.8414153079933837e-07,8.259677013244454e-05,0.053757987926464176,0.20967295566216584,0,1287,1.845588784839241e-07,0.9977386745735883,1287,1.845588784839241e-07,0.9977386749777899,1287,1.845588784839241e-07,0.9977386745735883,False,0,1782,-438.34090947354326,-438.34090947354315,True,False,accepted,L-BFGS-B>Newton-CG,True,5.027891204141091e-13,1.467834481133738e-07,1.0034253802242456e-09,2.916067387559451e-11,7952.572176652779,-2.275957200481571e-15,9.947598300641403e-14,1.1368683772161603e-13,2.916067387559451e-11,2.916067387559451e-11,0.0,2.916067387559451e-11,1.0058321347751189e-10,False,0,none,True,3.9764752000337467,3.0374825000180863,1.794677473299089e-07,ok,3.0312638886979447e-05,4.2868545025284416e-05,0.0008754006225591986,0.00017804064782172343,0.0008754009440066511,0.00017801216585152768,0.0006918091884561321,2.861613363988887e-05,355.57459460000973
64,64,60,60,1203,1203,,1,-1.8094227982601296e-07,1.8094227982601296e-07,0.17738458056320291,0.0001054342561960779,0.00017456724672127764,0,2982,1.8086351371375406e-07,1.0004355002877117,2982,1.8086351371375406e-07,1.0004352938160355,2982,1.8086351371375406e-07,1.0004355002877117,False,0,1781,-438.34090947354326,-438.34090947354315,False,True,projected_residual,L-BFGS-B>Newton-CG>trust-krylov,False,3.1943518057111603e-07,0.00018613322199299173,2.716164245967565e-09,2.2383630948752398e-08,7952.572176652779,-2.0192181260370035e-15,9.947598300641403e-14,1.1368683772161603e-13,,,,,,False,0,none,False,3.9824993000365794,7.216725700011011,,,,,,,,,,,366.8094895000104
65,65,60,60,15,15,,1,-1.7943055397040553e-07,1.7943055397040553e-07,0.1762729306111192,0.00010548277497353973,0.00017477346631024986,0,2982,1.8086351371375406e-07,0.9920771209520101,2982,1.8086351371375406e-07,0.9920769477697513,2982,1.8086351371375406e-07,0.9920771209520101,False,0,1780,-438.34090947354326,-438.34090947354315,False,True,projected_residual,L-BFGS-B>Newton-CG>trust-krylov,False,7.855575112790047e-07,0.00046180922187181013,2.701043361791206e-09,2.174783730879426e-08,7952.572176652779,-1.9845236565174673e-15,9.947598300641403e-14,1.1368683772161603e-13,,,,,,False,0,none,False,3.918597499956377,8.227238700026646,,,,,,,,,,,378.98780250002164
66,66,61,61,121,121,121,1,-1.7936179474986602e-07,1.7936179474986602e-07,0.17849587409997092,0.00010407694130285666,0.00017219662073309847,0,2982,1.8086351371375406e-07,0.991696949080262,2982,1.8086351371375406e-07,0.9916962145225884,2982,1.8086351371375406e-07,0.991696949080262,False,0,1779,-438.34090949636885,-438.34090949636897,True,False,accepted,L-BFGS-B>Newton-CG,True,1.7655112077060294e-12,1.0244587991068877e-09,2.723359894263374e-09,2.282558853039518e-08,7952.572176652779,-2.2065682614424986e-15,9.947598300641403e-14,-1.1368683772161603e-13,2.282558853039518e-08,2.2825815904070623e-08,-2.2737367544323206e-13,2.2825815904070623e-08,5.565163180814125e-10,False,0,none,True,3.8910789000219665,3.6265486999764107,1.5664193142583827e-07,ok,3.065217085884163e-05,4.33487157447512e-05,0.0008839545227602935,0.00017978035635511817,0.0008839548492025604,0.00017975159645282812,0.0006463220297409851,2.6734593708919855e-05,386.5629088000278
67,67,62,62,1603,1603,1603,1,-1.3339968063519336e-07,1.3339968063519336e-07,0.1480227631008652,9.423824185331194e-05,0.00015929361141250599,0,2550,1.334939447400431e-07,0.9992938698078531,2550,1.334939447400431e-07,0.999294107095755,2550,1.334939447400431e-07,0.9992938698078531,False,0,1778,-438.34090950800316,-438.340909508003,True,False,accepted,L-BFGS-B>Newton-CG,True,9.090889618755562e-13,6.422075661916586e-10,2.4155687502508344e-09,1.163436991191702e-08,8228.72439333036,-2.1718737919229625e-15,9.947598300641403e-14,1.7053025658242404e-13,1.1634313068498159e-08,1.1634028851403855e-08,2.8421709430404007e-13,1.1634313068498159e-08,3.326862613699632e-10,False,0,none,True,3.9952864999650046,2.2141740000224672,1.450079025744344e-07,ok,3.069447513491511e-05,4.340854302572069e-05,0.0008850162820096724,0.00017999629897580936,0.0008850166090740923,0.00017996750457543144,0.0006218581156150741,2.572266347199409e-05,392.83460990001913
68,68,63,63,70,70,70,1,1.3193135048328308e-07,1.3193135048328308e-07,0.004392901198749869,0.0009879182015367727,0.0024773439712563725,0,1256,1.3191872156284537e-07,1.0000957325866116,1256,1.3191872156284537e-07,1.0000957623588957,1256,1.3191872156284537e-07,1.0000957325866116,False,0,1777,-438.34090950843415,-438.34090950843404,True,False,accepted,L-BFGS-B>Newton-CG,True,8.638499360844732e-13,6.4686102837684645e-09,1.13354490349374e-09,4.310436452215072e-10,8228.72439333036,-2.2343238370581275e-15,9.947598300641403e-14,1.1368683772161603e-13,4.3098680180264637e-10,4.310436452215072e-10,-5.684341886080802e-14,4.310436452215072e-10,1.0862087290443015e-10,False,0,none,True,3.9156634000246413,2.769817399966996,1.445768589292129e-07,ok,3.069444153554766e-05,4.3408495509039557e-05,0.0008850175638818852,0.00017999655968542426,0.0008850178909431956,0.0001799677652426114,0.00062093340924833,2.568441373288979e-05,399.5837973000016
69,69,64,64,1844,1844,1844,1,2.0973577530628007e-07,2.0973577530628007e-07,0.0022033999769787435,0.0021343856427830767,0.0057792423937704,0,1250,2.1112615989789807e-07,0.9934144371673771,1250,2.1112615989789807e-07,0.9934144368529869,1250,2.1112615989789807e-07,0.9934144371673771,False,0,1776,-438.34090950886804,-438.34090950886787,True,False,accepted,L-BFGS-B>Newton-CG,True,9.110810841663935e-13,9.271667286599591e-09,1.0982650753099376e-09,4.339995030022692e-10,8228.72439333036,-2.1094237467877974e-15,9.947598300641403e-14,1.7053025658242404e-13,4.338858161645476e-10,4.3382897274568677e-10,5.684341886080802e-14,4.338858161645476e-10,1.0867771632329096e-10,False,0,none,True,4.037934500025585,3.0057519000256434,1.4414302995646722e-07,ok,3.069397740978322e-05,4.340783913608884e-05,0.0008850192602380667,0.00017999690469357903,0.0008850195872770886,0.00017996811019091466,0.0006200009442743015,2.564584306520198e-05,406.6901315000141
70,70,65,65,682,682,682,1,1.264525475164202e-07,1.264525475164202e-07,0.0029570282469280327,0.0011988499190391379,0.003141621085039953,0,2168,1.2688463798048375e-07,0.9965946195619836,2168,1.2688463798048375e-07,0.9965946297828511,2168,1.2688463798048375e-07,0.9965946195619836,False,0,1775,-438.34090950924394,-438.34090950924383,True,False,accepted,L-BFGS-B>Newton-CG,True,9.876358246530919e-10,9.363410820074548e-06,1.1054782112663117e-09,3.759055289265234e-10,8228.72439333036,-2.1371793224034263e-15,9.947598300641403e-14,1.1368683772161603e-13,3.759055289265234e-10,3.759623723453842e-10,-5.684341886080802e-14,3.759623723453842e-10,1.0751924744690769e-10,False,0,none,True,3.986712600046303,3.2038493000436574,1.4376706758412183e-07,ok,3.0693865968930264e-05,4.340768153492318e-05,0.0008850198096847946,0.00017999701644110224,0.0008850201367172107,0.00017996822191917677,0.0006191919095765277,2.5612377992148423e-05,413.94801320001716
71,71,66,66,354,354,354,1,-1.1341906969164484e-07,1.1341906969164484e-07,0.25726534959149455,6.951301413688492e-05,0.0001102693211280144,0,836,1.1342177837891308e-07,0.9999761184553182,836,1.1342177837891308e-07,0.9999753456196439,836,1.1342177837891308e-07,0.9999761184553182,False,0,1774,-438.3409095769408,-438.3409095769407,True,False,accepted,L-BFGS-B>Newton-CG,True,1.1492026873278333e-12,7.041114780082457e-10,2.6321317337115976e-09,6.769687388441525e-08,11155.616385672447,-1.9359513991901167e-15,9.947598300641403e-14,1.1368683772161603e-13,6.769687388441525e-08,6.769687388441525e-08,0.0,6.769687388441525e-08,1.4539374776883052e-09,False,0,none,True,3.8998741999967024,3.0975642999983393,7.607019369970658e-08,ok,2.366215519103133e-05,3.3463340786133445e-05,0.0007070628255552598,0.000143803785682142,0.000707063051597145,0.00014378077390723258,0.000450403838236967,1.863059444999728e-05,421.0075393000152
72,72,66,66,1377,1377,,1,1.0342711848077002e-07,1.0342711848077002e-07,0.013432672102508625,0.00037515282105434746,0.0008306223796777322,0,1596,1.0347420998128874e-07,0.9995448962545621,1596,1.0347420998128874e-07,0.9995449279089835,1596,1.0347420998128874e-07,0.9995448962545621,False,0,1773,-438.3409095769408,-438.3409095769407,False,True,projected_residual,L-BFGS-B>Newton-CG>trust-krylov,False,3.057912332843397e-07,0.0011091730638715727,1.275692985382258e-09,7.415792424581014e-10,11155.616385672447,-2.123301534595612e-15,9.947598300641403e-14,1.1368683772161603e-13,,,,,,False,0,none,False,3.943370799999684,29.923922099987976,,,,,,,,,,,454.913360800012
73,73,67,67,1312,1312,1312,1,1.0267681993525457e-07,1.0267681993525457e-07,0.017241319483431314,0.00046701783126084094,0.0010056137150315982,0,1596,1.0347420998128874e-07,0.9922938281318759,1596,1.0347420998128874e-07,0.9922938335312468,1596,1.0347420998128874e-07,0.9922938281318759,False,0,1772,-438.340909577337,-438.34090957733696,True,False,accepted,L-BFGS-B>Newton-CG,True,9.146906230030287e-13,4.16040897899035e-09,1.2198559390728472e-09,3.9619862945983186e-10,11155.616385672447,-2.157996004115148e-15,9.947598300641403e-14,5.684341886080802e-14,3.9619862945983186e-10,3.9625547287869267e-10,-5.684341886080802e-14,3.9625547287869267e-10,1.0792510945757386e-10,False,0,none,True,3.9391919000190683,2.620351899997331,7.567393822682789e-08,ok,2.366255950102277e-05,3.346391256680674e-05,0.0007070601936503601,0.000143803250400305,0.0007070604197105034,0.0001437802387149363,0.0004492295846899257,1.8582022391415293e-05,461.5401608000393
74,74,68,68,1560,1560,1560,1,1.5331890068637222e-07,1.5331890068637222e-07,0.024105470275986248,0.0003148264059011022,0.0006529908102307491,0,3100,1.5332152647612977e-07,0.9999828739654639,3100,1.5332152647612977e-07,0.9999827572894531,3100,1.5332152647612977e-07,0.9999828739654639,False,0,1771,-438.34090957889146,-438.34090957889134,True,False,accepted,L-BFGS-B>Newton-CG,True,5.990795552724204e-13,1.230156564120359e-09,1.4869945604857222e-09,1.5544969755865168e-09,11155.616385672447,-1.887379141862766e-15,9.947598300641403e-14,1.1368683772161603e-13,1.554440132167656e-09,1.5543832887487952e-09,5.684341886080802e-14,1.554440132167656e-09,1.3108880264335311e-10,False,0,none,True,3.9922942999983206,2.6921862000017427,7.411955493807909e-08,ok,2.366270617661038e-05,3.346411999741201e-05,0.0007070591399753478,0.00014380303610187186,0.0007070593660416352,0.00014378002445211355,0.0004445918765207237,1.8390187303117527e-05,468.3092612000182
75,75,69,69,1565,1565,1565,1,1.2389761006037503e-07,1.2389761006037503e-07,0.012484441784600927,0.0002324202428988403,0.0005188183266434548,0,3683,1.25117341935776e-07,0.9902512964507585,3683,1.25117341935776e-07,0.9902512534318593,3683,1.25117341935776e-07,0.9902512964507585,False,0,1770,-438.34090958179974,-438.34090958179974,True,False,accepted,L-BFGS-B>Newton-CG,True,1.2629582342000252e-12,2.369192538244916e-09,1.5330753891094125e-09,2.908393526013242e-09,11155.616385672447,-1.8943180357666733e-15,9.947598300641403e-14,0.0,2.9082798391755205e-09,2.908393526013242e-09,-1.1368683772161603e-13,2.908393526013242e-09,1.5816787052026484e-10,False,0,none,True,3.9110330999828875,3.649934299988672,7.121116141206585e-08,ok,2.3660323739130525e-05,3.3460750722016495e-05,0.0007070747026054192,0.00014380620125925046,0.0007070749285625484,0.00014378318907978826,0.00043578265497901347,1.802580090133594e-05,475.94028150005033
76,76,69,69,1040,1040,,1,1.2569618190738652e-07,1.2569618190738652e-07,0.03212535745170884,0.00019935263411506753,0.00040040412610488655,0,398,1.25606979033763e-07,1.00071017450073,398,1.25606979033763e-07,1.0007102606102583,398,1.25606979033763e-07,1.00071017450073,False,0,1769,-438.34090958179974,-438.34090958179974,False,True,projected_residual,L-BFGS-B>Newton-CG>trust-krylov,False,4.5398211022929213e-08,7.20013564796853e-05,1.6305188296797994e-09,2.2050699044484645e-09,11155.616385672447,-1.8318679906315083e-15,9.947598300641403e-14,0.0,,,,,,False,0,none,False,3.9041007999912836,6.209140399994794,,,,,,,,,,,486.09464250004385
77,77,70,70,1664,1664,1664,1,1.241784881589325e-07,1.241784881589325e-07,0.031788616672099035,0.0001974032596864301,0.0003969570172984598,0,398,1.25606979033763e-07,0.9886272969398738,398,1.25606979033763e-07,0.9886273485698508,398,1.25606979033763e-07,0.9886272969398738,False,0,1768,-438.3409095840066,-438.34090958400657,True,False,accepted,L-BFGS-B>Newton-CG,True,1.1487844445428464e-12,1.8262009306453342e-09,1.629056981225442e-09,2.2068320504331496e-09,11155.616385672447,-1.7763568394002505e-15,9.947598300641403e-14,5.684341886080802e-14,2.2068888938520104e-09,2.2068320504331496e-09,5.684341886080802e-14,2.2068888938520104e-09,1.441377778770402e-10,False,0,none,True,3.9845087000285275,3.5531688000191934,6.90043293616327e-08,ok,2.366030433478567e-05,3.346072328012883e-05,0.0007070747401874854,0.00014380620890276275,0.0007070749661425601,0.0001437831967216572,0.00042897751006635133,1.7744311526073186e-05,493.7007807000191
78,78,70,70,338,338,,1,1.0190401589227349e-07,1.0190401589227349e-07,0.013163900668949818,0.00038144278414815695,0.0008464550498186247,0,1596,1.0347424235956418e-07,0.984824953230058,1596,1.0347424235956418e-07,0.9848249414741231,1596,1.0347424235956418e-07,0.984824953230058,False,0,1767,-438.3409095840066,-438.34090958400657,False,True,projected_residual,L-BFGS-B>Newton-CG>trust-krylov,False,1.0893886555721122e-06,0.0040777593693139096,1.2671537373612618e-09,7.069616003718693e-10,11155.616385672447,-1.7832957333041577e-15,9.947598300641403e-14,5.684341886080802e-14,,,,,,False,0,none,False,3.9650343999965116,16.544674600008875,,,,,,,,,,,514.2583082000492
79,79,71,71,8,8,8,1,1.0016076923413664e-07,1.0016076923413664e-07,0.013694663976952267,0.0003563783101664356,0.0007873555667584493,0,1596,1.0347424235956418e-07,0.9679777976637557,1596,1.0347424235956418e-07,0.9679777580646771,1596,1.0347424235956418e-07,0.9679777976637557,False,0,1766,-438.34090958476617,-438.34090958476605,True,False,accepted,L-BFGS-B>Newton-CG,True,7.468696595293774e-13,2.657413236512886e-09,1.2810513808192796e-09,7.596554496558383e-10,11155.616385672447,-1.942890293094024e-15,9.947598300641403e-14,1.1368683772161603e-13,7.595417628181167e-10,7.594849193992559e-10,5.684341886080802e-14,7.595417628181167e-10,1.1519083525636234e-10,False,0,none,True,3.893908499972895,3.103138599952217,6.824484444223344e-08,ok,2.3660289282339498e-05,3.34607019927553e-05,0.0007070746663133952,0.00014380619387810943,0.0007070748922674571,0.000143783181699207,0.0004266101576814501,1.764638788853055e-05,521.3252099000383
80,80,72,72,819,819,819,1,7.475271505442971e-08,7.475271505442971e-08,0.0010075196678115317,0.0030394759289874827,0.008977989197939443,0,2432,7.460341794406227e-08,1.0020012100582225,2432,7.460341794406227e-08,1.0020011989928905,2432,7.460341794406227e-08,1.0020012100582225,False,0,1765,-438.34090958482284,-438.3409095848227,True,False,accepted,L-BFGS-B>Newton-CG,True,1.1024784011321201e-12,4.482731763456708e-08,1.0245938962959939e-09,5.67297320230864e-11,11155.616385672447,-2.0816681711721685e-15,9.947598300641403e-14,1.1368683772161603e-13,5.667288860422559e-11,5.667288860422559e-11,0.0,5.667288860422559e-11,1.0113345777208452e-10,False,0,none,True,3.9381782000418752,3.5470144999562763,6.818817155362922e-08,ok,2.3660716419699495e-05,3.346130605620281e-05,0.0007070716534082126,0.00014380558110770842,0.0007070718793808196,0.00014378256903082974,0.00042643308119733416,1.7639063261424553e-05,528.8824496000307
81,81,73,73,1025,1025,1025,1,-6.62347225954818e-08,6.62347225954818e-08,0.12528917467123235,7.580392418006842e-05,0.00013059229920553658,0,674,6.621888773054866e-08,1.0002391291288004,674,6.621888773054866e-08,1.000240165852112,674,6.621888773054866e-08,1.0002391291288004,False,0,1764,-438.34090958861464,-438.3409095886145,True,False,accepted,L-BFGS-B>Newton-CG,True,9.075249730596857e-13,1.0386371284384766e-09,1.8737651949955713e-09,3.7917970985290594e-09,11155.616385672447,-2.095545958979983e-15,9.947598300641403e-14,1.1368683772161603e-13,3.7917970985290594e-09,3.7917970985290594e-09,0.0,3.7917970985290594e-09,1.758359419705812e-10,False,0,none,True,3.912319299997762,7.745858799957205,6.439637445510016e-08,ok,2.3658907829351264e-05,3.3458748323203564e-05,0.0007070236383684712,0.00014379581571737117,0.0007070238643152318,0.00014377280520103575,0.00041440770607978556,1.7141643239869888e-05,540.6102117000264
82,82,74,74,340,340,340,1,6.212313774511813e-08,6.212313774511813e-08,0.07207199385160999,0.00023671027397240268,0.00043416290237467285,0,1809,6.222076745429565e-08,0.9984309144169712,1809,6.222076745429565e-08,0.9984307506654652,1809,6.222076745429565e-08,0.9984309144169712,False,0,1763,-438.34090958890954,-438.3409095889093,True,False,accepted,L-BFGS-B>Newton-CG,True,8.973667733161962e-13,3.419269411867067e-09,1.2624440092967684e-09,2.94903657049872e-10,11155.616385672447,-1.942890293094024e-15,9.947598300641403e-14,2.2737367544323206e-13,2.94903657049872e-10,2.9478997021215037e-10,1.1368683772161603e-13,2.94903657049872e-10,1.0589807314099744e-10,False,0,none,True,3.951342599990312,5.814099000010174,6.410158448488801e-08,ok,2.365886978542951e-05,3.345869452097346e-05,0.0007070224693681248,0.0001437955779638517,0.0007070226953143368,0.0001437725674855265,0.0004134578353006957,1.710235259498019e-05,550.448540500016
83,83,75,75,23,23,23,1,5.62645888213531e-08,5.62645888213531e-08,0.009476490220572963,0.0003854287381999867,0.000887219927320899,0,2374,5.6117167965873777e-08,1.0026270188041024,2374,5.6117167965873777e-08,1.002627016286918,2374,5.6117167965873777e-08,1.0026270188041024,False,0,1762,-438.3409095891796,-438.3409095891795,True,False,accepted,L-BFGS-B>Newton-CG,True,7.233917436544301e-13,4.955451569930032e-09,1.14597897556784e-09,2.701767698454205e-10,11155.616385672447,-2.0122792321330962e-15,9.947598300641403e-14,1.1368683772161603e-13,2.700630830076989e-10,2.701767698454205e-10,-1.1368683772161603e-13,2.701767698454205e-10,1.0540353539690841e-10,False,0,none,True,3.9409061000333168,3.854185000003781,6.383140771504259e-08,ok,2.3658862726352125e-05,3.345868453793048e-05,0.0007070224898205241,0.00014379558212349963,0.0007070227157662607,0.00014377257164441084,0.0004125858774092133,1.7066284754356822e-05,558.3186247000122
84,84,76,76,238,238,238,1,-5.429485328001249e-08,5.429485328001249e-08,0.009851093644610705,0.0001269580447272292,0.0002909853622178655,0,2809,5.480756555541337e-08,0.990645228077454,2809,5.480756555541337e-08,0.9906451735998693,2809,5.480756555541337e-08,0.990645228077454,False,0,1761,-438.3409095914105,-438.34090959141025,True,False,accepted,L-BFGS-B>Newton-CG,True,1.0355149513076675e-12,2.4213415168224564e-09,1.427661667762828e-09,2.2310473468678538e-09,11155.616385672447,-1.8041124150158794e-15,9.947598300641403e-14,2.2737367544323206e-13,2.2308768166112714e-09,2.2307631297735497e-09,1.1368683772161603e-13,2.2308768166112714e-09,1.4461753633222545e-10,False,0,none,True,3.9647691000136547,3.7221990000107326,6.160064458526904e-08,ok,2.365611858484861e-05,3.3454803735799136e-05,0.000707041952190391,0.00014379954041739384,0.0007070421780106697,0.00014377652927811377,0.00040531249915901654,1.676542728166905e-05,566.0834664000431
85,85,77,77,93,93,93,1,-4.6975184631037337e-08,4.6975184631037337e-08,0.29261057322184597,9.015397105508854e-05,0.0001408939035292497,0,2057,4.698157737651425e-08,0.9998639308036492,2057,4.698157737651425e-08,0.9998611025159325,2057,4.698157737651425e-08,0.9998639308036492,False,0,1760,-438.340909610204,-438.3409096102038,True,False,accepted,L-BFGS-B>Newton-CG,True,1.7111203078248564e-12,3.28392791914874e-09,1.52105903355772e-09,1.8793571143760346e-08,11155.616385672447,-2.3175905639050143e-15,9.947598300641403e-14,1.7053025658242404e-13,1.8793514300341485e-08,1.8793571143760346e-08,-5.684341886080802e-14,1.8793571143760346e-08,4.75871422875207e-10,False,0,none,True,3.920293600007426,9.33116100000916,4.280707344150869e-08,ok,1.8034957947688087e-05,2.5505282126448933e-05,0.0006122714179049791,0.0001245249284468677,0.0006122715350895629,0.00012450498574023084,0.00033789318635454364,1.397668134230429e-05,579.4136125000077
86,86,78,78,493,493,493,1,4.5435914130479566e-08,4.5435914130479566e-08,0.0003445011034876484,0.007054336843298808,0.023476597482947455,0,2794,4.5442311547160124e-08,0.9998592189423745,2794,4.5442311547160124e-08,0.9998592188343581,2794,4.5442311547160124e-08,0.9998592189423745,False,0,1759,-438.34090961021604,-438.34090961021593,True,False,accepted,L-BFGS-B>Newton-CG,True,1.2282980415272914e-12,1.9070367468218297e-07,1.0064408724350715e-09,1.2050804798491299e-11,11155.616385672447,-1.9845236565174673e-15,9.947598300641403e-14,1.1368683772161603e-13,1.2050804798491299e-11,1.2107648217352107e-11,-5.684341886080802e-14,1.2107648217352107e-11,1.0024215296434705e-10,False,0,none,True,3.986139600048773,4.15068020002218,4.279496579329134e-08,ok,1.8034459865016445e-05,2.5504577731179518e-05,0.0006122798200291353,0.00012452663728689965,0.0006122799371964542,0.00012450669430275375,0.00033784548716091195,1.3974708303318606e-05,587.6244128000108
87,87,79,79,350,350,350,1,3.923246748565451e-08,3.923246748565451e-08,0.000984437179725223,0.0014650930553134795,0.004338748016764754,0,3564,3.9348935654042485e-08,0.9970401189650473,3564,3.9348935654042485e-08,0.997040132055249,3564,3.9348935654042485e-08,0.9970401189650473,False,0,1758,-438.3409096102807,-438.34090961028056,True,False,accepted,L-BFGS-B>Newton-CG,True,9.197240941367511e-13,3.434611671058171e-08,1.0267781100811724e-09,6.468781066359952e-11,11155.616385672447,-2.282896094385478e-15,9.947598300641403e-14,1.1368683772161603e-13,6.463096724473871e-11,6.463096724473871e-11,0.0,6.463096724473871e-11,1.0129261934489478e-10,False,0,none,True,4.203477900009602,9.926018800004385,4.27303348260466e-08,ok,1.8034369330044748e-05,2.5504449695394673e-05,0.0006122805492039382,0.00012452678558786147,0.0006122806663681897,0.00012450684257931296,0.0003375906471526914,1.3964167050248082e-05,601.8310892000445
88,88,80,80,165,165,165,1,-3.782081492431644e-08,3.782081492431644e-08,0.3925569563730421,9.504548890200515e-05,0.0001435321003308006,0,279,3.782865801758031e-08,0.9997926679487221,279,3.782865801758031e-08,0.9997887352949656,279,3.782865801758031e-08,0.9997926679487221,False,0,1757,-438.34090963553126,-438.34090963553103,True,False,accepted,L-BFGS-B>Newton-CG,True,6.484384692351086e-13,1.629548277187118e-09,1.3979252890588954e-09,2.525064246583497e-08,11155.616385672447,-1.9914625504213745e-15,9.947598300641403e-14,2.2737367544323206e-13,2.525058562241611e-08,2.525047193557839e-08,1.1368683772161603e-13,2.525058562241611e-08,6.050117124483222e-10,False,0,none,True,3.9025586000061594,7.0907242000103,1.7479862890468212e-08,ok,1.2233156713854919e-06,1.7300296135369112e-06,0.0001007339816589176,2.0487469268394846e-05,0.0001007339822637804,2.0484184396183018e-05,0.00021590017893782345,8.930538183727e-06,612.9046984000015
89,89,80,80,311,311,,1,3.0307068500060475e-08,3.0307068500060475e-08,4.696323326695897e-05,0.047894206169799516,0.1988970640756445,0,2250,3.035749563616409e-08,0.9983388901143894,2250,3.035749563616409e-08,0.9983388914866552,2250,3.035749563616409e-08,0.9983388901143894,False,0,1756,-438.34090963553126,-438.34090963553103,False,True,energy_not_decreased,L-BFGS-B>Newton-CG,True,1.5590542213549128e-12,2.4637731310137788e-06,1.0006327913076614e-09,1.4779288903810084e-12,11155.616385672447,-2.1718737919229625e-15,9.947598300641403e-14,2.2737367544323206e-13,,,,,,False,0,none,False,3.9743360999855213,4.70999360003043,,,,,,,,,,,621.6338689000113
90,90,80,80,547,547,,1,2.97019196397646e-08,2.97019196397646e-08,3.57891935568786e-05,0.05963047367516691,0.25522649671016884,0,2250,3.035749563616409e-08,0.9784048063695177,2250,3.035749563616409e-08,0.9784048061371688,2250,3.035749563616409e-08,0.9784048063695177,False,0,1755,-438.34090963553126,-438.34090963553103,False,True,energy_not_decreased,L-BFGS-B>Newton-CG,True,1.4829557068331517e-12,2.977229661720514e-06,1.000498099198023e-09,1.4210854715202004e-12,11155.616385672447,-2.185751579730777e-15,9.947598300641403e-14,2.2737367544323206e-13,,,,,,False,0,none,False,3.9164154999889433,4.7555831000208855,,,,,,,,,,,630.3469818000449
91,91,80,80,862,862,,1,2.838605794995184e-08,2.838605794995184e-08,6.167488558897553e-05,0.03587773696587623,0.1445506287423428,0,2250,3.035749563616409e-08,0.9350592779509872,2250,3.035749563616409e-08,0.9350592773814727,2250,3.035749563616409e-08,0.9350592779509872,False,0,1754,-438.34090963553126,-438.34090963553103,False,True,energy_not_decreased,L-BFGS-B>Newton-CG,True,6.407854297332138e-13,8.099031903503627e-07,1.000791187684365e-09,1.6484591469634324e-12,11155.616385672447,-2.2273849431542203e-15,9.947598300641403e-14,2.2737367544323206e-13,,,,,,False,0,none,False,3.9635434999945574,15.873103799996898,,,,,,,,,,,650.2274206000147
92,92,81,81,1243,1243,1243,1,-2.7551354975230424e-08,2.7551354975230424e-08,0.25375377105168867,4.9313314634624514e-05,7.835077569489603e-05,0,2250,3.035749563616409e-08,0.9075634994873957,2250,3.035749563616409e-08,0.9075625502067072,2250,3.035749563616409e-08,0.9075634994873957,False,0,1753,-438.3409096425828,-438.34090964258286,True,False,accepted,L-BFGS-B>Newton-CG,True,9.837518802735729e-13,1.7607672568511396e-09,1.5587063687411255e-09,7.051596639939817e-09,15725.175346019783,-2.366162821232365e-15,9.947598300641403e-14,-5.684341886080802e-14,7.051539796520956e-09,7.05182401361526e-09,-2.8421709430404007e-13,7.05182401361526e-09,2.410364802723052e-10,False,0,none,True,3.939822299988009,4.2658947999589145,1.0428038876852952e-08,ok,5.320061392166369e-07,7.52370297345917e-07,9.025414982171936e-05,1.835606108650116e-05,9.025414989885486e-05,1.835311786054177e-05,0.00016675796904311972,6.897809984720891e-06,658.5092204000102
93,93,82,82,71,71,71,1,2.7546411762724432e-08,2.7546411762724432e-08,0.006737083242725166,0.0003592642588021945,0.0008590263382526483,0,2250,3.0357503886783545e-08,0.907400419529125,2250,3.0357503886783545e-08,0.9074004588222313,2250,3.0357503886783545e-08,0.907400419529125,False,0,1752,-438.34090964268034,-438.34090964268006,True,False,accepted,L-BFGS-B>Newton-CG,True,4.692977529205722e-13,6.1206625601450565e-09,1.0766743384901537e-09,9.748646334628575e-11,15725.175346019783,-2.213507155346406e-15,9.947598300641403e-14,2.8421709430404007e-13,9.754330676514655e-11,9.72022462519817e-11,3.410605131648481e-13,9.754330676514655e-11,1.0195086613530293e-10,False,0,none,True,4.015438700036611,3.8683977000182495,1.033083663060097e-08,ok,5.319456706721971e-07,7.522847819102732e-07,9.025249432096374e-05,1.8355724387600793e-05,9.025249439807908e-05,1.8352781215624162e-05,0.00016597724133851687,6.865515807794538e-06,666.4712881000014
94,94,82,82,319,319,,1,2.6418249204602392e-08,2.6418249204602392e-08,2.4985982415725344e-05,0.07411334315506544,0.33013663742597754,0,2250,3.0357493247884516e-08,0.8702381645573903,2250,3.0357493247884516e-08,0.870238163846355,2250,3.0357493247884516e-08,0.8702381645573903,False,0,1751,-438.34090964268034,-438.34090964268006,False,True,energy_not_decreased,L-BFGS-B>Newton-CG,True,7.377282814316869e-13,2.069613574444752e-06,1.0003564570171654e-09,1.3642420526593924e-12,15725.175346019783,-2.3245294578089215e-15,9.947598300641403e-14,2.8421709430404007e-13,,,,,,False,0,none,False,3.98951169999782,13.657116000016686,,,,,,,,,,,684.1614290000289
95,95,82,82,776,776,,1,2.5407478380763356e-08,2.5407478380763356e-08,7.390835749898606e-05,0.028035076921177626,0.11070434712054562,0,2250,3.0357493247884516e-08,0.8369425687851844,2250,3.0357493247884516e-08,0.8369425674196693,2250,3.0357493247884516e-08,0.8369425687851844,False,0,1750,-438.34090964268034,-438.34090964268006,False,True,energy_not_decreased,L-BFGS-B>Newton-CG,True,5.544331319747746e-13,6.117726385027906e-07,1.0009062731758185e-09,1.7053025658242404e-12,15725.175346019783,-1.8735013540549517e-15,9.947598300641403e-14,2.8421709430404007e-13,,,,,,False,0,none,False,3.9992742000031285,4.8272571000270545,,,,,,,,,,,693.0327258000034
96,96,83,83,1615,1615,1615,1,-2.417712785529602e-08,2.417712785529602e-08,0.10354894689208649,7.825126471756928e-05,0.00013775948101407698,0,2250,3.0357493247884516e-08,0.7964138427991192,2250,3.0357493247884516e-08,0.7964134329321554,2250,3.0357493247884516e-08,0.7964138427991192,False,0,1749,-438.3409096431086,-438.3409096431085,True,False,accepted,L-BFGS-B>Newton-CG,True,5.064985645783403e-10,1.6393092045609205e-06,1.308970731799193e-09,4.283720045350492e-10,15725.175346019783,-2.5049406993105094e-15,9.947598300641403e-14,1.1368683772161603e-13,4.282583176973276e-10,4.2842884795391e-10,-1.7053025658242404e-13,4.2842884795391e-10,1.085685769590782e-10,False,0,none,True,3.899441600020509,22.60183950001374,9.90240778264706e-09,ok,5.318447841747348e-07,7.521421068573017e-07,9.025057717692965e-05,1.8355334475191548e-05,9.025057725399302e-05,1.835239136572356e-05,0.00016250054846494056,6.721705188399423e-06,719.6088958000182
97,97,83,83,1384,1384,,1,2.3098451583751636e-08,2.3098451583751636e-08,1.9173131809658265e-05,0.0837291755101718,0.38410721558484945,0,2250,3.035750298054557e-08,0.7608811435694874,2250,3.035750298054557e-08,0.7608811430294538,2250,3.035750298054557e-08,0.7608811435694874,False,0,1748,-438.3409096431086,-438.3409096431085,False,True,energy_not_decreased,L-BFGS-B>Newton-CG,True,1.002330034291226e-12,3.6333285538326657e-06,1.0002758710145368e-09,1.0800249583553523e-12,15725.175346019783,-2.456368441983159e-15,9.947598300641403e-14,1.1368683772161603e-13,,,,,,False,0,none,False,3.9395243999897502,5.575769699993543,,,,,,,,,,,729.1682721000398
98,98,84,84,1694,1694,1694,1,1.990999498602264e-08,1.990999498602264e-08,0.031140125573013846,0.00012278192111675655,0.00024747203019118234,0,2250,3.035750298054557e-08,0.6558508780772201,2250,3.035750298054557e-08,0.6558508948359782,2250,3.035750298054557e-08,0.6558508780772201,False,0,1747,-438.3409096432566,-438.3409096432563,True,False,accepted,L-BFGS-B>Newton-CG,True,5.292067991144518e-13,3.2635657259086674e-09,1.162156010805361e-09,1.4813394955126569e-10,15725.175346019783,-2.123301534595612e-15,9.947598300641403e-14,3.410605131648481e-13,1.4802026271354407e-10,1.4779288903810084e-10,2.2737367544323206e-13,1.4802026271354407e-10,1.0296040525427088e-10,False,0,none,True,3.9362672999850474,7.395133099984378,9.75461489360896e-09,ok,5.31829311098403e-07,7.521202246229015e-07,9.025000702551152e-05,1.835521851670897e-05,9.025000710256674e-05,1.8352275425832304e-05,0.00016128148800057408,6.671279727527377e-06,740.6083864000393
99,99,84,84,890,890,,1,1.9115963548931502e-08,1.9115963548931502e-08,9.469106733290462e-05,0.017915165862831633,0.06882178507878085,0,2250,3.035746108987116e-08,0.6296957275952695,2250,3.035746108987116e-08,0.6296957322945547,2250,3.035746108987116e-08,0.6296957275952695,False,0,1746,-438.3409096432566,-438.3409096432563,False,True,energy_not_decreased,L-BFGS-B>Newton-CG,True,7.58713727082202e-13,7.110531712445446e-07,1.0010670281179595e-09,1.5347723092418164e-12,15725.175346019783,-2.185751579730777e-15,9.947598300641403e-14,3.410605131648481e-13,,,,,,False,0,none,False,3.9357193000032566,4.93310249998467,,,,,,,,,,,749.522929800034
100,100,84,84,277,277,,1,1.8659570304651505e-08,1.8659570304651505e-08,1.3708220195280205e-05,0.0944174437481863,0.4495916988515215,0,2250,3.035746108987116e-08,0.6146617547960003,2250,3.035746108987116e-08,0.6146617549137876,2250,3.035746108987116e-08,0.6146617547960003,False,0,1745,-438.3409096432566,-438.3409096432563,False,True,energy_not_decreased,L-BFGS-B>Newton-CG,True,6.395195559217847e-10,0.003235967503684504,1.0001976285470092e-09,9.094947017729282e-13,15725.175346019783,-2.1996293675385914e-15,9.947598300641403e-14,3.410605131648481e-13,,,,,,False,0,none,False,3.904978199978359,7.797489800024778,,,,,,,,,,,761.2712496000458
101,101,85,85,1183,1183,1183,1,-1.5567016120598964e-08,1.5567016120598964e-08,0.10719237679694035,5.625915118055403e-05,9.865501260506778e-05,0,2250,3.035746108987116e-08,0.5127904495871342,2250,3.035746108987116e-08,0.5127873016705392,2250,3.035746108987116e-08,0.5127904495871342,False,0,1744,-438.34090964360416,-438.340909643604,True,False,accepted,L-BFGS-B>Newton-CG,True,7.427278188674091e-13,2.684209063231791e-09,1.2767026715769911e-09,3.47597506333841e-10,15725.175346019783,-2.1094237467877974e-15,9.947598300641403e-14,1.7053025658242404e-13,3.475406629149802e-10,3.4771119317156263e-10,-1.7053025658242404e-13,3.4771119317156263e-10,1.0695422386343125e-10,False,0,none,True,4.008658200036734,3.659951000008732,9.406903700437397e-09,ok,5.318851589976143e-07,7.521992054793962e-07,9.025122280445445e-05,1.835546578414862e-05,9.025122288149721e-05,1.835252265362214e-05,0.00015838181042149456,6.551336884182517e-06,769.0207425000262
102,102,85,85,1151,1151,,1,1.4499160982950343e-08,1.4499160982950343e-08,0.02544943645925888,0.00010345827995635589,0.00021328778147729018,0,2250,3.0357469959926735e-08,0.4776142742491356,2250,3.0357469959926735e-08,0.47761426127783574,2250,3.0357469959926735e-08,0.4776142742491356,True,1,1743,-438.34090964360416,-438.340909643604,False,True,projected_residual,L-BFGS-B>Newton-CG>trust-krylov,False,2.7757799123650123e-07,0.0019806531243082726,1.140144676435175e-09,1.2386180969770066e-10,15725.175346019783,-2.310651670001107e-15,9.947598300641403e-14,1.7053025658242404e-13,,,,,,False,0,none,False,3.928006000001915,22.94096650002757,,,,,,,,,,,795.9367597000091
103,103,86,86,297,297,297,1,-1.4440264095583188e-08,1.4440264095583188e-08,0.22386447766288972,3.414580187776844e-05,5.504287725527297e-05,0,2250,3.0357469959926735e-08,0.47567416239380306,2250,3.0357469959926735e-08,0.4756657920498636,2250,3.0357469959926735e-08,0.47567416239380306,True,2,1742,-438.34090964596703,-438.3409096459669,True,False,accepted,L-BFGS-B>Newton-CG,True,8.174068046427896e-13,1.9328380740988615e-09,1.422904958049259e-09,2.3629240786249284e-09,22710.2740857815,-2.0816681711721685e-15,9.947598300641403e-14,1.1368683772161603e-13,2.3628672352060676e-09,2.3629240786249284e-09,-5.684341886080802e-14,2.3629240786249284e-09,1.4725848157249856e-10,False,0,none,True,3.9911724000121467,7.355715800018515,7.043979621812468e-09,ok,4.6499412109609954e-07,6.576009924778613e-07,9.032674197111475e-05,1.837082501626322e-05,9.032674204018241e-05,1.8367879421389957e-05,0.00013705447193642465,5.669148589410243e-06,807.3651344000245
104,104,87,87,1578,1578,1578,1,1.4158743066872148e-08,1.4158743066872148e-08,0.025130516248650175,0.000103808982703824,0.00021431286349378933,0,2250,3.035747733951641e-08,0.4664005150533926,2250,3.035747733951641e-08,0.46640069614549134,2250,3.035747733951641e-08,0.4664005150533926,True,3,1741,-438.34090964608504,-438.3409096460848,True,False,accepted,L-BFGS-B>Newton-CG,True,8.515474325102453e-13,6.243307665533965e-09,1.1363936358945104e-09,1.1806378097389825e-10,22710.2740857815,-2.0192181260370035e-15,9.947598300641403e-14,2.2737367544323206e-13,1.1800693755503744e-10,1.1789325071731582e-10,1.1368683772161603e-13,1.1800693755503744e-10,1.0236013875110075e-10,False,0,none,True,3.951864700007718,3.695509299985133,6.9260863710951526e-09,ok,4.649699123811074e-07,6.575667561847918e-07,9.032639668843232e-05,1.837075479201289e-05,9.032639675749386e-05,1.8367809208398252e-05,0.00013590073845257795,5.621425326826452e-06,815.0989021999994
105,105,87,87,1364,1364,,1,1.301220352011045e-08,1.301220352011045e-08,0.00011444634913550895,0.011030223365291048,0.041490172263547336,0,2250,3.035750184685602e-08,0.4286322236181651,2250,3.035750184685602e-08,0.4286322216839604,2250,3.035750184685602e-08,0.4286322236181651,True,4,1740,-438.34090964608504,-438.3409096460848,False,True,energy_not_decreased,L-BFGS-B>Newton-CG,True,7.37098791076291e-13,6.248292627735699e-07,1.0011796803302784e-09,1.4210854715202004e-12,22710.2740857815,-2.3175905639050143e-15,9.947598300641403e-14,2.2737367544323206e-13,,,,,,False,0,none,False,3.9854213999933563,8.301450100028887,,,,,,,,,,,827.4341554000275
106,106,87,87,1525,1525,,1,1.281880468440022e-08,1.281880468440022e-08,0.07619193941559882,0.00020226162451217897,0.000368657801725456,0,2250,3.035750184685602e-08,0.4222615137789344,2250,3.035750184685602e-08,0.42226130996377487,2250,3.035750184685602e-08,0.4222615137789344,True,5,1739,-438.34090964608504,-438.3409096460848,False,True,projected_residual,L-BFGS-B>Newton-CG>trust-krylov,False,1.2817115005142883e-06,0.020224054392939207,1.0633755959913642e-09,1.722355591482483e-11,22710.2740857815,-2.1371793224034263e-15,9.947598300641403e-14,2.2737367544323206e-13,,,,,,False,0,none,False,3.923497599957045,22.278828699956648,,,,,,,,,,,853.6823674000334
107,107,87,87,881,881,,1,1.2773957003275882e-08,1.2773957003275882e-08,0.07671286433815686,0.00020224743622541808,0.000368348361393277,0,2250,3.035750184685602e-08,0.4207841958708081,2250,3.035750184685602e-08,0.4207844714818489,2250,3.035750184685602e-08,0.4207841958708081,True,6,1738,-438.34090964608504,-438.3409096460848,False,True,projected_residual,L-BFGS-B>Newton-CG>trust-krylov,False,1.2040716335879056e-06,0.019064347508314244,1.0631582923602707e-09,1.7109869077103212e-11,22710.2740857815,-2.157996004115148e-15,9.947598300641403e-14,2.2737367544323206e-13,,,,,,False,0,none,False,3.9678987999795936,12.220838200009894,,,,,,,,,,,869.9173634000472
108,108,88,88,1507,1507,1507,1,1.2724282072440474e-08,1.2724282072440474e-08,0.0754177655491646,0.00019952495741216978,0.00036408941938277086,0,2250,3.035750184685602e-08,0.4191478645585018,2250,3.035750184685602e-08,0.4191488601124954,2250,3.035750184685602e-08,0.4191478645585018,True,7,1737,-438.34090964610243,-438.34090964610243,True,False,accepted,L-BFGS-B>Newton-CG,True,6.861216341889023e-10,1.0759129127795772e-05,1.0637711125165638e-09,1.7337242752546445e-11,22710.2740857815,-2.1649348980190553e-15,9.947598300641403e-14,0.0,1.7394086171407253e-11,1.7621459846850485e-11,-2.2737367544323206e-13,1.7621459846850485e-11,1.0035242919693702e-10,False,0,none,True,3.9368268999969587,0.708019100013189,6.908464911248302e-09,ok,4.6495495978435625e-07,6.575456100196736e-07,9.032638827185879e-05,1.8370753080234114e-05,9.032638834091543e-05,1.8367807496892952e-05,0.00013573039330662704,5.614379136138646e-06,874.6709725000546
109,109,88,88,44,44,,1,1.1427902045641315e-08,1.1427902045641315e-08,7.337977431809381e-06,0.10969762371307833,0.5599117187349547,0,2250,3.0357501741478516e-08,0.3764440876248711,2250,3.0357501741478516e-08,0.3764440871164703,2250,3.0357501741478516e-08,0.3764440876248711,True,8,1736,-438.34090964610243,-438.34090964610243,False,True,energy_not_decreased,L-BFGS-B>Newton-CG,True,6.664403520694868e-10,0.0063971063657950284,1.0001041784072301e-09,6.252776074688882e-13,22710.2740857815,-2.4147350785597155e-15,9.947598300641403e-14,0.0,,,,,,False,0,none,False,3.9054163999971934,8.388663800025824,,,,,,,,,,,887.0140844000271
110,110,89,89,1629,1629,1629,1,-1.0883345780143827e-08,1.0883345780143827e-08,0.13591276513969072,4.12837117763891e-05,7.046585170138659e-05,0,2250,3.0357501741478516e-08,0.3585059756506093,2250,3.0357501741478516e-08,0.35850749314590086,2250,3.0357501741478516e-08,0.3585059756506093,True,9,1735,-438.3409096464698,-438.34090964646964,True,False,accepted,L-BFGS-B>Newton-CG,True,7.06590127726979e-13,2.6800885095128963e-09,1.263644325632888e-09,3.673790160974022e-10,22710.2740857815,-2.067790383364354e-15,9.947598300641403e-14,1.7053025658242404e-13,3.673790160974022e-10,3.672084858408198e-10,1.7053025658242404e-13,3.673790160974022e-10,1.0734758032194805e-10,False,0,none,True,3.94075830001384,3.997703699977137,6.541256425407482e-09,ok,4.6465870990603536e-07,6.571266494239008e-07,9.032315061677732e-05,1.8370094599770117e-05,9.032315068579703e-05,1.836714912200331e-05,0.0001320719815515911,5.463051860585285e-06,895.0378845000523
111,111,89,89,1356,1356,,1,-1.263854798594366e-08,1.263854798594366e-08,0.12004819635211414,3.7543463771537805e-05,6.499373696573057e-05,0,2250,3.035748266130839e-08,0.4163239793941118,2250,3.035748266130839e-08,0.4163224265617728,2250,3.035748266130839e-08,0.4163239793941118,True,10,1734,-438.3409096464698,-438.34090964646964,False,True,projected_residual,L-BFGS-B>Newton-CG>trust-krylov,False,4.560117785886197e-08,0.00013545853826492143,1.3366430676350427e-09,5.442188921733759e-10,22710.2740857815,-2.123301534595612e-15,9.947598300641403e-14,1.7053025658242404e-13,,,,,,False,0,none,False,3.9089932999922894,6.620458200050052,,,,,,,,,,,905.6146307000308
112,112,90,90,1153,1153,1153,1,-1.2611540256557419e-08,1.2611540256557419e-08,0.11911342792597401,3.760954341552137e-05,6.516603367523688e-05,0,2250,3.035748266130839e-08,0.41543432297274246,2250,3.035748266130839e-08,0.41543429625383443,2250,3.035748266130839e-08,0.41543432297274246,True,11,1733,-438.3409096470072,-438.34090964700704,True,False,accepted,L-BFGS-B>Newton-CG,True,8.665131456347898e-13,2.5840348771082705e-09,1.3353333785511763e-09,5.373408384912182e-10,22710.2740857815,-2.275957200481571e-15,9.947598300641403e-14,1.7053025658242404e-13,5.37397681910079e-10,5.37397681910079e-10,0.0,5.37397681910079e-10,1.1074795363820158e-10,False,0,none,True,3.935064200020861,17.118456299998797,6.003858743497403e-09,ok,4.644836989213993e-07,6.568791465158643e-07,9.032124497953152e-05,1.8369707027633414e-05,9.032124504851846e-05,1.836676161200391e-05,0.00012653129558599704,5.233865818113184e-06,926.7541431999998
113,113,91,91,756,756,756,1,1.04601527994852e-08,1.04601527994852e-08,0.004759262291950852,0.0003214864604082286,0.0007990182237120793,0,2250,3.035750393043505e-08,0.3445656409517361,2250,3.035750393043505e-08,0.3445656692793028,2250,3.035750393043505e-08,0.3445656409517361,True,12,1732,-438.3409096470304,-438.3409096470302,True,False,accepted,L-BFGS-B>Newton-CG,True,1.139211950442649e-12,3.501349003235752e-08,1.0325363723921794e-09,2.3362645151792094e-11,22710.2740857815,-2.1788126858268697e-15,9.947598300641403e-14,2.2737367544323206e-13,2.319211489520967e-11,2.3135271476348862e-11,5.684341886080802e-14,2.319211489520967e-11,1.004638422979042e-10,False,0,none,True,3.9449649999733083,6.062453499995172,5.9807234720210545e-09,ok,4.6449666152058933e-07,6.568974783994424e-07,9.032128761928512e-05,1.836971569978781e-05,9.032128768827567e-05,1.836677028276853e-05,0.00012628588953006215,5.223714792931887e-06,936.8695628000423
114,114,92,92,1003,1003,1003,1,7.418335279396615e-09,7.418335279396615e-09,0.050349916570219005,7.988849702229788e-05,0.00015256816056445166,0,2250,3.0357504686836266e-08,0.24436577893746916,2250,3.0357504686836266e-08,0.24436613675493982,2250,3.0357504686836266e-08,0.24436577893746916,True,13,1731,-438.3409096470698,-438.3409096470696,True,False,accepted,L-BFGS-B>Newton-CG,True,1.0302849831098594e-12,1.1095315659949449e-08,1.0928576540484432e-09,3.944933268940076e-11,22710.2740857815,-2.1163626406917047e-15,9.947598300641403e-14,1.7053025658242404e-13,3.9392489270539954e-11,3.944933268940076e-11,-5.684341886080802e-14,3.944933268940076e-11,1.0078898665378803e-10,False,0,none,True,3.943301999999676,14.834914100007154,5.941274139331654e-09,ok,4.6449151459604505e-07,6.568901995489474e-07,9.032125814007429e-05,1.8369709704249697e-05,9.032125820906339e-05,1.8366764288191458e-05,0.00012586980611939546,5.2065038355123275e-06,955.7780944000115
115,115,92,92,216,216,,1,-7.351224205753848e-09,7.351224205753848e-09,0.0015109296152667853,0.0007196953879575908,0.002032192688331069,0,2250,3.03575181938821e-08,0.24215497982425083,2250,3.03575181938821e-08,0.2421549849745188,2250,3.03575181938821e-08,0.24215497982425083,True,14,1730,-438.3409096470698,-438.3409096470696,False,True,energy_not_decreased,L-BFGS-B>Newton-CG,True,8.294889959839972e-10,8.120815676814402e-05,1.0102143556632157e-09,6.30961949354969e-12,22710.2740857815,-2.185751579730777e-15,9.947598300641403e-14,1.7053025658242404e-13,,,,,,False,0,none,False,3.9339524999959394,43.43279980000807,,,,,,,,,,,1003.1933231000439
116,116,92,92,279,279,,1,-7.219835396199414e-09,7.219835396199414e-09,0.20158470912462037,2.538769701510255e-05,4.142174388701036e-05,0,2250,3.03575181938821e-08,0.2378269313745949,2250,3.03575181938821e-08,0.23783016754655115,2250,3.03575181938821e-08,0.2378269313745949,True,15,1729,-438.3409096470698,-438.3409096470696,False,True,projected_residual,L-BFGS-B>Newton-CG>trust-krylov,False,1.0840124197121298e-06,0.0038117363242093204,1.2843880918066885e-09,7.864855433581397e-10,30544.736651836145,-2.4494295480792516e-15,9.947598300641403e-14,1.7053025658242404e-13,,,,,,False,0,none,False,3.922543900029268,8.354550699994434,,,,,,,,,,,1015.5195528000477
117,117,93,93,274,274,274,1,-7.059615114712869e-09,7.059615114712869e-09,0.22714801638051169,2.932243550203587e-05,4.718834310960737e-05,0,2250,3.03575181938821e-08,0.23254915206262092,2250,3.03575181938821e-08,0.23255677249995407,2250,3.03575181938821e-08,0.23254915206262092,True,16,1728,-438.34090964787845,-438.3409096478786,True,False,accepted,L-BFGS-B>Newton-CG,True,8.819526264727934e-10,3.662785196552211e-06,1.2407874279122285e-09,8.087681635515764e-10,26445.979204867665,-2.518818487118324e-15,9.947598300641403e-14,-1.7053025658242404e-13,8.086544767138548e-10,8.089955372270197e-10,-3.410605131648481e-13,8.089955372270197e-10,1.161799107445404e-10,False,0,none,True,3.9618638000101782,5.8771365999709815,5.132278602104634e-09,ok,6.360587260617241e-07,8.995228768622434e-07,9.358367761327769e-05,1.9033226797460422e-05,9.358367772312392e-05,1.9030175000266027e-05,0.00011698978942708925,4.83918904896177e-06,1025.4381614000304
118,118,94,94,898,898,898,1,-7.575046367946925e-09,7.575046367946925e-09,0.2045400720480236,2.3980537776647548e-05,3.90604413019027e-05,0,2250,3.035762226902413e-08,0.24952699855140636,2250,3.035762226902413e-08,0.24952264841919664,2250,3.035762226902413e-08,0.24952699855140636,True,17,1727,-438.3409096488984,-438.34090964889805,True,False,accepted,L-BFGS-B>Newton-CG,True,1.3197912300483611e-12,4.148536607270355e-09,1.3181341651259417e-09,1.0199414646194782e-09,32337.077956527897,-1.887379141862766e-15,9.947598300641403e-14,3.410605131648481e-13,1.0199414646194782e-09,1.019429873849731e-09,5.115907697472721e-13,1.0199414646194782e-09,1.2039882929238956e-10,False,0,none,True,3.9231270999880508,20.421566299977712,4.112848728254903e-09,ok,6.71698903091067e-07,9.499256985825183e-07,9.432604893321232e-05,1.9184211692055342e-05,9.432604905470576e-05,1.918113568805798e-05,0.00010472393938705367,4.331821974616021e-06,1049.8660426000133
119,119,95,95,226,226,226,1,-7.051017547610172e-09,7.051017547610172e-09,0.2027223001979698,2.4457049224926144e-05,3.987751866692373e-05,0,2250,3.035748453899789e-08,0.23226619908353344,2250,3.035748453899789e-08,0.2322695713902278,2250,3.035748453899789e-08,0.23226619908353344,True,18,1726,-438.3409096497177,-438.3409096497176,True,False,accepted,L-BFGS-B>Newton-CG,True,7.886267148376863e-13,2.7353036077326206e-09,1.2883141427548528e-09,8.193978828785475e-10,32337.077956527897,-2.345346139520643e-15,9.947598300641403e-14,5.684341886080802e-14,8.192841960408259e-10,8.1956841313513e-10,-2.8421709430404007e-13,8.1956841313513e-10,1.163913682627026e-10,False,0,none,True,4.402003800030798,5.995373299985658,3.293280315119773e-09,ok,6.63257413982312e-07,9.379876301982922e-07,9.432840546141097e-05,1.9184690967253793e-05,9.432840558037406e-05,1.918161488589409e-05,9.371416937376102e-05,3.876411645724731e-06,1060.3550071000354
120,120,95,95,593,593,,1,6.909886430834372e-09,6.909886430834372e-09,0.00048410794828784094,0.0020870836095989885,0.006688040496770982,0,2250,3.035746625102635e-08,0.2276173635077584,2250,3.035746625102635e-08,0.22761737717151442,2250,3.035746625102635e-08,0.2276173635077584,True,19,1725,-438.3409096497177,-438.3409096497176,False,True,energy_not_decreased,L-BFGS-B>Newton-CG,True,8.75217770760125e-13,2.643512406004767e-07,1.003310813933659e-09,1.9326762412674725e-12,32337.077956527897,-2.1163626406917047e-15,9.947598300641403e-14,5.684341886080802e-14,,,,,,False,0,none,False,4.49065440002596,9.464208199991845,,,,,,,,,,,1074.360211500025
121,121,95,95,25,25,,1,6.765471405323353e-09,6.765471405323353e-09,0.00013783633939682812,0.005349765794209283,0.019711586392412706,0,2250,3.035746625102635e-08,0.22286021334519712,2250,3.035746625102635e-08,0.22286021049239585,2250,3.035746625102635e-08,0.22286021334519712,True,20,1724,-438.3409096497177,-438.3409096497176,False,True,energy_not_decreased,L-BFGS-B>Newton-CG,True,1.5143898623968606e-12,1.1974957704103602e-06,1.0012646306565894e-09,1.3642420526593924e-12,32337.077956527897,-2.2065682614424986e-15,9.947598300641403e-14,5.684341886080802e-14,,,,,,False,0,none,False,3.98131950001698,5.827267799992114,,,,,,,,,,,1084.2173323000316
122,122,95,95,473,473,,1,-6.7043191796789525e-09,6.7043191796789525e-09,0.0016080081835769455,0.0008746058999677988,0.0024525725292415604,0,2250,3.035746625102635e-08,0.2208458085480796,2250,3.035746625102635e-08,0.2208458002933216,2250,3.035746625102635e-08,0.2208458085480796,True,21,1723,-438.3409096497177,-438.3409096497176,False,True,energy_not_decreased,L-BFGS-B>Newton-CG,True,1.5732556330342942e-12,2.052401121479991e-07,1.0076654393557329e-09,3.353761712787673e-12,32337.077956527897,-2.1371793224034263e-15,9.947598300641403e-14,5.684341886080802e-14,,,,,,False,0,none,False,3.971972100029234,10.069224699982442,,,,,,,,,,,1098.3091246000258
123,123,95,95,300,300,,1,6.475956319373227e-09,6.475956319373227e-09,0.000522108897303272,0.0017562859513621193,0.005580934373345316,0,2250,3.035746625102635e-08,0.21332334740401082,2250,3.035746625102635e-08,0.21332334108664952,2250,3.035746625102635e-08,0.21332334740401082,True,22,1722,-438.3409096497177,-438.3409096497176,False,True,energy_not_decreased,L-BFGS-B>Newton-CG,True,9.932856464086416e-10,0.00026937757150678976,1.0036873361091372e-09,2.3305801732931286e-12,32337.077956527897,-2.248201624865942e-15,9.947598300641403e-14,5.684341886080802e-14,,,,,,False,0,none,False,3.962210999976378,6.343115399999078,,,,,,,,,,,1108.6829004000174
124,124,96,96,1512,1512,1512,1,6.453130030337206e-09,6.453130030337206e-09,0.0394947828451006,8.432274017537018e-05,0.00016548824473385301,0,2250,3.035746625102635e-08,0.2125714305988575,2250,3.035746625102635e-08,0.2125722699310314,2250,3.035746625102635e-08,0.2125714305988575,True,23,1721,-438.3409096497469,-438.3409096497467,True,False,accepted,L-BFGS-B>Newton-CG,True,5.218183284134788e-13,6.818471670313322e-09,1.0765301014134009e-09,2.9331204132176936e-11,32337.077956527897,-1.8596235662471372e-15,9.947598300641403e-14,1.7053025658242404e-13,2.921751729445532e-11,2.9103830456733704e-11,1.1368683772161603e-13,2.921751729445532e-11,1.0058435034588911e-10,False,0,none,True,3.936031199991703,5.12534119997872,3.2641764846630394e-09,ok,6.632576300504634e-07,9.379879357648023e-07,9.432837636527153e-05,1.9184685049625473e-05,9.432837648423473e-05,1.9181608969214636e-05,9.329620525231244e-05,3.859122894208229e-06,1117.858526200056
125,125,97,97,275,275,275,1,9.562560077114313e-09,9.562560077114313e-09,0.047272624620881595,7.226205291342671e-05,0.0001389850556412924,0,2250,3.0357439326646685e-08,0.3149989027144538,2250,3.0357439326646685e-08,0.3149990017224453,2250,3.0357439326646685e-08,0.3149989027144538,True,24,1720,-438.3409096498284,-438.3409096498282,True,False,accepted,L-BFGS-B>Newton-CG,True,4.1068781331353545e-13,3.103397488056942e-09,1.1323349055008322e-09,8.145661922753789e-11,32337.077956527897,-1.8457457784393227e-15,9.947598300641403e-14,2.2737367544323206e-13,8.151346264639869e-11,8.145661922753789e-11,5.684341886080802e-14,8.151346264639869e-11,1.0163026925292798e-10,False,0,none,True,3.9551283000037074,8.964529399992898,3.1827198654355016e-09,ok,6.632502606858541e-07,9.379775139094257e-07,9.432829703293211e-05,1.9184668914863012e-05,9.432829715188819e-05,1.91815928370378e-05,9.212390617319582e-05,3.8106316806283923e-06,1130.876528700057
126,126,98,98,1700,1700,1700,1,-6.3372773695391516e-09,6.3372773695391516e-09,0.09359737878721382,4.847277950499116e-05,8.631814798344577e-05,0,2250,3.035746196165167e-08,0.20875517780585756,2250,3.035746196165167e-08,0.2087549742241842,2250,3.035746196165167e-08,0.20875517780585756,True,25,1719,-438.3409096499026,-438.3409096499023,True,False,accepted,L-BFGS-B>Newton-CG,True,6.996916314323609e-13,5.351900184446997e-09,1.1307370480237496e-09,7.418066161335446e-11,32337.077956527897,-1.6653345369377348e-15,9.947598300641403e-14,2.8421709430404007e-13,7.418066161335446e-11,7.412381819449365e-11,5.684341886080802e-14,7.418066161335446e-11,1.0148361323226709e-10,False,0,none,True,3.975053099973593,4.230752800009213,3.108596047241008e-09,ok,6.632438587542862e-07,9.379684602109772e-07,9.432830603875415e-05,1.918467074648427e-05,9.432830615770141e-05,1.918159466836358e-05,9.104475664928638e-05,3.765993523880965e-06,1139.1879669000045
127,127,98,98,1414,1414,,1,6.221015944139069e-09,6.221015944139069e-09,0.00043776588625240817,0.0022368946055324923,0.007248717309354752,0,2250,3.035747701505462e-08,0.204925328315459,2250,3.035747701505462e-08,0.20492532825485116,2250,3.035747701505462e-08,0.204925328315459,True,26,1718,-438.3409096499026,-438.3409096499023,False,True,energy_not_decreased,L-BFGS-B>Newton-CG,True,2.3183971157841294e-12,8.336364765198846e-07,1.0027810648659025e-09,1.5347723092418164e-12,32337.077956527897,-1.887379141862766e-15,9.947598300641403e-14,2.8421709430404007e-13,,,,,,False,0,none,False,3.945074699993711,9.004367200017441,,,,,,,,,,,1152.1984295000439
128,128,98,98,777,777,,1,5.975457233525755e-09,5.975457233525755e-09,3.634454030390641e-06,0.12021591511652474,0.6634200156172674,0,2250,3.035747701505462e-08,0.1968364245343069,2250,3.035747701505462e-08,0.19683642457388192,2250,3.035747701505462e-08,0.1968364245343069,True,27,1717,-438.3409096499026,-438.3409096499023,False,True,energy_not_decreased,L-BFGS-B>Newton-CG,True,1.0955421745246458e-12,2.2040437415539047e-05,1.000049706008727e-09,3.410605131648481e-13,32337.077956527897,-2.130240428499519e-15,9.947598300641403e-14,2.8421709430404007e-13,,,,,,False,0,none,False,3.956087499973364,14.271647399989888,,,,,,,,,,,1170.5017725000507
129,129,98,98,1109,1109,,1,5.8232740435260055e-09,5.8232740435260055e-09,0.002644485608652042,0.0004929027659997621,0.0013078144928449194,0,2250,3.035747701505462e-08,0.1918233863979598,2250,3.035747701505462e-08,0.19182337633987442,2250,3.035747701505462e-08,0.1918233863979598,True,28,1716,-438.3409096499026,-438.3409096499023,False,True,energy_not_decreased,L-BFGS-B>Newton-CG,True,9.759547401457855e-13,8.260859477325409e-08,1.0118142033867615e-09,5.115907697472721e-12,32337.077956527897,-2.2690183065776637e-15,9.947598300641403e-14,2.8421709430404007e-13,,,,,,False,0,none,False,3.944429199967999,7.167089099995792,,,,,,,,,,,1181.6765315000084
130,130,99,99,1173,1173,1173,1,5.807516023637049e-09,5.807516023637049e-09,0.021217003935930664,8.387282377668262e-05,0.00017646297624111175,0,2250,3.035747701505462e-08,0.19130430439779417,2250,3.035747701505462e-08,0.19130401069659594,2250,3.035747701505462e-08,0.19130430439779417,True,29,1715,-438.3409096499364,-438.3409096499359,True,False,accepted,L-BFGS-B>Newton-CG,True,1.2587209122000295e-12,1.817931254527085e-08,1.0692391920247541e-09,3.387867764104158e-11,32337.077956527897,-1.7832957333041577e-15,9.947598300641403e-14,5.115907697472721e-13,3.382183422218077e-11,3.359446054673754e-11,2.2737367544323206e-13,3.382183422218077e-11,1.0067643668444362e-10,False,0,none,True,3.9981250999844633,4.425551299995277,3.0750015866942704e-09,ok,6.632428478555609e-07,9.379670305842896e-07,9.43282768063591e-05,1.9184664801144024e-05,9.432827692530577e-05,1.9181588723976502e-05,9.054878920596375e-05,3.745478227357039e-06,1190.1933585000224
131,131,99,99,1346,1346,,1,8.022825515041632e-09,8.022825515041632e-09,0.01737605636913008,8.801536593105614e-05,0.00018935586946827962,0,2250,3.035747304631207e-08,0.2642784365748213,2250,3.035747304631207e-08,0.2642782931961213,2250,3.035747304631207e-08,0.2642784365748213,True,30,1714,-438.3409096499364,-438.3409096499359,False,True,projected_residual,L-BFGS-B>Newton-CG>trust-krylov,False,2.9761798594206186e-08,0.00032650321851170316,1.091153155334484e-09,6.690470399917103e-11,32337.077956527897,-2.095545958979983e-15,9.947598300641403e-14,5.115907697472721e-13,,,,,,False,0,none,False,3.8963079000241123,385.17047539999476,,,,,,,,,,,1579.3116020000307
132,132,99,99,853,853,,1,7.717075423130382e-09,7.717075423130382e-09,0.017014562727575695,8.567046918740565e-05,0.00018474419040612322,0,2250,3.035747304631207e-08,0.25420677838888434,2250,3.035747304631207e-08,0.25420700210335734,2250,3.035747304631207e-08,0.25420677838888434,True,31,1713,-438.3409096499364,-438.3409096499359,False,True,projected_residual,L-BFGS-B>Newton-CG>trust-krylov,False,3.8647485145424745e-08,0.0004290388717343686,1.0900792158742963e-09,6.627942639170215e-11,32337.077956527897,-2.040034807748725e-15,9.947598300641403e-14,5.115907697472721e-13,,,,,,False,0,none,False,3.95983539998997,14.893855100031942,,,,,,,,,,,1598.2184817000525
133,133,100,100,1308,1308,1308,1,7.215302688656777e-09,7.215302688656777e-09,0.017725909744150573,8.011052156707581e-05,0.00017196624138729713,0,2250,3.035747304631207e-08,0.23767797397528503,2250,3.035747304631207e-08,0.23767801444008557,2250,3.035747304631207e-08,0.23767797397528503,True,32,1712,-438.3409096500007,-438.3409096500004,True,False,accepted,L-BFGS-B>Newton-CG,True,1.0389913662067997e-12,1.1535694162696274e-08,1.0900675201295345e-09,6.434675015043467e-11,32337.077956527897,-1.8943180357666733e-15,9.947598300641403e-14,2.8421709430404007e-13,6.428990673157386e-11,6.45172804070171e-11,-2.2737367544323206e-13,6.45172804070171e-11,1.0129034560814035e-10,False,0,none,True,3.9578247999888845,24.918236199999228,3.0104843062872533e-09,ok,6.632324134025907e-07,9.379522740393832e-07,9.432815990962753e-05,1.918464102646386e-05,9.432816002856602e-05,1.9181564953106745e-05,8.959623940711058e-05,3.7060767669580203e-06,1627.1885894000297
134,134,101,101,1208,1208,1208,1,-5.784272911341093e-09,5.784272911341093e-09,0.001412219932667565,0.00046235162036354304,0.0013153781455938732,0,2250,3.035747678533661e-08,0.1905386588036538,2250,3.035747678533661e-08,0.1905386762815763,2250,3.035747678533661e-08,0.1905386588036538,True,33,1711,-438.3409096500105,-438.34090965001013,True,False,accepted,L-BFGS-B>Newton-CG,True,1.013079848574844e-12,8.097701365560913e-08,1.0125107089387543e-09,9.947598300641403e-12,32337.077956527897,-1.700029006457271e-15,9.947598300641403e-14,3.410605131648481e-13,9.777068044058979e-12,9.72022462519817e-12,5.684341886080802e-14,9.777068044058979e-12,1.0019554136088119e-10,False,0,none,True,3.9494928999920376,6.334332500002347,3.000764081662055e-09,ok,6.63474433787826e-07,9.382945425505536e-07,9.433165304256592e-05,1.9185351466501543e-05,9.433165316160751e-05,1.9182275279252244e-05,8.945007837249538e-05,3.7000309326885634e-06,1637.5724642000278
135,135,102,102,852,852,852,1,6.9496006727121085e-09,6.9496006727121085e-09,0.0018901045335925606,0.0005031434572366274,0.0013857865804209526,0,2250,3.0357500478754026e-08,0.2289253253104896,2250,3.0357500478754026e-08,0.22892532678328298,2250,3.0357500478754026e-08,0.2289253253104896,True,34,1710,-438.3409096500197,-438.3409096500196,True,False,accepted,L-BFGS-B>Newton-CG,True,1.3100938155982956e-12,9.48495123344059e-08,1.0138123410796185e-09,9.265477274311706e-12,32337.077956527897,-2.1649348980190553e-15,9.947598300641403e-14,5.684341886080802e-14,9.208633855450898e-12,9.492850949754938e-12,-2.8421709430404007e-13,9.492850949754938e-12,1.001898570189951e-10,False,0,none,True,3.9720183999743313,22.738216100027785,2.9912712307123e-09,ok,6.634684704321268e-07,9.382861090920466e-07,9.433133450480607e-05,1.918528668168456e-05,9.43313346238459e-05,1.9182210504822612e-05,8.93128695013785e-05,3.694355397500572e-06,1664.379298200016
136,136,103,103,412,412,412,1,-5.744050568523562e-09,5.744050568523562e-09,0.08897872151403123,5.1558571259720826e-05,9.234074513610897e-05,0,2250,3.035745570442886e-08,0.18921383347964701,2250,3.035745570442886e-08,0.18921235342024031,2250,3.035745570442886e-08,0.18921383347964701,True,35,1709,-438.340909650073,-438.3409096500727,True,False,accepted,L-BFGS-B>Newton-CG,True,5.412186353061447e-13,4.857903475262806e-09,1.111409919538771e-09,5.3375970310298726e-11,32337.077956527897,-2.067790383364354e-15,9.947598300641403e-14,2.8421709430404007e-13,5.331912689143792e-11,5.3091753215994686e-11,2.2737367544323206e-13,5.331912689143792e-11,1.0106638253782876e-10,False,0,none,True,3.8903166000382043,4.664344499993604,2.9381794774963055e-09,ok,6.634581615541819e-07,9.382715301370441e-07,9.433132272259905e-05,1.918528428539683e-05,9.4331322841631e-05,1.9182208108917503e-05,8.851345132713938e-05,3.6612881042499082e-06,1673.052691900055
137,137,103,103,501,501,,1,5.431069337313854e-09,5.431069337313854e-09,0.0027742710789291315,0.00047207813881165945,0.0012459039124618691,0,2250,3.0357485596032406e-08,0.17890379360086633,2250,3.0357485596032406e-08,0.17890378613088004,2250,3.0357485596032406e-08,0.17890379360086633,True,36,1708,-438.340909650073,-438.3409096500727,False,True,energy_not_decreased,L-BFGS-B>Newton-CG,True,6.053857142953455e-13,5.262181062755958e-08,1.0115044637779585e-09,4.661160346586257e-12,32337.077956527897,-1.887379141862766e-15,9.947598300641403e-14,2.8421709430404007e-13,,,,,,False,0,none,False,3.89387120003812,11.956992899999022,,,,,,,,,,,1688.961283600016
138,138,103,103,48,48,,1,5.234609780357946e-09,5.234609780357946e-09,0.0025381117446688114,0.0004525192416232091,0.0012061601380727717,0,2250,3.0357485596032406e-08,0.1724322577309264,2250,3.0357485596032406e-08,0.17243227418906254,2250,3.0357485596032406e-08,0.1724322577309264,True,37,1707,-438.340909650073,-438.3409096500727,False,True,energy_not_decreased,L-BFGS-B>Newton-CG,True,8.393724374848301e-13,7.256256606860284e-08,1.0115675682788185e-09,5.115907697472721e-12,32337.077956527897,-1.9845236565174673e-15,9.947598300641403e-14,2.8421709430404007e-13,,,,,,False,0,none,False,3.9190738000324927,7.540655899967533,,,,,,,,,,,1700.4728499000194
139,139,104,104,1162,1162,1162,1,5.225845534084783e-09,5.225845534084783e-09,0.055001232579643795,5.143042599154569e-05,9.724874085442088e-05,0,2250,3.0357485596032406e-08,0.17214355640731258,2250,3.0357485596032406e-08,0.1721466797009815,2250,3.0357485596032406e-08,0.17214355640731258,True,38,1706,-438.3409096501188,-438.3409096501187,True,False,accepted,L-BFGS-B>Newton-CG,True,8.582515870333309e-10,8.446720407855566e-06,1.101607670858283e-09,4.587263902067207e-11,32337.077956527897,-2.067790383364354e-15,9.947598300641403e-14,1.1368683772161603e-13,4.581579560181126e-11,4.5986325858393684e-11,-1.7053025658242404e-13,4.5986325858393684e-11,1.0091972651716788e-10,False,0,none,True,3.914031500054989,5.119432599982247,2.892193151637912e-09,ok,6.634523869942397e-07,9.382633636760571e-07,9.433130856584996e-05,1.9185281406170203e-05,9.433130868487623e-05,1.9182205230151386e-05,8.782047756021689e-05,3.6326237987534094e-06,1709.6024746000185
140,140,104,104,1586,1586,,1,5.111382428424349e-09,5.111382428424349e-09,0.042916433977699155,5.981586650120332e-05,0.00011630261592249007,0,2250,3.035748163040205e-08,0.16837307160899218,2250,3.035748163040205e-08,0.168372964761539,2250,3.035748163040205e-08,0.16837307160899218,True,39,1705,-438.3409096501188,-438.3409096501187,False,True,projected_residual,L-BFGS-B>Newton-CG>trust-krylov,False,1.2872123905946314e-09,1.5063819275600997e-05,1.0854505996815524e-09,3.524291969370097e-11,32337.077956527897,-2.2065682614424986e-15,9.947598300641403e-14,1.1368683772161603e-13,,,,,,False,0,none,False,3.926100399985444,63.45382300001802,,,,,,,,,,,1777.035311100015
141,141,104,104,1738,1738,,1,4.9834127935355355e-09,4.9834127935355355e-09,0.043545988447009965,5.582854059675235e-05,0.00010837255995287537,0,2250,3.035748163040205e-08,0.16415764832563734,2250,3.035748163040205e-08,0.16415701704698038,2250,3.035748163040205e-08,0.16415764832563734,True,40,1704,-438.3409096501188,-438.3409096501187,False,True,projected_residual,L-BFGS-B>Newton-CG>trust-krylov,False,8.484276200220958e-08,0.000950498339407754,1.0892613469004842e-09,3.8255620893323794e-11,32337.077956527897,-2.213507155346406e-15,9.947598300641403e-14,1.1368683772161603e-13,,,,,,False,0,none,False,3.9489287000033073,63.43198609998217,,,,,,,,,,,1844.4704420000198
142,142,105,105,803,803,803,1,-4.948162768414477e-09,4.948162768414477e-09,0.18183474447786468,2.339711996102057e-05,3.862865640378283e-05,0,2250,3.035748163040205e-08,0.1629964839856495,2250,3.035748163040205e-08,0.16299486033607322,2250,3.035748163040205e-08,0.1629964839856495,True,41,1703,-438.34090965046636,-438.3409096504664,True,False,accepted,L-BFGS-B>Newton-CG,True,5.204328472824358e-13,2.4607897797374624e-09,1.211490169362602e-09,3.475406629149802e-10,33143.41768622914,-2.248201624865942e-15,9.947598300641403e-14,-5.684341886080802e-14,3.475406629149802e-10,3.4771119317156263e-10,-1.7053025658242404e-13,3.4771119317156263e-10,1.0695422386343125e-10,False,0,none,True,3.91558420000365,5.946073800034355,2.544481958466349e-09,ok,6.624665521766193e-07,9.368691827067188e-07,9.432993217130522e-05,1.91850014724232e-05,9.432993229003091e-05,1.9181925341228302e-05,8.237541453229114e-05,3.407393122600542e-06,1854.432872400037
143,143,106,106,1576,1576,1576,1,4.88097873230231e-09,4.88097873230231e-09,0.04255167374207537,5.964898594966308e-05,0.00011608932241887001,0,2250,3.0357512362535875e-08,0.1607832247258149,2250,3.0357512362535875e-08,0.16078403505289754,2250,3.0357512362535875e-08,0.1607832247258149,True,42,1702,-438.3409096504988,-438.3409096504987,True,False,accepted,L-BFGS-B>Newton-CG,True,6.248923018020592e-13,7.636917951575875e-09,1.0818251951591431e-09,3.257127900724299e-11,33143.41768622914,-2.130240428499519e-15,9.947598300641403e-14,1.1368683772161603e-13,3.2457592169521376e-11,3.228706191293895e-11,1.7053025658242404e-13,3.2457592169521376e-11,1.0064915184339044e-10,False,0,none,True,3.9354093999718316,27.09107630001381,2.5121948965534102e-09,ok,6.624647154733307e-07,9.36866585216018e-07,9.432991229990227e-05,1.9184997430939378e-05,9.43299124186265e-05,1.9181921300392202e-05,8.184914508358091e-05,3.3856244078650667e-06,1885.5899369000108
144,144,107,107,1487,1487,1487,1,4.742842119043189e-09,4.742842119043189e-09,0.03684041007825829,4.618253087633222e-05,9.134586543232849e-05,0,2250,3.035751660126967e-08,0.1562328757433612,2250,3.035751660126967e-08,0.1562330593349294,2250,3.035751660126967e-08,0.1562328757433612,True,43,1701,-438.34090965055304,-438.3409096505529,True,False,accepted,L-BFGS-B>Newton-CG,True,5.965194351757389e-13,5.8087996531346555e-09,1.1026923754985825e-09,5.439915184979327e-11,33143.41768622914,-2.0122792321330962e-15,9.947598300641403e-14,1.7053025658242404e-13,5.4228621593210846e-11,5.417177817435004e-11,5.684341886080802e-14,5.4228621593210846e-11,1.0108457243186422e-10,False,0,none,True,3.9258873000508174,5.039564800041262,2.45802311837906e-09,ok,6.624599306736064e-07,9.368598184873545e-07,9.432988593481524e-05,1.9184992068757705e-05,9.43298860535356e-05,1.9181915939069522e-05,8.095938293505856e-05,3.3488201083924745e-06,1894.6529978000326
145,145,108,108,1538,1538,1538,1,-4.5316621566371396e-09,4.5316621566371396e-09,0.16498067694115554,2.0793065837201104e-05,3.4714052246630586e-05,0,2250,3.0357522248468975e-08,0.14927641721042256,2250,3.0357522248468975e-08,0.14926789083167302,2250,3.0357522248468975e-08,0.14927641721042256,True,44,1700,-438.34090965086637,-438.3409096508661,True,False,accepted,L-BFGS-B>Newton-CG,True,7.490145382486498e-13,3.4367506228698953e-09,1.2179426500323662e-09,3.1326408134191297e-10,37294.18862972717,-1.9845236565174673e-15,9.947598300641403e-14,2.8421709430404007e-13,3.133209247607738e-10,3.1320723792305216e-10,1.1368683772161603e-13,3.133209247607738e-10,1.0626641849521548e-10,False,0,none,True,3.9267252000281587,9.818460300040897,2.144815880456008e-09,ok,6.622304640660611e-07,9.365353036988523e-07,9.432845917875084e-05,1.9184701892388802e-05,9.432845929738669e-05,1.91816258092108e-05,7.562511889629234e-05,3.128172543788081e-06,1908.5094645000063
146,146,108,108,551,551,,1,4.48748697923218e-09,4.48748697923218e-09,0.0028716377012548964,0.0004139616656807919,0.0010883399409856859,0,2250,3.035752809774714e-08,0.1478212245998119,2250,3.035752809774714e-08,0.14782122596733488,2250,3.035752809774714e-08,0.1478212245998119,True,45,1699,-438.34090965086637,-438.3409096508661,False,True,projected_residual,L-BFGS-B>Newton-CG>trust-krylov,False,2.8130584181753727e-07,0.025951733487289564,1.0108395780942846e-09,4.206412995699793e-12,37294.18862972717,-1.9220736113823023e-15,9.947598300641403e-14,2.8421709430404007e-13,,,,,,False,0,none,False,3.9532560000079684,10.669475999951828,,,,,,,,,,,1923.1898296000436
147,147,108,108,559,559,,1,4.438306102087959e-09,4.438306102087959e-09,0.00014881871811955413,0.008291576779011708,0.0302917488401329,0,2250,3.035752809774714e-08,0.1462011692057803,2250,3.035752809774714e-08,0.14620117258358728,2250,3.035752809774714e-08,0.1462011692057803,True,46,1698,-438.34090965086637,-438.3409096508661,False,True,energy_not_decreased,L-BFGS-B>Newton-CG,True,8.828311651275128e-13,1.649325991247278e-06,1.0005352678426294e-09,2.8421709430404007e-13,37294.18862972717,-1.9845236565174673e-15,9.947598300641403e-14,2.8421709430404007e-13,,,,,,False,0,none,False,3.926708500017412,7.3049415000132285,,,,,,,,,,,1934.4778033000184
148,148,109,109,407,407,407,1,4.327093350298128e-09,4.327093350298128e-09,0.026154451185743003,6.594996227726072e-05,0.0001355463232696585,0,2250,3.035752809774714e-08,0.1425377368132699,2250,3.035752809774714e-08,0.1425372962490483,2250,3.035752809774714e-08,0.1425377368132699,True,47,1697,-438.3409096508929,-438.3409096508929,True,False,accepted,L-BFGS-B>Newton-CG,True,5.533201387910614e-13,8.43428290060746e-09,1.0656036968775626e-09,2.6773250283440575e-11,37294.18862972717,-2.1094237467877974e-15,9.947598300641403e-14,0.0,2.6545876607997343e-11,2.6830093702301383e-11,-2.8421709430404007e-13,2.6830093702301383e-11,1.0053660187404603e-10,False,0,none,True,3.871246399998199,5.075869099993724,2.1179857867537066e-09,ok,6.622256352903972e-07,9.365284747788187e-07,9.432839283169841e-05,1.918468839859877e-05,9.432839295033043e-05,1.9181612317583608e-05,7.515379164435485e-05,3.1086764690688884e-06,1943.524169100041
149,149,109,109,1428,1428,,1,4.3258128756026686e-09,4.3258128756026686e-09,0.00016890756902706506,0.007913198024213175,0.028505495078798553,0,2250,3.035749282411757e-08,0.14249572257712986,2250,3.035749282411757e-08,0.14249571211975545,2250,3.035749282411757e-08,0.14249572257712986,True,48,1696,-438.3409096508929,-438.3409096508929,False,True,energy_not_decreased,L-BFGS-B>Newton-CG,True,9.386618425477743e-10,0.0017171096283421718,1.000546652250418e-09,3.410605131648481e-13,37294.18862972717,-2.4841240175987878e-15,9.947598300641403e-14,0.0,,,,,,False,0,none,False,3.9150236999848858,46.11981110001216,,,,,,,,,,,1993.6173597000306
150,150,109,109,1116,1116,,1,3.768217457468179e-09,3.768217457468179e-09,0.0001519314314016122,0.0029146964512175816,0.01062384141299097,0,2250,3.035749282411757e-08,0.12412808525724202,2250,3.035749282411757e-08,0.12412808865583862,2250,3.035749282411757e-08,0.12412808525724202,True,49,1695,-438.3409096508929,-438.3409096508929,False,True,energy_not_decreased,L-BFGS-B>Newton-CG,True,8.337104174002579e-13,6.448896499518628e-07,1.0012927954689032e-09,1.2505552149377763e-12,37294.18862972717,-2.095545958979983e-15,9.947598300641403e-14,0.0,,,,,,False,0,none,False,3.886282099992968,7.151261100021657,,,,,,,,,,,2004.7116122000152
151,151,110,110,1627,1627,1627,1,3.756628230711101e-09,3.756628230711101e-09,0.012256936533534695,9.847585044905415e-05,0.00022027326581364364,0,2250,3.035749282411757e-08,0.1237463268945135,2250,3.035749282411757e-08,0.12374610816035168,2250,3.035749282411757e-08,0.1237463268945135,True,50,1694,-438.340909650908,-438.3409096509078,True,False,accepted,L-BFGS-B>Newton-CG,True,6.950380032073045e-13,1.8220256694631298e-08,1.0381464440845174e-09,1.5120349416974932e-11,37294.18862972717,-1.942890293094024e-15,9.947598300641403e-14,1.7053025658242404e-13,1.5063505998114124e-11,1.48929757415317e-11,1.7053025658242404e-13,1.5063505998114124e-11,1.0030127011996228e-10,False,0,none,True,3.9037048000027426,31.528206399991177,2.103092811012175e-09,ok,6.622233726420744e-07,9.365252749108738e-07,9.432836856114603e-05,1.9184683462407547e-05,9.432836867977639e-05,1.9181607382183524e-05,7.488670754024203e-05,3.097628748766938e-06,2040.2450141000445
152,152,110,110,887,887,,1,3.5475958678945346e-09,3.5475958678945346e-09,0.0001922650567979244,0.006869834421123479,0.024393387754744887,0,2250,3.035743596194558e-08,0.1168608532137433,2250,3.035743596194558e-08,0.1168608466958224,2250,3.035743596194558e-08,0.1168608532137433,True,51,1693,-438.340909650908,-438.3409096509078,False,True,energy_not_decreased,L-BFGS-B>Newton-CG,True,9.347923716829234e-13,1.810212709572403e-06,1.00051639918709e-09,2.2737367544323206e-13,37294.18862972717,-2.42861286636753e-15,9.947598300641403e-14,1.7053025658242404e-13,,,,,,False,0,none,False,3.9100739999557845,16.5615021000267,,,,,,,,,,,2060.77534990001
153,153,110,110,900,900,,1,3.528683140824329e-09,3.528683140824329e-09,0.0024094911280119913,0.000330456039744559,0.0008859176937457288,0,2250,3.035743596194558e-08,0.11623785174899794,2250,3.035743596194558e-08,0.11623783277821964,2250,3.035743596194558e-08,0.11623785174899794,True,52,1692,-438.340909650908,-438.3409096509078,False,True,projected_residual,L-BFGS-B>Newton-CG>trust-krylov,False,1.386286246999995e-08,0.0012982149684957359,1.0106784028889016e-09,4.604316927725449e-12,37294.18862972717,-2.5396351688300456e-15,9.947598300641403e-14,1.7053025658242404e-13,,,,,,False,0,none,False,3.8702730999793857,9.165959000005387,,,,,,,,,,,2073.8693100000382
154,154,110,110,1802,1802,,1,3.25001030211311e-09,3.25001030211311e-09,0.00011904701373663928,0.007136467139692033,0.026726509528059047,0,2250,3.035743596194558e-08,0.10705812922366516,2250,3.035743596194558e-08,0.10705812968596923,2250,3.035743596194558e-08,0.10705812922366516,True,53,1691,-438.340909650908,-438.3409096509078,False,True,energy_not_decreased,L-BFGS-B>Newton-CG,True,7.723833150298336e-13,1.696030183744776e-06,1.0004554065855859e-09,1.1368683772161603e-13,37294.18862972717,-2.157996004115148e-15,9.947598300641403e-14,1.7053025658242404e-13,,,,,,False,0,none,False,3.908596099994611,6.956052399997134,,,,,,,,,,,2084.789847200038
155,155,111,111,861,861,861,1,3.020878658333004e-09,3.020878658333004e-09,0.034123835110743926,4.419835240534219e-05,8.817514000285397e-05,0,2250,3.035743596194558e-08,0.09951033618648861,2250,3.035743596194558e-08,0.09951038283223575,2250,3.035743596194558e-08,0.09951033618648861,True,54,1690,-438.34090965093293,-438.3409096509329,True,False,accepted,L-BFGS-B>Newton-CG,True,2.718088313184103e-13,3.976725324274333e-09,1.068349913346859e-09,2.5011104298755527e-11,37294.18862972717,-2.1510571102112408e-15,9.947598300641403e-14,5.684341886080802e-14,2.495426087989472e-11,2.5067947717616335e-11,-1.1368683772161603e-13,2.5067947717616335e-11,1.0050135895435233e-10,False,0,none,True,3.908350599987898,24.037048599973787,2.0780248632945586e-09,ok,6.622215041267252e-07,9.365226324311254e-07,9.432835960112683e-05,1.9184681640101756e-05,9.432835971975524e-05,1.918160556016953e-05,7.444067660552131e-05,3.07917903597261e-06,2112.8362106000423
156,156,112,112,752,752,752,1,-2.9681199720243967e-09,2.9681199720243967e-09,0.08131869912602686,5.310245853219951e-05,9.607914409241618e-05,0,2250,3.0357423768155834e-08,0.09777245904304564,2250,3.0357423768155834e-08,0.09777153559642993,2250,3.0357423768155834e-08,0.09777245904304564,True,55,1689,-438.3409096509462,-438.34090965094606,True,False,accepted,L-BFGS-B>Newton-CG,True,5.988433207244852e-13,1.0714669543879385e-08,1.0558900410574554e-09,1.318767317570746e-11,37294.18862972717,-1.908195823574488e-15,9.947598300641403e-14,1.1368683772161603e-13,1.3244516594568267e-11,1.318767317570746e-11,5.684341886080802e-14,1.3244516594568267e-11,1.0026489033189137e-10,False,0,none,True,3.937942699994892,5.16509689996019,2.064837190118851e-09,ok,6.622203134870106e-07,9.36520948612293e-07,9.432835905696983e-05,1.918468152943007e-05,9.432835917559654e-05,1.9181605449515242e-05,7.420261798602968e-05,3.0693319316219114e-06,2122.0491831000545
157,157,112,112,1147,1147,,1,2.9312818838889143e-09,2.9312818838889143e-09,0.05851856399158101,4.959731530138915e-05,9.313050754539938e-05,0,2250,3.035739300203494e-08,0.09655907816894628,2250,3.035739300203494e-08,0.09655929200603097,2250,3.035739300203494e-08,0.09655907816894628,True,56,1688,-438.3409096509462,-438.34090965094606,False,True,projected_residual,L-BFGS-B>Newton-CG>trust-krylov,False,1.8480866694234212e-09,3.12711625881492e-05,1.0590987515802752e-09,1.5404566511278972e-11,37294.18862972717,-1.8457457784393227e-15,9.947598300641403e-14,1.1368683772161603e-13,,,,,,False,0,none,False,3.9473487000213936,97.01290299999528,,,,,,,,,,,2223.0702285000007
158,158,112,112,332,332,,1,-2.918865831002572e-09,2.918865831002572e-09,0.00023741444813056974,0.0022050880926589517,0.007648428130666361,0,2250,3.035739300203494e-08,0.09615008214990373,2250,3.035739300203494e-08,0.09615008960011674,2250,3.035739300203494e-08,0.09615008214990373,True,57,1687,-438.3409096509462,-438.34090965094606,False,True,energy_not_decreased,L-BFGS-B>Newton-CG,True,9.533696461499622e-13,7.202699777332172e-07,1.0013236281889055e-09,6.821210263296962e-13,37294.18862972717,-2.1094237467877974e-15,9.947598300641403e-14,1.1368683772161603e-13,,,,,,False,0,none,False,3.8622936999890953,7.190609399985988,,,,,,,,,,,2234.1791306000086
159,159,113,113,1369,1369,1369,1,2.8671109930655803e-09,2.8671109930655803e-09,0.058919573076582354,4.9938207218635516e-05,9.369853557777136e-05,0,2250,3.035739300203494e-08,0.09444523094830277,2250,3.035739300203494e-08,0.09444568011271949,2250,3.035739300203494e-08,0.09444523094830277,True,58,1686,-438.34090965096055,-438.3409096509604,True,False,accepted,L-BFGS-B>Newton-CG,True,8.691863134330442e-10,1.5139882864959623e-05,1.0574103724041833e-09,1.4438228390645236e-11,37294.18862972717,-1.942890293094024e-15,9.947598300641403e-14,1.7053025658242404e-13,1.4381384971784428e-11,1.432454155292362e-11,5.684341886080802e-14,1.4381384971784428e-11,1.0028762769943569e-10,False,0,none,True,3.9560051999869756,1.0191460000351071,2.0505126485659275e-09,ok,6.622197990482108e-07,9.365202210859654e-07,9.432835563204922e-05,1.9184680832863185e-05,9.432835575067543e-05,1.9181604753059945e-05,7.394353756488542e-05,3.0586152772630872e-06,2239.257525300025
160,160,114,114,958,958,958,1,2.95140534234406e-09,2.95140534234406e-09,0.06765362006686848,4.562920510136616e-05,8.42904132906048e-05,0,2250,3.035739306471123e-08,0.09722196290217369,2250,3.035739306471123e-08,0.09722081148713943,2250,3.035739306471123e-08,0.09722196290217369,True,59,1685,-438.34090965097846,-438.3409096509784,True,False,accepted,L-BFGS-B,True,5.631339422144291e-10,8.705908945842142e-06,1.0646841065898555e-09,1.7848833522293717e-11,37294.18862972717,-2.2690183065776637e-15,9.947598300641403e-14,5.684341886080802e-14,1.7905676941154525e-11,1.801936377887614e-11,-1.1368683772161603e-13,1.801936377887614e-11,1.0036038727557752e-10,False,0,none,True,3.9116473000030965,0.8163997000083327,2.0324932847870514e-09,ok,6.622172621844909e-07,9.365166334188868e-07,9.43283543245553e-05,1.918468056694258e-05,9.432835444317942e-05,1.918160448718155e-05,7.362089469463098e-05,3.0452694130461597e-06,2244.0906897000386
161,161,114,114,533,533,,1,2.7257169576966334e-09,2.7257169576966334e-09,0.003005621983150339,0.0002914910187432938,0.0007624770606056083,0,2250,3.03573931250498e-08,0.08978758309281414,2250,3.03573931250498e-08,0.08978755777597487,2250,3.03573931250498e-08,0.08978758309281414,True,60,1684,-438.34090965097846,-438.3409096509784,False,True,energy_not_decreased,L-BFGS-B>Newton-CG,True,9.949208598852302e-13,1.0638676259676103e-07,1.0093519234498778e-09,2.9558577807620168e-12,37294.18862972717,-2.2898349882893854e-15,9.947598300641403e-14,5.684341886080802e-14,,,,,,False,0,none,False,3.9208350000553764,11.332727700006217,,,,,,,,,,,2259.4146600000095
162,162,114,114,1380,1380,,1,2.6488544153241422e-09,2.6488544153241422e-09,0.0004561088086656818,0.0014039784547545892,0.004528923214929733,0,2250,3.03573931250498e-08,0.08725566139400835,2250,3.03573931250498e-08,0.08725566742149869,2250,3.03573931250498e-08,0.08725566139400835,True,61,1683,-438.34090965097846,-438.3409096509784,False,True,energy_not_decreased,L-BFGS-B>Newton-CG,True,1.6018232989878418e-12,8.489604990281041e-07,1.0018868054530471e-09,7.958078640513122e-13,37294.18862972717,-2.491062911502695e-15,9.947598300641403e-14,5.684341886080802e-14,,,,,,False,0,none,False,3.9609383000060916,7.130367600009777,,,,,,,,,,,2270.5651537000085
163,163,114,114,984,984,,1,-2.6002320882394236e-09,2.6002320882394236e-09,0.0002660619200671187,0.0019179425582265843,0.006568767467878859,0,2250,3.03573931250498e-08,0.08565399794140453,2250,3.03573931250498e-08,0.08565399789909992,2250,3.03573931250498e-08,0.08565399794140453,True,62,1682,-438.34090965097846,-438.3409096509784,False,True,energy_not_decreased,L-BFGS-B>Newton-CG,True,7.488868227001667e-13,5.524146772212626e-07,1.0013556606179749e-09,6.252776074688882e-13,37294.18862972717,-2.5326962749261384e-15,9.947598300641403e-14,5.684341886080802e-14,,,,,,False,0,none,False,3.933842700032983,11.872992400021758,,,,,,,,,,,2286.4304479000275
164,164,114,114,736,736,,1,2.5089365099373317e-09,2.5089365099373317e-09,0.0034398884420085794,0.00023787048398973642,0.0006129464392210382,0,2250,3.03573931250498e-08,0.08264663897859695,2250,3.03573931250498e-08,0.08264669620704408,2250,3.03573931250498e-08,0.08264663897859695,True,63,1681,-438.34090965097846,-438.3409096509784,False,True,energy_not_decreased,L-BFGS-B>Newton-CG,True,5.389776193931065e-13,5.110156126422812e-08,1.0105471849794617e-09,3.296918293926865e-12,37294.18862972717,-2.095545958979983e-15,9.947598300641403e-14,5.684341886080802e-14,,,,,,False,0,none,False,3.900730499997735,12.165977899974678,,,,,,,,,,,2302.5573350000195
165,165,114,114,1410,1410,,1,2.4946609769246897e-09,2.4946609769246897e-09,0.0004993349290895418,0.0013051487352024893,0.004167967374611561,0,2250,3.03573931250498e-08,0.08217639000320445,2250,3.03573931250498e-08,0.08217637316074726,2250,3.03573931250498e-08,0.08217639000320445,True,64,1680,-438.34090965097846,-438.3409096509784,False,True,energy_not_decreased,L-BFGS-B>Newton-CG,True,9.8790467044722e-10,0.0005168107047764182,1.0019115406498297e-09,6.821210263296962e-13,37294.18862972717,-2.220446049250313e-15,9.947598300641403e-14,5.684341886080802e-14,,,,,,False,0,none,False,3.909761399962008,11.761542099993676,,,,,,,,,,,2318.2873380000237
166,166,114,114,1348,1348,,1,-2.4677119285715712e-09,2.4677119285715712e-09,0.00021113932482424118,0.0018796078568383014,0.006605016365619037,0,2250,3.03573931250498e-08,0.08128866396420932,2250,3.03573931250498e-08,0.08128865731455527,2250,3.03573931250498e-08,0.08128866396420932,True,65,1679,-438.34090965097846,-438.3409096509784,False,True,energy_not_decreased,L-BFGS-B>Newton-CG,True,6.271916325159277e-10,0.0004777471545058797,1.0013128108176062e-09,7.958078640513122e-13,37294.18862972717,-1.970645868709653e-15,9.947598300641403e-14,5.684341886080802e-14,,,,,,False,0,none,False,3.9247852999833412,12.539119099965319,,,,,,,,,,,2334.8099648000207
167,167,114,114,1795,1795,,1,2.4105928520673503e-09,2.4105928520673503e-09,0.0012484366207047737,0.0006115414776032139,0.0017638258741788308,0,2250,3.03573931250498e-08,0.07940710989700292,2250,3.03573931250498e-08,0.07940706874494159,2250,3.03573931250498e-08,0.07940710989700292,True,66,1678,-438.34090965097846,-438.3409096509784,False,True,energy_not_decreased,L-BFGS-B>Newton-CG,True,6.323467711799459e-13,1.604039559730073e-07,1.003942214313507e-09,1.1937117960769683e-12,37294.18862972717,-1.8457457784393227e-15,9.947598300641403e-14,5.684341886080802e-14,,,,,,False,0,none,False,3.956845799984876,16.28752239997266,,,,,,,,,,,2355.1131641000393
168,168,114,114,1561,1561,,1,2.2893524853628833e-09,2.2893524853628833e-09,0.0033319041699290657,0.0002283627003918732,0.0005905382956477474,0,2250,3.03573931250498e-08,0.07541334250712702,2250,3.03573931250498e-08,0.07541333169977653,2250,3.03573931250498e-08,0.07541334250712702,True,67,1677,-438.34090965097846,-438.3409096509784,False,True,energy_not_decreased,L-BFGS-B>Newton-CG,True,1.2643357686050239e-12,1.2612131410744954e-07,1.0100247589200337e-09,3.0127011996228248e-12,37294.18862972717,-2.157996004115148e-15,9.947598300641403e-14,5.684341886080802e-14,,,,,,False,0,none,False,3.9049099000403658,6.168552799965255,,,,,,,,,,,2365.2460258000065
169,169,115,115,798,798,798,1,-2.260753362293144e-09,2.260753362293144e-09,0.1506657306471286,1.4961872631070291e-05,2.523942206456967e-05,0,2250,3.03573931250498e-08,0.07447126151381075,2250,3.03573931250498e-08,0.07446838000323103,2250,3.03573931250498e-08,0.07447126151381075,True,68,1676,-438.34090965111193,-438.3409096511118,True,False,accepted,L-BFGS-B>Newton-CG,True,5.503967013310577e-13,3.6409150358535203e-09,1.1511698833702752e-09,1.3358203432289883e-10,51829.108470858686,-2.0886070650760757e-15,9.947598300641403e-14,1.1368683772161603e-13,1.3346834748517722e-10,1.334115040663164e-10,5.684341886080802e-14,1.3346834748517722e-10,1.0266936694970355e-10,False,0,none,True,3.931305800040718,5.494318699988071,1.899081780720735e-09,ok,6.621759388025707e-07,9.364581933317321e-07,9.432821986817294e-05,1.9184653220947153e-05,9.432821998677768e-05,1.9181577145566888e-05,7.116141150805916e-05,2.9435348585961624e-06,2374.7981041000457
170,170,115,115,1399,1399,,1,2.2594728310565415e-09,2.2594728310565415e-09,0.015608203159443066,8.484879044922799e-05,0.00018474280802706561,0,2250,3.0357447460280865e-08,0.07442894643934721,2250,3.0357447460280865e-08,0.0744287994141164,2250,3.0357447460280865e-08,0.07442894643934721,True,69,1675,-438.34090965111193,-438.3409096511118,False,True,projected_residual,L-BFGS-B>Newton-CG>trust-krylov,False,5.673568227335365e-08,0.002130601493239736,1.026628950769711e-09,6.366462912410498e-12,51829.108470858686,-1.9567680809018384e-15,9.947598300641403e-14,1.1368683772161603e-13,,,,,,False,0,none,False,3.897408400021959,8.363517199992202,,,,,,,,,,,2387.1177808000357
171,171,115,115,1674,1674,,1,2.245245753207392e-09,2.245245753207392e-09,0.0035872989982944996,0.0002092679134066193,0.0005367317973323544,0,2250,3.0357447460280865e-08,0.07396029445970485,2250,3.0357447460280865e-08,0.07396024480703173,2250,3.0357447460280865e-08,0.07396029445970485,True,70,1674,-438.34090965111193,-438.3409096511118,False,True,energy_not_decreased,L-BFGS-B>Newton-CG,True,8.475210508144216e-13,7.899359131453952e-08,1.0107289849304323e-09,3.410605131648481e-12,51829.108470858686,-1.8457457784393227e-15,9.947598300641403e-14,1.1368683772161603e-13,,,,,,False,0,none,False,3.9271247999859042,8.57319850003114,,,,,,,,,,,2399.6780799000408
172,172,115,115,1733,1733,,1,2.2288298012762553e-09,2.2288298012762553e-09,0.001319072724543972,0.000552244063709542,0.0015830830110574886,0,2250,3.0357447460280865e-08,0.07341953911613998,2250,3.0357447460280865e-08,0.07341952019691751,2250,3.0357447460280865e-08,0.07341953911613998,True,71,1673,-438.34090965111193,-438.3409096511118,False,True,energy_not_decreased,L-BFGS-B>Newton-CG,True,7.937096355013287e-13,1.9666038015640597e-07,1.0040359407160207e-09,1.2505552149377763e-12,51829.108470858686,-2.005340338229189e-15,9.947598300641403e-14,1.1368683772161603e-13,,,,,,False,0,none,False,3.892814500024542,13.10864659998333,,,,,,,,,,,2416.7389142000466
173,173,115,115,922,922,,1,2.2151982724278457e-09,2.2151982724278457e-09,0.0004177263136785719,0.001221770597624327,0.003979851516557682,0,2250,3.0357447460280865e-08,0.07297050502438227,2250,3.0357447460280865e-08,0.07297051491695468,2250,3.0357447460280865e-08,0.07297050502438227,True,72,1672,-438.34090965111193,-438.3409096511118,False,True,energy_not_decreased,L-BFGS-B>Newton-CG,True,2.507297660787969e-12,1.382875687875045e-06,1.0018131041587988e-09,7.958078640513122e-13,51829.108470858686,-2.0539125955565396e-15,9.947598300641403e-14,1.1368683772161603e-13,,,,,,False,0,none,False,3.9162190999486484,13.592012399982195,,,,,,,,,,,2434.3067279000534
174,174,115,115,1638,1638,,1,2.2069357595535983e-09,2.2069357595535983e-09,1.3823830341093e-06,0.12560927031272645,0.7717809025970399,0,2250,3.0357447460280865e-08,0.07269833086069286,2250,3.0357447460280865e-08,0.07269833091256944,2250,3.0357447460280865e-08,0.07269833086069286,True,73,1671,-438.34090965111193,-438.3409096511118,False,True,energy_not_decreased,L-BFGS-B>Newton-CG,True,7.750692823746082e-13,4.4113592289124385e-05,1.0000175698518792e-09,2.2737367544323206e-13,51829.108470858686,-2.4702462297909733e-15,9.947598300641403e-14,1.1368683772161603e-13,,,,,,False,0,none,False,3.8586210000212304,8.542124000028707,,,,,,,,,,,2446.7797802000423
175,175,115,115,1383,1383,,1,2.1967224705932153e-09,2.1967224705932153e-09,0.018841193717692977,8.83097644778867e-05,0.00018827949235231586,0,2250,3.0357447460280865e-08,0.07236189648248151,2250,3.0357447460280865e-08,0.07236206869107722,2250,3.0357447460280865e-08,0.07236189648248151,True,74,1670,-438.34090965111193,-438.3409096511118,False,True,energy_not_decreased,L-BFGS-B>Newton-CG,True,2.5954143716513215e-13,1.043395243960039e-08,1.0248747000398511e-09,4.888534022029489e-12,51829.108470858686,-2.0261570199409107e-15,9.947598300641403e-14,1.1368683772161603e-13,,,,,,False,0,none,False,3.9580469999928027,19.315993800002616,,,,,,,,,,,2470.111018800002
176,176,115,115,187,187,,1,2.1627432570531235e-09,2.1627432570531235e-09,0.00039401215387192736,0.0019456946166416802,0.006379294410861893,0,2250,3.0357447460280865e-08,0.0712425924440063,2250,3.0357447460280865e-08,0.07124257259127471,2250,3.0357447460280865e-08,0.0712425924440063,True,75,1669,-438.34090965111193,-438.3409096511118,False,True,energy_not_decreased,L-BFGS-B>Newton-CG,True,1.5348536631113801e-12,1.3808189645811205e-06,1.0011115531452577e-09,4.547473508864641e-13,51829.108470858686,-2.1371793224034263e-15,9.947598300641403e-14,1.1368683772161603e-13,,,,,,False,0,none,False,3.8796593000297435,14.166318899951875,,,,,,,,,,,2488.216901100008
177,177,115,115,1708,1708,,1,-2.13325890285887e-09,2.13325890285887e-09,0.17032020372507933,2.3546963043085722e-05,3.9168603063840465e-05,0,2250,3.0357447460280865e-08,0.07027135287477602,2250,3.0357447460280865e-08,0.0702692577209319,2250,3.0357447460280865e-08,0.07027135287477602,True,76,1668,-438.34090965111193,-438.3409096511118,False,True,projected_residual,L-BFGS-B>Newton-CG>trust-krylov,False,1.1295135868445311e-06,0.01246676138654548,1.0906020057513524e-09,5.718447937397286e-11,51829.108470858686,-2.1371793224034263e-15,9.947598300641403e-14,1.1368683772161603e-13,,,,,,False,0,none,False,3.900310500001069,9.673410099989269,,,,,,,,,,,2501.850556200021
178,178,115,115,672,672,,1,2.11263706528797e-09,2.11263706528797e-09,0.015893087066565618,8.654071790742697e-05,0.0001880466770088486,0,2250,3.0357447460280865e-08,0.06959205210029948,2250,3.0357447460280865e-08,0.06959186706056948,2250,3.0357447460280865e-08,0.06959205210029948,True,77,1667,-438.34090965111193,-438.3409096511118,False,True,projected_residual,L-BFGS-B>Newton-CG>trust-krylov,False,1.082902707986134e-09,4.436016600390715e-05,1.0244116017936172e-09,5.4001247917767614e-12,51829.108470858686,-2.0886070650760757e-15,9.947598300641403e-14,1.1368683772161603e-13,,,,,,False,0,none,False,3.9392579999985173,169.38492459995905,,,,,,,,,,,2675.2348229000345
179,179,115,115,829,829,,1,2.0799791655202494e-09,2.0799791655202494e-09,0.00010451817803753149,0.0053220233826587,0.020221662857766654,0,2250,3.0357447460280865e-08,0.06851627325524179,2250,3.0357447460280865e-08,0.06851627584185441,2250,3.0357447460280865e-08,0.06851627325524179,True,78,1666,-438.34090965111193,-438.3409096511118,False,True,energy_not_decreased,L-BFGS-B>Newton-CG,True,5.792255930091026e-10,0.0014820585025469186,1.0003908250531364e-09,2.8421709430404007e-13,51829.108470858686,-2.2412627309620348e-15,9.947598300641403e-14,1.1368683772161603e-13,,,,,,False,0,none,False,3.9506958999554627,12.44543339998927,,,,,,,,,,,2691.6908662000205
180,180,115,115,567,567,,1,2.067049539779958e-09,2.067049539779958e-09,0.0005823462125366257,0.001034842414298397,0.0032487457366893267,0,2250,3.0357447460280865e-08,0.06809036044563524,2250,3.0357447460280865e-08,0.06809035642357668,2250,3.0357447460280865e-08,0.06809036044563524,True,79,1665,-438.34090965111193,-438.3409096511118,False,True,energy_not_decreased,L-BFGS-B>Newton-CG,True,7.388516867704884e-10,0.00036989705180691596,1.0019974522185599e-09,7.958078640513122e-13,51829.108470858686,-1.9637069748057456e-15,9.947598300641403e-14,1.1368683772161603e-13,,,,,,False,0,none,False,3.879362099978607,32.23184379999293,,,,,,,,,,,2727.876047000056
181,181,115,115,1722,1722,,1,-2.0639916442632966e-09,2.0639916442632966e-09,0.16894567689010861,2.2942994824234995e-05,3.819937488141968e-05,0,2250,3.0357447460280865e-08,0.06798963078051229,2250,3.0357447460280865e-08,0.06798693384899858,2250,3.0357447460280865e-08,0.06798963078051229,True,80,1664,-438.34090965111193,-438.3409096511118,False,True,projected_residual,L-BFGS-B>Newton-CG>trust-krylov,False,2.7760310657138218e-09,3.085582808802847e-05,1.0899678030936034e-09,5.5706550483591855e-11,51829.108470858686,-1.915134717478395e-15,9.947598300641403e-14,1.1368683772161603e-13,,,,,,False,0,none,False,3.8413341999985278,17.82990830001654,,,,,,,,,,,2749.6076598000363
182,182,115,115,283,283,,1,2.0316593962732554e-09,2.0316593962732554e-09,0.018552877035842116,8.553742424848728e-05,0.00018268312449737148,0,2250,3.0357447460280865e-08,0.06692457918049408,2250,3.0357447460280865e-08,0.06692471062735358,2250,3.0357447460280865e-08,0.06692457918049408,True,81,1663,-438.34090965111193,-438.3409096511118,False,True,energy_not_decreased,L-BFGS-B>Newton-CG,True,4.1301785918330465e-13,1.7389349060589544e-08,1.0237511972267755e-09,4.490630090003833e-12,51829.108470858686,-1.880440247958859e-15,9.947598300641403e-14,1.1368683772161603e-13,,,,,,False,0,none,False,3.8958187000243925,10.231248299998697,,,,,,,,,,,2763.7919256000314
183,183,116,116,6,6,6,1,-1.993960552226781e-09,1.993960552226781e-09,0.1714367775821228,2.2796961789279678e-05,3.789266421979092e-05,0,2250,3.0357447460280865e-08,0.06568274736654467,2250,3.0357447460280865e-08,0.06568717331112235,2250,3.0357447460280865e-08,0.06568274736654467,True,82,1662,-438.34090965116565,-438.3409096511656,True,False,accepted,L-BFGS-B>Newton-CG,True,5.591110442359158e-13,6.391895162168838e-09,1.0874718733725608e-09,5.383071766118519e-11,51829.108470858686,-2.0816681711721685e-15,9.947598300641403e-14,5.684341886080802e-14,5.3717030823463574e-11,5.377387424232438e-11,-5.684341886080802e-14,5.377387424232438e-11,1.010754774848465e-10,False,0,none,True,3.884702599956654,6.358715899987146,1.8453079064784106e-09,ok,6.615167182688296e-07,9.355259147123207e-07,9.431337543326597e-05,1.9181634131470544e-05,9.431337555165345e-05,1.9178558540131973e-05,7.014882743813142e-05,2.901650128600975e-06,2774.139702800021
184,184,117,117,162,162,162,1,-2.65951705102907e-09,2.65951705102907e-09,0.15470762502772661,1.9281913231965005e-05,3.242873489997652e-05,0,2250,3.0357454529610815e-08,0.08760672105874237,2250,3.0357454529610815e-08,0.08761149107494019,2250,3.0357454529610815e-08,0.08760672105874237,True,83,1661,-438.34090965128064,-438.34090965128036,True,False,accepted,L-BFGS-B>Newton-CG,True,4.869829623317823e-13,3.5305792740657105e-09,1.1379328785814196e-09,1.1510792319313623e-10,51829.108470858686,-2.0539125955565396e-15,9.947598300641403e-14,2.8421709430404007e-13,1.1499423635541461e-10,1.1476686267997138e-10,2.2737367544323206e-13,1.1499423635541461e-10,1.022998847271083e-10,False,0,none,True,3.908820200012997,28.651589200017042,1.7305410437984392e-09,ok,6.613458557023191e-07,9.352842785534596e-07,9.430954936521126e-05,1.9180855978454068e-05,9.430954948353632e-05,1.9177780511873164e-05,6.792889299272097e-05,2.8098243161924623e-06,2806.816108500003
185,185,118,118,246,246,246,1,-2.6630964100604615e-09,2.6630964100604615e-09,0.18612248349079102,1.3782541693978435e-05,2.2694223005938656e-05,0,2250,3.035744844051781e-08,0.0877246457415061,2250,3.035744844051781e-08,0.08772457782595411,2250,3.035744844051781e-08,0.0877246457415061,True,84,1660,-438.3409096515828,-438.34090965158254,True,False,accepted,L-BFGS-B>Newton-CG,True,8.736874194305812e-10,4.52164205387833e-06,1.1932234814299812e-09,3.02293301501777e-10,56263.970517260335,-1.817990202823694e-15,9.947598300641403e-14,2.8421709430404007e-13,3.021796146640554e-10,3.021796146640554e-10,0.0,3.021796146640554e-10,1.0604359229328111e-10,False,0,none,True,3.880598200019449,15.874367199954577,1.4283614291343838e-09,ok,6.646789599010448e-07,9.399979997161003e-07,9.438152065741988e-05,1.9195493637097637e-05,9.438152077684117e-05,1.9192415823712894e-05,6.171170782293875e-05,2.55265542533188e-06,2826.68267270003
186,186,119,119,1189,1189,1189,1,1.9709621712493686e-09,1.9709621712493686e-09,0.015269723120846202,7.151369368779989e-05,0.00015608950811455378,0,2250,3.035746068267724e-08,0.06492513296324719,2250,3.035746068267724e-08,0.06492522021204583,2250,3.035746068267724e-08,0.06492513296324719,True,85,1659,-438.3409096515895,-438.3409096515893,True,False,accepted,L-BFGS-B>Newton-CG,True,9.585444985575118e-13,3.491543289424758e-08,1.0274533184640949e-09,6.764366844436154e-12,56263.970517260335,-1.9012569296705806e-15,9.947598300641403e-14,2.2737367544323206e-13,6.707523425575346e-12,6.764366844436154e-12,-5.684341886080802e-14,6.764366844436154e-12,1.0013528733688873e-10,False,0,none,True,3.870945099974051,21.475275700038765,1.4215970622899476e-09,ok,6.646925788362172e-07,9.400172597989262e-07,9.438184002292418e-05,1.9195558590262863e-05,9.43818401423498e-05,1.9192480766464303e-05,6.156819514705301e-05,2.5467191383026066e-06,2852.1443601000356
187,187,120,120,63,63,63,1,2.905636176109283e-09,2.905636176109283e-09,0.019295797700195544,7.212278048535638e-05,0.00015335934065713338,0,2250,3.0357675949073966e-08,0.09571339324471302,2250,3.0357675949073966e-08,0.09571306192550084,2250,3.0357675949073966e-08,0.09571339324471302,True,86,1658,-438.3409096516016,-438.3409096516017,True,False,accepted,L-BFGS-B>Newton-CG,True,5.257704388281351e-13,1.3051191354967017e-08,1.0402852448123855e-09,1.2221335055073723e-11,56263.970517260335,-2.2620794126737565e-15,9.947598300641403e-14,-1.1368683772161603e-13,1.2050804798491299e-11,1.2391865311656147e-11,-3.410605131648481e-13,1.2391865311656147e-11,1.0024783730623312e-10,False,0,none,True,3.883450700028334,5.7167756000417285,1.4092051969782915e-09,ok,6.646938629126688e-07,9.400190757572592e-07,9.438188700981593e-05,1.9195568146546504e-05,9.438188712924146e-05,1.9192490321215655e-05,6.130435665470778e-05,2.535805670134965e-06,2861.8507773000165
188,188,121,121,21,21,21,1,2.850662150777339e-09,2.850662150777339e-09,0.0221985649970965,4.685536243050557e-05,9.808363228307952e-05,0,2250,3.035773071110815e-08,0.09390234658528866,2250,3.035773071110815e-08,0.09390261045573572,2250,3.035773071110815e-08,0.09390234658528866,True,87,1657,-438.3409096516268,-438.3409096516268,True,False,accepted,L-BFGS-B>Newton-CG,True,4.815988077064213e-13,7.916620741302758e-09,1.0608338865083955e-09,2.5295321393059567e-11,56263.970517260335,-2.0469737016526324e-15,9.947598300641403e-14,0.0,2.523847797419876e-11,2.5124791136477143e-11,1.1368683772161603e-13,2.523847797419876e-11,1.0050476955948399e-10,False,0,none,True,3.9344825000152923,14.944491799979005,1.3840804058418144e-09,ok,6.646929122784225e-07,9.400177313574151e-07,9.438189006467866e-05,1.919556876785031e-05,9.43818901841028e-05,1.9192490942419556e-05,6.075208851045474e-05,2.5129615401570634e-06,2880.877100700047
189,189,121,121,128,128,,1,-1.9642284881937755e-09,1.9642284881937755e-09,0.0019207770897045886,0.00041920459216589543,0.0011525325504082994,0,2250,3.0357716851894865e-08,0.06470277385406117,2250,3.0357716851894865e-08,0.06470281001558997,2250,3.0357716851894865e-08,0.06470277385406117,True,88,1656,-438.3409096516268,-438.3409096516268,False,True,energy_not_decreased,L-BFGS-B>Newton-CG,True,1.0505169824404934e-12,2.2419762620002125e-07,1.0046856739754384e-09,1.0231815394945443e-12,56263.970517260335,-2.3869795029440866e-15,9.947598300641403e-14,0.0,,,,,,False,0,none,False,3.865886199986562,8.369458699948154,,,,,,,,,,,2893.1738630000036
190,190,121,121,189,189,,1,1.9085511851479886e-09,1.9085511851479886e-09,0.002316633936962867,0.0001971648815670129,0.0005308934026270591,0,2250,3.0357716851894865e-08,0.06286873266718873,2250,3.0357716851894865e-08,0.06286872690287765,2250,3.0357716851894865e-08,0.06286873266718873,True,89,1655,-438.3409096516268,-438.3409096516268,False,True,energy_not_decreased,L-BFGS-B>Newton-CG,True,9.043083978769404e-13,9.34218757223826e-08,1.0096798355940126e-09,3.865352482534945e-12,56263.970517260335,-2.213507155346406e-15,9.947598300641403e-14,0.0,,,,,,False,0,none,False,3.903339199954644,15.29669789999025,,,,,,,,,,,2912.4353532000096
191,191,121,121,1630,1630,,1,1.897633340394722e-09,1.897633340394722e-09,0.0011546041049545223,0.0005274098232403338,0.0015344410100534176,0,2250,3.0357716851894865e-08,0.06250909281658563,2250,3.0357716851894865e-08,0.06250909937652863,2250,3.0357716851894865e-08,0.06250909281658563,True,90,1654,-438.3409096516268,-438.3409096516268,False,True,projected_residual,L-BFGS-B>Newton-CG>trust-krylov,False,3.146001620101504e-08,0.0087438161058508,1.0035979732213221e-09,1.0800249583553523e-12,56263.970517260335,-2.1788126858268697e-15,9.947598300641403e-14,0.0,,,,,,False,0,none,False,3.9305075999582186,44.27622070000507,,,,,,,,,,,2960.7269822000526
192,192,121,121,980,980,,1,-1.801917677568543e-09,1.801917677568543e-09,0.0018306165589461229,0.0004483563346335033,0.001239287532582258,0,2250,3.0357716851894865e-08,0.059356165892168244,2250,3.0357716851894865e-08,0.05935616376655201,2250,3.0357716851894865e-08,0.059356165892168244,True,91,1653,-438.3409096516268,-438.3409096516268,False,True,energy_not_decreased,L-BFGS-B>Newton-CG,True,5.646833906972798e-13,1.4050337707268352e-07,1.0040190022650144e-09,8.526512829121202e-13,56263.970517260335,-2.2967738821932926e-15,9.947598300641403e-14,0.0,,,,,,False,0,none,False,3.9148159000324085,39.13908970000921,,,,,,,,,,,3003.842949200014
193,193,121,121,779,779,,1,1.8008023345075785e-09,1.8008023345075785e-09,0.00022824445398600285,0.004732421764325751,0.016486583732163326,0,2250,3.0357716851894865e-08,0.05931942587425432,2250,3.0357716851894865e-08,0.059319421309821575,2250,3.0357716851894865e-08,0.05931942587425432,True,92,1652,-438.3409096516268,-438.3409096516268,False,True,energy_not_decreased,L-BFGS-B>Newton-CG,True,9.814317521652926e-10,0.0025792172717605316,1.0003805153458419e-09,5.684341886080802e-14,56263.970517260335,-1.887379141862766e-15,9.947598300641403e-14,0.0,,,,,,False,0,none,False,3.8677612000028603,2.756920900021214,,,,,,,,,,,3010.5295825000503
194,194,121,121,236,236,,1,-1.787384115714552e-09,1.787384115714552e-09,0.0020179919507816173,0.00031457932348112437,0.0008601477935832575,0,2250,3.0357716851894865e-08,0.05887742231850309,2250,3.0357716851894865e-08,0.05887744837330425,2250,3.0357716851894865e-08,0.05887742231850309,True,93,1651,-438.3409096516268,-438.3409096516268,False,True,energy_not_decreased,L-BFGS-B>Newton-CG,True,6.066385354524889e-13,1.067666471442509e-07,1.0056819105186741e-09,1.5347723092418164e-12,56263.970517260335,-1.8665624601510444e-15,9.947598300641403e-14,0.0,,,,,,False,0,none,False,3.917711599962786,7.078605699993204,,,,,,,,,,,3021.585739000002
195,195,121,121,1780,1780,,1,1.7792536103310164e-09,1.7792536103310164e-09,0.0005467879065413357,0.0009517216557423038,0.003008794097152552,0,2250,3.0357716851894865e-08,0.05860959896988956,2250,3.0357716851894865e-08,0.05860960055698878,2250,3.0357716851894865e-08,0.05860959896988956,True,94,1650,-438.3409096516268,-438.3409096516268,False,True,energy_not_decreased,L-BFGS-B>Newton-CG,True,7.885821534976217e-13,4.218179112896985e-07,1.0018694847525242e-09,5.115907697472721e-13,56263.970517260335,-1.915134717478395e-15,9.947598300641403e-14,0.0,,,,,,False,0,none,False,3.904573399981018,7.412746799993329,,,,,,,,,,,3032.9867683000048
196,196,121,121,1222,1222,,1,1.7578267452744711e-09,1.7578267452744711e-09,0.006253893377305738,0.00016583403700882237,0.00039982037331031555,0,2250,3.0357716851894865e-08,0.05790378617240286,2250,3.0357716851894865e-08,0.05790383387011694,2250,3.0357716851894865e-08,0.05790378617240286,True,95,1649,-438.3409096516268,-438.3409096516268,False,True,energy_not_decreased,L-BFGS-B>Newton-CG,True,4.0527553502558034e-13,3.823439974518322e-08,1.0105997619349744e-09,1.9895196601282805e-12,56263.970517260335,-2.1371793224034263e-15,9.947598300641403e-14,0.0,,,,,,False,0,none,False,3.920077399990987,6.059930899995379,,,,,,,,,,,3043.0282540000044
197,197,121,121,1624,1624,,1,-1.6777036793234196e-09,1.6777036793234196e-09,0.00029880535428880166,0.001178859320008589,0.0039857393327507925,0,2250,3.0357716851894865e-08,0.055264488021558866,2250,3.0357716851894865e-08,0.05526448334281927,2250,3.0357716851894865e-08,0.055264488021558866,True,96,1648,-438.3409096516268,-438.3409096516268,False,True,energy_not_decreased,L-BFGS-B>Newton-CG,True,8.659208802330382e-13,6.084421374308359e-07,1.00142317704012e-09,5.115907697472721e-13,56263.970517260335,-1.942890293094024e-15,9.947598300641403e-14,0.0,,,,,,False,0,none,False,3.936418599972967,7.524370600003749,,,,,,,,,,,3054.5462614000426
198,198,121,121,222,222,,1,1.6350436317369432e-09,1.6350436317369432e-09,0.0013923916472505413,0.00040891832241597833,0.0011651920417162479,0,2250,3.0357716851894865e-08,0.0538592424362403,2250,3.0357716851894865e-08,0.05385927591779358,2250,3.0357716851894865e-08,0.0538592424362403,True,97,1647,-438.3409096516268,-438.3409096516268,False,True,energy_not_decreased,L-BFGS-B>Newton-CG,True,4.702574015446594e-13,1.1761158613422489e-07,1.0039983935001777e-09,1.0231815394945443e-12,56263.970517260335,-1.942890293094024e-15,9.947598300641403e-14,0.0,,,,,,False,0,none,False,3.8640643999679014,13.743106800015084,,,,,,,,,,,3072.2150378000224
199,199,121,121,951,951,,1,1.6239980471510762e-09,1.6239980471510762e-09,0.006072920684695155,0.00015612929834366203,0.00037765520347028724,0,2250,3.0357716851894865e-08,0.05349539476483093,2250,3.0357716851894865e-08,0.05349536306699516,2250,3.0357716851894865e-08,0.05349539476483093,True,98,1646,-438.3409096516268,-438.3409096516268,False,True,energy_not_decreased,L-BFGS-B>Newton-CG,True,5.138556171294888e-13,4.940225639070327e-08,1.0104014604730928e-09,1.9895196601282805e-12,56263.970517260335,-2.1718737919229625e-15,9.947598300641403e-14,0.0,,,,,,False,0,none,False,3.899243999971077,6.055979400000069,,,,,,,,,,,3082.2304307000013
200,200,121,121,949,949,,1,-1.6119876855872836e-09,1.6119876855872836e-09,5.2594360656903415e-05,0.01568663144711134,0.06432952597711952,0,2250,3.0357716851894865e-08,0.053099766805640616,2250,3.0357716851894865e-08,0.0530997651339661,2250,3.0357716851894865e-08,0.053099766805640616,True,99,1645,-438.3409096516268,-438.3409096516268,False,True,energy_not_decreased,L-BFGS-B>Newton-CG,True,8.651925010247109e-13,8.419251680082298e-06,1.0001027635868247e-09,1.1368683772161603e-13,56263.970517260335,-1.908195823574488e-15,9.947598300641403e-14,0.0,,,,,,False,0,none,False,3.893835900002159,7.700372199993581,,,,,,,,,,,3093.886876100034
201,201,121,121,773,773,,1,1.5934880706613974e-09,1.5934880706613974e-09,0.003199609670569867,0.00017821848606827036,0.0004629487928706672,0,2250,3.0357716851894865e-08,0.05249037924806704,2250,3.0357716851894865e-08,0.05249040486870759,2250,3.0357716851894865e-08,0.05249037924806704,True,100,1644,-438.3409096516268,-438.3409096516268,False,True,projected_residual,L-BFGS-B>Newton-CG>trust-krylov,False,2.764589401157261e-07,0.03092150819794301,1.0089406680407043e-09,2.5579538487363607e-12,56263.970517260335,-2.1371793224034263e-15,9.947598300641403e-14,0.0,,,,,,False,0,none,False,3.907217599975411,26.462248100026045,,,,,,,,,,,3124.319287500053
202,202,121,121,882,882,,1,1.5523548765883355e-09,1.5523548765883355e-09,0.0037256348798333045,0.0001499309705542319,0.0003829286438272285,0,2250,3.0357716851894865e-08,0.05113542906279003,2250,3.0357716851894865e-08,0.05113543063344439,2250,3.0357716851894865e-08,0.05113542906279003,True,101,1643,-438.3409096516268,-438.3409096516268,False,True,energy_not_decreased,L-BFGS-B>Newton-CG,True,7.39590059698314e-13,7.143638711383762e-08,1.0103531280007169e-09,2.9558577807620168e-12,56263.970517260335,-2.282896094385478e-15,9.947598300641403e-14,0.0,,,,,,False,0,none,False,3.882741099980194,17.33489009999903,,,,,,,,,,,3145.597316300031
203,203,121,121,982,982,,1,-1.4440235014678837e-09,1.4440235014678837e-09,0.0017421202579948217,0.00039824944491953745,0.0011068699738135451,0,2250,3.0357716851894865e-08,0.04756693359098087,2250,3.0357716851894865e-08,0.04756692839982278,2250,3.0357716851894865e-08,0.04756693359098087,True,102,1642,-438.3409096516268,-438.3409096516268,False,True,energy_not_decreased,L-BFGS-B>Newton-CG,True,5.742070177729755e-13,1.5835842313339109e-07,1.0036259960563595e-09,6.252776074688882e-13,56263.970517260335,-1.9220736113823023e-15,9.947598300641403e-14,0.0,,,,,,False,0,none,False,3.8957804999663495,8.626336599991191,,,,,,,,,,,3158.181572100031
204,204,121,121,613,613,,1,1.4079082344409244e-09,1.4079082344409244e-09,0.0064816626192300145,0.0001446331791988108,0.00034731969701980804,0,2250,3.0357716851894865e-08,0.04637727670067012,2250,3.0357716851894865e-08,0.046377246758218006,2250,3.0357716851894865e-08,0.04637727670067012,True,103,1641,-438.3409096516268,-438.3409096516268,False,True,projected_residual,L-BFGS-B>Newton-CG>trust-krylov,False,4.654219578382883e-07,0.04781325195707217,1.0097341623668718e-09,1.7053025658242404e-12,56263.970517260335,-2.123301534595612e-15,9.947598300641403e-14,0.0,,,,,,False,0,none,False,3.89275269996142,48.972861999995075,,,,,,,,,,,3211.108413000009
205,205,121,121,647,647,,1,-1.3354682440875872e-09,1.3354682440875872e-09,3.998801848139755e-05,0.027136700390569965,0.11472585691476447,0,2250,3.0357716851894865e-08,0.0439910633135848,2250,3.0357716851894865e-08,0.04399106354696276,2250,3.0357716851894865e-08,0.0439910633135848,True,104,1640,-438.3409096516268,-438.3409096516268,False,True,energy_not_decreased,L-BFGS-B>Newton-CG,True,1.0152257663737111e-12,2.062899455790784e-05,1.0000492135360026e-09,5.684341886080802e-14,56263.970517260335,-2.0539125955565396e-15,9.947598300641403e-14,0.0,,,,,,False,0,none,False,3.9027749999659136,31.959145599976182,,,,,,,,,,,3247.0332987
206,206,121,121,820,820,,1,1.3267072440648064e-09,1.3267072440648064e-09,0.0031143004796225617,0.00017146450044497455,0.0004467452446990235,0,2250,3.0357716851894865e-08,0.043702471122494715,2250,3.0357716851894865e-08,0.04370247304461834,2250,3.0357716851894865e-08,0.043702471122494715,True,105,1639,-438.3409096516268,-438.3409096516268,False,True,energy_not_decreased,L-BFGS-B>Newton-CG,True,3.582115848589364e-13,4.6296468751337054e-08,1.007737341411133e-09,1.9895196601282805e-12,56263.970517260335,-2.2343238370581275e-15,9.947598300641403e-14,0.0,,,,,,False,0,none,False,3.8924437999958172,8.810415600019041,,,,,,,,,,,3259.7982364000054
207,207,122,122,251,251,251,1,-1.3253789177269937e-09,1.3253789177269937e-09,0.1423331651529877,1.4691637817426452e-05,2.4945040740780587e-05,0,2250,3.0357716851894865e-08,0.04365871531752778,2250,3.0357716851894865e-08,0.043668877536000794,2250,3.0357716851894865e-08,0.04365871531752778,True,106,1638,-438.3409096516716,-438.3409096516716,True,False,accepted,L-BFGS-B>Newton-CG,True,5.107026746474455e-13,5.660305613315475e-09,1.0902252827914545e-09,4.473577064345591e-11,56263.970517260335,-2.0816681711721685e-15,9.947598300641403e-14,0.0,4.4792614062316716e-11,4.4792614062316716e-11,0.0,4.4792614062316716e-11,1.0089585228124634e-10,False,0,none,True,3.880702199996449,5.933383399969898,1.3392877917794976e-09,ok,6.647003589826848e-07,9.400282625875779e-07,9.438205221414454e-05,1.9195601746117864e-05,9.438205233356903e-05,1.919252391539939e-05,5.976241577865579e-05,2.4720245193347266e-06,3269.7396009000367
208,208,122,122,135,135,,1,1.259927356455498e-09,1.259927356455498e-09,0.0003802935574847437,0.0007412489485138203,0.0024399022916693613,0,2250,3.035772318003772e-08,0.04150269600205019,2250,3.035772318003772e-08,0.04150269054707353,2250,3.035772318003772e-08,0.04150269600205019,True,107,1637,-438.3409096516716,-438.3409096516716,False,True,energy_not_decreased,L-BFGS-B>Newton-CG,True,7.139727540240599e-13,4.2006415486538217e-07,1.0016996755037404e-09,6.821210263296962e-13,56263.970517260335,-2.2065682614424986e-15,9.947598300641403e-14,0.0,,,,,,False,0,none,False,3.906606799981091,13.089504799980205,,,,,,,,,,,3286.7986981000286
209,209,122,122,432,432,,1,-1.2407405242109704e-09,1.2407405242109704e-09,0.002100818080689775,0.00018465728183157584,0.0005026513405128423,0,2250,3.035772318003772e-08,0.04087067125728461,2250,3.035772318003772e-08,0.04087064147512199,2250,3.035772318003772e-08,0.04087067125728461,True,108,1636,-438.3409096516716,-438.3409096516716,False,True,energy_not_decreased,L-BFGS-B>Newton-CG,True,2.4341701804778327e-13,3.6225230458653176e-08,1.0067195436706915e-09,2.0463630789890885e-12,56263.970517260335,-2.0816681711721685e-15,9.947598300641403e-14,0.0,,,,,,False,0,none,False,3.9073719000443816,152.48438109998824,,,,,,,,,,,3443.2533833000343
210,210,122,122,995,995,,1,1.1686998591109443e-09,1.1686998591109443e-09,0.005898997243353621,0.00012319953254420174,0.00029896821315955445,0,2250,3.035772318003772e-08,0.03849761235979134,2250,3.035772318003772e-08,0.038497549896801105,2250,3.035772318003772e-08,0.03849761235979134,True,109,1635,-438.3409096516716,-438.3409096516716,False,True,projected_residual,L-BFGS-B>Newton-CG>trust-krylov,False,4.844563825775273e-08,0.005107351012158973,1.0094854726339388e-09,1.7053025658242404e-12,56263.970517260335,-1.790234627208065e-15,9.947598300641403e-14,0.0,,,,,,False,0,none,False,3.903365300036967,101.98584699997446,,,,,,,,,,,3549.213277700008
211,211,123,123,445,445,445,1,1.1637986130352829e-09,1.1637986130352829e-09,0.03000925182885605,2.8461592164548347e-05,5.7603627782529964e-05,0,2250,3.035772318003772e-08,0.03833616263424393,2250,3.035772318003772e-08,0.03833743152408495,2250,3.035772318003772e-08,0.03833616263424393,True,110,1634,-438.3409096516811,-438.3409096516813,True,False,accepted,L-BFGS-B>Newton-CG,True,6.203486299106642e-10,1.5172912898043692e-05,1.0408852693005736e-09,9.492850949754938e-12,56263.970517260335,-2.3592239273284576e-15,9.947598300641403e-14,-1.7053025658242404e-13,9.492850949754938e-12,9.663381206337363e-12,-1.7053025658242404e-13,9.663381206337363e-12,1.0019326762412676e-10,False,0,none,True,3.8960080999531783,5.621755000029225,1.3296244105731603e-09,ok,6.646998324485612e-07,9.400275179558792e-07,9.438205237852534e-05,1.9195601779549947e-05,9.438205249794928e-05,1.9192523948826e-05,5.954897264755753e-05,2.4631956149692686e-06,3558.883551200037
212,212,123,123,1529,1529,,1,-1.1285712434028206e-09,1.1285712434028206e-09,0.0008386322115181501,0.0006954545715169249,0.0020965540505712512,0,2250,3.035773699702968e-08,0.03717573689742567,2250,3.035773699702968e-08,0.0371757268033776,2250,3.035773699702968e-08,0.03717573689742567,True,111,1633,-438.3409096516811,-438.3409096516813,False,True,energy_not_decreased,L-BFGS-B>Newton-CG,True,5.628048652707858e-13,3.4678040026276646e-07,1.0016229431214808e-09,2.8421709430404007e-13,56263.970517260335,-2.0261570199409107e-15,9.947598300641403e-14,-1.7053025658242404e-13,,,,,,False,0,none,False,3.9016276999609545,7.57805399998324,,,,,,,,,,,3570.426151600026
213,213,123,123,305,305,,1,1.0760725643876867e-09,1.0760725643876867e-09,0.06251664294469951,3.30746695858972e-05,6.164482414423522e-05,0,2250,3.035773699702968e-08,0.03544640249347222,2250,3.035773699702968e-08,0.035446004113752066,2250,3.035773699702968e-08,0.03544640249347222,True,112,1632,-438.3409096516811,-438.3409096516813,False,True,projected_residual,L-BFGS-B>Newton-CG>trust-krylov,False,4.0202380845535415e-09,0.00012359382228280084,1.0325278238855229e-09,4.661160346586257e-12,56263.970517260335,-2.1441182163073336e-15,9.947598300641403e-14,-1.7053025658242404e-13,,,,,,False,0,none,False,3.905495500017423,97.91062150005018,,,,,,,,,,,3672.3052306000027
214,214,123,123,1207,1207,,1,1.0725242916009847e-09,1.0725242916009847e-09,0.06326912045286791,3.390813597389776e-05,6.311310212295833e-05,0,2250,3.035773699702968e-08,0.0353295205010151,2250,3.035773699702968e-08,0.035330442919152744,2250,3.035773699702968e-08,0.0353295205010151,True,113,1631,-438.3409096516811,-438.3409096516813,False,True,energy_not_decreased,L-BFGS-B>Newton-CG,True,3.474934930062709e-13,1.0988404226802454e-08,1.0316236539750403e-09,4.320099833421409e-12,56263.970517260335,-1.8457457784393227e-15,9.947598300641403e-14,-1.7053025658242404e-13,,,,,,False,0,none,False,3.8787315999506973,6.443924200022593,,,,,,,,,,,3682.6936121000326
215,215,123,123,1366,1366,,1,-1.0661561338637382e-09,1.0661561338637382e-09,0.0008713463410630753,0.0006090969899300718,0.0018284222826357157,0,2250,3.035773699702968e-08,0.03511974999875831,2250,3.035773699702968e-08,0.0351197471797354,2250,3.035773699702968e-08,0.03511974999875831,True,114,1630,-438.3409096516811,-438.3409096516813,False,True,energy_not_decreased,L-BFGS-B>Newton-CG,True,8.155793509993337e-13,4.6589249359903995e-07,1.0017505741393233e-09,3.979039320256561e-13,56263.970517260335,-2.1024848528838902e-15,9.947598300641403e-14,-1.7053025658242404e-13,,,,,,False,0,none,False,3.903555100027006,67.77336709998781,,,,,,,,,,,3754.449672800023
216,216,123,123,1283,1283,,1,1.0373910515337759e-09,1.0373910515337759e-09,0.0010837264028886486,0.00032673515007615683,0.0009573181043133524,0,2250,3.035773699702968e-08,0.034172212890416644,2250,3.035773699702968e-08,0.034172195995858336,2250,3.035773699702968e-08,0.034172212890416644,True,115,1629,-438.3409096516811,-438.3409096516813,False,True,energy_not_decreased,L-BFGS-B>Newton-CG,True,9.343401483784676e-13,2.9431256386050514e-07,1.0031746526078354e-09,7.389644451905042e-13,56263.970517260335,-2.1094237467877974e-15,9.947598300641403e-14,-1.7053025658242404e-13,,,,,,False,0,none,False,3.974016099993605,7.631979800004046,,,,,,,,,,,3766.116090000025
217,217,123,123,983,983,,1,-1.028802356945347e-09,1.028802356945347e-09,6.942372132289669e-05,0.0053589270240334925,0.021308923776165185,0,2250,3.035773699702968e-08,0.033889296723468194,2250,3.035773699702968e-08,0.03388929549931441,2250,3.035773699702968e-08,0.033889296723468194,True,116,1628,-438.3409096516811,-438.3409096516813,False,True,energy_not_decreased,L-BFGS-B>Newton-CG,True,1.4502259587269185e-12,7.553911327903719e-06,1.0001919834501327e-09,5.684341886080802e-14,56263.970517260335,-2.275957200481571e-15,9.947598300641403e-14,-1.7053025658242404e-13,,,,,,False,0,none,False,3.8833079999894835,24.95627019996755,,,,,,,,,,,3795.018649000034
218,218,123,123,381,381,,1,-1.0123119339316977e-09,1.0123119339316977e-09,0.000756839847952644,0.000689563847059356,0.002102642279800685,0,2250,3.035773699702968e-08,0.03334609342029501,2250,3.035773699702968e-08,0.03334609056547875,2250,3.035773699702968e-08,0.03334609342029501,True,117,1627,-438.3409096516811,-438.3409096516813,False,True,projected_residual,L-BFGS-B>Newton-CG>trust-krylov,False,2.0607721304142177e-08,0.014036003900353132,1.0014682043016263e-09,3.410605131648481e-13,56263.970517260335,-2.0122792321330962e-15,9.947598300641403e-14,-1.7053025658242404e-13,,,,,,False,0,none,False,3.873712099972181,68.36904259998119,,,,,,,,,,,3867.3401649000007
219,219,124,124,908,908,908,1,-1.0121237181692777e-09,1.0121237181692777e-09,0.13099413208270047,1.4024463424221569e-05,2.40386628623698e-05,0,2250,3.035773699702968e-08,0.033339893492993496,2250,3.035773699702968e-08,0.03334316256644831,2250,3.035773699702968e-08,0.033339893492993496,True,118,1626,-438.3409096517078,-438.34090965170765,True,False,accepted,L-BFGS-B>Newton-CG,True,5.553018604618537e-13,7.693642062113481e-09,1.07217672150312e-09,2.665956344571896e-11,56263.970517260335,-1.8665624601510444e-15,9.947598300641403e-14,1.7053025658242404e-13,2.6716406864579767e-11,2.637534635141492e-11,3.410605131648481e-13,2.6716406864579767e-11,1.005343281372916e-10,False,0,none,True,3.882216600002721,5.770113300008234,1.3032490642217454e-09,ok,6.647001829414001e-07,9.400280136276055e-07,9.438206493569955e-05,1.9195604333451983e-05,9.43820650551225e-05,1.9192526502318338e-05,5.895159474520223e-05,2.4384855559348337e-06,3877.1201289000455
220,220,124,124,625,625,,1,1.00302433025945e-09,1.00302433025945e-09,0.06204986703424832,3.083581127067498e-05,5.7520570795281346e-05,0,2250,3.035770208916619e-08,0.03304019280884244,2250,3.035770208916619e-08,0.03304055818576126,2250,3.035770208916619e-08,0.03304019280884244,True,119,1625,-438.3409096517078,-438.34090965170765,False,True,energy_not_decreased,L-BFGS-B>Newton-CG,True,3.971341285954609e-13,1.2209490690433391e-08,1.0325266744260375e-09,4.604316927725449e-12,56263.970517260335,-1.8318679906315083e-15,9.947598300641403e-14,1.7053025658242404e-13,,,,,,False,0,none,False,3.9017607999849133,23.761195999977645,,,,,,,,,,,3904.8473625000333
221,221,124,124,120,120,,1,9.767324726794868e-10,9.767324726794868e-10,0.06382767121230322,3.226411686562962e-05,5.9993642013379356e-05,0,2250,3.035770208916619e-08,0.03217412404307292,2250,3.035770208916619e-08,0.03217567953668935,2250,3.035770208916619e-08,0.03217412404307292,True,120,1624,-438.3409096517078,-438.34090965170765,False,True,energy_not_decreased,L-BFGS-B,True,2.1797719917166457e-11,7.200659106065399e-07,1.0302718398358914e-09,3.979039320256561e-12,56263.970517260335,-1.8457457784393227e-15,9.947598300641403e-14,1.7053025658242404e-13,,,,,,False,0,none,False,3.8734359000227414,0.7206564000225626,,,,,,,,,,,3909.5035263000173
222,222,124,124,1223,1223,,1,9.457516436661706e-10,9.457516436661706e-10,0.010434413590980372,6.473906005809685e-05,0.0001474323659986608,0,2250,3.035770208916619e-08,0.031153597887228848,2250,3.035770208916619e-08,0.031153506581426068,2250,3.035770208916619e-08,0.031153597887228848,True,121,1623,-438.3409096517078,-438.34090965170765,False,True,energy_not_decreased,L-BFGS-B>Newton-CG,True,1.007765563667175e-12,6.89909638627609e-08,1.0146072109627554e-09,2.5011104298755527e-12,56263.970517260335,-1.824929096727601e-15,9.947598300641403e-14,1.7053025658242404e-13,,,,,,False,0,none,False,3.9074091999791563,12.128561799996532,,,,,,,,,,,3925.6034151000204
223,223,124,124,911,911,,1,9.403173142474158e-10,9.403173142474158e-10,0.000355885735525811,0.0012600799943915204,0.004178380028456286,0,2250,3.035770208916619e-08,0.030974587980524014,2250,3.035770208916619e-08,0.03097458376434696,2250,3.035770208916619e-08,0.030974587980524014,True,122,1622,-438.3409096517078,-438.34090965170765,False,True,energy_not_decreased,L-BFGS-B>Newton-CG,True,6.640638715335872e-13,8.899126130251649e-07,1.0007462124503172e-09,1.1368683772161603e-13,56263.970517260335,-2.040034807748725e-15,9.947598300641403e-14,1.7053025658242404e-13,,,,,,False,0,none,False,3.8942113000084646,7.702752699959092,,,,,,,,,,,3937.2649815000477
224,224,124,124,1229,1229,,1,9.223683483661205e-10,9.223683483661205e-10,0.010243086292018007,6.783166194939816e-05,0.00015479421032835465,0,2250,3.035770208916619e-08,0.030383338819814292,2250,3.035770208916619e-08,0.030383231563270482,2250,3.035770208916619e-08,0.030383338819814292,True,123,1621,-438.3409096517078,-438.34090965170765,False,True,energy_not_decreased,L-BFGS-B>Newton-CG,True,8.670994574516962e-13,6.377365622395135e-08,1.01359651474908e-09,2.2168933355715126e-12,56263.970517260335,-1.9012569296705806e-15,9.947598300641403e-14,1.7053025658242404e-13,,,,,,False,0,none,False,3.887139300000854,99.32244920002995,,,,,,,,,,,4040.5360260000452
225,225,124,124,1721,1721,,1,9.119859047633516e-10,9.119859047633516e-10,0.0005908869881169705,0.0005138254395945042,0.0016104763438222853,0,2250,3.035770208916619e-08,0.030041335213208176,2250,3.035770208916619e-08,0.03004131335240871,2250,3.035770208916619e-08,0.030041335213208176,True,124,1620,-438.3409096517078,-438.34090965170765,False,True,energy_not_decreased,L-BFGS-B>Newton-CG,True,9.483464660842539e-10,0.000534297228820922,1.0017749417644877e-09,4.547473508864641e-13,56263.970517260335,-2.0816681711721685e-15,9.947598300641403e-14,1.7053025658242404e-13,,,,,,False,0,none,False,3.8849680000566877,13.364176100003533,,,,,,,,,,,4057.8475957000046
226,226,124,124,406,406,,1,8.813915708394404e-10,8.813915708394404e-10,0.006660578522164838,0.00010721827216038191,0.00025669272532533597,0,2250,3.035770208916619e-08,0.029033540425774988,2250,3.035770208916619e-08,0.029033374840674944,2250,3.035770208916619e-08,0.029033540425774988,True,125,1619,-438.3409096517078,-438.34090965170765,False,True,energy_not_decreased,L-BFGS-B>Newton-CG,True,3.688344130836365e-13,4.486547527414076e-08,1.0082208961529986e-09,1.1937117960769683e-12,56263.970517260335,-1.8457457784393227e-15,9.947598300641403e-14,1.7053025658242404e-13,,,,,,False,0,none,False,3.899076400033664,69.37582519999705,,,,,,,,,,,4131.185343600053
227,227,125,125,301,301,301,1,-8.701590559212491e-10,8.701590559212491e-10,0.29964009413281145,2.710831839988521e-05,4.2248574070976675e-05,0,2250,3.035770208916619e-08,0.02866353498579803,2250,3.035770208916619e-08,0.028658848626692754,2250,3.035770208916619e-08,0.02866353498579803,True,126,1618,-438.3409096518907,-438.34090965189057,True,False,accepted,L-BFGS-B>Newton-CG,True,1.0448800733719057e-12,3.254197401843772e-08,1.0321086874686795e-09,1.82978965312941e-10,56263.970517260335,-2.0747292772682613e-15,9.947598300641403e-14,1.1368683772161603e-13,1.8286527847521938e-10,1.829221218940802e-10,-5.684341886080802e-14,1.829221218940802e-10,1.036584424378816e-10,False,0,none,True,3.8689870999660343,17.997140099992976,1.1203269423276652e-09,ok,6.279402781233904e-07,8.880416576824321e-07,8.815215624854509e-05,1.79285536255275e-05,8.815215632318085e-05,1.792567894632364e-05,5.465659221173952e-05,2.260826212098258e-06,4153.162553100032
228,228,126,126,373,373,373,1,-1.0212737322490284e-09,1.0212737322490284e-09,0.3384883677639695,3.707185362479615e-05,5.696245405822134e-05,0,2250,3.0357748186440394e-08,0.03364128742280006,2250,3.0357748186440394e-08,0.0336352779244666,2250,3.0357748186440394e-08,0.03364128742280006,True,127,1617,-438.34090965211,-438.34090965211,True,False,accepted,L-BFGS-B>Newton-CG,True,2.006197345748927e-12,7.280255674451771e-08,1.027556688054091e-09,2.1930190996499732e-10,56263.970517260335,-2.2343238370581275e-15,9.947598300641403e-14,0.0,2.1930190996499732e-10,2.1941559680271894e-10,-1.1368683772161603e-13,2.1941559680271894e-10,1.0438831193605438e-10,False,0,none,True,3.870209399960004,19.516052299994044,9.009113455249462e-10,ok,8.402763342666046e-07,1.1883301880609806e-06,7.060135066674432e-05,1.4359037320590653e-05,7.060135103004795e-05,1.4356735042322884e-05,4.9015585171189036e-05,2.0274904686164666e-06,4176.66684400005
229,229,127,127,1362,1362,1362,1,-9.00790553259867e-10,9.00790553259867e-10,0.246646962173266,1.23630914545791e-05,1.9707547368864196e-05,0,2250,3.035775536949138e-08,0.02967250187954061,2250,3.035775536949138e-08,0.02966320818387169,2250,3.035775536949138e-08,0.02967250187954061,True,128,1616,-438.3409096522125,-438.3409096522123,True,False,accepted,L-BFGS-B>Newton-CG,True,8.956262366135936e-13,1.2279592300001716e-08,1.0729361541273213e-09,1.0254552762489766e-10,62723.835892655734,-1.9845236565174673e-15,9.947598300641403e-14,1.7053025658242404e-13,1.0248868420603685e-10,1.0231815394945443e-10,1.7053025658242404e-13,1.0248868420603685e-10,1.0204977368412074e-10,False,0,none,True,3.8709622000460513,7.903541999985464,7.985931915754918e-10,ok,8.038125197382623e-07,1.1367625670191418e-06,6.85823873002887e-05,1.3948416701380642e-05,6.85823876310923e-05,1.394618025610332e-05,4.6142372282801015e-05,1.9086423160305656e-06,4188.551999100018
230,230,128,128,833,833,833,1,-8.766001258209144e-10,8.766001258209144e-10,0.3059954538419146,1.9556596845171685e-05,3.0404859916923193e-05,0,2250,3.035775088496543e-08,0.02887566108380735,2250,3.035775088496543e-08,0.028869111889580103,2250,3.035775088496543e-08,0.02887566108380735,True,129,1615,-438.3409096523921,-438.34090965239216,True,False,accepted,L-BFGS-B>Newton-CG,True,5.819606771451895e-13,1.297743630624627e-08,1.0448440403336893e-09,1.7956836018129252e-10,62723.835892655734,-2.3314683517128287e-15,9.947598300641403e-14,-5.684341886080802e-14,1.7962520360015333e-10,1.7985257727559656e-10,-2.2737367544323206e-13,1.7985257727559656e-10,1.0359705154551193e-10,False,0,none,True,3.8675783000071533,8.517251300043426,6.187406142998952e-10,ok,1.156231952384701e-06,1.6351589083115671e-06,7.76354234486748e-05,1.5789640455483173e-05,7.763542441352178e-05,1.578710891423094e-05,4.0621045571434385e-05,1.6802570536223682e-06,4201.067855700036
231,231,128,128,170,170,,1,8.322351280343199e-10,8.322351280343199e-10,0.003941592517470425,0.0002532282140228112,0.0006427113097929529,0,2250,3.035780463514657e-08,0.027414206594860442,2250,3.035780463514657e-08,0.027414241328436468,2250,3.035780463514657e-08,0.027414206594860442,True,130,1614,-438.3409096523921,-438.34090965239216,False,True,energy_not_decreased,L-BFGS-B>Newton-CG,True,6.685491902465527e-13,2.0348405916945442e-07,1.0032855113711381e-09,2.8421709430404007e-13,62723.835892655734,-2.3175905639050143e-15,9.947598300641403e-14,-5.684341886080802e-14,,,,,,False,0,none,False,4.069893400010187,6.953837800014298,,,,,,,,,,,4212.156373500009
232,232,128,128,1231,1231,,1,7.920846910235984e-10,7.920846910235984e-10,1.0073561523567156e-05,0.08168314174115925,0.40249922358294304,0,2250,3.035780463514657e-08,0.026091632795691922,2250,3.035780463514657e-08,0.026091634071591638,2250,3.035780463514657e-08,0.026091632795691922,True,131,1613,-438.3409096523921,-438.34090965239216,False,True,energy_not_decreased,L-BFGS-B>Newton-CG,True,1.2390276675919486e-12,0.0001277779770906615,1.0000096967231429e-09,5.684341886080802e-14,62723.835892655734,-2.1094237467877974e-15,9.947598300641403e-14,-5.684341886080802e-14,,,,,,False,0,none,False,3.8768053999519907,8.772694999992382,,,,,,,,,,,4224.868876500055
233,233,128,128,235,235,,1,7.651456395557643e-10,7.651456395557643e-10,0.0006393209354874965,0.000397130395494479,0.0012338695571438728,0,2250,3.035780463514657e-08,0.025204248092100888,2250,3.035780463514657e-08,0.025204233187778962,2250,3.035780463514657e-08,0.025204248092100888,True,132,1612,-438.3409096523921,-438.34090965239216,False,True,energy_not_decreased,L-BFGS-B>Newton-CG,True,9.676625974310238e-13,5.023022132602256e-07,1.0019264549744872e-09,5.115907697472721e-13,62723.835892655734,-2.0469737016526324e-15,9.947598300641403e-14,-5.684341886080802e-14,,,,,,False,0,none,False,3.8826597000006586,8.512270500010345,,,,,,,,,,,4237.328039100044
234,234,128,128,1522,1522,,1,7.601244633725912e-10,7.601244633725912e-10,0.0038193910495393675,0.0002832691737174724,0.0007214810599039676,0,2250,3.035780463514657e-08,0.02503884824703568,2250,3.035780463514657e-08,0.025038794337156788,2250,3.035780463514657e-08,0.02503884824703568,True,133,1611,-438.3409096523921,-438.34090965239216,False,True,energy_not_decreased,L-BFGS-B>Newton-CG,True,9.830898266322103e-10,0.00036647958752709524,1.0026825227382126e-09,2.8421709430404007e-13,62723.835892655734,-2.456368441983159e-15,9.947598300641403e-14,-5.684341886080802e-14,,,,,,False,0,none,False,3.8822921999963,12.105126300011761,,,,,,,,,,,4253.378523400053
235,235,128,128,1387,1387,,1,7.483693664767088e-10,7.483693664767088e-10,0.06119527660116333,2.372680551202452e-05,4.4328759668144186e-05,0,2250,3.035780463514657e-08,0.024651629967019705,2250,3.035780463514657e-08,0.024653080061759012,2250,3.035780463514657e-08,0.024651629967019705,True,134,1610,-438.3409096523921,-438.34090965239216,False,True,energy_not_decreased,L-BFGS-B,True,6.210129193874866e-10,1.970454052624979e-05,1.0315162344719581e-09,4.320099833421409e-12,62723.835892655734,-2.220446049250313e-15,9.947598300641403e-14,-5.684341886080802e-14,,,,,,False,0,none,False,3.895157199993264,0.7061672999989241,,,,,,,,,,,4258.043866900029
236,236,128,128,1470,1470,,1,-7.395349619824078e-10,7.395349619824078e-10,3.055294758675364e-05,0.03881600280040224,0.16908366948799758,0,2250,3.035780463514657e-08,0.024360620633489934,2250,3.035780463514657e-08,0.02436062241321519,2250,3.035780463514657e-08,0.024360620633489934,True,135,1609,-438.3409096523921,-438.34090965239216,False,True,energy_not_decreased,L-BFGS-B>Newton-CG,True,8.938974947907842e-13,4.6915690461331455e-05,1.0000190532737769e-09,5.684341886080802e-14,62723.835892655734,-2.546574062733953e-15,9.947598300641403e-14,-5.684341886080802e-14,,,,,,False,0,none,False,3.8776956999790855,8.558955600019544,,,,,,,,,,,4270.551736200054
237,237,128,128,810,810,,1,7.307798810529675e-10,7.307798810529675e-10,0.06464791300150442,2.6571346103001426e-05,4.933714264689399e-05,0,2250,3.035780463514657e-08,0.02407222425454677,2250,3.035780463514657e-08,0.024073063480704596,2250,3.035780463514657e-08,0.02407222425454677,True,136,1608,-438.3409096523921,-438.34090965239216,False,True,energy_not_decreased,L-BFGS-B>Newton-CG,True,2.1916917005235762e-13,7.975611799612979e-09,1.027479919479405e-09,3.353761712787673e-12,62723.835892655734,-2.4077961846558082e-15,9.947598300641403e-14,-5.684341886080802e-14,,,,,,False,0,none,False,3.8598877000040375,22.26539119996596,,,,,,,,,,,4296.742183100025
238,238,128,128,419,419,,1,7.143441795517077e-10,7.143441795517077e-10,4.832238979828874e-06,0.10079556133962,0.5389177618543682,0,2250,3.035780463514657e-08,0.02353082471334834,2250,3.035780463514657e-08,0.02353082470772422,2250,3.035780463514657e-08,0.02353082471334834,True,137,1607,-438.3409096523921,-438.34090965239216,False,True,energy_not_decreased,L-BFGS-B>Newton-CG,True,1.0291650068180003e-12,0.00014522162448763991,1.0000070868578316e-09,5.684341886080802e-14,62723.835892655734,-2.1163626406917047e-15,9.947598300641403e-14,-5.684341886080802e-14,,,,,,False,0,none,False,3.8719237000332214,15.077053899993189,,,,,,,,,,,4315.753423300048
239,239,128,128,1563,1563,,1,-6.883739203655814e-10,6.883739203655814e-10,0.0016207616913565205,0.00019636045358970724,0.0005501511609310256,0,2250,3.035780463514657e-08,0.022675352471588826,2250,3.035780463514657e-08,0.022675332654800855,2250,3.035780463514657e-08,0.022675352471588826,True,138,1606,-438.3409096523921,-438.34090965239216,False,True,energy_not_decreased,L-BFGS-B>Newton-CG,True,1.279898050330757e-13,3.649939223330478e-08,1.0035066283902747e-09,7.389644451905042e-13,62723.835892655734,-2.1649348980190553e-15,9.947598300641403e-14,-5.684341886080802e-14,,,,,,False,0,none,False,3.9014801000012085,24.665813100000378,,,,,,,,,,,4344.38518120005
240,240,129,129,1052,1052,1052,1,-6.832951982005397e-10,6.832951982005397e-10,0.1204526572068544,1.3081110080000964e-05,2.2636831779365906e-05,0,2250,3.035780463514657e-08,0.022508057035503116,2250,3.035780463514657e-08,0.022508936512086585,2250,3.035780463514657e-08,0.022508057035503116,True,139,1605,-438.34090965240523,-438.34090965240506,True,False,accepted,L-BFGS-B>Newton-CG,True,4.4499916208399873e-10,8.510287801614141e-06,1.052289555001841e-09,1.318767317570746e-11,62723.835892655734,-1.970645868709653e-15,9.947598300641403e-14,1.7053025658242404e-13,1.3130829756846651e-11,1.290345608140342e-11,2.2737367544323206e-13,1.3130829756846651e-11,1.0026261659513693e-10,False,0,none,True,3.8579258999670856,1.1907516000210308,6.058371582184918e-10,ok,1.1562319210983385e-06,1.6351588640659687e-06,7.763541822158453e-05,1.5789639392387588e-05,7.763541918642855e-05,1.578710785130521e-05,4.018810157558391e-05,1.6623486715849849e-06,4349.555759600014
241,241,129,129,1365,1365,,1,6.8304273348474e-10,6.8304273348474e-10,0.009996653703963992,5.939591558088824e-05,0.0001359119260190983,0,2250,3.0357804618421484e-08,0.022499740744436485,2250,3.0357804618421484e-08,0.022499728255304243,2250,3.0357804618421484e-08,0.022499740744436485,True,140,1604,-438.34090965240523,-438.34090965240506,False,True,energy_not_decreased,L-BFGS-B>Newton-CG,True,7.334543195712041e-13,6.379418893168372e-08,1.0114971964038395e-09,1.7053025658242404e-12,62723.835892655734,-1.97758476261356e-15,9.947598300641403e-14,1.7053025658242404e-13,,,,,,False,0,none,False,3.876852300018072,6.746532700024545,,,,,,,,,,,4360.243231700035
242,242,129,129,708,708,,1,-6.807026782518211e-10,6.807026782518211e-10,0.0007010315287189805,0.0004545738682165505,0.0013979537150705771,0,2250,3.0357804618421484e-08,0.02242265825239426,2250,3.0357804618421484e-08,0.02242263528481019,2250,3.0357804618421484e-08,0.02242265825239426,True,141,1603,-438.34090965240523,-438.34090965240506,False,True,energy_not_decreased,L-BFGS-B>Newton-CG,True,8.618382859755177e-13,5.754159330554523e-07,1.001497765766407e-09,3.410605131648481e-13,62723.835892655734,-2.1510571102112408e-15,9.947598300641403e-14,1.7053025658242404e-13,,,,,,False,0,none,False,3.8635766000370495,8.338064500014298,,,,,,,,,,,4372.5197845000075
243,243,130,130,966,966,966,1,-6.789875328649941e-10,6.789875328649941e-10,0.28180181118034164,1.2608293242862422e-05,1.9790697441306797e-05,0,2250,3.0357804618421484e-08,0.02236616057713792,2250,3.0357804618421484e-08,0.02236204985983522,2250,3.0357804618421484e-08,0.02236616057713792,True,142,1602,-438.3409096525221,-438.34090965252216,True,False,accepted,L-BFGS-B>Newton-CG,True,9.091321549371994e-13,1.68819684687457e-08,1.0538522599790607e-09,1.1692691259668209e-10,62723.835892655734,-2.5604518505417673e-15,9.947598300641403e-14,-5.684341886080802e-14,1.1687006917782128e-10,1.170974428532645e-10,-2.2737367544323206e-13,1.170974428532645e-10,1.023419488570653e-10,False,0,none,True,3.8673405000008643,19.65097880002577,4.887397153652273e-10,ok,1.2086453738779188e-06,1.7092826798376532e-06,7.918000194661249e-05,1.6103779775581424e-05,7.918000303190993e-05,1.6101197889196844e-05,3.6103868657714135e-05,1.4934076442837757e-06,4396.152177500015
244,244,130,130,558,558,,1,-6.787622373882751e-10,6.787622373882751e-10,0.0009424273664371474,0.00031647721447875633,0.0009417745665092635,0,2250,3.0357776325645245e-08,0.022358760078711012,2250,3.0357776325645245e-08,0.02235877273248388,2250,3.0357776325645245e-08,0.022358760078711012,True,143,1601,-438.3409096525221,-438.34090965252216,False,True,energy_not_decreased,L-BFGS-B>Newton-CG,True,5.706716532127053e-13,2.660706517806377e-07,1.0021448124751586e-09,5.684341886080801e-13,62723.835892655734,-2.338407245616736e-15,9.947598300641403e-14,-5.684341886080802e-14,,,,,,False,0,none,False,3.863476999977138,9.194989299983718,,,,,,,,,,,4409.295246100053
245,245,131,131,1653,1653,1653,1,-6.611961533842248e-10,6.611961533842248e-10,0.010348070525908826,2.5255578393218633e-05,5.756864184575229e-05,0,2250,3.0357776325645245e-08,0.021780124680135682,2250,3.0357776325645245e-08,0.021779922213114197,2250,3.0357776325645245e-08,0.021780124680135682,True,144,1600,-438.34090965253006,-438.3409096525303,True,False,accepted,L-BFGS-B>Newton-CG,True,1.2891013579746316e-12,4.9238109394206545e-08,1.0261809678282715e-09,8.071765478234738e-12,62723.835892655734,-2.3800406090401793e-15,9.947598300641403e-14,-2.2737367544323206e-13,7.958078640513122e-12,8.128608897095546e-12,-1.7053025658242404e-13,8.128608897095546e-12,1.0016257217794191e-10,False,0,none,True,3.8772718000109307,7.142594899982214,4.806111064681318e-10,ok,1.2086610996500027e-06,1.709304919437813e-06,7.9186082485983e-05,1.610501644727291e-05,7.918608357109163e-05,1.6102434362559924e-05,3.580649099122447e-05,1.4811068550086616e-06,4420.451593400037
246,246,131,131,970,970,,1,1.3412260746470395e-09,1.3412260746470395e-09,0.007887916192472113,0.00011453208801927104,0.0002690865583858532,0,2250,3.036024129889678e-08,0.04417705582253645,2250,3.036024129889678e-08,0.04417697451507746,2250,3.036024129889678e-08,0.04417705582253645,True,145,1599,-438.34090965253006,-438.3409096525303,False,True,energy_not_decreased,L-BFGS-B>Newton-CG,True,9.505780093688653e-13,8.119242672938792e-08,1.0117077176734366e-09,2.0463630789890885e-12,62723.835892655734,-2.1371793224034263e-15,9.947598300641403e-14,-2.2737367544323206e-13,,,,,,False,0,none,False,3.85320320003666,6.764073300000746,,,,,,,,,,,4431.136264900037
247,247,131,131,1169,1169,,1,1.2730387577430946e-09,1.2730387577430946e-09,0.008022902693142984,0.00010468398139439072,0.00024548457778923293,0,2250,3.036024129889678e-08,0.04193111461829369,2250,3.036024129889678e-08,0.04193105344910045,2250,3.036024129889678e-08,0.04193111461829369,True,146,1598,-438.34090965253006,-438.3409096525303,False,True,energy_not_decreased,L-BFGS-B>Newton-CG,True,5.876003368391905e-13,4.833135673817402e-08,1.0121577455402796e-09,2.1600499167107046e-12,62723.835892655734,-2.55351295663786e-15,9.947598300641403e-14,-2.2737367544323206e-13,,,,,,False,0,none,False,3.874440699990373,13.309871199948248,,,,,,,,,,,4448.3896251000115
248,248,131,131,1523,1523,,1,1.1301643787486881e-09,1.1301643787486881e-09,0.007647030200874628,0.00011405808276914776,0.00026890021800315543,0,2250,3.036024129889678e-08,0.03722514480771784,2250,3.036024129889678e-08,0.037225010793543366,2250,3.036024129889678e-08,0.03722514480771784,True,147,1597,-438.34090965253006,-438.3409096525303,False,True,energy_not_decreased,L-BFGS-B>Newton-CG,True,9.798051935221486e-13,9.891120253688889e-08,1.00990590720153e-09,1.5347723092418164e-12,62723.835892655734,-2.2690183065776637e-15,9.947598300641403e-14,-2.2737367544323206e-13,,,,,,False,0,none,False,3.9180978999938816,7.328443999984302,,,,,,,,,,,4459.702199200052
249,249,131,131,244,244,,1,7.592743378470601e-10,7.592743378470601e-10,0.008322149795376804,6.523514135047976e-05,0.00015235403932249792,0,2250,3.036024129889678e-08,0.02500883739269392,2250,3.036024129889678e-08,0.025008877283881487,2250,3.036024129889678e-08,0.02500883739269392,True,148,1596,-438.34090965253006,-438.3409096525303,False,True,energy_not_decreased,L-BFGS-B>Newton-CG,True,9.896697404749575e-13,8.506598018885766e-08,1.0116341425594316e-09,1.9895196601282805e-12,62723.835892655734,-2.0816681711721685e-15,9.947598300641403e-14,-2.2737367544323206e-13,,,,,,False,0,none,False,3.864531699975487,6.782409799983725,,,,,,,,,,,4470.415050300013
250,250,131,131,649,649,,1,7.386430356248752e-10,7.386430356248752e-10,0.013579895142810855,3.823404252067388e-05,8.455077032958301e-05,0,2250,3.036024129889678e-08,0.024329287384541168,2250,3.036024129889678e-08,0.02432906872042513,2250,3.036024129889678e-08,0.024329287384541168,True,149,1595,-438.34090965253006,-438.3409096525303,False,True,projected_residual,L-BFGS-B>Newton-CG>trust-krylov,False,1.8839986843045194e-07,0.009756558191632358,1.0193100747958467e-09,3.751665644813329e-12,62723.835892655734,-2.55351295663786e-15,9.947598300641403e-14,-2.2737367544323206e-13,,,,,,False,0,none,False,3.8798561000148766,90.09961100004148,,,,,,,,,,,4564.459777300013
251,251,131,131,1159,1159,,1,7.336252161316281e-10,7.336252161316281e-10,0.013302720147940188,4.082588708535128e-05,9.049028803783159e-05,0,2250,3.036024129889678e-08,0.02416401137622995,2250,3.036024129889678e-08,0.024164148468752897,2250,3.036024129889678e-08,0.02416401137622995,True,150,1594,-438.34090965253006,-438.3409096525303,False,True,projected_residual,L-BFGS-B>Newton-CG>trust-krylov,False,3.0685600511466645e-07,0.017084315055277327,1.0179612705643636e-09,3.296918293926865e-12,62723.835892655734,-2.3037127760972e-15,9.947598300641403e-14,-2.2737367544323206e-13,,,,,,False,0,none,False,3.8741920000175014,366.5646043999586,,,,,,,,,,,4934.978502900049
252,252,131,131,1703,1703,,1,6.273960934111145e-10,6.273960934111145e-10,0.0014844229696360726,0.00016389692786221034,0.00046370474464314874,0,2250,3.036024129889678e-08,0.020665056223842085,2250,3.036024129889678e-08,0.02066507359020918,2250,3.036024129889678e-08,0.020665056223842085,True,151,1593,-438.34090965253006,-438.3409096525303,False,True,energy_not_decreased,L-BFGS-B>Newton-CG,True,1.0945933788445388e-12,2.8604784549919306e-07,1.0038266094154085e-09,9.094947017729282e-13,62723.835892655734,-1.9567680809018384e-15,9.947598300641403e-14,-2.2737367544323206e-13,,,,,,False,0,none,False,3.8839347999892198,8.385582200018689,,,,,,,,,,,4947.314165900054
253,253,131,131,328,328,,1,6.203181301955851e-10,6.203181301955851e-10,0.010792844565512487,4.1396992799801796e-05,9.392047417063492e-05,0,2250,3.036024129889678e-08,0.02043192358349688,2250,3.036024129889678e-08,0.020431972025570184,2250,3.036024129889678e-08,0.02043192358349688,True,152,1592,-438.34090965253006,-438.3409096525303,False,True,energy_not_decreased,L-BFGS-B>Newton-CG,True,9.521192055490714e-13,6.354780929705992e-08,1.0149827227103661e-09,2.6147972675971687e-12,62723.835892655734,-2.2343238370581275e-15,9.947598300641403e-14,-2.2737367544323206e-13,,,,,,False,0,none,False,3.837760199967306,6.67110799998045,,,,,,,,,,,4957.8907397
254,254,131,131,961,961,,1,-6.052541003109813e-10,6.052541003109813e-10,0.0007799707619865119,0.0004200965968231723,0.001276694232795756,0,2250,3.036024129889678e-08,0.01993574735958949,2250,3.036024129889678e-08,0.0199357646454669,2250,3.036024129889678e-08,0.01993574735958949,True,153,1591,-438.34090965253006,-438.3409096525303,False,True,energy_not_decreased,L-BFGS-B>Newton-CG,True,8.155860813158518e-10,0.000566051047399599,1.00144083485944e-09,2.2737367544323206e-13,62723.835892655734,-2.4771851236948805e-15,9.947598300641403e-14,-2.2737367544323206e-13,,,,,,False,0,none,False,3.868676799989771,2.9393302999669686,,,,,,,,,,,4964.765014400007
255,255,131,131,1469,1469,,1,5.992625284889641e-10,5.992625284889641e-10,0.013809975276553761,3.0262171233562773e-05,6.67964679981919e-05,0,2250,3.036024129889678e-08,0.019738398077578517,2250,3.036024129889678e-08,0.019738887127883378,2250,3.036024129889678e-08,0.019738398077578517,True,154,1590,-438.34090965253006,-438.3409096525303,False,True,energy_not_decreased,L-BFGS-B>Newton-CG,True,4.960162688099049e-13,2.5062632234164167e-08,1.0197910683991829e-09,3.751665644813329e-12,62723.835892655734,-2.3939183968479938e-15,9.947598300641403e-14,-2.2737367544323206e-13,,,,,,False,0,none,False,3.852939200005494,7.88897889998043,,,,,,,,,,,4976.572411700035
256,256,131,131,1714,1714,,1,5.86776571775971e-10,5.86776571775971e-10,0.003055197323433442,8.100299431462767e-05,0.00021150098312965564,0,2250,3.036024129889678e-08,0.01932713794989808,2250,3.036024129889678e-08,0.019327182340837742,2250,3.036024129889678e-08,0.01932713794989808,True,155,1589,-438.34090965253006,-438.3409096525303,False,True,energy_not_decreased,L-BFGS-B>Newton-CG,True,9.59567169690579e-13,1.3247794275475827e-07,1.0072432221525882e-09,1.7053025658242404e-12,62723.835892655734,-2.5049406993105094e-15,9.947598300641403e-14,-2.2737367544323206e-13,,,,,,False,0,none,False,3.8656574999913573,12.55475299997488,,,,,,,,,,,4993.0564265000285
257,257,131,131,1663,1663,,1,5.865688878625014e-10,5.865688878625014e-10,0.0002571874613169872,0.0029662124652167026,0.010197359866212306,0,2250,3.036024129889678e-08,0.019320297295654758,2250,3.036024129889678e-08,0.01932029657740629,2250,3.036024129889678e-08,0.019320297295654758,True,156,1588,-438.34090965253006,-438.3409096525303,False,True,energy_not_decreased,L-BFGS-B>Newton-CG,True,1.9371473215385264e-12,9.79634678360912e-06,1.0001977418076686e-09,1.1368683772161603e-13,62723.835892655734,-2.1649348980190553e-15,9.947598300641403e-14,-2.2737367544323206e-13,,,,,,False,0,none,False,3.8815217000083067,14.778842200001236,,,,,,,,,,,5011.783132300014
258,258,131,131,1805,1805,,1,5.825416538041139e-10,5.825416538041139e-10,0.007397186101889404,8.558558288448616e-05,0.00020252210039363469,0,2250,3.036024129889678e-08,0.019187649006771303,2250,3.036024129889678e-08,0.019187615652349797,2250,3.036024129889678e-08,0.019187649006771303,True,157,1587,-438.34090965253006,-438.3409096525303,False,True,energy_not_decreased,L-BFGS-B>Newton-CG,True,7.704513023050342e-13,1.1325389735580343e-07,1.0068028678949966e-09,7.958078640513122e-13,62723.835892655734,-2.400857290751901e-15,9.947598300641403e-14,-2.2737367544323206e-13,,,,,,False,0,none,False,3.8973461000132374,40.963524600025266,,,,,,,,,,,5056.709017200046
259,259,132,132,1318,1318,1318,1,-5.649862799828043e-10,5.649862799828043e-10,0.107889070730816,1.447441882449022e-05,2.5363416226289282e-05,0,2250,3.036024129889678e-08,0.018609413358099184,2250,3.036024129889678e-08,0.018610720353415374,2250,3.036024129889678e-08,0.018609413358099184,True,158,1586,-438.3409096525371,-438.3409096525369,True,False,accepted,L-BFGS-B>Newton-CG,True,4.919179494564294e-13,1.259812362624097e-08,1.0390469219107996e-09,7.048583938740194e-12,62723.835892655734,-2.130240428499519e-15,9.947598300641403e-14,2.2737367544323206e-13,7.048583938740194e-12,6.59383658785373e-12,4.547473508864641e-13,7.048583938740194e-12,1.0014097167877481e-10,False,0,none,True,3.8636221999768168,6.477074499998707,4.74017269880278e-10,ok,1.2086605461288036e-06,1.7093041366406261e-06,7.91860738276922e-05,1.610501468633322e-05,7.918607491279679e-05,1.6102432601901762e-05,3.554840026786581e-05,1.4704311387069905e-06,5067.164519700047
260,260,132,132,1515,1515,,1,5.596552497979759e-10,5.596552497979759e-10,1.4799954488165973e-05,0.068462725980704,0.32323806401937616,0,2250,3.036020123240587e-08,0.018433845201283154,2250,3.036020123240587e-08,0.0184338447706282,2250,3.036020123240587e-08,0.018433845201283154,True,159,1585,-438.3409096525371,-438.3409096525369,False,True,projected_residual,L-BFGS-B>Newton-CG>trust-krylov,False,3.6148291213783276e-09,0.44221853643013304,1.0000081743048372e-09,1.1368683772161603e-13,62723.835892655734,-1.8596235662471372e-15,9.947598300641403e-14,2.2737367544323206e-13,,,,,,False,0,none,False,3.8812762000015937,67.0483072999632,,,,,,,,,,,5138.159590200055
261,261,133,133,200,200,200,1,-5.23204590763271e-10,5.23204590763271e-10,0.2658031981223306,1.0967816679796662e-05,1.733274489351252e-05,0,2250,3.036020123240587e-08,0.017233238566443126,2250,3.036020123240587e-08,0.017224072124583257,2250,3.036020123240587e-08,0.017233238566443126,True,160,1584,-438.34090965260805,-438.340909652608,True,False,accepted,L-BFGS-B>Newton-CG,True,7.701757520391785e-10,1.6112940988741585e-05,1.0477985832988103e-09,7.105427357601002e-11,70703.27141329377,-2.463307335887066e-15,9.947598300641403e-14,5.684341886080802e-14,7.09405867382884e-11,7.111111699487083e-11,-1.7053025658242404e-13,7.111111699487083e-11,1.0142222233989742e-10,False,0,none,True,3.9084427999914624,39.4277719000238,4.029061528854072e-10,ok,1.2653034174774642e-06,1.7894092535136562e-06,8.342624948412303e-05,1.696738969646499e-05,8.342625060343936e-05,1.6964669344333864e-05,3.2777895447353786e-05,1.3558314231833282e-06,5181.6121498000575
262,262,133,133,1437,1437,,1,4.91856333439955e-10,4.91856333439955e-10,0.060549659773338614,1.6382374033206246e-05,3.064375465738344e-05,0,2250,3.036023720184626e-08,0.016200674921276453,2250,3.036023720184626e-08,0.016200191219477248,2250,3.036023720184626e-08,0.016200674921276453,True,161,1583,-438.34090965260805,-438.340909652608,False,True,energy_not_decreased,L-BFGS-B,True,6.503569923011875e-10,2.17827387863641e-05,1.0298565299193832e-09,3.922195901395753e-12,70703.27141329377,-2.5951463200613034e-15,9.947598300641403e-14,5.684341886080802e-14,,,,,,False,0,none,False,3.848092500003986,1.4013670000131242,,,,,,,,,,,5186.929966900032
263,263,133,133,770,770,,1,-4.890788251818434e-10,4.890788251818434e-10,0.0007362134124711594,0.00030758162678756474,0.0009407735178463257,0,2250,3.036023720184626e-08,0.01610918985679406,2250,3.036023720184626e-08,0.016109205888821965,2250,3.036023720184626e-08,0.01610918985679406,True,162,1582,-438.34090965260805,-438.340909652608,False,True,energy_not_decreased,L-BFGS-B>Newton-CG,True,7.488703686902131e-10,0.0004711938753297126,1.00158930412278e-09,3.410605131648481e-13,70703.27141329377,-2.275957200481571e-15,9.947598300641403e-14,5.684341886080802e-14,,,,,,False,0,none,False,3.8227019000332803,9.074247600045055,,,,,,,,,,,5199.892476400011
264,264,133,133,324,324,,1,4.706376260932288e-10,4.706376260932288e-10,0.004134095813446629,0.0001603022912892599,0.00040470578410442917,0,2250,3.036023720184626e-08,0.015501776977704525,2250,3.036023720184626e-08,0.015501761751444186,2250,3.036023720184626e-08,0.015501776977704525,True,163,1581,-438.34090965260805,-438.340909652608,False,True,energy_not_decreased,L-BFGS-B>Newton-CG,True,9.11354819942327e-13,3.114267588867975e-07,1.0029263857197115e-09,2.8421709430404007e-13,70703.27141329377,-1.9220736113823023e-15,9.947598300641403e-14,5.684341886080802e-14,,,,,,False,0,none,False,3.842327299993485,37.371478000015486,,,,,,,,,,,5241.171716000012
265,265,133,133,151,151,,1,4.603970399363888e-10,4.603970399363888e-10,0.00390800039902125,5.0575740734511444e-05,0.00012848714379281093,0,2250,3.036023720184626e-08,0.015164474403658193,2250,3.036023720184626e-08,0.01516454347086214,2250,3.036023720184626e-08,0.015164474403658193,True,164,1580,-438.34090965260805,-438.340909652608,False,True,projected_residual,L-BFGS-B>Newton-CG>trust-krylov,False,8.150061887619644e-08,0.008930901424953177,1.0091256878783235e-09,2.2168933355715126e-12,70703.27141329377,-2.7200464103316335e-15,9.947598300641403e-14,5.684341886080802e-14,,,,,,False,0,none,False,3.820642400009092,28.161692499998026,,,,,,,,,,,5273.239707900037
266,266,133,133,409,409,,1,4.5868303599760907e-10,4.5868303599760907e-10,0.01293684987521243,3.0239250264485272e-05,6.723389526338094e-05,0,2250,3.036023720184626e-08,0.015108018852030437,2250,3.036023720184626e-08,0.015107964594340146,2250,3.036023720184626e-08,0.015108018852030437,True,165,1579,-438.34090965260805,-438.340909652608,False,True,projected_residual,L-BFGS-B>Newton-CG>trust-krylov,False,5.682124095987854e-07,0.03809718455288067,1.0149148136868245e-09,2.3305801732931286e-12,70703.27141329377,-2.463307335887066e-15,9.947598300641403e-14,5.684341886080802e-14,,,,,,False,0,none,False,3.858756200002972,39.12487050000345,,,,,,,,,,,5316.28891090001
267,267,133,133,108,108,,1,-4.5498445289116063e-10,4.5498445289116063e-10,0.002746136289300235,0.0001517906502560343,0.0004010587898004532,0,2250,3.036023720184626e-08,0.014986195590839859,2250,3.036023720184626e-08,0.014986172647191027,2250,3.036023720184626e-08,0.014986195590839859,True,166,1578,-438.34090965260805,-438.340909652608,False,True,energy_not_decreased,L-BFGS-B>Newton-CG,True,6.179963119890243e-13,2.0637799412663503e-07,1.0029944874433165e-09,3.410605131648481e-13,70703.27141329377,-2.4216739724636227e-15,9.947598300641403e-14,5.684341886080802e-14,,,,,,False,0,none,False,3.8351758000208065,7.641563299985137,,,,,,,,,,,5327.8339031000505
268,268,133,133,26,26,,1,-4.540985920620244e-10,4.540985920620244e-10,0.004359636989280853,8.706268085204374e-05,0.00021850666825326716,0,2250,3.036023720184626e-08,0.014957017267124971,2250,3.036023720184626e-08,0.014956914538741057,2250,3.036023720184626e-08,0.014957017267124971,True,167,1577,-438.34090965260805,-438.340909652608,False,True,energy_not_decreased,L-BFGS-B>Newton-CG,True,8.461714085354916e-13,1.6276082342662866e-07,1.0051988641413882e-09,7.389644451905042e-13,70703.27141329377,-2.3869795029440866e-15,9.947598300641403e-14,5.684341886080802e-14,,,,,,False,0,none,False,3.8632465999689884,74.00461020000512,,,,,,,,,,,5405.787339700037
269,269,133,133,513,513,,1,4.5187328878704136e-10,4.5187328878704136e-10,0.008465616163386647,4.2111876103093776e-05,9.816349684983944e-05,0,2250,3.036023720184626e-08,0.014883720630468663,2250,3.036023720184626e-08,0.014883819940605147,2250,3.036023720184626e-08,0.014883720630468663,True,168,1576,-438.34090965260805,-438.340909652608,False,True,energy_not_decreased,L-BFGS-B>Newton-CG,True,8.768330735405707e-10,8.264542405789655e-05,1.0106095780079283e-09,1.5347723092418164e-12,70703.27141329377,-2.123301534595612e-15,9.947598300641403e-14,5.684341886080802e-14,,,,,,False,0,none,False,3.887697300000582,12.51837299996987,,,,,,,,,,,5422.268697100051
270,270,133,133,1675,1675,,1,-4.4355575982979456e-10,4.4355575982979456e-10,0.0008641319281461367,0.0003525148922154457,0.0010591777802956574,0,2250,3.036023720184626e-08,0.014609759366531602,2250,3.036023720184626e-08,0.014609770485394438,2250,3.036023720184626e-08,0.014609759366531602,True,169,1575,-438.34090965260805,-438.340909652608,False,True,energy_not_decreased,L-BFGS-B>Newton-CG,True,8.147127728723163e-10,0.0006478408007792354,1.0012575817575744e-09,1.7053025658242404e-13,70703.27141329377,-2.6298407895808396e-15,9.947598300641403e-14,5.684341886080802e-14,,,,,,False,0,none,False,3.849798900017049,8.859070399950724,,,,,,,,,,,5435.057477400056
271,271,133,133,483,483,,1,-4.1837321107518477e-10,4.1837321107518477e-10,0.004164733779497966,6.207814150917337e-05,0.00015659633058781074,0,2250,3.036023720184626e-08,0.013780301131828534,2250,3.036023720184626e-08,0.013780219456098062,2250,3.036023720184626e-08,0.013780301131828534,True,170,1574,-438.34090965260805,-438.340909652608,False,True,energy_not_decreased,L-BFGS-B>Newton-CG,True,8.170750343492944e-13,1.2162311159354334e-07,1.0067180902021313e-09,1.1368683772161603e-12,70703.27141329377,-2.2690183065776637e-15,9.947598300641403e-14,5.684341886080802e-14,,,,,,False,0,none,False,3.865503000037279,8.56305070000235,,,,,,,,,,,5447.553463500051
272,272,133,133,435,435,,1,4.169684229306571e-10,4.169684229306571e-10,2.1100750945423514e-06,0.11325387886968932,0.6639229275117254,0,2250,3.036023720184626e-08,0.013734030474086696,2250,3.036023720184626e-08,0.013734030437824193,2250,3.036023720184626e-08,0.013734030474086696,True,171,1573,-438.34090965260805,-438.340909652608,False,True,energy_not_decreased,L-BFGS-B>Newton-CG,True,8.666183692742896e-10,0.23040603299267964,1.0000037612659617e-09,0.0,70703.27141329377,-2.3939183968479938e-15,9.947598300641403e-14,5.684341886080802e-14,,,,,,False,0,none,False,3.84621710004285,25.905935599992517,,,,,,,,,,,5477.380412500002
273,273,133,133,1188,1188,,1,-4.1276772277942797e-10,4.1276772277942797e-10,0.0028288895605549655,0.00010165847551264985,0.0002677148827208502,0,2250,3.036023720184626e-08,0.013595668572521128,2250,3.036023720184626e-08,0.01359564537085955,2250,3.036023720184626e-08,0.013595668572521128,True,172,1572,-438.34090965260805,-438.340909652608,False,True,energy_not_decreased,L-BFGS-B>Newton-CG,True,1.2824470818794479e-12,3.16214654370531e-07,1.0040556219142732e-09,6.252776074688882e-13,70703.27141329377,-2.157996004115148e-15,9.947598300641403e-14,5.684341886080802e-14,,,,,,False,0,none,False,3.854171800019685,91.00506480003241,,,,,,,,,,,5572.307625800022
274,274,133,133,766,766,,1,4.10794065430764e-10,4.10794065430764e-10,0.06550120667484514,1.720457504834848e-05,3.18979270024935e-05,0,2250,3.036023720184626e-08,0.013530660603856643,2250,3.036023720184626e-08,0.013531231348275575,2250,3.036023720184626e-08,0.013530660603856643,True,173,1571,-438.34090965260805,-438.340909652608,False,True,energy_not_decreased,L-BFGS-B>Newton-CG,True,6.764208844810022e-10,2.8498876104474887e-05,1.023735002110304e-09,2.4442670110147446e-12,70703.27141329377,-2.373101715136272e-15,9.947598300641403e-14,5.684341886080802e-14,,,,,,False,0,none,False,3.85076649999246,12.562337999988813,,,,,,,,,,,5588.806013200025
275,275,133,133,1010,1010,,1,4.0405789825115335e-10,4.0405789825115335e-10,0.01634058473970048,2.8971731369006397e-05,6.275864987596714e-05,0,2250,3.036023720184626e-08,0.013308785948041996,2250,3.036023720184626e-08,0.013308742181931425,2250,3.036023720184626e-08,0.013308785948041996,True,174,1570,-438.34090965260805,-438.340909652608,False,True,energy_not_decreased,L-BFGS-B>Newton-CG,True,7.701770069687807e-10,5.633065714258366e-05,1.013672430716001e-09,1.5916157281026244e-12,70703.27141329377,-2.456368441983159e-15,9.947598300641403e-14,5.684341886080802e-14,,,,,,False,0,none,False,3.841200500028208,12.641947500000242,,,,,,,,,,,5605.357127700001
276,276,133,133,733,733,,1,4.014691010190141e-10,4.014691010190141e-10,0.0017068197113082493,0.00016306701950531403,0.0004542511592543866,0,2250,3.036023720184626e-08,0.013223516613190364,2250,3.036023720184626e-08,0.013223555351827745,2250,3.036023720184626e-08,0.013223516613190364,True,175,1569,-438.34090965260805,-438.340909652608,False,True,projected_residual,L-BFGS-B>Newton-CG>trust-krylov,False,2.688506669568333e-07,0.10912073475429528,1.0024637908419716e-09,5.115907697472721e-13,70703.27141329377,-2.6020852139652106e-15,9.947598300641403e-14,5.684341886080802e-14,,,,,,False,0,none,False,3.865874100010842,41.06030059995828,,,,,,,,,,,5650.350371700013
277,277,133,133,368,368,,1,-3.81504605684313e-10,3.81504605684313e-10,0.11095771479865757,1.0899833924662045e-05,1.903897381775094e-05,0,2250,3.036023720184626e-08,0.012565929677951036,2250,3.036023720184626e-08,0.012564721347081526,2250,3.036023720184626e-08,0.012565929677951036,True,176,1568,-438.34090965260805,-438.340909652608,False,True,energy_not_decreased,L-BFGS-B>Newton-CG,True,6.649793170928204e-13,1.8942695564559306e-08,1.0351047882718951e-09,5.6274984672199935e-12,71144.25090169045,-2.1024848528838902e-15,9.947598300641403e-14,5.684341886080802e-14,,,,,,False,0,none,False,3.830232399981469,6.991599900007714,,,,,,,,,,,5661.2403114000335
278,278,134,134,877,877,877,1,-3.793800829043903e-10,3.793800829043903e-10,0.4839030132111078,9.103461517186935e-06,1.3413231580016934e-05,0,2250,3.036023720184626e-08,0.012495952531007219,2250,3.036023720184626e-08,0.01251213839613745,2250,3.036023720184626e-08,0.012495952531007219,True,177,1567,-438.340909652702,-438.3409096527019,True,False,accepted,L-BFGS-B>Newton-CG,True,8.12992581416919e-13,1.920223178135154e-08,1.0423384422537003e-09,9.401901479577646e-11,85183.03922731793,-2.435551760271437e-15,9.947598300641403e-14,1.1368683772161603e-13,9.396217137691565e-11,9.390532795805484e-11,5.684341886080802e-14,9.396217137691565e-11,1.0187924342753831e-10,False,0,none,True,3.8339938999852166,8.980263500008732,3.0900082492735237e-10,ok,1.197271057555231e-06,1.6931969674313863e-06,7.689213301153913e-05,1.563846862907934e-05,7.689213414983144e-05,1.5635961362241477e-05,2.8699553818894418e-05,1.1871340843556065e-06,5674.1902453000075
279,279,135,135,711,711,711,1,-4.73590944238822e-10,4.73590944238822e-10,0.24614358372452988,9.378090963723418e-06,1.4952798481707711e-05,0,2250,3.0360173742010564e-08,0.015599085442106532,2250,3.0360173742010564e-08,0.015603756675935257,2250,3.0360173742010564e-08,0.015599085442106532,True,178,1566,-438.34090965275465,-438.3409096527545,True,False,accepted,L-BFGS-B>Newton-CG,True,1.1112637040058705e-12,2.2002877607467035e-08,1.0505053804248197e-09,5.263700586510822e-11,85183.03922731793,-2.0539125955565396e-15,9.947598300641403e-14,1.7053025658242404e-13,5.263700586510822e-11,5.2580162446247414e-11,5.684341886080802e-14,5.263700586510822e-11,1.0105274011730217e-10,False,0,none,True,3.8602809999720193,164.14068769995356,2.5642066248110496e-10,ok,1.171691536253777e-06,1.6570220614878584e-06,7.504584114355899e-05,1.5262966268477657e-05,7.50458422668541e-05,1.5260519207268894e-05,2.614445905615825e-05,1.0814446335458985e-06,5842.30957120005
280,280,135,135,1570,1570,,1,-3.7565328625532857e-10,3.7565328625532857e-10,0.11174537316500024,1.0556211519285379e-05,1.8423953463696915e-05,0,2250,3.036021801565718e-08,0.012373207796518427,2250,3.036021801565718e-08,0.012368565576791573,2250,3.036021801565718e-08,0.012373207796518427,True,179,1565,-438.34090965275465,-438.3409096527545,False,True,energy_not_decreased,L-BFGS-B>Newton-CG,True,3.6876981868289225e-13,1.03436760130326e-08,1.035651717843662e-09,5.8548721426632255e-12,85183.03922731793,-2.338407245616736e-15,9.947598300641403e-14,1.7053025658242404e-13,,,,,,False,0,none,False,3.816962400043849,6.541458500025328,,,,,,,,,,,5852.738185900031
281,281,135,135,1596,1596,,1,-3.6622318372314666e-10,3.6622318372314666e-10,0.003412168957166352,0.0001411783741318183,0.0003641170715706159,0,2250,3.036021801565718e-08,0.012062600589174965,2250,3.036021801565718e-08,0.012062550308551622,2250,3.036021801565718e-08,0.012062600589174965,True,180,1564,-438.34090965275465,-438.3409096527545,False,True,projected_residual,L-BFGS-B>Newton-CG>trust-krylov,False,5.882806082341699e-08,0.02265949534995759,1.0025961770072487e-09,3.410605131648481e-13,85183.03922731793,-2.2898349882893854e-15,9.947598300641403e-14,1.7053025658242404e-13,,,,,,False,0,none,False,3.8941563999978825,29.90482820000034,,,,,,,,,,,5886.605037700036
282,282,135,135,148,148,,1,3.5493941119568717e-10,3.5493941119568717e-10,0.026337290835166786,2.6306426732941533e-05,5.402522405230275e-05,0,2250,3.036021801565718e-08,0.011690937496319694,2250,3.036021801565718e-08,0.011690769884849744,2250,3.036021801565718e-08,0.011690937496319694,True,181,1563,-438.34090965275465,-438.3409096527545,False,True,energy_not_decreased,L-BFGS-B>Newton-CG,True,5.265220548388273e-13,3.903965167773268e-08,1.0134868532943173e-09,1.1937117960769683e-12,85183.03922731793,-2.220446049250313e-15,9.947598300641403e-14,1.7053025658242404e-13,,,,,,False,0,none,False,3.822514900006354,29.836988999973983,,,,,,,,,,,5920.333023200044
283,283,135,135,1463,1463,,1,3.499738276957487e-10,3.499738276957487e-10,0.026746278467418852,2.683901968068106e-05,5.502405902660458e-05,0,2250,3.036021801565718e-08,0.011527381902042418,2250,3.036021801565718e-08,0.011527366086951712,2250,3.036021801565718e-08,0.011527381902042418,True,182,1562,-438.34090965275465,-438.3409096527545,False,True,energy_not_decreased,L-BFGS-B>Newton-CG,True,4.915944864065355e-13,3.7715727289469295e-08,1.0130342040770827e-09,1.0800249583553523e-12,85183.03922731793,-2.0469737016526324e-15,9.947598300641403e-14,1.7053025658242404e-13,,,,,,False,0,none,False,3.8444977000472136,20.016579199989792,,,,,,,,,,,5944.272021000041
284,284,135,135,383,383,,1,-3.497859779599821e-10,3.497859779599821e-10,0.11024971004311247,1.0339356382524778e-05,1.8073109192811336e-05,0,2250,3.036021801565718e-08,0.011521194537522515,2250,3.036021801565718e-08,0.011518280522930536,2250,3.036021801565718e-08,0.011521194537522515,True,183,1561,-438.34090965275465,-438.3409096527545,False,True,energy_not_decreased,L-BFGS-B>Newton-CG,True,3.885895810695604e-13,1.1463565925273567e-08,1.0338977926766088e-09,5.286437954055145e-12,85183.03922731793,-2.1718737919229625e-15,9.947598300641403e-14,1.7053025658242404e-13,,,,,,False,0,none,False,3.826859099965077,6.671489000029396,,,,,,,,,,,5954.838218500023
285,285,135,135,221,221,,1,3.443747509379591e-10,3.443747509379591e-10,0.01453573814058432,4.239408647106012e-05,9.304156991181927e-05,0,2250,3.036021801565718e-08,0.011342960408267173,2250,3.036021801565718e-08,0.011343069139716892,2250,3.036021801565718e-08,0.011342960408267173,True,184,1560,-438.34090965275465,-438.3409096527545,False,True,energy_not_decreased,L-BFGS-B>Newton-CG,True,6.086610637833097e-13,7.495828973510198e-08,1.0081199966799442e-09,6.821210263296962e-13,85183.03922731793,-2.3037127760972e-15,9.947598300641403e-14,1.7053025658242404e-13,,,,,,False,0,none,False,3.841226499993354,7.291363800002728,,,,,,,,,,,5966.054509500042
286,286,135,135,185,185,,1,-3.3533760490644937e-10,3.3533760490644937e-10,0.004482810310100646,7.459785648665736e-05,0.00018664335951861524,0,2250,3.036021801565718e-08,0.01104529633922626,2250,3.036021801565718e-08,0.011045299162022232,2250,3.036021801565718e-08,0.01104529633922626,True,185,1559,-438.34090965275465,-438.3409096527545,False,True,energy_not_decreased,L-BFGS-B>Newton-CG,True,3.7828111092642e-13,8.41237885031917e-08,1.0044967198655357e-09,5.115907697472721e-13,85183.03922731793,-2.5326962749261384e-15,9.947598300641403e-14,1.7053025658242404e-13,,,,,,False,0,none,False,3.8430906999856234,6.933710500015877,,,,,,,,,,,5976.89899180003
287,287,135,135,579,579,,1,3.25617754981522e-10,3.25617754981522e-10,0.06015766486042018,1.1435143770551787e-05,2.1405454787802862e-05,0,2250,3.036021801565718e-08,0.010725145478652245,2250,3.036021801565718e-08,0.010723707495341255,2250,3.036021801565718e-08,0.010725145478652245,True,186,1558,-438.34090965275465,-438.3409096527545,False,True,energy_not_decreased,L-BFGS-B,True,5.217284129155381e-10,1.8355341247236357e-05,1.0284237926109979e-09,3.524291969370097e-12,85183.03922731793,-2.546574062733953e-15,9.947598300641403e-14,1.7053025658242404e-13,,,,,,False,0,none,False,3.8389426000067033,1.0679403999820352,,,,,,,,,,,5981.871525900031
288,288,135,135,843,843,,1,-3.239524204445843e-10,3.239524204445843e-10,0.12373285807074913,1.0310977737954638e-05,1.778867028566408e-05,0,2250,3.036021801565718e-08,0.010670292956312685,2250,3.036021801565718e-08,0.010672225761634119,2250,3.036021801565718e-08,0.010670292956312685,True,187,1557,-438.34090965275465,-438.3409096527545,False,True,energy_not_decreased,L-BFGS-B>Newton-CG,True,5.806881159175664e-10,1.8471504520739486e-05,1.0314369690495747e-09,4.888534022029489e-12,85183.03922731793,-2.3592239273284576e-15,9.947598300641403e-14,1.7053025658242404e-13,,,,,,False,0,none,False,3.85563009994803,1.506540100031998,,,,,,,,,,,5987.301855100028
289,289,135,135,290,290,,1,-3.227924594284559e-10,3.227924594284559e-10,0.12290961911608025,1.018455985702885e-05,1.758392270353002e-05,0,2250,3.036021801565718e-08,0.01063208634608577,2250,3.036021801565718e-08,0.010629577949059837,2250,3.036021801565718e-08,0.01063208634608577,True,188,1556,-438.34090965275465,-438.3409096527545,False,True,energy_not_decreased,L-BFGS-B>Newton-CG,True,5.570977645476643e-10,1.756696835709047e-05,1.0317128005938946e-09,5.002220859751105e-12,85183.03922731793,-2.248201624865942e-15,9.947598300641403e-14,1.7053025658242404e-13,,,,,,False,0,none,False,3.8477848999900743,1.033273899985943,,,,,,,,,,,5992.249237700016
290,290,135,135,597,597,,1,3.223820377318276e-10,3.223820377318276e-10,0.005684614137618731,5.442907704684724e-05,0.0001326284414899163,0,2250,3.036021801565718e-08,0.010618567941955186,2250,3.036021801565718e-08,0.010618518372451731,2250,3.036021801565718e-08,0.010618567941955186,True,189,1555,-438.34090965275465,-438.3409096527545,False,True,projected_residual,L-BFGS-B>Newton-CG>trust-krylov,False,5.313659630804435e-08,0.00898082327650775,1.0059166731904235e-09,7.958078640513122e-13,85183.03922731793,-2.123301534595612e-15,9.947598300641403e-14,1.7053025658242404e-13,,,,,,False,0,none,False,3.8858703000005335,128.70864810002968,,,,,,,,,,,6124.9114196000155
291,291,135,135,978,978,,1,3.1193581051525143e-10,3.1193581051525143e-10,0.014902567484488318,4.1214173281666165e-05,9.02008443682179e-05,0,2250,3.036021801565718e-08,0.010274491782449715,2250,3.036021801565718e-08,0.010274361090548289,2250,3.036021801565718e-08,0.010274491782449715,True,190,1554,-438.34090965275465,-438.3409096527545,False,True,energy_not_decreased,L-BFGS-B>Newton-CG,True,6.755130352249212e-13,8.929000644414005e-08,1.0075653823101415e-09,5.115907697472721e-13,85183.03922731793,-2.5604518505417673e-15,9.947598300641403e-14,1.7053025658242404e-13,,,,,,False,0,none,False,3.8491266000200994,6.869095399975777,,,,,,,,,,,6135.7043328
292,292,135,135,1832,1832,,1,3.080520283305077e-10,3.080520283305077e-10,0.020102097434937502,2.2545837677675816e-05,4.7721939255902126e-05,0,2250,3.036021801565718e-08,0.010146568386684216,2250,3.036021801565718e-08,0.01014685679655665,2250,3.036021801565718e-08,0.010146568386684216,True,191,1553,-438.34090965275465,-438.3409096527545,False,True,energy_not_decreased,L-BFGS-B>Newton-CG,True,5.552119852233418e-13,4.065375546002319e-08,1.0136570897064924e-09,1.4210854715202004e-12,85183.03922731793,-2.5396351688300456e-15,9.947598300641403e-14,1.7053025658242404e-13,,,,,,False,0,none,False,3.84291150001809,13.642047600005753,,,,,,,,,,,6153.256654600031
293,293,135,135,759,759,,1,3.0332270029020947e-10,3.0332270029020947e-10,0.016573810739774847,2.5702957901973666e-05,5.558981294170462e-05,0,2250,3.036021801565718e-08,0.009990794536909512,2250,3.036021801565718e-08,0.0099907807334007,2250,3.036021801565718e-08,0.009990794536909512,True,192,1552,-438.34090965275465,-438.3409096527545,False,True,energy_not_decreased,L-BFGS-B>Newton-CG,True,9.94121819155627e-10,8.436160976972285e-05,1.0117840546413142e-09,1.1937117960769683e-12,85183.03922731793,-1.9567680809018384e-15,9.947598300641403e-14,1.7053025658242404e-13,,,,,,False,0,none,False,3.8502059999736957,7.012039900000673,,,,,,,,,,,6164.1874081999995
294,294,135,135,307,307,,1,3.0270963513601146e-10,3.0270963513601146e-10,0.011012090517283898,2.1223719173532426e-05,4.804402427124396e-05,0,2250,3.036021801565718e-08,0.009970601495018909,2250,3.036021801565718e-08,0.009970701314681512,2250,3.036021801565718e-08,0.009970601495018909,True,193,1551,-438.34090965275465,-438.3409096527545,False,True,projected_residual,L-BFGS-B>Newton-CG>trust-krylov,False,2.421804784232606e-08,0.001698707192389303,1.0142567524001958e-09,2.3874235921539366e-12,85183.03922731793,-2.706168622523819e-15,9.947598300641403e-14,1.7053025658242404e-13,,,,,,False,0,none,False,3.809940400009509,39.96478100004606,,,,,,,,,,,6208.046969000017
295,295,135,135,231,231,,1,3.0019386976221085e-10,3.0019386976221085e-10,0.014110896626963576,1.529518256960195e-05,3.367934968596112e-05,0,2250,3.036021801565718e-08,0.009887737617937948,2250,3.036021801565718e-08,0.009887656894738828,2250,3.036021801565718e-08,0.009887737617937948,True,194,1550,-438.34090965275465,-438.3409096527545,False,True,energy_not_decreased,L-BFGS-B>Newton-CG,True,3.425088971579942e-13,1.7475843164797784e-08,1.0195989912434052e-09,3.694822225952521e-12,85183.03922731793,-2.213507155346406e-15,9.947598300641403e-14,1.7053025658242404e-13,,,,,,False,0,none,False,3.8584715999895707,109.94351179996738,,,,,,,,,,,6321.933040300035
296,296,135,135,1754,1754,,1,2.9871304388362496e-10,2.9871304388362496e-10,0.0017570298218847306,0.000130311305029449,0.00036183620845440335,0,2250,3.036021801565718e-08,0.009838962412245347,2250,3.036021801565718e-08,0.009838922337300385,2250,3.036021801565718e-08,0.009838962412245347,True,195,1549,-438.34090965275465,-438.3409096527545,False,True,energy_not_decreased,L-BFGS-B>Newton-CG,True,1.072340459848889e-12,4.679375112654749e-07,1.0022916317543104e-09,3.979039320256561e-13,85183.03922731793,-2.1094237467877974e-15,9.947598300641403e-14,1.7053025658242404e-13,,,,,,False,0,none,False,3.8288199999951757,155.54143929999555,,,,,,,,,,,6481.372055700049
297,297,135,135,1080,1080,,1,2.881609256766282e-10,2.881609256766282e-10,0.004219440917932262,0.00010859089255611703,0.0002735304217257362,0,2250,3.036021801565718e-08,0.009491398432251696,2250,3.036021801565718e-08,0.009491361487055488,2250,3.036021801565718e-08,0.009491398432251696,True,196,1548,-438.34090965275465,-438.3409096527545,False,True,energy_not_decreased,L-BFGS-B>Newton-CG,True,5.746557358638585e-13,2.167933328147487e-07,1.0026507076043473e-09,2.8421709430404007e-13,85183.03922731793,-2.4147350785597155e-15,9.947598300641403e-14,1.7053025658242404e-13,,,,,,False,0,none,False,3.8464833999751136,14.783685000031255,,,,,,,,,,,6500.06784990005
298,298,135,135,731,731,,1,2.8581004229977225e-10,2.8581004229977225e-10,0.027048185386240473,2.3912962372212002e-05,4.8963664918173633e-05,0,2250,3.036021801565718e-08,0.009413965411986703,2250,3.036021801565718e-08,0.009414023958703735,2250,3.036021801565718e-08,0.009413965411986703,True,197,1547,-438.34090965275465,-438.3409096527545,False,True,energy_not_decreased,L-BFGS-B>Newton-CG,True,7.607284535133135e-13,6.368151228446994e-08,1.0119458289576274e-09,9.663381206337363e-13,85183.03922731793,-2.1649348980190553e-15,9.947598300641403e-14,1.7053025658242404e-13,,,,,,False,0,none,False,3.8343882000190206,51.134679200011306,,,,,,,,,,,6555.104957400006
299,299,135,135,1152,1152,,1,-2.82268430851218e-10,2.82268430851218e-10,0.11300748968950887,8.14606569900046e-06,1.4199353732035732e-05,0,2250,3.036021801565718e-08,0.009297312381144573,2250,3.036021801565718e-08,0.009297711495101686,2250,3.036021801565718e-08,0.009297312381144573,True,198,1546,-438.34090965275465,-438.3409096527545,False,True,energy_not_decreased,L-BFGS-B>Newton-CG,True,6.401820809447008e-13,1.8429857684266912e-08,1.0347361380598835e-09,5.6274984672199935e-12,95194.48383752473,-2.789435349370706e-15,9.947598300641403e-14,1.7053025658242404e-13,,,,,,False,0,none,False,3.8431483999593183,6.653940499993041,,,,,,,,,,,6565.667732600006
300,300,135,135,1610,1610,,1,2.7782076639226716e-10,2.7782076639226716e-10,0.01681384233847113,3.033791857269172e-05,6.550897281872019e-05,0,2250,3.036021801565718e-08,0.0091508159213149,2250,3.036021801565718e-08,0.009150865565946954,2250,3.036021801565718e-08,0.0091508159213149,True,199,1545,-438.34090965275465,-438.3409096527545,False,True,energy_not_decreased,L-BFGS-B>Newton-CG,True,5.512179404981825e-13,6.022271396620863e-08,1.0091529906939678e-09,7.389644451905042e-13,85183.03922731793,-2.3037127760972e-15,9.947598300641403e-14,1.7053025658242404e-13,,,,,,False,0,none,False,3.845625600020867,24.64603669999633,,,,,,,,,,,6594.227681800025
301,301,135,135,1232,1232,,1,-2.7757427606411866e-10,2.7757427606411866e-10,0.0009099618089025911,0.00022470251082161335,0.000671281563057077,0,2250,3.036021801565718e-08,0.009142697062352117,2250,3.036021801565718e-08,0.009142676141378057,2250,3.036021801565718e-08,0.009142697062352117,True,200,1544,-438.34090965275465,-438.3409096527545,False,True,energy_not_decreased,L-BFGS-B>Newton-CG,True,7.658471114078757e-13,6.198020649880714e-07,1.001235631751925e-09,2.2737367544323206e-13,85183.03922731793,-2.0539125955565396e-15,9.947598300641403e-14,1.7053025658242404e-13,,,,,,False,0,none,False,3.8752201999886893,23.57633460004581,,,,,,,,,,,6621.764420500025
302,302,135,135,1717,1717,,1,2.7711644090544496e-10,2.7711644090544496e-10,0.0061828102088157455,8.557791702955194e-05,0.00020658828366783063,0,2250,3.036021801565718e-08,0.009127616961200088,2250,3.036021801565718e-08,0.009127623554125865,2250,3.036021801565718e-08,0.009127616961200088,True,201,1543,-438.34090965275465,-438.3409096527545,False,True,energy_not_decreased,L-BFGS-B>Newton-CG,True,7.041940733621012e-13,2.175555493539732e-07,1.0032368472119108e-09,2.8421709430404007e-13,85183.03922731793,-2.55351295663786e-15,9.947598300641403e-14,1.7053025658242404e-13,,,,,,False,0,none,False,3.7874281999538653,14.063603099959437,,,,,,,,,,,6639.683740800014
303,303,135,135,1218,1218,,1,-2.7621105402886315e-10,2.7621105402886315e-10,0.12471142939996077,9.272326642064727e-06,1.5982438630673745e-05,0,2250,3.036021801565718e-08,0.009097795473221482,2250,3.036021801565718e-08,0.009097969393968989,2250,3.036021801565718e-08,0.009097795473221482,True,202,1542,-438.34090965275465,-438.3409096527545,False,True,energy_not_decreased,L-BFGS-B>Newton-CG,True,5.40618686403042e-13,1.8135512141979995e-08,1.0298099486891038e-09,4.433786671143025e-12,85183.03922731793,-2.275957200481571e-15,9.947598300641403e-14,1.7053025658242404e-13,,,,,,False,0,none,False,3.8473097999813035,9.018800600024406,,,,,,,,,,,6652.616364100017
304,304,135,135,436,436,,1,2.754219075029596e-10,2.754219075029596e-10,0.008604737088507041,7.957881880114387e-05,0.0001851630299100471,0,2250,3.036021801565718e-08,0.009071802691302176,2250,3.036021801565718e-08,0.009072058879669873,2250,3.036021801565718e-08,0.009071802691302176,True,203,1541,-438.34090965275465,-438.3409096527545,False,True,energy_not_decreased,L-BFGS-B>Newton-CG,True,1.1029301798491324e-12,3.1881612431165943e-07,1.0034594554532976e-09,1.7053025658242404e-13,85183.03922731793,-2.518818487118324e-15,9.947598300641403e-14,1.7053025658242404e-13,,,,,,False,0,none,False,3.8184677999815904,6.857773600029759,,,,,,,,,,,6663.361062900047
305,305,135,135,1726,1726,,1,2.750610295088052e-10,2.750610295088052e-10,0.00972086592559762,3.3528340297416393e-05,7.696035286417552e-05,0,2250,3.036021801565718e-08,0.009059916149711193,2250,3.036021801565718e-08,0.009059993419342015,2250,3.036021801565718e-08,0.009059916149711193,True,204,1540,-438.34090965275465,-438.3409096527545,False,True,energy_not_decreased,L-BFGS-B>Newton-CG,True,7.650975216397327e-13,9.330343751222779e-08,1.0082001000396097e-09,9.094947017729282e-13,85183.03922731793,-2.3592239273284576e-15,9.947598300641403e-14,1.7053025658242404e-13,,,,,,False,0,none,False,3.800563000026159,56.391133600031026,,,,,,,,,,,6723.619842600019
306,306,135,135,1023,1023,,1,-2.6922286622266256e-10,2.6922286622266256e-10,0.09974308398712127,1.1858731460061829e-05,2.09658603978839e-05,0,2250,3.036021801565718e-08,0.0088676196621454,2250,3.036021801565718e-08,0.00886745860155095,2250,3.036021801565718e-08,0.0088676196621454,True,205,1539,-438.34090965275465,-438.3409096527545,False,True,energy_not_decreased,L-BFGS-B,True,7.008949799906544e-10,3.085166721396919e-05,1.022718220546386e-09,2.2737367544323206e-12,85183.03922731793,-2.3245294578089215e-15,9.947598300641403e-14,1.7053025658242404e-13,,,,,,False,0,none,False,3.8525224999757484,0.7529739000019617,,,,,,,,,,,6728.293646100035
307,307,135,135,1473,1473,,1,-2.6707525080382766e-10,2.6707525080382766e-10,0.07784172478822574,4.272772763880149e-05,7.769067026396694e-05,0,2250,3.036021801565718e-08,0.008796881849336304,2250,3.036021801565718e-08,0.00879655050767305,2250,3.036021801565718e-08,0.008796881849336304,True,206,1538,-438.34090965275465,-438.3409096527545,False,True,energy_not_decreased,L-BFGS-B,True,1.439860852654995e-10,2.3019774082981217e-05,1.0062548869830982e-09,2.2737367544323206e-13,85183.03922731793,-2.2343238370581275e-15,9.947598300641403e-14,1.7053025658242404e-13,,,,,,False,0,none,False,3.8038732000277378,0.9726318999892101,,,,,,,,,,,6733.1564815000165
308,308,135,135,476,476,,1,2.6703350641810175e-10,2.6703350641810175e-10,0.014291965942018127,3.541815433334669e-05,7.787842843553785e-05,0,2250,3.036021801565718e-08,0.008795506879442992,2250,3.036021801565718e-08,0.00879548374184153,2250,3.036021801565718e-08,0.008795506879442992,True,207,1537,-438.34090965275465,-438.3409096527545,False,True,energy_not_decreased,L-BFGS-B>Newton-CG,True,4.4584583839856915e-13,5.9164816226177234e-08,1.007535658298915e-09,5.115907697472721e-13,85183.03922731793,-2.3314683517128287e-15,9.947598300641403e-14,1.7053025658242404e-13,,,,,,False,0,none,False,3.83006559999194,6.983643999963533,,,,,,,,,,,6744.047337300028
309,309,135,135,774,774,,1,-2.655107245175259e-10,2.655107245175259e-10,0.0025985099740136594,0.00018672663658321335,0.0004964074425357463,0,2250,3.036021801565718e-08,0.008745349733015698,2250,3.036021801565718e-08,0.00874536575277652,2250,3.036021801565718e-08,0.008745349733015698,True,208,1536,-438.34090965275465,-438.3409096527545,False,True,energy_not_decreased,L-BFGS-B>Newton-CG,True,3.47005236560608e-13,2.4395130749930855e-07,1.0014224364694647e-09,1.7053025658242404e-13,85183.03922731793,-2.42861286636753e-15,9.947598300641403e-14,1.7053025658242404e-13,,,,,,False,0,none,False,3.976423399988562,54.993331200035755,,,,,,,,,,,6803.090540400008
310,310,135,135,1028,1028,,1,2.65390487363959e-10,2.65390487363959e-10,0.02041072919419969,2.0634548634265174e-05,4.360209734326001e-05,0,2250,3.036021801565718e-08,0.008741389380902782,2250,3.036021801565718e-08,0.008741494892487014,2250,3.036021801565718e-08,0.008741389380902782,True,209,1535,-438.34090965275465,-438.3409096527545,False,True,energy_not_decreased,L-BFGS-B>Newton-CG,True,5.134134372720824e-13,3.994023936487084e-08,1.0128545408198944e-09,1.1937117960769683e-12,85183.03922731793,-2.3522850334245504e-15,9.947598300641403e-14,1.7053025658242404e-13,,,,,,False,0,none,False,3.7879239000030793,6.33989780000411,,,,,,,,,,,6813.290672500036
311,311,135,135,948,948,,1,-2.6271074204942124e-10,2.6271074204942124e-10,0.09908578402722314,1.1986544468899669e-05,2.1207720153887748e-05,0,2250,3.036021801565718e-08,0.008653124358788785,2250,3.036021801565718e-08,0.00865340108862301,2250,3.036021801565718e-08,0.008653124358788785,True,210,1534,-438.34090965275465,-438.3409096527545,False,True,energy_not_decreased,L-BFGS-B>Newton-CG,True,4.6452400981858114e-10,2.117931093520987e-05,1.0219329142123471e-09,2.1600499167107046e-12,85183.03922731793,-2.1996293675385914e-15,9.947598300641403e-14,1.7053025658242404e-13,,,,,,False,0,none,False,3.7729794000042602,0.9093310000025667,,,,,,,,,,,6818.048524600046
312,312,135,135,172,172,,1,-2.617124295056783e-10,2.617124295056783e-10,0.07871690534927121,4.028706440495068e-05,7.316040792119874e-05,0,2250,3.036021801565718e-08,0.008620242100063631,2250,3.036021801565718e-08,0.008620611602061914,2250,3.036021801565718e-08,0.008620242100063631,True,211,1533,-438.34090965275465,-438.3409096527545,False,True,energy_not_decreased,L-BFGS-B,True,3.804339005644107e-11,5.8521275528854334e-06,1.0065007793682972e-09,1.7053025658242404e-13,85183.03922731793,-2.2273849431542203e-15,9.947598300641403e-14,1.7053025658242404e-13,,,,,,False,0,none,False,3.780606800050009,0.6919305000337772,,,,,,,,,,,6822.593741100049
313,313,135,135,1,1,,1,-2.587743352933103e-10,2.587743352933103e-10,0.12177334533563104,8.51964445700338e-06,1.4724950683314962e-05,0,2250,3.036021801565718e-08,0.008523467623317358,2250,3.036021801565718e-08,0.008522049912619924,2250,3.036021801565718e-08,0.008523467623317358,True,212,1532,-438.34090965275465,-438.3409096527545,False,True,energy_not_decreased,L-BFGS-B>Newton-CG,True,7.17661354996244e-13,2.3609730407255887e-08,1.0303968466652076e-09,4.547473508864641e-12,91020.2912147894,-2.3869795029440866e-15,9.947598300641403e-14,1.7053025658242404e-13,,,,,,False,0,none,False,3.79323840001598,8.030027500004508,,,,,,,,,,,6834.492188900011
314,314,135,135,464,464,,1,-2.5505908496370466e-10,2.5505908496370466e-10,0.0771974417632856,4.266786191230304e-05,7.765469218069878e-05,0,2250,3.036021801565718e-08,0.008401095302812623,2250,3.036021801565718e-08,0.008400814286167756,2250,3.036021801565718e-08,0.008401095302812623,True,213,1531,-438.34090965275465,-438.3409096527545,False,True,energy_not_decreased,L-BFGS-B,True,3.8362544756272416e-10,6.412941870268561e-05,1.0059820509108507e-09,2.2737367544323206e-13,85183.03922731793,-2.005340338229189e-15,9.947598300641403e-14,1.7053025658242404e-13,,,,,,False,0,none,False,3.774803799984511,1.7034786000149325,,,,,,,,,,,6840.042940700019
315,315,135,135,616,616,,1,2.545739907009525e-10,2.545739907009525e-10,2.0460285138634558e-07,0.11821169940873535,0.8980977230923565,0,2250,3.036021801565718e-08,0.008385117345654936,2250,3.036021801565718e-08,0.00838511732945776,2250,3.036021801565718e-08,0.008385117345654936,True,214,1530,-438.34090965275465,-438.3409096527545,False,True,projected_residual,L-BFGS-B>Newton-CG>trust-krylov,False,2.0089846418217972e-08,9.329253806612215,1.0000021534247899e-09,1.1368683772161603e-13,85183.03922731793,-1.908195823574488e-15,9.947598300641403e-14,1.7053025658242404e-13,,,,,,False,0,none,False,3.7370516999508254,57.567408600007184,,,,,,,,,,,6901.422066900006
316,316,135,135,374,374,,1,2.5262997249697605e-10,2.5262997249697605e-10,0.0072521290708439335,5.635397185685687e-05,0.00013364546522566363,0,2250,3.036021801565718e-08,0.00832108558531073,2250,3.036021801565718e-08,0.008321232538418625,2250,3.036021801565718e-08,0.00832108558531073,True,215,1529,-438.34090965275465,-438.3409096527545,False,True,energy_not_decreased,L-BFGS-B>Newton-CG,True,5.488222730534663e-13,1.2260208236318505e-07,1.0044764514800628e-09,3.979039320256561e-13,85183.03922731793,-2.463307335887066e-15,9.947598300641403e-14,1.7053025658242404e-13,,,,,,False,0,none,False,3.7788926999783143,6.808519700018223,,,,,,,,,,,6912.085506600037
317,317,135,135,1472,1472,,1,2.511169362728882e-10,2.511169362728882e-10,0.0011357816190291938,0.00014402362039524016,0.0004197872197732672,0,2250,3.036021801565718e-08,0.00827124944041521,2250,3.036021801565718e-08,0.00827126380948463,2250,3.036021801565718e-08,0.00827124944041521,True,216,1528,-438.34090965275465,-438.3409096527545,False,True,energy_not_decreased,L-BFGS-B>Newton-CG,True,7.307593804635521e-13,4.1924711487262934e-07,1.0017430278099483e-09,2.2737367544323206e-13,85183.03922731793,-2.456368441983159e-15,9.947598300641403e-14,1.7053025658242404e-13,,,,,,False,0,none,False,3.7363340000156313,8.177403300011065,,,,,,,,,,,6924.075126600044
318,318,135,135,95,95,,1,2.451575609185852e-10,2.451575609185852e-10,0.019697172126665687,1.786013112089564e-05,3.7889915710261276e-05,0,2250,3.036021801565718e-08,0.008074960489155713,2250,3.036021801565718e-08,0.00807499680503504,2250,3.036021801565718e-08,0.008074960489155713,True,217,1527,-438.34090965275465,-438.3409096527545,False,True,energy_not_decreased,L-BFGS-B>Newton-CG,True,5.594950766234255e-10,4.078368715639388e-05,1.0137185996567187e-09,1.4210854715202004e-12,85183.03922731793,-2.768618667658984e-15,9.947598300641403e-14,1.7053025658242404e-13,,,,,,False,0,none,False,3.761393999971915,17.363634500012267,,,,,,,,,,,6945.2761497000465
319,319,135,135,203,203,,1,2.429880741061652e-10,2.429880741061652e-10,0.032999415836893295,1.907070060808191e-05,3.818890438673638e-05,0,2250,3.036021801565718e-08,0.00800350227988656,2250,3.036021801565718e-08,0.008003831126458432,2250,3.036021801565718e-08,0.00800350227988656,True,218,1526,-438.34090965275465,-438.3409096527545,False,True,energy_not_decreased,L-BFGS-B>Newton-CG,True,6.811703077464055e-13,5.349490242642015e-08,1.012733368542607e-09,9.663381206337363e-13,85183.03922731793,-2.067790383364354e-15,9.947598300641403e-14,1.7053025658242404e-13,,,,,,False,0,none,False,3.774370600003749,6.180110299959779,,,,,,,,,,,6955.303972800029
320,320,135,135,1634,1634,,1,-2.4279600552290503e-10,2.4279600552290503e-10,0.1975800715565361,6.521720801268072e-06,1.0665198509311403e-05,0,2250,3.036021801565718e-08,0.007997175955643396,2250,3.036021801565718e-08,0.007998837439408296,2250,3.036021801565718e-08,0.007997175955643396,True,219,1525,-438.34090965275465,-438.3409096527545,False,True,projected_residual,L-BFGS-B>Newton-CG>trust-krylov,False,1.9918414027670793e-09,5.345421386751634e-05,1.0372625703130488e-09,1.2846612662542611e-11,118904.28050402507,-2.643718577388654e-15,9.947598300641403e-14,1.7053025658242404e-13,,,,,,False,0,none,False,3.766638899978716,75.83312450000085,,,,,,,,,,,7034.979454800021
321,321,136,136,1367,1367,1367,1,-2.3933566239975335e-10,2.3933566239975335e-10,0.230885758788684,6.764043394874823e-06,1.0864843655959273e-05,0,2250,3.036021801565718e-08,0.007883199727891437,2250,3.036021801565718e-08,0.007885059313885948,2250,3.036021801565718e-08,0.007883199727891437,True,220,1524,-438.3409096527726,-438.34090965277244,True,False,accepted,L-BFGS-B>Newton-CG,True,9.199767466797419e-13,2.5976239938737982e-08,1.0354160859635345e-09,1.807620719773695e-11,114644.52166443631,-2.1371793224034263e-15,9.947598300641403e-14,1.7053025658242404e-13,1.7962520360015333e-11,1.7962520360015333e-11,0.0,1.7962520360015333e-11,1.0035925040720031e-10,False,0,none,True,3.7819752999930643,9.881531100021675,2.384581421210896e-10,ok,1.168819346283784e-06,1.6529601714785824e-06,7.485486850257548e-05,1.5224125888609602e-05,7.485486962354409e-05,1.5221685054659447e-05,2.5205369177694945e-05,1.0425999319860017e-06,7048.766596000001
322,322,137,137,507,507,507,1,-2.639986007579864e-10,2.639986007579864e-10,0.19619569219639016,6.44808451110529e-06,1.0553301490264014e-05,0,2250,3.036014659086353e-08,0.008695564099727805,2250,3.036014659086353e-08,0.008694755510922353,2250,3.036014659086353e-08,0.008695564099727805,True,221,1523,-438.34090965278784,-438.340909652788,True,False,accepted,L-BFGS-B>Newton-CG,True,1.1539534758876081e-12,2.8163743444153923e-08,1.0409730147618974e-09,1.5290879673557356e-11,120262.15199062107,-2.789435349370706e-15,9.947598300641403e-14,-1.7053025658242404e-13,1.5234036254696548e-11,1.5575096767861396e-11,-3.410605131648481e-13,1.5575096767861396e-11,1.0031150193535723e-10,False,0,none,True,3.7898007999756373,12.97451169998385,2.2288304535322823e-10,ok,1.1687362844582535e-06,1.6528427043184018e-06,7.484964611246952e-05,1.5223063748951847e-05,7.48496472333472e-05,1.5220623085288458e-05,2.4389642560063757e-05,1.0088580530210206e-06,7065.6585104000405
323,323,137,137,453,453,,1,-2.360112105748158e-10,2.360112105748158e-10,0.07948995585589756,3.594889991755936e-05,6.521034890528091e-05,0,2250,3.0360177738454026e-08,0.007773709778908354,2250,3.0360177738454026e-08,0.007774411421507324,2250,3.0360177738454026e-08,0.007773709778908354,True,222,1522,-438.34090965278784,-438.340909652788,False,True,energy_not_decreased,L-BFGS-B,True,6.335444802284223e-10,9.640805035151182e-05,1.0065714893924156e-09,1.7053025658242404e-13,120262.15199062107,-2.310651670001107e-15,9.947598300641403e-14,-1.7053025658242404e-13,,,,,,False,0,none,False,3.7512226999970153,0.6645777000230737,,,,,,,,,,,7070.150973500044
324,324,137,137,46,46,,1,2.34842034707583e-10,2.34842034707583e-10,0.006002696474909184,7.862407139571479e-05,0.0001904271833809437,0,2250,3.0360177738454026e-08,0.00773519960030186,2250,3.0360177738454026e-08,0.007735141062262983,2250,3.0360177738454026e-08,0.00773519960030186,True,223,1521,-438.34090965278784,-438.340909652788,False,True,energy_not_decreased,L-BFGS-B>Newton-CG,True,1.3465371711803124e-12,4.509809908230755e-07,1.0029857958507803e-09,1.1368683772161603e-13,120262.15199062107,-2.6298407895808396e-15,9.947598300641403e-14,-1.7053025658242404e-13,,,,,,False,0,none,False,3.7733316000085324,12.243311899947003,,,,,,,,,,,7086.243158500001
325,325,137,137,1528,1528,,1,2.3069679500054008e-10,2.3069679500054008e-10,0.03243408626458166,2.0220770526694183e-05,4.0570370792271906e-05,0,2250,3.0360177738454026e-08,0.007598664177395143,2250,3.0360177738454026e-08,0.007598542891152022,2250,3.0360177738454026e-08,0.007598664177395143,True,224,1520,-438.34090965278784,-438.340909652788,False,True,energy_not_decreased,L-BFGS-B>Newton-CG,True,4.924973736176053e-13,4.3195461542608084e-08,1.011401599983642e-09,6.252776074688882e-13,120262.15199062107,-2.5326962749261384e-15,9.947598300641403e-14,-1.7053025658242404e-13,,,,,,False,0,none,False,3.7869281000457704,6.266495699994266,,,,,,,,,,,7096.372744400054
326,326,137,137,935,935,,1,-2.2947332922740316e-10,2.2947332922740316e-10,0.1007717959249432,1.000264306871101e-05,1.7663793198769453e-05,0,2250,3.0360177738454026e-08,0.007558365804188082,2250,3.0360177738454026e-08,0.007557842009114085,2250,3.0360177738454026e-08,0.007558365804188082,True,225,1519,-438.34090965278784,-438.340909652788,False,True,energy_not_decreased,L-BFGS-B,True,7.579532994164994e-10,3.3002186561654004e-05,1.0229667600357481e-09,2.3305801732931286e-12,120262.15199062107,-2.2898349882893854e-15,9.947598300641403e-14,-1.7053025658242404e-13,,,,,,False,0,none,False,3.7790069000329822,0.6950090000173077,,,,,,,,,,,7100.9217770000105
327,327,137,137,1126,1126,,1,2.2642909769388098e-10,2.2642909769388098e-10,0.04449013237414055,1.617565322634861e-05,3.132412207517713e-05,0,2250,3.0360177738454026e-08,0.007458095260328044,2250,3.0360177738454026e-08,0.0074592649642115285,2250,3.0360177738454026e-08,0.007458095260328044,True,226,1518,-438.34090965278784,-438.340909652788,False,True,energy_not_decreased,L-BFGS-B>Newton-CG,True,5.82001061688623e-13,4.160837903852149e-08,1.0139875927670676e-09,9.094947017729282e-13,120262.15199062107,-2.2620794126737565e-15,9.947598300641403e-14,-1.7053025658242404e-13,,,,,,False,0,none,False,3.763887999986764,40.74144830001751,,,,,,,,,,,7145.50385410001
328,328,137,137,775,775,,1,-2.2517543385447425e-10,2.2517543385447425e-10,0.07641977474000934,4.0442102038217655e-05,7.368807390497157e-05,0,2250,3.0360177738454026e-08,0.0074168022267296655,2250,3.0360177738454026e-08,0.007417133021551051,2250,3.0360177738454026e-08,0.0074168022267296655,True,227,1517,-438.34090965278784,-438.340909652788,False,True,energy_not_decreased,L-BFGS-B>Newton-CG,True,6.320079232416528e-13,1.1339806430426656e-07,1.0055733572448456e-09,1.1368683772161603e-13,120262.15199062107,-2.1094237467877974e-15,9.947598300641403e-14,-1.7053025658242404e-13,,,,,,False,0,none,False,3.730433200020343,11.5879482999444,,,,,,,,,,,7160.898370700015
329,329,137,137,326,326,,1,2.2117241371688579e-10,2.2117241371688579e-10,0.04413894802470797,1.5545166878283782e-05,3.012998652456551e-05,0,2250,3.0360177738454026e-08,0.007284951215445293,2250,3.0360177738454026e-08,0.007284773880696251,2250,3.0360177738454026e-08,0.007284951215445293,True,228,1516,-438.34090965278784,-438.340909652788,False,True,energy_not_decreased,L-BFGS-B>Newton-CG,True,9.090937361205423e-10,6.39451671385682e-05,1.0142167700359678e-09,9.094947017729282e-13,120262.15199062107,-2.1649348980190553e-15,9.947598300641403e-14,-1.7053025658242404e-13,,,,,,False,0,none,False,3.749232900037896,0.9176142999785952,,,,,,,,,,,7165.642706700019
330,330,137,137,817,817,,1,-2.2005330890806363e-10,2.2005330890806363e-10,0.09826162381439112,1.0860308175640693e-05,1.9233278262783197e-05,0,2250,3.0360177738454026e-08,0.007248090271531757,2250,3.0360177738454026e-08,0.007248171135103364,2250,3.0360177738454026e-08,0.007248090271531757,True,229,1515,-438.34090965278784,-438.340909652788,False,True,energy_not_decreased,L-BFGS-B,True,5.678007456941673e-10,2.7990570336638673e-05,1.0202854296595357e-09,1.7621459846850485e-12,120262.15199062107,-2.5743296383495817e-15,9.947598300641403e-14,-1.7053025658242404e-13,,,,,,False,0,none,False,3.7774992000195198,0.7886274000047706,,,,,,,,,,,7170.283193100011
331,331,137,137,1197,1197,,1,2.1896098822971055e-10,2.1896098822971055e-10,0.008349738368315984,6.210904803831393e-05,0.00014499970530081814,0,2250,3.0360177738454026e-08,0.0072121115401895634,2250,3.0360177738454026e-08,0.007212042083947893,2250,3.0360177738454026e-08,0.0072121115401895634,True,230,1514,-438.34090965278784,-438.340909652788,False,True,projected_residual,L-BFGS-B>Newton-CG>trust-krylov,False,1.3355955835844573e-08,0.00379011365801217,1.0035238932235214e-09,2.8421709430404007e-13,120262.15199062107,-2.1788126858268697e-15,9.947598300641403e-14,-1.7053025658242404e-13,,,,,,False,0,none,False,3.734221799997613,167.7236125000054,,,,,,,,,,,7341.819060800015
332,332,137,137,635,635,,1,2.189024517207372e-10,2.189024517207372e-10,0.025797852447332105,1.792287736588425e-05,3.689333244065691e-05,0,2250,3.0360177738454026e-08,0.007210183471471466,2250,3.0360177738454026e-08,0.007210562783269697,2250,3.0360177738454026e-08,0.007210183471471466,True,231,1513,-438.34090965278784,-438.340909652788,False,True,projected_residual,L-BFGS-B>Newton-CG>trust-krylov,False,4.470822065822106e-07,0.03662819215356504,1.0122059588610819e-09,1.0231815394945443e-12,120262.15199062107,-2.2620794126737565e-15,9.947598300641403e-14,-1.7053025658242404e-13,,,,,,False,0,none,False,3.7604680999647826,9.283083499991335,,,,,,,,,,,7354.94198850001
333,333,137,137,1518,1518,,1,-2.177085178800553e-10,2.177085178800553e-10,0.10895968240654992,7.2599481915122505e-06,1.2707300330235035e-05,0,2250,3.0360177738454026e-08,0.007170857817617679,2250,3.0360177738454026e-08,0.0071697222522514835,2250,3.0360177738454026e-08,0.007170857817617679,True,232,1512,-438.34090965278784,-438.340909652788,False,True,energy_not_decreased,L-BFGS-B>Newton-CG,True,5.4638324216151e-13,1.817360005006673e-08,1.0300646674657895e-09,4.149569576838985e-12,120262.15199062107,-2.4147350785597155e-15,9.947598300641403e-14,-1.7053025658242404e-13,,,,,,False,0,none,False,3.8957039000233635,19.451344800007064,,,,,,,,,,,7378.364576900029
334,334,137,137,1655,1655,,1,2.152709122071883e-10,2.152709122071883e-10,0.041533722819328905,1.868728037439117e-05,3.64683068617147e-05,0,2250,3.0360177738454026e-08,0.00709056824573617,2250,3.0360177738454026e-08,0.007090787025240722,2250,3.0360177738454026e-08,0.00709056824573617,True,233,1511,-438.34090965278784,-438.340909652788,False,True,energy_not_decreased,L-BFGS-B>Newton-CG,True,7.79835662641579e-10,6.780791989102083e-05,1.0115006575027654e-09,6.252776074688882e-13,120262.15199062107,-2.248201624865942e-15,9.947598300641403e-14,-1.7053025658242404e-13,,,,,,False,0,none,False,3.763038899982348,0.9039987999713048,,,,,,,,,,,7383.107268400025
335,335,137,137,825,825,,1,2.1415461071150332e-10,2.1415461071150332e-10,0.0036467611541784644,0.0002718707781384176,0.0006960219028780338,0,2250,3.0360177738454026e-08,0.0070537996370244015,2250,3.0360177738454026e-08,0.007053711545227447,2250,3.0360177738454026e-08,0.0070537996370244015,True,234,1510,-438.34090965278784,-438.340909652788,False,True,projected_residual,L-BFGS-B>Newton-CG>trust-krylov,False,2.3889284018280503e-07,0.3034297344939065,1.0007873086023731e-09,1.1368683772161603e-13,120262.15199062107,-2.3314683517128287e-15,9.947598300641403e-14,-1.7053025658242404e-13,,,,,,False,0,none,False,3.7576170999673195,202.40339950000634,,,,,,,,,,,7589.342036800052
336,336,137,137,1740,1740,,1,2.1058495225378948e-10,2.1058495225378948e-10,0.001060159716977736,0.00013855849456139883,0.00040696303208328935,0,2250,3.0360177738454026e-08,0.00693622264230238,2250,3.0360177738454026e-08,0.006936207750068547,2250,3.0360177738454026e-08,0.00693622264230238,True,235,1509,-438.34090965278784,-438.340909652788,False,True,energy_not_decreased,L-BFGS-B>Newton-CG,True,6.166074060217117e-13,4.058104102030538e-07,1.0015194469893299e-09,1.7053025658242404e-13,120262.15199062107,-2.6367796834847468e-15,9.947598300641403e-14,-1.7053025658242404e-13,,,,,,False,0,none,False,3.7625377000076696,8.40947050001705,,,,,,,,,,,7601.593427000043
337,337,137,137,475,475,,1,2.103667240405116e-10,2.103667240405116e-10,0.01647400654279476,3.0180276078466382e-05,6.531728610897935e-05,0,2250,3.0360177738454026e-08,0.006929034666818249,2250,3.0360177738454026e-08,0.006929366031458839,2250,3.0360177738454026e-08,0.006929034666818249,True,236,1508,-438.34090965278784,-438.340909652788,False,True,energy_not_decreased,L-BFGS-B>Newton-CG,True,5.93758524691449e-13,8.523115981331513e-08,1.0069664489605913e-09,3.979039320256561e-13,120262.15199062107,-1.8735013540549517e-15,9.947598300641403e-14,-1.7053025658242404e-13,,,,,,False,0,none,False,3.77414160000626,6.3900921999593265,,,,,,,,,,,7611.832901400048
338,338,137,137,870,870,,1,2.1037127595491256e-10,2.1037127595491256e-10,0.041022215745408465,1.7898560816676756e-05,3.497772546240776e-05,0,2250,3.0360177738454026e-08,0.006929184597244881,2250,3.0360177738454026e-08,0.0069278192275237715,2250,3.0360177738454026e-08,0.006929184597244881,True,237,1507,-438.34090965278784,-438.340909652788,False,True,energy_not_decreased,L-BFGS-B,True,8.219815850847778e-10,7.005270736759968e-05,1.0117337589933741e-09,6.252776074688882e-13,120262.15199062107,-2.643718577388654e-15,9.947598300641403e-14,-1.7053025658242404e-13,,,,,,False,0,none,False,3.7593866999959573,0.6880878999945708,,,,,,,,,,,7616.3552868000115
339,339,137,137,52,52,,1,2.0995405414225843e-10,2.0995405414225843e-10,0.0063666633623741375,7.113106118021207e-05,0.00017115374090560367,0,2250,3.0360177738454026e-08,0.006915442193750132,2250,3.0360177738454026e-08,0.006915433232807853,2250,3.0360177738454026e-08,0.006915442193750132,True,238,1506,-438.34090965278784,-438.340909652788,False,True,projected_residual,L-BFGS-B>Newton-CG>trust-krylov,False,1.6355709879718165e-09,0.0005543534183891102,1.0029504120182476e-09,2.8421709430404007e-13,120262.15199062107,-2.435551760271437e-15,9.947598300641403e-14,-1.7053025658242404e-13,,,,,,False,0,none,False,3.777548200043384,205.07698359998176,,,,,,,,,,,7825.285140800057
340,340,137,137,1184,1184,,1,-2.09851691579388e-10,2.09851691579388e-10,0.057280619392765006,1.3995356690254744e-05,2.6342874029275106e-05,0,2250,3.0360177738454026e-08,0.006912070587570739,2250,3.0360177738454026e-08,0.006911531002621728,2250,3.0360177738454026e-08,0.006912070587570739,True,239,1505,-438.34090965278784,-438.340909652788,False,True,energy_not_decreased,L-BFGS-B>Newton-CG,True,9.99239595292531e-10,6.650999011544269e-05,1.0150239023274268e-09,1.0231815394945443e-12,120262.15199062107,-1.9914625504213745e-15,9.947598300641403e-14,-1.7053025658242404e-13,,,,,,False,0,none,False,3.780123300035484,6.320408499974292,,,,,,,,,,,7835.465698400047
341,341,137,137,1337,1337,,1,-2.0461232708157695e-10,2.0461232708157695e-10,0.058100510534491515,1.1096639994410603e-05,2.0853351102266057e-05,0,2250,3.0360177738454026e-08,0.006739497009677126,2250,3.0360177738454026e-08,0.006739320066333418,2250,3.0360177738454026e-08,0.006739497009677126,True,240,1504,-438.34090965278784,-438.340909652788,False,True,energy_not_decreased,L-BFGS-B,True,2.5540978398343463e-12,1.3823384121413694e-07,1.0184766466546915e-09,1.5347723092418164e-12,120262.15199062107,-2.525757381022231e-15,9.947598300641403e-14,-1.7053025658242404e-13,,,,,,False,0,none,False,3.785026300000027,1.4055732000269927,,,,,,,,,,,7840.730377700005
342,342,137,137,405,405,,1,1.963966766993508e-10,1.963966766993508e-10,0.033354186660852624,1.5364984520267154e-05,3.0731400839865614e-05,0,2250,3.0360177738454026e-08,0.00646889087380394,2250,3.0360177738454026e-08,0.006469463995185015,2250,3.0360177738454026e-08,0.00646889087380394,True,241,1503,-438.34090965278784,-438.340909652788,False,True,energy_not_decreased,L-BFGS-B>Newton-CG,True,6.839499190651965e-10,5.354977114343775e-05,1.01277222861015e-09,9.094947017729282e-13,120262.15199062107,-2.2620794126737565e-15,9.947598300641403e-14,-1.7053025658242404e-13,,,,,,False,0,none,False,3.737686800013762,1.9139866000041366,,,,,,,,,,,7846.456752500031
343,343,137,137,372,372,,1,1.926758197434708e-10,1.926758197434708e-10,0.00882459964361849,7.683247866106556e-05,0.00017827106728494395,0,2250,3.0360177738454026e-08,0.006346333720550942,2250,3.0360177738454026e-08,0.006346275731647303,2250,3.0360177738454026e-08,0.006346333720550942,True,242,1502,-438.34090965278784,-438.340909652788,False,True,energy_not_decreased,L-BFGS-B>Newton-CG,True,8.655873642045293e-13,3.453406964633138e-07,1.0025064736738795e-09,1.1368683772161603e-13,120262.15199062107,-2.275957200481571e-15,9.947598300641403e-14,-1.7053025658242404e-13,,,,,,False,0,none,False,3.762447099958081,6.69880779995583,,,,,,,,,,,7856.994679000054
344,344,137,137,562,562,,1,1.9175327992115854e-10,1.9175327992115854e-10,0.06609281318758368,9.268636699014217e-06,1.7166989487780928e-05,0,2250,3.0360177738454026e-08,0.0063159472112801545,2250,3.0360177738454026e-08,0.0063167293828498535,2250,3.0360177738454026e-08,0.0063159472112801545,True,243,1501,-438.34090965278784,-438.340909652788,False,True,energy_not_decreased,L-BFGS-B>Newton-CG,True,2.667570832729133e-13,1.2924032867045063e-08,1.0206403903500676e-09,1.8758328224066645e-12,120262.15199062107,-2.4424906541753444e-15,9.947598300641403e-14,-1.7053025658242404e-13,,,,,,False,0,none,False,3.745766600011848,27.590005500009283,,,,,,,,,,,7888.404552700056
345,345,137,137,294,294,,1,-1.9168489018284163e-10,1.9168489018284163e-10,0.11379241180379668,5.816051479338139e-06,1.0129952001397603e-05,0,2250,3.0360177738454026e-08,0.006313694598040994,2250,3.0360177738454026e-08,0.006314799890627677,2250,3.0360177738454026e-08,0.006313694598040994,True,244,1500,-438.34090965278784,-438.340909652788,False,True,energy_not_decreased,L-BFGS-B>Newton-CG,True,9.920475897932465e-10,3.000967681960221e-05,1.0330575899153051e-09,5.059064278611913e-12,133331.09623905196,-2.3314683517128287e-15,9.947598300641403e-14,-1.7053025658242404e-13,,,,,,False,0,none,False,3.750897999969311,6.520371599995997,,,,,,,,,,,7898.754573400016
346,346,137,137,430,430,,1,1.9078350010914846e-10,1.9078350010914846e-10,0.015182143040445286,3.163939584914155e-05,6.910213305799036e-05,0,2250,3.0360177738454026e-08,0.006284004716728097,2250,3.0360177738454026e-08,0.006283989866399899,2250,3.0360177738454026e-08,0.006284004716728097,True,245,1499,-438.34090965278784,-438.340909652788,False,True,energy_not_decreased,L-BFGS-B>Newton-CG,True,4.5359052323933873e-13,7.526825450648353e-08,1.0060263191462779e-09,3.979039320256561e-13,120262.15199062107,-2.3037127760972e-15,9.947598300641403e-14,-1.7053025658242404e-13,,,,,,False,0,none,False,3.7687618999625556,209.87440480000805,,,,,,,,,,,8112.476281100011
347,347,137,137,729,729,,1,-1.90013338396966e-10,1.90013338396966e-10,0.13985873594984266,7.195991192037312e-06,1.2242593574067523e-05,0,2250,3.0360177738454026e-08,0.006258637219909823,2250,3.0360177738454026e-08,0.006258518297725753,2250,3.0360177738454026e-08,0.006258637219909823,True,246,1498,-438.34090965278784,-438.340909652788,False,True,energy_not_decreased,L-BFGS-B>Newton-CG,True,9.78357967815256e-13,3.699409948273185e-08,1.026446324724621e-09,3.808509063674137e-12,120262.15199062107,-2.040034807748725e-15,9.947598300641403e-14,-1.7053025658242404e-13,,,,,,False,0,none,False,3.7454441000008956,9.685067299986258,,,,,,,,,,,8125.984928900027
348,348,137,137,514,514,,1,1.894402551494423e-10,1.894402551494423e-10,0.005127318015084583,7.256986957971633e-05,0.0001788751005642074,0,2250,3.0360177738454026e-08,0.00623976107061779,2250,3.0360177738454026e-08,0.006239810019575276,2250,3.0360177738454026e-08,0.00623976107061779,True,247,1497,-438.34090965278784,-438.340909652788,False,True,energy_not_decreased,L-BFGS-B>Newton-CG,True,7.083904814066499e-13,2.714874235358299e-07,1.0026092939119634e-09,1.1368683772161603e-13,120262.15199062107,-2.040034807748725e-15,9.947598300641403e-14,-1.7053025658242404e-13,,,,,,False,0,none,False,3.746233699959703,6.741652600001544,,,,,,,,,,,8136.547148300044
349,349,137,137,732,732,,1,-1.8766321829843946e-10,1.8766321829843946e-10,0.08035928253211164,2.9100063347063773e-05,5.2721895585156666e-05,0,2250,3.0360177738454026e-08,0.006181229237691396,2250,3.0360177738454026e-08,0.006180050517540417,2250,3.0360177738454026e-08,0.006181229237691396,True,248,1496,-438.34090965278784,-438.340909652788,False,True,energy_not_decreased,L-BFGS-B,True,6.578313973322857e-10,0.0001018821822440136,1.0064567855030504e-09,1.7053025658242404e-13,120262.15199062107,-2.5049406993105094e-15,9.947598300641403e-14,-1.7053025658242404e-13,,,,,,False,0,none,False,3.7541315000271425,0.6627644000109285,,,,,,,,,,,8141.039333600027
350,350,137,137,914,914,,1,-1.8629719988894067e-10,1.8629719988894067e-10,0.12101167597929052,6.557833976393922e-06,1.13423423262183e-05,0,2250,3.0360177738454026e-08,0.006136235482342968,2250,3.0360177738454026e-08,0.006138244178523061,2250,3.0360177738454026e-08,0.006136235482342968,True,249,1495,-438.34090965278784,-438.340909652788,False,True,energy_not_decreased,L-BFGS-B>Newton-CG,True,4.2126314556218053e-10,1.480740765602582e-05,1.028449486591311e-09,3.865352482534945e-12,120262.15199062107,-2.6853519408120974e-15,9.947598300641403e-14,-1.7053025658242404e-13,,,,,,False,0,none,False,3.7620693999924697,0.9619109999621287,,,,,,,,,,,8145.838730800024
351,351,137,137,272,272,,1,-1.8481088881472374e-10,1.8481088881472374e-10,0.011757543909081474,1.961049820827743e-05,4.406918828433045e-05,0,2250,3.0360177738454026e-08,0.006087279541207802,2250,3.0360177738454026e-08,0.00608716372687376,2250,3.0360177738454026e-08,0.006087279541207802,True,250,1494,-438.34090965278784,-438.340909652788,False,True,projected_residual,L-BFGS-B>Newton-CG>trust-krylov,False,3.4347624289083877e-07,0.03642569680582087,1.009429503702341e-09,1.0231815394945443e-12,120262.15199062107,-1.9914625504213745e-15,9.947598300641403e-14,-1.7053025658242404e-13,,,,,,False,0,none,False,3.736375799984671,35.99325230001705,,,,,,,,,,,8185.639549500018
352,352,137,137,813,813,,1,-1.8352341868421718e-10,1.8352341868421718e-10,0.068098849915136,1.8855987280122054e-05,3.4806734723388187e-05,0,2250,3.0360177738454026e-08,0.006044872999928702,2250,3.0360177738454026e-08,0.006045620593395526,2250,3.0360177738454026e-08,0.006044872999928702,True,251,1493,-438.34090965278784,-438.340909652788,False,True,energy_not_decreased,L-BFGS-B>Newton-CG,True,5.143449223641868e-13,5.2715825535946996e-08,1.0097569357424452e-09,4.547473508864641e-13,120262.15199062107,-2.5951463200613034e-15,9.947598300641403e-14,-1.7053025658242404e-13,,,,,,False,0,none,False,3.730235699971672,89.92724730004556,,,,,,,,,,,8279.373923100007
353,353,137,137,1378,1378,,1,-1.8175505545059423e-10,1.8175505545059423e-10,0.14076648075823853,6.794215787248407e-06,1.155052399507714e-05,0,2250,3.0360177738454026e-08,0.005986626857601835,2250,3.0360177738454026e-08,0.00598440914424347,2250,3.0360177738454026e-08,0.005986626857601835,True,252,1492,-438.34090965278784,-438.340909652788,False,True,energy_not_decreased,L-BFGS-B>Newton-CG,True,4.856253664946023e-13,1.812337833218177e-08,1.0267955210995223e-09,3.922195901395753e-12,120262.15199062107,-2.4147350785597155e-15,9.947598300641403e-14,-1.7053025658242404e-13,,,,,,False,0,none,False,3.7427099000196904,13.470499100047164,,,,,,,,,,,8296.662207700021
354,354,137,137,1530,1530,,1,-1.8049384209462005e-10,1.8049384209462005e-10,0.05681169852567514,1.3477721262341568e-05,2.539203352059378e-05,0,2250,3.0360177738454026e-08,0.0059450851589056275,2250,3.0360177738454026e-08,0.005944198299907982,2250,3.0360177738454026e-08,0.0059450851589056275,True,253,1491,-438.34090965278784,-438.340909652788,False,True,energy_not_decreased,L-BFGS-B>Newton-CG,True,5.416707994198276e-13,4.035515111394522e-08,1.0134225937573717e-09,8.526512829121202e-13,120262.15199062107,-2.3939183968479938e-15,9.947598300641403e-14,-1.7053025658242404e-13,,,,,,False,0,none,False,3.737312600016594,125.80563099996652,,,,,,,,,,,8426.281686900009
355,355,137,137,1402,1402,,1,-1.794804305177422e-10,1.794804305177422e-10,0.07557603579766131,3.549655906133926e-05,6.475812628654041e-05,0,2250,3.0360177738454026e-08,0.005911705526361703,2250,3.0360177738454026e-08,0.005911636397576215,2250,3.0360177738454026e-08,0.005911705526361703,True,254,1490,-438.34090965278784,-438.340909652788,False,True,energy_not_decreased,L-BFGS-B>Newton-CG,True,5.822402810178606e-13,1.1500977475948997e-07,1.0050625286610243e-09,1.7053025658242404e-13,120262.15199062107,-2.5396351688300456e-15,9.947598300641403e-14,-1.7053025658242404e-13,,,,,,False,0,none,False,3.7394287000061013,50.69793550000759,,,,,,,,,,,8480.793061600009
356,356,137,137,1786,1786,,1,1.7929646656256182e-10,1.7929646656256182e-10,0.019514469082980403,1.3377474689345012e-05,2.840960749054828e-05,0,2250,3.0360177738454026e-08,0.005905646143021948,2250,3.0360177738454026e-08,0.005905510523183274,2250,3.0360177738454026e-08,0.005905646143021948,True,255,1489,-438.34090965278784,-438.340909652788,False,True,projected_residual,L-BFGS-B>Newton-CG>trust-krylov,False,5.135321918098907e-09,0.00038341748343915925,1.0133935517807805e-09,1.4779288903810084e-12,120262.15199062107,-2.5118795932144167e-15,9.947598300641403e-14,-1.7053025658242404e-13,,,,,,False,0,none,False,3.7456315000308678,79.16176240000641,,,,,,,,,,,8563.774418100016
357,357,137,137,1440,1440,,1,1.7843787558646795e-10,1.7843787558646795e-10,0.004982660178340649,5.687057299896925e-05,0.00014062562866467844,0,2250,3.0360177738454026e-08,0.005877365973403363,2250,3.0360177738454026e-08,0.005877347553632711,2250,3.0360177738454026e-08,0.005877365973403363,True,256,1488,-438.34090965278784,-438.340909652788,False,True,energy_not_decreased,L-BFGS-B>Newton-CG,True,5.039214798154471e-13,1.606819581559787e-07,1.003136142262632e-09,1.7053025658242404e-13,120262.15199062107,-2.6298407895808396e-15,9.947598300641403e-14,-1.7053025658242404e-13,,,,,,False,0,none,False,3.7377704000100493,7.486859299999196,,,,,,,,,,,8575.074118500052
358,358,137,137,1392,1392,,1,1.7680901187588915e-10,1.7680901187588915e-10,0.012682301442872248,1.4640869294997336e-05,3.262470928675439e-05,0,2250,3.0360177738454026e-08,0.00582371465012683,2250,3.0360177738454026e-08,0.005823874620934528,2250,3.0360177738454026e-08,0.00582371465012683,True,257,1487,-438.34090965278784,-438.340909652788,False,True,energy_not_decreased,L-BFGS-B>Newton-CG,True,6.270333812327746e-13,5.1980139103001755e-08,1.0120629415783261e-09,1.4210854715202004e-12,120262.15199062107,-2.706168622523819e-15,9.947598300641403e-14,-1.7053025658242404e-13,,,,,,False,0,none,False,3.7166495000128634,6.476655300008133,,,,,,,,,,,8585.339996500057
359,359,138,138,1284,1284,1284,1,-1.73024261584942e-10,1.73024261584942e-10,0.2173594545678884,5.066918882431255e-06,8.195652031967041e-06,0,2250,3.0360177738454026e-08,0.0056990529856414665,2250,3.0360177738454026e-08,0.005701427094088345,2250,3.0360177738454026e-08,0.0056990529856414665,True,258,1486,-438.34090965280166,-438.34090965280177,True,False,accepted,L-BFGS-B>Newton-CG,True,8.276062341160376e-10,2.4186897642607545e-05,1.0342171305450159e-09,1.3812950783176348e-11,153043.7998941924,-2.6506574712925612e-15,9.947598300641403e-14,-1.1368683772161603e-13,1.3812950783176348e-11,1.375610736431554e-11,5.684341886080802e-14,1.3812950783176348e-11,1.0027625901566352e-10,False,0,none,True,3.7332821000018157,24.960505099967122,2.0912693798891269e-10,ok,1.1683491881453727e-06,1.652295267462781e-06,7.482228311243414e-05,1.5217498609829144e-05,7.482228423306828e-05,1.5215058838439977e-05,2.3623535046489374e-05,9.771686286005502e-07,8614.161807600001
360,360,138,138,1371,1371,,1,-1.728021198355023e-10,1.728021198355023e-10,0.004615300548417099,4.352955805619702e-05,0.0001085582359858373,0,2250,3.0360162344957034e-08,0.005691738992436763,2250,3.0360162344957034e-08,0.0056918815985847575,2250,3.0360162344957034e-08,0.005691738992436763,True,259,1485,-438.34090965280166,-438.34090965280177,False,True,projected_residual,L-BFGS-B>Newton-CG>trust-krylov,False,4.915072038127035e-07,0.12378823926381116,1.0039705484683826e-09,5.115907697472721e-13,153043.7998941924,-2.1788126858268697e-15,9.947598300641403e-14,-1.1368683772161603e-13,,,,,,False,0,none,False,3.733453900029417,33.48566129995743,,,,,,,,,,,8651.457630700024
361,361,138,138,1556,1556,,1,1.722773035339742e-10,1.722773035339742e-10,0.040644594228494646,1.525879837426184e-05,2.9850009263090265e-05,0,2250,3.0360162344957034e-08,0.005674452645428303,2250,3.0360162344957034e-08,0.005674526415509045,2250,3.0360162344957034e-08,0.005674452645428303,True,260,1484,-438.34090965280166,-438.34090965280177,False,True,projected_residual,L-BFGS-B>Newton-CG>trust-krylov,False,1.2274943263893222e-09,0.00010905225413567737,1.0112560197505146e-09,7.958078640513122e-13,153043.7998941924,-2.3175905639050143e-15,9.947598300641403e-14,-1.1368683772161603e-13,,,,,,False,0,none,False,3.7387487000087276,36.50708559999475,,,,,,,,,,,8691.779309500009
362,362,138,138,802,802,,1,-1.7200818547280505e-10,1.7200818547280505e-10,0.06879537345399483,2.652232396718814e-05,4.8902055887825035e-05,0,2250,3.0360162344957034e-08,0.005665588461564219,2250,3.0360162344957034e-08,0.005664153392979058,2250,3.0360162344957034e-08,0.005665588461564219,True,261,1483,-438.34090965280166,-438.34090965280177,False,True,energy_not_decreased,L-BFGS-B,True,5.600876978361852e-10,8.594458862253568e-05,1.006516846573041e-09,2.8421709430404007e-13,153043.7998941924,-2.220446049250313e-15,9.947598300641403e-14,-1.1368683772161603e-13,,,,,,False,0,none,False,3.726237500028219,0.7663853000267409,,,,,,,,,,,8696.347809900006
363,363,138,138,1061,1061,,1,1.709583585807195e-10,1.709583585807195e-10,0.04517508882778651,1.3674818088741247e-05,2.643586262300669e-05,0,2250,3.0360162344957034e-08,0.005631009368074624,2250,3.0360162344957034e-08,0.005630836820376756,2250,3.0360162344957034e-08,0.005631009368074624,True,262,1482,-438.34090965280166,-438.34090965280177,False,True,projected_residual,L-BFGS-B>Newton-CG>trust-krylov,False,2.4077670395857297e-06,0.1923380727114615,1.0125184109710706e-09,8.526512829121202e-13,153043.7998941924,-2.1996293675385914e-15,9.947598300641403e-14,-1.1368683772161603e-13,,,,,,False,0,none,False,3.7477862000232562,16.422548200003803,,,,,,,,,,,8716.593974700023
364,364,138,138,1316,1316,,1,-1.6752968456934525e-10,1.6752968456934525e-10,0.005245546918360506,0.0001176560701249856,0.0002892716908121072,0,2250,3.0360162344957034e-08,0.005518076045373081,2250,3.0360162344957034e-08,0.005518039050386396,2250,3.0360162344957034e-08,0.005518076045373081,True,263,1481,-438.34090965280166,-438.34090965280177,False,True,projected_residual,L-BFGS-B>Newton-CG>trust-krylov,False,2.172007003269501e-09,0.00152438373578712,1.0014248426772595e-09,2.2737367544323206e-13,153043.7998941924,-2.3175905639050143e-15,9.947598300641403e-14,-1.1368683772161603e-13,,,,,,False,0,none,False,3.7423546999925748,98.26553439995041,,,,,,,,,,,8818.675958100008
365,365,138,138,942,942,,1,-1.643258307204576e-10,1.643258307204576e-10,0.005415095370183304,5.470469496099955e-05,0.00013402272761220104,0,2250,3.0360162344957034e-08,0.005412547826765916,2250,3.0360162344957034e-08,0.005412582917848136,2250,3.0360162344957034e-08,0.005412547826765916,True,264,1480,-438.34090965280166,-438.34090965280177,False,True,energy_not_decreased,L-BFGS-B>Newton-CG,True,8.454697432541952e-13,2.812597070784323e-07,1.0030060108930513e-09,3.410605131648481e-13,153043.7998941924,-2.0122792321330962e-15,9.947598300641403e-14,-1.1368683772161603e-13,,,,,,False,0,none,False,3.7557896999642253,43.31299859995488,,,,,,,,,,,8865.820783500036
366,366,138,138,208,208,,1,1.6346346498608e-10,1.6346346498608e-10,0.04207552383803096,1.599173534336008e-05,3.116257684187228e-05,0,2250,3.0360162344957034e-08,0.005384143310196497,2250,3.0360162344957034e-08,0.0053848113655970324,2250,3.0360162344957034e-08,0.005384143310196497,True,265,1479,-438.34090965280166,-438.34090965280177,False,True,energy_not_decreased,L-BFGS-B,True,2.9814770489085167e-10,2.926360621344086e-05,1.0101883446187816e-09,5.684341886080801e-13,153043.7998941924,-2.345346139520643e-15,9.947598300641403e-14,-1.1368683772161603e-13,,,,,,False,0,none,False,3.7351118000224233,0.7326117000193335,,,,,,,,,,,8870.360790000006
367,367,138,138,1094,1094,,1,-1.5976375777881913e-10,1.5976375777881913e-10,0.16684677981519883,5.543359441420862e-06,9.242740238528081e-06,0,2250,3.0360162344957034e-08,0.005262282723114511,2250,3.0360162344957034e-08,0.005255608437120499,2250,3.0360162344957034e-08,0.005262282723114511,True,266,1478,-438.34090965280166,-438.34090965280177,False,True,energy_not_decreased,L-BFGS-B>Newton-CG,True,7.631570999823689e-13,2.645025349501826e-08,1.0288525438943754e-09,5.6274984672199935e-12,153043.7998941924,-2.345346139520643e-15,9.947598300641403e-14,-1.1368683772161603e-13,,,,,,False,0,none,False,3.724647599970922,6.776099400012754,,,,,,,,,,,8880.936937900027
368,368,138,138,569,569,,1,-1.5930190500057506e-10,1.5930190500057506e-10,0.12600185241008927,6.197780271380179e-06,1.0670424044357644e-05,0,2250,3.0360162344957034e-08,0.005247070262357667,2250,3.0360162344957034e-08,0.005251437454964972,2250,3.0360162344957034e-08,0.005247070262357667,True,267,1477,-438.34090965280166,-438.34090965280177,False,True,energy_not_decreased,L-BFGS-B>Newton-CG,True,5.989362094140207e-10,2.327001074789858e-05,1.0257385445972822e-09,3.296918293926865e-12,153043.7998941924,-2.581268532253489e-15,9.947598300641403e-14,-1.1368683772161603e-13,,,,,,False,0,none,False,3.74806010001339,0.9577907999628223,,,,,,,,,,,8885.71914390003
369,369,138,138,589,589,,1,-1.5722712021215557e-10,1.5722712021215557e-10,0.13867211387817938,6.449989680173654e-06,1.0984083547586225e-05,0,2250,3.0360162344957034e-08,0.005178731207880769,2250,3.0360162344957034e-08,0.005178358869623657,2250,3.0360162344957034e-08,0.005178731207880769,True,268,1476,-438.34090965280166,-438.34090965280177,False,True,energy_not_decreased,L-BFGS-B>Newton-CG,True,8.796343130815001e-10,3.598192788810732e-05,1.0244465587229482e-09,3.296918293926865e-12,153043.7998941924,-2.6229018956769323e-15,9.947598300641403e-14,-1.1368683772161603e-13,,,,,,False,0,none,False,3.733918200014159,6.633956100034993,,,,,,,,,,,8896.1631222
370,370,138,138,1338,1338,,1,-1.5618084603374882e-10,1.5618084603374882e-10,0.10848872986341082,5.569780932914215e-06,9.75374644808825e-06,0,2250,3.0360162344957034e-08,0.005144269133320073,2250,3.0360162344957034e-08,0.005141278041492099,2250,3.0360162344957034e-08,0.005144269133320073,True,269,1475,-438.34090965280166,-438.34090965280177,False,True,projected_residual,L-BFGS-B>Newton-CG>trust-krylov,False,1.0493454648745335e-09,3.721426872220561e-05,1.028197395808248e-09,3.808509063674137e-12,153043.7998941924,-2.0261570199409107e-15,9.947598300641403e-14,-1.1368683772161603e-13,,,,,,False,0,none,False,3.7393754000077024,75.19724890001817,,,,,,,,,,,8975.175039200054
371,371,138,138,940,940,,1,1.5513901274744057e-10,1.5513901274744057e-10,0.0274535924899183,1.6209469804457178e-05,3.313495336960833e-05,0,2250,3.0360162344957034e-08,0.0051099533324204995,2250,3.0360162344957034e-08,0.005109933801121384,2250,3.0360162344957034e-08,0.0051099533324204995,True,270,1474,-438.34090965280166,-438.34090965280177,False,True,projected_residual,L-BFGS-B>Newton-CG>trust-krylov,False,1.6713946584330145e-08,0.0017448429339807037,1.0095790550878976e-09,7.389644451905042e-13,153043.7998941924,-2.435551760271437e-15,9.947598300641403e-14,-1.1368683772161603e-13,,,,,,False,0,none,False,3.752731899963692,53.90005320002092,,,,,,,,,,,9032.911444300029
372,372,138,138,1372,1372,,1,-1.5405443587468426e-10,1.5405443587468426e-10,0.014782748103405014,8.827509324492743e-06,1.933719141200537e-05,0,2250,3.0360162344957034e-08,0.005074229647532614,2250,3.0360162344957034e-08,0.0050740105102263415,2250,3.0360162344957034e-08,0.005074229647532614,True,271,1473,-438.34090965280166,-438.34090965280177,False,True,energy_not_decreased,L-BFGS-B>Newton-CG,True,7.88536171809698e-13,4.509062232888904e-08,1.0174878085748773e-09,2.8421709430404007e-12,153043.7998941924,-2.2065682614424986e-15,9.947598300641403e-14,-1.1368683772161603e-13,,,,,,False,0,none,False,3.9632950000232086,14.06057490000967,,,,,,,,,,,9051.014565700025
373,373,138,138,690,690,,1,-1.5326057090092604e-10,1.5326057090092604e-10,0.011466386279023267,1.3579017979104e-05,3.060053084020533e-05,0,2250,3.0360162344957034e-08,0.005048081402186024,2250,3.0360162344957034e-08,0.005047835399920752,2250,3.0360162344957034e-08,0.005048081402186024,True,272,1472,-438.34090965280166,-438.34090965280177,False,True,energy_not_decreased,L-BFGS-B>Newton-CG,True,5.820108959062452e-13,5.159863075723162e-08,1.0112795802401149e-09,1.4779288903810084e-12,153043.7998941924,-2.1510571102112408e-15,9.947598300641403e-14,-1.1368683772161603e-13,,,,,,False,0,none,False,3.7806016999529675,23.767763999989256,,,,,,,,,,,9078.63727450004
374,374,138,138,1788,1788,,1,1.5072651460279474e-10,1.5072651460279474e-10,0.006841607867198612,5.708026441377941e-05,0.00013624918375368294,0,2250,3.0360162344957034e-08,0.0049646149085178105,2250,3.0360162344957034e-08,0.004964666462438025,2250,3.0360162344957034e-08,0.0049646149085178105,True,273,1471,-438.34090965280166,-438.34090965280177,False,True,energy_not_decreased,L-BFGS-B>Newton-CG,True,7.319421015923166e-13,2.7748442280317005e-07,1.0026377772640288e-09,2.2737367544323206e-13,153043.7998941924,-2.310651670001107e-15,9.947598300641403e-14,-1.1368683772161603e-13,,,,,,False,0,none,False,3.732712899975013,6.719966000004206,,,,,,,,,,,9089.166349200008
375,375,138,138,1101,1101,,1,-1.4938095205252466e-10,1.4938095205252466e-10,0.10176773517304143,6.764066289574135e-06,1.1931435815257763e-05,0,2250,3.0360162344957034e-08,0.004920294903407773,2250,3.0360162344957034e-08,0.004921700080751757,2250,3.0360162344957034e-08,0.004920294903407773,True,274,1470,-438.34090965280166,-438.34090965280177,False,True,energy_not_decreased,L-BFGS-B,True,8.481132835361995e-10,3.846934790346446e-05,1.0220464689358518e-09,2.2737367544323206e-12,153043.7998941924,-2.1024848528838902e-15,9.947598300641403e-14,-1.1368683772161603e-13,,,,,,False,0,none,False,3.709649599972181,0.7044849999947473,,,,,,,,,,,9093.655633900024
376,376,138,138,725,725,,1,1.488352774359214e-10,1.488352774359214e-10,0.02076586076611977,1.3351689206345946e-05,2.8158633739170117e-05,0,2250,3.0360162344957034e-08,0.004902321527297223,2250,3.0360162344957034e-08,0.004902291235043174,2250,3.0360162344957034e-08,0.004902321527297223,True,275,1469,-438.34090965280166,-438.34090965280177,False,True,energy_not_decreased,L-BFGS-B>Newton-CG,True,8.659462509922862e-13,7.761657896563075e-08,1.0111567175793169e-09,1.0231815394945443e-12,153043.7998941924,-2.1371793224034263e-15,9.947598300641403e-14,-1.1368683772161603e-13,,,,,,False,0,none,False,3.740776900027413,14.039658199995756,,,,,,,,,,,9111.514606900048
377,377,138,138,1593,1593,,1,-1.4878942522500438e-10,1.4878942522500438e-10,0.0974229505290952,8.294779254753765e-06,1.4704082221112096e-05,0,2250,3.0360162344957034e-08,0.004900811251746123,2250,3.0360162344957034e-08,0.004898600391706742,2250,3.0360162344957034e-08,0.004900811251746123,True,276,1468,-438.34090965280166,-438.34090965280177,False,True,energy_not_decreased,L-BFGS-B>Newton-CG,True,4.687770542604841e-10,2.618955289117036e-05,1.0178993912652298e-09,1.4779288903810084e-12,153043.7998941924,-2.5118795932144167e-15,9.947598300641403e-14,-1.1368683772161603e-13,,,,,,False,0,none,False,3.7346149000222795,0.9275295000406913,,,,,,,,,,,9116.251468000002
378,378,138,138,950,950,,1,-1.4846346374497443e-10,1.4846346374497443e-10,0.06757054363691743,1.1976144730592193e-05,2.2126488396479053e-05,0,2250,3.0360162344957034e-08,0.004890074765019658,2250,3.0360162344957034e-08,0.004891398849598508,2250,3.0360162344957034e-08,0.004890074765019658,True,277,1467,-438.34090965280166,-438.34090965280177,False,True,energy_not_decreased,L-BFGS-B>Newton-CG,True,9.064828310281889e-10,7.272409819447728e-05,1.0124646830078814e-09,7.389644451905042e-13,153043.7998941924,-2.3869795029440866e-15,9.947598300641403e-14,-1.1368683772161603e-13,,,,,,False,0,none,False,3.740503799985163,6.700651600025594,,,,,,,,,,,9126.769173500012
379,379,138,138,754,754,,1,1.457073628419181e-10,1.457073628419181e-10,0.008224310575887602,4.602226784755862e-05,0.00010762484052241715,0,2250,3.0360162344957034e-08,0.004799294588295269,2250,3.0360162344957034e-08,0.004799380704169735,2250,3.0360162344957034e-08,0.004799294588295269,True,278,1466,-438.34090965280166,-438.34090965280177,False,True,energy_not_decreased,L-BFGS-B>Newton-CG,True,1.0480637686834312e-12,3.3093812258490096e-07,1.0031669478284859e-09,2.2737367544323206e-13,153043.7998941924,-2.220446049250313e-15,9.947598300641403e-14,-1.1368683772161603e-13,,,,,,False,0,none,False,3.7450428000302054,6.663299300009385,,,,,,,,,,,9137.252418600023
380,380,138,138,505,505,,1,-1.426414542038401e-10,1.426414542038401e-10,0.16806522150329026,4.985595112781845e-06,8.305828596874822e-06,0,2250,3.0360162344957034e-08,0.004698309995286752,2250,3.0360162344957034e-08,0.0046982622009123275,2250,3.0360162344957034e-08,0.004698309995286752,True,279,1465,-438.34090965280166,-438.34090965280177,False,True,energy_not_decreased,L-BFGS-B>Newton-CG,True,8.646338395723117e-13,3.018566765657418e-08,1.0286438534144532e-09,5.6274984672199935e-12,155540.21174620118,-2.7269853042355408e-15,9.947598300641403e-14,-1.1368683772161603e-13,,,,,,False,0,none,False,3.7512819999828935,31.26127900002757,,,,,,,,,,,9172.339501200011
381,381,138,138,1110,1110,,1,-1.4052403685127501e-10,1.4052403685127501e-10,0.16564142028049936,5.11776341990816e-06,8.540205672732144e-06,0,2250,3.0360162344957034e-08,0.0046285667136630685,2250,3.0360162344957034e-08,0.004626513928064512,2250,3.0360162344957034e-08,0.0046285667136630685,True,280,1464,-438.34090965280166,-438.34090965280177,False,True,energy_not_decreased,L-BFGS-B>Newton-CG,True,9.927514636810942e-13,3.6106395841930926e-08,1.027495169222296e-09,5.115907697472721e-12,153043.7998941924,-2.192690473634684e-15,9.947598300641403e-14,-1.1368683772161603e-13,,,,,,False,0,none,False,3.733582600019872,12.116217500006314,,,,,,,,,,,9188.264062000031
382,382,138,138,1269,1269,,1,-1.4035361761699505e-10,1.4035361761699505e-10,0.01837949397129947,1.3758127680995264e-05,2.941419674125563e-05,0,2250,3.0360162344957034e-08,0.004622953461917454,2250,3.0360162344957034e-08,0.004623178639017579,2250,3.0360162344957034e-08,0.004622953461917454,True,281,1463,-438.34090965280166,-438.34090965280177,False,True,energy_not_decreased,L-BFGS-B>Newton-CG,True,9.069458012930128e-10,8.898277489285181e-05,1.0101923748993569e-09,8.526512829121202e-13,153043.7998941924,-2.3314683517128287e-15,9.947598300641403e-14,-1.1368683772161603e-13,,,,,,False,0,none,False,3.728188000037335,1.1689218999817967,,,,,,,,,,,9193.237616700004
383,383,138,138,760,760,,1,-1.4012535576313212e-10,1.4012535576313212e-10,0.014957751196994435,8.186895979478616e-06,1.7910353803437597e-05,0,2250,3.0360162344957034e-08,0.004615434995735706,2250,3.0360162344957034e-08,0.004615668784568777,2250,3.0360162344957034e-08,0.004615434995735706,True,282,1462,-438.34090965280166,-438.34090965280177,False,True,energy_not_decreased,L-BFGS-B>Newton-CG,True,3.6164829797371785e-13,2.108121546287895e-08,1.0171550022156232e-09,2.7284841053187847e-12,153043.7998941924,-2.2967738821932926e-15,9.947598300641403e-14,-1.1368683772161603e-13,,,,,,False,0,none,False,3.7108764000004157,29.54869399999734,,,,,,,,,,,9226.574414000032
384,384,138,138,1544,1544,,1,-1.3906039514344215e-10,1.3906039514344215e-10,0.003538102029169173,0.00022790383654104347,0.0005854280183397333,0,2250,3.0360162344957034e-08,0.004580357429035314,2250,3.0360162344957034e-08,0.004580367732257987,2250,3.0360162344957034e-08,0.004580357429035314,True,283,1461,-438.34090965280166,-438.34090965280177,False,True,energy_not_decreased,L-BFGS-B>Newton-CG,True,6.974581920784272e-13,1.1426117425160702e-06,1.0006104069878914e-09,1.1368683772161603e-13,153043.7998941924,-2.3175905639050143e-15,9.947598300641403e-14,-1.1368683772161603e-13,,,,,,False,0,none,False,3.7841437000315636,9.388428100035526,,,,,,,,,,,9239.823610100022
385,385,138,138,466,466,,1,-1.361595280968686e-10,1.361595280968686e-10,0.09687722124791191,1.0796316888316998e-05,1.915072350778471e-05,0,2250,3.0360162344957034e-08,0.004484808959510895,2250,3.0360162344957034e-08,0.004487837257891455,2250,3.0360162344957034e-08,0.004484808959510895,True,284,1460,-438.34090965280166,-438.34090965280177,False,True,energy_not_decreased,L-BFGS-B>Newton-CG,True,7.608893900566126e-13,5.990646267700257e-08,1.0127012905796007e-09,7.958078640513122e-13,153043.7998941924,-2.1718737919229625e-15,9.947598300641403e-14,-1.1368683772161603e-13,,,,,,False,0,none,False,3.7041076000314206,19.30549559998326,,,,,,,,,,,9262.907569800038
386,386,138,138,664,664,,1,1.3545364829781192e-10,1.3545364829781192e-10,0.03190939108984158,1.5386469656880655e-05,3.092741941619997e-05,0,2250,3.0360162344957034e-08,0.004461558761075315,2250,3.0360162344957034e-08,0.0044609433119221316,2250,3.0360162344957034e-08,0.004461558761075315,True,285,1459,-438.34090965280166,-438.34090965280177,False,True,energy_not_decreased,L-BFGS-B>Newton-CG,True,1.2213915965621374e-12,1.3858997656521176e-07,1.0088129865292778e-09,5.684341886080801e-13,153043.7998941924,-2.67841304690819e-15,9.947598300641403e-14,-1.1368683772161603e-13,,,,,,False,0,none,False,3.7429271999862976,18.679891099978704,,,,,,,,,,,9285.405813000049
387,387,138,138,484,484,,1,-1.3517542640784086e-10,1.3517542640784086e-10,0.05631120903277415,1.12710505765655e-05,2.1255823195383823e-05,0,2250,3.0360162344957034e-08,0.004452394716205927,2250,3.0360162344957034e-08,0.004451399501281447,2250,3.0360162344957034e-08,0.004452394716205927,True,286,1458,-438.34090965280166,-438.34090965280177,False,True,projected_residual,L-BFGS-B>Newton-CG>trust-krylov,False,1.5755474254162567e-09,0.00013072856779976027,1.0120520514523617e-09,7.958078640513122e-13,153043.7998941924,-2.067790383364354e-15,9.947598300641403e-14,-1.1368683772161603e-13,,,,,,False,0,none,False,3.7298227000283077,63.0785774999531,,,,,,,,,,,9352.290408600005
388,388,138,138,1435,1435,,1,-1.325934917417726e-10,1.325934917417726e-10,0.07480028983627213,2.8956809385024022e-05,5.288892017718007e-05,0,2250,3.0360162344957034e-08,0.004367351209628726,2250,3.0360162344957034e-08,0.0043665109728631,2250,3.0360162344957034e-08,0.004367351209628726,True,287,1457,-438.34090965280166,-438.34090965280177,False,True,energy_not_decreased,L-BFGS-B,True,5.231931708465022e-10,0.00011471545770557609,1.0045607905099356e-09,1.7053025658242404e-13,153043.7998941924,-2.2620794126737565e-15,9.947598300641403e-14,-1.1368683772161603e-13,,,,,,False,0,none,False,3.7269610000075772,0.6760677000274882,,,,,,,,,,,9356.774703200033
389,389,138,138,1710,1710,,1,-1.311226682787492e-10,1.311226682787492e-10,0.08118268750281951,2.129895144041569e-05,3.854383263417727e-05,0,2250,3.0360162344957034e-08,0.004318905373064623,2250,3.0360162344957034e-08,0.004319101285092183,2250,3.0360162344957034e-08,0.004318905373064623,True,288,1456,-438.34090965280166,-438.34090965280177,False,True,energy_not_decreased,L-BFGS-B,True,3.422239172537106e-10,5.5784546940801514e-05,1.0061347440468932e-09,2.2737367544323206e-13,153043.7998941924,-2.373101715136272e-15,9.947598300641403e-14,-1.1368683772161603e-13,,,,,,False,0,none,False,3.7275343000073917,0.7054572000051849,,,,,,,,,,,9361.284022700042
390,390,138,138,840,840,,1,-1.3086420835861645e-10,1.3086420835861645e-10,0.14197384083191283,5.121941766707553e-06,8.699091140911215e-06,0,2250,3.0360162344957034e-08,0.0043103922459872355,2250,3.0360162344957034e-08,0.004309634839850038,2250,3.0360162344957034e-08,0.0043103922459872355,True,289,1455,-438.34090965280166,-438.34090965280177,False,True,energy_not_decreased,L-BFGS-B,True,2.603943798572058e-10,1.0150614318191676e-05,1.025653066080004e-09,3.751665644813329e-12,153043.7998941924,-2.6645352591003757e-15,9.947598300641403e-14,-1.1368683772161603e-13,,,,,,False,0,none,False,3.6896449000341818,0.795849799993448,,,,,,,,,,,9365.845608300006
391,391,138,138,1202,1202,,1,1.2996137499499127e-10,1.2996137499499127e-10,0.03816414255540202,1.1925599907138446e-05,2.349482455801135e-05,0,2250,3.0360162344957034e-08,0.004280654810680829,2250,3.0360162344957034e-08,0.0042801889104926725,2250,3.0360162344957034e-08,0.004280654810680829,True,290,1454,-438.34090965280166,-438.34090965280177,False,True,energy_not_decreased,L-BFGS-B>Newton-CG,True,6.609942070057603e-10,6.05713057124702e-05,1.0109126623445016e-09,6.821210263296962e-13,153043.7998941924,-2.5118795932144167e-15,9.947598300641403e-14,-1.1368683772161603e-13,,,,,,False,0,none,False,3.744689900020603,6.523745900020003,,,,,,,,,,,9376.188442200015
392,392,138,138,317,317,,1,-1.2783907266111783e-10,1.2783907266111783e-10,0.0976672732365381,1.0137497487312325e-05,1.7965552021971586e-05,0,2250,3.0360162344957034e-08,0.004210750628029909,2250,3.0360162344957034e-08,0.004219170155760033,2250,3.0360162344957034e-08,0.004210750628029909,True,291,1453,-438.34090965280166,-438.34090965280177,False,True,energy_not_decreased,L-BFGS-B>Newton-CG,True,5.798680381448097e-13,4.563720082479773e-08,1.0127060386628649e-09,7.958078640513122e-13,153043.7998941924,-2.4771851236948805e-15,9.947598300641403e-14,-1.1368683772161603e-13,,,,,,False,0,none,False,3.7167425000225194,6.427076399966609,,,,,,,,,,,9386.408523600025
393,393,138,138,572,572,,1,1.275323180394139e-10,1.275323180394139e-10,0.018259346157093452,2.571264737611361e-05,5.501264656479913e-05,0,2250,3.0360162344957034e-08,0.004200646774887804,2250,3.0360162344957034e-08,0.0042004990210295435,2250,3.0360162344957034e-08,0.004200646774887804,True,292,1452,-438.34090965280166,-438.34090965280177,False,True,energy_not_decreased,L-BFGS-B>Newton-CG,True,6.144349717141456e-13,1.2422399648972306e-07,1.0049461858342722e-09,3.410605131648481e-13,153043.7998941924,-2.1718737919229625e-15,9.947598300641403e-14,-1.1368683772161603e-13,,,,,,False,0,none,False,3.7266081999987364,14.735998200019822,,,,,,,,,,,9404.947168200044
394,394,138,138,1595,1595,,1,-1.2631473644830749e-10,1.2631473644830749e-10,0.012149621874783427,2.2929548936683086e-05,5.1339713438482666e-05,0,2250,3.0360162344957034e-08,0.004160542193849268,2250,3.0360162344957034e-08,0.004160703757215125,2250,3.0360162344957034e-08,0.004160542193849268,True,293,1451,-438.34090965280166,-438.34090965280177,False,True,energy_not_decreased,L-BFGS-B>Newton-CG,True,4.907065606646823e-13,8.887634890930182e-08,1.0055212277134095e-09,4.547473508864641e-13,153043.7998941924,-2.060851489460447e-15,9.947598300641403e-14,-1.1368683772161603e-13,,,,,,False,0,none,False,3.7270665999967605,25.068975999951363,,,,,,,,,,,9433.820499500027
395,395,138,138,660,660,,1,1.260015806969772e-10,1.260015806969772e-10,0.0012108480323063636,6.422378480244125e-05,0.0001858667125261575,0,2250,3.0360162344957034e-08,0.004150227500937809,2250,3.0360162344957034e-08,0.004150236975809903,2250,3.0360162344957034e-08,0.004150227500937809,True,294,1450,-438.34090965280166,-438.34090965280177,False,True,energy_not_decreased,L-BFGS-B>Newton-CG,True,7.806305111868734e-13,3.9815548890175896e-07,1.001960617228561e-09,3.410605131648481e-13,153043.7998941924,-2.310651670001107e-15,9.947598300641403e-14,-1.1368683772161603e-13,,,,,,False,0,none,False,3.7104120000149123,13.736270199995488,,,,,,,,,,,9451.344483500056
396,396,138,138,1550,1550,,1,1.2516621072933276e-10,1.2516621072933276e-10,0.014013858601502107,2.1039612074505113e-05,4.636402134399561e-05,0,2250,3.0360162344957034e-08,0.004122712168241204,2250,3.0360162344957034e-08,0.004122829767319769,2250,3.0360162344957034e-08,0.004122712168241204,True,295,1449,-438.34090965280166,-438.34090965280177,False,True,energy_not_decreased,L-BFGS-B>Newton-CG,True,6.369914483107562e-10,0.00010697433594106191,1.005954619327216e-09,3.979039320256561e-13,153043.7998941924,-2.2412627309620348e-15,9.947598300641403e-14,-1.1368683772161603e-13,,,,,,False,0,none,False,3.7196230000117794,18.022364100033883,,,,,,,,,,,9473.160781200044
397,397,138,138,248,248,,1,1.2238621227567137e-10,1.2238621227567137e-10,0.016912386273869685,1.4678941838307893e-05,3.167571543367897e-05,0,2250,3.0360162344957034e-08,0.004031144856377894,2250,3.0360162344957034e-08,0.004031063119727188,2250,3.0360162344957034e-08,0.004031144856377894,True,296,1448,-438.34090965280166,-438.34090965280177,False,True,projected_residual,L-BFGS-B>Newton-CG>trust-krylov,False,3.1806111036352245e-08,0.003825504771953924,1.0083142259472617e-09,7.389644451905042e-13,153043.7998941924,-2.4771851236948805e-15,9.947598300641403e-14,-1.1368683772161603e-13,,,,,,False,0,none,False,3.676278300001286,105.30308990000049,,,,,,,,,,,9582.218005600036
398,398,138,138,617,617,,1,-1.192863266930716e-10,1.192863266930716e-10,0.0002953387413393982,0.0009233748591025389,0.003125994015533557,0,2250,3.0360162344957034e-08,0.003929041134158679,2250,3.0360162344957034e-08,0.003929049914511252,2250,3.0360162344957034e-08,0.003929041134158679,True,297,1447,-438.34090965280166,-438.34090965280177,False,True,energy_not_decreased,L-BFGS-B>Newton-CG,True,4.78804577089571e-13,3.704625638697248e-06,1.0001292450638166e-09,1.1368683772161603e-13,153043.7998941924,-2.157996004115148e-15,9.947598300641403e-14,-1.1368683772161603e-13,,,,,,False,0,none,False,3.7525356999831274,27.854772499995306,,,,,,,,,,,9613.900316200044
399,399,138,138,1317,1317,,1,1.170707975006735e-10,1.170707975006735e-10,0.03865289647855847,1.0865827799990629e-05,2.137641839504838e-05,0,2250,3.0360162344957034e-08,0.0038560662545376514,2250,3.0360162344957034e-08,0.003856567078579671,2250,3.0360162344957034e-08,0.0038560662545376514,True,298,1446,-438.34090965280166,-438.34090965280177,False,True,energy_not_decreased,L-BFGS-B>Newton-CG,True,5.397875394374677e-10,5.00224181426358e-05,1.0107909125444176e-09,7.389644451905042e-13,153043.7998941924,-2.3175905639050143e-15,9.947598300641403e-14,-1.1368683772161603e-13,,,,,,False,0,none,False,3.7547839999897406,1.0318207000382245,,,,,,,,,,,9618.763269300049
400,400,138,138,739,739,,1,1.170434305031165e-10,1.170434305031165e-10,0.01288980258293112,2.8121683284779665e-05,6.255111245988768e-05,0,2250,3.0360162344957034e-08,0.003855164843100978,2250,3.0360162344957034e-08,0.003855068880375352,2250,3.0360162344957034e-08,0.003855164843100978,True,299,1445,-438.34090965280166,-438.34090965280177,False,True,energy_not_decreased,L-BFGS-B>Newton-CG,True,7.639385744200513e-13,1.8337734605158497e-07,1.0041659375646388e-09,2.2737367544323206e-13,153043.7998941924,-2.2967738821932926e-15,9.947598300641403e-14,-1.1368683772161603e-13,,,,,,False,0,none,False,3.7800719999941066,6.508935300051235,,,,,,,,,,,9629.126917100046
401,401,138,138,1297,1297,,1,1.1592143911443031e-10,1.1592143911443031e-10,0.012618675790309519,2.0201443760857943e-05,4.504076871734714e-05,0,2250,3.0360162344957034e-08,0.003818208802618126,2250,3.0360162344957034e-08,0.003818057520061024,2250,3.0360162344957034e-08,0.003818208802618126,True,300,1444,-438.34090965280166,-438.34090965280177,False,True,energy_not_decreased,L-BFGS-B>Newton-CG,True,7.448160617691738e-13,1.2967810191323903e-07,1.0057435762151076e-09,5.115907697472721e-13,153043.7998941924,-2.4980018054066022e-15,9.947598300641403e-14,-1.1368683772161603e-13,,,,,,False,0,none,False,3.7300235999864526,13.63946490001399,,,,,,,,,,,9646.573551700043
402,402,138,138,386,386,,1,-1.1574741165532032e-10,1.1574741165532032e-10,0.09593102935271182,9.702810422488245e-06,1.7230191964538543e-05,0,2250,3.0360162344957034e-08,0.003812476703522849,2250,3.0360162344957034e-08,0.0038144263642025267,2250,3.0360162344957034e-08,0.003812476703522849,True,301,1443,-438.34090965280166,-438.34090965280177,False,True,energy_not_decreased,L-BFGS-B>Newton-CG,True,6.02868257537893e-13,5.0114679679217095e-08,1.0120297737388893e-09,6.821210263296962e-13,153043.7998941924,-2.3939183968479938e-15,9.947598300641403e-14,-1.1368683772161603e-13,,,,,,False,0,none,False,3.725169299985282,6.366626699978951,,,,,,,,,,,9656.741845200013
403,403,138,138,799,799,,1,-1.1568701552278071e-10,1.1568701552278071e-10,0.18667893633889593,4.392736086551226e-06,7.230566699274768e-06,0,2250,3.0360162344957034e-08,0.0038104873817315695,2250,3.0360162344957034e-08,0.003811693305395744,2250,3.0360162344957034e-08,0.0038104873817315695,True,302,1442,-438.34090965280166,-438.34090965280177,False,True,energy_not_decreased,L-BFGS-B>Newton-CG,True,5.613524291490729e-10,2.094738301021171e-05,1.026798212878211e-09,5.9117155615240335e-12,176532.4627393526,-2.5673907444456745e-15,9.947598300641403e-14,-1.1368683772161603e-13,,,,,,False,0,none,False,3.7127991000306793,18.909593600023072,,,,,,,,,,,9679.440435100056
404,404,138,138,149,149,,1,-1.156132967139456e-10,1.156132967139456e-10,0.06951430803764698,3.228370476083482e-05,5.945516767993517e-05,0,2250,3.0360162344957034e-08,0.0038080592389569193,2250,3.0360162344957034e-08,0.0038081190145039796,2250,3.0360162344957034e-08,0.0038080592389569193,True,303,1441,-438.34090965280166,-438.34090965280177,False,True,energy_not_decreased,L-BFGS-B>Newton-CG,True,4.041345616153942e-10,0.00011203438380573435,1.0036072368846706e-09,1.1368683772161603e-13,153043.7998941924,-2.366162821232365e-15,9.947598300641403e-14,-1.1368683772161603e-13,,,,,,False,0,none,False,3.7313995999866165,0.9776177000021562,,,,,,,,,,,9684.23771440005
405,405,138,138,444,444,,1,-1.1549681350198071e-10,1.1549681350198071e-10,0.0025080612897154615,0.00016621927736456011,0.00044363374433978656,0,2250,3.0360162344957034e-08,0.003804222526536169,2250,3.0360162344957034e-08,0.0038043120152376634,2250,3.0360162344957034e-08,0.003804222526536169,True,304,1440,-438.34090965280166,-438.34090965280177,False,True,energy_not_decreased,L-BFGS-B>Newton-CG,True,1.659104423305953e-12,2.386151816717757e-06,1.0006953054754028e-09,1.1368683772161603e-13,153043.7998941924,-2.060851489460447e-15,9.947598300641403e-14,-1.1368683772161603e-13,,,,,,False,0,none,False,3.7702775000361726,6.9655499999644235,,,,,,,,,,,9695.049338900018
406,406,138,138,608,608,,1,-1.1413092693146609e-10,1.1413092693146609e-10,0.2209049740413806,6.103980854603708e-06,9.854693565933281e-06,0,2250,3.0360162344957034e-08,0.003759233090873896,2250,3.0360162344957034e-08,0.0037479381362238175,2250,3.0360162344957034e-08,0.003759233090873896,True,305,1439,-438.34090965280166,-438.34090965280177,False,True,energy_not_decreased,L-BFGS-B>Newton-CG,True,1.0574114730021981e-12,5.67173058024239e-08,1.0186435420026071e-09,4.490630090003833e-12,153043.7998941924,-2.6506574712925612e-15,9.947598300641403e-14,-1.1368683772161603e-13,,,,,,False,0,none,False,3.752263900008984,7.349162200000137,,,,,,,,,,,9706.228881000017
407,407,138,138,624,624,,1,-1.1157530455108144e-10,1.1157530455108144e-10,0.012000789863514357,1.3590637212800861e-05,3.0471556382065345e-05,0,2250,3.0360162344957034e-08,0.003675056255738851,2250,3.0360162344957034e-08,0.0036748767058734644,2250,3.0360162344957034e-08,0.003675056255738851,True,306,1438,-438.34090965280166,-438.34090965280177,False,True,energy_not_decreased,L-BFGS-B>Newton-CG,True,9.789059097650113e-10,0.00011934599029874365,1.0082022521855543e-09,7.958078640513122e-13,153043.7998941924,-2.157996004115148e-15,9.947598300641403e-14,-1.1368683772161603e-13,,,,,,False,0,none,False,3.767291700001806,7.192792300018482,,,,,,,,,,,9717.265652200032
408,408,138,138,1779,1779,,1,1.113793501872351e-10,1.113793501872351e-10,0.07245196024217454,2.9672210163480145e-05,5.439109035901648e-05,0,2250,3.0360162344957034e-08,0.0036686019304417766,2250,3.0360162344957034e-08,0.0036717329628429274,2250,3.0360162344957034e-08,0.0036686019304417766,True,307,1437,-438.34090965280166,-438.34090965280177,False,True,energy_not_decreased,L-BFGS-B>Newton-CG,True,6.066705663081009e-13,1.6290635213382572e-07,1.0037240448783098e-09,1.7053025658242404e-13,153043.7998941924,-2.3939183968479938e-15,9.947598300641403e-14,-1.1368683772161603e-13,,,,,,False,0,none,False,3.733717800001614,18.946606699959375,,,,,,,,,,,9740.022826500004
409,409,138,138,1711,1711,,1,1.0925935156613775e-10,1.0925935156613775e-10,0.005300046261175703,6.516038464503684e-05,0.00016002049104677497,0,2250,3.0360162344957034e-08,0.0035987736272525645,2250,3.0360162344957034e-08,0.003598722584989716,2250,3.0360162344957034e-08,0.0035987736272525645,True,308,1436,-438.34090965280166,-438.34090965280177,False,True,projected_residual,L-BFGS-B>Newton-CG>trust-krylov,False,1.3135269995712555e-09,0.0007834986375653767,1.0016764891942288e-09,2.8421709430404007e-13,153043.7998941924,-2.6506574712925612e-15,9.947598300641403e-14,-1.1368683772161603e-13,,,,,,False,0,none,False,3.7649114999803714,37.19006509997416,,,,,,,,,,,9781.0530439
410,410,138,138,1444,1444,,1,1.092193002705244e-10,1.092193002705244e-10,0.037768366235954885,1.0363151415019768e-05,2.0440501485532114e-05,0,2250,3.0360162344957034e-08,0.003597454421671307,2250,3.0360162344957034e-08,0.0035979498673563664,2250,3.0360162344957034e-08,0.003597454421671307,True,309,1435,-438.34090965280166,-438.34090965280177,False,True,energy_not_decreased,L-BFGS-B>Newton-CG,True,7.308749588378558e-10,6.92368451600698e-05,1.0105561562943565e-09,6.252776074688882e-13,153043.7998941924,-2.275957200481571e-15,9.947598300641403e-14,-1.1368683772161603e-13,,,,,,False,0,none,False,3.7793142999871634,6.578652299998794,,,,,,,,,,,9791.491218200012
411,411,138,138,1000,1000,,1,1.0894041224673856e-10,1.0894041224673856e-10,0.10453705641188046,9.276573215193441e-06,1.6313598840426047e-05,0,2250,3.0360162344957034e-08,0.0035882684357527515,2250,3.0360162344957034e-08,0.0035862123216802485,2250,3.0360162344957034e-08,0.0035882684357527515,True,310,1434,-438.34090965280166,-438.34090965280177,False,True,energy_not_decreased,L-BFGS-B>Newton-CG,True,4.415417315040549e-10,3.791312588080079e-05,1.0116461442111702e-09,6.821210263296962e-13,153043.7998941924,-2.581268532253489e-15,9.947598300641403e-14,-1.1368683772161603e-13,,,,,,False,0,none,False,3.770192100026179,0.9567736000171863,,,,,,,,,,,9796.295774800004
412,412,138,138,482,482,,1,1.0863221433510262e-10,1.0863221433510262e-10,0.07310300140396488,2.4218326847777915e-05,4.4348964524741085e-05,0,2250,3.0360162344957034e-08,0.0035781170436707805,2250,3.0360162344957034e-08,0.003580831299652359,2250,3.0360162344957034e-08,0.0035781170436707805,True,311,1433,-438.34090965280166,-438.34090965280177,False,True,energy_not_decreased,L-BFGS-B,False,6.921429191482387e-10,0.00015557537653856614,1.0044489233100244e-09,2.2737367544323206e-13,153043.7998941924,-2.192690473634684e-15,9.947598300641403e-14,-1.1368683772161603e-13,,,,,,False,0,none,False,3.7681232999893837,3.4505525999702513,,,,,,,,,,,9803.592438900028
413,413,138,138,512,512,,1,-1.0845013775906409e-10,1.0845013775906409e-10,0.16478784971084037,4.244191919260675e-06,7.08663264760015e-06,0,2250,3.0360162344957034e-08,0.003572119823564717,2250,3.0360162344957034e-08,0.0035719856819537476,2250,3.0360162344957034e-08,0.003572119823564717,True,312,1432,-438.34090965280166,-438.34090965280177,False,True,projected_residual,L-BFGS-B>Newton-CG>trust-krylov,False,1.6115940860263365e-08,0.0006295580244095077,1.0255988173216905e-09,4.490630090003833e-12,182710.99287564657,-2.4980018054066022e-15,9.947598300641403e-14,-1.1368683772161603e-13,,,,,,False,0,none,False,3.754669999994803,46.63717319996795,,,,,,,,,,,9854.061118100013
414,414,138,138,633,633,,1,-1.0845013775906409e-10,1.0845013775906409e-10,0.18559667372507435,4.3275979394852475e-06,7.128101802809806e-06,0,2250,3.0360162344957034e-08,0.003572119823564717,2250,3.0360162344957034e-08,0.0035686368956606854,2250,3.0360162344957034e-08,0.003572119823564717,True,313,1431,-438.34090965280166,-438.34090965280177,False,True,energy_not_decreased,L-BFGS-B>Newton-CG,True,4.4887856494946025e-13,1.7587918439955678e-08,1.0255219835412538e-09,5.343281372915953e-12,179189.59440468543,-2.761679773755077e-15,9.947598300641403e-14,-1.1368683772161603e-13,,,,,,False,0,none,False,3.7073436999926344,6.564712800027337,,,,,,,,,,,9864.410195400007
415,415,138,138,1060,1060,,1,-1.0658141036401503e-10,1.0658141036401503e-10,0.1875772373173398,4.009538975987989e-06,6.59617847104442e-06,0,2250,3.0360162344957034e-08,0.0035105678669639494,2250,3.0360162344957034e-08,0.003509044365420889,2250,3.0360162344957034e-08,0.0035105678669639494,True,314,1430,-438.34090965280166,-438.34090965280177,False,True,energy_not_decreased,L-BFGS-B>Newton-CG,True,5.463956440498406e-13,2.0164125153467714e-08,1.0270974138422204e-09,6.0254023992456496e-12,193403.91106482086,-2.3869795029440866e-15,9.947598300641403e-14,-1.1368683772161603e-13,,,,,,False,0,none,False,3.7109326000208966,6.664249700028449,,,,,,,,,,,9874.863330500026
416,416,138,138,622,622,,1,-1.0533085514907725e-10,1.0533085514907725e-10,0.22192270850600482,5.92523949784801e-06,9.561054967634792e-06,0,2250,3.0360162344957034e-08,0.0034693772039915724,2250,3.0360162344957034e-08,0.0034664430862418245,2250,3.0360162344957034e-08,0.0034693772039915724,True,315,1429,-438.34090965280166,-438.34090965280177,False,True,energy_not_decreased,L-BFGS-B>Newton-CG,True,5.295659373011303e-13,2.988615526251112e-08,1.0177194400768377e-09,4.035882739117369e-12,153043.7998941924,-2.3800406090401793e-15,9.947598300641403e-14,-1.1368683772161603e-13,,,,,,False,0,none,False,3.703630100004375,9.404951900010929,,,,,,,,,,,9888.047776100051
417,417,138,138,795,795,,1,-1.0508749426207942e-10,1.0508749426207942e-10,0.1377283036000913,4.85797836279394e-06,8.27939432179101e-06,0,2250,3.0360162344957034e-08,0.003461361407362005,2250,3.0360162344957034e-08,0.003461151669322582,2250,3.0360162344957034e-08,0.003461361407362005,True,316,1428,-438.34090965280166,-438.34090965280177,False,True,energy_not_decreased,L-BFGS-B>Newton-CG,True,4.749291646010721e-13,2.186538621102892e-08,1.0217205934538453e-09,2.6147972675971687e-12,159626.17813656296,-2.456368441983159e-15,9.947598300641403e-14,-1.1368683772161603e-13,,,,,,False,0,none,False,3.702000899997074,30.33677599998191,,,,,,,,,,,9922.165237100038
418,418,138,138,1748,1748,,1,-1.042899100411887e-10,1.042899100411887e-10,0.12654864042130887,4.462090366344507e-06,7.678383603467076e-06,0,2250,3.0360162344957034e-08,0.0034350906578242244,2250,3.0360162344957034e-08,0.003433971462554139,2250,3.0360162344957034e-08,0.0034350906578242244,True,317,1427,-438.34090965280166,-438.34090965280177,False,True,energy_not_decreased,L-BFGS-B>Newton-CG,True,5.747602993268238e-10,2.4537791777966077e-05,1.0234234728425292e-09,2.7853275241795927e-12,173788.618305863,-2.5326962749261384e-15,9.947598300641403e-14,-1.1368683772161603e-13,,,,,,False,0,none,False,3.700565400009509,0.9530758999753743,,,,,,,,,,,9926.893197700032
419,419,138,138,738,738,,1,-1.0415845963507309e-10,1.0415845963507309e-10,0.07433608081412064,2.4339116800653566e-05,4.448607276865618e-05,0,2250,3.0360162344957034e-08,0.0034307609574549688,2250,3.0360162344957034e-08,0.00342890012252431,2250,3.0360162344957034e-08,0.0034307609574549688,True,318,1426,-438.34090965280166,-438.34090965280177,False,True,energy_not_decreased,L-BFGS-B,True,4.769865157699948e-10,0.00011202923017220808,1.004257696987088e-09,1.7053025658242404e-13,153043.7998941924,-2.6506574712925612e-15,9.947598300641403e-14,-1.1368683772161603e-13,,,,,,False,0,none,False,3.7105123000219464,1.2672716000233777,,,,,,,,,,,9931.948598200048
420,420,138,138,707,707,,1,1.0292566798852931e-10,1.0292566798852931e-10,0.10548848169377605,6.932114172041792e-06,1.2178153528011397e-05,0,2250,3.0360162344957034e-08,0.0033901553891270858,2250,3.0360162344957034e-08,0.003386916990751226,2250,3.0360162344957034e-08,0.0033901553891270858,True,319,1425,-438.34090965280166,-438.34090965280177,False,True,energy_not_decreased,L-BFGS-B>Newton-CG,True,6.376951469320018e-10,4.3328749802708985e-05,1.0147175985883659e-09,1.0800249583553523e-12,153043.7998941924,-2.2898349882893854e-15,9.947598300641403e-14,-1.1368683772161603e-13,,,,,,False,0,none,False,3.716415499977302,1.1576170999906026,,,,,,,,,,,9936.899245600041
421,421,138,138,227,227,,1,1.0121714577593366e-10,1.0121714577593366e-10,0.0058086105510470505,4.7878629618823784e-05,0.0001163869255272846,0,2250,3.0360162344957034e-08,0.0033338802548513484,2250,3.0360162344957034e-08,0.0033338315818396626,2250,3.0360162344957034e-08,0.0033338802548513484,True,320,1424,-438.34090965280166,-438.34090965280177,False,True,energy_not_decreased,L-BFGS-B>Newton-CG,True,7.013644397160408e-13,3.317899316956056e-07,1.0021138810214395e-09,1.1368683772161603e-13,153043.7998941924,-2.2273849431542203e-15,9.947598300641403e-14,-1.1368683772161603e-13,,,,,,False,0,none,False,3.713412400044035,6.801063299993984,,,,,,,,,,,9947.4899018
422,422,138,138,292,292,,1,-1.0088907487215693e-10,1.0088907487215693e-10,0.08160213214759027,1.7061980461150617e-05,3.085838021435786e-05,0,2250,3.0360162344957034e-08,0.00332307428813585,2250,3.0360162344957034e-08,0.0033240986098051696,2250,3.0360162344957034e-08,0.00332307428813585,True,321,1423,-438.34090965280166,-438.34090965280177,False,True,energy_not_decreased,L-BFGS-B,True,3.4213351244579953e-10,5.812136382897175e-05,1.0058865362047004e-09,2.2737367544323206e-13,153043.7998941924,-2.2690183065776637e-15,9.947598300641403e-14,-1.1368683772161603e-13,,,,,,False,0,none,False,3.7101601000176743,0.691878599987831,,,,,,,,,,,9951.968995700008
423,423,138,138,1129,1129,,1,-1.0043166298601136e-10,1.0043166298601136e-10,0.1997717755810999,5.145596331514188e-06,8.404111811028573e-06,0,2250,3.0360162344957034e-08,0.0033080081010401293,2250,3.0360162344957034e-08,0.0033067057600018944,2250,3.0360162344957034e-08,0.0033080081010401293,True,322,1422,-438.34090965280166,-438.34090965280177,False,True,energy_not_decreased,L-BFGS-B>Newton-CG,True,7.098191536421022e-10,3.6422140125263916e-05,1.019488672307582e-09,3.637978807091713e-12,153043.7998941924,-2.5673907444456745e-15,9.947598300641403e-14,-1.1368683772161603e-13,,,,,,False,0,none,False,3.6674752000253648,12.506912200013176,,,,,,,,,,,9968.219912600005
424,424,138,138,685,685,,1,9.904743691890872e-11,9.904743691890872e-11,0.04566606467451067,9.26449238553522e-06,1.788818563329006e-05,0,2250,3.0360162344957034e-08,0.003262414600867935,2250,3.0360162344957034e-08,0.003262693036554972,2250,3.0360162344957034e-08,0.003262414600867935,True,323,1421,-438.34090965280166,-438.34090965280177,False,True,projected_residual,L-BFGS-B>Newton-CG>trust-krylov,False,1.298276042793589e-09,0.00012115182913855257,1.0107161076479403e-09,7.389644451905042e-13,153043.7998941924,-2.588207426157396e-15,9.947598300641403e-14,-1.1368683772161603e-13,,,,,,False,0,none,False,3.7082345000235364,73.26013399998192,,,,,,,,,,,10045.262795000046
425,425,138,138,1737,1737,,1,-9.899281394609716e-11,9.899281394609716e-11,0.21907992900652243,5.3562163930164165e-06,8.655720409239492e-06,0,2250,3.0360162344957034e-08,0.003260615434836116,2250,3.0360162344957034e-08,0.003259978132366146,2250,3.0360162344957034e-08,0.003260615434836116,True,324,1420,-438.34090965280166,-438.34090965280177,False,True,energy_not_decreased,L-BFGS-B>Newton-CG,True,7.868637666409009e-13,4.271158922325086e-08,1.0184227227539583e-09,4.206412995699793e-12,153043.7998941924,-2.123301534595612e-15,9.947598300641403e-14,-1.1368683772161603e-13,,,,,,False,0,none,False,3.7205670999828726,13.068358100019395,,,,,,,,,,,10062.131424900028
426,426,138,138,379,379,,1,9.893838526231491e-11,9.893838526231491e-11,0.00653260610107288,4.350873829599583e-05,0.00010439011965163536,0,2250,3.0360162344957034e-08,0.0032588226682769713,2250,3.0360162344957034e-08,0.0032587841088635447,2250,3.0360162344957034e-08,0.0032588226682769713,True,325,1419,-438.34090965280166,-438.34090965280177,False,True,energy_not_decreased,L-BFGS-B>Newton-CG,True,6.950804693643885e-13,3.056406302741366e-07,1.0022741756184083e-09,1.7053025658242404e-13,153043.7998941924,-2.1718737919229625e-15,9.947598300641403e-14,-1.1368683772161603e-13,,,,,,False,0,none,False,3.705708699999377,6.682921300001908,,,,,,,,,,,10072.5947056
427,427,138,138,628,628,,1,9.863754257821711e-11,9.863754257821711e-11,0.10372483126709754,9.96180125649194e-06,1.7534136898511274e-05,0,2250,3.0360162344957034e-08,0.003248913541946236,2250,3.0360162344957034e-08,0.0032461241882536292,2250,3.0360162344957034e-08,0.003248913541946236,True,326,1418,-438.34090965280166,-438.34090965280177,False,True,energy_not_decreased,L-BFGS-B,True,3.022109992121485e-10,3.0807441574221604e-05,1.0098096753177008e-09,5.684341886080801e-13,153043.7998941924,-2.2620794126737565e-15,9.947598300641403e-14,-1.1368683772161603e-13,,,,,,False,0,none,False,3.680804600007832,0.7323211000184529,,,,,,,,,,,10077.080924900016
428,428,138,138,1642,1642,,1,9.829204117295376e-11,9.829204117295376e-11,0.05276724468547658,1.438368519022288e-05,2.732497784254887e-05,0,2250,3.0360162344957034e-08,0.0032375334511108283,2250,3.0360162344957034e-08,0.00323791520865044,2250,3.0360162344957034e-08,0.0032375334511108283,True,327,1417,-438.34090965280166,-438.34090965280177,False,True,energy_not_decreased,L-BFGS-B>Newton-CG,True,3.7387620212323494e-10,5.454750732537114e-05,1.00685413908821e-09,3.410605131648481e-13,153043.7998941924,-2.373101715136272e-15,9.947598300641403e-14,-1.1368683772161603e-13,,,,,,False,0,none,False,3.7051366000087,1.5902229999774136,,,,,,,,,,,10082.45169060002
429,429,138,138,1803,1803,,1,9.794565158927071e-11,9.794565158927071e-11,0.05203492134994188,1.4223272995074484e-05,2.706274145450915e-05,0,2250,3.0360162344957034e-08,0.003226124105543195,2250,3.0360162344957034e-08,0.003225277962109051,2250,3.0360162344957034e-08,0.003226124105543195,True,328,1416,-438.34090965280166,-438.34090965280177,False,True,projected_residual,L-BFGS-B>Newton-CG>trust-krylov,False,3.3279750104621274e-09,0.0004818594535274768,1.0069065263451813e-09,3.979039320256561e-13,153043.7998941924,-2.3800406090401793e-15,9.947598300641403e-14,-1.1368683772161603e-13,,,,,,False,0,none,False,3.887083400040865,22.803433099994436,,,,,,,,,,,10109.2187805
430,430,138,138,542,542,,1,-9.728429867239541e-11,9.728429867239541e-11,0.002044543124138784,0.00010045775195870562,0.00027428061809709755,0,2250,3.0360162344957034e-08,0.003204340529112974,2250,3.0360162344957034e-08,0.0032043889942304196,2250,3.0360162344957034e-08,0.003204340529112974,True,329,1415,-438.34090965280166,-438.34090965280177,False,True,energy_not_decreased,L-BFGS-B>Newton-CG,True,6.289478983180169e-10,0.0006489180128318822,1.0009692255198361e-09,1.1368683772161603e-13,153043.7998941924,-2.609024107869118e-15,9.947598300641403e-14,-1.1368683772161603e-13,,,,,,False,0,none,False,3.7139852000400424,12.69010619999608,,,,,,,,,,,10125.701773600013
431,431,138,138,1734,1734,,1,-9.720535487645066e-11,9.720535487645066e-11,0.01186706859692226,3.384913958023117e-05,7.598800920818981e-05,0,2250,3.0360162344957034e-08,0.0032017402862339083,2250,3.0360162344957034e-08,0.003201872486315932,2250,3.0360162344957034e-08,0.0032017402862339083,True,330,1414,-438.34090965280166,-438.34090965280177,False,True,energy_not_decreased,L-BFGS-B>Newton-CG,True,6.434630550830957e-10,0.00022342317988437947,1.0028800192326333e-09,1.7053025658242404e-13,153043.7998941924,-2.435551760271437e-15,9.947598300641403e-14,-1.1368683772161603e-13,,,,,,False,0,none,False,3.8557414000388235,18.235750399995595,,,,,,,,,,,10147.867732400016
432,432,138,138,1067,1067,,1,-9.678902124221622e-11,9.678902124221622e-11,0.01803098873995571,9.541520015492099e-06,2.0442954677693048e-05,0,2250,3.0360162344957034e-08,0.00318802713050358,2250,3.0360162344957034e-08,0.0031881433811615395,2250,3.0360162344957034e-08,0.00318802713050358,True,331,1413,-438.34090965280166,-438.34090965280177,False,True,energy_not_decreased,L-BFGS-B>Newton-CG,True,1.1700774027165675e-12,1.1549649065456214e-07,1.0101308480983734e-09,9.094947017729282e-13,153043.7998941924,-2.1718737919229625e-15,9.947598300641403e-14,-1.1368683772161603e-13,,,,,,False,0,none,False,3.688343600020744,6.692827999999281,,,,,,,,,,,10158.325618700008
433,433,138,138,64,64,,1,9.635048314748929e-11,9.635048314748929e-11,0.04015941759423058,9.729376955226535e-06,1.9058747179441012e-05,0,2250,3.0360162344957034e-08,0.003173582606467635,2250,3.0360162344957034e-08,0.0031726587998407193,2250,3.0360162344957034e-08,0.003173582606467635,True,332,1412,-438.34090965280166,-438.34090965280177,False,True,energy_not_decreased,L-BFGS-B>Newton-CG,True,8.73165552353298e-10,8.864977170056934e-05,1.0098496085844707e-09,5.684341886080801e-13,153043.7998941924,-2.282896094385478e-15,9.947598300641403e-14,-1.1368683772161603e-13,,,,,,False,0,none,False,3.6903295000083745,40.768045800039545,,,,,,,,,,,10202.859223300009
434,434,138,138,520,520,,1,-9.537970413475705e-11,9.537970413475705e-11,0.0985320615111127,7.915768184894032e-06,1.4014220154205247e-05,0,2250,3.0360162344957034e-08,0.003141607184146038,2250,3.0360162344957034e-08,0.0031411140173526453,2250,3.0360162344957034e-08,0.003141607184146038,True,333,1411,-438.34090965280166,-438.34090965280177,False,True,energy_not_decreased,L-BFGS-B,True,4.6115958087385974e-10,3.7892612485276346e-05,1.0121701711924205e-09,7.958078640513122e-13,153043.7998941924,-2.3592239273284576e-15,9.947598300641403e-14,-1.1368683772161603e-13,,,,,,False,0,none,False,3.6985984000493772,2.376923599978909,,,,,,,,,,,10209.013919500052
435,435,138,138,855,855,,1,-9.459100169806334e-11,9.459100169806334e-11,0.19818504437659595,4.736930870435646e-06,7.743747870786823e-06,0,2250,3.0360162344957034e-08,0.003115628981930505,2250,3.0360162344957034e-08,0.0031308763607147,2250,3.0360162344957034e-08,0.003115628981930505,True,334,1410,-438.34090965280166,-438.34090965280177,False,True,energy_not_decreased,L-BFGS-B>Newton-CG,True,9.868122046662537e-10,4.9484196341671494e-05,1.0199419668827732e-09,3.808509063674137e-12,163705.2641749016,-2.491062911502695e-15,9.947598300641403e-14,-1.1368683772161603e-13,,,,,,False,0,none,False,3.6965550999739207,94.96842120005749,,,,,,,,,,,10307.754427100008
436,436,138,138,1719,1719,,1,-9.466383232847875e-11,9.466383232847875e-11,0.018793096319131505,8.589719174760084e-06,1.831880922482469e-05,0,2250,3.0360162344957034e-08,0.0031180278699729303,2250,3.0360162344957034e-08,0.0031181404690813824,2250,3.0360162344957034e-08,0.0031180278699729303,True,335,1409,-438.34090965280166,-438.34090965280177,False,True,energy_not_decreased,L-BFGS-B>Newton-CG,True,9.069888420418932e-10,8.240819446602256e-05,1.0110060516180325e-09,1.0231815394945443e-12,153043.7998941924,-2.2690183065776637e-15,9.947598300641403e-14,-1.1368683772161603e-13,,,,,,False,0,none,False,3.6692229000036605,1.1579814000288025,,,,,,,,,,,10312.660755500023
437,437,138,138,519,519,,1,9.397904676688995e-11,9.397904676688995e-11,0.05317117124853439,1.169790230293233e-05,2.2203689468902957e-05,0,2250,3.0360162344957034e-08,0.003095472471427687,2250,3.0360162344957034e-08,0.0030973632026935613,2250,3.0360162344957034e-08,0.003095472471427687,True,336,1408,-438.34090965280166,-438.34090965280177,False,True,energy_not_decreased,L-BFGS-B,True,4.4677422826400977e-10,5.59895644680454e-05,1.0079795982074303e-09,2.8421709430404007e-13,153043.7998941924,-2.373101715136272e-15,9.947598300641403e-14,-1.1368683772161603e-13,,,,,,False,0,none,False,3.6507834999938495,0.6970517999725416,,,,,,,,,,,10317.082821400021
438,438,138,138,670,670,,1,9.285550106596929e-11,9.285550106596929e-11,0.05367131427571155,1.0421198097162176e-05,1.9759568026604718e-05,0,2250,3.0360162344957034e-08,0.003058465235163442,2250,3.0360162344957034e-08,0.0030591827013385646,2250,3.0360162344957034e-08,0.003058465235163442,True,337,1407,-438.34090965280166,-438.34090965280177,False,True,projected_residual,L-BFGS-B>Newton-CG>trust-krylov,False,4.096716834608563e-09,0.00046294920649082817,1.0088491713068522e-09,5.115907697472721e-13,153043.7998941924,-2.400857290751901e-15,9.947598300641403e-14,-1.1368683772161603e-13,,,,,,False,0,none,False,3.7057666000328027,9.589221699978225,,,,,,,,,,,10330.45482860005
439,439,138,138,1185,1185,,1,9.186607030642335e-11,9.186607030642335e-11,0.033843367030121266,7.7394824586779e-06,1.5454453168672938e-05,0,2250,3.0360162344957034e-08,0.003025875463465127,2250,3.0360162344957034e-08,0.0030261296978769344,2250,3.0360162344957034e-08,0.003025875463465127,True,338,1406,-438.34090965280166,-438.34090965280177,False,True,energy_not_decreased,L-BFGS-B>Newton-CG,True,5.393749880089467e-13,4.5363526363888944e-08,1.0118900586273274e-09,9.094947017729282e-13,153043.7998941924,-2.338407245616736e-15,9.947598300641403e-14,-1.1368683772161603e-13,,,,,,False,0,none,False,3.6887052999809384,18.545751099998597,,,,,,,,,,,10352.766045900004
440,440,138,138,1342,1342,,1,-9.125028510581501e-11,9.125028510581501e-11,0.0013448958145280791,3.727123748157059e-05,0.0001066130596251024,0,2250,3.0360162344957034e-08,0.0030055927919295897,2250,3.0360162344957034e-08,0.0030056243604510368,2250,3.0360162344957034e-08,0.0030055927919295897,True,339,1405,-438.34090965280166,-438.34090965280177,False,True,projected_residual,L-BFGS-B>Newton-CG>trust-krylov,False,6.62039160083197e-07,0.2701610663134105,1.0024505350423632e-09,5.115907697472721e-13,153043.7998941924,-2.463307335887066e-15,9.947598300641403e-14,-1.1368683772161603e-13,,,,,,False,0,none,False,3.708088399958797,28.718569500022568,,,,,,,,,,,10385.268764900044
441,441,138,138,1652,1652,,1,-8.964740061401244e-11,8.964740061401244e-11,0.11464044034405134,2.9798755336749312e-06,5.185741691100758e-06,0,2250,3.0360162344957034e-08,0.0029527971423678272,2250,3.0360162344957034e-08,0.0029521290107204154,2250,3.0360162344957034e-08,0.0029527971423678272,True,340,1404,-438.34090965280166,-438.34090965280177,False,True,energy_not_decreased,L-BFGS-B>Newton-CG,True,5.266744699495166e-10,1.7351862248643826e-05,1.0303526193559242e-09,4.376943252282217e-12,260232.5200363578,-1.908195823574488e-15,9.947598300641403e-14,-1.1368683772161603e-13,,,,,,False,0,none,False,3.717854799993802,12.447686599974986,,,,,,,,,,,10401.513254800055
442,442,138,138,88,88,,1,-8.915179705581977e-11,8.915179705581977e-11,0.2006601346024517,4.835995862649082e-06,7.894425296927449e-06,0,2250,3.0360162344957034e-08,0.002936473001786445,2250,3.0360162344957034e-08,0.002939029957724912,2250,3.0360162344957034e-08,0.002936473001786445,True,341,1403,-438.34090965280166,-438.34090965280177,False,True,projected_residual,L-BFGS-B>Newton-CG>trust-krylov,False,1.3284669226545989e-06,0.07219410305514931,1.0184013218038013e-09,3.410605131648481e-12,160351.77480448235,-2.55351295663786e-15,9.947598300641403e-14,-1.1368683772161603e-13,,,,,,False,0,none,False,3.6977540000225417,9.914087899960577,,,,,,,,,,,10415.20214280003
443,443,138,138,698,698,,1,-8.881606561317312e-11,8.881606561317312e-11,0.0953310729533629,7.995309125336731e-06,1.420811713314658e-05,0,2250,3.0360162344957034e-08,0.0029254147130055082,2250,3.0360162344957034e-08,0.0029212591230116398,2250,3.0360162344957034e-08,0.0029254147130055082,True,342,1402,-438.34090965280166,-438.34090965280177,False,True,energy_not_decreased,L-BFGS-B>Newton-CG,True,6.854834094039293e-13,6.103711428841865e-08,1.0112305998963977e-09,6.821210263296962e-13,153043.7998941924,-1.7694179454963432e-15,9.947598300641403e-14,-1.1368683772161603e-13,,,,,,False,0,none,False,3.7136485000373796,33.58616719994461,,,,,,,,,,,10452.57865770004
444,444,138,138,30,30,,1,8.603407962431229e-11,8.603407962431229e-11,3.990840189989289e-07,0.11765034759554156,0.829883549023048,0,2250,3.0360162344957034e-08,0.0028337819359059834,2250,3.0360162344957034e-08,0.0028337819196818017,2250,3.0360162344957034e-08,0.0028337819359059834,True,343,1401,-438.34090965280166,-438.34090965280177,False,True,projected_residual,L-BFGS-B>Newton-CG>trust-krylov,False,1.1588870124339736e-09,1.049373744531594,1.0000011043605947e-09,1.7053025658242404e-13,153043.7998941924,-2.4771851236948805e-15,9.947598300641403e-14,-1.1368683772161603e-13,,,,,,False,0,none,False,3.697699400014244,27.49649990000762,,,,,,,,,,,10483.848552500014
445,445,138,138,1097,1097,,1,8.544009943989295e-11,8.544009943989295e-11,0.07168131729458367,3.422365386299954e-05,6.28099404186488e-05,0,2250,3.0360162344957034e-08,0.0028142174758194255,2250,3.0360162344957034e-08,0.002813440950083281,2250,3.0360162344957034e-08,0.0028142174758194255,True,344,1400,-438.34090965280166,-438.34090965280177,False,True,energy_not_decreased,L-BFGS-B,True,5.400437166149264e-10,0.00021854209191244286,1.0024711199196872e-09,1.1368683772161603e-13,153043.7998941924,-2.3245294578089215e-15,9.947598300641403e-14,-1.1368683772161603e-13,,,,,,False,0,none,False,3.7116097999969497,0.6729874000302516,,,,,,,,,,,10488.309162600024
446,446,138,138,686,686,,1,-8.446754407032131e-11,8.446754407032131e-11,0.008938732534512437,1.9836932675746562e-05,4.596092263979791e-05,0,2250,3.0360162344957034e-08,0.0027821835440333792,2250,3.0360162344957034e-08,0.0027822153973371456,2250,3.0360162344957034e-08,0.0027821835440333792,True,345,1399,-438.34090965280166,-438.34090965280177,False,True,energy_not_decreased,L-BFGS-B>Newton-CG,True,7.295116344917083e-13,1.7088409688460536e-07,1.0042690434498673e-09,3.410605131648481e-13,153043.7998941924,-2.588207426157396e-15,9.947598300641403e-14,-1.1368683772161603e-13,,,,,,False,0,none,False,3.7145853000110947,41.063617400010116,,,,,,,,,,,10533.162770400057
447,447,138,138,687,687,,1,8.354972269586369e-11,8.354972269586369e-11,0.016145837102078054,2.108021927476031e-05,4.572518562948496e-05,0,2250,3.0360162344957034e-08,0.00275195243512068,2250,3.0360162344957034e-08,0.002751739578041044,2250,3.0360162344957034e-08,0.00275195243512068,True,346,1398,-438.34090965280166,-438.34090965280177,False,True,energy_not_decreased,L-BFGS-B>Newton-CG,True,7.377761781018358e-13,1.8587283638269465e-07,1.0039692522719287e-09,2.2737367544323206e-13,153043.7998941924,-2.282896094385478e-15,9.947598300641403e-14,-1.1368683772161603e-13,,,,,,False,0,none,False,3.6975123999873176,17.91058109997539,,,,,,,,,,,10554.847643300018
448,448,138,138,692,692,,1,-8.267919682225511e-11,8.267919682225511e-11,0.03515952441396185,1.082521881136166e-05,2.1523925417103954e-05,0,2250,3.0360162344957034e-08,0.0027232791406989467,2250,3.0360162344957034e-08,0.0027237259442091546,2250,3.0360162344957034e-08,0.0027232791406989467,True,347,1397,-438.34090965280166,-438.34090965280177,False,True,energy_not_decreased,L-BFGS-B>Newton-CG,True,8.010700201398171e-13,1.0509005254398833e-07,1.00762270072902e-09,3.410605131648481e-13,153043.7998941924,-2.0122792321330962e-15,9.947598300641403e-14,-1.1368683772161603e-13,,,,,,False,0,none,False,3.6735575000056997,6.49971220002044,,,,,,,,,,,10565.09734680003
449,449,138,138,497,497,,1,8.252953875853564e-11,8.252953875853564e-11,0.9642291060146155,2.4038043101910715e-06,3.261411098973578e-06,0,2250,3.0360162344957034e-08,0.002718349718319085,2250,3.0360162344957034e-08,0.0027099707590351025,2250,3.0360162344957034e-08,0.002718349718319085,True,348,1396,-438.34090965280166,-438.34090965280177,False,True,energy_not_decreased,L-BFGS-B>Newton-CG,True,7.370451100475973e-10,2.591437582749306e-05,1.0284415536362505e-09,4.092726157978177e-12,322597.1915581077,-2.1163626406917047e-15,9.947598300641403e-14,-1.1368683772161603e-13,,,,,,False,0,none,False,3.702262200007681,20.682863100024406,,,,,,,,,,,10589.558883300051
450,450,138,138,1123,1123,,1,8.063061329721677e-11,8.063061329721677e-11,0.10284396813276295,9.196458418850389e-06,1.6202696164222804e-05,0,2250,3.0360162344957034e-08,0.002655803100822677,2250,3.0360162344957034e-08,0.0026591437363150355,2250,3.0360162344957034e-08,0.002655803100822677,True,349,1395,-438.34090965280166,-438.34090965280177,False,True,energy_not_decreased,L-BFGS-B>Newton-CG,True,3.8483869887420055e-10,4.4401323805293014e-05,1.0086672798442178e-09,3.410605131648481e-13,153043.7998941924,-2.1371793224034263e-15,9.947598300641403e-14,-1.1368683772161603e-13,,,,,,False,0,none,False,3.713607400015462,0.9238488000119105,,,,,,,,,,,10594.270610000007
451,451,138,138,1133,1133,,1,-8.01776423031697e-11,8.01776423031697e-11,0.2182279630096301,4.564500067814987e-06,7.379607697454591e-06,0,2250,3.0360162344957034e-08,0.0026408831873880804,2250,3.0360162344957034e-08,0.002646798444519136,2250,3.0360162344957034e-08,0.0026408831873880804,True,350,1394,-438.34090965280166,-438.34090965280177,False,True,energy_not_decreased,L-BFGS-B>Newton-CG,True,1.628447328714232e-12,9.306475200322863e-08,1.0174980032038095e-09,3.751665644813329e-12,169889.474860743,-2.2690183065776637e-15,9.947598300641403e-14,-1.1368683772161603e-13,,,,,,False,0,none,False,3.68452760000946,14.666458100022282,,,,,,,,,,,10612.697701100027
452,452,138,138,153,153,,1,8.032463583163008e-11,8.032463583163008e-11,0.029764521544701734,2.4881289143271064e-05,5.040361525341578e-05,0,2250,3.0360162344957034e-08,0.002645724845571268,2250,3.0360162344957034e-08,0.0026448870895051687,2250,3.0360162344957034e-08,0.002645724845571268,True,351,1393,-438.34090965280166,-438.34090965280177,False,True,projected_residual,L-BFGS-B>Newton-CG>trust-krylov,False,7.018599053073276e-09,0.0021702689844332167,1.0032339765731419e-09,2.8421709430404007e-13,153043.7998941924,-2.2343238370581275e-15,9.947598300641403e-14,-1.1368683772161603e-13,,,,,,False,0,none,False,3.689467499963939,26.06065239995951,,,,,,,,,,,10642.521813000028
453,453,138,138,322,322,,1,-8.022560393783351e-11,8.022560393783351e-11,0.04140603166121318,1.0233287123889255e-05,1.997720536341017e-05,0,2250,3.0360162344957034e-08,0.002642462942928214,2250,3.0360162344957034e-08,0.002642897484931126,2250,3.0360162344957034e-08,0.002642462942928214,True,352,1392,-438.34090965280166,-438.34090965280177,False,True,energy_not_decreased,L-BFGS-B,True,7.724513457487625e-10,9.877628905003199e-05,1.007820210226338e-09,3.410605131648481e-13,153043.7998941924,-2.581268532253489e-15,9.947598300641403e-14,-1.1368683772161603e-13,,,,,,False,0,none,False,3.660007799975574,0.6949987999978475,,,,,,,,,,,10646.95260280004
454,454,138,138,282,282,,1,7.882050567786791e-11,7.882050567786791e-11,0.961203659274038,2.380536936024375e-06,3.2310725037590315e-06,0,2250,3.0360162344957034e-08,0.0025961819565487394,2250,3.0360162344957034e-08,0.0026101501085473455,2250,3.0360162344957034e-08,0.0025961819565487394,True,353,1391,-438.34090965280166,-438.34090965280177,False,True,energy_not_decreased,L-BFGS-B>Newton-CG,True,9.141702821771139e-13,3.3665437378637175e-08,1.027154564246274e-09,3.751665644813329e-12,325750.25734235183,-2.248201624865942e-15,9.947598300641403e-14,-1.1368683772161603e-13,,,,,,False,0,none,False,3.6911713000154123,10.107923800009303,,,,,,,,,,,10660.829739800014
455,455,138,138,1182,1182,,1,7.858780293190648e-11,7.858780293190648e-11,0.0739539230011588,1.5615924604465032e-05,2.8558781672069232e-05,0,2250,3.0360162344957034e-08,0.002588517216705868,2250,3.0360162344957034e-08,0.0025896679545450874,2250,3.0360162344957034e-08,0.002588517216705868,True,354,1390,-438.34090965280166,-438.34090965280177,False,True,energy_not_decreased,L-BFGS-B,True,7.463102983831332e-10,0.00015000518648316478,1.0049752299629113e-09,1.1368683772161603e-13,153043.7998941924,-1.9359513991901167e-15,9.947598300641403e-14,-1.1368683772161603e-13,,,,,,False,0,none,False,3.676231599994935,0.6657940999721177,,,,,,,,,,,10665.248606100038
456,456,138,138,1089,1089,,1,-7.806733037796221e-11,7.806733037796221e-11,0.1843440593701229,3.5019312977723897e-06,5.772607782279005e-06,0,2250,3.0360162344957034e-08,0.002571373943622194,2250,3.0360162344957034e-08,0.002568897416631781,2250,3.0360162344957034e-08,0.002571373943622194,True,355,1389,-438.34090965280166,-438.34090965280177,False,True,energy_not_decreased,L-BFGS-B>Newton-CG,True,4.530049782925882e-13,1.9823788202617823e-08,1.0228515848566607e-09,4.263256414560601e-12,221437.95911021766,-2.1996293675385914e-15,9.947598300641403e-14,-1.1368683772161603e-13,,,,,,False,0,none,False,3.667108600027859,86.77448319998803,,,,,,,,,,,10755.767164800025
457,457,138,138,977,977,,1,7.80104869591014e-11,7.80104869591014e-11,0.9675632384570014,2.242184449281582e-06,3.0408579760970878e-06,0,2250,3.0360162344957034e-08,0.0025695016407598133,2250,3.0360162344957034e-08,0.002552357693351934,2250,3.0360162344957034e-08,0.0025695016407598133,True,356,1388,-438.34090965280166,-438.34090965280177,False,True,energy_not_decreased,L-BFGS-B>Newton-CG,True,1.0676280957872621e-12,3.748224544031004e-08,1.0284835682399937e-09,4.206412995699793e-12,345850.45836500166,-2.6229018956769323e-15,9.947598300641403e-14,-1.1368683772161603e-13,,,,,,False,0,none,False,3.700160300009884,8.63224879995687,,,,,,,,,,,10768.17381920002
458,458,138,138,126,126,,1,-7.671774326922787e-11,7.671774326922787e-11,0.03581142305643713,1.1084448723849606e-05,2.19940169966278e-05,0,2250,3.0360162344957034e-08,0.002526921378006763,2250,3.0360162344957034e-08,0.002526959867866788,2250,3.0360162344957034e-08,0.002526921378006763,True,357,1387,-438.34090965280166,-438.34090965280177,False,True,projected_residual,L-BFGS-B>Newton-CG>trust-krylov,False,2.4113159762397364e-09,0.00034914818670626294,1.006906282398277e-09,3.979039320256561e-13,153043.7998941924,-2.1718737919229625e-15,9.947598300641403e-14,-1.1368683772161603e-13,,,,,,False,0,none,False,3.692680800042581,56.65506129997084,,,,,,,,,,,10828.596657600021
459,459,138,138,268,268,,1,7.566924864477187e-11,7.566924864477187e-11,0.045504273073769745,1.6927265324841957e-05,3.269675042499618e-05,0,2250,3.0360162344957034e-08,0.0024923861666155053,2250,3.0360162344957034e-08,0.002490818582442606,2250,3.0360162344957034e-08,0.0024923861666155053,True,358,1386,-438.34090965280166,-438.34090965280177,False,True,energy_not_decreased,L-BFGS-B>Newton-CG,True,5.554344375071467e-10,0.00012518135468503767,1.0044370380789108e-09,1.7053025658242404e-13,153043.7998941924,-2.4077961846558082e-15,9.947598300641403e-14,-1.1368683772161603e-13,,,,,,False,0,none,False,3.6791892999899574,0.9445969999651425,,,,,,,,,,,10833.294382500055
460,460,138,138,1695,1695,,1,7.475597918471522e-11,7.475597918471522e-11,0.009403365455396042,2.4845698906338924e-05,5.724180124553228e-05,0,2250,3.0360162344957034e-08,0.002462304988205458,2250,3.0360162344957034e-08,0.002462219446807445,2250,3.0360162344957034e-08,0.002462304988205458,True,359,1385,-438.34090965280166,-438.34090965280177,False,True,projected_residual,L-BFGS-B>Newton-CG>trust-krylov,False,1.1280856504748793e-09,0.0003760789015170724,1.0029995983447204e-09,2.8421709430404007e-13,153043.7998941924,-2.581268532253489e-15,9.947598300641403e-14,-1.1368683772161603e-13,,,,,,False,0,none,False,3.687922500015702,56.71035169996321,,,,,,,,,,,10893.768647800025
461,461,138,138,827,827,,1,-7.459632911377412e-11,7.459632911377412e-11,0.16876853258719116,4.86250752498325e-06,8.096896751898672e-06,0,2250,3.0360162344957034e-08,0.002457046450088068,2250,3.0360162344957034e-08,0.0024568676448766436,2250,3.0360162344957034e-08,0.002457046450088068,True,360,1384,-438.34090965280166,-438.34090965280177,False,True,projected_residual,L-BFGS-B>Newton-CG>trust-krylov,False,6.003436558172767e-09,0.0003838333699768288,1.0156407363917712e-09,1.8189894035458565e-12,159477.49500409982,-2.123301534595612e-15,9.947598300641403e-14,-1.1368683772161603e-13,,,,,,False,0,none,False,3.691434099979233,194.83149320003577,,,,,,,,,,,11092.366829200007
462,462,138,138,868,868,,1,7.453815342728376e-11,7.453815342728376e-11,0.051543741893147345,1.1772643229359311e-05,2.2423809825436878e-05,0,2250,3.0360162344957034e-08,0.0024551302651273504,2250,3.0360162344957034e-08,0.0024553120700163173,2250,3.0360162344957034e-08,0.0024551302651273504,True,361,1383,-438.34090965280166,-438.34090965280177,False,True,energy_not_decreased,L-BFGS-B>Newton-CG,True,8.747114562214263e-10,0.0001376307581551825,1.0063554939894698e-09,2.8421709430404007e-13,153043.7998941924,-2.1649348980190553e-15,9.947598300641403e-14,-1.1368683772161603e-13,,,,,,False,0,none,False,3.6461051000515,3.4152095000026748,,,,,,,,,,,11099.504228500009
463,463,138,138,461,461,,1,7.429268311653914e-11,7.429268311653914e-11,0.009642115989093732,1.1492178755544585e-05,2.6402863829008987e-05,0,2250,3.0360162344957034e-08,0.002447044988508749,2250,3.0360162344957034e-08,0.00244672423582136,2250,3.0360162344957034e-08,0.002447044988508749,True,362,1382,-438.34090965280166,-438.34090965280177,False,True,projected_residual,L-BFGS-B>Newton-CG>trust-krylov,False,2.0917526770899194e-08,0.0032459500590519687,1.0064441924214351e-09,6.821210263296962e-13,153043.7998941924,-2.2620794126737565e-15,9.947598300641403e-14,-1.1368683772161603e-13,,,,,,False,0,none,False,3.7235140000120737,43.31360930000665,,,,,,,,,,,11146.61372990004
464,464,138,138,875,875,,1,-7.380171473947428e-11,7.380171473947428e-11,0.0019514692335591216,5.46709103479254e-05,0.00015004376165688577,0,2250,3.0360162344957034e-08,0.0024308735210611643,2250,3.0360162344957034e-08,0.0024308534258242736,2250,3.0360162344957034e-08,0.0024308735210611643,True,363,1381,-438.34090965280166,-438.34090965280177,False,True,energy_not_decreased,L-BFGS-B>Newton-CG,True,1.2902592015364536e-12,9.547298328406094e-07,1.0013514390743376e-09,2.2737367544323206e-13,153043.7998941924,-2.6367796834847468e-15,9.947598300641403e-14,-1.1368683772161603e-13,,,,,,False,0,none,False,3.624135899997782,22.201944699976593,,,,,,,,,,,11172.515770700003
465,465,138,138,239,239,,1,7.355183129220677e-11,7.355183129220677e-11,0.10626378370654076,4.0652869847286195e-06,7.13585555188586e-06,0,2250,3.0360162344957034e-08,0.0024226428849918216,2250,3.0360162344957034e-08,0.0024276213377627206,2250,3.0360162344957034e-08,0.0024226428849918216,True,364,1380,-438.34090965280166,-438.34090965280177,False,True,energy_not_decreased,L-BFGS-B>Newton-CG,True,5.987354123045325e-10,3.349819514084401e-05,1.017873661843187e-09,1.4779288903810084e-12,190751.72858298963,-2.123301534595612e-15,9.947598300641403e-14,-1.1368683772161603e-13,,,,,,False,0,none,False,3.691398399998434,0.9197765999706462,,,,,,,,,,,11177.203531700012
466,466,138,138,1539,1539,,1,7.329425955049373e-11,7.329425955049373e-11,0.0426707513351078,9.548251469502428e-06,1.8577053242148058e-05,0,2250,3.0360162344957034e-08,0.0024141590126466584,2250,3.0360162344957034e-08,0.002413605745487224,2250,3.0360162344957034e-08,0.0024141590126466584,True,365,1379,-438.34090965280166,-438.34090965280177,False,True,energy_not_decreased,L-BFGS-B>Newton-CG,True,7.150615502604589e-10,9.384350444840468e-05,1.0076197234370505e-09,3.979039320256561e-13,153043.7998941924,-2.095545958979983e-15,9.947598300641403e-14,-1.1368683772161603e-13,,,,,,False,0,none,False,3.671416600001976,18.32378489995608,,,,,,,,,,,11199.27672590001
467,467,138,138,1122,1122,,1,-7.282352498805267e-11,7.282352498805267e-11,0.16985653840276455,4.748594058707856e-06,7.901395505566163e-06,0,2250,3.0360162344957034e-08,0.0023986540045675677,2250,3.0360162344957034e-08,0.0023979862099783784,2250,3.0360162344957034e-08,0.0023986540045675677,True,366,1378,-438.34090965280166,-438.34090965280177,False,True,energy_not_decreased,L-BFGS-B>Newton-CG,True,5.814078074958258e-10,3.714792180766372e-05,1.0156511529906333e-09,1.7621459846850485e-12,163303.18193885058,-2.2551405187698492e-15,9.947598300641403e-14,-1.1368683772161603e-13,,,,,,False,0,none,False,3.680638000019826,6.690627500007395,,,,,,,,,,,11209.724499600008
468,468,138,138,415,415,,1,-7.266098833724755e-11,7.266098833724755e-11,0.0407801687265128,9.890374424016833e-06,1.934080684796134e-05,0,2250,3.0360162344957034e-08,0.0023933003885704476,2250,3.0360162344957034e-08,0.0023924167971960935,2250,3.0360162344957034e-08,0.0023933003885704476,True,367,1377,-438.34090965280166,-438.34090965280177,False,True,energy_not_decreased,L-BFGS-B>Newton-CG,True,4.60787824613976e-13,6.289000827209272e-08,1.0073268844650232e-09,3.410605131648481e-13,153043.7998941924,-2.55351295663786e-15,9.947598300641403e-14,-1.1368683772161603e-13,,,,,,False,0,none,False,3.655504699971061,6.877427299972624,,,,,,,,,,,11220.331652300025
469,469,138,138,491,491,,1,7.139541735590171e-11,7.139541735590171e-11,0.0073035582000489305,7.484379196253921e-05,0.00017735510585220623,0,2250,3.0360162344957034e-08,0.002351615137781397,2250,3.0360162344957034e-08,0.0023516559566696543,2250,3.0360162344957034e-08,0.002351615137781397,True,368,1376,-438.34090965280166,-438.34090965280177,False,True,energy_not_decreased,L-BFGS-B>Newton-CG,True,9.34451515497446e-13,9.792512671436428e-07,1.0009542510148833e-09,5.684341886080802e-14,153043.7998941924,-2.42861286636753e-15,9.947598300641403e-14,-1.1368683772161603e-13,,,,,,False,0,none,False,3.6951117999851704,6.607304200006183,,,,,,,,,,,11230.709899400012
470,470,138,138,1639,1639,,1,7.135097564118912e-11,7.135097564118912e-11,2.0986790050486172e-05,0.05477493618387719,0.24876887072510395,0,2250,3.0360162344957034e-08,0.0023501513210136328,2250,3.0360162344957034e-08,0.0023501514171065906,2250,3.0360162344957034e-08,0.0023501513210136328,True,369,1375,-438.34090965280166,-438.34090965280177,False,True,energy_not_decreased,L-BFGS-B>Newton-CG,True,8.182876338144834e-13,0.000530321904308228,1.000001543001764e-09,0.0,153043.7998941924,-2.5673907444456745e-15,9.947598300641403e-14,-1.1368683772161603e-13,,,,,,False,0,none,False,3.6754902999964543,6.89359340001829,,,,,,,,,,,11241.355322200048
471,471,138,138,1631,1631,,1,-7.121947476207424e-11,7.121947476207424e-11,0.10261342418656964,3.478750880713281e-06,6.130565770924569e-06,0,2250,3.0360162344957034e-08,0.0023458199581697604,2250,3.0360162344957034e-08,0.002346843445676474,2250,3.0360162344957034e-08,0.0023458199581697604,True,370,1374,-438.34090965280166,-438.34090965280177,False,True,energy_not_decreased,L-BFGS-B,True,8.380123549730191e-10,4.107456482496698e-05,1.0204022211444985e-09,1.9326762412674725e-12,222913.49570967667,-1.6861512186494565e-15,9.947598300641403e-14,-1.1368683772161603e-13,,,,,,False,0,none,False,3.701568899967242,0.6989834000123665,,,,,,,,,,,11245.831842600019
472,472,138,138,669,669,,1,-7.026912385299511e-11,7.026912385299511e-11,0.22358875619973193,4.770966166002435e-06,7.691868421714927e-06,0,2250,3.0360162344957034e-08,0.002314517394689332,2250,3.0360162344957034e-08,0.002314589614661294,2250,3.0360162344957034e-08,0.002314517394689332,True,371,1373,-438.34090965280166,-438.34090965280177,False,True,energy_not_decreased,L-BFGS-B>Newton-CG,True,9.055612455615427e-13,6.179255479672028e-08,1.0146548600966668e-09,2.8990143619012088e-12,162537.41748344188,-2.2690183065776637e-15,9.947598300641403e-14,-1.1368683772161603e-13,,,,,,False,0,none,False,3.6650116000091657,14.726850000035483,,,,,,,,,,,11264.299945400038
473,473,138,138,333,333,,1,6.981859534960222e-11,6.981859534960222e-11,0.02929494855334441,2.477703058619802e-05,5.028184842330533e-05,0,2250,3.0360162344957034e-08,0.002299677931768353,2250,3.0360162344957034e-08,0.002299573163699761,2250,3.0360162344957034e-08,0.002299677931768353,True,372,1372,-438.34090965280166,-438.34090965280177,False,True,energy_not_decreased,L-BFGS-B>Newton-CG,True,8.120151606137048e-10,0.00028759492134098404,1.0028234683589942e-09,1.1368683772161603e-13,153043.7998941924,-2.373101715136272e-15,9.947598300641403e-14,-1.1368683772161603e-13,,,,,,False,0,none,False,3.6335491000209004,0.9245596000109799,,,,,,,,,,,11268.932468000043
474,474,138,138,1478,1478,,1,-6.94662105615862e-11,6.94662105615862e-11,0.19697775773878828,3.6577185002973585e-06,5.9836941367440014e-06,0,2250,3.0360162344957034e-08,0.0022880711167582034,2250,3.0360162344957034e-08,0.002298389491993835,2250,3.0360162344957034e-08,0.0022880711167582034,True,373,1371,-438.34090965280166,-438.34090965280177,False,True,energy_not_decreased,L-BFGS-B>Newton-CG,True,9.626097561978357e-13,5.077171705500804e-08,1.0189595667043308e-09,3.353761712787673e-12,212006.61545164615,-2.4147350785597155e-15,9.947598300641403e-14,-1.1368683772161603e-13,,,,,,False,0,none,False,3.65021260001231,23.882231599942315,,,,,,,,,,,11296.541121900023
475,475,138,138,831,831,,1,6.963318810448982e-11,6.963318810448982e-11,0.9699823076093026,2.019948422475915e-06,2.7386319748807356e-06,0,2250,3.0360162344957034e-08,0.0022935710064164467,2250,3.0360162344957034e-08,0.0022849267414019217,2250,3.0360162344957034e-08,0.0022935710064164467,True,374,1370,-438.34090965280166,-438.34090965280177,False,True,energy_not_decreased,L-BFGS-B>Newton-CG,True,5.509956656455852e-13,2.0060160392878895e-08,1.0274671615208612e-09,3.979039320256561e-12,383901.1486107192,-2.5118795932144167e-15,9.947598300641403e-14,-1.1368683772161603e-13,,,,,,False,0,none,False,3.6765420000301674,8.255947199999355,,,,,,,,,,,11308.549737500027
476,476,138,138,321,321,,1,-6.800249252592039e-11,6.800249252592039e-11,0.18906454693301505,2.691069286037268e-06,4.423124205435748e-06,0,2250,3.0360162344957034e-08,0.0022398593180518985,2250,3.0360162344957034e-08,0.0022400855437324685,2250,3.0360162344957034e-08,0.0022398593180518985,True,375,1369,-438.34090965280166,-438.34090965280177,False,True,energy_not_decreased,L-BFGS-B>Newton-CG,True,6.411139997068246e-13,2.4606039201801154e-08,1.0260551482686371e-09,5.6843418860808015e-12,288160.74099110905,-2.435551760271437e-15,9.947598300641403e-14,-1.1368683772161603e-13,,,,,,False,0,none,False,3.653790900018066,6.7986353999585845,,,,,,,,,,,11319.078105200024
477,477,138,138,693,693,,1,6.797606921793431e-11,6.797606921793431e-11,0.03159889325677887,1.008517362384111e-05,2.0293816420924342e-05,0,2250,3.0360162344957034e-08,0.0022389889897682135,2250,3.0360162344957034e-08,0.0022394888408189114,2250,3.0360162344957034e-08,0.0022389889897682135,True,376,1368,-438.34090965280166,-438.34090965280177,False,True,energy_not_decreased,L-BFGS-B>Newton-CG,True,9.090031046848885e-10,0.00013457355660364683,1.0067546933262836e-09,3.979039320256561e-13,153043.7998941924,-2.1718737919229625e-15,9.947598300641403e-14,-1.1368683772161603e-13,,,,,,False,0,none,False,3.761297699995339,12.165138699987438,,,,,,,,,,,11335.082004000025
478,478,138,138,1807,1807,,1,6.790656925659277e-11,6.790656925659277e-11,0.9581073370319797,2.1841439773612262e-06,2.9656697070104754e-06,0,2250,3.0360162344957034e-08,0.002236699806971631,2250,3.0360162344957034e-08,0.002233125677352175,2250,3.0360162344957034e-08,0.002236699806971631,True,377,1367,-438.34090965280166,-438.34090965280177,False,True,energy_not_decreased,L-BFGS-B>Newton-CG,True,1.4047898738922148e-12,5.706575164692662e-08,1.024617039701568e-09,3.126388037344441e-12,355040.93482875,-2.282896094385478e-15,9.947598300641403e-14,-1.1368683772161603e-13,,,,,,False,0,none,False,3.7168401000089943,8.269357300014235,,,,,,,,,,,11347.143341900024
479,479,138,138,709,709,,1,-6.729905521751789e-11,6.729905521751789e-11,0.23435281732410398,4.233696762650119e-06,6.788751310265305e-06,0,2250,3.0360162344957034e-08,0.0022166895701299363,2250,3.0360162344957034e-08,0.0022049077164293237,2250,3.0360162344957034e-08,0.0022166895701299363,True,378,1366,-438.34090965280166,-438.34090965280177,False,True,projected_residual,L-BFGS-B>Newton-CG>trust-krylov,False,3.0914393693122274e-07,0.019576959357371027,1.0157912130933053e-09,3.922195901395753e-12,183163.9257596493,-1.8041124150158794e-15,9.947598300641403e-14,-1.1368683772161603e-13,,,,,,False,0,none,False,3.674285399960354,28.31281969998963,,,,,,,,,,,11379.207460200007
480,480,138,138,674,674,,1,-6.678391173409182e-11,6.678391173409182e-11,0.23281273314597115,4.762628645970473e-06,7.64270911528439e-06,0,2250,3.0360162344957034e-08,0.0021997218254396107,2250,3.0360162344957034e-08,0.0022021526714194337,2250,3.0360162344957034e-08,0.0021997218254396107,True,379,1365,-438.34090965280166,-438.34090965280177,False,True,energy_not_decreased,L-BFGS-B>Newton-CG,True,7.605865846592245e-10,5.458390813670934e-05,1.0139342639730794e-09,2.8990143619012088e-12,162821.95761347242,-2.3869795029440866e-15,9.947598300641403e-14,-1.1368683772161603e-13,,,,,,False,0,none,False,3.678646399988793,13.325004899990745,,,,,,,,,,,11396.287436200015
481,481,138,138,1157,1157,,1,6.59916565837193e-11,6.59916565837193e-11,0.11763152900057507,3.573019013562972e-06,6.1997862583129256e-06,0,2250,3.0360162344957034e-08,0.0021736266042951787,2250,3.0360162344957034e-08,0.0021693309411267682,2250,3.0360162344957034e-08,0.0021736266042951787,True,380,1364,-438.34090965280166,-438.34090965280177,False,True,energy_not_decreased,L-BFGS-B,True,1.01442749087085e-09,5.5568546457332584e-05,1.0182554260556332e-09,1.5916157281026244e-12,217032.2958202324,-2.1788126858268697e-15,9.947598300641403e-14,-1.1368683772161603e-13,,,,,,False,0,none,False,3.6685882000019774,0.6961762999999337,,,,,,,,,,,11400.730785800028
482,482,138,138,661,661,,1,6.564704335687566e-11,6.564704335687566e-11,0.053424269503473704,1.114370596199564e-05,2.114047890322183e-05,0,2250,3.0360162344957034e-08,0.0021622757681919952,2250,3.0360162344957034e-08,0.002163161714057117,2250,3.0360162344957034e-08,0.0021622757681919952,True,381,1363,-438.34090965280166,-438.34090965280177,False,True,energy_not_decreased,L-BFGS-B,True,3.901478373363494e-10,6.592698804429919e-05,1.0059178774718813e-09,2.2737367544323206e-13,153043.7998941924,-2.1510571102112408e-15,9.947598300641403e-14,-1.1368683772161603e-13,,,,,,False,0,none,False,3.632210900017526,0.7166779999970458,,,,,,,,,,,11405.15417330002
483,483,138,138,250,250,,1,-6.492584248007915e-11,6.492584248007915e-11,0.14306812112898454,2.826887833871086e-06,4.796974155325677e-06,0,2250,3.0360162344957034e-08,0.002138520925625539,2250,3.0360162344957034e-08,0.002140713034067603,2250,3.0360162344957034e-08,0.002138520925625539,True,382,1362,-438.34090965280166,-438.34090965280177,False,True,energy_not_decreased,L-BFGS-B>Newton-CG,True,9.285311545477986e-13,4.008132039168785e-08,1.0231661817892697e-09,3.0127011996228248e-12,274315.98460736,-2.3175905639050143e-15,9.947598300641403e-14,-1.1368683772161603e-13,,,,,,False,0,none,False,3.6568487999611534,6.809801499999594,,,,,,,,,,,11415.697939200036
484,484,138,138,886,886,,1,6.473399594142393e-11,6.473399594142393e-11,0.04596599417870279,1.4547673103617496e-05,2.806847763298322e-05,0,2250,3.0360162344957034e-08,0.002132201903465004,2250,3.0360162344957034e-08,0.002131149055189501,2250,3.0360162344957034e-08,0.002132201903465004,True,383,1361,-438.34090965280166,-438.34090965280177,False,True,projected_residual,L-BFGS-B>Newton-CG>trust-krylov,False,1.4676057422610677e-09,0.0003327251796775113,1.0044108646772197e-09,2.8421709430404007e-13,153043.7998941924,-2.213507155346406e-15,9.947598300641403e-14,-1.1368683772161603e-13,,,,,,False,0,none,False,3.647779499995522,37.85563750000438,,,,,,,,,,,11457.273650700052
485,485,138,138,511,511,,1,-6.429257126683297e-11,6.429257126683297e-11,0.0736345538030784,1.673307522930617e-05,3.061680902646516e-05,0,2250,3.0360162344957034e-08,0.0021176623015493282,2250,3.0360162344957034e-08,0.00211833395225991,2250,3.0360162344957034e-08,0.0021176623015493282,True,384,1360,-438.34090965280166,-438.34090965280177,False,True,energy_not_decreased,L-BFGS-B,True,4.84133110188686e-10,0.0001270628465114891,1.0038101862462598e-09,1.1368683772161603e-13,153043.7998941924,-2.42861286636753e-15,9.947598300641403e-14,-1.1368683772161603e-13,,,,,,False,0,none,False,3.650272000057157,0.6685867000487633,,,,,,,,,,,11461.665823700023
486,486,138,138,1720,1720,,1,-6.388756190744971e-11,6.388756190744971e-11,0.03478017327453382,7.378924592221657e-06,1.4689462533391692e-05,0,2250,3.0360162344957034e-08,0.0021043221436548654,2250,3.0360162344957034e-08,0.00210443452415587,2250,3.0360162344957034e-08,0.0021043221436548654,True,385,1359,-438.34090965280166,-438.34090965280177,False,True,energy_not_decreased,L-BFGS-B>Newton-CG,True,1.0209128878566526e-12,1.1820986747401155e-07,1.0086364438914638e-09,5.115907697472721e-13,153043.7998941924,-2.373101715136272e-15,9.947598300641403e-14,-1.1368683772161603e-13,,,,,,False,0,none,False,3.638858899998013,6.3960488000302576,,,,,,,,,,,11471.776725400006
487,487,138,138,314,314,,1,-6.352651737984161e-11,6.352651737984161e-11,0.04191254992441803,7.081047342334301e-06,1.3804619445451971e-05,0,2250,3.0360162344957034e-08,0.002092430095005525,2250,3.0360162344957034e-08,0.0020925440935243476,2250,3.0360162344957034e-08,0.002092430095005525,True,386,1358,-438.34090965280166,-438.34090965280177,False,True,energy_not_decreased,L-BFGS-B>Newton-CG,True,7.313099321937379e-13,8.177817589016873e-08,1.0089426050927807e-09,5.115907697472721e-13,153043.7998941924,-2.3175905639050143e-15,9.947598300641403e-14,-1.1368683772161603e-13,,,,,,False,0,none,False,3.658968600037042,23.929194100026507,,,,,,,,,,,11499.440744000021
488,488,138,138,43,43,,1,6.2784888399392e-11,6.2784888399392e-11,0.017910912830961932,2.3458713354872085e-05,5.0298417753352587e-05,0,2250,3.0360162344957034e-08,0.002068002393597901,2250,3.0360162344957034e-08,0.0020682126297267484,2250,3.0360162344957034e-08,0.002068002393597901,True,387,1357,-438.34090965280166,-438.34090965280177,False,True,energy_not_decreased,L-BFGS-B>Newton-CG,True,8.825762854370887e-10,0.000331615846691259,1.0026614418286795e-09,2.2737367544323206e-13,153043.7998941924,-2.2273849431542203e-15,9.947598300641403e-14,-1.1368683772161603e-13,,,,,,False,0,none,False,3.633797999995295,188.93962169997394,,,,,,,,,,,11692.09017910005
489,489,138,138,1154,1154,,1,6.182787615216512e-11,6.182787615216512e-11,0.03733292114665864,6.371920173870956e-06,1.2584465883113866e-05,0,2250,3.0360162344957034e-08,0.002036480419625787,2250,3.0360162344957034e-08,0.002035569027857035,2250,3.0360162344957034e-08,0.002036480419625787,True,388,1356,-438.34090965280166,-438.34090965280177,False,True,energy_not_decreased,L-BFGS-B>Newton-CG,True,6.361947953976989e-10,6.538187129716349e-05,1.0097304464184907e-09,5.115907697472721e-13,153043.7998941924,-1.8735013540549517e-15,9.947598300641403e-14,-1.1368683772161603e-13,,,,,,False,0,none,False,3.6565716000040993,6.53185410000151,,,,,,,,,,,11702.355103700014
490,490,138,138,1114,1114,,1,6.154898812837928e-11,6.154898812837928e-11,0.030048266006606452,2.2252657504294072e-05,4.503076778677802e-05,0,2250,3.0360162344957034e-08,0.0020272944337072314,2250,3.0360162344957034e-08,0.002026948759874331,2250,3.0360162344957034e-08,0.0020272944337072314,True,389,1355,-438.34090965280166,-438.34090965280177,False,True,energy_not_decreased,L-BFGS-B>Newton-CG,True,7.7852609933616e-10,0.0002808247772792465,1.0027722842224924e-09,1.7053025658242404e-13,153043.7998941924,-2.6922908347160046e-15,9.947598300641403e-14,-1.1368683772161603e-13,,,,,,False,0,none,False,3.6634608999593183,18.050469600013457,,,,,,,,,,,11724.145400900044
491,491,138,138,665,665,,1,6.10214101470774e-11,6.10214101470774e-11,0.11695966216571231,6.109958498273887e-06,1.0608706614598559e-05,0,2250,3.0360162344957034e-08,0.0020099171227657598,2250,3.0360162344957034e-08,0.002008267129733312,2250,3.0360162344957034e-08,0.0020099171227657598,True,390,1354,-438.34090965280166,-438.34090965280177,False,True,energy_not_decreased,L-BFGS-B>Newton-CG,True,6.07826861883002e-13,6.092009377357307e-08,1.0099774446201965e-09,5.684341886080801e-13,153043.7998941924,-2.435551760271437e-15,9.947598300641403e-14,-1.1368683772161603e-13,,,,,,False,0,none,False,3.6617423000279814,6.50432930001989,,,,,,,,,,,11734.38822100003
492,492,138,138,423,423,,1,6.069100777494896e-11,6.069100777494896e-11,0.03921621626569213,6.123173374354462e-06,1.2026626965235665e-05,0,2250,3.0360162344957034e-08,0.0019990343623781715,2250,3.0360162344957034e-08,0.001997865970006854,2250,3.0360162344957034e-08,0.0019990343623781715,True,391,1353,-438.34090965280166,-438.34090965280177,False,True,energy_not_decreased,L-BFGS-B,True,7.149326009462029e-10,7.191052496392435e-05,1.0099419744370504e-09,5.684341886080801e-13,153043.7998941924,-2.2690183065776637e-15,9.947598300641403e-14,-1.1368683772161603e-13,,,,,,False,0,none,False,3.6521059999940917,0.8519490000326186,,,,,,,,,,,11738.967698800028
493,493,138,138,1580,1580,,1,6.044409417427232e-11,6.044409417427232e-11,0.10201314485851597,7.0962974395334045e-06,1.2514054251581071e-05,0,2250,3.0360162344957034e-08,0.001990901546819705,2250,3.0360162344957034e-08,0.0019917181189286056,2250,3.0360162344957034e-08,0.001990901546819705,True,392,1352,-438.34090965280166,-438.34090965280177,False,True,energy_not_decreased,L-BFGS-B>Newton-CG,True,3.76814394896481e-10,4.493387053067993e-05,1.0083859767797924e-09,3.979039320256561e-13,153043.7998941924,-2.1163626406917047e-15,9.947598300641403e-14,-1.1368683772161603e-13,,,,,,False,0,none,False,3.68229159998009,0.9473600999917835,,,,,,,,,,,11743.673544300022
494,494,138,138,666,666,,1,5.933564750648657e-11,5.933564750648657e-11,0.054339599772852895,6.119322643574119e-06,1.158666815770437e-05,0,2250,3.0360162344957034e-08,0.00195439164100328,2250,3.0360162344957034e-08,0.0019558425160555374,2250,3.0360162344957034e-08,0.00195439164100328,True,393,1351,-438.34090965280166,-438.34090965280177,False,True,energy_not_decreased,L-BFGS-B,True,4.6362488575535434e-10,4.833945169995232e-05,1.0095910249175586e-09,4.547473508864641e-13,153043.7998941924,-2.0539125955565396e-15,9.947598300641403e-14,-1.1368683772161603e-13,,,,,,False,0,none,False,3.675881600007415,0.7356151000130922,,,,,,,,,,,11748.160772900039
495,495,138,138,1418,1418,,1,-5.934436275722987e-11,5.934436275722987e-11,0.0045634613739124995,9.198979732124336e-05,0.00022970163887775448,0,2250,3.0360162344957034e-08,0.001954678703063235,2250,3.0360162344957034e-08,0.00195478393957436,2250,3.0360162344957034e-08,0.001954678703063235,True,394,1350,-438.34090965280166,-438.34090965280177,False,True,projected_residual,L-BFGS-B>Newton-CG>trust-krylov,False,3.046770465322204e-09,0.004715623305612925,1.0006461013248655e-09,1.7053025658242404e-13,153043.7998941924,-2.4980018054066022e-15,9.947598300641403e-14,-1.1368683772161603e-13,,,,,,False,0,none,False,3.6668037999770604,130.1495720000239,,,,,,,,,,,11882.051244900038
496,496,138,138,1804,1804,,1,5.74633673977587e-11,5.74633673977587e-11,0.11664841912287316,2.576727772991474e-06,4.475321717547254e-06,0,2250,3.0360162344957034e-08,0.0018927226654736132,2250,3.0360162344957034e-08,0.0018878523899193156,2250,3.0360162344957034e-08,0.0018927226654736132,True,395,1349,-438.34090965280166,-438.34090965280177,False,True,energy_not_decreased,L-BFGS-B>Newton-CG,True,5.438051692889185e-13,2.4719824726774253e-08,1.0219987469692663e-09,2.3305801732931286e-12,300947.7864332702,-2.345346139520643e-15,9.947598300641403e-14,-1.1368683772161603e-13,,,,,,False,0,none,False,3.749449700000696,6.508861399954185,,,,,,,,,,,11892.383547300007
497,497,138,138,65,65,,1,5.724132279283367e-11,5.724132279283367e-11,0.11825200180264529,3.4837312431015865e-06,6.041242682922657e-06,0,2250,3.0360162344957034e-08,0.0018854089824174383,2250,3.0360162344957034e-08,0.0018845171271905177,2250,3.0360162344957034e-08,0.0018854089824174383,True,396,1348,-438.34090965280166,-438.34090965280177,False,True,energy_not_decreased,L-BFGS-B,True,9.386145418390486e-10,5.789128377624628e-05,1.0162134000252414e-09,1.2505552149377763e-12,222594.81728347015,-2.7200464103316335e-15,9.947598300641403e-14,-1.1368683772161603e-13,,,,,,False,0,none,False,3.66297940001823,0.7011459000059403,,,,,,,,,,,11896.822195200017
498,498,138,138,212,212,,1,-5.688249871127482e-11,5.688249871127482e-11,0.23182875993881347,4.670776435446595e-06,7.498975600803759e-06,0,2250,3.0360162344957034e-08,0.0018735900705986598,2250,3.0360162344957034e-08,0.0018830239801661487,2250,3.0360162344957034e-08,0.0018735900705986598,True,397,1347,-438.34090965280166,-438.34090965280177,False,True,projected_residual,L-BFGS-B>Newton-CG>trust-krylov,False,7.226535039526281e-08,0.005977779186558478,1.0120889962877448e-09,2.2737367544323206e-12,166023.8999319111,-2.400857290751901e-15,9.947598300641403e-14,-1.1368683772161603e-13,,,,,,False,0,none,False,3.6639523999765515,10.80078049999429,,,,,,,,,,,11911.363060300006
499,499,138,138,42,42,,1,-5.640554689989585e-11,5.640554689989585e-11,0.05555295380887615,5.3558871330409215e-06,1.0115969841484822e-05,0,2250,3.0360162344957034e-08,0.0018578802793939961,2250,3.0360162344957034e-08,0.0018587023502491615,2250,3.0360162344957034e-08,0.0018578802793939961,True,398,1346,-438.34090965280166,-438.34090965280177,False,True,energy_not_decreased,L-BFGS-B,False,3.0264723129741645e-10,2.8407407836350463e-05,1.0106538137179186e-09,6.821210263296962e-13,153043.7998941924,-2.2343238370581275e-15,9.947598300641403e-14,-1.1368683772161603e-13,,,,,,False,0,none,False,3.633303500013426,2.8466934000025503,,,,,,,,,,,11917.918606900028
500,500,138,138,1489,1489,,1,5.5790039255043666e-11,5.5790039255043666e-11,0.052332222257164586,9.513429504528868e-06,1.808968876968082e-05,0,2250,3.0360162344957034e-08,0.0018376067499622792,2250,3.0360162344957034e-08,0.0018381084929522365,2250,3.0360162344957034e-08,0.0018376067499622792,True,399,1345,-438.34090965280166,-438.34090965280177,False,True,energy_not_decreased,L-BFGS-B,True,4.0382859976037214e-10,6.964523087424414e-05,1.0057983668758246e-09,2.8421709430404007e-13,153043.7998941924,-2.4216739724636227e-15,9.947598300641403e-14,-1.1368683772161603e-13,,,,,,False,0,none,False,3.6714208000339568,1.5782175000058487,,,,,,,,,,,11923.24487600004
501,501,138,138,1361,1361,,1,-5.515737866446102e-11,5.515737866446102e-11,0.011673219607386601,3.4791470779510366e-05,7.824700916714655e-05,0,2250,3.0360162344957034e-08,0.001816768238514473,2250,3.0360162344957034e-08,0.0018168909135081797,2250,3.0360162344957034e-08,0.001816768238514473,True,400,1344,-438.34090965280166,-438.34090965280177,False,True,energy_not_decreased,L-BFGS-B>Newton-CG,True,6.436868781208297e-10,0.0004039846374506692,1.0015933449404978e-09,1.1368683772161603e-13,153043.7998941924,-2.435551760271437e-15,9.947598300641403e-14,-1.1368683772161603e-13,,,,,,False,0,none,False,3.692484200000763,12.48111210000934,,,,,,,,,,,11939.496391700057
502,502,138,138,474,474,,1,-5.47852874177579e-11,5.47852874177579e-11,0.02193387901781929,1.4868415913924543e-05,3.1166225303349476e-05,0,2250,3.0360162344957034e-08,0.0018045123341330878,2250,3.0360162344957034e-08,0.0018043813233380025,2250,3.0360162344957034e-08,0.0018045123341330878,True,401,1343,-438.34090965280166,-438.34090965280177,False,True,energy_not_decreased,L-BFGS-B>Newton-CG,True,8.97843177301253e-10,0.00024423263186711277,1.003676180248468e-09,1.1368683772161603e-13,153043.7998941924,-2.4077961846558082e-15,9.947598300641403e-14,-1.1368683772161603e-13,,,,,,False,0,none,False,3.6400491999811493,6.588403699977789,,,,,,,,,,,11949.801922500017
503,503,138,138,532,532,,1,5.45981038158061e-11,5.45981038158061e-11,0.11798646776558946,3.7351260356763966e-06,6.478849580113817e-06,0,2250,3.0360162344957034e-08,0.0017983468993167323,2250,3.0360162344957034e-08,0.0017995583461795704,2250,3.0360162344957034e-08,0.0017983468993167323,True,402,1342,-438.34090965280166,-438.34090965280177,False,True,energy_not_decreased,L-BFGS-B>Newton-CG,True,9.236317976535477e-13,6.328055315201405e-08,1.0145958237032913e-09,1.0800249583553523e-12,207612.94588617148,-2.2343238370581275e-15,9.947598300641403e-14,-1.1368683772161603e-13,,,,,,False,0,none,False,3.657112999993842,14.639398300030734,,,,,,,,,,,11968.174956000003
504,504,138,138,1579,1579,,1,-5.4598769949620873e-11,5.4598769949620873e-11,0.021586787486808662,9.811828227076636e-06,2.060362671085399e-05,0,2250,3.0360162344957034e-08,0.001798368840365901,2250,3.0360162344957034e-08,0.0017978617319185765,2250,3.0360162344957034e-08,0.001798368840365901,True,403,1341,-438.34090965280166,-438.34090965280177,False,True,energy_not_decreased,L-BFGS-B>Newton-CG,True,7.623592140467086e-13,1.3731844619306095e-07,1.0055517611448565e-09,3.410605131648481e-13,153043.7998941924,-2.2273849431542203e-15,9.947598300641403e-14,-1.1368683772161603e-13,,,,,,False,0,none,False,3.676581800042186,12.140584899985697,,,,,,,,,,,11984.069484100037
505,505,138,138,1431,1431,,1,5.409361847341643e-11,5.409361847341643e-11,0.07442802942727855,1.046893598616166e-05,1.9132035738813414e-05,0,2250,3.0360162344957034e-08,0.001781730211413103,2250,3.0360162344957034e-08,0.0017832917612360206,2250,3.0360162344957034e-08,0.001781730211413103,True,404,1340,-438.34090965280166,-438.34090965280177,False,True,energy_not_decreased,L-BFGS-B,True,3.421017571397176e-10,6.732640595767344e-05,1.0050812419328427e-09,2.2737367544323206e-13,153043.7998941924,-2.192690473634684e-15,9.947598300641403e-14,-1.1368683772161603e-13,,,,,,False,0,none,False,3.6689711999497376,0.6987584000453353,,,,,,,,,,,11988.513326300017
506,506,138,138,161,161,,1,-5.329153784927598e-11,5.329153784927598e-11,0.009249323770854625,3.347247031770102e-05,7.725901229453697e-05,0,2250,3.0360162344957034e-08,0.0017553113597934353,2250,3.0360162344957034e-08,0.0017552331154789692,2250,3.0360162344957034e-08,0.0017553113597934353,True,405,1339,-438.34090965280166,-438.34090965280177,False,True,projected_residual,L-BFGS-B>Newton-CG>trust-krylov,False,1.207977234344235e-07,0.07596134382711685,1.0015902525857014e-09,1.7053025658242404e-13,153043.7998941924,-2.55351295663786e-15,9.947598300641403e-14,-1.1368683772161603e-13,,,,,,False,0,none,False,3.6524755000136793,27.927899300004356,,,,,,,,,,,12020.169699600025
507,507,138,138,286,286,,1,-5.325873075889831e-11,5.325873075889831e-11,0.04035455227439646,6.987827282789645e-06,1.3680919445584074e-05,0,2250,3.0360162344957034e-08,0.0017542307631218854,2250,3.0360162344957034e-08,0.0017539645297216023,2250,3.0360162344957034e-08,0.0017542307631218854,True,406,1338,-438.34090965280166,-438.34090965280177,False,True,projected_residual,L-BFGS-B>Newton-CG>trust-krylov,False,7.273794560432304e-09,0.0009578320615990716,1.0075940186720092e-09,4.547473508864641e-13,153043.7998941924,-2.373101715136272e-15,9.947598300641403e-14,-1.1368683772161603e-13,,,,,,False,0,none,False,3.6354362000129186,58.408272699976806,,,,,,,,,,,12082.289985900046
508,508,138,138,1161,1161,,1,-5.277556169858144e-11,5.277556169858144e-11,0.23572229615488577,3.1866685373276108e-06,5.106401532365825e-06,0,2250,3.0360162344957034e-08,0.001738316188791649,2250,3.0360162344957034e-08,0.001748043821506585,2250,3.0360162344957034e-08,0.001738316188791649,True,407,1337,-438.34090965280166,-438.34090965280177,False,True,projected_residual,L-BFGS-B>Newton-CG>trust-krylov,False,1.9065333212119304e-09,0.00011611301201260916,1.0164196353893988e-09,4.320099833421409e-12,243345.20846439432,-2.4147350785597155e-15,9.947598300641403e-14,-1.1368683772161603e-13,,,,,,False,0,none,False,3.6872618999914266,69.34695079998346,,,,,,,,,,,12155.40152070002
509,509,138,138,1404,1404,,1,5.291234117521526e-11,5.291234117521526e-11,0.129484353533591,5.334693720217931e-06,9.156024452810438e-06,0,2250,3.0360162344957034e-08,0.0017428214175542525,2250,3.0360162344957034e-08,0.0017435216102727037,2250,3.0360162344957034e-08,0.0017428214175542525,True,408,1336,-438.34090965280166,-438.34090965280177,False,True,energy_not_decreased,L-BFGS-B>Newton-CG,True,6.460954266008736e-10,6.54818324857275e-05,1.0098667890325413e-09,5.684341886080801e-13,153043.7998941924,-1.970645868709653e-15,9.947598300641403e-14,-1.1368683772161603e-13,,,,,,False,0,none,False,3.7291904999874532,18.92155080003431,,,,,,,,,,,12178.128701800015
510,510,138,138,1605,1605,,1,-5.306688422024308e-11,5.306688422024308e-11,0.20219566652611368,3.4643258799041712e-06,5.650315555223205e-06,0,2250,3.0360162344957034e-08,0.0017479117409613504,2250,3.0360162344957034e-08,0.0017400572581258073,2250,3.0360162344957034e-08,0.0017479117409613504,True,409,1335,-438.34090965280166,-438.34090965280177,False,True,energy_not_decreased,L-BFGS-B>Newton-CG,True,2.165924867080239e-12,1.4186421941497992e-07,1.015267590912015e-09,2.2737367544323206e-12,223841.6784117216,-2.3939183968479938e-15,9.947598300641403e-14,-1.1368683772161603e-13,,,,,,False,0,none,False,3.8923290999955498,7.175746499968227,,,,,,,,,,,12189.274006300024
511,511,138,138,177,177,,1,5.2661874860859825e-11,5.2661874860859825e-11,0.04479598291360214,1.6251091322513337e-05,3.144600551726229e-05,0,2250,3.0360162344957034e-08,0.0017345715830668874,2250,3.0360162344957034e-08,0.0017371554915490387,2250,3.0360162344957034e-08,0.0017345715830668874,True,410,1334,-438.34090965280166,-438.34090965280177,False,True,energy_not_decreased,L-BFGS-B>Newton-CG,True,5.279913768667292e-13,1.6467576141020987e-07,1.0032062482805317e-09,1.7053025658242404e-13,153043.7998941924,-2.275957200481571e-15,9.947598300641403e-14,-1.1368683772161603e-13,,,,,,False,0,none,False,3.7147221000050195,30.465521299978718,,,,,,,,,,,12223.53052020003
512,512,139,139,349,349,349,1,-5.17914600095537e-11,5.17914600095537e-11,0.37574040972914236,1.8874884658631645e-05,2.8650320242865373e-05,0,2250,3.0360162344957034e-08,0.0017059019454866817,2250,3.0360162344957034e-08,0.0017094698469843233,2250,3.0360162344957034e-08,0.0017059019454866817,True,411,1333,-438.3409096528086,-438.3409096528086,True,False,accepted,L-BFGS-B>Newton-CG,True,7.173409124843732e-13,2.2321785724954458e-07,1.0032136358682202e-09,7.048583938740194e-12,153043.7998941924,-2.373101715136272e-15,9.947598300641403e-14,0.0,6.934897101018578e-12,6.821210263296962e-12,1.1368683772161603e-13,6.934897101018578e-12,1.0013869794202038e-10,False,0,none,True,3.6584200999932364,15.151830099988729,2.0230572772561572e-10,ok,8.182691735348515e-07,1.1572073628848108e-06,6.175178899074891e-05,1.255919659266614e-05,6.175178947052125e-05,1.2557182927565509e-05,2.322594374352701e-05,9.607225824226742e-07,12242.46717420005
513,513,140,140,1575,1575,1575,1,-8.636646953164018e-11,8.636646953164018e-11,0.2844851396011686,6.203059043820933e-06,9.725975094055604e-06,0,2250,3.03601853687726e-08,0.0028447280042128344,2250,3.03601853687726e-08,0.0028365696811190103,2250,3.03601853687726e-08,0.0028447280042128344,True,412,1332,-438.3409096528211,-438.3409096528211,True,False,accepted,L-BFGS-B>Newton-CG,True,1.1046155692507788e-12,7.900564874616414e-08,1.0139814758410476e-09,1.2505552149377763e-11,153043.7998941924,-2.699229728619912e-15,9.947598300641403e-14,0.0,1.2505552149377763e-11,1.2505552149377763e-11,0.0,1.2505552149377763e-11,1.0025011104298756e-10,False,0,none,True,3.6403411999926902,9.828733299975283,1.8980017557623796e-10,ok,3.7044898179426014e-07,5.238939742207466e-07,5.3786637426721415e-05,1.0939228879698505e-05,5.378663745738908e-05,1.0937474871614933e-05,2.2494031780157053e-05,9.304476295803034e-07,12256.067142000014
514,514,140,140,786,786,,1,-8.184386501852714e-11,8.184386501852714e-11,0.32479832782005513,9.572655456405107e-06,1.4779757697696923e-05,0,2250,3.036017592128365e-08,0.0026957638595615464,2250,3.036017592128365e-08,0.002684278412830303,2250,3.036017592128365e-08,0.0026957638595615464,True,413,1331,-438.3409096528211,-438.3409096528211,False,True,projected_residual,L-BFGS-B>Newton-CG>trust-krylov,False,1.4533264408773217e-08,0.0016990278792933843,1.0085538704725772e-09,1.716671249596402e-11,153043.7998941924,-2.1788126858268697e-15,9.947598300641403e-14,0.0,,,,,,False,0,none,False,3.6250081000034697,13.879617200000212,,,,,,,,,,,12273.649996500055
515,515,141,141,403,403,403,1,-8.00994826022361e-11,8.00994826022361e-11,0.3263741170485546,9.666904567094062e-06,1.4916859193013151e-05,0,2250,3.036017592128365e-08,0.002638307591165283,2250,3.036017592128365e-08,0.0026510606330825627,2250,3.036017592128365e-08,0.002638307591165283,True,414,1330,-438.3409096528387,-438.34090965283866,True,False,accepted,L-BFGS-B>Newton-CG,True,8.54220101129139e-13,1.0303974312363455e-07,1.0082902002201635e-09,1.7564616427989677e-11,153043.7998941924,-2.310651670001107e-15,9.947598300641403e-14,5.684341886080802e-14,1.7621459846850485e-11,1.7564616427989677e-11,5.684341886080802e-14,1.7621459846850485e-11,1.0035242919693702e-10,False,0,none,True,3.6671747000073083,9.261816000042018,1.7223555914824829e-10,ok,6.303185089425362e-08,8.914049839613217e-08,5.2957270567326507e-05,1.077055066640588e-05,5.295727056751695e-05,1.0768823698272626e-05,2.1424791285093096e-05,8.862193518839437e-07,12286.709799400007
516,516,141,141,721,721,,1,-5.4434678986581275e-11,5.4434678986581275e-11,0.7874280967076369,1.787091521274111e-06,2.484693284435234e-06,0,2250,3.0360168472893084e-08,0.0017929636666931868,2250,3.0360168472893084e-08,0.0017922245898666373,2250,3.0360168472893084e-08,0.0017929636666931868,True,415,1329,-438.3409096528387,-438.34090965283866,False,True,energy_not_decreased,L-BFGS-B>Newton-CG,True,1.2343151950355318e-12,4.03594015188771e-08,1.030583089654048e-09,5.7980287238024175e-12,433923.22681383864,-2.310651670001107e-15,9.947598300641403e-14,5.684341886080802e-14,,,,,,False,0,none,False,3.6462467000237666,15.854400200012606,,,,,,,,,,,12306.289680100046
517,517,141,141,194,194,,1,-5.2807536121690646e-11,5.2807536121690646e-11,0.7539676424676461,2.077060027476501e-06,2.9029619624850376e-06,0,2250,3.0360168472893084e-08,0.0017393690080751553,2250,3.0360168472893084e-08,0.0017156266477517917,2250,3.0360168472893084e-08,0.0017393690080751553,True,416,1328,-438.3409096528387,-438.34090965283866,False,True,energy_not_decreased,L-BFGS-B>Newton-CG,True,9.522919660769098e-13,3.7479238209224004e-08,1.0254085197986373e-09,4.547473508864641e-12,373345.2616990807,-2.310651670001107e-15,9.947598300641403e-14,5.684341886080802e-14,,,,,,False,0,none,False,3.6586057000095025,15.625728599959984,,,,,,,,,,,12325.65081390005
518,518,141,141,1540,1540,,1,5.0874859880423173e-11,5.0874859880423173e-11,0.13053237739872184,7.486066083037393e-06,1.28366703380398e-05,0,2250,3.0360168472893084e-08,0.0016757107236030828,2250,3.0360168472893084e-08,0.0016798245141842816,2250,3.0360168472893084e-08,0.0016757107236030828,True,417,1327,-438.3409096528387,-438.34090965283866,False,True,energy_not_decreased,L-BFGS-B>Newton-CG,True,7.572549030379523e-10,0.00011169013892952055,1.0067799620476415e-09,1.7053025658242404e-13,153043.7998941924,-2.2620794126737565e-15,9.947598300641403e-14,5.684341886080802e-14,,,,,,False,0,none,False,3.6273173000081442,1.1051326000015251,,,,,,,,,,,12330.461723300046
519,519,141,141,544,544,,1,5.098424460392437e-11,5.098424460392437e-11,0.0071301896122617425,6.617663204737463e-05,0.0001572369089254505,0,2250,3.0360168472893084e-08,0.0016793136259914165,2250,3.0360168472893084e-08,0.001679344767746034,2250,3.0360168472893084e-08,0.0016793136259914165,True,418,1326,-438.3409096528387,-438.34090965283866,False,True,energy_not_decreased,L-BFGS-B>Newton-CG,True,8.829639747228182e-13,1.1472945517478725e-06,1.0007696053061332e-09,0.0,153043.7998941924,-2.373101715136272e-15,9.947598300641403e-14,5.684341886080802e-14,,,,,,False,0,none,False,3.6486552000278607,13.468210800027009,,,,,,,,,,,12347.655054500035
520,520,141,141,1497,1497,,1,-5.0815351926303265e-11,5.0815351926303265e-11,0.07766854206256285,1.4348646586989998e-05,2.6096320957628404e-05,0,2250,3.0360168472893084e-08,0.0016737506569396506,2250,3.0360168472893084e-08,0.0016734115499809578,2250,3.0360168472893084e-08,0.0016737506569396506,True,419,1325,-438.3409096528387,-438.34090965283866,False,True,energy_not_decreased,L-BFGS-B>Newton-CG,True,2.0373999717017784e-13,5.7600364901532116e-08,1.0035371303205886e-09,5.684341886080802e-14,153043.7998941924,-2.2620794126737565e-15,9.947598300641403e-14,5.684341886080802e-14,,,,,,False,0,none,False,3.636142200033646,6.9296597999637015,,,,,,,,,,,12358.29996090004
521,521,141,141,818,818,,1,-5.0469850521039916e-11,5.0469850521039916e-11,0.7854272312978908,1.6970368585473568e-06,2.360207342592952e-06,0,2250,3.0360168472893084e-08,0.0016623705684012148,2250,3.0360168472893084e-08,0.001666575110076024,2250,3.0360168472893084e-08,0.0016623705684012148,True,420,1324,-438.3409096528387,-438.34090965283866,False,True,energy_not_decreased,L-BFGS-B>Newton-CG,True,1.4830656897096791e-12,4.966977926286805e-08,1.0298585117896505e-09,5.7411853049416095e-12,456949.7212846036,-2.2551405187698492e-15,9.947598300641403e-14,5.684341886080802e-14,,,,,,False,0,none,False,3.6459016000153497,9.255830900045112,,,,,,,,,,,12371.280042700004
522,522,141,141,253,253,,1,-5.058353735876153e-11,5.058353735876153e-11,0.25122953063351944,3.032808785212778e-06,4.824210730728363e-06,0,2250,3.0360168472893084e-08,0.0016661151733701602,2250,3.0360168472893084e-08,0.0016656465672026416,2250,3.0360168472893084e-08,0.0016661151733701602,True,421,1323,-438.3409096528387,-438.34090965283866,False,True,energy_not_decreased,L-BFGS-B>Newton-CG,True,8.863335622771618e-13,5.316963480285428e-08,1.0166699200692946e-09,5.6274984672199935e-12,255690.54115902947,-2.4841240175987878e-15,9.947598300641403e-14,5.684341886080802e-14,,,,,,False,0,none,False,3.6306405999930575,28.934226399986073,,,,,,,,,,,12403.92347020004
523,523,141,141,1234,1234,,1,-5.03508346128001e-11,5.03508346128001e-11,0.16721859211614148,3.6832128497470742e-06,6.139653508907716e-06,0,2250,3.0360168472893084e-08,0.00165845043507435,2250,3.0360168472893084e-08,0.0016582541445537915,2250,3.0360168472893084e-08,0.00165845043507435,True,422,1322,-438.3409096528387,-438.34090965283866,False,True,energy_not_decreased,L-BFGS-B>Newton-CG,True,7.29070781615745e-10,5.3190433216929775e-05,1.0137068028500978e-09,1.3073986337985843e-12,210539.15457972098,-2.0192181260370035e-15,9.947598300641403e-14,5.684341886080802e-14,,,,,,False,0,none,False,3.622305100027006,46.99483270000201,,,,,,,,,,,12454.621814000013
524,524,141,141,749,749,,1,-5.022826599088148e-11,5.022826599088148e-11,0.7910030289845893,1.73363721565484e-06,2.409059832105294e-06,0,2250,3.0360168472893084e-08,0.0016544132828422058,2250,3.0360168472893084e-08,0.0016450635193887364,2250,3.0360168472893084e-08,0.0016544132828422058,True,423,1321,-438.3409096528387,-438.34090965283866,False,True,energy_not_decreased,L-BFGS-B>Newton-CG,True,9.025384675429501e-13,3.101471666407266e-08,1.0291003292829836e-09,5.229594535194337e-12,447302.649320436,-2.2967738821932926e-15,9.947598300641403e-14,5.684341886080802e-14,,,,,,False,0,none,False,3.6364350999938324,9.693226000003051,,,,,,,,,,,12468.03129720001
525,525,141,141,392,392,,1,-4.9830362058855826e-11,4.9830362058855826e-11,0.17123752604486225,3.5297130943877244e-06,5.8678016111302686e-06,0,2250,3.0360168472893084e-08,0.0016413071654508967,2250,3.0360168472893084e-08,0.0016403487088852114,2250,3.0360168472893084e-08,0.0016413071654508967,True,424,1320,-438.3409096528387,-438.34090965283866,False,True,energy_not_decreased,L-BFGS-B>Newton-CG,True,3.241743502198479e-13,2.2902337771705232e-08,1.0141546401704175e-09,1.4779288903810084e-12,219695.05701636293,-2.3869795029440866e-15,9.947598300641403e-14,5.684341886080802e-14,,,,,,False,0,none,False,3.6426848999690264,199.45892599999206,,,,,,,,,,,12671.212367700005
526,526,141,141,560,560,,1,-4.96562790885946e-11,4.96562790885946e-11,0.20773393898902837,2.9950464993929063e-06,4.869761818587484e-06,0,2250,3.0360168472893084e-08,0.001635573239092199,2250,3.0360168472893084e-08,0.0016345889845801919,2250,3.0360168472893084e-08,0.001635573239092199,True,425,1319,-438.3409096528387,-438.34090965283866,False,True,energy_not_decreased,L-BFGS-B>Newton-CG,True,3.912089133571007e-13,2.3531827973697615e-08,1.0166246716487292e-09,2.8421709430404007e-12,258914.3506386626,-2.0816681711721685e-15,9.947598300641403e-14,5.684341886080802e-14,,,,,,False,0,none,False,3.628854800015688,13.911125799990259,,,,,,,,,,,12688.828644000052
527,527,141,141,1064,1064,,1,-4.937716902020384e-11,4.937716902020384e-11,0.024567399393229106,1.3387713956897435e-05,2.7708976475773337e-05,0,2250,3.0360168472893084e-08,0.0016263799413461747,2250,3.0360168472893084e-08,0.00162611839371301,2250,3.0360168472893084e-08,0.0016263799413461747,True,426,1318,-438.3409096528387,-438.34090965283866,False,True,energy_not_decreased,L-BFGS-B>Newton-CG,True,4.4934243644649474e-13,1.216647088324118e-07,1.0036932849365994e-09,5.684341886080802e-14,153043.7998941924,-2.1718737919229625e-15,9.947598300641403e-14,5.684341886080802e-14,,,,,,False,0,none,False,3.679081399983261,8.048328800010495,,,,,,,,,,,12700.63710220001
528,528,141,141,59,59,,1,-4.9244164301853743e-11,4.9244164301853743e-11,0.20703515985798848,3.042257662029568e-06,4.948442250988367e-06,0,2250,3.0360168472893084e-08,0.0016219990460797718,2250,3.0360168472893084e-08,0.001623432227258978,2250,3.0360168472893084e-08,0.0016219990460797718,True,427,1317,-438.3409096528387,-438.34090965283866,False,True,energy_not_decreased,L-BFGS-B>Newton-CG,True,6.807326559843205e-13,4.1935788713689154e-08,1.0162327376416342e-09,2.6716406864579767e-12,254896.39789602318,-2.4216739724636227e-15,9.947598300641403e-14,5.684341886080802e-14,,,,,,False,0,none,False,4.9358125000144355,16.134242000000086,,,,,,,,,,,12721.788054500008
529,529,141,141,146,146,,1,-4.9120707501515426e-11,4.9120707501515426e-11,0.03632402072989571,6.72530585844087e-06,1.3323261287162824e-05,0,2250,3.0360168472893084e-08,0.0016179326391213076,2250,3.0360168472893084e-08,0.0016178621951699113,2250,3.0360168472893084e-08,0.0016179326391213076,True,428,1316,-438.3409096528387,-438.34090965283866,False,True,energy_not_decreased,L-BFGS-B>Newton-CG,True,6.582459564393182e-13,8.998826489907555e-08,1.007314797736989e-09,2.8421709430404007e-13,153043.7998941924,-2.3175905639050143e-15,9.947598300641403e-14,5.684341886080802e-14,,,,,,False,0,none,False,3.7586188999703154,61.5183331000153,,,,,,,,,,,12787.146761700045
530,530,141,141,51,51,,1,-4.867217739956686e-11,4.867217739956686e-11,0.7511698204950135,2.022476046337886e-06,2.827935804540631e-06,0,2250,3.0360168472893084e-08,0.0016031590023297651,2250,3.0360168472893084e-08,0.0016051800366604781,2250,3.0360168472893084e-08,0.0016031590023297651,True,429,1315,-438.3409096528387,-438.34090965283866,False,True,energy_not_decreased,L-BFGS-B>Newton-CG,True,9.140340902143994e-10,3.80124522031872e-05,1.0240456491817112e-09,4.263256414560601e-12,383421.36161614704,-2.1024848528838902e-15,9.947598300641403e-14,5.684341886080802e-14,,,,,,False,0,none,False,3.6250357000390068,15.527271299972199,,,,,,,,,,,12806.380852900038
531,531,141,141,140,140,,1,-4.8478554504072235e-11,4.8478554504072235e-11,0.09637101727143205,3.4543162052874884e-06,6.130974028821559e-06,0,2250,3.0360168472893084e-08,0.00159678147199203,2250,3.0360168472893084e-08,0.0015979584288722817,2250,3.0360168472893084e-08,0.00159678147199203,True,430,1314,-438.3409096528387,-438.34090965283866,False,True,energy_not_decreased,L-BFGS-B>Newton-CG,True,7.637310789646458e-10,5.4303798610064585e-05,1.014064045214382e-09,9.094947017729282e-13,224490.31108846492,-2.8727020762175925e-15,9.947598300641403e-14,5.684341886080802e-14,,,,,,False,0,none,False,3.639480799960438,25.890704300021753,,,,,,,,,,,12835.987155600043
532,532,141,141,856,856,,1,-4.887112936557969e-11,4.887112936557969e-11,0.7562315500649427,1.982909729686822e-06,2.7703770445685433e-06,0,2250,3.0360168472893084e-08,0.0016097120610254196,2250,3.0360168472893084e-08,0.001590722241316718,2250,3.0360168472893084e-08,0.0016097120610254196,True,431,1313,-438.3409096528387,-438.34090965283866,False,True,energy_not_decreased,L-BFGS-B>Newton-CG,True,8.328740251664133e-10,3.3820942636734895e-05,1.0246259849736353e-09,4.490630090003833e-12,391072.0230544177,-2.373101715136272e-15,9.947598300641403e-14,5.684341886080802e-14,,,,,,False,0,none,False,3.6008130999980494,67.8969708000077,,,,,,,,,,,12907.56360730005
533,533,141,141,1587,1587,,1,-4.7968740091164364e-11,4.7968740091164364e-11,0.1822550777675113,3.393174282216353e-06,5.600649025697982e-06,0,2250,3.0360168472893084e-08,0.0015799892590844151,2250,3.0360168472893084e-08,0.0015780257975455403,2250,3.0360168472893084e-08,0.0015799892590844151,True,432,1312,-438.3409096528387,-438.34090965283866,False,True,energy_not_decreased,L-BFGS-B>Newton-CG,True,5.625530756403174e-13,3.982799781939796e-08,1.0141245632831266e-09,1.4779288903810084e-12,228535.42288915344,-2.3522850334245504e-15,9.947598300641403e-14,5.684341886080802e-14,,,,,,False,0,none,False,3.6570218999986537,7.22869429999264,,,,,,,,,,,12918.526855400007
534,534,141,141,631,631,,1,4.7419845827789686e-11,4.7419845827789686e-11,0.11607479626333927,7.024776201943923e-06,1.2207635602614728e-05,0,2250,3.0360168472893084e-08,0.0015619098382187255,2250,3.0360168472893084e-08,0.0015596457282450874,2250,3.0360168472893084e-08,0.0015619098382187255,True,433,1311,-438.3409096528387,-438.34090965283866,False,True,energy_not_decreased,L-BFGS-B>Newton-CG,True,5.369748952086586e-10,7.973800255157851e-05,1.0067342406133302e-09,1.7053025658242404e-13,153043.7998941924,-2.0816681711721685e-15,9.947598300641403e-14,5.684341886080802e-14,,,,,,False,0,none,False,3.625633999996353,0.9354159000213258,,,,,,,,,,,12923.165865100047
535,535,141,141,1828,1828,,1,-4.700950739788823e-11,4.700950739788823e-11,0.2529700393185956,2.92614578065224e-06,4.650829802188642e-06,0,2250,3.0360168472893084e-08,0.001548394154658938,2250,3.0360168472893084e-08,0.0015413168825909335,2250,3.0360168472893084e-08,0.001548394154658938,True,434,1310,-438.3409096528387,-438.34090965283866,False,True,energy_not_decreased,L-BFGS-B>Newton-CG,True,6.819366061229204e-13,4.2469877190098605e-08,1.0160569479179448e-09,5.4001247917767614e-12,265010.89749194356,-2.761679773755077e-15,9.947598300641403e-14,5.684341886080802e-14,,,,,,False,0,none,False,3.5898577000480145,23.058784799999557,,,,,,,,,,,12949.892394900031
536,536,141,141,1252,1252,,1,4.67901273282223e-11,4.67901273282223e-11,0.06503855544178634,1.1737666948064518e-05,2.1779470092321555e-05,0,2250,3.0360168472893084e-08,0.001541168237257926,2250,3.0360168472893084e-08,0.001541316160774908,2250,3.0360168472893084e-08,0.001541168237257926,True,435,1309,-438.3409096528387,-438.34090965283866,False,True,energy_not_decreased,L-BFGS-B>Newton-CG,True,3.96648309700705e-10,9.968546435389086e-05,1.0039789984655394e-09,5.684341886080802e-14,153043.7998941924,-2.5673907444456745e-15,9.947598300641403e-14,5.684341886080802e-14,,,,,,False,0,none,False,3.624885199998971,0.9935922999866307,,,,,,,,,,,12954.588013700035
537,537,141,141,916,916,,1,-4.622791038855212e-11,4.622791038855212e-11,0.5475216699458825,3.028631384719703e-06,4.397678943926014e-06,0,2250,3.0360168472893084e-08,0.0015226499954974382,2250,3.0360168472893084e-08,0.0015298414107952543,2250,3.0360168472893084e-08,0.0015226499954974382,True,436,1308,-438.3409096528387,-438.34090965283866,False,True,energy_not_decreased,L-BFGS-B>Newton-CG,True,8.044555567363817e-13,5.2480356357461633e-08,1.0153286984420792e-09,4.035882739117369e-12,256043.2159011923,-2.3800406090401793e-15,9.947598300641403e-14,5.684341886080802e-14,,,,,,False,0,none,False,3.6438380000181496,9.378160299966112,,,,,,,,,,,12967.687689900049
538,538,141,141,553,553,,1,4.618350146756711e-11,4.618350146756711e-11,0.10519105636717019,3.4960180742291133e-06,6.143679468084324e-06,0,2250,3.0360168472893084e-08,0.001521187259181444,2250,3.0360168472893084e-08,0.0015213333925725523,2250,3.0360168472893084e-08,0.001521187259181444,True,437,1307,-438.3409096528387,-438.34090965283866,False,True,energy_not_decreased,L-BFGS-B>Newton-CG,True,4.579164202753349e-10,3.4745374422601126e-05,1.0131792052290412e-09,7.389644451905042e-13,221812.50298424336,-2.4702462297909733e-15,9.947598300641403e-14,5.684341886080802e-14,,,,,,False,0,none,False,3.615205700043589,0.9345851999823935,,,,,,,,,,,12972.316528800002
539,539,141,141,1745,1745,,1,-4.5993431285751285e-11,4.5993431285751285e-11,0.5490324346112929,2.974791198641992e-06,4.318089170831684e-06,0,2250,3.0360168472893084e-08,0.0015149267477489882,2250,3.0360168472893084e-08,0.0015196639434132142,2250,3.0360168472893084e-08,0.0015149267477489882,True,438,1306,-438.3409096528387,-438.34090965283866,False,True,energy_not_decreased,L-BFGS-B>Newton-CG,True,9.382585586646046e-10,6.043755249101337e-05,1.0155244300934277e-09,4.149569576838985e-12,260677.29388096745,-2.0816681711721685e-15,9.947598300641403e-14,5.684341886080802e-14,,,,,,False,0,none,False,3.586318999994546,15.721699499990791,,,,,,,,,,,12991.702602300036
540,540,141,141,157,157,,1,-4.545697152025241e-11,4.545697152025241e-11,0.19612826587714374,2.584415234563621e-06,4.229967868597355e-06,0,2250,3.0360168472893084e-08,0.0014972568930517768,2250,3.0360168472893084e-08,0.001507870510378046,2250,3.0360168472893084e-08,0.0014972568930517768,True,439,1305,-438.3409096528387,-438.34090965283866,False,True,energy_not_decreased,L-BFGS-B>Newton-CG,True,6.774318940253275e-13,3.8538221062069157e-08,1.0175781827846767e-09,2.7284841053187847e-12,300052.60344855173,-2.3522850334245504e-15,9.947598300641403e-14,5.684341886080802e-14,,,,,,False,0,none,False,3.6005330000189133,7.28365080000367,,,,,,,,,,,13002.666287800006
541,541,141,141,792,792,,1,4.38440672656526e-11,4.38440672656526e-11,0.007498321967772815,6.730033926652131e-05,0.00015901285641181838,0,2250,3.0360168472893084e-08,0.0014441312242650611,2250,3.0360168472893084e-08,0.0014442533842197037,2250,3.0360168472893084e-08,0.0014441312242650611,True,440,1304,-438.3409096528387,-438.34090965283866,False,True,energy_not_decreased,L-BFGS-B>Newton-CG,True,3.832457332317525e-13,5.889961890459794e-07,1.0006506760830702e-09,0.0,153043.7998941924,-2.5118795932144167e-15,9.947598300641403e-14,5.684341886080802e-14,,,,,,False,0,none,False,3.6375258000334725,7.1333343999576755,,,,,,,,,,,13013.513675100054
542,542,141,141,242,242,,1,4.3872461219507386e-11,4.3872461219507386e-11,0.14639007274804516,3.496492147076088e-06,5.917709773469832e-06,0,2250,3.0360168472893084e-08,0.0014450664612971,2250,3.0360168472893084e-08,0.0014419521337655586,2250,3.0360168472893084e-08,0.0014450664612971,True,441,1303,-438.3409096528387,-438.34090965283866,False,True,energy_not_decreased,L-BFGS-B>Newton-CG,True,9.027904628503449e-10,7.214633960015218e-05,1.0125133231686288e-09,8.526512829121202e-13,221782.4284751751,-2.7408630920433552e-15,9.947598300641403e-14,5.684341886080802e-14,,,,,,False,0,none,False,3.663322100008372,0.9517898000194691,,,,,,,,,,,13018.206439800037
543,543,141,141,1227,1227,,1,4.32756053214689e-11,4.32756053214689e-11,0.17383545507676393,2.9969200918436374e-06,4.9734994290603395e-06,0,2250,3.0360168472893084e-08,0.0014254072852101364,2250,3.0360168472893084e-08,0.0014257508128743346,2250,3.0360168472893084e-08,0.0014254072852101364,True,442,1302,-438.3409096528387,-438.34090965283866,False,True,energy_not_decreased,L-BFGS-B>Newton-CG,True,3.8848094438490996e-13,2.6884314948714715e-08,1.0144500964642762e-09,1.4779288903810084e-12,258752.48447010416,-2.3869795029440866e-15,9.947598300641403e-14,5.684341886080802e-14,,,,,,False,0,none,False,3.628112600010354,8.845039999985602,,,,,,,,,,,13030.756785600039
544,544,141,141,1238,1238,,1,4.317257662478369e-11,4.317257662478369e-11,0.0656398935475611,1.1378887144135563e-05,2.1091853597465418e-05,0,2250,3.0360168472893084e-08,0.0014220137369570297,2250,3.0360168472893084e-08,0.0014214849557803555,2250,3.0360168472893084e-08,0.0014220137369570297,True,443,1301,-438.3409096528387,-438.34090965283866,False,True,energy_not_decreased,L-BFGS-B>Newton-CG,True,4.697997387351912e-13,1.2406829213898434e-07,1.0037866221146086e-09,0.0,153043.7998941924,-2.345346139520643e-15,9.947598300641403e-14,5.684341886080802e-14,,,,,,False,0,none,False,3.6178227000054903,6.499555200047325,,,,,,,,,,,13040.952242800035
545,545,141,141,1198,1198,,1,-4.275513276752463e-11,4.275513276752463e-11,0.09952931436216901,3.886707177937428e-06,6.873246421934344e-06,0,2250,3.0360168472893084e-08,0.001408264015586683,2250,3.0360168472893084e-08,0.0014078915657106841,2250,3.0360168472893084e-08,0.001408264015586683,True,444,1300,-438.3409096528387,-438.34090965283866,False,True,energy_not_decreased,L-BFGS-B>Newton-CG,True,1.9047545359727822e-10,1.7335585551449294e-05,1.0109875408033943e-09,4.547473508864641e-13,199516.0643757141,-2.4147350785597155e-15,9.947598300641403e-14,5.684341886080802e-14,,,,,,False,0,none,False,3.6648917000275105,0.9344233999727294,,,,,,,,,,,13045.628322500037
546,546,141,141,101,101,,1,-4.2739145555970026e-11,4.2739145555970026e-11,0.16340434031813042,2.0315069662003153e-06,3.3953316721329084e-06,0,2250,3.0360168472893084e-08,0.001407737430512925,2250,3.0360168472893084e-08,0.00140522795439669,2250,3.0360168472893084e-08,0.001407737430512925,True,445,1299,-438.3409096528387,-438.34090965283866,False,True,energy_not_decreased,L-BFGS-B>Newton-CG,True,9.0295335870983e-10,4.2952864683452774e-05,1.0210219589627905e-09,2.8421709430404007e-12,381716.8891984248,-2.5049406993105094e-15,9.947598300641403e-14,5.684341886080802e-14,,,,,,False,0,none,False,3.628868200001307,1.019307899987325,,,,,,,,,,,13050.353894300002
547,547,141,141,1554,1554,,1,4.25544044446724e-11,4.25544044446724e-11,0.131826671690768,8.363499715894735e-06,1.4325133408280458e-05,0,2250,3.0360168472893084e-08,0.0014016524474383888,2250,3.0360168472893084e-08,0.0014020231629682013,2250,3.0360168472893084e-08,0.0014016524474383888,True,446,1298,-438.3409096528387,-438.34090965283866,False,True,energy_not_decreased,L-BFGS-B>Newton-CG,True,4.911104037591902e-13,9.678785163577715e-08,1.0050740913808822e-09,1.1368683772161603e-13,153043.7998941924,-2.4147350785597155e-15,9.947598300641403e-14,5.684341886080802e-14,,,,,,False,0,none,False,3.6430872999480926,22.284617600031197,,,,,,,,,,,13076.35798640002
548,548,141,141,1602,1602,,1,-4.2163605940004345e-11,4.2163605940004345e-11,0.1809895830327012,2.922241182676069e-06,4.827200029949642e-06,0,2250,3.0360168472893084e-08,0.0013887803678576387,2250,3.0360168472893084e-08,0.0013904068487642922,2250,3.0360168472893084e-08,0.0013887803678576387,True,447,1297,-438.3409096528387,-438.34090965283866,False,True,energy_not_decreased,L-BFGS-B>Newton-CG,True,4.781533256486481e-13,3.31615342473978e-08,1.0144189144591876e-09,1.5347723092418164e-12,265364.99592165044,-2.42861286636753e-15,9.947598300641403e-14,5.684341886080802e-14,,,,,,False,0,none,False,3.607891199993901,7.503933300031349,,,,,,,,,,,13087.547043900006
549,549,141,141,1296,1296,,1,4.206235360015853e-11,4.206235360015853e-11,0.13372851506980293,6.061673749683115e-06,1.0365599613678177e-05,0,2250,3.0360168472893084e-08,0.0013854453290571718,2250,3.0360168472893084e-08,0.001385092024671598,2250,3.0360168472893084e-08,0.0013854453290571718,True,448,1296,-438.3409096528387,-438.34090965283866,False,True,energy_not_decreased,L-BFGS-B>Newton-CG,True,3.8378849690069285e-13,5.5461100802474496e-08,1.0069199581571157e-09,2.8421709430404007e-13,153043.7998941924,-2.4424906541753444e-15,9.947598300641403e-14,5.684341886080802e-14,,,,,,False,0,none,False,3.6815981999970973,7.0656769999768585,,,,,,,,,,,13098.37200600002
550,550,141,141,1253,1253,,1,-4.190425784145191e-11,4.190425784145191e-11,0.18991786366841618,1.7080740126869562e-06,2.805991969308485e-06,0,2250,3.0360168472893084e-08,0.001380237987772232,2250,3.0360168472893084e-08,0.001382960653761912,2250,3.0360168472893084e-08,0.001380237987772232,True,449,1295,-438.3409096528387,-438.34090965283866,False,True,energy_not_decreased,L-BFGS-B>Newton-CG,True,4.731935778894411e-13,1.9227440394301598e-08,1.0246103260853006e-09,5.059064278611913e-12,453997.02458035987,-2.338407245616736e-15,9.947598300641403e-14,5.684341886080802e-14,,,,,,False,0,none,False,3.858240100031253,7.6179198999889195,,,,,,,,,,,13109.927173700009
551,551,141,141,490,490,,1,-4.1669778738651075e-11,4.1669778738651075e-11,0.08249059587647962,8.06673540444456e-06,1.457168687341563e-05,0,2250,3.0360168472893084e-08,0.001372514740023782,2250,3.0360168472893084e-08,0.0013733113408781934,2250,3.0360168472893084e-08,0.001372514740023782,True,450,1294,-438.3409096528387,-438.34090965283866,False,True,energy_not_decreased,L-BFGS-B>Newton-CG,True,8.134431002526707e-11,1.5710027663381385e-05,1.005177859120826e-09,1.1368683772161603e-13,153043.7998941924,-2.400857290751901e-15,9.947598300641403e-14,5.684341886080802e-14,,,,,,False,0,none,False,3.729676400020253,0.926697300048545,,,,,,,,,,,13114.662495300057
552,552,141,141,1395,1395,,1,4.156497368512646e-11,4.156497368512646e-11,0.1472657535098127,3.905053565142775e-06,6.604689589999129e-06,0,2250,3.0360168472893084e-08,0.0013690626823180355,2250,3.0360168472893084e-08,0.0013727888624160197,2250,3.0360168472893084e-08,0.0013690626823180355,True,451,1293,-438.3409096528387,-438.34090965283866,False,True,energy_not_decreased,L-BFGS-B,True,5.764184719648496e-10,5.4309974835278524e-05,1.0106134917888127e-09,6.252776074688882e-13,198578.71514102057,-2.67841304690819e-15,9.947598300641403e-14,5.684341886080802e-14,,,,,,False,0,none,False,3.73865489999298,0.9024009999702685,,,,,,,,,,,13119.381869600038
553,553,141,141,366,366,,1,-4.164490974289947e-11,4.164490974289947e-11,0.07844198749450236,1.4699116575112347e-05,2.670382056758328e-05,0,2250,3.0360168472893084e-08,0.0013716956076868252,2250,3.0360168472893084e-08,0.0013722129192707579,2250,3.0360168472893084e-08,0.0013716956076868252,True,452,1292,-438.3409096528387,-438.34090965283866,False,True,energy_not_decreased,L-BFGS-B>Newton-CG,True,6.595950114001924e-10,0.0002331359674160635,1.002829228877512e-09,5.684341886080802e-14,153043.7998941924,-2.5049406993105094e-15,9.947598300641403e-14,5.684341886080802e-14,,,,,,False,0,none,False,3.7180353000294417,13.256251799990423,,,,,,,,,,,13136.44036030001
554,554,141,141,1691,1691,,1,-4.133227093916503e-11,4.133227093916503e-11,0.6481873958075631,1.949736581465799e-06,2.7747843041751142e-06,0,2250,3.0360168472893084e-08,0.0013613979440222253,2250,3.0360168472893084e-08,0.0013718666345114482,2250,3.0360168472893084e-08,0.0013613979440222253,True,453,1291,-438.3409096528387,-438.34090965283866,False,True,energy_not_decreased,L-BFGS-B>Newton-CG,True,1.3934104323767705e-12,6.542199312115516e-08,1.02129880741781e-09,5.4001247917767614e-12,397725.7886498329,-2.3037127760972e-15,9.947598300641403e-14,5.684341886080802e-14,,,,,,False,0,none,False,3.7669103000080213,16.392469999962486,,,,,,,,,,,13156.678755800007
555,555,141,141,1158,1158,,1,4.149569576838985e-11,4.149569576838985e-11,0.17504132964262892,3.3103621404732885e-06,5.489318319897896e-06,0,2250,3.0360168472893084e-08,0.0013667808136650843,2250,3.0360168472893084e-08,0.001370887053524914,2250,3.0360168472893084e-08,0.0013667808136650843,True,454,1290,-438.3409096528387,-438.34090965283866,False,True,energy_not_decreased,L-BFGS-B>Newton-CG,True,7.389158181458948e-13,5.8900828766753643e-08,1.0125450835517442e-09,1.0800249583553523e-12,234252.47348075488,-2.456368441983159e-15,9.947598300641403e-14,5.684341886080802e-14,,,,,,False,0,none,False,3.689921499986667,7.2938854999956675,,,,,,,,,,,13167.74274310004
556,556,141,141,1755,1755,,1,4.142641785165324e-11,4.142641785165324e-11,0.07107002044434672,3.602172838511239e-05,6.617383268798962e-05,0,2250,3.0360168472893084e-08,0.0013644989450121332,2250,3.0360168472893084e-08,0.0013667483543227802,2250,3.0360168472893084e-08,0.0013644989450121332,True,455,1289,-438.3409096528387,-438.34090965283866,False,True,energy_not_decreased,L-BFGS-B>Newton-CG,True,2.651569125430113e-13,2.302089770020219e-07,1.0011518096122754e-09,5.684341886080802e-14,153043.7998941924,-2.546574062733953e-15,9.947598300641403e-14,5.684341886080802e-14,,,,,,False,0,none,False,3.6558762999484316,25.5879579000175,,,,,,,,,,,13197.064649700013
557,557,141,141,1117,1117,,1,4.136246900543483e-11,4.136246900543483e-11,0.13270286705003936,7.79397996798398e-06,1.3339579687703044e-05,0,2250,3.0360168472893084e-08,0.0013623926047171015,2250,3.0360168472893084e-08,0.0013659259088175163,2250,3.0360168472893084e-08,0.0013623926047171015,True,456,1288,-438.3409096528387,-438.34090965283866,False,True,energy_not_decreased,L-BFGS-B>Newton-CG,True,7.548131130733658e-13,1.4264296299468893e-07,1.005291625308579e-09,1.7053025658242404e-13,153043.7998941924,-2.1788126858268697e-15,9.947598300641403e-14,5.684341886080802e-14,,,,,,False,0,none,False,3.674369400017895,15.081683399970643,,,,,,,,,,,13215.898434100032
558,558,141,141,240,240,,1,4.1407099971024763e-11,4.1407099971024763e-11,0.025286933120832467,1.2951610162515365e-05,2.6719951336928396e-05,0,2250,3.0360168472893084e-08,0.0013638626547146757,2250,3.0360168472893084e-08,0.0013643503431481243,2250,3.0360168472893084e-08,0.0013638626547146757,True,457,1287,-438.3409096528387,-438.34090965283866,False,True,energy_not_decreased,L-BFGS-B>Newton-CG,True,1.424423098193095e-13,4.446762775062201e-08,1.0032032810614081e-09,5.684341886080802e-14,153043.7998941924,-2.2620794126737565e-15,9.947598300641403e-14,5.684341886080802e-14,,,,,,False,0,none,False,3.7293220999999903,7.058331599982921,,,,,,,,,,,13226.764643300034
559,559,141,141,498,498,,1,-4.098410499864258e-11,4.098410499864258e-11,0.18331115839463233,3.10822788290701e-06,5.1269280424816186e-06,0,2250,3.0360168472893084e-08,0.0013499300913048299,2250,3.0360168472893084e-08,0.001356439774498495,2250,3.0360168472893084e-08,0.0013499300913048299,True,458,1286,-438.3409096528387,-438.34090965283866,False,True,energy_not_decreased,L-BFGS-B>Newton-CG,True,5.530856616359618e-13,4.198563234872483e-08,1.0131732126133563e-09,1.3642420526593924e-12,249486.37897091848,-2.6367796834847468e-15,9.947598300641403e-14,5.684341886080802e-14,,,,,,False,0,none,False,3.692934399994556,7.35618030000478,,,,,,,,,,,13237.89051560004
560,560,141,141,1084,1084,,1,-4.0738967754805344e-11,4.0738967754805344e-11,0.24971077367837272,2.4584362728060797e-06,3.91331388765499e-06,0,2250,3.0360168472893084e-08,0.0013418557868405414,2250,3.0360168472893084e-08,0.0013381380350698132,2250,3.0360168472893084e-08,0.0013418557868405414,True,459,1285,-438.3409096528387,-438.34090965283866,False,True,energy_not_decreased,L-BFGS-B>Newton-CG,True,5.255091177839182e-13,3.173160502065467e-08,1.0165610632504046e-09,5.4001247917767614e-12,315428.3591161779,-2.42861286636753e-15,9.947598300641403e-14,5.684341886080802e-14,,,,,,False,0,none,False,3.699191600026097,35.781401599990204,,,,,,,,,,,13277.4503425
561,561,141,141,755,755,,1,4.0602188278171525e-11,4.0602188278171525e-11,0.0938769566159108,9.172167445672011e-06,1.6327866844908087e-05,0,2250,3.0360168472893084e-08,0.0013373505589872787,2250,3.0360168472893084e-08,0.0013376259778114592,2250,3.0360168472893084e-08,0.0013373505589872787,True,460,1284,-438.3409096528387,-438.34090965283866,False,True,energy_not_decreased,L-BFGS-B>Newton-CG,True,6.241782111564128e-11,1.413482308488704e-05,1.0044158898021426e-09,5.684341886080802e-14,153043.7998941924,-2.3522850334245504e-15,9.947598300641403e-14,5.684341886080802e-14,,,,,,False,0,none,False,4.610253800055943,0.9336407000082545,,,,,,,,,,,13283.07194460003
562,562,141,141,1279,1279,,1,4.0188297134591267e-11,4.0188297134591267e-11,0.9736170687972017,1.4060899597184608e-06,1.9055030623137e-06,0,2250,3.0360168472893084e-08,0.0013237178565222117,2250,3.0360168472893084e-08,0.0013314633383413052,2250,3.0360168472893084e-08,0.0013237178565222117,True,461,1283,-438.3409096528387,-438.34090965283866,False,True,projected_residual,L-BFGS-B>Newton-CG>trust-krylov,False,1.5407218680273836e-09,5.4223077155617025e-05,1.0284145044665319e-09,4.149569576838985e-12,551501.3560570357,-2.345346139520643e-15,9.947598300641403e-14,5.684341886080802e-14,,,,,,False,0,none,False,3.8024628999992274,104.6993128999602,,,,,,,,,,,13391.653846700036
563,563,141,141,1434,1434,,1,4.0254022337649076e-11,4.0254022337649076e-11,0.056979822086303956,1.2210382999334113e-05,2.299671769675294e-05,0,2250,3.0360168472893084e-08,0.0013258827062698835,2250,3.0360168472893084e-08,0.0013259298145380425,2250,3.0360168472893084e-08,0.0013258827062698835,True,462,1282,-438.3409096528387,-438.34090965283866,False,True,energy_not_decreased,L-BFGS-B>Newton-CG,True,8.847543828274792e-10,0.0002689008150707382,1.003290262926852e-09,0.0,153043.7998941924,-2.1718737919229625e-15,9.947598300641403e-14,5.684341886080802e-14,,,,,,False,0,none,False,4.4222967000096105,1.084364700014703,,,,,,,,,,,13397.237910000025
564,564,141,141,109,109,,1,-3.9712233501632e-11,3.9712233501632e-11,0.6507575756598062,1.9283459206706912e-06,2.743045544033523e-06,0,2250,3.0360168472893084e-08,0.0013080373232147529,2250,3.0360168472893084e-08,0.00131555950025958,2250,3.0360168472893084e-08,0.0013080373232147529,True,463,1281,-438.3409096528387,-438.34090965283866,False,True,energy_not_decreased,L-BFGS-B>Newton-CG,True,9.145532239428535e-13,4.418290397263532e-08,1.0206992556331128e-09,5.172751116333529e-12,402137.66171849694,-2.4702462297909733e-15,9.947598300641403e-14,5.684341886080802e-14,,,,,,False,0,none,False,3.8468894999823533,10.72214290004922,,,,,,,,,,,13411.88660050003
565,565,141,141,626,626,,1,3.9607428448107385e-11,3.9607428448107385e-11,0.10597378099968915,3.4844630429963427e-06,6.118224280561288e-06,0,2250,3.0360168472893084e-08,0.0013045852655090063,2250,3.0360168472893084e-08,0.0013078855761732944,2250,3.0360168472893084e-08,0.0013045852655090063,True,464,1280,-438.3409096528387,-438.34090965283866,False,True,energy_not_decreased,L-BFGS-B,True,5.803000815365849e-10,5.1191602260867694e-05,1.01133584525406e-09,6.252776074688882e-13,222548.0683692612,-2.400857290751901e-15,9.947598300641403e-14,5.684341886080802e-14,,,,,,False,0,none,False,3.8880755999707617,1.30491379997693,,,,,,,,,,,13417.159137700044
566,566,141,141,1400,1400,,1,-3.998223974122084e-11,3.998223974122084e-11,0.5454006182907846,2.9149344906593374e-06,4.234536463859315e-06,0,2250,3.0360168472893084e-08,0.0013169307600159983,2250,3.0360168472893084e-08,0.001307074372590664,2250,3.0360168472893084e-08,0.0013169307600159983,True,465,1279,-438.3409096528387,-438.34090965283866,False,True,energy_not_decreased,L-BFGS-B>Newton-CG,True,9.509986887884428e-13,6.901466657584747e-08,1.0137796607007193e-09,3.524291969370097e-12,266030.17049193115,-2.3592239273284576e-15,9.947598300641403e-14,5.684341886080802e-14,,,,,,False,0,none,False,3.6997799999662675,16.463634399988223,,,,,,,,,,,13437.40011300001
567,567,141,141,726,726,,1,-3.9217403630109615e-11,3.9217403630109615e-11,0.0021840077311447753,6.954967049560886e-05,0.00018850376030266227,0,2250,3.0360168472893084e-08,0.0012917386695375115,2250,3.0360168472893084e-08,0.0012917193292029568,2250,3.0360168472893084e-08,0.0012917386695375115,True,466,1278,-438.3409096528387,-438.34090965283866,False,True,energy_not_decreased,L-BFGS-B>Newton-CG,True,1.3103065907291679e-12,2.3212128857820803e-06,1.0005644922095492e-09,0.0,153043.7998941924,-2.3314683517128287e-15,9.947598300641403e-14,5.684341886080802e-14,,,,,,False,0,none,False,3.743948899966199,16.63670880004065,,,,,,,,,,,13457.859955400054
568,568,141,141,310,310,,1,-3.887912214395328e-11,3.887912214395328e-11,0.09440063552806374,4.0971332004108655e-06,7.2889320425460175e-06,0,2250,3.0360168472893084e-08,0.0012805963899266996,2250,3.0360168472893084e-08,0.0012852314293379916,2250,3.0360168472893084e-08,0.0012805963899266996,True,467,1277,-438.3409096528387,-438.34090965283866,False,True,energy_not_decreased,L-BFGS-B>Newton-CG,True,2.2463889783981739e-13,2.370524720290342e-08,1.009476336437964e-09,3.979039320256561e-13,189269.0526744773,-2.1649348980190553e-15,9.947598300641403e-14,5.684341886080802e-14,,,,,,False,0,none,False,3.8045800999971107,48.96070840000175,,,,,,,,,,,13510.703394400014
569,569,141,141,320,320,,1,3.893152467071559e-11,3.893152467071559e-11,0.02488043304900584,1.2761966285566907e-05,2.637647094786164e-05,0,2250,3.0360168472893084e-08,0.0012823224187795729,2250,3.0360168472893084e-08,0.0012832983910377918,2250,3.0360168472893084e-08,0.0012823224187795729,True,468,1276,-438.3409096528387,-438.34090965283866,False,True,energy_not_decreased,L-BFGS-B>Newton-CG,True,4.824783370716534e-10,0.00015783028535577083,1.0030569439571378e-09,5.684341886080802e-14,153043.7998941924,-2.2343238370581275e-15,9.947598300641403e-14,5.684341886080802e-14,,,,,,False,0,none,False,3.7205564999603666,1.1005793000222184,,,,,,,,,,,13515.608680200006
570,570,141,141,1002,1002,,1,3.8770764376749867e-11,3.8770764376749867e-11,0.12866422649321915,2.9262761580434527e-06,5.02605220996021e-06,0,2250,3.0360168472893084e-08,0.0012770273133156733,2250,3.0360168472893084e-08,0.0012765269082006814,2250,3.0360168472893084e-08,0.0012770273133156733,True,469,1275,-438.3409096528387,-438.34090965283866,False,True,energy_not_decreased,L-BFGS-B>Newton-CG,True,5.451050603176446e-13,4.126726279487101e-08,1.0132091402094495e-09,9.094947017729282e-13,264999.0901888758,-2.2273849431542203e-15,9.947598300641403e-14,5.684341886080802e-14,,,,,,False,0,none,False,3.663230400008615,20.32218419999117,,,,,,,,,,,13539.674116500013
571,571,141,141,945,945,,1,-3.839484286061179e-11,3.839484286061179e-11,0.02001392167337474,9.582329475286806e-06,2.029252550022399e-05,0,2250,3.0360168472893084e-08,0.0012646452504007815,2250,3.0360168472893084e-08,0.0012643411156229066,2250,3.0360168472893084e-08,0.0012646452504007815,True,470,1274,-438.3409096528387,-438.34090965283866,False,True,energy_not_decreased,L-BFGS-B>Newton-CG,True,2.2785566084827347e-13,5.698728177175786e-08,1.0039983598754696e-09,1.1368683772161603e-13,153043.7998941924,-2.9629076969683865e-15,9.947598300641403e-14,5.684341886080802e-14,,,,,,False,0,none,False,3.7074342999840155,7.151197400002275,,,,,,,,,,,13550.608008200012
572,572,141,141,139,139,,1,-3.81119580339373e-11,3.81119580339373e-11,0.010169053172282986,4.3829380149019936e-06,1.0010106511280189e-05,0,2250,3.0360168472893084e-08,0.0012553276200678977,2250,3.0360168472893084e-08,0.001255213353888752,2250,3.0360168472893084e-08,0.0012553276200678977,True,471,1273,-438.3409096528387,-438.34090965283866,False,True,energy_not_decreased,L-BFGS-B>Newton-CG,True,2.051143302971529e-13,2.3636205006475577e-08,1.0086779722142772e-09,8.526512829121202e-13,176927.1016122855,-2.220446049250313e-15,9.947598300641403e-14,5.684341886080802e-14,,,,,,False,0,none,False,3.7218760999967344,7.370364500035066,,,,,,,,,,,13561.77775010001
573,573,141,141,291,291,,1,-3.806377435466857e-11,3.806377435466857e-11,0.7938135480736765,1.50811942902022e-06,2.09478662374206e-06,0,2250,3.0360168472893084e-08,0.001253740551165044,2250,3.0360168472893084e-08,0.0012539000004764668,2250,3.0360168472893084e-08,0.001253740551165044,True,472,1272,-438.3409096528387,-438.34090965283866,False,True,energy_not_decreased,L-BFGS-B>Newton-CG,True,9.61729277435762e-13,3.789088836236864e-08,1.0253815447196246e-09,4.547473508864641e-12,514190.3914245753,-2.3245294578089215e-15,9.947598300641403e-14,5.684341886080802e-14,,,,,,False,0,none,False,3.6143122000503354,35.55788639996899,,,,,,,,,,,13601.02569400001
574,574,141,141,705,705,,1,-3.787192781601334e-11,3.787192781601334e-11,0.22479019745264853,3.3942692002810086e-06,5.468944126762744e-06,0,2250,3.0360168472893084e-08,0.0012474215302799485,2250,3.0360168472893084e-08,0.0012487159236489254,2250,3.0360168472893084e-08,0.0012474215302799485,True,473,1271,-438.3409096528387,-438.34090965283866,False,True,energy_not_decreased,L-BFGS-B>Newton-CG,True,4.544403792521711e-13,4.075611854411221e-08,1.011150236957926e-09,1.6484591469634324e-12,228461.7022888798,-2.5118795932144167e-15,9.947598300641403e-14,5.684341886080802e-14,,,,,,False,0,none,False,4.6707457000156865,90.15332300000591,,,,,,,,,,,13695.928568700037
575,575,141,141,1104,1104,,1,3.7705838451529416e-11,3.7705838451529416e-11,0.06430090225915171,9.765048201864477e-06,1.8142548044248424e-05,0,2250,3.0360168472893084e-08,0.0012419508964581299,2250,3.0360168472893084e-08,0.0012430525040686825,2250,3.0360168472893084e-08,0.0012419508964581299,True,474,1270,-438.3409096528387,-438.34090965283866,False,True,energy_not_decreased,L-BFGS-B>Newton-CG,True,1.3078477374372103e-10,3.3947839880088266e-05,1.0038525212268493e-09,5.684341886080802e-14,153043.7998941924,-1.7832957333041577e-15,9.947598300641403e-14,5.684341886080802e-14,,,,,,False,0,none,False,3.846155799983535,0.9339436999871396,,,,,,,,,,,13700.78763820004
576,576,141,141,1644,1644,,1,-3.749534016606049e-11,3.749534016606049e-11,0.1512175275715923,3.6964460639902004e-06,6.232990696610314e-06,0,2250,3.0360168472893084e-08,0.001235017526320317,2250,3.0360168472893084e-08,0.0012368942656970799,2250,3.0360168472893084e-08,0.001235017526320317,True,475,1269,-438.3409096528387,-438.34090965283866,False,True,energy_not_decreased,L-BFGS-B>Newton-CG,True,4.492021154199022e-13,4.4326149766095925e-08,1.0101340206128954e-09,6.252776074688882e-13,209785.42797560207,-2.1996293675385914e-15,9.947598300641403e-14,5.684341886080802e-14,,,,,,False,0,none,False,3.702097599976696,9.171198500029277,,,,,,,,,,,13713.741522700002
577,577,141,141,892,892,,1,-3.780797896979493e-11,3.780797896979493e-11,0.7825134909881839,1.448158293191803e-06,2.014972029683834e-06,0,2250,3.0360168472893084e-08,0.0012453151899849168,2250,3.0360168472893084e-08,0.0012358179691048438,2250,3.0360168472893084e-08,0.0012453151899849168,True,476,1268,-438.3409096528387,-438.34090965283866,False,True,energy_not_decreased,L-BFGS-B>Newton-CG,True,8.491761944651521e-13,3.234817282741232e-08,1.0262511332246113e-09,5.343281372915953e-12,535480.4948938045,-2.220446049250313e-15,9.947598300641403e-14,5.684341886080802e-14,,,,,,False,0,none,False,3.8376749000162818,9.634517200000118,,,,,,,,,,,13727.294782300014
578,578,141,141,378,378,,1,-3.767297585000051e-11,3.767297585000051e-11,0.5514474876975357,2.6748679125652e-06,3.880710718232814e-06,0,2250,3.0360168472893084e-08,0.001240868471584294,2250,3.0360168472893084e-08,0.0012246244972262143,2250,3.0360168472893084e-08,0.001240868471584294,True,477,1267,-438.3409096528387,-438.34090965283866,False,True,energy_not_decreased,L-BFGS-B>Newton-CG,True,7.827890132225551e-13,5.529027299692223e-08,1.0141578069847138e-09,3.694822225952521e-12,289906.09812177485,-2.157996004115148e-15,9.947598300641403e-14,5.684341886080802e-14,,,,,,False,0,none,False,3.8472299000131898,10.85677549999673,,,,,,,,,,,13742.0765579
579,579,141,141,1376,1376,,1,3.6989078466831415e-11,3.6989078466831415e-11,0.09488346120580189,4.6049791971524615e-06,8.187673253671854e-06,0,2250,3.0360168472893084e-08,0.0012183423323179816,2250,3.0360168472893084e-08,0.0012191850938015373,2250,3.0360168472893084e-08,0.0012183423323179816,True,478,1266,-438.3409096528387,-438.34090965283866,False,True,energy_not_decreased,L-BFGS-B>Newton-CG,True,7.549452084286842e-10,9.424424090931705e-05,1.0080105182146367e-09,2.8421709430404007e-13,168396.09612187353,-2.6853519408120974e-15,9.947598300641403e-14,5.684341886080802e-14,,,,,,False,0,none,False,3.708473699982278,14.989006799994968,,,,,,,,,,,13760.855830400018
580,580,141,141,590,590,,1,-3.696865036317831e-11,3.696865036317831e-11,0.08465877286444004,1.2284913298232658e-05,2.2126361172495968e-05,0,2250,3.0360168472893084e-08,0.0012176694736126244,2250,3.0360168472893084e-08,0.0012183598678839778,2250,3.0360168472893084e-08,0.0012176694736126244,True,479,1265,-438.3409096528387,-438.34090965283866,False,True,energy_not_decreased,L-BFGS-B>Newton-CG,True,2.581271731062597e-13,8.591405830261011e-08,1.0030044812014011e-09,5.684341886080802e-14,153043.7998941924,-2.6645352591003757e-15,9.947598300641403e-14,5.684341886080802e-14,,,,,,False,0,none,False,4.3765152000123635,31.44718339998508,,,,,,,,,,,13796.764993800025
581,581,141,141,1838,1838,,1,3.6961322891215787e-11,3.6961322891215787e-11,0.032751238094832914,9.274758365115281e-06,1.8588333455000112e-05,0,2250,3.0360168472893084e-08,0.0012174281221204852,2250,3.0360168472893084e-08,0.0012173469841834034,2250,3.0360168472893084e-08,0.0012174281221204852,True,480,1264,-438.3409096528387,-438.34090965283866,False,True,energy_not_decreased,L-BFGS-B>Newton-CG,True,3.680633153875463e-10,9.216078753694288e-05,1.003993708443952e-09,5.684341886080802e-14,153043.7998941924,-2.1788126858268697e-15,9.947598300641403e-14,5.684341886080802e-14,,,,,,False,0,none,False,3.7068299000384286,1.0270812999806367,,,,,,,,,,,13801.579570600006
582,582,141,141,1661,1661,,1,3.729638820004766e-11,3.729638820004766e-11,0.9543906667348339,1.5756058782522398e-06,2.140393170366967e-06,0,2250,3.0360168472893084e-08,0.0012284644676246624,2250,3.0360168472893084e-08,0.0012116430538122072,2250,3.0360168472893084e-08,0.0012284644676246624,True,481,1263,-438.3409096528387,-438.34090965283866,False,True,projected_residual,L-BFGS-B>Newton-CG>trust-krylov,False,3.9371800481189825e-07,0.016731921450584098,1.023530949865782e-09,2.7853275241795927e-12,492166.55651418556,-2.615963001773025e-15,9.947598300641403e-14,5.684341886080802e-14,,,,,,False,0,none,False,3.7859452000120655,13.763045699975919,,,,,,,,,,,13819.205224600038
583,583,141,141,459,459,,1,3.675815207770938e-11,3.675815207770938e-11,0.13458689121914608,3.927108854720887e-06,6.710550575554055e-06,0,2250,3.0360168472893084e-08,0.0012107361034748112,2250,3.0360168472893084e-08,0.0012097007678604124,2250,3.0360168472893084e-08,0.0012107361034748112,True,482,1262,-438.3409096528387,-438.34090965283866,False,True,energy_not_decreased,L-BFGS-B>Newton-CG,True,4.684672437055671e-13,5.0213912837495575e-08,1.009329431172226e-09,4.547473508864641e-13,197463.4643984241,-2.609024107869118e-15,9.947598300641403e-14,5.684341886080802e-14,,,,,,False,0,none,False,3.675279699964449,7.102114300010726,,,,,,,,,,,13830.059281400056
584,584,141,141,762,762,,1,-3.667999237677577e-11,3.667999237677577e-11,0.136625907006936,2.101450847240332e-06,3.584760322463253e-06,0,2250,3.0360168472893084e-08,0.0012081616875586612,2250,3.0360168472893084e-08,0.0012089375171993732,2250,3.0360168472893084e-08,0.0012081616875586612,True,483,1261,-438.3409096528387,-438.34090965283866,False,True,energy_not_decreased,L-BFGS-B>Newton-CG,True,7.114405699763867e-10,4.062984873440439e-05,1.0175102933468211e-09,1.6484591469634324e-12,369011.97120135574,-2.643718577388654e-15,9.947598300641403e-14,5.684341886080802e-14,,,,,,False,0,none,False,3.637961099972017,1.8909663000376895,,,,,,,,,,,13835.667015400017
585,585,141,141,334,334,,1,3.673150672511838e-11,3.673150672511838e-11,0.17298000580082312,2.237265585576252e-06,3.714923736035643e-06,0,2250,3.0360168472893084e-08,0.0012098584616852147,2250,3.0360168472893084e-08,0.0012059244943264772,2250,3.0360168472893084e-08,0.0012098584616852147,True,484,1260,-438.3409096528387,-438.34090965283866,False,True,projected_residual,L-BFGS-B>Newton-CG>trust-krylov,False,1.7147604840119923e-08,0.0010435607501197595,1.0164318223334407e-09,1.9326762412674725e-12,346610.8469742446,-2.0192181260370035e-15,9.947598300641403e-14,5.684341886080802e-14,,,,,,False,0,none,False,3.6905722999945283,120.80603790003806,,,,,,,,,,,13960.239781200013
586,586,141,141,438,438,,1,-3.643663148977794e-11,3.643663148977794e-11,0.2166620720023044,2.5251678390192762e-06,4.085926642746406e-06,0,2250,3.0360168472893084e-08,0.0012001458925470123,2250,3.0360168472893084e-08,0.0011914577510545106,2250,3.0360168472893084e-08,0.0012001458925470123,True,485,1259,-438.3409096528387,-438.34090965283866,False,True,energy_not_decreased,L-BFGS-B>Newton-CG,True,6.380015890328393e-13,4.424940327596148e-08,1.0144183094414616e-09,2.4442670110147446e-12,307092.66431338957,-2.033095913844818e-15,9.947598300641403e-14,5.684341886080802e-14,,,,,,False,0,none,False,3.6550914999679662,15.548833700013347,,,,,,,,,,,13979.517963700055
587,587,141,141,451,451,,1,-3.6140757053715333e-11,3.6140757053715333e-11,0.01962086866519023,7.492193187343596e-06,1.590143311490813e-05,0,2250,3.0360168472893084e-08,0.0011904004118417004,2250,3.0360168472893084e-08,0.0011901912032202457,2250,3.0360168472893084e-08,0.0011904004118417004,True,486,1258,-438.3409096528387,-438.34090965283866,False,True,energy_not_decreased,L-BFGS-B>Newton-CG,True,2.07289928084965e-13,4.3068799378166044e-08,1.0048129952791312e-09,1.7053025658242404e-13,153043.7998941924,-2.2967738821932926e-15,9.947598300641403e-14,5.684341886080802e-14,,,,,,False,0,none,False,3.61070409999229,19.982104299997445,,,,,,,,,,,14003.191527000046
588,588,141,141,384,384,,1,-3.600852949148248e-11,3.600852949148248e-11,0.13961513759414357,3.424909382591965e-06,5.8279824889445425e-06,0,2250,3.0360168472893084e-08,0.0011860451144608273,2250,3.0360168472893084e-08,0.0011874014754412218,2250,3.0360168472893084e-08,0.0011860451144608273,True,487,1257,-438.3409096528387,-438.34090965283866,False,True,energy_not_decreased,L-BFGS-B>Newton-CG,True,7.827531646916743e-10,7.452708560268996e-05,1.0105029353873382e-09,5.684341886080801e-13,226417.82099824402,-2.3939183968479938e-15,9.947598300641403e-14,5.684341886080802e-14,,,,,,False,0,none,False,3.6282064999686554,13.34857530001318,,,,,,,,,,,14020.248163600045
589,589,141,141,1156,1156,,1,-3.5640823625726625e-11,3.5640823625726625e-11,0.5855568343131515,2.3651837881029326e-06,3.407039599831252e-06,0,2250,3.0360168472893084e-08,0.0011739336577643944,2250,3.0360168472893084e-08,0.0011796678945356458,2250,3.0360168472893084e-08,0.0011739336577643944,True,488,1256,-438.3409096528387,-438.34090965283866,False,True,energy_not_decreased,L-BFGS-B>Newton-CG,True,1.492385884120587e-12,9.850486827610739e-08,1.0151503769330209e-09,3.524291969370097e-12,327864.804174434,-2.2690183065776637e-15,9.947598300641403e-14,5.684341886080802e-14,,,,,,False,0,none,False,3.6023640000494197,9.580054600024596,,,,,,,,,,,14033.508088800008
590,590,141,141,462,462,,1,3.5777603102360445e-11,3.5777603102360445e-11,0.04900544164430963,1.4477086874693322e-05,2.7732057925062883e-05,0,2250,3.0360168472893084e-08,0.0011784388856176569,2250,3.0360168472893084e-08,0.001179088268236732,2250,3.0360168472893084e-08,0.0011784388856176569,True,489,1255,-438.3409096528387,-438.34090965283866,False,True,energy_not_decreased,L-BFGS-B>Newton-CG,True,2.3823593477594715e-13,9.620262897047169e-08,1.0024763973430402e-09,0.0,153043.7998941924,-2.192690473634684e-15,9.947598300641403e-14,5.684341886080802e-14,,,,,,False,0,none,False,3.6006240000133403,7.596103199990466,,,,,,,,,,,14044.781598200032
591,591,141,141,1170,1170,,1,3.566058559556495e-11,3.566058559556495e-11,0.01553534479042662,1.2438228819954472e-05,2.7096126095103274e-05,0,2250,3.0360168472893084e-08,0.001174584575425012,2250,3.0360168472893084e-08,0.001174408165343215,2250,3.0360168472893084e-08,0.001174584575425012,True,490,1254,-438.3409096528387,-438.34090965283866,False,True,energy_not_decreased,L-BFGS-B>Newton-CG,True,6.446166597211499e-13,2.252366638889148e-07,1.002861952617266e-09,5.684341886080802e-14,153043.7998941924,-2.67841304690819e-15,9.947598300641403e-14,5.684341886080802e-14,,,,,,False,0,none,False,3.6136647000093944,13.55831529997522,,,,,,,,,,,14062.032005200046
592,592,141,141,1360,1360,,1,-3.560174377525982e-11,3.560174377525982e-11,0.20943531775524277,2.184364621788553e-06,3.548310834368147e-06,0,2250,3.0360168472893084e-08,0.0011726464498063194,2250,3.0360168472893084e-08,0.001173204448009455,2250,3.0360168472893084e-08,0.0011726464498063194,True,491,1253,-438.3409096528387,-438.34090965283866,False,True,projected_residual,L-BFGS-B>Newton-CG>trust-krylov,False,2.0624351408233058e-07,0.012605001377792066,1.016362038202209e-09,2.8990143619012088e-12,355005.0718583643,-2.3175905639050143e-15,9.947598300641403e-14,5.684341886080802e-14,,,,,,False,0,none,False,3.614952399977483,42.1301691000117,,,,,,,,,,,14107.853735100012
593,593,141,141,1328,1328,,1,-3.558398020686582e-11,3.558398020686582e-11,0.7091039698430194,1.9023459533675104e-06,2.678411718530931e-06,0,2250,3.0360168472893084e-08,0.0011720613552799217,2250,3.0360168472893084e-08,0.001166882029182321,2250,3.0360168472893084e-08,0.0011720613552799217,True,492,1252,-438.3409096528387,-438.34090965283866,False,True,energy_not_decreased,L-BFGS-B>Newton-CG,True,9.866490421096836e-13,5.282392357058093e-08,1.0186780718927736e-09,3.410605131648481e-12,407633.8050658992,-2.6853519408120974e-15,9.947598300641403e-14,5.684341886080802e-14,,,,,,False,0,none,False,3.604338100005407,9.318530499993358,,,,,,,,,,,14120.854496300046
594,594,141,141,1574,1574,,1,3.538325188401359e-11,3.538325188401359e-11,0.10435917941163765,2.2819327236261686e-06,4.0137373695319135e-06,0,2250,3.0360168472893084e-08,0.0011654497871316273,2250,3.0360168472893084e-08,0.0011643394136931788,2250,3.0360168472893084e-08,0.0011654497871316273,True,493,1251,-438.3409096528387,-438.34090965283866,False,True,energy_not_decreased,L-BFGS-B,True,6.818807235425536e-10,4.411221036401021e-05,1.0154578679670717e-09,1.0231815394945443e-12,339826.197106568,-2.3869795029440866e-15,9.947598300641403e-14,5.684341886080802e-14,,,,,,False,0,none,False,3.579751599987503,0.7136777999694459,,,,,,,,,,,14125.226113900018
595,595,141,141,1467,1467,,1,3.5140779175435455e-11,3.5140779175435455e-11,0.05761432847935915,9.812322360812799e-06,1.8457250475826105e-05,0,2250,3.0360168472893084e-08,0.0011574632468462985,2250,3.0360168472893084e-08,0.0011572038248594074,2250,3.0360168472893084e-08,0.0011574632468462985,True,494,1250,-438.3409096528387,-438.34090965283866,False,True,energy_not_decreased,L-BFGS-B>Newton-CG,True,8.148595344573452e-10,0.0002280628154663483,1.003572960952846e-09,0.0,153043.7998941924,-2.040034807748725e-15,9.947598300641403e-14,5.684341886080802e-14,,,,,,False,0,none,False,3.6127335999626666,0.9944651999976486,,,,,,,,,,,14129.910735800047
596,596,141,141,75,75,,1,3.509725843287015e-11,3.509725843287015e-11,0.03310984641929468,9.465041048098348e-06,1.894656559071336e-05,0,2250,3.0360168472893084e-08,0.001156029765256624,2250,3.0360168472893084e-08,0.0011566980138936235,2250,3.0360168472893084e-08,0.001156029765256624,True,495,1249,-438.3409096528387,-438.34090965283866,False,True,energy_not_decreased,L-BFGS-B>Newton-CG,True,2.2604404342482013e-13,6.082147792980881e-08,1.0037165167818792e-09,5.684341886080802e-14,153043.7998941924,-2.518818487118324e-15,9.947598300641403e-14,5.684341886080802e-14,,,,,,False,0,none,False,3.5531380999600515,7.062534900032915,,,,,,,,,,,14140.603309100028
597,597,141,141,1474,1474,,1,-3.5131009212818753e-11,3.5131009212818753e-11,0.13865129374600701,3.3562759002002485e-06,5.715706214990379e-06,0,2250,3.0360168472893084e-08,0.0011571414448567797,2250,3.0360168472893084e-08,0.0011550392443507164,2250,3.0360168472893084e-08,0.0011571414448567797,True,496,1248,-438.3409096528387,-438.34090965283866,False,True,energy_not_decreased,L-BFGS-B>Newton-CG,True,6.268541331520716e-10,5.9961516778574215e-05,1.0104542741216325e-09,5.684341886080801e-13,231047.90624532595,-2.213507155346406e-15,9.947598300641403e-14,5.684341886080802e-14,,,,,,False,0,none,False,3.5810282999882475,13.626991000026464,,,,,,,,,,,14157.889377200045
598,598,141,141,510,510,,1,-3.459632580415928e-11,3.459632580415928e-11,0.6522844014700735,1.8337122827892994e-06,2.607700616649082e-06,0,2250,3.0360168472893084e-08,0.0011395300996122082,2250,3.0360168472893084e-08,0.0011510213866550757,2250,3.0360168472893084e-08,0.0011395300996122082,True,497,1247,-438.3409096528387,-438.34090965283866,False,True,energy_not_decreased,L-BFGS-B>Newton-CG,True,5.700436037998698e-13,3.0046153001037565e-08,1.0189722658930808e-09,4.604316927725449e-12,422891.053739,-2.3592239273284576e-15,9.947598300641403e-14,5.684341886080802e-14,,,,,,False,0,none,False,3.5756882000132464,9.926267899980303,,,,,,,,,,,14171.468287000025
599,599,141,141,219,219,,1,3.49185125259055e-11,3.49185125259055e-11,0.021407014655432374,1.1238999350593794e-05,2.36225769438766e-05,0,2250,3.0360168472893084e-08,0.001150142251584747,2250,3.0360168472893084e-08,0.001150769359053863,2250,3.0360168472893084e-08,0.001150142251584747,True,498,1246,-438.3409096528387,-438.34090965283866,False,True,energy_not_decreased,L-BFGS-B>Newton-CG,True,1.9300044405124767e-13,6.197492511005877e-08,1.0031141698631908e-09,5.684341886080802e-14,153043.7998941924,-2.733924198139448e-15,9.947598300641403e-14,5.684341886080802e-14,,,,,,False,0,none,False,3.5926472000428475,7.865262599952985,,,,,,,,,,,14183.004061000014
600,600,141,141,675,675,,1,3.4868108400587516e-11,3.4868108400587516e-11,0.04948538150420041,1.4195703326250303e-05,2.7163273362372175e-05,0,2250,3.0360168472893084e-08,0.0011484820458660934,2250,3.0360168472893084e-08,0.0011477373924023023,2250,3.0360168472893084e-08,0.0011484820458660934,True,499,1245,-438.3409096528387,-438.34090965283866,False,True,energy_not_decreased,L-BFGS-B>Newton-CG,True,6.254976511007996e-10,0.0002541181068080333,1.0024614446367387e-09,5.684341886080802e-14,153043.7998941924,-2.1094237467877974e-15,9.947598300641403e-14,5.684341886080802e-14,,,,,,False,0,none,False,3.6022824000101537,26.386561499966774,,,,,,,,,,,14213.068745700002
601,601,141,141,1729,1729,,1,-3.532818482199218e-11,3.532818482199218e-11,0.7482673409339367,1.783282118974994e-06,2.49464105252168e-06,0,2250,3.0360168472893084e-08,0.0011636359940997943,2250,3.0360168472893084e-08,0.0011460002207475917,2250,3.0360168472893084e-08,0.0011636359940997943,True,500,1244,-438.3409096528387,-438.34090965283866,False,True,energy_not_decreased,L-BFGS-B>Newton-CG,True,7.899439240747437e-10,3.990046418930653e-05,1.0197978630104874e-09,3.410605131648481e-12,434850.16267007595,-2.4424906541753444e-15,9.947598300641403e-14,5.684341886080802e-14,,,,,,False,0,none,False,3.5625158000038937,22.72543960000621,,,,,,,,,,,14239.432443700032
602,602,141,141,245,245,,1,-3.4432900974934455e-11,3.4432900974934455e-11,0.08390079060835279,1.2230683180769655e-05,2.205110439678713e-05,0,2250,3.0360168472893084e-08,0.0011341472299693492,2250,3.0360168472893084e-08,0.0011360507392106757,2250,3.0360168472893084e-08,0.0011341472299693492,True,501,1243,-438.3409096528387,-438.34090965283866,False,True,energy_not_decreased,L-BFGS-B>Newton-CG,True,3.474933413700685e-13,1.236504220244192e-07,1.0028102883571352e-09,5.684341886080802e-14,153043.7998941924,-2.310651670001107e-15,9.947598300641403e-14,5.684341886080802e-14,,,,,,False,0,none,False,3.5883318000123836,18.246876100020017,,,,,,,,,,,14261.346703000017
603,603,141,141,896,896,,1,-3.4646063795662485e-11,3.4646063795662485e-11,0.5842334703782057,2.3682355410066332e-06,3.4123537641853483e-06,0,2250,3.0360168472893084e-08,0.0011411683642861218,2250,3.0360168472893084e-08,0.0011348701348532584,2250,3.0360168472893084e-08,0.0011411683642861218,True,502,1242,-438.3409096528387,-438.34090965283866,False,True,energy_not_decreased,L-BFGS-B>Newton-CG,True,1.009090948715721e-12,6.858161363997582e-08,1.014713724206214e-09,3.410605131648481e-12,327442.3114152318,-1.97758476261356e-15,9.947598300641403e-14,5.684341886080802e-14,,,,,,False,0,none,False,3.618192700028885,9.596735499973875,,,,,,,,,,,14274.640272900055
604,604,141,141,463,463,,1,-3.44084760683927e-11,3.44084760683927e-11,0.005046596796685173,0.00016624309155674146,0.0004104915206850123,0,2250,3.0360168472893084e-08,0.0011333427249955522,2250,3.0360168472893084e-08,0.0011332840334347134,2250,3.0360168472893084e-08,0.0011333427249955522,True,503,1241,-438.3409096528387,-438.34090965283866,False,True,energy_not_decreased,L-BFGS-B>Newton-CG,True,2.957575538961098e-13,1.431790918172476e-06,1.0002065647645493e-09,0.0,153043.7998941924,-2.525757381022231e-15,9.947598300641403e-14,5.684341886080802e-14,,,,,,False,0,none,False,3.5780811000149697,7.366235300025437,,,,,,,,,,,14285.662117800035
605,605,141,141,1759,1759,,1,-3.397104819669039e-11,3.397104819669039e-11,0.7125317614775704,1.8950635867679164e-06,2.6666173458254867e-06,0,2250,3.0360168472893084e-08,0.0011189347722830082,2250,3.0360168472893084e-08,0.0011317071320570565,2250,3.0360168472893084e-08,0.0011189347722830082,True,504,1240,-438.3409096528387,-438.34090965283866,False,True,energy_not_decreased,L-BFGS-B>Newton-CG,True,1.4243745665986952e-12,7.956241556751348e-08,1.01790260585276e-09,3.126388037344441e-12,409200.26374707744,-2.400857290751901e-15,9.947598300641403e-14,5.684341886080802e-14,,,,,,False,0,none,False,3.9806694999570027,55.5198103999719,,,,,,,,,,,14345.239329000004
606,606,141,141,1668,1668,,1,-3.4212632726848824e-11,3.4212632726848824e-11,0.7594097290450059,1.6847888419037607e-06,2.3526789417043592e-06,0,2250,3.0360168472893084e-08,0.0011268920578420174,2250,3.0360168472893084e-08,0.0011228678408484124,2250,3.0360168472893084e-08,0.0011268920578420174,True,505,1239,-438.3409096528387,-438.34090965283866,False,True,energy_not_decreased,L-BFGS-B>Newton-CG,True,9.074699488324431e-10,4.472816539390003e-05,1.0202885573517442e-09,3.808509063674137e-12,460271.63774818624,-2.4147350785597155e-15,9.947598300641403e-14,5.684341886080802e-14,,,,,,False,0,none,False,3.6067265000310726,49.673690899973735,,,,,,,,,,,14398.597655400052
607,607,141,141,1176,1176,,1,-3.3871572213683976e-11,3.3871572213683976e-11,0.18298552015561875,1.8190577436936723e-06,3.001092840628317e-06,0,2250,3.0360168472893084e-08,0.001115658242935181,2250,3.0360168472893084e-08,0.0011206406056875418,2250,3.0360168472893084e-08,0.001115658242935181,True,506,1238,-438.3409096528387,-438.34090965283866,False,True,energy_not_decreased,L-BFGS-B>Newton-CG,True,4.935078403216802e-13,2.6398115696467414e-08,1.0186948131448535e-09,2.7853275241795927e-12,426297.9128679605,-2.2690183065776637e-15,9.947598300641403e-14,5.684341886080802e-14,,,,,,False,0,none,False,3.6081692000152543,66.60332599998219,,,,,,,,,,,14468.885559300019
608,608,141,141,27,27,,1,-3.3733016380210756e-11,3.3733016380210756e-11,0.1520873131001324,3.524139659168972e-06,5.938553495000497e-06,0,2250,3.0360168472893084e-08,0.0011110945056292789,2250,3.0360168472893084e-08,0.0011095025480659692,2250,3.0360168472893084e-08,0.0011110945056292789,True,507,1237,-438.3409096528387,-438.34090965283866,False,True,projected_residual,L-BFGS-B>Newton-CG>trust-krylov,False,1.1593823728166135e-08,0.0012124790235680566,1.00956208190229e-09,6.252776074688882e-13,220042.50526943518,-2.2898349882893854e-15,9.947598300641403e-14,5.684341886080802e-14,,,,,,False,0,none,False,3.594439800013788,454.6445396000054,,,,,,,,,,,14927.20234430005
609,609,141,141,931,931,,1,-3.352518263000093e-11,3.352518263000093e-11,0.15386956925658932,3.6915668078292164e-06,6.212411135813008e-06,0,2250,3.0360168472893084e-08,0.0011042488996704253,2250,3.0360168472893084e-08,0.0011046366135925227,2250,3.0360168472893084e-08,0.0011042488996704253,True,508,1236,-438.3409096528387,-438.34090965283866,False,True,energy_not_decreased,L-BFGS-B>Newton-CG,True,5.670928966743358e-13,6.220983351474116e-08,1.0091158079781705e-09,5.684341886080801e-13,210062.7077582038,-1.9984014443252818e-15,9.947598300641403e-14,5.684341886080802e-14,,,,,,False,0,none,False,3.541205799963791,9.435452500008978,,,,,,,,,,,14940.257458700042
610,610,141,141,442,442,,1,-3.317346397579968e-11,3.317346397579968e-11,0.08526439051283921,1.1072558720218825e-05,1.9926717003767684e-05,0,2250,3.0360168472893084e-08,0.0010926640280477505,2250,3.0360168472893084e-08,0.0010946797808815882,2250,3.0360168472893084e-08,0.0010926640280477505,True,509,1235,-438.3409096528387,-438.34090965283866,False,True,projected_residual,L-BFGS-B>Newton-CG>trust-krylov,False,2.9304537368255444e-07,0.09798055914503509,1.0029908522286425e-09,1.1368683772161603e-13,153043.7998941924,-2.3869795029440866e-15,9.947598300641403e-14,5.684341886080802e-14,,,,,,False,0,none,False,3.5691065000137314,311.0315782999969,,,,,,,,,,,15254.938182800019
611,611,141,141,1486,1486,,1,-3.3004710076056654e-11,3.3004710076056654e-11,0.6076797135301838,2.0761573940070917e-06,2.9775265256075296e-06,0,2250,3.0360168472893084e-08,0.0010871056300469722,2250,3.0360168472893084e-08,0.0010918534520110539,2250,3.0360168472893084e-08,0.0010871056300469722,True,510,1234,-438.3409096528387,-438.34090965283866,False,True,energy_not_decreased,L-BFGS-B>Newton-CG,True,8.221845797787149e-13,5.176003529038898e-08,1.0158845444205365e-09,4.718003765447065e-12,373507.57787502557,-2.345346139520643e-15,9.947598300641403e-14,5.684341886080802e-14,,,,,,False,0,none,False,3.5718802000046708,29.29396209999686,,,,,,,,,,,15287.879587300005
612,612,141,141,1636,1636,,1,-3.310063334538427e-11,3.310063334538427e-11,0.25447102628392204,2.2150414526616416e-06,3.5181890223501514e-06,0,2250,3.0360168472893084e-08,0.0010902651404895197,2250,3.0360168472893084e-08,0.0010881238177142445,2250,3.0360168472893084e-08,0.0010902651404895197,True,511,1233,-438.3409096528387,-438.34090965283866,False,True,energy_not_decreased,L-BFGS-B>Newton-CG,True,7.591729416410037e-13,5.084370696489838e-08,1.0149315025783844e-09,4.718003765447065e-12,350088.4909359614,-2.42861286636753e-15,9.947598300641403e-14,5.684341886080802e-14,,,,,,False,0,none,False,3.546476099989377,9.019280000007711,,,,,,,,,,,15300.523365900037
613,613,141,141,181,181,,1,-3.2457592169521376e-11,3.2457592169521376e-11,0.6453243582126168,1.7754623816263836e-06,2.528100211653528e-06,0,2250,3.0360168472893084e-08,0.0010690847186339222,2250,3.0360168472893084e-08,0.0010792968146328278,2250,3.0360168472893084e-08,0.0010690847186339222,True,512,1232,-438.3409096528387,-438.34090965283866,False,True,energy_not_decreased,L-BFGS-B>Newton-CG,True,7.657266248916239e-10,4.162968803602886e-05,1.0183937632256316e-09,5.002220859751105e-12,436765.3899896014,-2.525757381022231e-15,9.947598300641403e-14,5.684341886080802e-14,,,,,,False,0,none,False,3.5826793999876827,16.116376499994658,,,,,,,,,,,15320.301377100055
614,614,141,141,495,495,,1,-3.281996896475903e-11,3.281996896475903e-11,0.610918414234267,2.1043148238229196e-06,3.015998362865736e-06,0,2250,3.0360168472893084e-08,0.0010810206469724357,2250,3.0360168472893084e-08,0.001076679391634922,2250,3.0360168472893084e-08,0.0010810206469724357,True,513,1231,-438.3409096528387,-438.34090965283866,False,True,energy_not_decreased,L-BFGS-B>Newton-CG,True,9.478010124287805e-10,6.0819442906325854e-05,1.0155838489656767e-09,4.263256414560601e-12,368509.74518828455,-2.6506574712925612e-15,9.947598300641403e-14,5.684341886080802e-14,,,,,,False,0,none,False,3.5849584999959916,23.406245000020135,,,,,,,,,,,15347.37078170001
615,615,141,141,241,241,,1,-3.246469759687898e-11,3.246469759687898e-11,0.5274678168282974,2.7336125424787574e-06,3.9868999825890894e-06,0,2250,3.0360168472893084e-08,0.0010693187564444811,2250,3.0360168472893084e-08,0.0010695404048439393,2250,3.0360168472893084e-08,0.0010693187564444811,True,514,1230,-438.3409096528387,-438.34090965283866,False,True,projected_residual,L-BFGS-B>Newton-CG>trust-krylov,False,1.7873670496988135e-09,0.0001496221184077067,1.011945874505188e-09,3.410605131648481e-12,283676.0906941661,-2.2898349882893854e-15,9.947598300641403e-14,5.684341886080802e-14,,,,,,False,0,none,False,3.581160700006876,86.66841239994392,,,,,,,,,,,15437.69789900002
616,616,141,141,1247,1247,,1,-3.2375879754908965e-11,3.2375879754908965e-11,0.15305112756734354,3.360105786397037e-06,5.658053692270686e-06,0,2250,3.0360168472893084e-08,0.0010663932838124927,2250,3.0360168472893084e-08,0.0010650515134733765,2250,3.0360168472893084e-08,0.0010663932838124927,True,515,1229,-438.3409096528387,-438.34090965283866,False,True,energy_not_decreased,L-BFGS-B>Newton-CG,True,9.516470847808942e-10,9.838541938143367e-05,1.0096726434746537e-09,4.547473508864641e-13,230784.55525485767,-2.4980018054066022e-15,9.947598300641403e-14,5.684341886080802e-14,,,,,,False,0,none,False,3.582854699983727,0.967363599978853,,,,,,,,,,,15442.323648700025
617,617,141,141,1604,1604,,1,-3.169020601490047e-11,3.169020601490047e-11,0.824928657714396,1.777213027389862e-06,2.4571586470819885e-06,0,2250,3.0360168472893084e-08,0.0010438086350935405,2250,3.0360168472893084e-08,0.00105028230815775,2250,3.0360168472893084e-08,0.0010438086350935405,True,516,1228,-438.3409096528387,-438.34090965283866,False,True,energy_not_decreased,L-BFGS-B>Newton-CG,True,9.92074675478772e-10,5.575138273231424e-05,1.0177946200947543e-09,2.0463630789890885e-12,436335.15373326343,-2.095545958979983e-15,9.947598300641403e-14,5.684341886080802e-14,,,,,,False,0,none,False,3.584631100005936,15.484986700001173,,,,,,,,,,,15461.472571700055
618,618,141,141,1125,1125,,1,3.184717767279466e-11,3.184717767279466e-11,0.004867363342808471,0.00017387403996413077,0.00043106543566980314,0,2250,3.0360168472893084e-08,0.0010489789508654815,2250,3.0360168472893084e-08,0.0010490425142207088,2250,3.0360168472893084e-08,0.0010489789508654815,True,517,1227,-438.3409096528387,-438.34090965283866,False,True,energy_not_decreased,L-BFGS-B>Newton-CG,True,9.0663523075844e-10,0.004939387553996925,1.0001835521551705e-09,5.684341886080802e-14,153043.7998941924,-2.2898349882893854e-15,9.947598300641403e-14,5.684341886080802e-14,,,,,,False,0,none,False,3.586894800013397,105.39458140003262,,,,,,,,,,,15570.533610300045
619,619,141,141,486,486,,1,-3.199929210495611e-11,3.199929210495611e-11,0.23697564598905066,1.9148189937431944e-06,3.066478512634762e-06,0,2250,3.0360168472893084e-08,0.001053989279852861,2250,3.0360168472893084e-08,0.0010459948112973977,2250,3.0360168472893084e-08,0.001053989279852861,True,518,1226,-438.3409096528387,-438.34090965283866,False,True,energy_not_decreased,L-BFGS-B>Newton-CG,True,5.530636527205709e-13,3.3118073333890236e-08,1.0166997532478622e-09,4.376943252282217e-12,404978.49773622764,-2.7269853042355408e-15,9.947598300641403e-14,5.684341886080802e-14,,,,,,False,0,none,False,3.573521999991499,8.818280999956187,,,,,,,,,,,15583.000746300037
620,620,141,141,1063,1063,,1,3.1679103784654217e-11,3.1679103784654217e-11,0.05394643898347533,6.826017886257666e-06,1.2935327294258679e-05,0,2250,3.0360168472893084e-08,0.001043442951014542,2250,3.0360168472893084e-08,0.001042878499560776,2250,3.0360168472893084e-08,0.001043442951014542,True,519,1225,-438.3409096528387,-438.34090965283866,False,True,energy_not_decreased,L-BFGS-B>Newton-CG,True,9.988237081026632e-10,0.00021577002635634758,1.0046291124164442e-09,1.1368683772161603e-13,153043.7998941924,-2.6229018956769323e-15,9.947598300641403e-14,5.684341886080802e-14,,,,,,False,0,none,False,3.6438762999605387,6.965308099985123,,,,,,,,,,,15593.689587200002
621,621,141,141,375,375,,1,-3.1455726912099635e-11,3.1455726912099635e-11,0.3062650329672333,4.427159373940627e-06,6.882249317147076e-06,0,2250,3.0360168472893084e-08,0.0010360853873450904,2250,3.0360168472893084e-08,0.0010283785272789915,2250,3.0360168472893084e-08,0.0010360853873450904,True,520,1224,-438.3409096528387,-438.34090965283866,False,True,energy_not_decreased,L-BFGS-B>Newton-CG,True,1.1199640421818236e-12,1.577525201386757e-07,1.0070995001613749e-09,4.604316927725449e-12,175159.83817692887,-2.2620794126737565e-15,9.947598300641403e-14,5.684341886080802e-14,,,,,,False,0,none,False,3.5906584999756888,9.842553099966608,,,,,,,,,,,15607.198263600003
622,622,141,141,1160,1160,,1,-3.08548742111725e-11,3.08548742111725e-11,0.04700167361159984,7.030755216255961e-06,1.3531322940607573e-05,0,2250,3.0360168472893084e-08,0.0010162945649896875,2250,3.0360168472893084e-08,0.0010161570786283553,2250,3.0360168472893084e-08,0.0010162945649896875,True,521,1223,-438.3409096528387,-438.34090965283866,False,True,energy_not_decreased,L-BFGS-B>Newton-CG,True,6.966488386939549e-10,0.00015834708599681094,1.00439950526597e-09,5.684341886080802e-14,153043.7998941924,-2.706168622523819e-15,9.947598300641403e-14,5.684341886080802e-14,,,,,,False,0,none,False,3.5456170000252314,0.8908889999729581,,,,,,,,,,,15611.712912500021
623,623,141,141,309,309,,1,-3.085887101406115e-11,3.085887101406115e-11,0.20514358419612985,2.2711452429028424e-06,3.698077156012931e-06,0,2250,3.0360168472893084e-08,0.001016426211258127,2250,3.0360168472893084e-08,0.0010147850019685762,2250,3.0360168472893084e-08,0.001016426211258127,True,522,1222,-438.3409096528387,-438.34090965283866,False,True,projected_residual,L-BFGS-B>Newton-CG>trust-krylov,False,7.569642948928755e-07,0.0554668449691519,1.0136471489466161e-09,1.9326762412674725e-12,341440.30283671623,-2.456368441983159e-15,9.947598300641403e-14,5.684341886080802e-14,,,,,,False,0,none,False,3.5652696999604814,17.746595999982674,,,,,,,,,,,15633.10314760002
624,624,141,141,697,697,,1,-3.0595970201829914e-11,3.0595970201829914e-11,0.3080021094628407,4.400462832184895e-06,6.83624944988683e-06,0,2250,3.0360168472893084e-08,0.0010077668122674406,2250,3.0360168472893084e-08,0.0010142202213762202,2250,3.0360168472893084e-08,0.0010077668122674406,True,523,1221,-438.3409096528387,-438.34090965283866,False,True,energy_not_decreased,L-BFGS-B>Newton-CG,True,1.437867794434019e-12,2.0694493317094724e-07,1.0069480695777475e-09,4.604316927725449e-12,176222.49047332286,-2.123301534595612e-15,9.947598300641403e-14,5.684341886080802e-14,,,,,,False,0,none,False,3.585241799999494,9.795499399944674,,,,,,,,,,,15646.56172680005
625,625,141,141,866,866,,1,-3.078781674048514e-11,3.078781674048514e-11,0.1501161979375287,3.0616915758748515e-06,5.166972420607016e-06,0,2250,3.0360168472893084e-08,0.001014085833152536,2250,3.0360168472893084e-08,0.0010103581804581042,2250,3.0360168472893084e-08,0.001014085833152536,True,524,1220,-438.3409096528387,-438.34090965283866,False,True,energy_not_decreased,L-BFGS-B>Newton-CG,True,6.088339036346506e-13,6.061841475540166e-08,1.0100437120649118e-09,6.252776074688882e-13,253278.45744923962,-2.435551760271437e-15,9.947598300641403e-14,5.684341886080802e-14,,,,,,False,0,none,False,3.5952257000026293,44.86770310002612,,,,,,,,,,,15695.103817700001
626,626,141,141,688,688,,1,-3.057465391975711e-11,3.057465391975711e-11,0.5257011475535945,2.56201030025969e-06,3.738108205277938e-06,0,2250,3.0360168472893084e-08,0.0010070646988357634,2250,3.0360168472893084e-08,0.0010047977655936427,2250,3.0360168472893084e-08,0.0010070646988357634,True,525,1219,-438.3409096528387,-438.34090965283866,False,True,energy_not_decreased,L-BFGS-B>Newton-CG,True,1.2541552525203237e-12,1.0449146161676663e-07,1.0120024663557686e-09,3.694822225952521e-12,302676.5815283068,-2.3037127760972e-15,9.947598300641403e-14,5.684341886080802e-14,,,,,,False,0,none,False,3.5784448999911547,9.909308100002818,,,,,,,,,,,15708.670158700028
627,627,141,141,1397,1397,,1,3.035260931483208e-11,3.035260931483208e-11,0.050893002762191775,6.077390018405488e-06,1.159238892453612e-05,0,2250,3.0360168472893084e-08,0.0009997510172557917,2250,3.0360168472893084e-08,0.0010001649070316106,2250,3.0360168472893084e-08,0.0009997510172557917,True,526,1218,-438.3409096528387,-438.34090965283866,False,True,energy_not_decreased,L-BFGS-B>Newton-CG,True,6.873743272639997e-13,1.3799201378860464e-07,1.004981261657048e-09,5.684341886080802e-14,153043.7998941924,-2.435551760271437e-15,9.947598300641403e-14,5.684341886080802e-14,,,,,,False,0,none,False,3.58778549998533,6.911496300017461,,,,,,,,,,,15719.247148900002
628,628,141,141,22,22,,1,3.021760619503766e-11,3.021760619503766e-11,0.14519852355818796,1.8786185771332879e-06,3.182473972057154e-06,0,2250,3.0360168472893084e-08,0.0009953042988551692,2250,3.0360168472893084e-08,0.0009948622158553093,2250,3.0360168472893084e-08,0.0009953042988551692,True,527,1217,-438.3409096528387,-438.34090965283866,False,True,energy_not_decreased,L-BFGS-B>Newton-CG,True,8.172620056807792e-10,5.10103488468102e-05,1.0160214941508264e-09,1.4210854715202004e-12,412782.3119402141,-2.7824964554667986e-15,9.947598300641403e-14,5.684341886080802e-14,,,,,,False,0,none,False,3.5477394000045024,7.1191604000050575,,,,,,,,,,,15729.991757300042
629,629,141,141,1545,1545,,1,3.027267325705907e-11,3.027267325705907e-11,0.091742254626663,8.385044444615572e-06,1.496560066823304e-05,0,2250,3.0360168472893084e-08,0.000997118091887002,2250,3.0360168472893084e-08,0.0009923929329922502,2250,3.0360168472893084e-08,0.000997118091887002,True,528,1216,-438.3409096528387,-438.34090965283866,False,True,energy_not_decreased,L-BFGS-B>Newton-CG,True,4.6004735248881485e-11,1.2718452771927832e-05,1.0036171644518288e-09,5.684341886080802e-14,153043.7998941924,-2.3175905639050143e-15,9.947598300641403e-14,5.684341886080802e-14,,,,,,False,0,none,False,3.5717862999881618,0.8859225999913178,,,,,,,,,,,15734.528530400014
630,630,141,141,913,913,,1,3.001510151534603e-11,3.001510151534603e-11,0.16032489514844256,3.4594601862420167e-06,5.794519176405283e-06,0,2250,3.0360168472893084e-08,0.000988634221254235,2250,3.0360168472893084e-08,0.0009916414418248637,2250,3.0360168472893084e-08,0.000988634221254235,True,529,1215,-438.3409096528387,-438.34090965283866,False,True,energy_not_decreased,L-BFGS-B>Newton-CG,True,5.012058321103917e-13,5.77007306861896e-08,1.008686299569346e-09,5.115907697472721e-13,224156.50933254138,-2.671474153004283e-15,9.947598300641403e-14,5.684341886080802e-14,,,,,,False,0,none,False,3.5678258999832906,7.883689799986314,,,,,,,,,,,15746.059236000001
631,631,141,141,116,116,,1,-3.0105251624945595e-11,3.0105251624945595e-11,0.024257800222624203,1.7093048994235112e-05,3.5428235870501665e-05,0,2250,3.0360168472893084e-08,0.0009916035759757035,2250,3.0360168472893084e-08,0.0009915991078384835,2250,3.0360168472893084e-08,0.0009916035759757035,True,530,1214,-438.3409096528387,-438.34090965283866,False,True,energy_not_decreased,L-BFGS-B>Newton-CG,True,4.5926721984647107e-10,0.0002601861724226268,1.0017651484533946e-09,0.0,153043.7998941924,-2.615963001773025e-15,9.947598300641403e-14,5.684341886080802e-14,,,,,,False,0,none,False,3.593730600026902,0.9947302000364289,,,,,,,,,,,15750.724960500025
632,632,141,141,1181,1181,,1,2.9904967391303217e-11,2.9904967391303217e-11,0.10105811115520415,3.3542769194642867e-06,5.921454435309038e-06,0,2250,3.0360168472893084e-08,0.000985006635190569,2250,3.0360168472893084e-08,0.0009863088501581346,2250,3.0360168472893084e-08,0.000985006635190569,True,531,1213,-438.3409096528387,-438.34090965283866,False,True,energy_not_decreased,L-BFGS-B>Newton-CG,True,5.67669177053449e-13,6.355746939679547e-08,1.008931588724992e-09,3.979039320256561e-13,231185.5992041239,-2.463307335887066e-15,9.947598300641403e-14,5.684341886080802e-14,,,,,,False,0,none,False,3.5717988000251353,40.54561030003242,,,,,,,,,,,15794.920288700028
633,633,141,141,612,612,,1,2.9821478619851405e-11,2.9821478619851405e-11,0.24283365067911036,2.2297523339707485e-06,3.5607710504665602e-06,0,2250,3.0360168472893084e-08,0.0009822566909165,2250,3.0360168472893084e-08,0.0009808853963624241,2250,3.0360168472893084e-08,0.0009822566909165,True,532,1212,-438.3409096528387,-438.34090965283866,False,True,energy_not_decreased,L-BFGS-B>Newton-CG,True,7.763711417366627e-13,5.8009142361206387e-08,1.0133835997247196e-09,3.126388037344441e-12,347778.76794144756,-2.3939183968479938e-15,9.947598300641403e-14,5.684341886080802e-14,,,,,,False,0,none,False,3.5603698000195436,21.763409000006504,,,,,,,,,,,15820.321061800001
634,634,141,141,723,723,,1,-2.970779178212979e-11,2.970779178212979e-11,0.5292766725807383,2.7735662410461593e-06,4.043530882577603e-06,0,2250,3.0360168472893084e-08,0.0009785120859475544,2250,3.0360168472893084e-08,0.0009807646750969851,2250,3.0360168472893084e-08,0.0009785120859475544,True,533,1211,-438.3409096528387,-438.34090965283866,False,True,energy_not_decreased,L-BFGS-B>Newton-CG,True,6.916395569979721e-13,6.418021898051427e-08,1.0107765222366719e-09,2.5579538487363607e-12,279589.6878346841,-2.373101715136272e-15,9.947598300641403e-14,5.684341886080802e-14,,,,,,False,0,none,False,3.562844000000041,9.764977699960582,,,,,,,,,,,15833.725906000007
635,635,141,141,575,575,,1,2.948397082036536e-11,2.948397082036536e-11,0.056342153917855874,1.209027653578731e-05,2.279937345489025e-05,0,2250,3.0360168472893084e-08,0.000971139894914943,2250,3.0360168472893084e-08,0.0009712422402474446,2250,3.0360168472893084e-08,0.000971139894914943,True,534,1210,-438.3409096528387,-438.34090965283866,False,True,energy_not_decreased,L-BFGS-B>Newton-CG,True,4.222629248778361e-13,1.7363787667267467e-07,1.0024318595284014e-09,5.684341886080802e-14,153043.7998941924,-2.456368441983159e-15,9.947598300641403e-14,5.684341886080802e-14,,,,,,False,0,none,False,3.577150800032541,11.231268299976364,,,,,,,,,,,15848.612462800054
636,636,141,141,1488,1488,,1,-2.9110935884091305e-11,2.9110935884091305e-11,0.6063784690166538,1.9986583031217513e-06,2.867112899886978e-06,0,2250,3.0360168472893084e-08,0.0009588529098605909,2250,3.0360168472893084e-08,0.0009691454633388944,2250,3.0360168472893084e-08,0.0009588529098605909,True,535,1209,-438.3409096528387,-438.34090965283866,False,True,energy_not_decreased,L-BFGS-B>Newton-CG,True,1.07858397260709e-12,7.41273787511871e-08,1.014550412961821e-09,4.376943252282217e-12,387990.5426113628,-2.851885394505871e-15,9.947598300641403e-14,5.684341886080802e-14,,,,,,False,0,none,False,3.562486100010574,9.63762009999482,,,,,,,,,,,15861.892806800024
637,637,141,141,793,793,,1,2.930589104721548e-11,2.930589104721548e-11,0.02100763220923461,8.061166521280544e-06,1.6978976832513273e-05,0,2250,3.0360168472893084e-08,0.0009652743222878058,2250,3.0360168472893084e-08,0.0009650878687992768,2250,3.0360168472893084e-08,0.0009652743222878058,True,536,1208,-438.3409096528387,-438.34090965283866,False,True,energy_not_decreased,L-BFGS-B>Newton-CG,True,3.9972709853986024e-10,0.0001096489887469484,1.0036455155957925e-09,5.684341886080802e-14,153043.7998941924,-2.6367796834847468e-15,9.947598300641403e-14,5.684341886080802e-14,,,,,,False,0,none,False,3.582541499985382,1.0812486000359058,,,,,,,,,,,15866.634407400037
638,638,141,141,1582,1582,,1,2.925426567657041e-11,2.925426567657041e-11,0.00906646250772489,5.6907936324347885e-05,0.00013164382739194164,0,2250,3.0360168472893084e-08,0.0009635738913204625,2250,3.0360168472893084e-08,0.0009635172131502448,2250,3.0360168472893084e-08,0.0009635738913204625,True,537,1207,-438.3409096528387,-438.34090965283866,False,True,energy_not_decreased,L-BFGS-B>Newton-CG,True,7.289960340207538e-13,1.420958341762787e-06,1.000513031249823e-09,5.684341886080802e-14,153043.7998941924,-2.4771851236948805e-15,9.947598300641403e-14,5.684341886080802e-14,,,,,,False,0,none,False,3.586993800010532,57.47556319995783,,,,,,,,,,,15927.775182500016
639,639,141,141,1325,1325,,1,-2.944489096989855e-11,2.944489096989855e-11,0.5884539889950022,2.146261629216412e-06,3.0898684211203612e-06,0,2250,3.0360168472893084e-08,0.0009698526869568681,2250,3.0360168472893084e-08,0.00096048514084421,2250,3.0360168472893084e-08,0.0009698526869568681,True,538,1206,-438.3409096528387,-438.34090965283866,False,True,energy_not_decreased,L-BFGS-B>Newton-CG,True,9.761075304453464e-10,7.068298019002814e-05,1.0138096544291302e-09,3.410605131648481e-12,361307.5446939012,-2.6229018956769323e-15,9.947598300641403e-14,5.684341886080802e-14,,,,,,False,0,none,False,3.576223900017794,16.153972499945667,,,,,,,,,,,15947.581279900041
640,640,141,141,809,809,,1,-2.8978597299555986e-11,2.8978597299555986e-11,0.04755531688503842,1.2159530139691886e-05,2.3371343102379055e-05,0,2250,3.0360168472893084e-08,0.0009544939556389279,2250,3.0360168472893084e-08,0.0009545363570182061,2250,3.0360168472893084e-08,0.0009544939556389279,True,539,1205,-438.3409096528387,-438.34090965283866,False,True,energy_not_decreased,L-BFGS-B>Newton-CG,True,5.757265583085129e-13,2.4094583295787046e-07,1.0023894439311977e-09,5.684341886080802e-14,153043.7998941924,-2.706168622523819e-15,9.947598300641403e-14,5.684341886080802e-14,,,,,,False,0,none,False,3.5693479000474326,7.772368600009941,,,,,,,,,,,15958.998656900018
641,641,141,141,209,209,,1,-2.878586258248106e-11,2.878586258248106e-11,0.07034718806739063,3.5809329674792655e-05,6.585956805383128e-05,0,2250,3.0360168472893084e-08,0.0009481456800275126,2250,3.0360168472893084e-08,0.0009486333343206478,2250,3.0360168472893084e-08,0.0009481456800275126,True,540,1204,-438.3409096528387,-438.34090965283866,False,True,energy_not_decreased,L-BFGS-B>Newton-CG,True,2.172418898127058e-13,2.708555483034401e-07,1.0008020581124274e-09,5.684341886080802e-14,153043.7998941924,-2.123301534595612e-15,9.947598300641403e-14,5.684341886080802e-14,,,,,,False,0,none,False,3.5603882999857888,7.730089000018779,,,,,,,,,,,15970.367071100045
642,642,141,141,1647,1647,,1,-2.9814373192493804e-11,2.9814373192493804e-11,0.8219047208995273,1.6874990413491008e-06,2.3341533668209516e-06,0,2250,3.0360168472893084e-08,0.0009820226531059408,2250,3.0360168472893084e-08,0.0009430937782220873,2250,3.0360168472893084e-08,0.0009820226531059408,True,541,1203,-438.3409096528387,-438.34090965283866,False,True,energy_not_decreased,L-BFGS-B>Newton-CG,True,1.6165993305302644e-12,9.159932237098386e-08,1.0176485948660507e-09,2.1600499167107046e-12,459532.4207727895,-2.5118795932144167e-15,9.947598300641403e-14,5.684341886080802e-14,,,,,,False,0,none,False,3.539177099999506,10.962808500044048,,,,,,,,,,,15984.94703380001
643,643,141,141,1190,1190,,1,-2.831679335457693e-11,2.831679335457693e-11,0.020224079139125214,7.4962778016463225e-06,1.5856372584365763e-05,0,2250,3.0360168472893084e-08,0.0009326955276898226,2250,3.0360168472893084e-08,0.0009323277919048465,2250,3.0360168472893084e-08,0.0009326955276898226,True,542,1202,-438.3409096528387,-438.34090965283866,False,True,energy_not_decreased,L-BFGS-B>Newton-CG,True,1.6185500685400724e-13,4.297083849540357e-08,1.0037666243555224e-09,5.684341886080802e-14,153043.7998941924,-2.7200464103316335e-15,9.947598300641403e-14,5.684341886080802e-14,,,,,,False,0,none,False,3.528497099992819,7.032831599994097,,,,,,,,,,,15995.583854800032
644,644,141,141,449,449,,1,2.821742839387298e-11,2.821742839387298e-11,0.1486684534108811,3.148156638640188e-06,5.318775668716468e-06,0,2250,3.0360168472893084e-08,0.0009294226551827854,2250,3.0360168472893084e-08,0.000930367827653063,2250,3.0360168472893084e-08,0.0009294226551827854,True,543,1201,-438.3409096528387,-438.34090965283866,False,True,energy_not_decreased,L-BFGS-B>Newton-CG,True,7.195780845244312e-10,8.062896574410781e-05,1.0089245605209444e-09,3.979039320256561e-13,246322.08893451554,-2.5396351688300456e-15,9.947598300641403e-14,5.684341886080802e-14,,,,,,False,0,none,False,3.5771432999754325,0.9730833999929018,,,,,,,,,,,16000.212315100012
645,645,141,141,1821,1821,,1,-2.8218094527687754e-11,2.8218094527687754e-11,0.022404004674576632,1.3395619802118583e-05,2.801256389538412e-05,0,2250,3.0360168472893084e-08,0.0009294445962275252,2250,3.0360168472893084e-08,0.0009294713235890504,2250,3.0360168472893084e-08,0.0009294445962275252,True,544,1200,-438.3409096528387,-438.34090965283866,False,True,energy_not_decreased,L-BFGS-B>Newton-CG,True,4.727749680023655e-13,2.239138657064017e-07,1.002111414433898e-09,5.684341886080802e-14,153043.7998941924,-2.338407245616736e-15,9.947598300641403e-14,5.684341886080802e-14,,,,,,False,0,none,False,3.5426158999907784,30.747088900010567,,,,,,,,,,,16034.576544200012
646,646,141,141,100,100,,1,-2.7977620220553945e-11,2.7977620220553945e-11,0.2300399635802716,3.615588527598074e-06,5.810051351004989e-06,0,2250,3.0360168472893084e-08,0.0009215238790764161,2250,3.0360168472893084e-08,0.0009256876482165909,2250,3.0360168472893084e-08,0.0009215238790764161,True,545,1199,-438.3409096528387,-438.34090965283866,False,True,energy_not_decreased,L-BFGS-B>Newton-CG,True,1.1978033204662086e-12,1.5492750368947322e-07,1.0077313794642107e-09,8.526512829121202e-13,214476.98309798317,-2.42861286636753e-15,9.947598300641403e-14,5.684341886080802e-14,,,,,,False,0,none,False,3.560276000003796,8.011193900019862,,,,,,,,,,,16046.22624800005
647,647,141,141,150,150,,1,2.7919666578668512e-11,2.7919666578668512e-11,0.025588021286946216,9.96137421225604e-06,2.052372377625393e-05,0,2250,3.0360168472893084e-08,0.0009196150081840434,2250,3.0360168472893084e-08,0.0009197830133256578,2250,3.0360168472893084e-08,0.0009196150081840434,True,546,1198,-438.3409096528387,-438.34090965283866,False,True,energy_not_decreased,L-BFGS-B>Newton-CG,True,6.684274037744399e-10,0.00023779787901930194,1.0028109056587515e-09,0.0,153043.7998941924,-2.2620794126737565e-15,9.947598300641403e-14,5.684341886080802e-14,,,,,,False,0,none,False,3.5598925999947824,0.9743555999593809,,,,,,,,,,,16050.836827700026
648,648,141,141,39,39,,1,-2.7426949600339867e-11,2.7426949600339867e-11,0.7063267433810552,1.724800275855503e-06,2.429577791635088e-06,0,2250,3.0360168472893084e-08,0.0009033859487580866,2250,3.0360168472893084e-08,0.000918156899956667,2250,3.0360168472893084e-08,0.0009033859487580866,True,547,1197,-438.3409096528387,-438.34090965283866,False,True,energy_not_decreased,L-BFGS-B>Newton-CG,True,1.3210946398263785e-12,8.319809768599882e-08,1.0158789044049105e-09,3.0127011996228248e-12,449594.38514600456,-2.192690473634684e-15,9.947598300641403e-14,5.684341886080802e-14,,,,,,False,0,none,False,3.6287163000088185,9.656786200008355,,,,,,,,,,,16064.201284900017
649,649,141,141,1319,1319,,1,-2.7746693831431912e-11,2.7746693831431912e-11,0.07287760228084895,8.292856061591438e-06,1.5191297162310457e-05,0,2250,3.0360168472893084e-08,0.0009139176502332456,2250,3.0360168472893084e-08,0.0009134876079640909,2250,3.0360168472893084e-08,0.0009139176502332456,True,548,1196,-438.3409096528387,-438.34090965283866,False,True,energy_not_decreased,L-BFGS-B>Newton-CG,True,1.986056488152107e-10,5.916543734842137e-05,1.0033567849358678e-09,5.684341886080802e-14,153043.7998941924,-2.3037127760972e-15,9.947598300641403e-14,5.684341886080802e-14,,,,,,False,0,none,False,3.5515412999666296,1.374849300016649,,,,,,,,,,,16069.205134200049
650,650,141,141,1196,1196,,1,-2.780708996397152e-11,2.780708996397152e-11,0.14048599104556717,2.793877823490663e-06,4.750819874830997e-06,0,2250,3.0360168472893084e-08,0.0009159069716229978,2250,3.0360168472893084e-08,0.0009108914394407878,2250,3.0360168472893084e-08,0.0009159069716229978,True,549,1195,-438.3409096528387,-438.34090965283866,False,True,energy_not_decreased,L-BFGS-B>Newton-CG,True,3.897154084349854e-13,3.921601188303409e-08,1.0099376604025252e-09,5.115907697472721e-13,277557.061730801,-2.4424906541753444e-15,9.947598300641403e-14,5.684341886080802e-14,,,,,,False,0,none,False,3.5276950999978,6.992347299994435,,,,,,,,,,,16079.802447000053
651,651,141,141,72,72,,1,-2.7423396886661067e-11,2.7423396886661067e-11,0.3046600383819064,3.9316925032366945e-06,6.115756222164262e-06,0,2250,3.0360168472893084e-08,0.000903268929852807,2250,3.0360168472893084e-08,0.0009045476505450829,2250,3.0360168472893084e-08,0.000903268929852807,True,550,1194,-438.3409096528387,-438.34090965283866,False,True,energy_not_decreased,L-BFGS-B>Newton-CG,True,1.5020320271642793e-12,2.1550529241635036e-07,1.0069698150348086e-09,4.206412995699793e-12,197233.25740365763,-2.6229018956769323e-15,9.947598300641403e-14,5.684341886080802e-14,,,,,,False,0,none,False,3.563243600015994,10.144655699958093,,,,,,,,,,,16093.588041700015
652,652,141,141,1747,1747,,1,-2.6680879727791762e-11,2.6680879727791762e-11,0.8282510355343542,1.6771748769883078e-06,2.3177240732139083e-06,0,2250,3.0360168472893084e-08,0.0008788119786493822,2250,3.0360168472893084e-08,0.0008988510046451795,2250,3.0360168472893084e-08,0.0008788119786493822,True,551,1193,-438.3409096528387,-438.34090965283866,False,True,energy_not_decreased,L-BFGS-B>Newton-CG,True,7.100465937910758e-13,4.471250390457897e-08,1.015880269092207e-09,1.7621459846850485e-12,462361.1587334312,-2.2690183065776637e-15,9.947598300641403e-14,5.684341886080802e-14,,,,,,False,0,none,False,3.5706758000305854,24.447477000008803,,,,,,,,,,,16121.68297710002
653,653,141,141,1177,1177,,1,2.6997071245205007e-11,2.6997071245205007e-11,0.2412598366998368,1.954605994817562e-06,3.12372541051534e-06,0,2250,3.0360168472893084e-08,0.0008892266612192616,2250,3.0360168472893084e-08,0.000889186161435675,2250,3.0360168472893084e-08,0.0008892266612192616,True,552,1192,-438.3409096528387,-438.34090965283866,False,True,projected_residual,L-BFGS-B>Newton-CG>trust-krylov,False,3.421298364365792e-07,0.024749253555721266,1.013823844653185e-09,3.296918293926865e-12,396734.9540413609,-2.1371793224034263e-15,9.947598300641403e-14,5.684341886080802e-14,,,,,,False,0,none,False,3.546886300027836,18.694720500032417,,,,,,,,,,,16144.00232150004
654,654,141,141,864,864,,1,-2.7128521651320625e-11,2.7128521651320625e-11,0.7145886218318981,1.7628525577420102e-06,2.4797214102341607e-06,0,2250,3.0360168472893084e-08,0.0008935563607146048,2250,3.0360168472893084e-08,0.0008841241664114907,2250,3.0360168472893084e-08,0.0008935563607146048,True,553,1191,-438.3409096528387,-438.34090965283866,False,True,projected_residual,L-BFGS-B>Newton-CG>trust-krylov,False,3.4221278830629895e-09,0.0002227274040899762,1.0153646467395658e-09,2.6716406864579767e-12,439889.6073964235,-2.6229018956769323e-15,9.947598300641403e-14,5.684341886080802e-14,,,,,,False,0,none,False,3.5636247000074945,35.517203799972776,,,,,,,,,,,16183.159792500024
655,655,141,141,954,954,,1,2.6680879727791762e-11,2.6680879727791762e-11,0.9759919976242878,1.0541232391262472e-06,1.4281035350523243e-06,0,2250,3.0360168472893084e-08,0.0008788119786493822,2250,3.0360168472893084e-08,0.0008838836505019079,2250,3.0360168472893084e-08,0.0008788119786493822,True,554,1190,-438.3409096528387,-438.34090965283866,False,True,energy_not_decreased,L-BFGS-B>Newton-CG,True,1.417944660906261e-12,5.649330677708393e-08,1.0250993390509307e-09,3.581135388230905e-12,735645.0277727355,-1.908195823574488e-15,9.947598300641403e-14,5.684341886080802e-14,,,,,,False,0,none,False,3.5427654999657534,10.993831200001296,,,,,,,,,,,16197.774727500044
656,656,141,141,1577,1577,,1,-2.6929569685307797e-11,2.6929569685307797e-11,0.4994420610293351,2.464978327729768e-06,3.618410639653225e-06,0,2250,3.0360168472893084e-08,0.0008870033020189502,2250,3.0360168472893084e-08,0.0008830739106947175,2250,3.0360168472893084e-08,0.0008870033020189502,True,555,1189,-438.3409096528387,-438.34090965283866,False,True,projected_residual,L-BFGS-B>Newton-CG>trust-krylov,False,1.1312687781562695e-09,0.00010287579140570443,1.010996452738769e-09,4.604316927725449e-12,314591.2119386092,-2.5049406993105094e-15,9.947598300641403e-14,5.684341886080802e-14,,,,,,False,0,none,False,3.5392600999912247,109.60443680000026,,,,,,,,,,,16310.995212800044
657,657,141,141,201,201,,1,-2.7000623958883807e-11,2.7000623958883807e-11,0.5431215455455007,2.579618392748834e-06,3.749283268883035e-06,0,2250,3.0360168472893084e-08,0.0008893436801245412,2250,3.0360168472893084e-08,0.0008728130731976692,2250,3.0360168472893084e-08,0.0008893436801245412,True,556,1188,-438.3409096528387,-438.34090965283866,False,True,energy_not_decreased,L-BFGS-B>Newton-CG,True,1.002055446710895e-12,9.507591264629905e-08,1.010539530137762e-09,2.3305801732931286e-12,300610.556081741,-2.615963001773025e-15,9.947598300641403e-14,5.684341886080802e-14,,,,,,False,0,none,False,3.5864216000190936,9.682773199980147,,,,,,,,,,,16324.34271420003
658,658,141,141,94,94,,1,2.646238783654553e-11,2.646238783654553e-11,0.08482426141211799,9.34519298190294e-06,1.6827912805300442e-05,0,2250,3.0360168472893084e-08,0.0008716153159746902,2250,3.0360168472893084e-08,0.0008709672592507632,2250,3.0360168472893084e-08,0.0008716153159746902,True,557,1187,-438.3409096528387,-438.34090965283866,False,True,energy_not_decreased,L-BFGS-B>Newton-CG,True,3.0430641138493567e-10,0.00010786457810240923,1.0028211894649607e-09,5.684341886080802e-14,153043.7998941924,-2.4841240175987878e-15,9.947598300641403e-14,5.684341886080802e-14,,,,,,False,0,none,False,3.5305690000532195,1.4104355999734253,,,,,,,,,,,16329.362211900007
659,659,141,141,1249,1249,,1,2.5838886585916043e-11,2.5838886585916043e-11,0.16117371836638664,2.203164610482212e-06,3.6880238621157564e-06,0,2250,3.0360168472893084e-08,0.00085107849809813,2250,3.0360168472893084e-08,0.0008522826725555887,2250,3.0360168472893084e-08,0.00085107849809813,True,558,1186,-438.3409096528387,-438.34090965283866,False,True,energy_not_decreased,L-BFGS-B>Newton-CG,True,9.047182850571053e-10,7.702425824111926e-05,1.0117458876685958e-09,8.526512829121202e-13,351975.751531878,-2.42861286636753e-15,9.947598300641403e-14,5.684341886080802e-14,,,,,,False,0,none,False,3.5714562000357546,7.444107700022869,,,,,,,,,,,16340.453857400047
660,660,141,141,223,223,,1,2.581757030384324e-11,2.581757030384324e-11,0.11499740338737134,6.585337114800011e-06,1.145611430815742e-05,0,2250,3.0360168472893084e-08,0.0008503763846664528,2250,3.0360168472893084e-08,0.0008495509956530787,2250,3.0360168472893084e-08,0.0008503763846664528,True,559,1185,-438.3409096528387,-438.34090965283866,False,True,energy_not_decreased,L-BFGS-B>Newton-CG,True,7.891240441786796e-10,0.00020214392035386832,1.0039037733254469e-09,5.684341886080802e-14,153043.7998941924,-2.345346139520643e-15,9.947598300641403e-14,5.684341886080802e-14,,,,,,False,0,none,False,3.5471977000124753,0.9399839999969117,,,,,,,,,,,16345.016364700045
661,661,141,141,1809,1809,,1,-2.573985469211948e-11,2.573985469211948e-11,0.039109830592990315,5.455587698296804e-06,1.0718676533728862e-05,0,2250,3.0360168472893084e-08,0.0008478165961134627,2250,3.0360168472893084e-08,0.000848143425781227,2250,3.0360168472893084e-08,0.0008478165961134627,True,560,1184,-438.3409096528387,-438.34090965283866,False,True,energy_not_decreased,L-BFGS-B>Newton-CG,True,1.7787613560066559e-10,3.7815893432198255e-05,1.0047037401329573e-09,0.0,153043.7998941924,-2.518818487118324e-15,9.947598300641403e-14,5.684341886080802e-14,,,,,,False,0,none,False,3.546194299997296,1.0040169999701902,,,,,,,,,,,16349.642480700044
662,662,141,141,295,295,,1,-2.5622171051509213e-11,2.5622171051509213e-11,0.30956604914036656,3.892284277465669e-06,6.043217217884627e-06,0,2250,3.0360168472893084e-08,0.0008439403448760777,2250,3.0360168472893084e-08,0.0008433391788396279,2250,3.0360168472893084e-08,0.0008439403448760777,True,561,1183,-438.3409096528387,-438.34090965283866,False,True,energy_not_decreased,L-BFGS-B>Newton-CG,True,1.2648232252209411e-12,1.9235505374382575e-07,1.0065754613700215e-09,4.320099833421409e-12,199230.185732433,-2.1996293675385914e-15,9.947598300641403e-14,5.684341886080802e-14,,,,,,False,0,none,False,3.567044299968984,9.646668900037184,,,,,,,,,,,16362.934515900037
663,663,141,141,915,915,,1,-2.5622171051509213e-11,2.5622171051509213e-11,0.581480334162565,2.1732583179588658e-06,3.133173563584091e-06,0,2250,3.0360168472893084e-08,0.0008439403448760777,2250,3.0360168472893084e-08,0.0008395862149480261,2250,3.0360168472893084e-08,0.0008439403448760777,True,562,1182,-438.3409096528387,-438.34090965283866,False,True,energy_not_decreased,L-BFGS-B>Newton-CG,True,7.20648780685673e-13,6.068290924926528e-08,1.0118756465304834e-09,2.5579538487363607e-12,356819.30358432035,-2.3314683517128287e-15,9.947598300641403e-14,5.684341886080802e-14,,,,,,False,0,none,False,3.5037315000081435,9.914179499959573,,,,,,,,,,,16376.430732900044
664,664,141,141,888,888,,1,-2.602718041089247e-11,2.602718041089247e-11,0.6128973501515039,1.992264259953654e-06,2.8543025232816006e-06,0,2250,3.0360168472893084e-08,0.0008572805000779459,2250,3.0360168472893084e-08,0.0008374076318476714,2250,3.0360168472893084e-08,0.0008572805000779459,True,563,1181,-438.3409096528387,-438.34090965283866,False,True,energy_not_decreased,L-BFGS-B>Newton-CG,True,7.941768491601231e-13,6.086537191262622e-08,1.0130480899763529e-09,3.353761712787673e-12,389235.773140333,-2.643718577388654e-15,9.947598300641403e-14,5.684341886080802e-14,,,,,,False,0,none,False,3.5501960999681614,15.827406600001268,,,,,,,,,,,16395.887507000007
665,665,141,141,147,147,,1,-2.516742370062275e-11,2.516742370062275e-11,0.5016088116601364,2.390196229696912e-06,3.5068403148676505e-06,0,2250,3.0360168472893084e-08,0.000828961925000296,2250,3.0360168472893084e-08,0.0008356346797897395,2250,3.0360168472893084e-08,0.000828961925000296,True,564,1180,-438.3409096528387,-438.34090965283866,False,True,energy_not_decreased,L-BFGS-B>Newton-CG,True,1.8641771588335714e-12,1.7574216561562193e-07,1.0106074552586933e-09,4.263256414560601e-12,324433.8309500413,-2.5049406993105094e-15,9.947598300641403e-14,5.684341886080802e-14,,,,,,False,0,none,False,3.5497789999935776,9.756008099997416,,,,,,,,,,,16409.271862300055
666,666,141,141,2,2,,1,2.5264235148370062e-11,2.5264235148370062e-11,0.09099121746759489,1.0084453489159246e-05,1.8015459672258786e-05,0,2250,3.0360168472893084e-08,0.0008321506901691636,2250,3.0360168472893084e-08,0.000834563576115341,2250,3.0360168472893084e-08,0.0008321506901691636,True,565,1179,-438.3409096528387,-438.34090965283866,False,True,energy_not_decreased,L-BFGS-B>Newton-CG,True,1.9829670491070209e-13,7.897984255321399e-08,1.0025107255028662e-09,0.0,153043.7998941924,-2.5118795932144167e-15,9.947598300641403e-14,5.684341886080802e-14,,,,,,False,0,none,False,3.553155899979174,6.541731400007848,,,,,,,,,,,16419.442196500022
667,667,141,141,361,361,,1,-2.5003998871397926e-11,2.5003998871397926e-11,0.5535461573923716,2.272132884506575e-06,3.2949351541445816e-06,0,2250,3.0360168472893084e-08,0.000823579055357437,2250,3.0360168472893084e-08,0.0008233977058226592,2250,3.0360168472893084e-08,0.000823579055357437,True,566,1178,-438.3409096528387,-438.34090965283866,False,True,projected_residual,L-BFGS-B>Newton-CG>trust-krylov,False,2.2606281906821737e-09,0.00020379386883593,1.0110927193423182e-09,2.9558577807620168e-12,341291.88693614455,-2.3314683517128287e-15,9.947598300641403e-14,5.684341886080802e-14,,,,,,False,0,none,False,3.5460042000049725,83.64994799997658,,,,,,,,,,,16506.715003500052
668,668,141,141,554,554,,1,2.4797941478027496e-11,2.4797941478027496e-11,0.0931043173266918,1.1442010426497927e-05,2.03876105670962e-05,0,2250,3.0360168472893084e-08,0.0008167919588512233,2250,3.0360168472893084e-08,0.0008184109365580278,2250,3.0360168472893084e-08,0.0008167919588512233,True,567,1177,-438.3409096528387,-438.34090965283866,False,True,energy_not_decreased,L-BFGS-B>Newton-CG,True,6.82082597355731e-13,3.1595364239918894e-07,1.0021588059317068e-09,0.0,153043.7998941924,-2.3522850334245504e-15,9.947598300641403e-14,5.684341886080802e-14,,,,,,False,0,none,False,3.5923650999902748,9.706241399981081,,,,,,,,,,,16520.09014700004
669,669,141,141,1220,1220,,1,2.4730884007340137e-11,2.4730884007340137e-11,0.046665508429216955,7.652405280914333e-06,1.4739625757216915e-05,0,2250,3.0360168472893084e-08,0.000814583227014072,2250,3.0360168472893084e-08,0.0008159920341140246,2250,3.0360168472893084e-08,0.000814583227014072,True,568,1176,-438.3409096528387,-438.34090965283866,False,True,energy_not_decreased,L-BFGS-B>Newton-CG,True,2.45016082071228e-13,7.5585911161579e-08,1.0032415575641798e-09,5.684341886080802e-14,153043.7998941924,-2.6229018956769323e-15,9.947598300641403e-14,5.684341886080802e-14,,,,,,False,0,none,False,3.573288799962029,6.786493199993856,,,,,,,,,,,16530.52714010002
670,670,141,141,1106,1106,,1,-2.4703794565539283e-11,2.4703794565539283e-11,0.079269159452436,1.2537942144458768e-05,2.2750643466809435e-05,0,2250,3.0360168472893084e-08,0.0008136909578613154,2250,3.0360168472893084e-08,0.0008125681427650118,2250,3.0360168472893084e-08,0.0008136909578613154,True,569,1175,-438.3409096528387,-438.34090965283866,False,True,energy_not_decreased,L-BFGS-B>Newton-CG,True,1.3981639592633261e-10,7.11292411193719e-05,1.0019656669145631e-09,0.0,153043.7998941924,-2.5118795932144167e-15,9.947598300641403e-14,5.684341886080802e-14,,,,,,False,0,none,False,3.5259581000427715,1.1389593999483623,,,,,,,,,,,16535.27072270005
671,671,141,141,1549,1549,,1,2.4663826536652778e-11,2.4663826536652778e-11,0.06649997488288438,7.983376479175176e-06,1.4776247953547692e-05,0,2250,3.0360168472893084e-08,0.0008123744951769206,2250,3.0360168472893084e-08,0.0008119564372712589,2250,3.0360168472893084e-08,0.0008123744951769206,True,570,1174,-438.3409096528387,-438.34090965283866,False,True,projected_residual,L-BFGS-B>Newton-CG>trust-krylov,False,4.6038406861065695e-07,0.1495677557009246,1.0030780970567696e-09,1.1368683772161603e-13,153043.7998941924,-2.275957200481571e-15,9.947598300641403e-14,5.684341886080802e-14,,,,,,False,0,none,False,3.5499714000034146,50.334135800017975,,,,,,,,,,,16589.23058120004
672,672,141,141,1551,1551,,1,-2.4481749960614252e-11,2.4481749960614252e-11,0.15502486886691996,3.260725126781307e-06,5.4826736829333745e-06,0,2250,3.0360168472893084e-08,0.0008063772762813439,2250,3.0360168472893084e-08,0.0008102259229276072,2250,3.0360168472893084e-08,0.0008063772762813439,True,571,1173,-438.3409096528387,-438.34090965283866,False,True,projected_residual,L-BFGS-B>Newton-CG>trust-krylov,False,2.2079485939324606e-08,0.0029263724469222466,1.0075450019913037e-09,3.979039320256561e-13,237818.42669099141,-2.643718577388654e-15,9.947598300641403e-14,5.684341886080802e-14,,,,,,False,0,none,False,3.5467178999679163,17.237501900002826,,,,,,,,,,,16610.093295000028
673,673,141,141,1270,1270,,1,-2.426503442620742e-11,2.426503442620742e-11,0.4260251612191132,4.651104443158451e-06,6.956678832800677e-06,0,2250,3.0360168472893084e-08,0.0007992391230592916,2250,3.0360168472893084e-08,0.0008010926778859024,2250,3.0360168472893084e-08,0.0007992391230592916,True,572,1172,-438.3409096528387,-438.34090965283866,False,True,energy_not_decreased,L-BFGS-B>Newton-CG,True,6.78446456597498e-13,1.2907827255948582e-07,1.0052560856536474e-09,2.6716406864579767e-12,166726.10322986377,-2.4424906541753444e-15,9.947598300641403e-14,5.684341886080802e-14,,,,,,False,0,none,False,3.538812000013422,36.06500499998219,,,,,,,,,,,16649.773124600004
674,674,141,141,434,434,,1,2.433075962926523e-11,2.433075962926523e-11,0.08590139532697368,1.1661054831439628e-05,2.0968141924482827e-05,0,2250,3.0360168472893084e-08,0.0008014039728069633,2250,3.0360168472893084e-08,0.0008006180164534174,2250,3.0360168472893084e-08,0.0008014039728069633,True,573,1171,-438.3409096528387,-438.34090965283866,False,True,energy_not_decreased,L-BFGS-B>Newton-CG,True,7.174545124133121e-13,3.4518698741530164e-07,1.0020784517915508e-09,0.0,153043.7998941924,-2.220446049250313e-15,9.947598300641403e-14,5.684341886080802e-14,,,,,,False,0,none,False,3.554643900017254,9.250120999990031,,,,,,,,,,,16662.653994100052
675,675,141,141,577,577,,1,2.4169111156879808e-11,2.4169111156879808e-11,0.10677410306508812,2.4538573161781586e-06,4.304948971364542e-06,0,2250,3.0360168472893084e-08,0.0007960796126167439,2250,3.0360168472893084e-08,0.0007996998335272079,2250,3.0360168472893084e-08,0.0007960796126167439,True,574,1170,-438.3409096528387,-438.34090965283866,False,True,energy_not_decreased,L-BFGS-B>Newton-CG,True,6.56245165342614e-13,6.691313136533995e-08,1.0098074197388787e-09,3.979039320256561e-13,316016.95600242994,-2.609024107869118e-15,9.947598300641403e-14,5.684341886080802e-14,,,,,,False,0,none,False,3.6320508000208065,7.007220999978017,,,,,,,,,,,16673.369867700036
676,676,141,141,1769,1769,,1,2.4164670264781307e-11,2.4164670264781307e-11,0.051837697938942835,5.896981738064029e-06,1.1225029275891675e-05,0,2250,3.0360168472893084e-08,0.0007959333389851445,2250,3.0360168472893084e-08,0.0007950137280687793,2250,3.0360168472893084e-08,0.0007959333389851445,True,575,1169,-438.3409096528387,-438.34090965283866,False,True,energy_not_decreased,L-BFGS-B>Newton-CG,True,2.256677603642001e-13,5.4906977345362126e-08,1.0041100015202942e-09,5.684341886080802e-14,153043.7998941924,-2.4980018054066022e-15,9.947598300641403e-14,5.684341886080802e-14,,,,,,False,0,none,False,3.547444900032133,6.8281769999885,,,,,,,,,,,16683.82284650003
677,677,141,141,1320,1320,,1,2.4172663870558608e-11,2.4172663870558608e-11,0.1790509357007659,3.845870815681566e-06,6.360777549853084e-06,0,2250,3.0360168472893084e-08,0.0007961966315220235,2250,3.0360168472893084e-08,0.000793574214954966,2250,3.0360168472893084e-08,0.0007961966315220235,True,576,1168,-438.3409096528387,-438.34090965283866,False,True,energy_not_decreased,L-BFGS-B>Newton-CG,True,2.94945947643756e-13,4.718967663667991e-08,1.00625022184226e-09,2.8421709430404007e-13,201634.57294534388,-2.8935187579293142e-15,9.947598300641403e-14,5.684341886080802e-14,,,,,,False,0,none,False,3.54207409999799,7.19492330000503,,,,,,,,,,,16694.636303200037
678,678,141,141,1453,1453,,1,-2.4069635173873394e-11,2.4069635173873394e-11,0.16617911971920982,2.158559924528851e-06,3.6007348298209826e-06,0,2250,3.0360168472893084e-08,0.0007928030832689166,2250,3.0360168472893084e-08,0.000792723134176162,2250,3.0360168472893084e-08,0.0007928030832689166,True,577,1167,-438.3409096528387,-438.34090965283866,False,True,energy_not_decreased,L-BFGS-B>Newton-CG,True,4.997015752099251e-13,4.456512794330297e-08,1.011212838339557e-09,8.526512829121202e-13,359249.01167252695,-2.546574062733953e-15,9.947598300641403e-14,5.684341886080802e-14,,,,,,False,0,none,False,3.544554300024174,7.609529300010763,,,,,,,,,,,16705.86639130005
679,679,141,141,1842,1842,,1,2.382805064371496e-11,2.382805064371496e-11,0.24432633958816175,1.7594367760151081e-06,2.8077187174536394e-06,0,2250,3.0360168472893084e-08,0.0007848457977099076,2250,3.0360168472893084e-08,0.0007836739341587249,2250,3.0360168472893084e-08,0.0007848457977099076,True,578,1166,-438.3409096528387,-438.34090965283866,False,True,energy_not_decreased,L-BFGS-B>Newton-CG,True,7.89585598973777e-13,5.82476059012243e-08,1.0135556747227132e-09,3.240074875066057e-12,440743.6118729026,-2.1649348980190553e-15,9.947598300641403e-14,5.684341886080802e-14,,,,,,False,0,none,False,3.552980199980084,9.085277599981055,,,,,,,,,,,16718.581779400003
680,680,141,141,10,10,,1,2.3447910280083306e-11,2.3447910280083306e-11,0.9520155838082082,1.1804994977131807e-06,1.6041420459108698e-06,0,2250,3.0360168472893084e-08,0.0007723247748449963,2250,3.0360168472893084e-08,0.0007827354945591564,2250,3.0360168472893084e-08,0.0007723247748449963,True,579,1165,-438.3409096528387,-438.34090965283866,False,True,energy_not_decreased,L-BFGS-B>Newton-CG,True,1.1482633723860928e-12,5.8371820295889874e-08,1.0196715361379085e-09,2.1600499167107046e-12,656891.867404524,-2.2412627309620348e-15,9.947598300641403e-14,5.684341886080802e-14,,,,,,False,0,none,False,3.523539899964817,10.8806273000082,,,,,,,,,,,16733.064158200053
681,681,141,141,342,342,,1,2.3582913399877725e-11,2.3582913399877725e-11,0.09278400896687998,4.154041689271155e-06,7.404646712443423e-06,0,2250,3.0360168472893084e-08,0.000776771493245619,2250,3.0360168472893084e-08,0.0007788679158872631,2250,3.0360168472893084e-08,0.000776771493245619,True,580,1164,-438.3409096528387,-438.34090965283866,False,True,energy_not_decreased,L-BFGS-B>Newton-CG,True,7.908266494162668e-10,0.00013897194530548306,1.0056905488922811e-09,1.7053025658242404e-13,186676.152414583,-2.6229018956769323e-15,9.947598300641403e-14,5.684341886080802e-14,,,,,,False,0,none,False,3.5574895999743603,7.653962199983653,,,,,,,,,,,16744.351379800006
682,682,141,141,830,830,,1,-2.346922656215611e-11,2.346922656215611e-11,0.1723005097862071,1.9596933776918193e-06,3.255489492691239e-06,0,2250,3.0360168472893084e-08,0.0007730268882766736,2250,3.0360168472893084e-08,0.0007710117189057663,2250,3.0360168472893084e-08,0.0007730268882766736,True,581,1163,-438.3409096528387,-438.34090965283866,False,True,energy_not_decreased,L-BFGS-B>Newton-CG,True,8.186727530791136e-10,6.799550289283735e-05,1.0120401014515529e-09,1.0800249583553523e-12,395705.0262813424,-2.5951463200613034e-15,9.947598300641403e-14,5.684341886080802e-14,,,,,,False,0,none,False,3.512019700021483,7.621833200042602,,,,,,,,,,,16755.56291150005
683,683,141,141,1273,1273,,1,-2.3170798613136867e-11,2.3170798613136867e-11,0.7963832015070262,1.218177863242626e-06,1.6913982833555817e-06,0,2250,3.0360168472893084e-08,0.0007631973002331918,2250,3.0360168472893084e-08,0.000770542545504106,2250,3.0360168472893084e-08,0.0007631973002331918,True,582,1162,-438.3409096528387,-438.34090965283866,False,True,projected_residual,L-BFGS-B>Newton-CG>trust-krylov,False,2.3418896301338993e-09,0.00012197750794823904,1.0191993562544964e-09,3.637978807091713e-12,636574.1349614925,-2.0816681711721685e-15,9.947598300641403e-14,5.684341886080802e-14,,,,,,False,0,none,False,3.521061900013592,64.18320339999627,,,,,,,,,,,16823.344605500053
684,684,141,141,591,591,,1,2.3511859126301715e-11,2.3511859126301715e-11,0.19203489424091255,3.0374951225113928e-06,4.9835926758578206e-06,0,2250,3.0360168472893084e-08,0.0007744311151400281,2250,3.0360168472893084e-08,0.000767949366501787,2250,3.0360168472893084e-08,0.0007744311151400281,True,583,1161,-438.3409096528387,-438.34090965283866,False,True,energy_not_decreased,L-BFGS-B>Newton-CG,True,8.009236860280529e-13,1.0333205576260792e-07,1.0077509702107163e-09,4.547473508864641e-13,255296.05423094978,-2.55351295663786e-15,9.947598300641403e-14,5.684341886080802e-14,,,,,,False,0,none,False,3.549946599989198,7.313798299990594,,,,,,,,,,,16834.287278400036
685,685,141,141,1790,1790,,1,-2.298250478816044e-11,2.298250478816044e-11,0.17971485141758647,1.659107606137772e-06,2.742873500504807e-06,0,2250,3.0360168472893084e-08,0.0007569952982533759,2250,3.0360168472893084e-08,0.0007649226421344779,2250,3.0360168472893084e-08,0.0007569952982533759,True,584,1160,-438.3409096528387,-438.34090965283866,False,True,energy_not_decreased,L-BFGS-B>Newton-CG,True,9.578968827425164e-13,6.924619346110012e-08,1.0138332063448459e-09,1.4210854715202004e-12,467396.15721978666,-2.3869795029440866e-15,9.947598300641403e-14,5.684341886080802e-14,,,,,,False,0,none,False,3.5637570000253618,7.325497700017877,,,,,,,,,,,16845.25308450003
686,686,141,141,1760,1760,,1,-2.3149482331064064e-11,2.3149482331064064e-11,0.42846658018258205,4.580502865686127e-06,6.846478013606041e-06,0,2250,3.0360168472893084e-08,0.0007624951868015145,2250,3.0360168472893084e-08,0.000762252599715096,2250,3.0360168472893084e-08,0.0007624951868015145,True,585,1159,-438.3409096528387,-438.34090965283866,False,True,projected_residual,L-BFGS-B>Newton-CG>trust-krylov,False,1.8796738400527147e-09,0.0003690130999759306,1.005093786210233e-09,2.4442670110147446e-12,169295.9358964958,-2.3175905639050143e-15,9.947598300641403e-14,5.684341886080802e-14,,,,,,False,0,none,False,3.5195362000376917,77.53684819996124,,,,,,,,,,,16926.388751900056
687,687,141,141,1304,1304,,1,-2.2318147330224747e-11,2.2318147330224747e-11,0.7613634318595748,1.459473421771868e-06,2.0374142769247375e-06,0,2250,3.0360168472893084e-08,0.000735112762966101,2250,3.0360168472893084e-08,0.0007561868483349337,2250,3.0360168472893084e-08,0.000735112762966101,True,586,1158,-438.3409096528387,-438.34090965283866,False,True,projected_residual,L-BFGS-B>Newton-CG>trust-krylov,False,2.8968638429107415e-09,0.0001896573396062583,1.015274198451401e-09,3.0127011996228248e-12,531328.9765712,-2.2551405187698492e-15,9.947598300641403e-14,5.684341886080802e-14,,,,,,False,0,none,False,3.5681376000284217,65.57010650000302,,,,,,,,,,,16995.603952100035
688,688,141,141,535,535,,1,2.2820856315775018e-11,2.2820856315775018e-11,0.049963269115488256,1.1977157037642771e-05,2.2893371682801506e-05,0,2250,3.0360168472893084e-08,0.0007516709380631566,2250,3.0360168472893084e-08,0.0007517404769316981,2250,3.0360168472893084e-08,0.0007516709380631566,True,587,1157,-438.3409096528387,-438.34090965283866,False,True,energy_not_decreased,L-BFGS-B>Newton-CG,True,2.2276159979176078e-13,1.1653851126374603e-07,1.0019114848591777e-09,5.684341886080802e-14,153043.7998941924,-2.5118795932144167e-15,9.947598300641403e-14,5.684341886080802e-14,,,,,,False,0,none,False,3.5273725000442937,7.173312099999748,,,,,,,,,,,17006.38401520002
689,689,141,141,1843,1843,,1,2.280853284020168e-11,2.280853284020168e-11,0.010571842106240677,5.040381977743536e-06,1.1461896879562321e-05,0,2250,3.0360168472893084e-08,0.0007512650287354682,2250,3.0360168472893084e-08,0.0007513936719656841,2250,3.0360168472893084e-08,0.0007512650287354682,True,588,1156,-438.3409096528387,-438.34090965283866,False,True,energy_not_decreased,L-BFGS-B>Newton-CG,True,5.218963718184383e-13,1.1494298118714537e-07,1.004540480561999e-09,2.2737367544323206e-13,153849.5540510741,-2.42861286636753e-15,9.947598300641403e-14,5.684341886080802e-14,,,,,,False,0,none,False,3.5254183000070043,20.045887399988715,,,,,,,,,,,17030.033715100028
690,690,141,141,643,643,,1,2.26947349801776e-11,2.26947349801776e-11,0.19113084864605365,3.631060998428173e-06,5.960680215461256e-06,0,2250,3.0360168472893084e-08,0.0007475167669257328,2250,3.0360168472893084e-08,0.0007507654238734251,2250,3.0360168472893084e-08,0.0007475167669257328,True,589,1155,-438.3409096528387,-438.34090965283866,False,True,energy_not_decreased,L-BFGS-B>Newton-CG,True,3.615055382861832e-13,5.775603276641481e-08,1.006259182304786e-09,3.410605131648481e-13,213563.06596297835,-2.275957200481571e-15,9.947598300641403e-14,5.684341886080802e-14,,,,,,False,0,none,False,3.539887099992484,27.463207699998748,,,,,,,,,,,17061.11260610004
691,691,141,141,1687,1687,,1,-2.276312471849451e-11,2.276312471849451e-11,0.038507106596390145,1.1524399704290194e-05,2.2681643068683243e-05,0,2250,3.0360168472893084e-08,0.000749769380852364,2250,3.0360168472893084e-08,0.0007501668982343612,2250,3.0360168472893084e-08,0.000749769380852364,True,590,1154,-438.3409096528387,-438.34090965283866,False,True,projected_residual,L-BFGS-B>Newton-CG>trust-krylov,False,5.70498255697566e-08,0.028981770186281126,1.001968472774543e-09,5.684341886080802e-14,153043.7998941924,-2.3869795029440866e-15,9.947598300641403e-14,5.684341886080802e-14,,,,,,False,0,none,False,3.4836825999664143,59.592789599963,,,,,,,,,,,17124.265286600043
692,692,141,141,570,570,,1,2.2653878772871394e-11,2.2653878772871394e-11,0.11957045747024107,1.7742569939852773e-06,3.0729155896991706e-06,0,2250,3.0360168472893084e-08,0.000746171049515018,2250,3.0360168472893084e-08,0.0007461064363218344,2250,3.0360168472893084e-08,0.000746171049515018,True,591,1153,-438.3409096528387,-438.34090965283866,False,True,energy_not_decreased,L-BFGS-B,True,6.648714580306397e-10,5.1971543830779564e-05,1.0127929903370867e-09,7.958078640513122e-13,437062.1179184985,-2.4494295480792516e-15,9.947598300641403e-14,5.684341886080802e-14,,,,,,False,0,none,False,3.5220954000251368,1.2487531999940984,,,,,,,,,,,17129.115101600008
693,693,141,141,531,531,,1,-2.2513546582558774e-11,2.2513546582558774e-11,0.2703138788931971,2.5465129049144584e-06,4.016487521043138e-06,0,2250,3.0360168472893084e-08,0.000741548802756476,2250,3.0360168472893084e-08,0.000744263497403872,2250,3.0360168472893084e-08,0.000741548802756476,True,592,1152,-438.3409096528387,-438.34090965283866,False,True,energy_not_decreased,L-BFGS-B>Newton-CG,True,6.835032829521139e-13,7.739160141611493e-08,1.008831750092327e-09,2.3874235921539366e-12,304518.59011842037,-2.5049406993105094e-15,9.947598300641403e-14,5.684341886080802e-14,,,,,,False,0,none,False,3.5107788000022992,15.351028399949428,,,,,,,,,,,17148.056999600027
694,694,141,141,1172,1172,,1,-2.2538415578310378e-11,2.2538415578310378e-11,0.8994866526404579,3.7237715669445157e-06,5.094975859413183e-06,0,2250,3.0360168472893084e-08,0.0007423679350934328,2250,3.0360168472893084e-08,0.0007410223181362941,2250,3.0360168472893084e-08,0.0007423679350934328,True,593,1151,-438.3409096528387,-438.34090965283866,False,True,energy_not_decreased,L-BFGS-B>Newton-CG,True,8.448447013566919e-13,1.3982060393072497e-07,1.0060423476769938e-09,1.7053025658242404e-13,208245.99618477843,-2.643718577388654e-15,9.947598300641403e-14,5.684341886080802e-14,,,,,,False,0,none,False,3.5545766999712214,9.458410500024911,,,,,,,,,,,17161.146727000014
695,695,141,141,318,318,,1,-2.2513546582558774e-11,2.2513546582558774e-11,0.12246189499295175,2.860080237682282e-06,4.940057788539279e-06,0,2250,3.0360168472893084e-08,0.000741548802756476,2250,3.0360168472893084e-08,0.0007402554336511365,2250,3.0360168472893084e-08,0.000741548802756476,True,594,1150,-438.3409096528387,-438.34090965283866,False,True,energy_not_decreased,L-BFGS-B>Newton-CG,True,5.36719026178796e-13,6.83127684201664e-08,1.0078567892736778e-09,2.2737367544323206e-13,271132.43513452006,-2.733924198139448e-15,9.947598300641403e-14,5.684341886080802e-14,,,,,,False,0,none,False,3.539492500014603,6.0486522000283,,,,,,,,,,,17170.813400400046
696,696,141,141,679,679,,1,-2.2382984354862856e-11,2.2382984354862856e-11,0.08605135893396965,8.07796997962076e-06,1.4522408613085344e-05,0,2250,3.0360168472893084e-08,0.0007372483579874528,2250,3.0360168472893084e-08,0.0007385384365391463,2250,3.0360168472893084e-08,0.0007372483579874528,True,595,1149,-438.3409096528387,-438.34090965283866,False,True,energy_not_decreased,L-BFGS-B>Newton-CG,True,5.474235659354339e-13,1.9808191112009626e-07,1.0027636221946766e-09,0.0,153043.7998941924,-2.525757381022231e-15,9.947598300641403e-14,5.684341886080802e-14,,,,,,False,0,none,False,3.5357209999929182,6.422144400014076,,,,,,,,,,,17180.850468000048
697,697,141,141,1294,1294,,1,-2.226130391136394e-11,2.226130391136394e-11,0.42448055703460796,4.43861320615363e-06,6.641690162940942e-06,0,2250,3.0360168472893084e-08,0.0007332404604816283,2250,3.0360168472893084e-08,0.0007338482780702521,2250,3.0360168472893084e-08,0.0007332404604816283,True,596,1148,-438.3409096528387,-438.34090965283866,False,True,projected_residual,L-BFGS-B>Newton-CG>trust-krylov,False,4.540677011889156e-09,0.000898125337305362,1.0050557275508032e-09,2.5579538487363607e-12,174707.83857620813,-2.435551760271437e-15,9.947598300641403e-14,5.684341886080802e-14,,,,,,False,0,none,False,3.5178518000175245,59.84271060000174,,,,,,,,,,,17244.2890091
698,698,141,141,124,124,,1,-2.1966428676023497e-11,2.1966428676023497e-11,0.20338333021670274,1.8384112790065374e-06,2.9964302028827963e-06,0,2250,3.0360168472893084e-08,0.0007235278913434261,2250,3.0360168472893084e-08,0.0007325069051887603,2250,3.0360168472893084e-08,0.0007235278913434261,True,597,1147,-438.3409096528387,-438.34090965283866,False,True,energy_not_decreased,L-BFGS-B>Newton-CG,False,1.0023276992192237e-09,8.399748290394504e-05,1.011932830182131e-09,1.4779288903810084e-12,421810.140297859,-2.2343238370581275e-15,9.947598300641403e-14,5.684341886080802e-14,,,,,,False,0,none,False,3.5111460000043735,130.8911766000092,,,,,,,,,,,17378.770536200027
699,699,141,141,964,964,,1,-2.233946361229755e-11,2.233946361229755e-11,0.5234624439231117,2.2351743591278554e-06,3.262886323861866e-06,0,2250,3.0360168472893084e-08,0.0007358148763977782,2250,3.0360168472893084e-08,0.0007307779302979385,2250,3.0360168472893084e-08,0.0007358148763977782,True,598,1146,-438.3409096528387,-438.34090965283866,False,True,energy_not_decreased,L-BFGS-B>Newton-CG,True,7.19272677298248e-13,7.139299342366156e-08,1.0100748356779206e-09,3.467448550509289e-12,346935.13566677255,-2.3939183968479938e-15,9.947598300641403e-14,5.684341886080802e-14,,,,,,False,0,none,False,3.7378266000305302,10.135849700018298,,,,,,,,,,,17392.725393500004
700,700,141,141,595,595,,1,-2.1948665107629495e-11,2.1948665107629495e-11,0.4969592457053068,2.3406427835510288e-06,3.4379200487095714e-06,0,2250,3.0360168472893084e-08,0.0007229427968170283,2250,3.0360168472893084e-08,0.0007280726905701054,2250,3.0360168472893084e-08,0.0007229427968170283,True,599,1145,-438.3409096528387,-438.34090965283866,False,True,energy_not_decreased,L-BFGS-B>Newton-CG,True,6.048636878116963e-10,6.396847025502758e-05,1.0094556534711592e-09,3.808509063674137e-12,331302.37769406644,-2.275957200481571e-15,9.947598300641403e-14,5.684341886080802e-14,,,,,,False,0,none,False,3.506980400008615,16.666557499964256,,,,,,,,,,,17412.97491640004
701,701,141,141,138,138,,1,-2.2950530365051236e-11,2.2950530365051236e-11,0.8190588315834587,1.4799298015959351e-06,2.047898474869137e-06,0,2250,3.0360168472893084e-08,0.00075594212810586,2250,3.0360168472893084e-08,0.0007263508938558901,2250,3.0360168472893084e-08,0.00075594212810586,True,600,1144,-438.3409096528387,-438.34090965283866,False,True,energy_not_decreased,L-BFGS-B>Newton-CG,True,2.3142793344053575e-12,1.494798607963706e-07,1.0154822149423727e-09,1.9895196601282805e-12,523984.6637905855,-2.345346139520643e-15,9.947598300641403e-14,5.684341886080802e-14,,,,,,False,0,none,False,3.5407590999966487,11.742517700011376,,,,,,,,,,,17428.337403600046
702,702,141,141,1032,1032,,1,-2.1813661987835076e-11,2.1813661987835076e-11,0.8973183274874739,3.5592664579275453e-06,4.8713157231930225e-06,0,2250,3.0360168472893084e-08,0.0007184960784164056,2250,3.0360168472893084e-08,0.0007245556206944044,2250,3.0360168472893084e-08,0.0007184960784164056,True,601,1143,-438.3409096528387,-438.34090965283866,False,True,energy_not_decreased,L-BFGS-B>Newton-CG,True,1.6784984361562195e-12,2.7424062492616016e-07,1.0061205316922253e-09,1.7053025658242404e-13,217870.88117433092,-1.9984014443252818e-15,9.947598300641403e-14,5.684341886080802e-14,,,,,,False,0,none,False,3.5402863000053912,16.634634700021707,,,,,,,,,,,17448.5898514
703,703,141,141,232,232,,1,-2.1884716261411086e-11,2.1884716261411086e-11,0.248194085701199,1.375634556291556e-06,2.1912638885605643e-06,0,2250,3.0360168472893084e-08,0.0007208364565219965,2250,3.0360168472893084e-08,0.0007219559571819301,2250,3.0360168472893084e-08,0.0007208364565219965,True,602,1142,-438.3409096528387,-438.34090965283866,False,True,energy_not_decreased,L-BFGS-B>Newton-CG,True,1.5155773514995472e-12,9.537306761059643e-08,1.0158910412495862e-09,4.831690603168681e-12,563711.1367814175,-2.400857290751901e-15,9.947598300641403e-14,5.684341886080802e-14,,,,,,False,0,none,False,3.5260140000027604,15.517945799976587,,,,,,,,,,,17467.71013900003
704,704,141,141,1692,1692,,1,-2.1664448013325455e-11,2.1664448013325455e-11,0.8300118233487704,1.5467738959157835e-06,2.136973212811344e-06,0,2250,3.0360168472893084e-08,0.0007135812843946647,2250,3.0360168472893084e-08,0.0007153559849218144,2250,3.0360168472893084e-08,0.0007135812843946647,True,603,1141,-438.3409096528387,-438.34090965283866,False,True,energy_not_decreased,L-BFGS-B>Newton-CG,True,7.767489406144494e-10,5.554691691032821e-05,1.0139836553281327e-09,1.5347723092418164e-12,501340.5783291905,-2.3314683517128287e-15,9.947598300641403e-14,5.684341886080802e-14,,,,,,False,0,none,False,3.5095394999952987,23.594551799993496,,,,,,,,,,,17494.891099500004
705,705,141,141,233,233,,1,-2.1955770534987096e-11,2.1955770534987096e-11,0.5901041661848292,1.935755117863096e-06,2.7858841772280284e-06,0,2250,3.0360168472893084e-08,0.0007231768346275875,2250,3.0360168472893084e-08,0.0007136893183180331,2250,3.0360168472893084e-08,0.0007231768346275875,True,604,1140,-438.3409096528387,-438.34090965283866,False,True,energy_not_decreased,L-BFGS-B>Newton-CG,True,8.113258188340591e-13,7.091500229044661e-08,1.0114408205969044e-09,2.8421709430404007e-12,400598.46019105683,-2.491062911502695e-15,9.947598300641403e-14,5.684341886080802e-14,,,,,,False,0,none,False,3.5360830999561585,10.01520140003413,,,,,,,,,,,17508.51681
706,706,141,141,874,874,,1,2.1456614263115625e-11,2.1456614263115625e-11,0.15878184268723405,4.584000987381896e-06,7.686596498343848e-06,0,2250,3.0360168472893084e-08,0.0007067356784358114,2250,3.0360168472893084e-08,0.0007125667023843939,2250,3.0360168472893084e-08,0.0007067356784358114,True,605,1139,-438.3409096528387,-438.34090965283866,False,True,energy_not_decreased,L-BFGS-B>Newton-CG,True,6.808280162871469e-13,1.4522491887364026e-07,1.0046880936244802e-09,1.1368683772161603e-13,169166.74356255104,-2.824129818890242e-15,9.947598300641403e-14,5.684341886080802e-14,,,,,,False,0,none,False,3.5044261000002734,7.355673199985176,,,,,,,,,,,17519.453712000046
707,707,141,141,1688,1688,,1,-2.1572077457676642e-11,2.1572077457676642e-11,0.21040744276327936,1.4016758082853486e-06,2.275687583062414e-06,0,2250,3.0360168472893084e-08,0.0007105387928573966,2250,3.0360168472893084e-08,0.0007095132493879307,2250,3.0360168472893084e-08,0.0007105387928573966,True,606,1138,-438.3409096528387,-438.34090965283866,False,True,projected_residual,L-BFGS-B>Newton-CG>trust-krylov,False,3.921746115134963e-07,0.025323144013460547,1.0154868057183198e-09,2.6147972675971687e-12,553238.1417579893,-2.1510571102112408e-15,9.947598300641403e-14,5.684341886080802e-14,,,,,,False,0,none,False,3.593583400011994,69.40896969998721,,,,,,,,,,,17592.53086280002
708,708,141,141,1685,1685,,1,2.135447374485011e-11,2.135447374485011e-11,0.08640051710623242,1.136654691342937e-05,2.0425185907892618e-05,0,2250,3.0360168472893084e-08,0.0007033713849090245,2250,3.0360168472893084e-08,0.0007025832616155155,2250,3.0360168472893084e-08,0.0007033713849090245,True,607,1137,-438.3409096528387,-438.34090965283866,False,True,energy_not_decreased,L-BFGS-B>Newton-CG,True,6.229303938858502e-13,3.3303025538156376e-07,1.0018704918962157e-09,0.0,153043.7998941924,-2.3175905639050143e-15,9.947598300641403e-14,5.684341886080802e-14,,,,,,False,0,none,False,3.4959457999793813,9.21761069999775,,,,,,,,,,,17605.322137600044
709,709,141,141,1128,1128,,1,-2.126704368166088e-11,2.126704368166088e-11,0.009168845457005312,2.949368643007367e-05,6.814175892907462e-05,0,2250,3.0360168472893084e-08,0.0007004916227869107,2250,3.0360168472893084e-08,0.0007003979937668811,2250,3.0360168472893084e-08,0.0007004916227869107,True,608,1136,-438.3409096528387,-438.34090965283866,False,True,projected_residual,L-BFGS-B>Newton-CG>trust-krylov,False,3.30175178539335e-07,0.4595390140428065,1.0007184921594244e-09,1.1368683772161603e-13,153043.7998941924,-2.373101715136272e-15,9.947598300641403e-14,5.684341886080802e-14,,,,,,False,0,none,False,3.531525900005363,34.31762049999088,,,,,,,,,,,17643.244160800008
710,710,141,141,1457,1457,,1,-2.076916416626773e-11,2.076916416626773e-11,0.7796062771542066,1.1554184406173227e-06,1.6083725228383909e-06,0,2250,3.0360168472893084e-08,0.0006840925202642195,2250,3.0360168472893084e-08,0.0006949630182840677,2250,3.0360168472893084e-08,0.0006840925202642195,True,609,1135,-438.3409096528387,-438.34090965283866,False,True,energy_not_decreased,L-BFGS-B>Newton-CG,True,5.488106478881148e-13,3.023050219001361e-08,1.0181542021511443e-09,4.320099833421409e-12,671151.2403321147,-2.2551405187698492e-15,9.947598300641403e-14,5.684341886080802e-14,,,,,,False,0,none,False,3.4708036999800242,10.196647200034931,,,,,,,,,,,17656.9895963
711,711,141,141,1730,1730,,1,-2.1742607714259066e-11,2.1742607714259066e-11,0.903054623882324,3.7788244366699373e-06,5.167827477326329e-06,0,2250,3.0360168472893084e-08,0.0007161557003108148,2250,3.0360168472893084e-08,0.0006862620554404319,2250,3.0360168472893084e-08,0.0007161557003108148,True,610,1134,-438.3409096528387,-438.34090965283866,False,True,energy_not_decreased,L-BFGS-B>Newton-CG,True,6.256803857811007e-13,1.0897075772602223e-07,1.0057417274031828e-09,1.7053025658242404e-13,205212.10564793614,-2.525757381022231e-15,9.947598300641403e-14,5.684341886080802e-14,,,,,,False,0,none,False,3.4916173999663442,28.275085400033277,,,,,,,,,,,17688.833205500036
712,712,141,141,1741,1741,,1,2.079048044834053e-11,2.079048044834053e-11,0.17791993952095547,4.4746111667932315e-06,7.406044295981978e-06,0,2250,3.0360168472893084e-08,0.0006847946336958967,2250,3.0360168472893084e-08,0.000684260257214552,2250,3.0360168472893084e-08,0.0006847946336958967,True,611,1133,-438.3409096528387,-438.34090965283866,False,True,energy_not_decreased,L-BFGS-B>Newton-CG,True,7.239576207108335e-10,0.00015677558208789406,1.0046177957757794e-09,1.1368683772161603e-13,173302.3251892196,-2.4147350785597155e-15,9.947598300641403e-14,5.684341886080802e-14,,,,,,False,0,none,False,3.5135476000141352,0.9910964000155218,,,,,,,,,,,17693.415363100008
713,713,141,141,1455,1455,,1,-2.0797585875698132e-11,2.0797585875698132e-11,0.2719357645193021,2.499136083736716e-06,3.939030831233266e-06,0,2250,3.0360168472893084e-08,0.0006850286715064558,2250,3.0360168472893084e-08,0.0006824846452301967,2250,3.0360168472893084e-08,0.0006850286715064558,True,612,1132,-438.3409096528387,-438.34090965283866,False,True,energy_not_decreased,L-BFGS-B>Newton-CG,True,1.7116878647523552e-12,2.059177500355275e-07,1.0083124833311216e-09,2.1600499167107046e-12,310291.4341356886,-2.192690473634684e-15,9.947598300641403e-14,5.684341886080802e-14,,,,,,False,0,none,False,3.5223069000057876,17.17005399998743,,,,,,,,,,,17714.18591250002
714,714,141,141,1024,1024,,1,-2.0619950191758107e-11,2.0619950191758107e-11,0.29948239407033167,3.98164695343181e-06,6.205814638608754e-06,0,2250,3.0360168472893084e-08,0.0006791777262424786,2250,3.0360168472893084e-08,0.0006776359495556573,2250,3.0360168472893084e-08,0.0006791777262424786,True,613,1131,-438.3409096528387,-438.34090965283866,False,True,energy_not_decreased,L-BFGS-B>Newton-CG,True,9.613176268235338e-13,1.8425893250863865e-07,1.0052172104425846e-09,1.7621459846850485e-12,194758.73390897678,-2.1996293675385914e-15,9.947598300641403e-14,5.684341886080802e-14,,,,,,False,0,none,False,3.4819127999944612,9.604188600031193,,,,,,,,,,,17727.350507400057
715,715,141,141,1333,1333,,1,-2.0256685218100756e-11,2.0256685218100756e-11,0.04794481816233871,1.430411003323886e-05,2.7468165791790366e-05,0,2250,3.0360168472893084e-08,0.0006672125431776452,2250,3.0360168472893084e-08,0.0006671118839435895,2250,3.0360168472893084e-08,0.0006672125431776452,True,614,1130,-438.3409096528387,-438.34090965283866,False,True,energy_not_decreased,L-BFGS-B>Newton-CG,True,7.148693007971482e-13,5.02903045019954e-07,1.0014214853297793e-09,0.0,153043.7998941924,-2.1649348980190553e-15,9.947598300641403e-14,5.684341886080802e-14,,,,,,False,0,none,False,3.5273523000068963,8.174976899987087,,,,,,,,,,,17739.130064200028
716,716,141,141,1211,1211,,1,-2.007993771258043e-11,2.007993771258043e-11,0.5032944128145277,2.2360798549457623e-06,3.279422979733046e-06,0,2250,3.0360168472893084e-08,0.0006613908526399878,2250,3.0360168472893084e-08,0.000665431799723707,2250,3.0360168472893084e-08,0.0006613908526399878,True,615,1129,-438.3409096528387,-438.34090965283866,False,True,energy_not_decreased,L-BFGS-B>Newton-CG,True,7.120238857718959e-13,7.854417524806364e-08,1.0090652665652563e-09,3.637978807091713e-12,346794.6450158075,-2.123301534595612e-15,9.947598300641403e-14,5.684341886080802e-14,,,,,,False,0,none,False,3.5373416999937035,9.659517799969763,,,,,,,,,,,17752.402866600023
717,717,141,141,928,928,,1,-2.0051516003150027e-11,2.0051516003150027e-11,0.7457707052864048,1.4977130633019017e-06,2.095997970167176e-06,0,2250,3.0360168472893084e-08,0.0006604547013977514,2250,3.0360168472893084e-08,0.0006582375845122108,2250,3.0360168472893084e-08,0.0006604547013977514,True,616,1128,-438.3409096528387,-438.34090965283866,False,True,energy_not_decreased,L-BFGS-B>Newton-CG,True,1.2700072183195912e-12,9.505944196713672e-08,1.013360137531195e-09,2.3305801732931286e-12,517763.0739317391,-2.4980018054066022e-15,9.947598300641403e-14,5.684341886080802e-14,,,,,,False,0,none,False,3.5097229999955744,9.575483899971005,,,,,,,,,,,17765.567087400006
718,718,141,141,456,456,,1,1.992184195387381e-11,1.992184195387381e-11,0.06361123869651421,5.86018734369186e-06,1.090092086134976e-05,0,2250,3.0360168472893084e-08,0.000656183511355048,2250,3.0360168472893084e-08,0.0006565054018343779,2250,3.0360168472893084e-08,0.000656183511355048,True,617,1127,-438.3409096528387,-438.34090965283866,False,True,energy_not_decreased,L-BFGS-B>Newton-CG,True,5.286511946620051e-13,1.561926402461551e-07,1.0033846101444274e-09,5.684341886080802e-14,153043.7998941924,-2.615963001773025e-15,9.947598300641403e-14,5.684341886080802e-14,,,,,,False,0,none,False,3.494354500027839,40.233739499992225,,,,,,,,,,,17809.37241140002
719,719,141,141,694,694,,1,-1.9610979506978765e-11,1.9610979506978765e-11,0.3030569509736571,2.9835597653938463e-06,4.643781541730906e-06,0,2250,3.0360168472893084e-08,0.0006459443571430879,2250,3.0360168472893084e-08,0.0006533293069070723,2250,3.0360168472893084e-08,0.0006459443571430879,True,618,1126,-438.3409096528387,-438.34090965283866,False,True,energy_not_decreased,L-BFGS-B>Newton-CG,True,9.782025344922282e-13,1.4898393160482715e-07,1.006565825750168e-09,3.637978807091713e-12,259911.17339677253,-2.060851489460447e-15,9.947598300641403e-14,5.684341886080802e-14,,,,,,False,0,none,False,3.5188666000030935,23.983873300021514,,,,,,,,,,,17836.95607810002
720,720,141,141,516,516,,1,1.972733087995948e-11,1.972733087995948e-11,0.08411583399478532,5.622529644195469e-06,1.0134111163289238e-05,0,2250,3.0360168472893084e-08,0.0006497767262909929,2250,3.0360168472893084e-08,0.0006485431852032731,2250,3.0360168472893084e-08,0.0006497767262909929,True,619,1125,-438.3409096528387,-438.34090965283866,False,True,energy_not_decreased,L-BFGS-B>Newton-CG,True,5.774085890494248e-13,1.6535640991417094e-07,1.0034919032733545e-09,5.684341886080802e-14,153043.7998941924,-2.2898349882893854e-15,9.947598300641403e-14,5.684341886080802e-14,,,,,,False,0,none,False,3.4734219000092708,37.77639730001101,,,,,,,,,,,17878.286454400048
721,721,141,141,391,391,,1,-1.9738877199415583e-11,1.9738877199415583e-11,0.9057147533945478,3.6450257705494994e-06,4.983075608813197e-06,0,2250,3.0360168472893084e-08,0.0006501570377331514,2250,3.0360168472893084e-08,0.0006421270682183404,2250,3.0360168472893084e-08,0.0006501570377331514,True,620,1124,-438.3409096528387,-438.34090965283866,False,True,energy_not_decreased,L-BFGS-B>Newton-CG,True,7.668918386012832e-10,0.000141826979986125,1.00540723520078e-09,1.7053025658242404e-13,212744.8661099619,-2.5604518505417673e-15,9.947598300641403e-14,5.684341886080802e-14,,,,,,False,0,none,False,3.528992199979257,15.13244910002686,,,,,,,,,,,17897.027031000005
722,722,141,141,358,358,,1,1.944400196407514e-11,1.944400196407514e-11,0.07048936226742776,1.0058097236622946e-05,1.8494371834322497e-05,0,2250,3.0360168472893084e-08,0.0006404444685949492,2250,3.0360168472893084e-08,0.0006411850283502147,2250,3.0360168472893084e-08,0.0006404444685949492,True,621,1123,-438.3409096528387,-438.34090965283866,False,True,energy_not_decreased,L-BFGS-B>Newton-CG,True,5.233752975376089e-13,2.720057632284491e-07,1.0019241331188195e-09,0.0,153043.7998941924,-2.491062911502695e-15,9.947598300641403e-14,5.684341886080802e-14,,,,,,False,0,none,False,3.490520799998194,7.758956199977547,,,,,,,,,,,17908.35280000005
723,723,141,141,370,370,,1,-1.928412984852912e-11,1.928412984852912e-11,0.29757886920754995,3.6283921359712506e-06,5.659422124603661e-06,0,2250,3.0360168472893084e-08,0.0006351786178573697,2250,3.0360168472893084e-08,0.0006362568325046243,2250,3.0360168472893084e-08,0.0006351786178573697,True,622,1122,-438.3409096528387,-438.34090965283866,False,True,energy_not_decreased,L-BFGS-B>Newton-CG,True,5.737617593635614e-13,1.0707684260361631e-07,1.0053584112625318e-09,1.8189894035458565e-12,213720.15219499922,-2.7478019859472624e-15,9.947598300641403e-14,5.684341886080802e-14,,,,,,False,0,none,False,3.494736799970269,9.649960199953057,,,,,,,,,,,17921.57419690001
724,724,141,141,1713,1713,,1,-1.9207746504434908e-11,1.9207746504434908e-11,0.08281128493912669,9.01984266086536e-06,1.6286226195089785e-05,0,2250,3.0360168472893084e-08,0.0006326627113938595,2250,3.0360168472893084e-08,0.000633721867927332,2250,3.0360168472893084e-08,0.0006326627113938595,True,623,1121,-438.3409096528387,-438.34090965283866,False,True,energy_not_decreased,L-BFGS-B>Newton-CG,True,7.481946818350824e-10,0.0003524242417045546,1.0021229943723972e-09,0.0,153043.7998941924,-2.42861286636753e-15,9.947598300641403e-14,5.684341886080802e-14,,,,,,False,0,none,False,3.471496300015133,0.8964343999978155,,,,,,,,,,,17926.017408000014
725,725,141,141,1235,1235,,1,-1.922728642966831e-11,1.922728642966831e-11,0.3286384084471221,6.70031582834246e-06,1.0330831757649332e-05,0,2250,3.0360168472893084e-08,0.000633306315372897,2250,3.0360168472893084e-08,0.0006336299610532442,2250,3.0360168472893084e-08,0.000633306315372897,True,624,1120,-438.3409096528387,-438.34090965283866,False,True,energy_not_decreased,L-BFGS-B>Newton-CG,True,7.116273290484736e-13,2.4587898654209844e-07,1.002894217757509e-09,1.9895196601282805e-12,153043.7998941924,-2.5118795932144167e-15,9.947598300641403e-14,5.684341886080802e-14,,,,,,False,0,none,False,3.5585218999767676,9.984806400025263,,,,,,,,,,,17939.63820710004
726,726,141,141,1245,1245,,1,-1.9310775201120123e-11,1.9310775201120123e-11,0.10961527219310724,3.035081293685884e-06,5.308774771088137e-06,0,2250,3.0360168472893084e-08,0.0006360562596469662,2250,3.0360168472893084e-08,0.000633452725437069,2250,3.0360168472893084e-08,0.0006360562596469662,True,625,1119,-438.3409096528387,-438.34090965283866,False,True,energy_not_decreased,L-BFGS-B>Newton-CG,True,6.168028753114382e-10,9.640857563353275e-05,1.0063978009348052e-09,1.7053025658242404e-13,255499.0935946806,-2.400857290751901e-15,9.947598300641403e-14,5.684341886080802e-14,,,,,,False,0,none,False,3.5025120999780484,13.317129799979739,,,,,,,,,,,17956.536186200043
727,727,141,141,523,523,,1,1.9113155502736845e-11,1.9113155502736845e-11,0.024519948038927056,8.39431611410801e-06,1.73777393313857e-05,0,2250,3.0360168472893084e-08,0.0006295470830407916,2250,3.0360168472893084e-08,0.0006296486941269292,2250,3.0360168472893084e-08,0.0006295470830407916,True,626,1118,-438.3409096528387,-438.34090965283866,False,True,energy_not_decreased,L-BFGS-B>Newton-CG,True,2.2445875189305973e-13,9.816262387557941e-08,1.0022866009793866e-09,5.684341886080802e-14,153043.7998941924,-2.6506574712925612e-15,9.947598300641403e-14,5.684341886080802e-14,,,,,,False,0,none,False,4.000686099985614,37.96137919998728,,,,,,,,,,,17998.57795330003
728,728,141,141,183,183,,1,-1.893951662168547e-11,1.893951662168547e-11,0.3005651603532449,3.833721292560435e-06,5.9727510389051795e-06,0,2250,3.0360168472893084e-08,0.0006238277840452538,2250,3.0360168472893084e-08,0.0006264312815680437,2250,3.0360168472893084e-08,0.0006238277840452538,True,627,1117,-438.3409096528387,-438.34090965283866,False,True,energy_not_decreased,L-BFGS-B>Newton-CG,True,1.5544646812120134e-12,3.121357009628002e-07,1.0049800925572346e-09,1.7053025658242404e-12,202273.5771188535,-2.609024107869118e-15,9.947598300641403e-14,5.684341886080802e-14,,,,,,False,0,none,False,3.467794199998025,9.57711199996993,,,,,,,,,,,18011.704198900028
729,729,141,141,534,534,,1,-1.942623839568114e-11,1.942623839568114e-11,0.894397953178474,3.1935858352669888e-06,4.3725567065905375e-06,0,2250,3.0360168472893084e-08,0.0006398593740685515,2250,3.0360168472893084e-08,0.0006243464824684796,2250,3.0360168472893084e-08,0.0006398593740685515,True,628,1116,-438.3409096528387,-438.34090965283866,False,True,energy_not_decreased,L-BFGS-B>Newton-CG,True,8.348844795464376e-10,0.00013758998182216892,1.0060679161992005e-09,2.2737367544323206e-13,242818.12342710502,-2.345346139520643e-15,9.947598300641403e-14,5.684341886080802e-14,,,,,,False,0,none,False,3.472722100035753,56.43884699995397,,,,,,,,,,,18071.693508300057
730,730,141,141,50,50,,1,-1.886490963443066e-11,1.886490963443066e-11,0.43036197314365,4.199662426018031e-06,6.273978188051732e-06,0,2250,3.0360168472893084e-08,0.0006213703870343834,2250,3.0360168472893084e-08,0.0006237571752689991,2250,3.0360168472893084e-08,0.0006213703870343834,True,629,1115,-438.3409096528387,-438.34090965283866,False,True,energy_not_decreased,L-BFGS-B>Newton-CG,True,1.2207835133584737e-12,2.690894596525418e-07,1.00453671992554e-09,1.8758328224066645e-12,184648.29809146773,-2.338407245616736e-15,9.947598300641403e-14,5.684341886080802e-14,,,,,,False,0,none,False,3.4843989000073634,29.79067680001026,,,,,,,,,,,18105.048028700054
731,731,141,141,1598,1598,,1,1.8950174762721872e-11,1.8950174762721872e-11,0.18073903408057995,1.7597624693803292e-06,2.9073832303414706e-06,0,2250,3.0360168472893084e-08,0.0006241788407610924,2250,3.0360168472893084e-08,0.0006221963536858679,2250,3.0360168472893084e-08,0.0006241788407610924,True,630,1114,-438.3409096528387,-438.34090965283866,False,True,energy_not_decreased,L-BFGS-B>Newton-CG,True,6.599192210627265e-13,6.172001487065755e-08,1.0106921429368688e-09,9.094947017729282e-13,440662.03991495474,-2.275957200481571e-15,9.947598300641403e-14,5.684341886080802e-14,,,,,,False,0,none,False,3.4902719000237994,21.711942399968393,,,,,,,,,,,18130.329057100054
732,732,141,141,1558,1558,,1,1.8555823544375016e-11,1.8555823544375016e-11,0.18968264141714505,3.704825440172517e-06,6.087083787517194e-06,0,2250,3.0360168472893084e-08,0.000611189742275063,2250,3.0360168472893084e-08,0.000615608467034302,2250,3.0360168472893084e-08,0.000611189742275063,True,631,1113,-438.3409096528387,-438.34090965283866,False,True,energy_not_decreased,L-BFGS-B>Newton-CG,True,7.075216387866905e-13,1.4103697200138262e-07,1.0050165685546606e-09,1.7053025658242404e-13,209310.94650624195,-2.3869795029440866e-15,9.947598300641403e-14,5.684341886080802e-14,,,,,,False,0,none,False,3.4722743000020273,7.302551999979187,,,,,,,,,,,18141.181217200006
733,733,141,141,1403,1403,,1,-1.901412360894028e-11,1.901412360894028e-11,0.6437173989809517,1.9914048784044453e-06,2.836427134913752e-06,0,2250,3.0360168472893084e-08,0.0006262851810561243,2250,3.0360168472893084e-08,0.0006153461052914319,2250,3.0360168472893084e-08,0.0006262851810561243,True,632,1112,-438.3409096528387,-438.34090965283866,False,True,energy_not_decreased,L-BFGS-B>Newton-CG,True,9.960137199380816e-13,1.0444135228132028e-07,1.0095365839122347e-09,1.3642420526593924e-12,389403.7460349243,-2.3592239273284576e-15,9.947598300641403e-14,5.684341886080802e-14,,,,,,False,0,none,False,3.4560588999884203,62.40744390001055,,,,,,,,,,,18207.121582800057
734,734,141,141,347,347,,1,1.858069254012662e-11,1.858069254012662e-11,0.1770325693706666,4.432543194046992e-06,7.3406223797601405e-06,0,2250,3.0360168472893084e-08,0.0006120088746120198,2250,3.0360168472893084e-08,0.0006134926010997241,2250,3.0360168472893084e-08,0.0006120088746120198,True,633,1111,-438.3409096528387,-438.34090965283866,False,True,energy_not_decreased,L-BFGS-B>Newton-CG,True,2.2571090241030428e-13,5.422217246521064e-08,1.0041627048889478e-09,1.7053025658242404e-13,174947.08693744382,-2.2898349882893854e-15,9.947598300641403e-14,5.684341886080802e-14,,,,,,False,0,none,False,3.5073858000105247,7.106901500024833,,,,,,,,,,,18217.81244930002
735,735,141,141,487,487,,1,-1.857713982644782e-11,1.857713982644782e-11,0.3270798392350253,6.218861636852201e-06,9.593819272851323e-06,0,2250,3.0360168472893084e-08,0.0006118918557067402,2250,3.0360168472893084e-08,0.000610889932048818,2250,3.0360168472893084e-08,0.0006118918557067402,True,634,1110,-438.3409096528387,-438.34090965283866,False,True,energy_not_decreased,L-BFGS-B>Newton-CG,True,4.501506071407425e-12,1.4932766041176573e-06,1.0030145159034802e-09,1.9895196601282805e-12,153043.7998941924,-2.8102520310824275e-15,9.947598300641403e-14,5.684341886080802e-14,,,,,,False,0,none,False,3.4850960999610834,11.60255040001357,,,,,,,,,,,18232.97878810001
736,736,141,141,1557,1557,,1,-1.8481216557120206e-11,1.8481216557120206e-11,0.655357383592244,1.5355075995978105e-06,2.182401824641899e-06,0,2250,3.0360168472893084e-08,0.0006087323452641925,2250,3.0360168472893084e-08,0.0006092378216985612,2250,3.0360168472893084e-08,0.0006087323452641925,True,635,1109,-438.3409096528387,-438.34090965283866,False,True,energy_not_decreased,L-BFGS-B>Newton-CG,True,1.1705670244574291e-12,9.617335942778559e-08,1.012171427008707e-09,3.069544618483633e-12,505019.0046119129,-2.2273849431542203e-15,9.947598300641403e-14,5.684341886080802e-14,,,,,,False,0,none,False,3.4829747999901883,10.13438960001804,,,,,,,,,,,18246.672529600037
737,737,141,141,1115,1115,,1,1.836042429204099e-11,1.836042429204099e-11,0.09025501440409427,1.0358208451628417e-05,1.8521537861116588e-05,0,2250,3.0360168472893084e-08,0.000604753702484688,2250,3.0360168472893084e-08,0.0006067384864053922,2250,3.0360168472893084e-08,0.000604753702484688,True,636,1108,-438.3409096528387,-438.34090965283866,False,True,projected_residual,L-BFGS-B>Newton-CG>trust-krylov,False,2.235634061306272e-07,0.12572013366696638,1.0017782625551677e-09,1.1368683772161603e-13,153043.7998941924,-2.6575963651964685e-15,9.947598300641403e-14,5.684341886080802e-14,,,,,,False,0,none,False,3.4890514999860898,99.04684169997927,,,,,,,,,,,18349.283723400033
738,738,141,141,846,846,,1,-1.8104628907167353e-11,1.8104628907167353e-11,0.5320997816649798,2.5383956451221814e-06,3.698347832686133e-06,0,2250,3.0360168472893084e-08,0.0005963283413045608,2250,3.0360168472893084e-08,0.0006001592248518219,2250,3.0360168472893084e-08,0.0005963283413045608,True,637,1107,-438.3409096528387,-438.34090965283866,False,True,energy_not_decreased,L-BFGS-B>Newton-CG,True,7.513880135054906e-13,1.0428313442852931e-07,1.007205268786972e-09,1.3073986337985843e-12,305492.37705046113,-2.310651670001107e-15,9.947598300641403e-14,5.684341886080802e-14,,,,,,False,0,none,False,3.502464300021529,16.292932600015774,,,,,,,,,,,18369.156669700053
739,739,141,141,1214,1214,,1,-1.8140156043955358e-11,1.8140156043955358e-11,0.12319614994906744,2.8679150870748835e-06,4.950222658921111e-06,0,2250,3.0360168472893084e-08,0.0005974985303573562,2250,3.0360168472893084e-08,0.0005979359006261796,2250,3.0360168472893084e-08,0.0005974985303573562,True,638,1106,-438.3409096528387,-438.34090965283866,False,True,energy_not_decreased,L-BFGS-B>Newton-CG,True,4.4074305941586377e-10,6.98520496900471e-05,1.006309665376629e-09,1.7053025658242404e-13,270391.7291755807,-2.366162821232365e-15,9.947598300641403e-14,5.684341886080802e-14,,,,,,False,0,none,False,3.495164899970405,0.9463066000025719,,,,,,,,,,,18373.676847000024
740,740,141,141,748,748,,1,-1.8776091792460647e-11,1.8776091792460647e-11,0.26889733138531546,2.097823366693799e-06,3.310806866256668e-06,0,2250,3.0360168472893084e-08,0.0006184449144023947,2250,3.0360168472893084e-08,0.0005966326192667352,2250,3.0360168472893084e-08,0.0006184449144023947,True,639,1105,-438.3409096528387,-438.34090965283866,False,True,energy_not_decreased,L-BFGS-B>Newton-CG,True,8.887251529583294e-13,9.944334745441698e-08,1.0089369995651616e-09,2.3874235921539366e-12,369650.0534003734,-2.4494295480792516e-15,9.947598300641403e-14,5.684341886080802e-14,,,,,,False,0,none,False,3.457269699953031,71.36839269998018,,,,,,,,,,,18448.580876800057
741,741,141,141,1496,1496,,1,-1.7958967646336532e-11,1.7958967646336532e-11,0.18488262163199118,1.6720647743943806e-06,2.7553207962477056e-06,0,2250,3.0360168472893084e-08,0.0005915305661880994,2250,3.0360168472893084e-08,0.0005952765027016924,2250,3.0360168472893084e-08,0.0005915305661880994,True,640,1104,-438.3409096528387,-438.34090965283866,False,True,energy_not_decreased,L-BFGS-B>Newton-CG,True,6.721621254281165e-13,6.268446845188055e-08,1.0107229452849887e-09,9.663381206337363e-13,463774.20982616214,-2.338407245616736e-15,9.947598300641403e-14,5.684341886080802e-14,,,,,,False,0,none,False,3.4997838999843225,34.558911000029184,,,,,,,,,,,18486.71836260002
742,742,141,141,1092,1092,,1,-1.7280399333685637e-11,1.7280399333685637e-11,0.6421278950150113,1.943414662309932e-06,2.7688899576763378e-06,0,2250,3.0360168472893084e-08,0.0005691799552797063,2250,3.0360168472893084e-08,0.0005939075615101902,2250,3.0360168472893084e-08,0.0005691799552797063,True,641,1103,-438.3409096528387,-438.34090965283866,False,True,energy_not_decreased,L-BFGS-B>Newton-CG,True,9.783645475333727e-13,1.1016175316104812e-07,1.0088811635568571e-09,1.2505552149377763e-12,399019.5888515145,-2.3522850334245504e-15,9.947598300641403e-14,5.684341886080802e-14,,,,,,False,0,none,False,3.4905730999889784,9.356382100027986,,,,,,,,,,,18499.644331000047
743,743,141,141,1388,1388,,1,1.7966073073694133e-11,1.7966073073694133e-11,0.192956331690947,1.0792873199968026e-06,1.7698044340242967e-06,0,2250,3.0360168472893084e-08,0.0005917646039986585,2250,3.0360168472893084e-08,0.0005935656660689311,2250,3.0360168472893084e-08,0.0005917646039986585,True,642,1102,-438.3409096528387,-438.34090965283866,False,True,energy_not_decreased,L-BFGS-B>Newton-CG,True,8.261051196327105e-13,5.0001622685342165e-08,1.016521566206588e-09,2.3874235921539366e-12,718493.1251904371,-2.7200464103316335e-15,9.947598300641403e-14,5.684341886080802e-14,,,,,,False,0,none,False,3.503176300029736,15.787990399985574,,,,,,,,,,,18519.0113673
744,744,141,141,822,822,,1,-1.787725523172412e-11,1.787725523172412e-11,0.603986776666361,1.8187609260411582e-06,2.6102749188301843e-06,0,2250,3.0360168472893084e-08,0.0005888391313666699,2250,3.0360168472893084e-08,0.0005837511270582516,2250,3.0360168472893084e-08,0.0005888391313666699,True,643,1101,-438.3409096528387,-438.34090965283866,False,True,energy_not_decreased,L-BFGS-B>Newton-CG,True,5.313384610170301e-13,5.415369561206024e-08,1.0098116749930303e-09,3.069544618483633e-12,426367.4837191688,-2.5951463200613034e-15,9.947598300641403e-14,5.684341886080802e-14,,,,,,False,0,none,False,3.471050499996636,9.690474300005008,,,,,,,,,,,18532.252573000034
745,745,141,141,1163,1163,,1,-1.7909229654833325e-11,1.7909229654833325e-11,0.25571043754725903,1.3098942821307732e-06,2.0793588782912235e-06,0,2250,3.0360168472893084e-08,0.0005898923015141859,2250,3.0360168472893084e-08,0.0005826681248380572,2250,3.0360168472893084e-08,0.0005898923015141859,True,644,1100,-438.3409096528387,-438.34090965283866,False,True,energy_not_decreased,L-BFGS-B>Newton-CG,True,7.267246293165318e-13,5.322985186138567e-08,1.013652576588208e-09,4.092726157978177e-12,592002.3700397342,-2.2898349882893854e-15,9.947598300641403e-14,5.684341886080802e-14,,,,,,False,0,none,False,3.508914200006984,9.082073800032958,,,,,,,,,,,18544.92188780004
746,746,141,141,587,587,,1,-1.751487843648647e-11,1.751487843648647e-11,0.4225853319656583,3.944804191096683e-06,5.9058878937229135e-06,0,2250,3.0360168472893084e-08,0.0005769032030281563,2250,3.0360168472893084e-08,0.0005774997580377996,2250,3.0360168472893084e-08,0.0005769032030281563,True,645,1099,-438.3409096528387,-438.34090965283866,False,True,energy_not_decreased,L-BFGS-B>Newton-CG,True,1.5972551037478071e-12,3.5621997114571116e-07,1.0044839010530785e-09,1.9326762412674725e-12,196577.69611812607,-2.400857290751901e-15,9.947598300641403e-14,5.684341886080802e-14,,,,,,False,0,none,False,3.511773300007917,10.159346900007222,,,,,,,,,,,18558.67320270004
747,747,141,141,1307,1307,,1,-1.7532642004880472e-11,1.7532642004880472e-11,0.3304018729789763,6.670584523613627e-06,1.0278576627015322e-05,0,2250,3.0360168472893084e-08,0.000577488297554554,2250,3.0360168472893084e-08,0.0005702160093749085,2250,3.0360168472893084e-08,0.000577488297554554,True,646,1098,-438.3409096528387,-438.34090965283866,False,True,energy_not_decreased,L-BFGS-B>Newton-CG,True,9.063042809259747e-13,3.4159685113732617e-07,1.0026531400330785e-09,1.8758328224066645e-12,153043.7998941924,-2.2967738821932926e-15,9.947598300641403e-14,5.684341886080802e-14,,,,,,False,0,none,False,3.6741043000365607,10.185697999957483,,,,,,,,,,,18572.61041730002
748,748,141,141,1093,1093,,1,-1.6775913991295965e-11,1.6775913991295965e-11,0.908481931888638,3.3591258302136086e-06,4.590531561276002e-06,0,2250,3.0360168472893084e-08,0.000552563270730011,2250,3.0360168472893084e-08,0.000569584909708009,2250,3.0360168472893084e-08,0.000552563270730011,True,647,1097,-438.3409096528387,-438.34090965283866,False,True,energy_not_decreased,L-BFGS-B>Newton-CG,True,6.150051541789283e-13,1.2347843547174045e-07,1.0049806685015837e-09,1.1368683772161603e-13,230851.8819235783,-2.4216739724636227e-15,9.947598300641403e-14,5.684341886080802e-14,,,,,,False,0,none,False,3.6078127000364475,8.846128400007728,,,,,,,,,,,18585.14473880001
749,749,141,141,604,604,,1,-1.7124079931818414e-11,1.7124079931818414e-11,0.12819899583228225,3.4759751985958405e-06,5.972655765589271e-06,0,2250,3.0360168472893084e-08,0.0005640311234474064,2250,3.0360168472893084e-08,0.0005638196663367118,2250,3.0360168472893084e-08,0.0005640311234474064,True,648,1096,-438.3409096528387,-438.34090965283866,False,True,energy_not_decreased,L-BFGS-B>Newton-CG,True,4.328521894545269e-13,8.808766609444067e-08,1.004913879645653e-09,1.1368683772161603e-13,223091.4995700113,-2.4424906541753444e-15,9.947598300641403e-14,5.684341886080802e-14,,,,,,False,0,none,False,3.570813399972394,19.48379740002565,,,,,,,,,,,18608.27678840002
750,750,141,141,1078,1078,,1,1.717026520964282e-11,1.717026520964282e-11,0.1939016899082571,1.209321289401253e-06,1.9819199656720037e-06,0,2250,3.0360168472893084e-08,0.0005655523692160404,2250,3.0360168472893084e-08,0.0005630618210572189,2250,3.0360168472893084e-08,0.0005655523692160404,True,649,1095,-438.3409096528387,-438.34090965283866,False,True,energy_not_decreased,L-BFGS-B>Newton-CG,True,3.057295417115953e-13,2.1697444614899745e-08,1.014090578274902e-09,1.7053025658242404e-12,641236.1432145565,-2.0747292772682613e-15,9.947598300641403e-14,5.684341886080802e-14,,,,,,False,0,none,False,3.5369300000020303,7.877411600027699,,,,,,,,,,,18619.770326000056
751,751,141,141,1301,1301,,1,1.7043921829440478e-11,1.7043921829440478e-11,0.02881568227748794,1.8754727396716584e-05,3.813069025862045e-05,0,2250,3.0360168472893084e-08,0.0005613908843970367,2250,3.0360168472893084e-08,0.000561560503492861,2250,3.0360168472893084e-08,0.0005613908843970367,True,650,1094,-438.3409096528387,-438.34090965283866,False,True,energy_not_decreased,L-BFGS-B>Newton-CG,True,6.227960561434932e-13,6.880501809503464e-07,1.0009051608056892e-09,5.684341886080802e-14,153043.7998941924,-2.3939183968479938e-15,9.947598300641403e-14,5.684341886080802e-14,,,,,,False,0,none,False,3.8264878999907523,6.915885899972636,,,,,,,,,,,18630.589607400005
752,752,141,141,143,143,,1,-1.6850520978550776e-11,1.6850520978550776e-11,0.2581876706178722,3.2397189123010335e-06,5.137076859205606e-06,0,2250,3.0360168472893084e-08,0.0005550206677408814,2250,3.0360168472893084e-08,0.0005605346326497249,2250,3.0360168472893084e-08,0.0005550206677408814,True,651,1093,-438.3409096528387,-438.34090965283866,False,True,energy_not_decreased,L-BFGS-B>Newton-CG,True,1.027022849543015e-12,1.9574271325992733e-07,1.0052467999060544e-09,1.0231815394945443e-12,239360.43234446459,-2.643718577388654e-15,9.947598300641403e-14,5.684341886080802e-14,,,,,,False,0,none,False,3.4998725000186823,29.593973300012294,,,,,,,,,,,18663.75945110002
753,753,141,141,156,156,,1,1.6999734953060397e-11,1.6999734953060397e-11,0.1757068466698278,3.4854316382669267e-06,5.777109736576075e-06,0,2250,3.0360168472893084e-08,0.0005599354617626223,2250,3.0360168472893084e-08,0.0005598473771227792,2250,3.0360168472893084e-08,0.0005599354617626223,True,652,1092,-438.3409096528387,-438.34090965283866,False,True,energy_not_decreased,L-BFGS-B>Newton-CG,True,9.258187431519148e-10,0.00019125104024586884,1.004840855986779e-09,1.7053025658242404e-13,222486.22265576807,-2.4147350785597155e-15,9.947598300641403e-14,5.684341886080802e-14,,,,,,False,0,none,False,3.484381999995094,1.0100005999556743,,,,,,,,,,,18668.332296900044
754,754,141,141,494,494,,1,-1.723776676954003e-11,1.723776676954003e-11,0.6425888513668498,1.5209263702124976e-06,2.1667620190539138e-06,0,2250,3.0360168472893084e-08,0.0005677757284163518,2250,3.0360168472893084e-08,0.0005597920257473645,2250,3.0360168472893084e-08,0.0005677757284163518,True,653,1091,-438.3409096528387,-438.34090965283866,False,True,energy_not_decreased,L-BFGS-B>Newton-CG,True,6.216767358642802e-13,5.4259452230848065e-08,1.0114574827113873e-09,3.524291969370097e-12,509860.6577612102,-2.2065682614424986e-15,9.947598300641403e-14,5.684341886080802e-14,,,,,,False,0,none,False,3.474516100017354,9.613879600015935,,,,,,,,,,,18681.496933000046
755,755,141,141,1186,1186,,1,-1.7287504761043238e-11,1.7287504761043238e-11,0.7167153310213417,1.5627409244681743e-06,2.1974510920912023e-06,0,2250,3.0360168472893084e-08,0.0005694139930902655,2250,3.0360168472893084e-08,0.0005580606426759616,2250,3.0360168472893084e-08,0.0005694139930902655,True,654,1090,-438.3409096528387,-438.34090965283866,False,True,energy_not_decreased,L-BFGS-B>Newton-CG,True,1.6342446922142626e-12,1.480838639441254e-07,1.011035940369782e-09,1.7621459846850485e-12,496218.21978381707,-2.2273849431542203e-15,9.947598300641403e-14,5.684341886080802e-14,,,,,,False,0,none,False,3.486285599996336,10.129280699999072,,,,,,,,,,,18695.191711600055
756,756,141,141,136,136,,1,1.6914913913979035e-11,1.6914913913979035e-11,0.023367818688828597,1.2793142414496756e-05,2.6627005975699124e-05,0,2250,3.0360168472893084e-08,0.0005571416353990731,2250,3.0360168472893084e-08,0.0005570669293311101,2250,3.0360168472893084e-08,0.0005571416353990731,True,655,1089,-438.3409096528387,-438.34090965283866,False,True,energy_not_decreased,L-BFGS-B>Newton-CG,True,1.933410247508737e-13,1.4553426102281362e-07,1.0013284914726751e-09,5.684341886080802e-14,153043.7998941924,-2.400857290751901e-15,9.947598300641403e-14,5.684341886080802e-14,,,,,,False,0,none,False,3.465463499946054,7.606331199989654,,,,,,,,,,,18706.34152700001
757,757,141,141,489,489,,1,-1.6876944286536855e-11,1.6876944286536855e-11,0.022623344829693453,9.731891283047236e-06,2.032892098258785e-05,0,2250,3.0360168472893084e-08,0.0005558909958488981,2250,3.0360168472893084e-08,0.0005560623116232758,2250,3.0360168472893084e-08,0.0005558909958488981,True,656,1088,-438.3409096528387,-438.34090965283866,False,True,energy_not_decreased,L-BFGS-B>Newton-CG,True,8.389319690440968e-13,4.818737166118307e-07,1.0017409788916126e-09,0.0,153043.7998941924,-2.248201624865942e-15,9.947598300641403e-14,5.684341886080802e-14,,,,,,False,0,none,False,3.469331899948884,13.168558800010942,,,,,,,,,,,18723.05634280003
758,758,141,141,308,308,,1,-1.6784795775492967e-11,1.6784795775492967e-11,0.15168544103591367,1.7541882379807437e-06,2.9568890378837666e-06,0,2250,3.0360168472893084e-08,0.0005528558179932098,2250,3.0360168472893084e-08,0.0005543888077340449,2250,3.0360168472893084e-08,0.0005528558179932098,True,657,1087,-438.3409096528387,-438.34090965283866,False,True,energy_not_decreased,L-BFGS-B>Newton-CG,True,6.220417713455641e-10,6.45505119137224e-05,1.0096365118246775e-09,4.547473508864641e-13,442062.3184747556,-2.2551405187698492e-15,9.947598300641403e-14,5.684341886080802e-14,,,,,,False,0,none,False,3.4709074000129476,1.0101942000328563,,,,,,,,,,,18727.613460300025
759,759,141,141,1756,1756,,1,1.6409984482379514e-11,1.6409984482379514e-11,0.23993665308574907,1.12326858039386e-06,1.796276111527016e-06,0,2250,3.0360168472893084e-08,0.0005405103234862179,2250,3.0360168472893084e-08,0.0005537918664616702,2250,3.0360168472893084e-08,0.0005405103234862179,True,658,1086,-438.3409096528387,-438.34090965283866,False,True,energy_not_decreased,L-BFGS-B>Newton-CG,True,8.887847464406167e-13,6.074809358773265e-08,1.0146306607162417e-09,3.581135388230905e-12,690360.7321153847,-2.192690473634684e-15,9.947598300641403e-14,5.684341886080802e-14,,,,,,False,0,none,False,3.4918395000277087,10.858079099969473,,,,,,,,,,,18742.04111780005
760,760,141,141,79,79,,1,-1.6726175999792758e-11,1.6726175999792758e-11,0.8172113226663799,1.3184724298181512e-06,1.8249731609409038e-06,0,2250,3.0360168472893084e-08,0.0005509250060560973,2250,3.0360168472893084e-08,0.0005518656538872743,2250,3.0360168472893084e-08,0.0005509250060560973,True,659,1085,-438.3409096528387,-438.34090965283866,False,True,energy_not_decreased,L-BFGS-B>Newton-CG,True,9.39218268392836e-13,7.414769519721536e-08,1.0126668572218563e-09,1.7621459846850485e-12,588150.7280587342,-2.040034807748725e-15,9.947598300641403e-14,5.684341886080802e-14,,,,,,False,0,none,False,3.4937188000185415,9.223958300019149,,,,,,,,,,,18754.83754530002
761,761,141,141,1689,1689,,1,-1.6612489162071142e-11,1.6612489162071142e-11,0.15343349607008527,2.148996215082532e-06,3.6176449994832524e-06,0,2250,3.0360168472893084e-08,0.000547180401087152,2250,3.0360168472893084e-08,0.0005506467086772187,2250,3.0360168472893084e-08,0.000547180401087152,True,660,1084,-438.3409096528387,-438.34090965283866,False,True,energy_not_decreased,L-BFGS-B>Newton-CG,True,4.895391056542461e-13,6.348874048148838e-08,1.007710644469266e-09,3.979039320256561e-13,360847.7828301491,-2.6367796834847468e-15,9.947598300641403e-14,5.684341886080802e-14,,,,,,False,0,none,False,3.509343399957288,27.318599799997173,,,,,,,,,,,18785.744016500015
762,762,141,141,1047,1047,,1,1.6918022538447985e-11,1.6918022538447985e-11,0.2604270015454715,1.9304884895006656e-06,3.0580309405624068e-06,0,2250,3.0360168472893084e-08,0.0005572440269411928,2250,3.0360168472893084e-08,0.0005496487500671467,2250,3.0360168472893084e-08,0.0005572440269411928,True,661,1083,-438.3409096528387,-438.34090965283866,False,True,energy_not_decreased,L-BFGS-B>Newton-CG,True,1.3504823227945536e-12,1.5387292142542007e-07,1.0087766080625766e-09,1.7621459846850485e-12,401691.3458642234,-2.157996004115148e-15,9.947598300641403e-14,5.684341886080802e-14,,,,,,False,0,none,False,3.4801237999927253,9.058191200019792,,,,,,,,,,,18798.359842100006
763,763,141,141,1766,1766,,1,1.695710238891479e-11,1.695710238891479e-11,0.26156159810399665,2.072629447913682e-06,3.281540544423318e-06,0,2250,3.0360168472893084e-08,0.0005585312348992678,2250,3.0360168472893084e-08,0.0005489421911274355,2250,3.0360168472893084e-08,0.0005585312348992678,True,662,1082,-438.3409096528387,-438.34090965283866,False,True,projected_residual,L-BFGS-B>Newton-CG>trust-krylov,False,2.9125019049456027e-07,0.035538118459132774,1.0081954307972013e-09,1.7053025658242404e-12,374143.34738102654,-2.4494295480792516e-15,9.947598300641403e-14,5.684341886080802e-14,,,,,,False,0,none,False,3.4918981999508105,12.912725900008809,,,,,,,,,,,18814.841426800005
764,764,141,141,673,673,,1,-1.6633805444143945e-11,1.6633805444143945e-11,0.4955510464758068,2.206773598692316e-06,3.2423813655912046e-06,0,2250,3.0360168472893084e-08,0.0005478825145188292,2250,3.0360168472893084e-08,0.0005485507878503774,2250,3.0360168472893084e-08,0.0005478825145188292,True,663,1081,-438.3409096528387,-438.34090965283866,False,True,energy_not_decreased,L-BFGS-B>Newton-CG,True,9.723661911571951e-13,1.2759682463763952e-07,1.0076206143367486e-09,2.7853275241795927e-12,351400.12549653224,-2.3869795029440866e-15,9.947598300641403e-14,5.684341886080802e-14,,,,,,False,0,none,False,3.4615666000172496,9.78455490001943,,,,,,,,,,,18828.163968800043
765,765,141,141,1464,1464,,1,-1.6761703136580763e-11,1.6761703136580763e-11,0.570651875050719,2.095859464119918e-06,3.028347116204884e-06,0,2250,3.0360168472893084e-08,0.0005520951951088929,2250,3.0360168472893084e-08,0.0005475150275614453,2250,3.0360168472893084e-08,0.0005520951951088929,True,664,1080,-438.3409096528387,-438.34090965283866,False,True,energy_not_decreased,L-BFGS-B>Newton-CG,True,1.097934560934623e-12,1.3756791389380611e-07,1.007981036637527e-09,1.7053025658242404e-12,369996.43000803073,-2.4980018054066022e-15,9.947598300641403e-14,5.684341886080802e-14,,,,,,False,0,none,False,3.4763886999571696,9.636863699997775,,,,,,,,,,,18841.35442410002
766,766,141,141,351,351,,1,-1.6777690348135366e-11,1.6777690348135366e-11,0.14913290704502816,1.8192242867839323e-06,3.0724646460905386e-06,0,2250,3.0360168472893084e-08,0.0005526217801826508,2250,3.0360168472893084e-08,0.000542691763793814,2250,3.0360168472893084e-08,0.0005526217801826508,True,665,1079,-438.3409096528387,-438.34090965283866,False,True,energy_not_decreased,L-BFGS-B>Newton-CG,True,8.440394314875871e-10,9.174854745278207e-05,1.0091994854950917e-09,5.115907697472721e-13,426258.8869093164,-2.2898349882893854e-15,9.947598300641403e-14,5.684341886080802e-14,,,,,,False,0,none,False,3.5193170999991708,13.72617999999784,,,,,,,,,,,18858.67895650002
767,767,141,141,718,718,,1,1.6439960504044393e-11,1.6439960504044393e-11,0.02284593117497369,1.2115330204409665e-05,2.527999639773586e-05,0,2250,3.0360168472893084e-08,0.000541497670499514,2250,3.0360168472893084e-08,0.0005417059880378593,2250,3.0360168472893084e-08,0.000541497670499514,True,666,1078,-438.3409096528387,-438.34090965283866,False,True,energy_not_decreased,L-BFGS-B>Newton-CG,True,1.5357029043879822e-13,1.1261375554080885e-07,1.0013636903387274e-09,5.684341886080802e-14,153043.7998941924,-2.5951463200613034e-15,9.947598300641403e-14,5.684341886080802e-14,,,,,,False,0,none,False,3.492849699978251,6.936274100036826,,,,,,,,,,,18869.186873500003
768,768,141,141,395,395,,1,1.6576962025283137e-11,1.6576962025283137e-11,0.1933491103244156,1.5514001975384748e-06,2.543376271021609e-06,0,2250,3.0360168472893084e-08,0.0005460102120343565,2250,3.0360168472893084e-08,0.0005406891416707604,2250,3.0360168472893084e-08,0.0005460102120343565,True,667,1077,-438.3409096528387,-438.34090965283866,False,True,energy_not_decreased,L-BFGS-B>Newton-CG,True,6.03715318998786e-13,5.6357196989488294e-08,1.0107123020882568e-09,1.0800249583553523e-12,499845.57224712,-2.7547408798511697e-15,9.947598300641403e-14,5.684341886080802e-14,,,,,,False,0,none,False,3.4785840999684297,304.34804339997936,,,,,,,,,,,19177.09125910001
