attempted_iteration,nominal_selected_count,accepted_atom_count,effective_rank,raw_winner_pool_index,nominal_pool_index,accepted_pool_index,candidate_score_rank,signed_score,dual_score_abs,atom_scale,innovation_abs,innovation_rel,rejected_candidate_count,oracle_pool_index,oracle_score,oracle_ratio,raw_oracle_pool_index,raw_oracle_score,raw_oracle_ratio,admissible_oracle_pool_index,admissible_oracle_score,admissible_oracle_ratio,coverage_warning,coverage_warning_streak,remaining_candidate_count,train_energy,validation_energy,accepted,rollback,acceptance_reason,method_chain,optimizer_success,projected_residual_abs,projected_residual_rel,projected_residual_target,energy_decrease,condition_estimate,zero_mean_residual,compatibility_residual,train_validation_gap,train_energy_drop,validation_energy_drop,train_validation_drop_gap,energy_drop_scale,energy_drop_gap_limit,quadrature_warning,quadrature_warning_streak,quadrature_warning_reason,trusted,elapsed_selection_s,elapsed_projection_s,energy_gap_raw,energy_gap_status,l2_abs,l2_rel,natural_abs,natural_rel,w1p_full_abs,w1p_full_rel,quasi_abs,quasi_rel,elapsed_total_s
1,1,1,1,1005,1005,1005,1,3.1116752427873315,3.1116752427873315,0.6365702146386907,1.0000000000000018,1.0,0,2307,3.111675481399989,0.999999923316985,2307,3.111675481399989,0.999999923316988,2307,3.111675481399989,0.999999923316985,False,0,1844,-4.844329479835314,-4.844329479835311,True,False,accepted,L-BFGS-B,True,2.1526455284970325e-08,6.917963349442495e-09,3.1216752427873296e-07,4.844329479835314,1.0,0.3456081123722513,-2.6645352591003757e-14,2.6645352591003757e-15,4.844329479835314,4.844329479835311,2.6645352591003757e-15,4.844329479835314,0.09688658969670627,False,0,none,True,3.908390299999155,0.02762149999034591,19.679129427833594,ok,0.7363482514456856,1.0162571360092632,6.259993316922528,0.895326304950738,,,,,9.583109500003047
2,2,2,2,1704,1704,1704,1,3.1710514279264013,3.1710514279264013,0.7296922824194397,0.9997429134205935,0.9997429134205964,0,953,3.171051078547339,1.0000001101776834,953,3.171051078547339,1.000000110177673,953,3.171051078547339,1.0000001101776834,False,0,1843,-9.860442335728614,-9.860442335728628,True,False,accepted,L-BFGS-B,True,9.720199406183043e-08,3.0645042175228804e-08,3.1818668718426944e-07,5.0161128558933,1.0002571526899138,0.7295627050398333,-2.6645352591003757e-14,-1.4210854715202004e-14,5.0161128558933,5.016112855893317,-1.687538997430238e-14,5.016112855893317,0.10032225721786633,False,0,none,True,3.8505821999860927,0.021577199979219586,14.663016571940275,ok,0.7826471507915944,1.080155687757403,5.39506235669334,0.7716208309263356,,,,,13.467334599990863
3,3,3,3,911,911,911,1,-0.5681601316825831,0.5681601316825831,0.00010732498886248345,0.958725044723196,0.9587250447231958,0,526,0.5681993542656968,0.9999309703842159,526,0.5681993542656968,0.9999309703842153,526,0.5681993542656968,0.9999309703842159,False,0,1842,-10.033664545796984,-10.033664545796993,True,False,accepted,L-BFGS-B,True,2.2938376307728343e-10,3.870668481179362e-10,6.026205362010027e-08,0.17322221006837069,1.04305192140748,0.7461811395198591,-2.6645352591003757e-14,-8.881784197001252e-15,0.17322221006837069,0.17322221006836536,5.329070518200751e-15,0.17322221006837069,0.0034644443013674138,False,0,none,True,3.8849234000081196,0.02309510001214221,14.48979436187191,ok,0.7955229253066307,1.097925944842772,5.35927905061011,0.7665029763868086,,,,,17.392041899991455
4,4,4,4,1624,1624,1624,1,-0.5373881163933634,0.5373881163933634,8.837746427769566e-05,0.9639320208691715,0.9639320208691718,0,653,0.5374389474169058,0.9999054199108816,653,0.5374389474169058,0.9999054199108811,653,0.5374389474169058,0.9999054199108816,False,0,1841,-10.18699887267552,-10.186998872675497,True,False,accepted,L-BFGS-B,True,1.1370511672034322e-08,2.0395687881512322e-08,5.674958656991964e-08,0.15333432687853588,1.04305192140748,0.7615510881976129,-2.6645352591003757e-14,2.3092638912203256e-14,0.15333432687853588,0.1533343268785039,3.197442310920451e-14,0.15333432687853588,0.0030666866375707175,False,0,none,True,3.8836306000011973,0.02675349998753518,14.336460034993406,ok,0.8082007177040079,1.1154229606466168,5.327030452423596,0.7618906682272903,,,,,21.316026999993483
5,5,5,5,1453,1453,1453,1,-0.29991821243509564,0.29991821243509564,0.09969596951106277,0.406558249726547,0.40655824972654686,0,2518,0.2999180839754857,1.000000428315653,2518,0.2999180839754857,1.0000004283156683,2518,0.2999180839754857,1.000000428315653,False,0,1840,-10.428065805614636,-10.428065805614626,True,False,accepted,L-BFGS-B,True,5.19529817732156e-09,7.042557732596256e-09,7.477004739734382e-08,0.24106693293911619,2.4596721396567562,0.8469376933080641,-2.6645352591003757e-14,1.0658141036401503e-14,0.24106693293911619,0.24106693293912862,-1.2434497875801753e-14,0.24106693293912862,0.004821338758782572,False,0,none,True,3.954628600011347,0.03691530000651255,14.095393102054278,ok,0.8827814472930471,1.2183541464066592,5.267898111807836,0.7534333524848792,,,,,25.323875200003386
6,6,6,6,1229,1229,1229,1,0.4358709246683301,0.4358709246683301,0.004488659202453172,0.4263131188400759,0.4263131188400755,0,3519,0.4358678265973809,1.000007107822051,3519,0.4358678265973809,1.0000071078220454,3519,0.4358678265973809,1.000007107822051,False,0,1839,-10.944980670411402,-10.94498067041139,True,False,accepted,L-BFGS-B,True,4.7343937191900714e-08,4.630577661699811e-08,1.0324196774300835e-07,0.5169148647967692,2.4596721396567562,0.8904575483934885,-2.6645352591003757e-14,1.2434497875801753e-14,0.5169148647967656,0.5169148647967639,1.7763568394002505e-15,0.5169148647967656,0.010338297395935312,False,0,none,True,4.070965299993986,0.037130000011529773,13.578478237257514,ok,0.9256813642510574,1.277561656789399,5.167167147936082,0.7390264550472059,,,,,29.449228999990737
7,7,7,7,1708,1708,1708,1,-0.28566596726189974,0.28566596726189974,0.10247125336010462,0.4266425392978409,0.42664253929784257,0,318,0.28566671406734795,0.9999973857456559,318,0.28566671406734795,0.9999973857456149,318,0.28566671406734795,0.9999973857456559,False,0,1838,-11.140427868084284,-11.14042786808429,True,False,accepted,L-BFGS-B,True,4.575690290082723e-09,6.833800698491068e-09,6.795674181854694e-08,0.195447197672884,2.4596721396567562,0.9747020971050189,-2.6645352591003757e-14,-5.329070518200751e-15,0.1954471976728822,0.19544719767289997,-1.7763568394002505e-14,0.19544719767289997,0.0039089440534579994,False,0,none,True,4.12646900000982,0.044126100023277104,13.383031039584614,ok,0.9968763477521413,1.3758200690134894,5.1138418142101125,0.7313996778945733,,,,,33.636768099997425
8,8,8,8,139,139,139,1,0.4316205126802759,0.4316205126802759,0.004452614823434178,0.4415487080441116,0.4415487080441112,0,2359,0.43162188690910114,0.9999968161280349,2359,0.43162188690910114,0.9999968161280286,2359,0.43162188690910114,0.9999968161280349,False,0,1837,-11.61193110891288,-11.611931108912895,True,False,accepted,L-BFGS-B,True,6.608290713140633e-09,6.76029556906632e-09,9.875150576816153e-08,0.4715032408285964,2.4596721396567562,1.0225930752229373,-2.6645352591003757e-14,-1.4210854715202004e-14,0.4715032408285964,0.4715032408286053,-8.881784197001252e-15,0.4715032408286053,0.009430064916572105,False,0,none,True,3.9901532000221778,0.041727199975866824,12.911527798756008,ok,1.0418703722345275,1.437917722356492,5.017758207783124,0.7176574618963447,,,,,37.6847024000017
9,9,9,9,7,7,7,1,-0.18638644932284043,0.18638644932284043,1.5806076666845987,0.11331817954779945,0.1133181795477992,0,3,0.1863864493228276,1.0000000000000688,3,0.1863864493228276,1.0,3,0.1863864493228276,1.0000000000000688,False,0,1836,-12.44822889451292,-12.44822889451292,True,False,accepted,L-BFGS-B,True,1.4459271905749735e-08,8.79086624530095e-09,1.6548062684924552e-07,0.8362977856000384,8.82470936252718,0.38828584884918244,-2.6645352591003757e-14,0.0,0.8362977856000384,0.8362977856000242,1.4210854715202004e-14,0.8362977856000384,0.01672595581200077,False,0,none,True,3.9456168999895453,0.052391700010048226,12.075230013155984,ok,0.42460038475446055,0.5860042040051313,4.903470122807323,0.7013115772218889,,,,,41.69961730000796
10,10,10,10,1803,1803,1803,1,0.1887054336420968,0.1887054336420968,0.027352236351914458,0.11623262889981904,0.11623262889981889,0,770,0.18870580796873437,0.9999980163480838,770,0.18870580796873437,0.9999980163480966,770,0.18870580796873437,0.9999980163480838,False,0,1835,-13.742293954060159,-13.74229395406015,True,False,accepted,L-BFGS-B,True,6.113953892550512e-08,3.7658741991599257e-08,1.6335151705052667e-07,1.294065059547238,8.82470936252718,0.18753660363265806,-2.6645352591003757e-14,8.881784197001252e-15,1.2940650595472398,1.294065059547231,8.881784197001252e-15,1.2940650595472398,0.0258813012909448,False,0,none,True,3.9199782000214327,0.04845169998588972,10.781164953608753,ok,0.23200858456053572,0.320202267353988,4.640192202122502,0.6636566411911047,,,,,45.68585909999092
11,11,11,11,277,277,277,1,0.12054338281582694,0.12054338281582694,2.8788234213976142e-06,0.6453331027614557,0.6453331027614563,0,3605,0.12058918948396423,0.9996201428309345,3605,0.12058918948396423,0.9996201428309351,3605,0.12058918948396423,0.9996201428309345,False,0,1834,-13.75973609526432,-13.759736095264321,True,False,accepted,L-BFGS-B,True,4.440995616121042e-09,2.3775020959425004e-08,1.9679250057024753e-08,0.017442141204160322,8.82470936252718,0.19054658268559035,-2.6645352591003757e-14,-1.7763568394002505e-15,0.017442141204160322,0.01744214120417098,-1.0658141036401503e-14,0.01744214120417098,0.00034884292408341957,False,0,none,True,4.1129344000073615,0.05060980000416748,10.763722812404582,ok,0.2344710589915375,0.32360080494517895,4.6363817942912275,0.663111663234865,,,,,49.867641599994386
12,12,12,12,1563,1563,1563,1,-0.09188820713947454,0.09188820713947454,0.0005784846585792568,0.19882343025880062,0.19882343025880067,0,1619,0.09188889885373937,0.999992472276048,1619,0.09188889885373937,0.9999924722760343,1619,0.09188889885373937,0.999992472276048,False,0,1833,-13.866260949768868,-13.866260949768872,True,False,accepted,L-BFGS-B,True,1.986733820888357e-08,4.298802257896154e-08,4.7215985330310824e-08,0.10652485450455096,8.82470936252718,0.22071937205608214,-2.6645352591003757e-14,-3.552713678800501e-15,0.10652485450454918,0.10652485450455096,-1.7763568394002505e-15,0.10652485450455096,0.002130497190091019,False,0,none,True,4.0219795999873895,0.057393499999307096,10.657197957900031,ok,0.26002851911524777,0.358873450976455,4.612807386406616,0.6597399683409307,,,,,53.96559740000521
13,13,13,13,68,68,68,1,-0.06793205652680046,0.06793205652680046,0.0114742614269842,0.04655992449432768,0.04655992449432768,0,1789,0.06793348350022697,0.999978994549477,1789,0.06793348350022697,0.9999789945494554,1789,0.06793348350022697,0.999978994549477,False,0,1832,-14.927528495442843,-14.92752849544285,True,False,accepted,L-BFGS-B,True,1.6715047573260146e-08,1.1456319138520163e-08,1.4690242617332728e-07,1.0612675456739762,21.477698060310004,0.14584026379238094,-2.6645352591003757e-14,-7.105427357601002e-15,1.0612675456739744,1.061267545673978,-3.552713678800501e-15,1.061267545673978,0.02122535101347956,False,0,none,True,4.073412900004769,0.0600863000145182,9.595930412226053,ok,0.19760374001094433,0.2727190707575869,4.378308676887393,0.62620113651151,,,,,58.118410099996254
14,14,14,14,1639,1639,1639,1,0.15676382832030047,0.15676382832030047,4.620956343626466e-06,0.5987319356000336,0.5987319356000336,0,863,0.15699104965109842,0.9985526478655762,863,0.15699104965109842,0.9985526478655762,863,0.15699104965109842,0.9985526478655762,False,0,1831,-14.961802393015255,-14.961802393015251,True,False,accepted,L-BFGS-B,True,6.892304836833358e-09,2.632394898975248e-08,2.7182640148392735e-08,0.034273897572408174,21.477698060310004,0.14535808037705228,-2.6645352591003757e-14,3.552713678800501e-15,0.03427389757241173,0.03427389757240107,1.0658141036401503e-14,0.03427389757241173,0.0006854780514482346,False,0,none,True,3.983249799988698,0.0537999999942258,9.561656514653652,ok,0.19722046800104936,0.27219010512981,4.370482498699531,0.625081808926945,,,,,62.17588639998576
15,15,15,15,852,852,852,1,-0.11866209329354271,0.11866209329354271,0.000686249670458673,0.15062327860173608,0.15062327860173608,0,36,0.1186577674820237,1.0000364562018216,36,0.1186577674820237,1.0000364562018407,36,0.1186577674820237,1.0000364562018216,False,0,1830,-15.27201387768606,-15.272013877686067,True,False,accepted,L-BFGS-B,True,1.3707560493636274e-08,1.7399639824632725e-08,7.97807140365655e-08,0.3102114846708073,21.477698060310004,0.13943522811146497,-2.6645352591003757e-14,-7.105427357601002e-15,0.3102114846708055,0.31021148467081616,-1.0658141036401503e-14,0.31021148467081616,0.006204229793416323,False,0,none,True,3.967516100005014,0.061441500001819804,9.251445029982836,ok,0.19281366878073505,0.26610814439205877,4.299013531155307,0.6148600653258716,,,,,66.22583049998502
16,16,16,16,1162,1162,1162,1,0.05938106922824948,0.05938106922824948,0.02909270542117476,0.11182612476397452,0.1118261247639747,0,1765,0.05938166859238504,0.9999899065797616,1765,0.05938166859238504,0.9999899065796822,1765,0.05938166859238504,0.9999899065797616,False,0,1829,-15.409298961487272,-15.409298961487277,True,False,accepted,L-BFGS-B,True,1.2213408014878052e-08,2.3000228034011358e-08,5.4101247504231684e-08,0.13728508380121163,21.477698060310004,0.2608552401117183,-2.6645352591003757e-14,-5.329070518200751e-15,0.13728508380121163,0.13728508380120985,1.7763568394002505e-15,0.13728508380121163,0.0027457017760242324,False,0,none,True,3.9324104000115767,0.07549840002320707,9.114159946181626,ok,0.2958393748409274,0.408297127350194,4.26507213715629,0.6100056475436884,,,,,70.2582429999893
17,17,17,17,179,179,179,1,0.07149161315086072,0.07149161315086072,0.23196964968360026,0.04811630255042902,0.048116302550428904,0,3131,0.07149160429862518,1.0000001238220295,3131,0.07149160429862518,1.0000001238221405,3131,0.07149160429862518,1.0000001238220295,False,0,1828,-16.42821997070347,-16.428219970703466,True,False,accepted,L-BFGS-B,True,1.2210271418455169e-08,8.217930948141459e-09,1.4958084711963424e-07,1.0189210092161964,21.477698060310004,-0.18240960941104373,-2.6645352591003757e-14,3.552713678800501e-15,1.0189210092161982,1.0189210092161893,8.881784197001252e-15,1.0189210092161982,0.020378420284323965,False,0,none,True,3.9676533000019845,0.07538719999138266,8.095238936965437,ok,0.21808893073811875,0.30099131995235173,4.018214227540254,0.5746991593615183,,,,,74.32410229998641
18,18,18,18,206,206,206,1,-0.07254112815026459,0.07254112815026459,0.011437994080299703,0.04379116044748133,0.04379116044748133,0,2677,0.0725405376137499,1.0000081407794057,2677,0.0725405376137499,1.000008140779374,2677,0.0725405376137499,1.0000081407794057,False,0,1827,-17.800343344572482,-17.80034334457247,True,False,accepted,L-BFGS-B,True,3.2508813819665346e-08,1.962471011103063e-08,1.6665245364512587e-07,1.3721233738690088,22.835658835743807,-0.1863631313009945,-2.6645352591003757e-14,1.0658141036401503e-14,1.3721233738690124,1.3721233738690053,7.105427357601002e-15,1.3721233738690124,0.02744246757738025,False,0,none,True,3.9158144000102766,0.0995736000186298,6.723115563096432,ok,0.2218075971687798,0.30612356721331524,3.6598046634445107,0.5234381604378644,,,,,78.36239130000467
19,19,19,19,971,971,971,1,0.05410898055504232,0.05410898055504232,0.21747318028578996,0.02896767396839328,0.028967673968393268,0,1490,0.05410892256535065,1.0000010717214263,1490,0.05410892256535065,1.0000010717213645,1490,0.05410892256535065,1.0000010717214263,False,0,1826,-19.496687100232734,-19.496687100232755,True,False,accepted,L-BFGS-B,True,8.549926196045271e-09,4.577269948871343e-09,1.8779095381196603e-07,1.6963437556602585,34.52123912645195,-0.002267553695634708,-2.6645352591003757e-14,-2.1316282072803006e-14,1.6963437556602514,1.6963437556602834,-3.197442310920451e-14,1.6963437556602834,0.03392687521320567,False,0,none,True,3.9147496999939904,0.11535859998548403,5.026771807436148,ok,0.05759231235544436,0.07948494247875859,3.170384594371196,0.4534395773998294,,,,,82.41565939999418
20,20,20,20,324,324,324,1,-0.0190135868107304,0.0190135868107304,0.0016375073595045605,0.04796887365203502,0.04796887365203504,0,423,0.01901621277926633,0.9998619089633455,423,0.01901621277926633,0.9998619089634411,423,0.01901621277926633,0.9998619089633455,False,0,1825,-19.57523437498745,-19.575234374987453,True,False,accepted,L-BFGS-B,True,1.2906263493541235e-09,3.2560870497942227e-09,4.063734168088928e-08,0.07854727475470824,34.52123912645195,-0.0017623103731793238,-2.6645352591003757e-14,-3.552713678800501e-15,0.07854727475471535,0.07854727475469758,1.7763568394002505e-14,0.07854727475471535,0.001570945595094307,False,0,none,True,4.10219929998857,0.09343660000013188,4.948224532681451,ok,0.05735546767307887,0.07915806576233098,3.145517405377699,0.4498829843958284,,,,,86.63618199998746
21,21,21,21,185,185,185,1,-0.015214464156089402,0.015214464156089402,0.001791706403421842,0.0409293983412092,0.04092939834120918,0,2304,0.01521447128628137,0.9999995313546008,2304,0.01521447128628137,0.9999995313549067,2304,0.01521447128628137,0.9999995313546008,False,0,1824,-19.644316988442363,-19.644316988442363,True,False,accepted,L-BFGS-B,True,2.1054502849701135e-09,5.664005797890471e-09,3.8172459917930826e-08,0.06908261345492406,34.52123912645195,-0.0016277513142136449,-2.6645352591003757e-14,0.0,0.0690826134549134,0.06908261345490985,3.552713678800501e-15,0.0690826134549134,0.0013816523690982681,False,0,none,True,4.113918700022623,0.09520319997682236,4.879141919226541,ok,0.05700734558887109,0.07867761164081445,3.1234844346263166,0.4467317512728479,,,,,90.86992309999187
22,22,22,22,580,580,580,1,-0.006304208008726331,0.006304208008726331,0.04852132798176061,0.015046780429336996,0.015046780429337006,0,2347,0.0063047018657953645,0.9999216684500638,2347,0.0063047018657953645,0.9999216684485159,2347,0.0063047018657953645,0.9999216684500638,False,0,1823,-19.73210267133846,-19.732102671338453,True,False,accepted,L-BFGS-B,True,6.218885723593311e-09,1.484313321246075e-08,4.289739211107115e-08,0.08778568289609368,66.45940004881594,-0.006752276190719844,-2.6645352591003757e-14,7.105427357601002e-15,0.08778568289609723,0.08778568289609012,7.105427357601002e-15,0.08778568289609723,0.0017557137579219447,False,0,none,True,3.9213189000147395,0.10773930000141263,4.791356236330451,ok,0.057603983934938166,0.07950105078882219,3.095201805286661,0.44268666995422856,,,,,94.92564269999275
23,23,23,23,908,908,908,1,0.005168678798074922,0.005168678798074922,0.07646578580953482,0.004952041239097927,0.004952041239097923,0,157,0.0051685065638957806,1.0000333237806727,157,0.0051685065638957806,1.0000333237879617,157,0.0051685065638957806,1.0000333237806727,False,0,1822,-20.276669879772612,-20.276669879772623,True,False,accepted,L-BFGS-B,True,4.7369744703410584e-09,4.538431658686924e-09,1.0537470092282003e-07,0.5445672084341489,201.93692897883935,-0.008871615740702284,-2.6645352591003757e-14,-1.0658141036401503e-14,0.5445672084341524,0.5445672084341702,-1.7763568394002505e-14,0.5445672084341702,0.010891344268683403,False,0,none,True,4.075543099985225,0.10516920001828112,4.2467890278962805,ok,0.05433106989541856,0.07498400027410111,2.9139835849496305,0.41676820145275334,,,,,99.13145349998376
24,24,24,24,636,636,636,1,-0.006567229344936809,0.006567229344936809,0.017670155124078626,0.007947521448898189,0.007947521448898185,0,1720,0.0065675121726427805,0.9999569353358568,1720,0.0065675121726427805,0.9999569353399301,1720,0.0065675121726427805,0.9999569353358568,False,0,1821,-20.61811497638555,-20.61811497638557,True,False,accepted,L-BFGS-B,True,2.8968457804981863e-09,3.50570209580338e-09,8.363240005378535e-08,0.34144509661293654,201.93692897883935,-0.009070210777787219,-2.6645352591003757e-14,-2.1316282072803006e-14,0.34144509661293654,0.3414450966129472,-1.0658141036401503e-14,0.3414450966129472,0.006828902032258943,False,0,none,True,3.8371034000010695,0.12799989999621175,3.9053439312833333,ok,0.05280117571977252,0.07287254571399751,2.7943320620601306,0.3996552189866555,,,,,103.12553950000438
25,25,25,25,1688,1688,1688,1,-0.005008045409819584,0.005008045409819584,0.12973126765419724,0.005934779454511875,0.00593477945451188,0,3133,0.005009287222740948,0.9997520978801681,3133,0.005009287222740948,0.9997520978793027,3133,0.005009287222740948,0.9997520978801681,False,0,1820,-20.97381372316431,-20.97381372316434,True,False,accepted,L-BFGS-B,True,1.2296186641404563e-08,1.4571583262724321e-08,8.538469876406314e-08,0.35569874677875646,201.93692897883935,0.001164162675652558,-2.6645352591003757e-14,-3.197442310920451e-14,0.35569874677876,0.35569874677877067,-1.0658141036401503e-14,0.35569874677877067,0.007113975035575413,False,0,none,True,3.8219419000088237,0.1118813999928534,3.5496451845045627,ok,0.04698783219298074,0.06484936940906788,2.664170720233472,0.38103908517864327,,,,,107.08640519998153
26,26,26,26,33,33,33,1,-0.01026443372958541,0.01026443372958541,0.05057877855937368,0.012970069824308995,0.012970069824309004,0,3507,0.010264239032680422,1.0000189684694956,3507,0.010264239032680422,1.0000189684690508,3507,0.010264239032680422,1.0000189684694956,False,0,1819,-21.287039290363133,-21.28703929036316,True,False,accepted,L-BFGS-B,True,6.667666311179801e-09,8.425215375850876e-09,8.013941678323472e-08,0.31322556719882755,201.93692897883935,0.0009112113306750866,-2.6645352591003757e-14,-2.842170943040401e-14,0.313225567198824,0.31322556719882044,3.552713678800501e-15,0.313225567198824,0.006264511443976479,False,0,none,True,3.889581499999622,0.10836470001959242,3.2364196173057422,ok,0.044623435855420335,0.0615861924466966,2.543766266719419,0.3638184159212285,,,,,111.11479009999312
27,27,27,27,1720,1720,1720,1,-0.005393259171455833,0.005393259171455833,0.01747269767145733,0.0073291317293113,0.007329131729311298,0,1622,0.005394583746833061,0.9997544619864311,1622,0.005394583746833061,0.9997544619865241,1622,0.005394583746833061,0.9997544619864311,False,0,1818,-21.55782090560892,-21.55782090560896,True,False,accepted,L-BFGS-B,True,3.7147129179765207e-09,5.048082978015374e-09,7.458660573041807e-08,0.27078161524579514,201.93692897883935,0.0006976217854537045,-2.6645352591003757e-14,-3.907985046680551e-14,0.27078161524578803,0.2707816152457987,-1.0658141036401503e-14,0.2707816152457987,0.005415632404915973,False,0,none,True,3.8765412000066135,0.145013100001961,2.9656380020599435,ok,0.043652550554984924,0.06024624343089214,2.43496486466303,0.34825725597345786,,,,,115.16538859999855
28,28,28,28,1285,1285,1285,1,0.002868206684675023,0.002868206684675023,0.16910907316207602,0.0020108358381963664,0.0020108358381963638,0,1629,0.002868214876242537,0.9999971440188873,1629,0.002868214876242537,0.9999971440202354,1629,0.002868214876242537,0.9999971440188873,False,0,1817,-22.574299535061993,-22.574299535062146,True,False,accepted,L-BFGS-B,True,1.0114904303637385e-08,7.091327407913853e-09,1.4363767164874164e-07,1.016478629453072,497.305638284704,-0.006062682965996338,-2.6645352591003757e-14,-1.5276668818842154e-13,1.016478629453072,1.0164786294531858,-1.1368683772161603e-13,1.0164786294531858,0.020329572689063716,False,0,none,True,3.8740912999783177,0.16169550002086908,1.9491593726067578,ok,0.03854210756582964,0.05319316203129483,1.973966583409935,0.28232365719033914,,,,,119.23234419999062
29,29,29,29,1455,1455,1455,1,0.004366409514432679,0.004366409514432679,0.17278130493108082,0.003981649552209798,0.003981649552209805,0,1300,0.0043667488182967725,0.9999222982868462,1300,0.0043667488182967725,0.9999222982868572,1300,0.0043667488182967725,0.9999222982868462,False,0,1816,-23.175080663740854,-23.17508066374097,True,False,accepted,L-BFGS-B,True,3.0970363882300615e-09,2.824130044310979e-09,1.1066337738125175e-07,0.6007811286788609,497.305638284704,-0.003047521346684186,-2.6645352591003757e-14,-1.1723955140041653e-13,0.6007811286788609,0.6007811286788254,3.552713678800501e-14,0.6007811286788609,0.012015622673577218,False,0,none,True,3.8762826999882236,0.1278980000060983,1.3483782439279324,ok,0.026821279146609485,0.037016881993164996,1.6419859035012976,0.23484261042082666,,,,,123.27925679998589
30,30,30,30,1322,1322,1322,1,-0.002334271333600313,0.002334271333600313,0.13117282942749708,0.0016800945444137455,0.001680094544413749,0,77,0.002334684040187748,0.999823228076977,77,0.002334684040187748,0.9998232280775093,77,0.002334684040187748,0.999823228076977,False,0,1815,-24.13987610675815,-24.139876106758283,True,False,accepted,L-BFGS-B,True,2.5409101848101075e-10,1.8288229470661582e-10,1.3993691507350653e-07,0.9647954430173016,595.2045992441117,0.0008404141353302447,-2.6645352591003757e-14,-1.3145040611561853e-13,0.964795443017298,0.9647954430173122,-1.4210854715202004e-14,0.9647954430173122,0.019295908960346247,False,0,none,True,3.8718869999866,0.14660150001873262,0.38358280091062014,ok,0.011084866942450016,0.015298569813754687,0.8758752377320151,0.1252707631614488,,,,,127.33002880000276
31,31,30,30,435,435,,1,-0.0013672078642605005,0.0013672078642605005,3.5994266700935513e-07,0.5014682806848431,0.5014682806848432,0,2511,0.0014023515446389453,0.9749394647064099,2511,0.0014023515446389453,0.9749394647064119,2511,0.0014023515446389453,0.9749394647064099,False,0,1814,-24.13987610675815,-24.139876106758283,False,True,projected_residual,L-BFGS-B>Newton-CG>trust-krylov,False,2.936922880696585e-09,1.077212694643689e-06,1.2726409459617476e-09,3.7166246009689985e-06,595.2045992441117,0.0008404063870307912,-2.6645352591003757e-14,-1.3145040611561853e-13,,,,,,False,0,none,False,3.8543965999851935,3.4162077000073623,,,,,,,,,,,134.62205119998544
32,32,31,31,30,30,30,1,-0.0013322036894734455,0.0013322036894734455,5.657706266315823e-08,0.7407859706323355,0.7407859706323355,0,2511,0.0014023515446389453,0.9499784091701768,2511,0.0014023515446389453,0.9499784091701768,2511,0.0014023515446389453,0.9499784091701768,False,0,1813,-24.139877723810432,-24.139877723810564,True,False,accepted,L-BFGS-B>Newton-CG,True,9.561222459846434e-14,5.31661900987449e-11,1.1798365171942639e-09,1.617052294733412e-06,595.2045992441117,0.0008404109129619974,-2.6645352591003757e-14,-1.3145040611561853e-13,1.6170522805225573e-06,1.6170522805225573e-06,0.0,1.6170522805225573e-06,3.244104561045115e-08,False,0,none,True,3.9185924000048544,0.7456199000007473,0.3835811838583396,ok,0.011084855616805955,0.015298554182880878,0.8758733917425806,0.12527049914153446,,,,,139.31804260000354
33,33,32,32,760,760,760,1,0.0010431856383659177,0.0010431856383659177,0.006837459330253411,0.008038703092630575,0.008038703092630581,0,1401,0.0010429962051932335,1.0001816240286792,1401,0.0010429962051932335,1.0001816240316936,1401,0.0010429962051932335,1.0001816240286792,False,0,1812,-24.148297852424328,-24.148297852424406,True,False,accepted,L-BFGS-B,True,3.0881186263987615e-10,2.3796789220357684e-09,1.3977039035824786e-08,0.008420128613895628,595.2045992441117,0.0008401155974057106,-2.6645352591003757e-14,-7.815970093361102e-14,0.008420128613895628,0.008420128613842337,5.3290705182007514e-14,0.008420128613895628,0.00016840267227791257,False,0,none,True,3.8635960999818053,0.16284500001347624,0.3751610552444973,ok,0.011068493797126438,0.01527597272638287,0.8662071110442143,0.12388799361123469,,,,,143.37961760000326
34,34,32,32,829,829,,1,0.0010314445178339349,0.0010314445178339349,2.7507540512266123e-05,0.12458866857562818,0.12458866857562818,0,2066,0.0010389069628404723,0.9928170228197004,2066,0.0010389069628404723,0.9928170228197858,2066,0.0010389069628404723,0.9928170228197004,False,0,1811,-24.148297852424328,-24.148297852424406,False,True,projected_residual,L-BFGS-B>Newton-CG>trust-krylov,False,1.1137997503121238e-08,1.345363959275808e-06,1.8278798778820177e-09,3.426781269055823e-05,595.2045992441117,0.0008400589213667237,-2.6645352591003757e-14,-7.815970093361102e-14,,,,,,False,0,none,False,3.845514300017385,5.288968200009549,,,,,,,,,,,152.53675410000142
35,35,33,33,1263,1263,1263,1,0.0010279094585477072,0.0010279094585477072,2.1176962430981524e-05,0.13111189407745058,0.1311118940774506,0,2066,0.0010389069628404723,0.9894143511535461,2066,0.0010389069628404723,0.9894143511536225,2066,0.0010389069628404723,0.9894143511535461,False,0,1810,-24.148328583582426,-24.14832858358256,True,False,accepted,L-BFGS-B,True,2.854890986252429e-10,3.641470186502414e-08,1.783994057354762e-09,3.0731158094710054e-05,595.2045992441117,0.0008400610974047956,-2.6645352591003757e-14,-1.3500311979441904e-13,3.073115809826277e-05,3.0731158155106186e-05,-5.684341886080802e-14,3.0731158155106186e-05,6.147231631021238e-07,False,0,none,True,3.910793300019577,0.21203250001417473,0.37513032408634217,ok,0.01106827789687565,0.015275674755728224,0.8661716362240705,0.12388291987744134,,,,,156.69142920000013
36,36,34,34,978,978,978,1,0.0008494357473196601,0.0008494357473196601,0.006809423812262628,0.007703004642301785,0.007703004642301783,0,2890,0.0008494889483609678,0.9999373728858859,2890,0.0008494889483609678,0.9999373728855572,2890,0.0008494889483609678,0.9999373728858859,False,0,1809,-24.154408653402637,-24.154408653402662,True,False,accepted,L-BFGS-B,True,1.9758541644738268e-10,1.7917794181223363e-09,1.2027329282219284e-08,0.0060800698202108094,595.2045992441117,0.0008489646869848794,-2.6645352591003757e-14,-2.4868995751603507e-14,0.0060800698202108094,0.006080069820100675,1.1013412404281553e-13,0.0060800698202108094,0.00012160149640421618,False,0,none,True,3.9072636000055354,0.18079809998744167,0.3690502542662415,ok,0.01106164582918523,0.015266521632727452,0.8591240505587168,0.12287494933927359,,,,,160.81308089999948
37,37,35,35,958,958,958,1,0.0008253873857317906,0.0008253873857317906,0.036631547381048075,0.003022745802091567,0.0030227458020915692,0,2608,0.0008253170449183725,1.0000852288388458,2608,0.0008253170449183725,1.0000852288479853,2608,0.0008253170449183725,1.0000852288388458,False,0,1808,-24.191693923293542,-24.19169392329367,True,False,accepted,L-BFGS-B,True,6.303463829920665e-10,2.308463696040142e-09,2.830588243918848e-08,0.03728526989091563,595.2045992441117,0.0006820198896703572,-2.6645352591003757e-14,-1.2789769243681803e-13,0.03728526989090497,0.037285269891008,-1.0302869668521453e-13,0.037285269891008,0.00074570549782016,False,0,none,True,3.8757646000012755,0.2187260999926366,0.3317649843752335,ok,0.01072383112926253,0.014800293053014996,0.8145611164432365,0.11650140145839653,,,,,164.94431399999303
38,38,36,36,1002,1002,1002,1,0.0009680172337791504,0.0009680172337791504,0.07495141908555703,0.002563013401292724,0.002563013401292724,0,2271,0.0009680766572420388,0.99993861698612,2271,0.0009680766572420388,0.9999386169809082,2271,0.0009680766572420388,0.99993861698612,False,0,1807,-24.263020779540227,-24.263020779540337,True,False,accepted,L-BFGS-B,True,2.1144251143024017e-09,5.598352399732562e-09,3.87687034207316e-08,0.07132685624668866,595.2045992441117,0.0009320663612482349,-2.6645352591003757e-14,-1.1013412404281553e-13,0.07132685624668511,0.07132685624666735,1.7763568394002505e-14,0.07132685624668511,0.0014265372249337024,False,0,none,True,3.8827081999916118,0.19833340001059696,0.26043812812856615,ok,0.00938171574971528,0.012947997852836499,0.7217048476192116,0.10322077065756409,,,,,169.0625907999929
39,39,37,37,209,209,209,1,0.0007522137132447426,0.0007522137132447426,0.03825858135303435,0.001988685839633143,0.0019886858396331395,0,382,0.0007522277422765579,0.9999813500207094,382,0.0007522277422765579,0.9999813500156737,382,0.0007522277422765579,0.9999813500207094,False,0,1806,-24.334563512718283,-24.33456351271839,True,False,accepted,L-BFGS-B,True,5.670592825179758e-10,1.4991773594059795e-09,3.8824696254928926e-08,0.07154273317805249,595.2045992441117,0.0009446053173865487,-2.6645352591003757e-14,-1.0658141036401503e-13,0.07154273317805604,0.07154273317805249,3.552713678800501e-15,0.07154273317805604,0.0014308547635611209,False,0,none,True,3.862805600016145,0.23527810000814497,0.18889539495051366,ok,0.00762321538764449,0.010521036780924274,0.6146189741707666,0.08790497165697465,,,,,173.19860050000716
40,40,38,38,1338,1338,1338,1,-0.00037381482603970895,0.00037381482603970895,0.06197801338591484,0.0011716816480263296,0.0011716816480263307,0,3452,0.0003740627237647242,0.9993372830029138,3452,0.0003740627237647242,0.9993372829490323,3452,0.0003740627237647242,0.9993372830029138,False,0,1805,-24.3854609228533,-24.385460922853436,True,False,accepted,L-BFGS-B,True,1.7169493472078244e-08,5.38158805868183e-08,3.2904139233361815e-08,0.050897410135021914,853.4741511779062,0.0009354333283517202,-2.6645352591003757e-14,-1.3500311979441904e-13,0.05089741013501836,0.05089741013504678,-2.842170943040401e-14,0.05089741013504678,0.0010179483027009358,False,0,none,True,3.8494948000006843,0.24207619999651797,0.13799798481546688,ok,0.006502720986479908,0.008974607589565047,0.5253179874892515,0.07513282983728947,,,,,177.330372299999
41,41,38,38,1529,1529,,1,0.000347102914543318,0.000347102914543318,0.0002781855254833196,0.04087935659518355,0.040879356595183554,0,786,0.00034725130944721256,0.9995726584756993,786,0.00034725130944721256,0.9995726584778994,786,0.00034725130944721256,0.9995726584756993,False,0,1804,-24.3854609228533,-24.385460922853436,False,True,projected_residual,L-BFGS-B>Newton-CG>trust-krylov,False,6.198620443777583e-08,7.3003146568942e-06,1.849089489303559e-09,3.604516225053089e-05,853.4741511779062,0.0009354239297399147,-2.6645352591003757e-14,-1.3500311979441904e-13,,,,,,False,0,none,False,3.913719400006812,2.590676900028484,,,,,,,,,,,183.8606688999862
42,42,39,39,1366,1366,1366,1,0.00034693366829563477,0.00034693366829563477,0.00029026927050526956,0.03922285730059085,0.039222857300590844,0,786,0.00034725130944721256,0.9990852701114836,786,0.00034725130944721256,0.9990852701089982,786,0.00034725130944721256,0.9990852701114836,False,0,1803,-24.3855000387214,-24.385500038721524,True,False,accepted,L-BFGS-B,True,3.979466204724095e-10,4.499024552345814e-08,1.8845175567333106e-09,3.911586810900758e-05,853.4741511779062,0.0009354069416357622,-2.6645352591003757e-14,-1.2434497875801753e-13,3.911586809834944e-05,3.91158680876913e-05,1.0658141036401503e-14,3.911586809834944e-05,7.824173619669888e-07,False,0,none,True,3.8476434999902267,0.24296160001540557,0.1379588689473792,ok,0.006502080334083381,0.00897372340525634,0.5252435282065326,0.07512218040827398,,,,,187.98858360000304
43,43,40,40,1638,1638,1638,1,-0.0008633868126157393,0.0008633868126157393,2.2498629293000308e-07,0.5030264464885376,0.5030264464885376,0,1252,0.0008900681422015837,0.9700232731396856,1252,0.0008900681422015837,0.9700232731396838,1252,0.0008900681422015837,0.9700232731396856,False,0,1802,-24.385501511701456,-24.38550151170159,True,False,accepted,L-BFGS-B>Newton-CG,True,8.428859650094913e-10,4.910822319898688e-07,1.1716384568820809e-09,1.4729800561497086e-06,853.4741511779062,0.0009354021868909004,-2.6645352591003757e-14,-1.3500311979441904e-13,1.4729800561497086e-06,1.4729800668078497e-06,-1.0658141036401503e-14,1.4729800668078497e-06,2.9559601336156996e-08,False,0,none,True,3.8801571000076365,0.40125939997960813,0.13795739596731238,ok,0.006502071905537378,0.008973711772757716,0.5252407240078544,0.07512177934189677,,,,,192.3113822999876
44,44,41,41,776,776,776,1,0.0006409616465704038,0.0006409616465704038,1.8716758601941133e-05,0.1265498936926177,0.12654989369261765,0,463,0.0006431140300223977,0.9966531853582498,463,0.0006431140300223977,0.9966531853582766,463,0.0006431140300223977,0.9966531853582498,False,0,1801,-24.385514337930033,-24.385514337930086,True,False,accepted,L-BFGS-B>Newton-CG,True,1.224397652177463e-13,2.4174206792740366e-11,1.5064892770525796e-09,1.2826228577011989e-05,853.4741511779062,0.0009353627632878309,-2.6645352591003757e-14,-5.3290705182007514e-14,1.2826228577011989e-05,1.2826228495299574e-05,8.171241461241152e-14,1.2826228577011989e-05,2.5662457154023977e-07,False,0,none,True,3.9256341000145767,1.968150800006697,0.13794456973881708,ok,0.0065019958689333315,0.008973606832274312,0.5252163051264134,0.07511828686741881,,,,,198.24628639998264
45,45,42,42,316,316,316,1,0.00033692430602405565,0.00033692430602405565,0.2864767914431037,0.001037783445562105,0.0010377834455621018,0,2296,0.00033691881657057723,1.0000162931044763,2296,0.00033691881657057723,1.0000162930303713,2296,0.00033691881657057723,1.0000162931044763,False,0,1800,-24.438198852685208,-24.43819885268529,True,False,accepted,L-BFGS-B,True,4.698520141963022e-09,1.4472231093281958e-08,3.346576227036677e-08,0.05268451475518532,963.5921677844474,-0.0002241340258841637,-2.6645352591003757e-14,-8.171241461241152e-14,0.05268451475517466,0.05268451475520308,-2.842170943040401e-14,0.05268451475520308,0.0010536903951040618,False,0,none,True,3.920094200002495,0.23432419999153353,0.085260054983614,ok,0.004348375441948354,0.006001328263157296,0.4129316038759741,0.05905893319346384,,,,,202.44426499999827
46,46,42,42,1109,1109,,1,-0.00023917630209824292,0.00023917630209824292,0.0009966843583878134,0.010795341690985834,0.010795341690985824,0,178,0.00023906945138699894,1.0004469442273953,178,0.00023906945138699894,1.000446944232459,178,0.00023906945138699894,1.0004469442273953,False,0,1799,-24.438198852685208,-24.43819885268529,False,True,projected_residual,L-BFGS-B>Newton-CG>trust-krylov,False,2.551892041548879e-08,1.1518079346578972e-06,3.21555344842005e-09,0.00024542450148601347,963.5921677844474,-0.00022450622662914532,-2.6645352591003757e-14,-8.171241461241152e-14,,,,,,False,0,none,False,3.8696196999808308,1.8643254999769852,,,,,,,,,,,208.20774179999717
47,47,43,43,48,48,48,1,-0.00023714513970463091,0.00023714513970463091,0.0009522348514929238,0.010762704276351672,0.010762704276351667,0,178,0.00023906945138699894,0.9919508257069072,178,0.00023906945138699894,0.9919508257124571,178,0.00023906945138699894,0.9919508257069072,False,0,1798,-24.438441592018638,-24.43844159201867,True,False,accepted,L-BFGS-B>Newton-CG,True,1.034912087239216e-13,4.69688761033679e-12,3.203399725728178e-09,0.00024273933343366139,963.5921677844474,-0.00022449683559569444,-2.6645352591003757e-14,-3.197442310920451e-14,0.00024273933343010867,0.00024273933338037068,4.973799150320701e-14,0.00024273933343010867,4.854886668602174e-06,False,0,none,True,3.9047653000161517,1.779923800000688,0.08501731565023363,ok,0.004345785658144818,0.00599775402193937,0.41234336097953656,0.05897480062139588,,,,,213.9402310999867
48,48,44,44,682,682,682,1,-0.0002370612445576903,0.0002370612445576903,0.0011284128585812205,0.011199887911594136,0.011199887911594136,0,2542,0.00023729662524473054,0.9990080740221337,2542,0.00023729662524473054,0.9990080740299724,2542,0.00023729662524473054,0.9990080740221337,False,0,1797,-24.438665588903696,-24.43866558890376,True,False,accepted,L-BFGS-B,True,1.2261333068308958e-09,5.79283030059871e-08,3.116639437382052e-09,0.0002239968850688001,963.5921677844474,-0.00022473703280167373,-2.6645352591003757e-14,-6.394884621840902e-14,0.00022399688505814197,0.0002239968850901164,-3.197442310920451e-14,0.0002239968850901164,4.480037701802328e-06,False,0,none,True,3.884529200004181,0.3993958000210114,0.08479331876514351,ok,0.00434276019532105,0.005993578486547865,0.41179979208180134,0.05889705748205741,,,,,218.26733740000054
49,49,45,45,961,961,961,1,-0.0002877936128130587,0.0002877936128130587,0.00025664975265627575,0.03359958495187151,0.033599584951871514,0,3350,0.0002880167672187779,0.9992252034217518,3350,0.0002880167672187779,0.9992252034207234,3350,0.0002880167672187779,0.9992252034217518,False,0,1796,-24.43870227019911,-24.438702270199144,True,False,accepted,L-BFGS-B,True,3.74372399554926e-10,4.3707554389944296e-08,1.8565393437823121e-09,3.668129541267717e-05,963.5921677844474,-0.0002248138228812674,-2.6645352591003757e-14,-3.552713678800501e-14,3.668129541267717e-05,3.6681295384255463e-05,2.842170943040401e-14,3.668129541267717e-05,7.337259082535435e-07,False,0,none,True,3.8816915999923367,0.27655999999842606,0.08475663746975926,ok,0.004342501952792921,0.005993222077998626,0.41171071111121055,0.058884316807714374,,,,,222.46857100000489
50,50,46,46,360,360,360,1,-0.0002247246258648694,0.0002247246258648694,0.06199386930858417,0.0009516400388094857,0.0009516400388094857,0,3234,0.0002247627057087403,0.9998305775695714,3234,0.0002247627057087403,0.9998305775524924,3234,0.0002247627057087403,0.9998305775695714,False,0,1795,-24.46658637839154,-24.466586378391593,True,False,accepted,L-BFGS-B,True,4.2844869112876695e-10,1.8143493158916533e-09,2.461445435981041e-08,0.02788410819242415,1050.817493188932,-0.00020353090909509125,-2.6645352591003757e-14,-5.3290705182007514e-14,0.027884108192431256,0.02788410819244902,-1.7763568394002505e-14,0.02788410819244902,0.0005576822638489804,False,0,none,True,3.8742036999901757,0.2853813999972772,0.056872529277310235,ok,0.0033579998069465074,0.004634480030104119,0.3372463156240193,0.04823415654608763,,,,,226.67556010000408
51,51,46,46,906,906,,1,-8.216632524837841e-05,8.216632524837841e-05,0.014265912297981954,0.0015362500275024511,0.0015362500275024537,0,262,8.223190703955911e-05,0.9992024775596029,262,8.223190703955911e-05,0.9992024776529751,262,8.223190703955911e-05,0.9992024775596029,False,0,1794,-24.46658637839154,-24.466586378391593,False,True,projected_residual,L-BFGS-B>Newton-CG>trust-krylov,False,2.932694841398457e-08,5.483216873534e-07,6.3484932459151465e-09,0.0014303706230371915,1050.817493188932,-0.00020391204550106873,-2.6645352591003757e-14,-5.3290705182007514e-14,,,,,,False,0,none,False,3.895753299992066,3.5684675999800675,,,,,,,,,,,234.16923229998793
52,52,47,47,1727,1727,1727,1,-8.20992729491099e-05,8.20992729491099e-05,0.014044964512265511,0.0015345236489028833,0.0015345236489028842,0,262,8.223190703955911e-05,0.998387072667725,262,8.223190703955911e-05,0.9983870726254492,262,8.223190703955911e-05,0.998387072667725,False,0,1793,-24.468017629602485,-24.46801762960247,True,False,accepted,L-BFGS-B,True,1.7066244132183993e-09,3.189868167995759e-08,6.350140894037939e-09,0.0014312512109526665,1050.817493188932,-0.00020391725062793992,-2.6645352591003757e-14,1.4210854715202004e-14,0.001431251210945561,0.0014312512108780595,6.750155989720952e-14,0.001431251210945561,2.8625124218911224e-05,False,0,none,True,3.872891200007871,0.2843536999716889,0.055441278066432176,ok,0.003333745437026255,0.004601005819413088,0.33297518841987805,0.04762328488152516,,,,,238.37005040000076
53,53,48,48,295,295,295,1,7.671983537083094e-05,7.671983537083094e-05,0.19972720095857885,0.00044595568637480475,0.00044595568637480687,0,2234,7.673549773332883e-05,0.9997958915630896,2234,7.673549773332883e-05,0.9997958913285958,2234,7.673549773332883e-05,0.9997958915630896,False,0,1792,-24.482812479836213,-24.4828124798362,True,False,accepted,L-BFGS-B>Newton-CG,True,9.551826104091143e-10,5.552339843357101e-09,1.8203244710460372e-08,0.014794850233741386,2242.3752640739935,-0.00011689844046227499,-2.6645352591003757e-14,1.4210854715202004e-14,0.014794850233727175,0.014794850233727175,0.0,0.014794850233727175,0.0002958971046745435,False,0,none,True,3.89671550001367,3.521348099980969,0.040646427832705,ok,0.002655517233134025,0.003664961969651784,0.2851101185882744,0.040777453913512784,,,,,245.83631559999776
54,54,49,49,866,866,866,1,8.172864486688525e-05,8.172864486688525e-05,0.08901017301127037,0.000464777346106442,0.00046477734610644053,0,1758,8.179966824017676e-05,0.9991317400813537,1758,8.179966824017676e-05,0.9991317400686562,1758,8.179966824017676e-05,0.9991317400813537,False,0,1791,-24.498272784779033,-24.49827278477901,True,False,accepted,L-BFGS-B,True,2.8973420591829477e-10,1.6476700474139304e-09,1.8584479755096696e-08,0.015460304942813252,2242.3752640739935,-8.704576618440152e-05,-2.6645352591003757e-14,2.1316282072803006e-14,0.015460304942820358,0.015460304942813252,7.105427357601002e-15,0.015460304942820358,0.00030920619885640716,False,0,none,True,3.8694117999984883,0.31497370000579394,0.02518612288989175,ok,0.0019555915601397757,0.0026989727675860832,0.22443131151855028,0.032098957088972625,,,,,250.06806739998865
55,55,50,50,1395,1395,1395,1,6.740782217340424e-05,6.740782217340424e-05,0.08712763804932204,0.0004365222594298015,0.0004365222594298016,0,467,6.741193565192356e-05,0.9999389799672783,467,6.741193565192356e-05,0.9999389800073818,467,6.741193565192356e-05,0.9999389799672783,False,0,1790,-24.510195381973023,-24.510195381973062,True,False,accepted,L-BFGS-B,True,2.2012587971214055e-10,1.425497053962845e-09,1.6442043819045172e-08,0.011922597193983364,2290.833922893719,-7.625919703761058e-05,-2.6645352591003757e-14,-3.907985046680551e-14,0.01192259719399047,0.011922597194050866,-6.039613253960852e-14,0.011922597194050866,0.00023845204388101734,False,0,none,True,3.8736965999996755,0.33197880000807345,0.013263525695840883,ok,0.0013211816983640413,0.0018234039753489276,0.16286513776162997,0.02329354595367177,,,,,254.32242179999594
56,56,51,51,1786,1786,1786,1,5.0673159167180515e-05,5.0673159167180515e-05,0.009189347214671345,0.0020071728438939614,0.002007172843893962,0,789,5.068603175933651e-05,0.9997460327488821,789,5.068603175933651e-05,0.9997460327076119,789,5.068603175933651e-05,0.9997460327488821,False,0,1789,-24.51051406716014,-24.510514067160187,True,False,accepted,L-BFGS-B,True,1.4478181616746893e-09,5.7348367084971427e-08,3.524602242866826e-09,0.00031868518712130367,2290.833922893719,-7.563485451862056e-05,-2.6645352591003757e-14,-4.618527782440651e-14,0.00031868518711775096,0.0003186851871248564,-7.105427357601002e-15,0.0003186851871248564,6.373803742497128e-06,False,0,none,True,3.877657700009877,0.30361389997415245,0.012944840508716027,ok,0.0013061843194649466,0.0018027056260315815,0.1608964364180698,0.02301197534963991,,,,,258.55054179998115
57,57,52,52,1301,1301,1301,1,-2.755797418374506e-05,2.755797418374506e-05,0.014174147700333553,0.001119646549986865,0.0011196465499868657,0,2492,2.758048985403512e-05,0.9991836377667975,2492,2.758048985403512e-05,0.9991836378468656,2492,2.758048985403512e-05,0.9991836377667975,False,0,1788,-24.510816969107665,-24.51081696910767,True,False,accepted,L-BFGS-B>Newton-CG,True,1.3015658089195377e-13,5.2881760609815245e-12,3.461275483097205e-09,0.0003029019475206951,2290.833922893719,-7.5119006885907e-05,-2.6645352591003757e-14,-3.552713678800501e-15,0.0003029019475242478,0.00030290194748161525,4.263256414560601e-14,0.0003029019475242478,6.0581389504849566e-06,False,0,none,True,3.8903704000113066,1.2120296999928541,0.012641938561234412,ok,0.001305087731219225,0.0018011921904692774,0.15900269404263803,0.02274112564139174,,,,,263.69985869998345
58,58,53,53,1738,1738,1738,1,-2.8262881424545583e-05,2.8262881424545583e-05,0.022435743636342865,0.0010974185317413811,0.0010974185317413803,0,3497,2.8277591178003903e-05,0.9994798088222676,3497,2.8277591178003903e-05,0.9994798087595823,3497,2.8277591178003903e-05,0.9994798088222676,False,0,1787,-24.51114861215984,-24.51114861215978,True,False,accepted,L-BFGS-B,True,2.3748972700074556e-09,9.221481162174037e-08,3.575396759198665e-09,0.0003316430521742575,2290.833922893719,-7.74176904315485e-05,-2.6645352591003757e-14,6.039613253960852e-14,0.0003316430521742575,0.00033164305211030864,6.394884621840902e-14,0.0003316430521742575,6.63296104348515e-06,False,0,none,True,3.887098999985028,0.31499869999242947,0.012310295509124103,ok,0.0012853630853742876,0.001773969592933644,0.156902964808774,0.022440814966734866,,,,,267.95237479999196
59,59,54,54,660,660,660,1,-2.5132482826539793e-05,2.5132482826539793e-05,0.00041839297717280785,0.00880669999508186,0.008806699995081865,0,2071,2.5153938984236663e-05,0.9991470060529957,2071,2.5153938984236663e-05,0.9991470059919509,2071,2.5153938984236663e-05,0.9991470060529957,False,0,1786,-24.51115268416093,-24.511152684160926,True,False,accepted,L-BFGS-B,True,1.2663523548131837e-10,4.437418149462781e-08,1.2853804424463571e-09,4.072001097199518e-06,2290.833922893719,-7.742643296806268e-05,-2.6645352591003757e-14,3.552713678800501e-15,4.072001090094091e-06,4.0720011469375095e-06,-5.684341886080802e-14,4.0720011469375095e-06,8.154002293875018e-08,False,0,none,True,3.874386300012702,0.49616330000571907,0.012306223507977165,ok,0.0012853108999700254,0.0017738975702332807,0.15687701100384893,0.022437102962091,,,,,272.3748559000087
60,60,55,55,419,419,419,1,4.156971568645973e-05,4.156971568645973e-05,9.037895488083322e-07,0.19484232293563894,0.19484232293563894,0,2262,4.322723976550467e-05,0.9616555651474271,2262,4.322723976550467e-05,0.9616555651474408,2262,4.322723976550467e-05,0.9616555651474271,False,0,1785,-24.51115270692005,-24.511152706919944,True,False,accepted,L-BFGS-B,True,6.461406109593158e-11,3.0285398451686574e-07,1.0213350539861672e-09,2.275912436289218e-08,2290.833922893719,-7.742660978123789e-05,-2.6645352591003757e-14,1.0658141036401503e-13,2.27591208101785e-08,2.2759017781481816e-08,1.0302869668521453e-13,2.27591208101785e-08,5.551824162035701e-10,False,0,none,True,3.839778599998681,0.29627720001735725,0.012306200748959384,ok,0.0012853107668369804,0.0017738973864922223,0.15687686593145103,0.022437082213325407,,,,,276.5625341999985
61,61,56,56,93,93,93,1,2.3373880234878186e-05,2.3373880234878186e-05,0.18753253199174108,0.0002363684578849165,0.0002363684578849165,0,2472,2.3373311270276676e-05,1.0000243424902415,2472,2.3373311270276676e-05,1.0000243430293874,2472,2.3373311270276676e-05,1.0000243424902415,False,0,1784,-24.516041469923845,-24.516041469923792,True,False,accepted,L-BFGS-B,True,5.045531768678485e-10,5.10229847336093e-09,1.0888742877393741e-08,0.004888763003791041,4230.682930151719,-9.461722713592635e-06,-2.6645352591003757e-14,5.3290705182007514e-14,0.004888763003794594,0.004888763003847885,-5.3290705182007514e-14,0.004888763003847885,9.777536007695769e-05,False,0,none,True,3.86477789998753,0.3308408999873791,0.007417437745111499,ok,0.0008556976060482154,0.0011809748942911505,0.12179496190214768,0.017419544667353407,,,,,280.8102324999927
62,62,56,56,1428,1428,,1,2.331108032818663e-05,2.331108032818663e-05,4.6889174945446365e-05,0.0286721105853614,0.0286721105853614,0,44,2.3283166542611086e-05,1.0011988827002742,44,2.3283166542611086e-05,1.001198882699567,44,2.3283166542611086e-05,1.0011988827002742,False,0,1783,-24.516041469923845,-24.516041469923792,False,True,projected_residual,L-BFGS-B>Newton-CG>trust-krylov,False,5.709295269102966e-09,7.022307822794791e-06,1.081302264343501e-09,3.304973041906578e-07,4230.682930151719,-9.462200715987246e-06,-2.6645352591003757e-14,5.3290705182007514e-14,,,,,,False,0,none,False,3.84994819998974,12.39989840000635,,,,,,,,,,,297.0939490000019
63,63,57,57,559,559,559,1,2.2370285033934678e-05,2.2370285033934678e-05,4.073524824116327e-05,0.028175895333967246,0.02817589533396724,0,44,2.3283166542611086e-05,0.9607922098136557,44,2.3283166542611086e-05,0.960792209813072,44,2.3283166542611086e-05,0.9607922098136557,False,0,1782,-24.516041785097805,-24.516041785097883,True,False,accepted,L-BFGS-B,True,4.673130431454527e-10,5.885917939950382e-07,1.0793950999509506e-09,3.151739527140762e-07,4230.682930151719,-9.462769099501112e-06,-2.6645352591003757e-14,-7.815970093361102e-14,3.151739598195036e-07,3.151740912699097e-07,-1.3145040611561853e-13,3.151740912699097e-07,6.4034818253981945e-09,False,0,none,True,3.842926199984504,0.3379261000081897,0.007417122571020229,ok,0.0008556951923211829,0.001180971563031361,0.12179237418225065,0.017419174562534383,,,,,301.3282357999997
64,64,58,58,643,643,643,1,-2.0019773955048947e-05,2.0019773955048947e-05,0.11653691823752549,0.00029771710618717675,0.0002977171061871767,0,68,2.0038208500778654e-05,0.9990800302467663,68,2.0038208500778654e-05,0.999080029202993,68,2.0038208500778654e-05,0.9990800302467663,False,0,1781,-24.518302392193817,-24.518302392193874,True,False,accepted,L-BFGS-B>Newton-CG,True,8.324707216885462e-14,1.2379832516337712e-12,7.724410209830638e-09,0.0022606070960122793,4230.682930151719,-4.0009223525247495e-06,-2.6645352591003757e-14,-5.684341886080802e-14,0.0022606070960122793,0.002260607095990963,2.1316282072803006e-14,0.0022606070960122793,4.521224192024559e-05,False,0,none,True,3.8840997999941465,1.608320300001651,0.005156515475029266,ok,0.0006858617217409866,0.0009465791052894082,0.10155076363201182,0.0145241480884316,,,,,306.8747327000019
65,65,59,59,1060,1060,1060,1,-1.920323740201013e-05,1.920323740201013e-05,0.11412150652409338,0.00032564650384503635,0.0003256465038450366,0,976,1.9208685502043973e-05,0.9997163730941786,976,1.9208685502043973e-05,0.9997163732445101,976,1.9208685502043973e-05,0.9997163730941786,False,0,1780,-24.5200409002216,-24.520040900221616,True,False,accepted,L-BFGS-B,True,4.2662936244679896e-11,7.234736389017461e-10,6.89695794714006e-09,0.0017385080277847464,4230.682930151719,1.0921858377491156e-06,-2.6645352591003757e-14,-1.7763568394002505e-14,0.0017385080277811937,0.0017385080277421139,3.907985046680551e-14,0.0017385080277811937,3.477026055562388e-05,False,0,none,True,3.8754808999947272,0.380134300008649,0.0034180074472871524,ok,0.0005319333617864633,0.0007341377856680694,0.08267891430752422,0.011825029691994234,,,,,311.1870173999923
66,66,60,60,1599,1599,1599,1,1.6649216134867473e-05,1.6649216134867473e-05,0.0029142326154898606,0.005920265504150456,0.005920265504150454,0,2190,1.664415475431982e-05,1.0003040935765355,2190,1.664415475431982e-05,1.000304093577155,2190,1.664415475431982e-05,1.0003040935765355,False,0,1779,-24.520044854483046,-24.52004485448306,True,False,accepted,L-BFGS-B,True,1.1669417003256292e-09,4.1495073023393535e-07,1.2812241587495814e-09,3.954261440952678e-06,4230.682930151719,1.0930338548431617e-06,-2.6645352591003757e-14,-1.4210854715202004e-14,3.954261448058105e-06,3.954261444505391e-06,3.552713678800501e-15,3.954261448058105e-06,7.91852289611621e-08,False,0,none,True,3.889641300018411,0.34773469998617657,0.003414053185842647,ok,0.0005317628800806686,0.0007339024985607357,0.08263107487685258,0.011818187528029234,,,,,315.49613600000157
67,67,61,61,603,603,603,1,1.563354350242463e-05,1.563354350242463e-05,0.03180435808405294,0.0004856124117543682,0.00048561241175436786,0,1669,1.5631936315550568e-05,1.0001028143181765,1669,1.5631936315550568e-05,1.0001028142773953,1669,1.5631936315550568e-05,1.0001028143181765,False,0,1778,-24.52056308714316,-24.520563087143223,True,False,accepted,L-BFGS-B>Newton-CG,True,1.198829569444868e-13,3.723792642416611e-12,4.2193778885251505e-09,0.0005182326601236298,4230.682930151719,-3.2171072422149116e-06,-2.6645352591003757e-14,-6.394884621840902e-14,0.0005182326601129716,0.0005182326601627096,-4.973799150320701e-14,0.0005182326601627096,1.0364753203254193e-05,False,0,none,True,3.8710481000016443,1.7582489000051282,0.0028958205256799374,ok,0.0004953295621682806,0.000683619742752916,0.0761013026859303,0.01088427649779468,,,,,321.1869982999924
68,68,62,62,25,25,25,1,1.1092575367632751e-05,1.1092575367632751e-05,3.7409073163588944e-05,0.030222922119494997,0.030222922119494976,0,1522,1.1096627383650101e-05,0.9996348425627664,1522,1.1096627383650101e-05,0.9996348425655516,1522,1.1096627383650101e-05,0.9996348425627664,False,0,1777,-24.520563154495676,-24.52056315449575,True,False,accepted,L-BFGS-B,True,3.1281256341515765e-10,8.522916829384268e-07,1.0367025244616586e-09,6.735251645295648e-08,4230.682930151719,-3.2176267872122133e-06,-2.6645352591003757e-14,-7.460698725481052e-14,6.735251645295648e-08,6.735252711109752e-08,-1.0658141036401503e-14,6.735252711109752e-08,1.4470505422219504e-09,False,0,none,True,3.881997400021646,0.332406000001356,0.0028957531731528263,ok,0.0004953299040392807,0.0006836202145797218,0.07610041764259783,0.010884149915778301,,,,,325.4613667000085
69,69,63,63,317,317,317,1,-9.346694109790832e-06,9.346694109790832e-06,0.05513169605596666,0.00032218949412408937,0.00032218949412408894,0,45,9.361843252762285e-06,0.9983818204852999,45,9.361843252762285e-06,0.9983818217314538,45,9.361843252762285e-06,0.9983818204852999,False,0,1776,-24.52098396322649,-24.52098396322649,True,False,accepted,L-BFGS-B,True,3.534463173270759e-10,1.218358414251466e-08,3.901004443296154e-09,0.0004208087308121833,4230.682930151719,-2.672188231828132e-06,-2.6645352591003757e-14,0.0,0.000420808730815736,0.000420808730741129,7.460698725481052e-14,0.000420808730815736,8.41627461631472e-06,False,0,none,True,3.897231000009924,0.38740879998658784,0.0024749444424116973,ok,0.00046552316496020025,0.0006424830064301673,0.07035361272790944,0.010062221624635947,,,,,329.8047502999834
70,70,64,64,305,305,305,1,1.0407737456308297e-05,1.0407737456308297e-05,0.03354935154484473,0.0004784886417446627,0.00047848864174466463,0,217,1.041468541028271e-05,0.9993328695298321,217,1.041468541028271e-05,0.9993328707637955,217,1.041468541028271e-05,0.9993328695298321,False,0,1775,-24.521220534473013,-24.521220534473038,True,False,accepted,L-BFGS-B>Newton-CG,True,8.309688353490103e-14,3.820277477794418e-12,3.1751530881698104e-09,0.00023657124652842754,4230.682930151719,-3.126083566500071e-06,-2.6645352591003757e-14,-2.4868995751603507e-14,0.0002365712465213221,0.0002365712465461911,-2.4868995751603507e-14,0.0002365712465461911,4.731524930923822e-06,False,0,none,True,3.871464899973944,4.065155699994648,0.002238373195865506,ok,0.0004498466272800364,0.0006208473289445398,0.06690649384205309,0.00956920253363204,,,,,337.8037622999982
71,71,64,64,268,268,,1,1.4028056727344307e-05,1.4028056727344307e-05,0.02356096648054137,0.001094358490249439,0.0010943584902494347,0,3389,1.403367846341657e-05,0.9995994110819257,3389,1.403367846341657e-05,0.9995994098892222,3389,1.403367846341657e-05,0.9995994110819257,False,0,1774,-24.521220534473013,-24.521220534473038,False,True,projected_residual,L-BFGS-B>Newton-CG>trust-krylov,False,3.369410645972468e-09,2.628548815584749e-07,2.2818520340939175e-09,8.215917132048389e-05,4230.682930151719,-3.2369150278904746e-06,-2.6645352591003757e-14,-2.4868995751603507e-14,,,,,,False,0,none,False,3.973927700018976,2.2306730000127573,,,,,,,,,,,344.04597010000725
72,72,65,65,177,177,177,1,1.3959927198659017e-05,1.3959927198659017e-05,0.0231533380702074,0.001135198957293926,0.001135198957293925,0,3389,1.403367846341657e-05,0.9947446947035441,3389,1.403367846341657e-05,0.9947446938818449,3389,1.403367846341657e-05,0.9947446947035441,False,0,1773,-24.521296148567004,-24.521296148567043,True,False,accepted,L-BFGS-B>Newton-CG,True,9.765937796629337e-14,7.941504546378044e-12,2.229733955272163e-09,7.561409399059471e-05,4230.682930151719,-3.2298363239272043e-06,-2.6645352591003757e-14,-3.907985046680551e-14,7.561409399059471e-05,7.561409400480557e-05,-1.4210854715202004e-14,7.561409400480557e-05,1.5123818800961114e-06,False,0,none,True,3.97449520000373,0.6508761999721173,0.0021627591018607006,ok,0.00044292776711463524,0.0006112983947244416,0.0657666150323497,0.009406173049235547,,,,,348.730808399996
73,73,66,66,205,205,205,1,-8.40904546750565e-06,8.40904546750565e-06,0.14662333002442526,0.00026112772180258997,0.00026112772180258927,0,1836,8.41196466370955e-06,0.9996529709383475,1836,8.41196466370955e-06,0.9996529701041665,1836,8.41196466370955e-06,0.9996529709383475,False,0,1772,-24.52181460057584,-24.521814600575937,True,False,accepted,L-BFGS-B,True,5.632019958952555e-10,1.748922095554584e-08,4.220280636437747e-09,0.0005184520088405975,4230.682930151719,-3.2089694429263127e-06,-2.6645352591003757e-14,-9.592326932761353e-14,0.0005184520088370448,0.0005184520088938882,-5.684341886080802e-14,0.0005184520088938882,1.0369140177877764e-05,False,0,none,True,3.9582662000029813,0.447010500007309,0.0016443070929668124,ok,0.00036054268854708387,0.0004975961840780793,0.057345134021168885,0.008201703156980126,,,,,353.2225182999973
74,74,67,67,619,619,619,1,-7.818459867081629e-06,7.818459867081629e-06,0.1493838595466168,0.00029721636934466655,0.00029721636934466634,0,3040,7.81733811273599e-06,1.0001434956924546,3040,7.81733811273599e-06,1.0001434966636018,3040,7.81733811273599e-06,1.0001434956924546,False,0,1771,-24.522160567672785,-24.52216056767282,True,False,accepted,L-BFGS-B,True,5.701571958430846e-10,2.167382139023219e-08,3.6306260699372525e-09,0.00034596709694056926,4230.682930151719,-2.1410558038795213e-06,-2.6645352591003757e-14,-3.552713678800501e-14,0.000345967096944122,0.00034596709688372584,6.039613253960852e-14,0.000345967096944122,6.91944193888244e-06,False,0,none,True,3.9367634000082035,0.4567686000082176,0.0012983399960830866,ok,0.0002644302700594162,0.00036494844443120167,0.05095708634437806,0.00728806206620625,,,,,357.68456130000413
75,75,68,68,1780,1780,1780,1,7.502631299449725e-06,7.502631299449725e-06,0.0001729563636257929,0.01274710151703492,0.01274710151703492,0,3413,7.499575024578815e-06,1.0004075264079488,3413,7.499575024578815e-06,1.0004075263818617,3413,7.499575024578815e-06,1.0004075264079488,False,0,1770,-24.522160740879023,-24.522160740879087,True,False,accepted,L-BFGS-B,True,4.4637306049393484e-10,7.58397377952981e-07,1.0588574108337185e-09,1.732062422377112e-07,4230.682930151719,-2.141725024634722e-06,-2.6645352591003757e-14,-6.394884621840902e-14,1.7320623868499752e-07,1.7320626710670695e-07,-2.842170943040401e-14,1.7320626710670695e-07,3.564125342134139e-09,False,0,none,True,3.9657130999839865,0.39978310000151396,0.0012981667898159799,ok,0.0002644222841551041,0.00036493742283614974,0.05095368726704297,0.007287575918187139,,,,,362.11745409999276
76,76,69,69,616,616,616,1,8.084782204944695e-06,8.084782204944695e-06,2.6930756135553614e-08,0.4114138021989091,0.411413802198909,0,1576,8.87926277917555e-06,0.9105240385390844,1576,8.87926277917555e-06,0.9105240385391277,1576,8.87926277917555e-06,0.9105240385390844,False,0,1769,-24.522160741072113,-24.52216074107215,True,False,accepted,L-BFGS-B,True,2.642837679427979e-10,1.3448722186309146e-05,1.0019651217735157e-09,1.9308998844280723e-10,4230.682930151719,-2.1412843620033373e-06,-2.6645352591003757e-14,-3.552713678800501e-14,1.9308998844280723e-10,1.9306156673337682e-10,2.842170943040401e-14,1.9308998844280723e-10,1.0386179976885615e-10,False,0,none,True,4.00153120001778,0.525737099989783,0.0012981665967544131,ok,0.0002644222769794996,0.00036493741293287465,0.05095368347767316,0.007287575376218115,,,,,366.71071559999837
77,77,70,70,1595,1595,1595,1,7.436951802608505e-06,7.436951802608505e-06,0.0054264392813027015,0.001757525777114529,0.0017575257771145318,0,3683,7.480270932475535e-06,0.9942088822372783,3683,7.480270932475535e-06,0.9942088809335431,3683,7.480270932475535e-06,0.9942088822372783,False,0,1768,-24.52216969373115,-24.5221696937312,True,False,accepted,L-BFGS-B>Newton-CG,True,6.948641707395017e-10,1.64212448668123e-07,1.4231495092944127e-09,8.952659044325628e-06,4230.682930151719,-2.189629028037654e-06,-2.6645352591003757e-14,-4.973799150320701e-14,8.9526590372202e-06,8.952659051431056e-06,-1.4210854715202004e-14,8.952659051431056e-06,1.7915318102862112e-07,False,0,none,True,3.9205827999976464,0.8514257000060752,0.001289213937702982,ok,0.00026439873345161715,0.00036490491977740044,0.05077767814833053,0.007262402473757343,,,,,371.54997980000917
78,78,71,71,469,469,469,1,1.9713456362868698e-05,1.9713456362868698e-05,0.0029574124739958664,0.005705734635584967,0.0057057346355849775,0,114,1.9730299105458584e-05,0.9991463513806931,114,1.9730299105458584e-05,0.9991463515081732,114,1.9730299105458584e-05,0.9991463513806931,False,0,1767,-24.52217566213848,-24.52217566213855,True,False,accepted,L-BFGS-B,True,8.776359043583943e-10,2.540185740076119e-07,1.345500681510044e-09,5.968407329248748e-06,4230.682930151719,-2.1914742798917475e-06,-2.6645352591003757e-14,-7.105427357601002e-14,5.968407329248748e-06,5.96840735056503e-06,-2.1316282072803006e-14,5.96840735056503e-06,1.194681470113006e-07,False,0,none,True,3.9450549999892246,0.4429680999892298,0.001283245530352417,ok,0.00026396792899174355,0.00036431035313626075,0.050660003825148126,0.00724557227736118,,,,,376.0153548999806
79,79,72,72,663,663,663,1,-7.865517018368351e-06,7.865517018368351e-06,0.0022705745569705253,0.0025456187939848795,0.00254561879398488,0,325,7.859858698704104e-06,1.000719900939845,325,7.859858698704104e-06,1.000719900628981,325,7.859858698704104e-06,1.000719900939845,False,0,1766,-24.522180435556983,-24.52218043555705,True,False,accepted,L-BFGS-B>Newton-CG,True,5.555618979258602e-10,1.7980413725211865e-07,1.3089817099963945e-09,4.773418499581794e-06,4230.682930151719,-2.202322921959765e-06,-2.6645352591003757e-14,-6.750155989720952e-14,4.773418503134508e-06,4.773418499581794e-06,3.552713678800501e-15,4.773418503134508e-06,9.556837006269016e-08,False,0,none,True,3.9167628999857698,1.5830423000152223,0.0012784721118528353,ok,0.00026371980255517194,0.00036396790611977994,0.05056569254304388,0.007232083545433416,,,,,381.6102292999858
80,80,73,73,1627,1627,1627,1,7.106301031845064e-06,7.106301031845064e-06,0.005479742117989202,0.0011810656165990908,0.001181065616599091,0,3172,7.115738495952762e-06,0.9986737196549499,3172,7.115738495952762e-06,0.9986737197598492,3172,7.115738495952762e-06,0.9986737196549499,False,0,1765,-24.522198536615484,-24.52219853661553,True,False,accepted,L-BFGS-B,True,7.93376699878326e-10,1.3185935550032114e-07,1.6016840419612045e-09,1.8101058500974432e-05,4230.682930151719,-2.221735652910284e-06,-2.6645352591003757e-14,-4.618527782440651e-14,1.8101058500974432e-05,1.810105847965815e-05,2.1316282072803006e-14,1.8101058500974432e-05,3.6212117001948866e-07,False,0,none,True,3.936792399996193,0.4575184999848716,0.0012603710533731771,ok,0.0002626926493212382,0.0003625502999779703,0.05020644659812701,0.007180702924377245,,,,,386.077077199996
81,81,74,74,547,547,547,1,6.7392243364994275e-06,6.7392243364994275e-06,8.361696817397196e-06,0.03703925595751722,0.03703925595751722,0,1181,7.057018680806606e-06,0.9549676203675778,1181,7.057018680806606e-06,0.9549676203761901,1181,7.057018680806606e-06,0.9549676203675778,False,0,1764,-24.522198553167964,-24.522198553168025,True,False,accepted,L-BFGS-B,True,1.5539247056273755e-10,8.540478716536725e-07,1.0181948197191634e-09,1.655248738074988e-08,4230.682930151719,-2.2220929939628653e-06,-2.6645352591003757e-14,-6.039613253960852e-14,1.6552480275322523e-08,1.6552494486177238e-08,-1.4210854715202004e-14,1.6552494486177238e-08,4.3104988972354476e-10,False,0,none,True,3.9548996000085026,0.4468195000081323,0.001260354500878691,ok,0.0002626924209404572,0.0003625499847825476,0.050206116912315274,0.007180655771550608,,,,,390.550215700001
82,82,75,75,283,283,283,1,6.008684070746284e-06,6.008684070746284e-06,0.008687339269822994,0.0013550894927039576,0.0013550894927039593,0,407,6.006081071002668e-06,1.0004333940406138,407,6.006081071002668e-06,1.0004333935135814,407,6.006081071002668e-06,1.0004333940406138,False,0,1763,-24.52220838413579,-24.522208384135787,True,False,accepted,L-BFGS-B>Newton-CG,True,7.471523795804886e-10,1.6849899684879098e-07,1.4434165149665398e-09,9.830967830026793e-06,4230.682930151719,-2.1793359878466423e-06,-2.6645352591003757e-14,3.552713678800501e-15,9.83096782647408e-06,9.830967762525233e-06,6.394884621840902e-14,9.83096782647408e-06,1.9671935652948162e-07,False,0,none,True,3.9819147999805864,0.6243300999922212,0.0012505235331161657,ok,0.0002617243676028339,0.000361213944246747,0.05000991989142207,0.007152594982206985,,,,,395.2284157999966
83,83,75,75,1789,1789,,1,-5.117316416836104e-06,5.117316416836104e-06,0.0012602108806939807,0.0020975690277230787,0.00209756902772308,0,2159,5.130992827670058e-06,0.9973345488303549,2159,5.130992827670058e-06,0.9973345493087868,2159,5.130992827670058e-06,0.9973345488303549,False,0,1762,-24.52220838413579,-24.522208384135787,False,True,projected_residual,L-BFGS-B>Newton-CG>trust-krylov,False,5.175758606182174e-09,2.1215491877362933e-06,1.2439612824487346e-09,2.975823782946918e-06,4230.682930151719,-2.1880128358575668e-06,-2.6645352591003757e-14,3.552713678800501e-15,,,,,,False,0,none,False,3.9668189999938477,9.676485699979821,,,,,,,,,,,408.91439249998075
84,84,76,76,820,820,820,1,-4.964755808023469e-06,4.964755808023469e-06,0.0011952986824130775,0.002088455960024311,0.00208845596002431,0,2159,5.130992827670058e-06,0.9676013930968451,2159,5.130992827670058e-06,0.967601392384443,2159,5.130992827670058e-06,0.9676013930968451,False,0,1761,-24.52221120966761,-24.522211209667656,True,False,accepted,L-BFGS-B,True,1.0466758100377819e-10,4.4029598841828746e-08,1.237720950808079e-09,2.825531815631166e-06,4230.682930151719,-2.1845541829587645e-06,-2.6645352591003757e-14,-4.618527782440651e-14,2.8255318191838796e-06,2.825531868921871e-06,-4.973799150320701e-14,2.825531868921871e-06,5.661063737843742e-08,False,0,none,True,3.9604193000122905,0.4893164999957662,0.0012476980012472438,ok,0.00026161123212347254,0.0003610578024510531,0.04995338913998297,0.007144509754916848,,,,,413.436935500009
85,85,77,77,227,227,227,1,-4.21128967209583e-06,4.21128967209583e-06,0.0023895358898940217,0.001671550805729723,0.0016715508057297225,0,1912,4.228478855742905e-06,0.9959349013596865,1912,4.228478855742905e-06,0.995934901491625,1912,4.228478855742905e-06,0.9959349013596865,False,0,1760,-24.522214383291526,-24.522214383291537,True,False,accepted,L-BFGS-B,True,1.0331732268395634e-10,4.1008887430573774e-08,1.251938858031367e-09,3.173623916552515e-06,4230.682930151719,-2.189570271489416e-06,-2.6645352591003757e-14,-1.0658141036401503e-14,3.173623916552515e-06,3.173623881025378e-06,3.552713678800501e-14,3.173623916552515e-06,6.357247833105029e-08,False,0,none,True,3.911343899992062,0.6485377000062726,0.0012445243773662185,ok,0.0002614089565986927,0.00036077863570475616,0.04988981774094167,0.0071354175493947855,,,,,418.0697693999973
86,86,78,78,647,647,647,1,3.6776973148938685e-06,3.6776973148938685e-06,9.458572969589793e-06,0.025512372613672986,0.02551237261367298,0,3338,3.823216911182633e-06,0.9619379178138885,3338,3.823216911182633e-06,0.9619379178205604,3338,3.823216911182633e-06,0.9619379178138885,False,0,1759,-24.52221439368163,-24.522214393681676,True,False,accepted,L-BFGS-B,True,2.661023310419659e-11,1.845961018300661e-07,1.0144153819286462e-09,1.0390113658331757e-08,4230.682930151719,-2.189654413953246e-06,-2.6645352591003757e-14,-4.618527782440651e-14,1.039010300019072e-08,1.0390138527327508e-08,-3.552713678800501e-14,1.0390138527327508e-08,3.078027705465502e-10,False,0,none,True,4.10206589999143,0.4481295000005048,0.0012445139872276911,ok,0.0002614088472507463,0.0003607784847902526,0.04988960948142118,0.00713538776338424,,,,,422.6940641999827
87,87,79,79,948,948,948,1,-3.3933377645567475e-06,3.3933377645567475e-06,0.05602432061367968,0.00023111098972290877,0.00023111098972290872,0,1584,3.3949290027776883e-06,0.9995312896912899,1584,3.3949290027776883e-06,0.9995312899649295,1584,3.3949290027776883e-06,0.9995312896912899,False,0,1758,-24.522322188865616,-24.52232218886558,True,False,accepted,L-BFGS-B,True,9.754991845092643e-10,6.643852198948167e-08,2.468273458376606e-09,0.0001077951840002811,4326.925349586166,-1.9927047812673404e-06,-2.6645352591003757e-14,3.552713678800501e-14,0.00010779518398607024,0.00010779518390435783,8.171241461241152e-14,0.00010779518398607024,2.1560036797214045e-06,False,0,none,True,3.9573747999966145,0.656720500002848,0.0011367188033233333,ok,0.00024939984740621603,0.00034420449040053656,0.04767994263251959,0.006819353423594915,,,,,427.38358749999315
88,88,79,79,64,64,,1,-2.5800522820418337e-06,2.5800522820418337e-06,0.020503490601751106,0.0003842929555887148,0.00038429295558871395,0,687,2.5808774990940943e-06,0.9996802571789827,687,2.5808774990940943e-06,0.9996802552914898,687,2.5808774990940943e-06,0.9996802571789827,False,0,1757,-24.522322188865616,-24.52232218886558,False,True,projected_residual,L-BFGS-B>Newton-CG>trust-krylov,False,5.717770913965973e-08,8.51616114067867e-06,1.6714023865347282e-09,2.2539376889341156e-05,4326.925349586166,-1.999532603047527e-06,-2.6645352591003757e-14,3.552713678800501e-14,,,,,,False,0,none,False,3.9269867000111844,4.551585499983048,,,,,,,,,,,435.9069079000037
89,89,80,80,1556,1556,1556,1,-2.5599899959871664e-06,2.5599899959871664e-06,0.020779216784256874,0.00036908430497935464,0.00036908430497935616,0,687,2.5808774990940943e-06,0.9919068211822298,687,2.5808774990940943e-06,0.9919068158252928,687,2.5808774990940943e-06,0.9919068211822298,False,0,1756,-24.522346245535672,-24.5223462455357,True,False,accepted,L-BFGS-B,True,1.2337432788375592e-09,1.7786688301261067e-07,1.6936329337654652e-09,2.405667005689338e-05,4326.925349586166,-2.0277662966250443e-06,-2.6645352591003757e-14,-2.842170943040401e-14,2.405667005689338e-05,2.4056670120842227e-05,-6.394884621840902e-14,2.4056670120842227e-05,4.812334024168446e-07,False,0,none,True,3.963570499996422,0.509859800018603,0.001112662133202491,ok,0.0002469620694553516,0.00034084003719010513,0.04717269269247525,0.006746804749576578,,,,,440.4556692999904
90,90,80,80,344,344,,1,2.4217722391917107e-06,2.4217722391917107e-06,0.18616003096402445,9.156455108472659e-05,9.156455108472616e-05,0,2020,2.425780261095755e-06,0.9983477390890163,2020,2.425780261095755e-06,0.9983477417600741,2020,2.425780261095755e-06,0.9983477390890163,False,0,1755,-24.522346245535672,-24.5223462455357,False,True,projected_residual,L-BFGS-B>Newton-CG>trust-krylov,False,1.818609001225221e-08,6.876957136420529e-07,3.6444966358650456e-09,0.0003496493923726973,10921.257060220618,-2.3525932597162624e-06,-2.6645352591003757e-14,-2.842170943040401e-14,,,,,,False,0,none,False,3.9655487000127323,2.903378099988913,,,,,,,,,,,447.37149520000094
91,91,80,80,74,74,,1,2.4169542416352385e-06,2.4169542416352385e-06,0.18729327814233848,9.029593011208254e-05,9.029593011208268e-05,0,2020,2.425780261095755e-06,0.9963615750354364,2020,2.425780261095755e-06,0.9963615882805353,2020,2.425780261095755e-06,0.9963615750354364,False,0,1754,-24.522346245535672,-24.5223462455357,False,True,projected_residual,L-BFGS-B>Newton-CG>trust-krylov,False,5.258654820335434e-08,1.9648863133563843e-06,3.676315054255069e-09,0.00035811390164042223,11074.696265476436,-2.3684726871142647e-06,-2.6645352591003757e-14,-2.842170943040401e-14,,,,,,False,0,none,False,3.942068600008497,3.4656123999739066,,,,,,,,,,,454.8368787000072
92,92,81,81,55,55,55,1,2.3784695608597417e-06,2.3784695608597417e-06,0.18507784615909054,9.131788111983006e-05,9.131788111982992e-05,0,2020,2.425780261095755e-06,0.9804967082160021,2020,2.425780261095755e-06,0.9804966996067845,2020,2.425780261095755e-06,0.9804967082160021,False,0,1753,-24.52268532553709,-24.52268532553713,True,False,accepted,L-BFGS-B>Newton-CG,True,7.689385302666683e-14,2.952663260105939e-12,3.6042201989504197e-09,0.000339080001403147,10950.757811471467,-2.3318158998281158e-06,-2.6645352591003757e-14,-3.907985046680551e-14,0.00033908000141735783,0.000339080001428016,-1.0658141036401503e-14,0.000339080001428016,6.78170002856032e-06,False,0,none,True,3.945101799996337,0.8759108999802265,0.0007735821317744751,ok,0.00019443560932060115,0.00026834663500378424,0.03933344611948492,0.005625608078516293,,,,,459.73162099998444
93,93,82,82,1197,1197,1197,1,2.276820981084171e-06,2.276820981084171e-06,0.0035765702241850293,0.0009438494737597912,0.0009438494737597897,0,2123,2.284320797834317e-06,0.9967168285832462,2123,2.284320797834317e-06,0.9967168301059522,2123,2.284320797834317e-06,0.9967168285832462,False,0,1752,-24.522688235045834,-24.522688235045884,True,False,accepted,L-BFGS-B,True,7.356752063555887e-11,3.0497199335650304e-08,1.241227136386785e-09,2.909508751258727e-06,10950.757811471467,-2.3358225867062266e-06,-2.6645352591003757e-14,-4.973799150320701e-14,2.9095087441532996e-06,2.9095087548114407e-06,-1.0658141036401503e-14,2.9095087548114407e-06,5.829017509622881e-08,False,0,none,True,3.9020928000099957,0.49967499999911524,0.0007706726230196637,ok,0.0001943017482429162,0.00026816188916489053,0.03925940658796435,0.0056150186837964295,,,,,464.20717139999033
94,94,82,82,513,513,,1,2.0110038481124803e-06,2.0110038481124803e-06,0.0036317788256737594,0.0009055797150702968,0.0009055797150702968,0,1996,2.0114129019261382e-06,0.9997966335935967,1996,2.0114129019261382e-06,0.9997966317144799,1996,2.0114129019261382e-06,0.9997966335935967,False,0,1751,-24.522688235045834,-24.522688235045884,False,True,projected_residual,L-BFGS-B>Newton-CG>trust-krylov,False,1.8546666043027594e-09,8.35176416448718e-07,1.2220688429145367e-09,2.4657131056926573e-06,10950.757811471467,-2.338528865351852e-06,-2.6645352591003757e-14,-4.973799150320701e-14,,,,,,False,0,none,False,3.874045100004878,11.646882000000915,,,,,,,,,,,479.7887811999826
95,95,83,83,244,244,244,1,1.99532661837587e-06,1.99532661837587e-06,0.0035634385364950905,0.0009034451605923369,0.0009034451605923366,0,1996,2.0114129019261382e-06,0.9920024955915994,1996,2.0114129019261382e-06,0.9920024949838899,1996,2.0114129019261382e-06,0.9920024955915994,False,0,1750,-24.522690673948617,-24.52269067394865,True,False,accepted,L-BFGS-B>Newton-CG,True,8.675829602477169e-10,3.92823446169924e-07,1.2208582427313734e-09,2.438902786394692e-06,10950.757811471467,-2.338518555251856e-06,-2.6645352591003757e-14,-3.197442310920451e-14,2.4389027828419785e-06,2.43890276507841e-06,1.7763568394002505e-14,2.4389027828419785e-06,4.887805565683957e-08,False,0,none,True,3.897070899984101,5.197929300018586,0.0007682337202545853,ok,0.00019418993180906905,0.00026800756782495775,0.03919723501800666,0.005606126686763026,,,,,488.9620422000007
96,96,84,84,453,453,453,1,-1.6843932062471367e-06,1.6843932062471367e-06,0.04383334644606233,0.0003871491880085172,0.0003871491880085172,0,738,1.689060655519935e-06,0.9972366597626054,738,1.689060655519935e-06,0.9972366587834987,738,1.689060655519935e-06,0.9972366597626054,False,0,1749,-24.522700138754153,-24.52270013875417,True,False,accepted,L-BFGS-B>Newton-CG,True,7.91501789308414e-14,1.8192265685065403e-11,1.435075983943101e-09,9.464805543757393e-06,10950.757811471467,-2.4434792531280447e-06,-2.6645352591003757e-14,-1.7763568394002505e-14,9.464805536651966e-06,9.464805522441111e-06,1.4210854715202004e-14,9.464805536651966e-06,1.8939611073303932e-07,False,0,none,True,3.94003959998372,0.8729325999738649,0.0007587689147321441,ok,0.00019296040988384355,0.0002663106663548489,0.0389550145874734,0.005571483467182157,,,,,493.8769947999972
97,97,85,85,777,777,777,1,1.6147669196046877e-06,1.6147669196046877e-06,6.585861251255787e-07,0.07508463350402289,0.0750846335040229,0,3019,1.6132184247010142e-06,1.0009598792574914,3019,1.6132184247010142e-06,1.0009598792610455,3019,1.6132184247010142e-06,1.0009598792574914,False,0,1748,-24.522700138985407,-24.522700138985414,True,False,accepted,L-BFGS-B,True,2.1501245643190614e-11,9.9978090135027e-07,1.0021505957569455e-09,2.312532387804822e-10,10950.757811471467,-2.4434792708014075e-06,-2.6645352591003757e-14,-7.105427357601002e-15,2.312532387804822e-10,2.312425806394458e-10,1.0658141036401503e-14,2.312532387804822e-10,1.0462506477560965e-10,False,0,none,True,3.86738150002202,0.4845461000222713,0.0007587686834895635,ok,0.00019296040806680696,0.00026631066384710014,0.03895500865109991,0.0055714826181411,,,,,498.30955219999305
98,98,86,86,882,882,882,1,-1.4509957775299398e-06,1.4509957775299398e-06,0.0014587332503935959,0.0014103962838467549,0.0014103962838467557,0,3608,1.4682807738651103e-06,0.9882277309334581,3608,1.4682807738651103e-06,0.9882277319801156,3608,1.4682807738651103e-06,0.9882277309334581,False,0,1747,-24.522700668181322,-24.52270066818136,True,False,accepted,L-BFGS-B>Newton-CG,True,7.930252646402703e-10,7.708360692657644e-07,1.102878588101831e-09,5.291959155329096e-07,10950.757811471467,-2.444215120675497e-06,-2.6645352591003757e-14,-3.907985046680551e-14,5.291959155329096e-07,5.291959475073327e-07,-3.197442310920451e-14,5.291959475073327e-07,1.0683918950146652e-08,False,0,none,True,3.885556599998381,1.632656700006919,0.0007582394875420562,ok,0.00019294657276232457,0.0002662915693128475,0.03894142153855019,0.005569539341422064,,,,,503.9269862000074
99,99,87,87,797,797,797,1,-1.5117099959605085e-06,1.5117099959605085e-06,0.0008896029460732908,0.0016236223124337025,0.001623622312433702,0,1914,1.5235683964922064e-06,0.9922166930221182,1914,1.5235683964922064e-06,0.992216693351819,1914,1.5235683964922064e-06,0.9922166930221182,False,0,1746,-24.52270110162242,-24.522701101622566,True,False,accepted,L-BFGS-B,True,7.419453764265155e-10,7.968749470145051e-07,1.0931068769580744e-09,4.334411052298037e-07,10950.757811471467,-2.4457823695894776e-06,-2.6645352591003757e-14,-1.4566126083082054e-13,4.3344109812437637e-07,4.3344120470578673e-07,-1.0658141036401503e-13,4.3344120470578673e-07,8.768824094115734e-09,False,0,none,True,3.927788500004681,0.6484131000179332,0.0007578060463373504,ok,0.00019293664059610307,0.0002662778616211693,0.038930289420322464,0.005567947186642577,,,,,508.6064231999917
100,100,88,88,779,779,779,1,1.5599474317562478e-06,1.5599474317562478e-06,6.551685691384201e-05,0.008860036724832902,0.008860036724832904,0,3560,1.5608882563725007e-06,0.9993972504998921,3560,1.5608882563725007e-06,0.9993972506753109,3560,1.5608882563725007e-06,0.9993972504998921,False,0,1745,-24.522701117121763,-24.522701117121837,True,False,accepted,L-BFGS-B>Newton-CG,True,5.119191823195415e-10,2.9075544700074007e-06,1.0176065207926522e-09,1.5499338701374654e-08,10950.757811471467,-2.4452163317201236e-06,-2.6645352591003757e-14,-7.460698725481052e-14,1.5499342254088333e-08,1.5499271199814757e-08,7.105427357601002e-14,1.5499342254088333e-08,4.099868450817667e-10,False,0,none,True,3.9119757000007667,42.36107620000257,0.0007577905470661506,ok,0.00019293636671628307,0.00026627748363110694,0.03892989129197625,0.0055678902449234615,,,,,554.9632878999982
101,101,89,89,423,423,423,1,-1.372671099453271e-06,1.372671099453271e-06,0.01996855198870661,0.0003156721017049205,0.00031567210170492066,0,2970,1.3714827423605662e-06,1.000866476154603,2970,1.3714827423605662e-06,1.0008664738518125,2970,1.3714827423605662e-06,1.000866476154603,False,0,1744,-24.522710571152896,-24.522710571152995,True,False,accepted,L-BFGS-B>Newton-CG,True,9.428941323950164e-14,2.1684132314545716e-11,1.4348313867106053e-09,9.454031140165853e-06,10950.757811471467,-2.4559735473661526e-06,-2.6645352591003757e-14,-9.947598300641403e-14,9.454031133060425e-06,9.454031157929421e-06,-2.4868995751603507e-14,9.454031157929421e-06,1.8918062315858843e-07,False,0,none,True,3.99991179999779,0.9423954999947455,0.0007483365159082211,ok,0.0001920871953291051,0.0002651055157745659,0.038686278985974425,0.005533047954407987,,,,,559.988660300005
102,102,90,90,1828,1828,1828,1,1.2984996349274525e-06,1.2984996349274525e-06,0.15937018422034624,7.240207544417817e-05,7.240207544417833e-05,0,2153,1.298357140295574e-06,1.0001097499504998,2153,1.298357140295574e-06,1.0001097508423051,2153,1.298357140295574e-06,1.0001097499504998,False,0,1743,-24.522871388098686,-24.522871388098793,True,False,accepted,L-BFGS-B>Newton-CG,True,1.2288587294272958e-13,6.851901938801686e-12,2.7934563868586367e-09,0.0001608169457938402,13811.758763338206,-2.1964131855164992e-06,-2.6645352591003757e-14,-1.0658141036401503e-13,0.0001608169457902875,0.00016081694579739292,-7.105427357601002e-15,0.00016081694579739292,3.2164389159478583e-06,False,0,none,True,3.924448299978394,3.6063960999890696,0.0005875195701108282,ok,0.000164092537299354,0.0002264692170707697,0.03427842828926366,0.004902621614112675,,,,,567.6040028999851
103,103,90,90,941,941,,1,-1.3534786442725988e-06,1.3534786442725988e-06,0.24887420391036064,8.14031257022528e-05,8.140312570225274e-05,0,1683,1.3579782421339665e-06,0.9966865464248551,1683,1.3579782421339665e-06,0.996686532458792,1683,1.3579782421339665e-06,0.9966865464248551,False,0,1742,-24.522871388098686,-24.522871388098793,False,True,projected_residual,L-BFGS-B>Newton-CG>trust-krylov,False,6.605313663348441e-08,3.972674863316343e-06,2.6626867011800714e-09,0.0001382181799982618,13811.758763338206,9.00908215792362e-07,-2.6645352591003757e-14,-1.0658141036401503e-13,,,,,,False,0,none,False,3.9861639000009745,3.424504300026456,,,,,,,,,,,575.0656795999967
104,104,91,91,1839,1839,1839,1,-1.3527487321418619e-06,1.3527487321418619e-06,0.24728842610468355,8.004029314348358e-05,8.004029314348363e-05,0,1683,1.3579782421339665e-06,0.9961490472896776,1683,1.3579782421339665e-06,0.9961490640746525,1683,1.3579782421339665e-06,0.9961490472896776,False,0,1741,-24.523014198991184,-24.5230141989912,True,False,accepted,L-BFGS-B,True,1.5819979091414125e-11,9.360463270581012e-10,2.6900850560607096e-09,0.0001428108924912408,13811.758763338206,8.472075888540931e-07,-2.6645352591003757e-14,-1.4210854715202004e-14,0.00014281089249834622,0.00014281089240597566,9.237055564881302e-14,0.00014281089249834622,2.8563178499669245e-06,False,0,none,True,3.942972599994391,0.6198053999978583,0.00044470867770485256,ok,0.00012658503991833353,0.00017470395275123813,0.029822891796093293,0.004265375083158788,,,,,579.7159191999817
105,105,92,92,1630,1630,1630,1,-1.152862560194201e-06,1.152862560194201e-06,0.0003968547233016749,0.0037024870638683355,0.0037024870638683372,0,3047,1.1679788467333732e-06,0.9870577394603938,3047,1.1679788467333732e-06,0.9870577382304274,3047,1.1679788467333732e-06,0.9870577394603938,False,0,1740,-24.523014247467863,-24.523014247468005,True,False,accepted,L-BFGS-B,True,1.3797413884920666e-10,4.4311211225509015e-07,1.0311375236725143e-09,4.847669643481822e-08,13811.758763338206,8.469729138940729e-07,-2.6645352591003757e-14,-1.4210854715202004e-13,4.847667867124983e-08,4.8476806568942266e-08,-1.2789769243681803e-13,4.8476806568942266e-08,1.0695361313788455e-09,False,0,none,True,3.9596156000043266,0.5488738999993075,0.0004446602008982836,ok,0.00012658495284327732,0.00017470383257624342,0.029821266275441575,0.004265142595466702,,,,,584.3118148999929
106,106,92,92,236,236,,1,-1.3168332939628158e-06,1.3168332939628158e-06,0.0007380358332589333,0.0015162699107056058,0.001516269910705608,0,827,1.3145969400190623e-06,1.0017011708118848,827,1.3145969400190623e-06,1.0017011717095194,827,1.3145969400190623e-06,1.0017011708118848,False,0,1739,-24.523014247467863,-24.523014247468005,False,True,projected_residual,L-BFGS-B>Newton-CG>trust-krylov,False,1.23409098180833e-09,1.4209932977174852e-06,1.086847065625899e-09,3.771181873446494e-07,13811.758763338206,8.464105122688026e-07,-2.6645352591003757e-14,-1.4210854715202004e-13,,,,,,False,0,none,False,3.9894169000035618,4.4540411999914795,,,,,,,,,,,592.8042765999853
107,107,93,93,432,432,432,1,-1.256017845507884e-06,1.256017845507884e-06,0.0007717719940883186,0.001433239233456231,0.0014332392334562324,0,827,1.3145969400190623e-06,0.9554395018519298,827,1.3145969400190623e-06,0.9554395019429133,827,1.3145969400190623e-06,0.9554395018519298,False,0,1738,-24.52301463146089,-24.523014631460917,True,False,accepted,L-BFGS-B,True,8.476351668763502e-11,9.672325723122811e-08,1.0876350932692414e-09,3.8399302582092787e-07,13811.758763338206,8.462599245528946e-07,-2.6645352591003757e-14,-2.842170943040401e-14,3.8399302582092787e-07,3.8399291213409015e-07,1.1368683772161603e-13,3.8399302582092787e-07,7.779860516418557e-09,False,0,none,True,3.9116575999942143,0.6453371999959927,0.00044427620798614953,ok,0.00012657226442119727,0.00017468632089008373,0.02980838709276029,0.004263300569372258,,,,,597.4436885000032
108,108,94,94,1664,1664,1664,1,-1.1246137063825046e-06,1.1246137063825046e-06,0.015809527387915648,0.0002555508830669848,0.000255550883066985,0,57,1.1239210876653127e-06,1.000616252088152,57,1.1239210876653127e-06,1.0006162552773505,57,1.1239210876653127e-06,1.000616252088152,False,0,1737,-24.523024314888254,-24.523024314888296,True,False,accepted,L-BFGS-B>Newton-CG,True,1.1035602633290232e-13,2.5076593751387756e-11,1.4400758230044507e-09,9.68342737905914e-06,13811.758763338206,8.371522253955432e-07,-2.6645352591003757e-14,-4.263256414560601e-14,9.683427364848285e-06,9.68342737905914e-06,-1.4210854715202004e-14,9.68342737905914e-06,1.937685475811828e-07,False,0,none,True,3.896181600022828,2.212646300002234,0.0004345927806070904,ok,0.00012540157846542164,0.00017307062077231064,0.029481738323833037,0.004216582111301424,,,,,603.6388822000008
109,109,94,94,853,853,,1,1.0015667051277433e-06,1.0015667051277433e-06,0.007890363117327411,0.00047378995027859807,0.00047378995027859796,0,2322,1.0066019246764545e-06,0.9949978045687429,2322,1.0066019246764545e-06,0.9949978046124742,2322,1.0066019246764545e-06,0.9949978045687429,False,0,1736,-24.523024314888254,-24.523024314888296,False,True,projected_residual,L-BFGS-B>Newton-CG>trust-krylov,False,7.115412529574623e-09,3.365937704069506e-06,1.2113946589377429e-09,2.2343883649966756e-06,13811.758763338206,8.372001264606022e-07,-2.6645352591003757e-14,-4.263256414560601e-14,,,,,,False,0,none,False,3.9140260000131093,4.8218800999748055,,,,,,,,,,,612.4266012999869
110,110,95,95,1346,1346,1346,1,9.91077375722682e-07,9.91077375722682e-07,0.0080769470684494,0.0004626103600310451,0.00046261036003104487,0,2322,1.0066019246764545e-06,0.9845772707430871,2322,1.0066019246764545e-06,0.9845772732536773,2322,1.0066019246764545e-06,0.9845772707430871,False,0,1735,-24.523026609742722,-24.5230266097428,True,False,accepted,L-BFGS-B,True,5.417622981174261e-10,2.5288122996281376e-07,1.214235868038562e-09,2.2948544859957565e-06,13811.758763338206,8.379800186600339e-07,-2.6645352591003757e-14,-7.815970093361102e-14,2.294854468232188e-06,2.294854503759325e-06,-3.552713678800501e-14,2.294854503759325e-06,4.5997090075186496e-08,False,0,none,True,3.95810899999924,2.029019599984167,0.00043229792610333106,ok,0.0001251719376717347,0.00017275368636682383,0.02940379520994077,0.004205434412474195,,,,,618.5125633999996
111,111,96,96,675,675,675,1,9.768116648878333e-07,9.768116648878333e-07,0.02586529144145201,0.00020701004349472934,0.00020701004349472907,0,2132,9.773396174245807e-07,0.9994598064712258,2132,9.773396174245807e-07,0.9994597909803067,2132,9.773396174245807e-07,0.9994598064712258,False,0,1734,-24.523037743354983,-24.523037743355015,True,False,accepted,L-BFGS-B,True,1.1716529088386104e-09,2.482947284476806e-07,1.4718798969932604e-09,1.1133612275671112e-05,13811.758763338206,8.163885408529747e-07,-2.6645352591003757e-14,-3.197442310920451e-14,1.1133612261460257e-05,1.113361221527498e-05,4.618527782440651e-14,1.1133612261460257e-05,2.2277224522920515e-07,False,0,none,True,4.074803700001212,0.9389536999806296,0.0004211643138880561,ok,0.00012396007220180516,0.0001710811531201146,0.0290226773132958,0.004150925587803198,,,,,623.6340822000057
112,112,96,96,677,677,,1,-9.675223981986392e-07,9.675223981986392e-07,0.07011054842411434,0.00017482039554843665,0.00017482039554843573,0,2984,9.684571968334665e-07,0.9990347548266626,2984,9.684571968334665e-07,0.9990347484723315,2984,9.684571968334665e-07,0.9990347548266626,False,0,1733,-24.523037743354983,-24.523037743355015,False,True,projected_residual,L-BFGS-B>Newton-CG>trust-krylov,False,1.8122737604011404e-09,3.2735908860488954e-07,1.553604229570815e-09,1.5324177166320396e-05,13811.758763338206,8.321854449502841e-07,-2.6645352591003757e-14,-3.197442310920451e-14,,,,,,False,0,none,False,3.8606224000104703,3.823415799997747,,,,,,,,,,,631.3709151000076
113,113,96,96,1052,1052,,1,-9.67006259955383e-07,9.67006259955383e-07,0.0696401159767788,0.00017845632388909495,0.00017845632388909435,0,2984,9.684571968334665e-07,0.9985018058796739,2984,9.684571968334665e-07,0.998501809358328,2984,9.684571968334665e-07,0.9985018058796739,False,0,1732,-24.523037743354983,-24.523037743355015,False,True,projected_residual,L-BFGS-B>Newton-CG>trust-krylov,False,1.94626395587723e-09,3.590656687372983e-07,1.5420356567982464e-09,1.4690418112195403e-05,13811.758763338206,8.3210555036628e-07,-2.6645352591003757e-14,-3.197442310920451e-14,,,,,,False,0,none,False,4.012169299996458,2.921610800025519,,,,,,,,,,,638.3568975999951
114,114,96,96,570,570,,1,-9.516086745264829e-07,9.516086745264829e-07,0.06907197120950478,0.00018023354793397493,0.00018023354793397512,0,2984,9.684571968334665e-07,0.9826027186724693,2984,9.684571968334665e-07,0.9826027036569497,2984,9.684571968334665e-07,0.9826027186724693,False,0,1731,-24.523037743354983,-24.523037743355015,False,True,projected_residual,L-BFGS-B>Newton-CG>trust-krylov,False,3.764244105342417e-09,7.127257151571566e-07,1.5281476485680608e-09,1.3947270421255098e-05,13811.758763338206,8.284200405800357e-07,-2.6645352591003757e-14,-3.197442310920451e-14,,,,,,False,0,none,False,3.9761964999779593,6.110358100006124,,,,,,,,,,,648.4928983999998
115,115,97,97,318,318,318,1,-9.414138748553569e-07,9.414138748553569e-07,0.07093589646773163,0.0001639540201899136,0.00016395402018991423,0,2984,9.684571968334665e-07,0.9720758727731774,2984,9.684571968334665e-07,0.972075865194783,2984,9.684571968334665e-07,0.9720758727731774,False,0,1730,-24.523054238779864,-24.52305423877997,True,False,accepted,L-BFGS-B,True,2.7682838770476298e-11,4.81967739348276e-09,1.5743711977052541e-09,1.6495424890905497e-05,13811.758763338206,8.314752217089549e-07,-2.6645352591003757e-14,-1.0658141036401503e-13,1.6495424880247356e-05,1.6495424954854343e-05,-7.460698725481052e-14,1.6495424954854343e-05,3.300084990970869e-07,False,0,none,True,3.91526160002104,0.6583136999979615,0.00040466888893320174,ok,0.00011904833187880835,0.0001643023074534482,0.028448623636879652,0.00406882240798675,,,,,653.154701099993
116,116,98,98,1356,1356,1356,1,-8.200815240222425e-07,8.200815240222425e-07,0.0693795788234889,0.00013700327266089835,0.0001370032726608984,0,3286,8.214769683738381e-07,0.9983012982648096,3286,8.214769683738381e-07,0.9983013012010531,3286,8.214769683738381e-07,0.9983012982648096,False,0,1729,-24.523072154512143,-24.523072154512263,True,False,accepted,L-BFGS-B>Newton-CG,True,1.556918308161615e-13,2.6009804163010637e-11,1.5985890160510157e-09,1.7915732282602903e-05,13811.758763338206,8.363919853093815e-07,-2.6645352591003757e-14,-1.2079226507921703e-13,1.791573227905019e-05,1.7915732293261044e-05,-1.4210854715202004e-14,1.7915732293261044e-05,3.584146458652209e-07,False,0,none,True,3.8865236999990884,1.0757721999834757,0.0003867531566399407,ok,0.00011440735637962228,0.00015789715274596824,0.02781172582926158,0.003977731039057583,,,,,658.2295274999924
117,117,99,99,939,939,939,1,-8.079228965840457e-07,8.079228965840457e-07,0.26474472315105496,5.536549854851537e-05,5.536549854851533e-05,0,1285,8.078503980348484e-07,1.0000897425431412,1285,8.078503980348484e-07,1.000089735911235,1285,8.078503980348484e-07,1.0000897425431412,False,0,1728,-24.523178622403606,-24.523178622403577,True,False,accepted,L-BFGS-B,True,8.280684460278934e-12,5.67460465859167e-10,2.4592531036926975e-09,0.00010646789145596358,18061.78985498934,1.2214072875327275e-07,-2.6645352591003757e-14,2.842170943040401e-14,0.00010646789146306901,0.00010646789131385503,1.4921397450962104e-13,0.00010646789146306901,2.12945782926138e-06,False,0,none,True,3.9109135000035167,0.6572422000172082,0.00028028526532608566,ok,9.030923976924271e-05,0.0001246385921102905,0.02367618192861273,0.0033862509763680332,,,,,662.902983100008
118,118,100,100,216,216,216,1,-6.013128212023489e-07,6.013128212023489e-07,0.0005350922947416428,0.0016668112860098658,0.0016668112860098651,0,1882,6.013286023465968e-07,0.9999737562055315,1882,6.013286023465968e-07,0.9999737571611379,1882,6.013286023465968e-07,0.9999737562055315,False,0,1727,-24.523178687475756,-24.52317868747573,True,False,accepted,L-BFGS-B,True,1.4245816392127158e-10,3.948872798144945e-07,1.0360756527756968e-09,6.507215744022687e-08,18061.78985498934,1.2190669346212601e-07,-2.6645352591003757e-14,2.4868995751603507e-14,6.507215033479952e-08,6.50721538875132e-08,-3.552713678800501e-15,6.50721538875132e-08,1.401443077750264e-09,False,0,none,True,3.869928300002357,0.5694905999989714,0.00028022019317219815,ok,9.030720920530557e-05,0.0001246357896658124,0.023673433360631643,0.003385857866489184,,,,,667.447368299996
119,119,101,101,300,300,300,1,6.031291817087947e-07,6.031291817087947e-07,0.00016430453788121848,0.005649071508468332,0.005649071508468332,0,201,6.106416368467236e-07,0.9876974403895511,201,6.106416368467236e-07,0.9876974410427681,201,6.106416368467236e-07,0.9876974403895511,False,0,1726,-24.523178693175183,-24.523178693175126,True,False,accepted,L-BFGS-B,True,7.252138297486467e-11,6.792561929648709e-07,1.0106765876742791e-09,5.6994267083609884e-09,18061.78985498934,1.2192467348237646e-07,-2.6645352591003757e-14,5.684341886080802e-14,5.6994267083609884e-09,5.699394733937879e-09,3.197442310920451e-14,5.6994267083609884e-09,2.1398853416721978e-10,False,0,none,True,3.907853000011528,0.5591799000103492,0.0002802144937774642,ok,9.030694682714075e-05,0.00012463542754954227,0.02367319261025271,0.0033858234335215633,,,,,672.0143830000015
120,120,102,102,1231,1231,1231,1,5.223904398464485e-07,5.223904398464485e-07,2.0443273105901853e-06,0.03170446286836804,0.03170446286836805,0,1441,5.244050058764998e-07,0.9961583775755838,1441,5.244050058764998e-07,0.9961583775813695,1441,5.244050058764998e-07,0.9961583775755838,False,0,1725,-24.523178693310925,-24.52317869331092,True,False,accepted,L-BFGS-B,True,4.5320389323795246e-11,2.7505454253104097e-06,1.0016476873607235e-09,1.3574918966696714e-10,18061.78985498934,1.2199639092685954e-07,-2.6645352591003757e-14,3.552713678800501e-15,1.3574208423960954e-10,1.3579537494479155e-10,-5.3290705182007514e-14,1.3579537494479155e-10,1.0271590749889583e-10,False,0,none,True,3.883062600012636,0.5500913000141736,0.00028021435798208927,ok,9.030694628016794e-05,0.00012463542679464805,0.02367318687620208,0.003385822613417435,,,,,676.543313400005
121,121,103,103,1669,1669,1669,1,-7.304068871434729e-07,7.304068871434729e-07,1.8108986116820587e-10,0.8371512863507933,0.8371512863507933,0,3338,9.10776349340757e-07,0.8019607532322945,3338,9.10776349340757e-07,0.801960753232305,3338,9.10776349340757e-07,0.8019607532322945,False,0,1724,-24.523178693311298,-24.523178693311387,True,False,accepted,L-BFGS-B,True,2.5584415619332846e-11,2.9323347640280837e-05,1.0000872493002273e-09,3.836930773104541e-13,18061.78985498934,1.2195329038289238e-07,-2.6645352591003757e-14,-8.881784197001252e-14,3.730349362740526e-13,4.654054919228656e-13,-9.237055564881302e-14,1e-12,1.0002000000000001e-10,False,0,none,True,3.8938492000161204,0.5487422999867704,0.0002802143575166838,ok,9.030694622036485e-05,0.00012463542671211196,0.023673186860125664,0.0033858226111181293,,,,,681.0871472999861
122,122,103,103,693,693,,1,-4.999140768013888e-07,4.999140768013888e-07,0.01570462810046598,0.0002038649501791664,0.0002038649501791664,0,3338,5.323640682907094e-07,0.939045488938595,3338,5.323640682907094e-07,0.9390454924115142,3338,5.323640682907094e-07,0.939045488938595,False,0,1723,-24.523178693311298,-24.523178693311387,False,True,projected_residual,L-BFGS-B>Newton-CG>trust-krylov,False,1.900066867746051e-09,7.748448435639943e-07,1.2452190117193606e-09,3.00664183328081e-06,18061.78985498934,1.1868480663534964e-07,-2.6645352591003757e-14,-8.881784197001252e-14,,,,,,False,0,none,False,3.8435670000035316,13.978652299992973,,,,,,,,,,,698.9664757999999
123,123,104,104,664,664,664,1,-4.995802420637574e-07,4.995802420637574e-07,0.015876341196734377,0.00019937391791291964,0.0001993739179129198,0,3338,5.323640682907094e-07,0.9384184091683482,3338,5.323640682907094e-07,0.938418398157292,3338,5.323640682907094e-07,0.9384184091683482,False,0,1722,-24.523181832734814,-24.523181832734796,True,False,accepted,L-BFGS-B>Newton-CG,True,9.044723365798589e-10,3.609583002484158e-07,1.250575298021237e-09,3.139423519371576e-06,18061.78985498934,1.1919847978797415e-07,-2.6645352591003757e-14,1.7763568394002505e-14,3.139423515818862e-06,3.1394234092374518e-06,1.0658141036401503e-13,3.139423515818862e-06,6.288847031637723e-08,False,0,none,True,3.897039000003133,2.2626281999982893,0.0002770749341074463,ok,9.000451073788829e-05,0.00012421802609135162,0.023540197328748614,0.0033668019796738325,,,,,705.233711799985
124,124,104,104,384,384,,1,4.774538977514453e-07,4.774538977514453e-07,0.0820963494737838,8.347596881271272e-05,8.347596881271295e-05,0,3338,5.323639785271057e-07,0.8968561304099116,3338,5.323639785271057e-07,0.8968561768624179,3338,5.323639785271057e-07,0.8968561304099116,False,0,1721,-24.523181832734814,-24.523181832734796,False,True,projected_residual,L-BFGS-B>Newton-CG>trust-krylov,False,3.969550309704841e-09,6.941378149345533e-07,1.5718677507980328e-09,1.6351716411122652e-05,18061.78985498934,1.2676972616781912e-07,-2.6645352591003757e-14,1.7763568394002505e-14,,,,,,False,0,none,False,3.874635100015439,15.594492299976991,,,,,,,,,,,724.7619020999991
125,125,104,104,1196,1196,,1,4.7116656887169484e-07,4.7116656887169484e-07,0.0826674446711292,8.498282935008297e-05,8.498282935008277e-05,0,3338,5.323639785271057e-07,0.8850459232333373,3338,5.323639785271057e-07,0.8850459211623606,3338,5.323639785271057e-07,0.8850459232333373,False,0,1720,-24.523181832734814,-24.523181832734796,False,True,projected_residual,L-BFGS-B>Newton-CG>trust-krylov,False,2.4736845474874178e-08,4.462482562632729e-06,1.5543292355249048e-09,1.536411449265529e-05,18061.78985498934,1.2369623856450795e-07,-2.6645352591003757e-14,1.7763568394002505e-14,,,,,,False,0,none,False,3.886988599988399,4.42566170002101,,,,,,,,,,,733.1283622999908
126,126,105,105,1474,1474,1474,1,4.671896305374901e-07,4.671896305374901e-07,0.0814647614005674,7.971378517637498e-05,7.971378517637471e-05,0,3338,5.323639785271057e-07,0.8775755862184105,3338,5.323639785271057e-07,0.8775755458949628,3338,5.323639785271057e-07,0.8775755862184105,False,0,1719,-24.52319900154184,-24.523199001541904,True,False,accepted,L-BFGS-B>Newton-CG,True,9.796992060553973e-14,1.671894418552058e-11,1.5859815040855658e-09,1.7168807033840494e-05,18061.78985498934,1.3034212180407234e-07,-2.6645352591003757e-14,-6.394884621840902e-14,1.7168807026735067e-05,1.716880710844748e-05,-8.171241461241152e-14,1.716880710844748e-05,3.4347614216894965e-07,False,0,none,True,4.804858400020748,1.2339083999977447,0.00025990612699899884,ok,8.884346835587129e-05,0.00012261563536981814,0.02279918218473501,0.0032608193823747676,,,,,739.2838989000011
127,127,106,106,913,913,913,1,5.301974228544282e-07,5.301974228544282e-07,0.09578661703870177,7.15073656704129e-05,7.150736567041297e-05,0,3338,5.323639944736371e-07,0.9959302814583636,3338,5.323639944736371e-07,0.9959303064565108,3338,5.323639944736371e-07,0.9959302814583636,False,0,1718,-24.523226489290984,-24.523226489291062,True,False,accepted,L-BFGS-B,True,6.773602164758009e-10,9.135510024696963e-08,1.741458566237269e-09,2.748774915062313e-05,18061.78985498934,1.902004156742465e-07,-2.6645352591003757e-14,-7.815970093361102e-14,2.7487749143517703e-05,2.7487749157728558e-05,-1.4210854715202004e-14,2.7487749157728558e-05,5.498549831545712e-07,False,0,none,True,3.899514199991245,0.5960091999731958,0.00023241837784127028,ok,8.27182381256965e-05,0.00011416201452004563,0.02155986290600714,0.0030835675716614735,,,,,743.8846117999929
128,128,107,107,1831,1831,1831,1,4.669912629928774e-07,4.669912629928774e-07,0.15585705354734022,7.502194000825636e-05,7.502194000825637e-05,0,3338,5.323639655391344e-07,0.8772029912279039,3338,5.323639655391344e-07,0.8772030029340724,3338,5.323639655391344e-07,0.8772029912279039,False,0,1717,-24.523245838631393,-24.52324583863136,True,False,accepted,L-BFGS-B,True,1.6636485072360918e-10,2.6742508643987446e-08,1.6220988948283027e-09,1.934934040903613e-05,18061.78985498934,4.249770363118355e-07,-2.6645352591003757e-14,3.197442310920451e-14,1.934934040903613e-05,1.9349340298902007e-05,1.1013412404281553e-13,1.934934040903613e-05,3.8708680818072265e-07,False,0,none,True,3.874329599988414,0.6349008999823127,0.00021306903754236828,ok,7.885023614069014e-05,0.00010882366461340412,0.020642937387309702,0.002952425652651566,,,,,748.4962809999997
129,129,108,108,1348,1348,1348,1,4.429203267208859e-07,4.429203267208859e-07,6.008451054511217e-05,0.006648841380578427,0.00664884138057843,0,3338,5.323640029531176e-07,0.8319877457227164,3338,5.323640029531176e-07,0.8319877462873376,3338,5.323640029531176e-07,0.8319877457227164,False,0,1716,-24.523245840850212,-24.523245840850304,True,False,accepted,L-BFGS-B,True,1.472553981969161e-10,2.210515411523716e-06,1.0066615865887772e-09,2.218829564526459e-09,18061.78985498934,4.249762320801542e-07,-2.6645352591003757e-14,-9.237055564881302e-14,2.2188189063854225e-09,2.2189432513641805e-09,-1.2434497875801753e-13,2.2189432513641805e-09,1.443788650272836e-10,False,0,none,True,3.8666936000226997,0.7640359000070021,0.00021306681859911691,ok,7.885022751655992e-05,0.00010882365271097363,0.0206428299015748,0.002952410279662971,,,,,753.2334207999811
130,130,108,108,762,762,,1,4.1961940633328254e-07,4.1961940633328254e-07,0.08013925251073704,7.966830373590574e-05,7.966830373590565e-05,0,3338,5.323640185925577e-07,0.7882189473335468,3338,5.323640185925577e-07,0.7882189310759075,3338,5.323640185925577e-07,0.7882189473335468,False,0,1715,-24.523245840850212,-24.523245840850304,False,True,projected_residual,L-BFGS-B>Newton-CG>trust-krylov,False,5.055549789441061e-08,9.598436481183047e-06,1.5267055524461776e-09,1.387102010852459e-05,18061.78985498934,4.2856288230003203e-07,-2.6645352591003757e-14,-9.237055564881302e-14,,,,,,False,0,none,False,3.873033200012287,5.208428200014168,,,,,,,,,,,762.3793798999977
131,131,109,109,795,795,795,1,4.189959343925409e-07,4.189959343925409e-07,0.08086042830305525,8.234804695915357e-05,8.234804695915358e-05,0,3338,5.323640185925577e-07,0.7870478089414557,3338,5.323640185925577e-07,0.7870478069205166,3338,5.323640185925577e-07,0.7870478089414557,False,0,1714,-24.523258785229977,-24.523258785230013,True,False,accepted,L-BFGS-B>Newton-CG,True,1.730804422362852e-13,3.401681108151643e-11,1.508808547107848e-09,1.2944379776058668e-05,18061.78985498934,4.3838616815145004e-07,-2.6645352591003757e-14,-3.552713678800501e-14,1.2944379765400527e-05,1.2944379708557108e-05,5.684341886080802e-14,1.2944379765400527e-05,2.5898759530801054e-07,False,0,none,True,3.8819838000054006,1.0107765999855474,0.0002001224388905598,ok,7.72981448603144e-05,0.00010668157513831836,0.020005935376771592,0.002861319380253554,,,,,767.3775139999925
132,132,110,110,511,511,511,1,3.9828694786692154e-07,3.9828694786692154e-07,0.040253983594744955,0.00013603138751896817,0.0001360313875189682,0,3338,5.323639852625759e-07,0.7481478065622263,3338,5.323639852625759e-07,0.7481478056733679,3338,5.323639852625759e-07,0.7481478065622263,False,0,1713,-24.523263071602116,-24.523263071602123,True,False,accepted,L-BFGS-B,True,1.3945634619084268e-11,4.763007173936169e-09,1.29279054407889e-09,4.2863721461117166e-06,18061.78985498934,4.41216178932724e-07,-2.6645352591003757e-14,-7.105427357601002e-15,4.286372139006289e-06,4.28637211058458e-06,2.842170943040401e-14,4.286372139006289e-06,8.582744278012578e-08,False,0,none,True,3.8624967000214383,0.6467121000168845,0.00019583606677997523,ok,7.630293204679344e-05,0.00010530805096466433,0.019790517127830094,0.002830509503137173,,,,,771.9949302999885
133,133,111,111,1767,1767,1767,1,3.9312550148551395e-07,3.9312550148551395e-07,0.0930968230418795,6.399668068870384e-05,6.399668068870382e-05,0,3338,5.323639724161985e-07,0.7384524908800011,3338,5.323639724161985e-07,0.7384524845547518,3338,5.323639724161985e-07,0.7384524908800011,False,0,1712,-24.523281939827413,-24.523281939827356,True,False,accepted,L-BFGS-B>Newton-CG,True,9.386821149034719e-14,1.528046218429645e-11,1.614302174621488e-09,1.886822531105281e-05,18061.78985498934,4.6850956694766133e-07,-2.6645352591003757e-14,5.684341886080802e-14,1.8868225296841956e-05,1.886822523289311e-05,6.394884621840902e-14,1.8868225296841956e-05,3.774645059368391e-07,False,0,none,True,3.890432200016221,1.6190148000023328,0.00017696784154708212,ok,7.3431181227219e-05,0.00010134465829346134,0.018812968274294385,0.002690697021136757,,,,,777.6113292000082
134,134,112,112,1634,1634,1634,1,-4.2350170037508406e-07,4.2350170037508406e-07,0.12093420894090467,6.320683340756089e-05,6.320683340756089e-05,0,3338,5.323639965897974e-07,0.7955115355056682,3338,5.323639965897974e-07,0.7955115277778676,3338,5.323639965897974e-07,0.7955115355056682,False,0,1711,-24.523304385451027,-24.523304385451105,True,False,accepted,L-BFGS-B>Newton-CG,True,1.1416490603282442e-13,1.7038915994657746e-11,1.6700244667478778e-09,2.2445623621081268e-05,18061.78985498934,5.622520139053622e-07,-2.6645352591003757e-14,-7.815970093361102e-14,2.244562361397584e-05,2.244562374897896e-05,-1.3500311979441904e-13,2.244562374897896e-05,4.490124749795792e-07,False,0,none,True,3.8773314999998547,1.7739900999877136,0.00015452221779810316,ok,6.984250763428796e-05,9.639181819305514e-05,0.017579465789394722,0.0025142771487756638,,,,,783.371360899997
135,135,112,112,388,388,,1,3.895911304674371e-07,3.895911304674371e-07,0.31239148911681663,4.146805765599735e-05,4.146805765599735e-05,0,3338,5.323639750314829e-07,0.731813474877592,3338,5.323639750314829e-07,0.7318134471707054,3338,5.323639750314829e-07,0.731813474877592,False,0,1710,-24.523304385451027,-24.523304385451105,False,True,projected_residual,L-BFGS-B>Newton-CG>trust-krylov,False,3.763359799368072e-09,4.0057209946235826e-07,1.939496236612384e-09,4.4131224573362715e-05,24114.946696939784,-5.459153593762034e-07,-2.6645352591003757e-14,-7.815970093361102e-14,,,,,,False,0,none,False,3.8894713999761734,17.272783199994592,,,,,,,,,,,804.5994942999969
136,136,112,112,873,873,,1,3.8912430966320244e-07,3.8912430966320244e-07,0.3102251985717101,4.197553549363723e-05,4.1975535493637114e-05,0,3338,5.323639750314829e-07,0.730936592094141,3338,5.323639750314829e-07,0.730936562823997,3338,5.323639750314829e-07,0.730936592094141,False,0,1709,-24.523304385451027,-24.523304385451105,False,True,projected_residual,L-BFGS-B>Newton-CG>trust-krylov,False,1.3670578172806391e-08,1.4746708223905318e-06,1.9270257446774154e-09,4.296743694354177e-05,23823.40066040574,-5.436610588105406e-07,-2.6645352591003757e-14,-7.815970093361102e-14,,,,,,False,0,none,False,3.9126045999873895,14.735027200018521,,,,,,,,,,,823.3132371999964
137,137,112,112,1676,1676,,1,3.8171812510867653e-07,3.8171812510867653e-07,0.30907361438236536,4.176250257751589e-05,4.17625025775159e-05,0,3338,5.323639750314829e-07,0.7170247105584154,3338,5.323639750314829e-07,0.7170247076551141,3338,5.323639750314829e-07,0.7170247105584154,False,0,1708,-24.523304385451027,-24.523304385451105,False,True,projected_residual,L-BFGS-B>Newton-CG>trust-krylov,False,1.575304456589361e-08,1.7234891919944147e-06,1.9140205020760386e-09,4.1770309067601374e-05,23944.925190818954,-5.392725953221045e-07,-2.6645352591003757e-14,-7.815970093361102e-14,,,,,,False,0,none,False,3.9133161999925505,3.7340378999942914,,,,,,,,,,,831.0245012000087
138,138,113,113,173,173,173,1,3.792145486514187e-07,3.792145486514187e-07,0.3139659418999351,4.040400413889092e-05,4.04040041388909e-05,0,3338,5.323639750314829e-07,0.7123219572267127,3338,5.323639750314829e-07,0.7123219432274671,3338,5.323639750314829e-07,0.7123219572267127,False,0,1707,-24.52334842839685,-24.523348428396837,True,False,accepted,L-BFGS-B>Newton-CG,True,1.251560352376849e-13,1.3334954836451597e-11,1.938556123906518e-09,4.404294583437718e-05,24750.022214690616,-5.433781705005414e-07,-2.6645352591003757e-14,1.4210854715202004e-14,4.404294582371904e-05,4.404294573134848e-05,9.237055564881302e-14,4.404294582371904e-05,8.809589164743808e-07,False,0,none,True,3.8929982999979984,1.1033050999976695,0.00011047927206675467,ok,5.074720628438008e-05,7.003779857938515e-05,0.01486453296705695,0.002125977888863972,,,,,836.1516118999862
139,139,114,114,148,148,148,1,-3.667411190289016e-07,3.667411190289016e-07,0.012825217378552196,0.00019248409673252567,0.00019248409673252573,0,3338,5.323639864011022e-07,0.6888916763663003,3338,5.323639864011022e-07,0.688891678258745,3338,5.323639864011022e-07,0.6888916763663003,False,0,1706,-24.523350243500538,-24.523350243500516,True,False,accepted,L-BFGS-B,True,3.3050417758603066e-10,1.734652069794466e-07,1.1905305296324877e-09,1.8151036798030873e-06,24750.022214690616,-5.445165029011045e-07,-2.6645352591003757e-14,2.1316282072803006e-14,1.8151036869085146e-06,1.8151036798030873e-06,7.105427357601002e-15,1.8151036869085146e-06,3.640207373817029e-08,False,0,none,True,3.9566140999959316,0.9677506999869365,0.00010866416838695159,ok,5.047419988907512e-05,6.966101395762483e-05,0.014741916920572617,0.0021084409097861002,,,,,841.1842245000007
140,140,114,114,1272,1272,,1,-3.0979100973382856e-07,3.0979100973382856e-07,0.13821896174182097,4.229720078551462e-05,4.22972007855147e-05,0,3338,5.323640326304586e-07,0.5819157395046455,3338,5.323640326304586e-07,0.5819157518309966,3338,5.323640326304586e-07,0.5819157395046455,False,0,1705,-24.523350243500538,-24.523350243500516,False,True,projected_residual,L-BFGS-B>Newton-CG>trust-krylov,False,6.498468601985132e-08,8.87362158522431e-06,1.7323355565224797e-09,2.681489083400379e-05,24750.022214690616,-3.718718349782213e-07,-2.6645352591003757e-14,2.1316282072803006e-14,,,,,,False,0,none,False,3.8828119999961928,7.473826300003566,,,,,,,,,,,852.6084515999828
141,141,115,115,1225,1225,1225,1,-3.056988293614893e-07,3.056988293614893e-07,0.1371297801529691,4.199658750997664e-05,4.199658750997662e-05,0,3338,5.323640326304586e-07,0.5742289310023516,3338,5.323640326304586e-07,0.5742289179171859,3338,5.323640326304586e-07,0.5742289310023516,False,0,1704,-24.5233767297199,-24.52337672971983,True,False,accepted,L-BFGS-B>Newton-CG,True,8.41325905152747e-14,1.1559316390584894e-11,1.727833616387566e-09,2.6486219372401365e-05,24750.022214690616,-4.161113575928965e-07,-2.6645352591003757e-14,7.105427357601002e-14,2.6486219361743224e-05,2.6486219312005232e-05,4.973799150320701e-14,2.6486219361743224e-05,5.298243872348645e-07,False,0,none,True,3.887808600004064,3.7049712000007275,8.217794907494635e-05,ok,4.1775933439309136e-05,5.765626575169164e-05,0.012820038473183835,0.0018335670813726579,,,,,860.3152899999986
142,142,116,116,922,922,922,1,2.632557136728053e-07,2.632557136728053e-07,0.0001282374125747637,0.0032938473092672983,0.0032938473092672975,0,3338,5.323640183796916e-07,0.49450320567128675,3338,5.323640183796916e-07,0.494503206096007,3338,5.323640183796916e-07,0.49450320567128675,True,1,1703,-24.523376732913754,-24.523376732913725,True,False,accepted,L-BFGS-B,True,1.8802509644275342e-10,2.3525655342761457e-06,1.0079923425597836e-09,3.1938682809595775e-09,24750.022214690616,-4.161143213055052e-07,-2.6645352591003757e-14,2.842170943040401e-14,3.1938540701048623e-09,3.193896702669008e-09,-4.263256414560601e-14,3.193896702669008e-09,1.6387793405338015e-10,False,0,none,True,3.863488100003451,0.8631205999990925,8.217475517824369e-05,ok,4.1775722285003114e-05,5.765597433106306e-05,0.012819789342610194,0.0018335314498400578,,,,,865.1594009999826
143,143,117,117,248,248,248,1,2.626068915656532e-07,2.626068915656532e-07,0.007837705161216638,0.0003235897133249298,0.00032358971332493,0,3338,5.323640321853551e-07,0.4932844363802181,3338,5.323640321853551e-07,0.4932844301488379,3338,5.323640321853551e-07,0.4932844363802181,True,2,1702,-24.523377062204375,-24.52337706220431,True,False,accepted,L-BFGS-B,True,2.5008929682602628e-12,3.0817023752344806e-09,1.0811529688382051e-09,3.292906285423669e-07,24750.022214690616,-4.1678308904807837e-07,-2.6645352591003757e-14,6.394884621840902e-14,3.2929062143693955e-07,3.2929058590980276e-07,3.552713678800501e-14,3.2929062143693955e-07,6.6858124287387915e-09,False,0,none,True,3.8725604999926873,0.71338700002525,8.184546459233388e-05,ok,4.173090891038921e-05,5.759412599822513e-05,0.012794077414643862,0.001829854039291228,,,,,869.8582601999806
144,144,118,118,407,407,407,1,-2.9513654675739076e-07,2.9513654675739076e-07,0.012726251758896578,0.00019420422428532012,0.0001942042242853204,0,3338,5.32364031766933e-07,0.5543885934175967,3338,5.32364031766933e-07,0.5543885781075905,3338,5.32364031766933e-07,0.5543885934175967,False,0,1701,-24.523378216994693,-24.523378216994605,True,False,accepted,L-BFGS-B,True,1.1593308208614917e-10,7.628550543335136e-08,1.151972621047175e-09,1.1547903255859637e-06,24750.022214690616,-4.1699791594740354e-07,-2.6645352591003757e-14,8.881784197001252e-14,1.1547903184805364e-06,1.1547902936115406e-06,2.4868995751603507e-14,1.1547903184805364e-06,2.319580636961073e-08,False,0,none,True,3.879775100009283,0.6263751999940723,8.069067429872234e-05,ok,4.1560972918981065e-05,5.7359592048298215e-05,0.012703496602853906,0.0018168988523743178,,,,,874.480618600006
145,145,119,119,1306,1306,1306,1,-2.6125886787298214e-07,2.6125886787298214e-07,0.14075257006056696,5.4464444731381325e-05,5.446444473138153e-05,0,3338,5.323640200582778e-07,0.49075230111227686,3338,5.323640200582778e-07,0.49075228391926495,3338,5.323640200582778e-07,0.49075230111227686,True,1,1700,-24.52338972249829,-24.523389722498248,True,False,accepted,L-BFGS-B>Newton-CG,True,1.1291138340783822e-13,2.3537500084010985e-11,1.4797084779812232e-09,1.1505503593411959e-05,24750.022214690616,-3.778429134362882e-07,-2.6645352591003757e-14,4.263256414560601e-14,1.1505503596964672e-05,1.150550364314995e-05,-4.618527782440651e-14,1.150550364314995e-05,2.30210072862999e-07,False,0,none,True,3.914146700000856,2.663417700008722,6.918517065557239e-05,ok,3.936408263852652e-05,5.432759540790692e-05,0.0117630020603023,0.0016823860085134839,,,,,881.1746800999972
146,146,119,119,88,88,,1,-3.1805376732307877e-07,3.1805376732307877e-07,0.12304042273395385,4.6850640191239966e-05,4.685064019123998e-05,0,3338,5.323640182549837e-07,0.5974366343646128,3338,5.323640182549837e-07,0.5974366815324651,3338,5.323640182549837e-07,0.5974366343646128,False,0,1699,-24.52338972249829,-24.523389722498248,False,True,projected_residual,L-BFGS-B>Newton-CG>trust-krylov,False,3.4713321365974346e-09,5.11341055454892e-07,1.6788682621052825e-09,2.3042308423981694e-05,24750.022214690616,-2.9263232158988073e-07,-2.6645352591003757e-14,4.263256414560601e-14,,,,,,False,0,none,False,3.866331800003536,14.913160700001754,,,,,,,,,,,900.0247313999862
147,147,120,120,1605,1605,1605,1,-3.167284932104053e-07,3.167284932104053e-07,0.12409190971259929,4.599442330206034e-05,4.599442330206026e-05,0,3338,5.323640182549837e-07,0.594947220979731,3338,5.323640182549837e-07,0.5949472256039854,3338,5.323640182549837e-07,0.594947220979731,False,0,1698,-24.523413431861965,-24.523413431861826,True,False,accepted,L-BFGS-B>Newton-CG,True,9.815750478074568e-14,1.4254141325667531e-11,1.688624467360884e-09,2.3709363684787377e-05,24750.022214690616,-2.924352453526069e-07,-2.6645352591003757e-14,1.3855583347321954e-13,2.3709363674129236e-05,2.3709363578205966e-05,9.592326932761353e-14,2.3709363674129236e-05,4.7428727348258474e-07,False,0,none,True,3.893719100015005,4.11995309998747,4.5475807077366426e-05,ok,3.0018210406545034e-05,4.1429066309297957e-05,0.009536822738161086,0.001363989996610026,,,,,908.1520313000074
148,148,121,121,649,649,649,1,2.413917794541476e-07,2.413917794541476e-07,0.00614102405049765,0.00024071377641815065,0.00024071377641815065,0,3338,5.32364031788205e-07,0.45343367515516636,3338,5.32364031788205e-07,0.4534336632498722,3338,5.32364031788205e-07,0.45343367515516636,True,1,1697,-24.52341393468201,-24.52341393468181,True,False,accepted,L-BFGS-B,True,5.181102559287757e-10,5.166549280966294e-07,1.1002816827543885e-09,5.028200646961523e-07,24750.022214690616,-2.93336301422642e-07,-2.6645352591003757e-14,2.0250467969162855e-13,5.028200469325839e-07,5.028199829837376e-07,6.394884621840902e-14,5.028200469325839e-07,1.0156400938651677e-08,False,0,none,True,3.9179452000244055,0.8659710999927483,4.497298709438269e-05,ok,2.9915199610387617e-05,4.128689790396062e-05,0.009483952177131287,0.0013564282626510587,,,,,913.0547733999847
149,149,122,122,809,809,809,1,2.3398877591063183e-07,2.3398877591063183e-07,0.024745399011943444,0.00015995885465187637,0.0001599588546518763,0,3338,5.323640244030256e-07,0.43952777645525287,3338,5.323640244030256e-07,0.439527777181216,3338,5.323640244030256e-07,0.43952777645525287,True,2,1696,-24.523415004298418,-24.523415004298336,True,False,accepted,L-BFGS-B,True,8.845908704653503e-11,6.04804135401108e-08,1.14626071792295e-09,1.0696164061130276e-06,24750.022214690616,-2.9346985200295883e-07,-2.6645352591003757e-14,8.171241461241152e-14,1.0696164061130276e-06,1.0696165269052926e-06,-1.2079226507921703e-13,1.0696165269052926e-06,2.1492330538105854e-08,False,0,none,True,3.8810856999771204,0.6781222999852616,4.3903370567477396e-05,ok,2.9569218295946238e-05,4.080939832541663e-05,0.009370491126011547,0.0013402006632732362,,,,,917.7290056000056
150,150,123,123,1125,1125,1125,1,-1.9408105988993896e-07,1.9408105988993896e-07,0.0019633073833907207,0.0006266310091669882,0.0006266310091669877,0,3338,5.323640258598275e-07,0.3645645657151163,3338,5.323640258598275e-07,0.3645645678521182,3338,5.323640258598275e-07,0.3645645657151163,True,3,1695,-24.523415052260482,-24.523415052260347,True,False,accepted,L-BFGS-B,True,1.7205516594826594e-10,5.555239563985594e-07,1.0309716914935034e-09,4.79620645421619e-08,24750.022214690616,-2.936003559161904e-07,-2.6645352591003757e-14,1.3500311979441904e-13,4.79620645421619e-08,4.7962011251456715e-08,5.3290705182007514e-14,4.79620645421619e-08,1.059241290843238e-09,False,0,none,True,3.865831800008891,0.7354306999768596,4.385540855622594e-05,ok,2.95627745829007e-05,4.080050515652261e-05,0.009365371327534466,0.001339468411652426,,,,,922.4522517999867
151,151,124,124,366,366,366,1,-1.927690052028197e-07,1.927690052028197e-07,0.04319043292575951,0.0002238872718451973,0.00022388727184519689,0,3338,5.323640200038917e-07,0.3620999879019069,3338,5.323640200038917e-07,0.36209997948858225,3338,5.323640200038917e-07,0.3620999879019069,True,4,1694,-24.523415422926412,-24.52341542292629,True,False,accepted,L-BFGS-B>Newton-CG,True,1.0348349949103727e-13,1.2019017178405922e-10,1.0860998016351635e-09,3.7066593350232324e-07,24750.022214690616,-3.088437185855275e-07,-2.6645352591003757e-14,1.2079226507921703e-13,3.7066592994960956e-07,3.706659441604643e-07,-1.4210854715202004e-14,3.706659441604643e-07,7.513318883209286e-09,False,0,none,True,3.8431258000200614,1.5411459000024479,4.3484742612065475e-05,ok,2.9370890934921916e-05,4.053568056278035e-05,0.009325708518145525,0.0013337956968784072,,,,,927.9574021000008
152,152,125,125,1544,1544,1544,1,-1.7149762032708793e-07,1.7149762032708793e-07,0.0013773694262872755,0.0004949868256342997,0.0004949868256343,0,3338,5.323640252528084e-07,0.3221435187053583,3338,5.323640252528084e-07,0.32214351674235553,3338,5.323640252528084e-07,0.3221435187053583,True,5,1693,-24.523415482946632,-24.523415482946497,True,False,accepted,L-BFGS-B,True,2.896647881358483e-10,8.360480329575738e-07,1.0346469074403705e-09,6.002021990525463e-08,24750.022214690616,-3.08902902500241e-07,-2.6645352591003757e-14,1.3500311979441904e-13,6.002021990525463e-08,6.002020569439992e-08,1.4210854715202004e-14,6.002021990525463e-08,1.3004043981050927e-09,False,0,none,True,3.873926300002495,0.7855715000187047,4.3424722406371075e-05,ok,2.936542188855776e-05,4.052813256170365e-05,0.009319270317455955,0.0013328748827270021,,,,,932.7311816999863
153,153,126,126,350,350,350,1,-1.6440076855417374e-07,1.6440076855417374e-07,0.00033242153003306747,0.0015125428088657127,0.0015125428088657122,0,3338,5.323640309827206e-07,0.3088126901637159,3338,5.323640309827206e-07,0.3088126918126753,3338,5.323640309827206e-07,0.3088126901637159,True,6,1692,-24.523415488853566,-24.523415488853356,True,False,accepted,L-BFGS-B,True,1.7917557962348884e-10,1.6484731831315783e-06,1.0108691837669517e-09,5.906933608912368e-09,24750.022214690616,-3.089813659096219e-07,-2.6645352591003757e-14,2.0961010704922955e-13,5.906933608912368e-09,5.906859001925113e-09,7.460698725481052e-14,5.906933608912368e-09,2.1813867217824738e-10,False,0,none,True,3.8644246000039857,0.80405370000517,4.341881554736915e-05,ok,2.9365035462028903e-05,4.0527599242426087e-05,0.00931863645902373,0.0013327842260602526,,,,,937.5192206999927
154,154,127,127,793,793,793,1,-1.6321722418055629e-07,1.6321722418055629e-07,0.009974346736526687,0.00027227818452149247,0.0002722781845214925,0,3338,5.343928965087056e-07,0.30542551229046394,3338,5.343928965087056e-07,0.3054254986740098,3338,5.343928965087056e-07,0.30542551229046394,True,7,1691,-24.52341566852916,-24.523415668528976,True,False,accepted,L-BFGS-B,True,9.748359789842086e-10,1.6261950431460729e-06,1.05994582157244e-09,1.796756166072555e-07,24750.022214690616,-3.1063156336053055e-07,-2.6645352591003757e-14,1.8474111129762605e-13,1.7967559529097343e-07,1.7967562015996918e-07,-2.4868995751603507e-14,1.7967562015996918e-07,3.693512403199384e-09,False,0,none,True,3.8806108999997377,1.0841699999873526,4.323913992720918e-05,ok,2.932604059054406e-05,4.0473781206820746e-05,0.009299335101367693,0.001330023677868612,,,,,942.6037304000056
155,155,128,128,1377,1377,1377,1,1.5867182545648006e-07,1.5867182545648006e-07,0.006067063834232855,0.0002320454372439189,0.00023204543724391873,0,3338,5.343929121672978e-07,0.29691977914333945,3338,5.343929121672978e-07,0.29691978482652515,3338,5.343929121672978e-07,0.29691977914333945,True,8,1690,-24.523415902222325,-24.523415902222126,True,False,accepted,L-BFGS-B,True,5.765295676437077e-10,8.433022132529686e-07,1.0683657126215515e-09,2.3369316437538146e-07,24750.022214690616,-3.106521903745163e-07,-2.6645352591003757e-14,1.9895196601282805e-13,2.3369316437538146e-07,2.3369315016452674e-07,1.4210854715202004e-14,2.3369316437538146e-07,4.773863287507629e-09,False,0,none,True,3.895532299997285,0.7001359999994747,4.3005446777044654e-05,ok,2.9279104620413988e-05,4.040900341385858e-05,0.009274170987178561,0.0013264246175767411,,,,,947.3398955999874
156,156,129,129,94,94,94,1,-1.303703012212054e-07,1.303703012212054e-07,0.04712078478520003,7.071393409878682e-05,7.07139340987869e-05,0,3338,5.343931542596485e-07,0.24395952714218658,3338,5.343931542596485e-07,0.24395953589697777,3338,5.343931542596485e-07,0.24395952714218658,True,9,1689,-24.52341760313557,-24.523417603135474,True,False,accepted,L-BFGS-B,True,5.049278520035028e-11,2.7376345095855672e-08,1.1844394678089956e-09,1.700913237812074e-06,24750.022214690616,-3.142335719755196e-07,-2.6645352591003757e-14,9.592326932761353e-14,1.7009132449175013e-06,1.700913347946198e-06,-1.0302869668521453e-13,1.700913347946198e-06,3.411826695892396e-08,False,0,none,True,3.8737427000014577,0.7522672000050079,4.1304533429098456e-05,ok,2.8676711975658606e-05,3.957762257916489e-05,0.009088915699502391,0.0012999287534774433,,,,,952.089447300008
157,157,129,129,1790,1790,,1,-1.2690411343996288e-07,1.2690411343996288e-07,0.10879697254872223,4.6000549639937554e-05,4.6000549639937635e-05,0,3338,5.34393155730851e-07,0.23747331356893087,3338,5.34393155730851e-07,0.23747328556205355,3338,5.34393155730851e-07,0.23747331356893087,True,10,1688,-24.52341760313557,-24.523417603135474,False,True,projected_residual,L-BFGS-B>Newton-CG>trust-krylov,False,2.2033743437307935e-08,7.98800887724589e-06,1.2758352397438088e-09,3.8041903493990503e-06,24750.022214690616,-3.115663832209403e-07,-2.6645352591003757e-14,9.592326932761353e-14,,,,,,False,0,none,False,3.8853770999994595,5.228238399984548,,,,,,,,,,,961.2791982000053
158,158,129,129,1602,1602,,1,-1.26543384659783e-07,1.26543384659783e-07,0.10965838196636052,4.592092248643605e-05,4.592092248643597e-05,0,3338,5.34393155730851e-07,0.2367982884936442,3338,5.34393155730851e-07,0.23679832153534397,3338,5.34393155730851e-07,0.2367982884936442,True,11,1687,-24.52341760313557,-24.523417603135474,False,True,projected_residual,L-BFGS-B>Newton-CG>trust-krylov,False,3.5009231775977706e-08,1.2706237313535081e-05,1.2755279231144596e-09,3.795716111198999e-06,24750.022214690616,-3.1427356168844955e-07,-2.6645352591003757e-14,9.592326932761353e-14,,,,,,False,0,none,False,3.865602499980014,4.784609399997862,,,,,,,,,,,970.0033796000062
159,159,130,130,514,514,514,1,-1.2391153347834916e-07,1.2391153347834916e-07,0.0020801751783247214,0.0004264658007626214,0.0004264658007626216,0,3338,5.34393155730851e-07,0.23187335419534758,3338,5.34393155730851e-07,0.23187335225692302,3338,5.34393155730851e-07,0.23187335419534758,True,12,1686,-24.523417645347976,-24.523417645347806,True,False,accepted,L-BFGS-B,True,3.1993427900515555e-10,1.1010957722736923e-06,1.0290559901383068e-09,4.2212391804241634e-08,24750.022214690616,-3.142650444182271e-07,-2.6645352591003757e-14,1.7053025658242404e-13,4.221240601509635e-08,4.2212331408109094e-08,7.460698725481052e-14,4.221240601509635e-08,9.44248120301927e-10,False,0,none,True,3.899654599983478,1.0018041000002995,4.1262321097690347e-05,ok,2.8670457545194595e-05,3.956899064505186e-05,0.009084270147898936,0.0012992643303157867,,,,,975.0253494000062
160,160,130,130,121,121,,1,-1.2121869552572662e-07,1.2121869552572662e-07,0.10797392178399767,4.424477287485027e-05,4.424477287485028e-05,0,3338,5.34399707367925e-07,0.22683151553874192,3338,5.34399707367925e-07,0.22683155558283818,3338,5.34399707367925e-07,0.22683151553874192,True,13,1685,-24.523417645347976,-24.523417645347806,False,True,projected_residual,L-BFGS-B>Newton-CG>trust-krylov,False,3.291432477907503e-08,1.2013406963242389e-05,1.2739799365807177e-09,3.7531900147769193e-06,24750.022214690616,-3.14016453548116e-07,-2.6645352591003757e-14,1.7053025658242404e-13,,,,,,False,0,none,False,3.8858753999811597,5.847286800009897,,,,,,,,,,,984.8359219999984
161,161,130,130,1587,1587,,1,-1.1990249593196722e-07,1.1990249593196722e-07,0.11051426691566481,4.395837782319284e-05,4.395837782319286e-05,0,3338,5.34399707367925e-07,0.22436856584843978,3338,5.34399707367925e-07,0.22436859438378237,3338,5.34399707367925e-07,0.22436856584843978,True,14,1684,-24.523417645347976,-24.523417645347806,False,True,projected_residual,L-BFGS-B>Newton-CG>trust-krylov,False,3.43696926330147e-08,1.2600209693024153e-05,1.2727707988228384e-09,3.720129289064289e-06,24750.022214690616,-3.14384683668123e-07,-2.6645352591003757e-14,1.7053025658242404e-13,,,,,,False,0,none,False,3.9004887999908533,4.94400129999849,,,,,,,,,,,993.753753500001
162,162,130,130,188,188,,1,1.1836594149272628e-07,1.1836594149272628e-07,0.20369957875545305,2.9520801962800026e-05,2.952080196280003e-05,0,3338,5.34399707367925e-07,0.22149327527837392,3338,5.34399707367925e-07,0.22149328681745337,3338,5.34399707367925e-07,0.22149327527837392,True,15,1683,-24.523417645347976,-24.523417645347806,False,True,projected_residual,L-BFGS-B>Newton-CG>trust-krylov,False,6.962529059027312e-08,1.7357835555196694e-05,1.4011173534215691e-09,8.044595144696132e-06,33874.41849513876,-1.628066021164276e-07,-2.6645352591003757e-14,1.7053025658242404e-13,,,,,,False,0,none,False,3.867021100013517,5.124357199994847,,,,,,,,,,,1002.8198951999948
163,163,130,130,758,758,,1,1.1821005818646313e-07,1.1821005818646313e-07,0.02926818681405425,8.558282572601315e-05,8.558282572601314e-05,0,3338,5.34399707367925e-07,0.22120157731500692,3338,5.34399707367925e-07,0.2212015859354202,3338,5.34399707367925e-07,0.22120157731500692,True,16,1682,-24.523417645347976,-24.523417645347806,False,True,projected_residual,L-BFGS-B>Newton-CG>trust-krylov,False,2.7660740836085768e-09,2.002209992180713e-06,1.138151047812717e-09,9.542896179937088e-07,24750.022214690616,-3.1557746781041285e-07,-2.6645352591003757e-14,1.7053025658242404e-13,,,,,,False,0,none,False,3.8589546000002883,15.649335299996892,,,,,,,,,,,1022.4017775999964
164,164,130,130,393,393,,1,1.1743665417895954e-07,1.1743665417895954e-07,0.2025383747210575,2.8078544392853213e-05,2.8078544392853247e-05,0,3338,5.34399707367925e-07,0.21975433848452022,3338,5.34399707367925e-07,0.21975433233648156,3338,5.34399707367925e-07,0.21975433848452022,True,17,1681,-24.523417645347976,-24.523417645347806,False,True,projected_residual,L-BFGS-B>Newton-CG>trust-krylov,False,8.980971515269108e-08,2.1464478126573164e-05,1.4184108955414392e-09,8.753208728506934e-06,35614.38178592086,-1.5169217232324783e-07,-2.6645352591003757e-14,1.7053025658242404e-13,,,,,,False,0,none,False,3.8839232999889646,5.644980599987321,,,,,,,,,,,1032.009162900009
165,165,131,131,606,606,606,1,1.1629693386083773e-07,1.1629693386083773e-07,0.029512321867118437,8.748088889394686e-05,8.748088889394686e-05,0,3338,5.34399707367925e-07,0.21762162714054276,3338,5.34399707367925e-07,0.21762161788864784,3338,5.34399707367925e-07,0.21762162714054276,True,18,1680,-24.52341852936012,-24.52341852935993,True,False,accepted,L-BFGS-B,True,5.120019783342137e-11,3.8506004337315144e-08,1.1329667897632386e-09,8.840121488162822e-07,24750.022214690616,-3.1654789957313856e-07,-2.6645352591003757e-14,1.9184653865522705e-13,8.840121452635685e-07,8.840121239472865e-07,2.1316282072803006e-14,8.840121452635685e-07,1.778024290527137e-08,False,0,none,True,3.835305699991295,0.7366531000006944,4.037830897374306e-05,ok,2.8584920937708044e-05,3.945093891127295e-05,0.008986430855003608,0.0012852710098516635,,,,,1036.7048783999926
166,166,132,132,456,456,456,1,1.3819492794553412e-07,1.3819492794553412e-07,0.03420375942623749,6.422800799577857e-05,6.422800799577855e-05,0,3338,5.343997053829054e-07,0.25859843587772074,3338,5.343997053829054e-07,0.25859844598233767,3338,5.343997053829054e-07,0.25859843587772074,True,19,1679,-24.5234208441272,-24.523420844127003,True,False,accepted,L-BFGS-B,True,1.0591770668738024e-10,4.9226709422929835e-08,1.2151630850995774e-09,2.3147671015522064e-06,24750.022214690616,-3.1823848423845336e-07,-2.6645352591003757e-14,1.9895196601282805e-13,2.3147670802359244e-06,2.314767073130497e-06,7.105427357601002e-15,2.3147670802359244e-06,4.639534160471849e-08,False,0,none,True,3.877091799979098,0.7367108000034932,3.806354190061256e-05,ok,2.8024326205069316e-05,3.867724467578751e-05,0.008725043694118001,0.001247886496950566,,,,,1041.4477793999831
167,167,133,133,421,421,421,1,1.1479739558950541e-07,1.1479739558950541e-07,0.20169167071649108,2.6688424006750428e-05,2.6688424006750418e-05,0,3338,5.343996965676053e-07,0.21481560773113711,3338,5.343996965676053e-07,0.21481559452294563,3338,5.343996965676053e-07,0.21481560773113711,True,20,1678,-24.523430091033283,-24.523430091033116,True,False,accepted,L-BFGS-B>Newton-CG,True,9.454356647116296e-14,2.198439071664543e-11,1.4300486089868279e-09,9.246906092386098e-06,37469.428683652026,-8.211297942289919e-08,-2.6645352591003757e-14,1.6697754290362354e-13,9.246906081727957e-06,9.24690611370238e-06,-3.197442310920451e-14,9.24690611370238e-06,1.8503812227404762e-07,False,0,none,True,3.867342900019139,1.2411329000024125,2.8816635786910183e-05,ok,2.0952619821163306e-05,2.8917362633157512e-05,0.007591636703649362,0.001085782634948283,,,,,1046.6816254000005
168,168,134,134,1203,1203,1203,1,-1.1128866317378083e-07,1.1128866317378083e-07,0.1072241633050553,4.112059030079281e-05,4.112059030079278e-05,0,3338,5.343997134755428e-07,0.20824985561837142,3338,5.343997134755428e-07,0.20824984756286805,3338,5.343997134755428e-07,0.20824985561837142,True,21,1677,-24.523433753273245,-24.52343375327305,True,False,accepted,L-BFGS-B>Newton-CG,True,1.0366994076711289e-13,3.830549833830199e-11,1.2706398435324688e-09,3.6622399548491558e-06,37469.428683652026,-7.593527099475361e-08,-2.6645352591003757e-14,1.9539925233402755e-13,3.662239961954583e-06,3.6622399335328737e-06,2.842170943040401e-14,3.662239961954583e-06,7.334479923909166e-08,False,0,none,True,3.869252400007099,3.87484149998636,2.515439585337731e-05,ok,1.8505951784638635e-05,2.5540639938858597e-05,0.00709285411518794,0.0010144449913930228,,,,,1054.5548389999894
169,169,135,135,441,441,441,1,1.0604933597946342e-07,1.0604933597946342e-07,0.03133646041388915,8.176881319901086e-05,8.176881319901096e-05,0,3338,5.343997310088473e-07,0.19844571362201477,3338,5.343997310088473e-07,0.19844573261080936,3338,5.343997310088473e-07,0.19844571362201477,True,22,1676,-24.52343459430756,-24.523434594307336,True,False,accepted,L-BFGS-B,True,7.832089667813866e-11,6.038886667512806e-08,1.1296942648377207e-09,8.410343284026567e-07,37469.428683652026,-7.783555305146406e-08,-2.6645352591003757e-14,2.2382096176443156e-13,8.41034314191802e-07,8.410342857700925e-07,2.842170943040401e-14,8.41034314191802e-07,1.692068628383604e-08,False,0,none,True,3.8767862000095192,0.8618611999845598,2.4313361567607217e-05,ok,1.8370954851566334e-05,2.535432647059852e-05,0.0069732711714957105,0.0009973418173653977,,,,,1059.417832599982
170,170,136,136,1619,1619,1619,1,-1.0352056789564301e-07,1.0352056789564301e-07,0.019213058528099652,9.812568511910725e-05,9.812568511910714e-05,0,3338,5.343997103052131e-07,0.19371374254024024,3338,5.343997103052131e-07,0.19371378846595416,3338,5.343997103052131e-07,0.19371374254024024,True,23,1675,-24.523435150760648,-24.523435150760445,True,False,accepted,L-BFGS-B,True,4.358085557822747e-10,4.131116587083484e-07,1.1054941313311978e-09,5.564530880519669e-07,37469.428683652026,-7.867851631315759e-08,-2.6645352591003757e-14,2.0250467969162855e-13,5.564530880519669e-07,5.56453109368249e-07,-2.1316282072803006e-14,5.56453109368249e-07,1.1229062187364979e-08,False,0,none,True,3.878579299984267,0.7317104999965522,2.3756908458238968e-05,ok,1.8168233651712246e-05,2.507454463426279e-05,0.006893010934706316,0.0009858627154556777,,,,,1064.1543844999978
171,171,137,137,1545,1545,1545,1,-1.0163377162086817e-07,1.0163377162086817e-07,0.051419729783695814,6.394218555214783e-05,6.394218555214761e-05,0,3338,5.343996955007898e-07,0.19018306424300344,3338,5.343996955007898e-07,0.19018304674117925,3338,5.343996955007898e-07,0.19018306424300344,True,24,1674,-24.52343641510993,-24.523436415109693,True,False,accepted,L-BFGS-B,True,1.2511375989493994e-10,7.867906474402361e-08,1.1590178534810857e-09,1.2643492830477499e-06,37469.428683652026,-7.114035866645496e-08,-2.6645352591003757e-14,2.3803181647963356e-13,1.2643492830477499e-06,1.264349247520613e-06,3.552713678800501e-14,1.2643492830477499e-06,2.5386985660955e-08,False,0,none,True,3.8686064000066835,0.7925233000132721,2.2492559210718355e-05,ok,1.7600740647417336e-05,2.429132987939951e-05,0.006707076990656543,0.0009592697875301829,,,,,1068.9456424999807
172,172,138,138,347,347,347,1,-9.076394968943191e-08,9.076394968943191e-08,0.1069867879881241,5.012032322119202e-05,5.0120323221191986e-05,0,3338,5.343997040501535e-07,0.1698428142859033,3338,5.343997040501535e-07,0.16984282077668986,3338,5.343997040501535e-07,0.1698428142859033,True,25,1673,-24.52343805498182,-24.523438054981558,True,False,accepted,L-BFGS-B,True,8.272024654305873e-10,4.5676050442785084e-07,1.1811020124138713e-09,1.639871889835831e-06,37469.428683652026,-6.915093488102375e-08,-2.6645352591003757e-14,2.6290081223123707e-13,1.639871889835831e-06,1.6398718649668353e-06,2.4868995751603507e-14,1.639871889835831e-06,3.2897437796716626e-08,False,0,none,True,3.9736513000098057,0.9684884000162128,2.085268734575152e-05,ok,1.6192139677281433e-05,2.234727584670548e-05,0.006457956256176215,0.0009236396621615288,,,,,1074.0176202000002
173,173,139,139,1579,1579,1579,1,-8.950759866621638e-08,8.950759866621638e-08,0.010280542500976538,0.0001905821333259735,0.00019058213332597343,0,3338,5.343996992620566e-07,0.1674918582286178,3338,5.343996992620566e-07,0.16749185780428005,3338,5.343996992620566e-07,0.1674918582286178,True,26,1672,-24.523438165060448,-24.5234381650602,True,False,accepted,L-BFGS-B,True,9.27592954263434e-10,1.9769311190835217e-06,1.0469208535041654e-09,1.1007863065515266e-07,37469.428683652026,-6.995045574026415e-08,-2.6645352591003757e-14,2.4868995751603507e-13,1.1007862710243899e-07,1.100786413132937e-07,-1.4210854715202004e-14,1.100786413132937e-07,2.3015728262658742e-09,False,0,none,True,3.8991076000093017,0.9747665000031702,2.0742608704438226e-05,ok,1.6157951161491357e-05,2.2300091212161952e-05,0.006440888236109583,0.0009211985337824022,,,,,1079.0224686999863
174,174,139,139,562,562,,1,7.508617017037977e-08,7.508617017037977e-08,0.0356921261711557,5.7703342939743714e-05,5.770334293974364e-05,0,3338,5.343996925544373e-07,0.14050563878782737,3338,5.343996925544373e-07,0.14050567484667456,3338,5.343996925544373e-07,0.14050563878782737,True,27,1671,-24.523438165060448,-24.5234381650602,False,True,projected_residual,L-BFGS-B>Newton-CG>trust-krylov,False,3.334042751450653e-09,2.5634373598774473e-06,1.1300614090921281e-09,8.458026812263597e-07,37469.428683652026,-6.930341926725259e-08,-2.6645352591003757e-14,2.4868995751603507e-13,,,,,,False,0,none,False,3.933993799990276,23.51486080000177,,,,,,,,,,,1106.552935099986
175,175,140,140,956,956,956,1,7.415356417794783e-08,7.415356417794783e-08,0.036077733570895096,5.854318741585976e-05,5.8543187415859604e-05,0,3338,5.343996925544373e-07,0.13876049183990516,3338,5.343996925544373e-07,0.1387604830689895,3338,5.343996925544373e-07,0.13876049183990516,True,28,1670,-24.523438966472142,-24.523438966471943,True,False,accepted,L-BFGS-B,True,1.0496382473973382e-09,8.290828504318983e-07,1.1266023349597142e-09,8.014117014454314e-07,37469.428683652026,-7.089896750939184e-08,-2.6645352591003757e-14,1.9895196601282805e-13,8.01411694340004e-07,8.014117440779955e-07,-4.973799150320701e-14,8.014117440779955e-07,1.6128234881559912e-08,False,0,none,True,4.308640500006732,0.7501921999792103,1.994119696036023e-05,ok,1.5930039972192407e-05,2.198554388751403e-05,0.006315236678453758,0.0009032274051993767,,,,,1111.7444064999872
176,176,141,141,1733,1733,1733,1,-6.923183049067916e-08,6.923183049067916e-08,0.0004601470397095099,0.0008530032264706749,0.0008530032264706749,0,3338,5.343996868629025e-07,0.12955065691952816,3338,5.343996868629025e-07,0.12955065565375012,3338,5.343996868629025e-07,0.12955065691952816,True,29,1669,-24.52343896976693,-24.52343896976669,True,False,accepted,L-BFGS-B,True,6.422314936286201e-10,7.911572031313987e-06,1.0081176217708272e-09,3.2947866657195846e-09,37469.428683652026,-6.986181622092857e-08,-2.6645352591003757e-14,2.3803181647963356e-13,3.2947866657195846e-09,3.2947475858691178e-09,3.907985046680551e-14,3.2947866657195846e-09,1.658957333143917e-10,False,0,none,True,3.9147980000125244,1.4775004000111949,1.993790221277436e-05,ok,1.5929772269619154e-05,2.198517442286213e-05,0.00631471494027371,0.0009031527843662154,,,,,1117.2708211999852
177,177,142,142,1123,1123,1123,1,-6.530149532224527e-08,6.530149532224527e-08,0.05839635711617368,4.668312102473523e-05,4.668312102473525e-05,0,3338,5.34399714552446e-07,0.12219597717587587,3338,5.34399714552446e-07,0.1221960238248522,3338,5.34399714552446e-07,0.12219597717587587,True,30,1668,-24.523439946095976,-24.52343994609575,True,False,accepted,L-BFGS-B,True,3.968348934842889e-10,2.839871109051164e-07,1.1397369381376172e-09,9.763290655939727e-07,37469.428683652026,-6.949347610557544e-08,-2.6645352591003757e-14,2.2737367544323206e-13,9.763290478304043e-07,9.763290584885453e-07,-1.0658141036401503e-14,9.763290584885453e-07,1.962658116977091e-08,False,0,none,True,3.922123800002737,3.131914900004631,1.8961573154285816e-05,ok,1.5794177393219636e-05,2.179803571440895e-05,0.006158162098570915,0.000880762045239962,,,,,1124.458704299992
178,178,143,143,1679,1679,1679,1,-8.179961286103321e-08,8.179961286103321e-08,0.06649978628031294,5.1409981536501025e-05,5.1409981536501025e-05,0,3338,5.343997083413193e-07,0.1530682213785717,3338,5.343997083413193e-07,0.15306822549471144,3338,5.343997083413193e-07,0.1530682213785717,True,31,1667,-24.5234412131312,-24.52344121313102,True,False,accepted,L-BFGS-B,True,2.1195316949151081e-10,1.3314721513092388e-07,1.1591870842233516e-09,1.267035234064906e-06,37469.428683652026,-6.913225322757732e-08,-2.6645352591003757e-14,1.8118839761882555e-13,1.267035223406765e-06,1.2670352695920428e-06,-4.618527782440651e-14,1.2670352695920428e-06,2.5440705391840857e-08,False,0,none,True,3.9224264999793377,1.1217130000004545,1.7694537884693773e-05,ok,1.4946754190603978e-05,2.0628480581783624e-05,0.005948854666383394,0.0008508261586707879,,,,,1129.6376339999842
179,179,144,144,1384,1384,1384,1,6.514134702484409e-08,6.514134702484409e-08,4.179433398047432e-06,0.011978155416925752,0.011978155416925753,0,3338,5.343996998123504e-07,0.12189630167778515,3338,5.343996998123504e-07,0.12189630164124687,3338,5.343996998123504e-07,0.12189630167778515,True,32,1666,-24.523441213145993,-24.523441213145723,True,False,accepted,L-BFGS-B,True,6.201738180737693e-12,1.140373787900781e-06,1.0005438338066463e-09,1.4800605185882887e-11,37469.428683652026,-6.900405308957192e-08,-2.6645352591003757e-14,2.7000623958883807e-13,1.4793499758525286e-11,1.4704681916555273e-11,8.881784197001252e-14,1.4793499758525286e-11,1.002958699951705e-10,False,0,none,True,3.9129419999953825,0.8294452999834903,1.7694523180011856e-05,ok,1.4946753007233545e-05,2.0628478948577263e-05,0.005948852180576522,0.000850825803141929,,,,,1134.513906499982
180,180,145,145,44,44,44,1,1.1965978569117297e-07,1.1965978569117297e-07,1.4376528676813466e-06,0.018932552188787363,0.01893255218878735,0,3338,5.343997198924449e-07,0.22391438699716404,3338,5.343997198924449e-07,0.22391438702559965,3338,5.343997198924449e-07,0.22391438699716404,True,33,1665,-24.523441213165945,-24.52344121316573,True,False,accepted,L-BFGS-B,True,4.239076768500936e-12,6.707056456767955e-07,1.0006320323670787e-09,1.9955592733822414e-11,37469.428683652026,-6.89981636686765e-08,-2.6645352591003757e-14,2.1671553440683056e-13,1.9952040020143613e-11,2.000533072532562e-11,-5.3290705182007514e-14,2.000533072532562e-11,1.0040010661450651e-10,False,0,none,True,3.984998399973847,0.7316676000191364,1.769450317468113e-05,ok,1.494675269790394e-05,2.062847852166185e-05,0.0059488488230854,0.0008508253229417166,,,,,1139.368115499994
181,181,146,146,863,863,863,1,-4.943835296700172e-08,4.943835296700172e-08,0.045514410295477016,4.317586939229688e-05,4.3175869392296895e-05,0,3338,5.343997001426144e-07,0.09251193994646364,3338,5.343997001426144e-07,0.09251193064228506,3338,5.343997001426144e-07,0.09251193994646364,True,34,1664,-24.52344186873045,-24.523441868730234,True,False,accepted,L-BFGS-B,True,1.0022741261197692e-09,8.753167671938636e-07,1.1145041616571465e-09,6.555644844752351e-07,37469.428683652026,-7.262415736147831e-08,-2.6645352591003757e-14,2.1671553440683056e-13,6.555645057915171e-07,6.555645057915171e-07,0.0,6.555645057915171e-07,1.3211290115830342e-08,False,0,none,True,3.9646414000017103,0.7568116000038572,1.7038938668889614e-05,ok,1.4586701347420626e-05,2.0131560448535373e-05,0.005837607707019942,0.0008349152264986032,,,,,1144.2244732999825
182,182,147,147,890,890,890,1,4.927413330135799e-08,4.927413330135799e-08,2.4649262383471657e-05,0.004065239359765279,0.004065239359765281,0,3338,5.343997104865732e-07,0.09220464071077748,3338,5.343997104865732e-07,0.0922046405412085,3338,5.343997104865732e-07,0.09220464071077748,True,35,1663,-24.5234418688039,-24.5234418688037,True,False,accepted,L-BFGS-B,True,5.892575902061085e-10,4.861359303236618e-05,1.0012121251556408e-09,7.345590802287916e-11,37469.428683652026,-7.361553706897173e-08,-2.6645352591003757e-14,1.9895196601282805e-13,7.344880259552156e-11,7.346656616391556e-11,-1.7763568394002505e-14,7.346656616391556e-11,1.0146933132327832e-10,False,0,none,True,3.9268095000006724,1.5686471999797504,1.703886520232345e-05,ok,1.458670344700103e-05,2.0131563346231627e-05,0.005837595122739836,0.0008349134266505144,,,,,1149.8589364000072
183,183,148,148,311,311,311,1,5.947755440938174e-08,5.947755440938174e-08,1.130869788727164e-05,0.004548553862885046,0.0045485538628850415,0,3338,5.343997082094477e-07,0.11129787965017125,3338,5.343997082094477e-07,0.1112978797748174,3338,5.343997082094477e-07,0.11129787965017125,True,36,1662,-24.523441868889403,-24.523441868889158,True,False,accepted,L-BFGS-B,True,3.472644867353268e-10,2.6557363897150175e-05,1.001307601492679e-09,8.549250196665525e-11,37469.428683652026,-7.303314142337314e-08,-2.6645352591003757e-14,2.4513724383723456e-13,8.550316010769166e-11,8.545697482986725e-11,4.618527782440651e-14,8.550316010769166e-11,1.0171006320215384e-10,False,0,none,True,3.9239555000094697,1.239883500005817,1.703877974534862e-05,ok,1.45866983551049e-05,2.0131556318747326e-05,0.005837580477848069,0.0008349113320864839,,,,,1155.1626781999948
184,184,149,149,584,584,584,1,4.676915876800081e-08,4.676915876800081e-08,0.004983175384539611,0.0001737415351171339,0.00017374153511713392,0,3338,5.343997009339176e-07,0.0875171873903877,3338,5.343997009339176e-07,0.08751719144604973,3338,5.343997009339176e-07,0.0875171873903877,True,37,1661,-24.523441905139414,-24.52344190513923,True,False,accepted,L-BFGS-B,True,8.29449020166047e-11,3.080492534992184e-07,1.0269258571719978e-09,3.625002520379894e-08,37469.428683652026,-7.323911304507602e-08,-2.6645352591003757e-14,1.8474111129762605e-13,3.6250010992944226e-08,3.6250071389076766e-08,-6.039613253960852e-14,3.6250071389076766e-08,8.250014277815353e-10,False,0,none,True,3.884169800003292,0.785629499994684,1.7002529673959543e-05,ok,1.4585305955474362e-05,2.0129634624687572e-05,0.005831367403845683,0.000834022716347246,,,,,1159.9681420999987
185,185,150,150,161,161,161,1,8.135219964344742e-08,8.135219964344742e-08,0.004007334801086616,0.00021854032850168463,0.00021854032850168463,0,3338,5.343997815763725e-07,0.15223097472733746,3338,5.343997815763725e-07,0.15223097413400977,3338,5.343997815763725e-07,0.15223097472733746,True,38,1660,-24.523441974429556,-24.52344197442937,True,False,accepted,L-BFGS-B,True,4.224997600023588e-10,1.1349461558667084e-06,1.0372264144707126e-09,6.929013451895116e-08,37469.428683652026,-7.332112701013971e-08,-2.6645352591003757e-14,1.8474111129762605e-13,6.929014162437852e-08,6.929014162437852e-08,0.0,6.929014162437852e-08,1.4858028324875705e-09,False,0,none,True,3.9435868999862578,1.2754537000146229,1.6933239532335165e-05,ok,1.4571229557517167e-05,2.0110207349827858e-05,0.005819472979989134,0.0008323215339302914,,,,,1165.3308704000083
186,186,151,151,949,949,949,1,4.5600427309167024e-08,4.5600427309167024e-08,1.28250341170513e-05,0.005619062066581099,0.0056190620665811,0,3338,5.343995349117881e-07,0.0853302151857115,3338,5.343995349117881e-07,0.0853302152460998,3338,5.343995349117881e-07,0.0853302151857115,True,39,1659,-24.523441974462486,-24.523441974462266,True,False,accepted,L-BFGS-B,True,5.3087378726127905e-11,6.541632939329062e-06,1.0008115309926206e-09,3.2937208516159444e-11,37469.428683652026,-7.341354960055391e-08,-2.6645352591003757e-14,2.2026824808563106e-13,3.293010308880184e-11,3.289457595201384e-11,3.552713678800501e-14,3.293010308880184e-11,1.0065860206177604e-10,False,0,none,True,3.9594811999995727,0.7443988999875728,1.6933206637759213e-05,ok,1.4571230517488514e-05,2.011020867471419e-05,0.005819467321557628,0.0008323207246414766,,,,,1170.1845825999917
187,187,152,152,1802,1802,1802,1,5.101333006019004e-08,5.101333006019004e-08,3.1787732784323915e-05,0.0030624858550573762,0.0030624858550573767,0,3338,5.033300973941337e-07,0.1013516384660859,3338,5.033300973941337e-07,0.10135163845463785,3338,5.033300973941337e-07,0.1013516384660859,True,40,1658,-24.523441974601216,-24.523441974601,True,False,accepted,L-BFGS-B,True,3.6001217131251956e-11,2.16128553095662e-06,1.0016657316497796e-09,1.3872991644348076e-10,37469.428683652026,-7.336165384203008e-08,-2.6645352591003757e-14,2.1671553440683056e-13,1.3872991644348076e-10,1.3873346915715956e-10,-3.552713678800501e-15,1.3873346915715956e-10,1.027746693831432e-10,False,0,none,True,3.918448999989778,0.7573974999831989,1.6933067904290056e-05,ok,1.45712238760244e-05,2.011019950862289e-05,0.005819443482145518,0.0008323173150447444,,,,,1175.0031307000027
188,188,153,153,1409,1409,1409,1,4.5020087657832164e-08,4.5020087657832164e-08,0.004949412194999906,0.00017672026414315058,0.00017672026414315082,0,3338,4.942300998120031e-07,0.09109135132594524,3338,4.942300998120031e-07,0.09109134819122078,3338,4.942300998120031e-07,0.09109135132594524,True,41,1657,-24.52344200705231,-24.52344200705214,True,False,accepted,L-BFGS-B,True,2.355287994957485e-11,9.245149454907132e-08,1.025475932070599e-09,3.245109780891653e-08,37469.428683652026,-7.343463002962292e-08,-2.6645352591003757e-14,1.7053025658242404e-13,3.245109425620285e-08,3.2451140441480675e-08,-4.618527782440651e-14,3.2451140441480675e-08,7.490228088296134e-10,False,0,none,True,3.9084762999846134,0.8083515999896917,1.6900616763848575e-05,ok,1.4568528893832921e-05,2.0106480079836128e-05,0.005813864487696289,0.0008315193875977508,,,,,1179.8591029999952
189,189,154,154,1128,1128,1128,1,6.870162105876432e-08,6.870162105876432e-08,0.003968599949816551,0.000210462476084293,0.00021046247608429272,0,3338,4.942300643932004e-07,0.13900736925648977,3338,4.942300643932004e-07,0.1390073611159061,3338,4.942300643932004e-07,0.13900736925648977,True,42,1656,-24.523442060329693,-24.523442060329458,True,False,accepted,L-BFGS-B,True,3.5237840866077337e-10,1.0794994842302424e-06,1.0326427584087309e-09,5.3277375400284654e-08,37469.428683652026,-7.341152525458527e-08,-2.6645352591003757e-14,2.3447910280083306e-13,5.327738250571201e-08,5.3277318556865794e-08,6.394884621840902e-14,5.327738250571201e-08,1.1655476501142403e-09,False,0,none,True,3.9298312999890186,1.1817367999756243,1.684733944529171e-05,ok,1.455864684389069e-05,2.0092841555194458e-05,0.005804693422215554,0.0008302077094930585,,,,,1185.1128780999861
190,190,155,155,1561,1561,1561,1,-4.21930352878519e-08,4.21930352878519e-08,0.001288461389754447,0.00035159390195576234,0.0003515939019557624,0,3338,4.942300553034114e-07,0.08537124530386823,3338,4.942300553034114e-07,0.08537124138494233,3338,4.942300553034114e-07,0.08537124530386823,True,43,1655,-24.523442067530166,-24.52344206752994,True,False,accepted,L-BFGS-B,True,1.1354065211972458e-10,9.461388383091199e-07,1.0120004218749372e-09,7.2004944229320245e-09,37469.428683652026,-7.352871515819981e-08,-2.6645352591003757e-14,2.2737367544323206e-13,7.200473106649952e-09,7.200480212077309e-09,-7.105427357601002e-15,7.200480212077309e-09,2.4400960424154617e-10,False,0,none,True,4.077769700001227,0.7769524999894202,1.6840138965079632e-05,ok,1.4557746092331735e-05,2.0091598399937743e-05,0.005803452832624286,0.0008300302759977691,,,,,1190.1085080000048
191,191,156,156,980,980,980,1,-4.0080687879751054e-08,4.0080687879751054e-08,0.0006622918755458811,0.00043559344680554137,0.00043559344680554196,0,3338,4.942326131235356e-07,0.08109680910460822,3338,4.942326131235356e-07,0.08109681218081062,3338,4.942326131235356e-07,0.08109680910460822,True,44,1654,-24.523442071763654,-24.523442071763476,True,False,accepted,L-BFGS-B,True,9.50521379725977e-11,1.0329922179613984e-06,1.0092016315631286e-09,4.233484673932253e-09,37469.428683652026,-7.348389494815644e-08,-2.6645352591003757e-14,1.7763568394002505e-13,4.233488226645932e-09,4.233537964637435e-09,-4.973799150320701e-14,4.233537964637435e-09,1.846707592927487e-10,False,0,none,True,3.966535900020972,0.8061286000011023,1.6835905427114994e-05,ok,1.4557262801912376e-05,2.009093139579062e-05,0.0058027233107671985,0.0008299259372108695,,,,,1195.0300456999976
192,192,157,157,1487,1487,1487,1,-3.803203485475137e-08,3.803203485475137e-08,0.018627630467006554,6.587906823391708e-05,6.587906823391706e-05,0,3338,4.942326233595994e-07,0.07695168845031825,3338,4.942326233595994e-07,0.07695168834366801,3338,4.942326233595994e-07,0.07695168845031825,True,45,1653,-24.52344223838881,-24.523442238388647,True,False,accepted,L-BFGS-B,True,5.954773612925847e-10,1.0315273718183245e-06,1.0577277324442596e-09,1.66625152786537e-07,37469.428683652026,-7.357033152827208e-08,-2.6645352591003757e-14,1.6342482922482304e-13,1.6662515633925068e-07,1.666251705501054e-07,-1.4210854715202004e-14,1.666251705501054e-07,3.432503411002108e-09,False,0,none,True,3.906837999995332,1.0352249999996275,1.666928025656489e-05,ok,1.4498566664122109e-05,2.000992302947967e-05,0.00577393681533232,0.0008258087911876432,,,,,1200.1119731999934
193,193,157,157,1766,1766,,1,3.7234559435717074e-08,3.7234559435717074e-08,0.16543073379491058,1.888382657838516e-05,1.888382657838514e-05,0,3338,4.942326136091362e-07,0.0753381270487423,3338,4.942326136091362e-07,0.07533814137339376,3338,4.942326136091362e-07,0.0753381270487423,True,46,1652,-24.52344223838881,-24.523442238388647,False,True,projected_residual,L-BFGS-B>Newton-CG>trust-krylov,False,3.687380207057767e-09,1.8703572669591184e-06,1.1971484417548108e-09,1.9433471507568356e-06,52955.36875691411,-6.947645342370024e-08,-2.6645352591003757e-14,1.6342482922482304e-13,,,,,,False,0,none,False,3.942766499996651,16.137576100009028,,,,,,,,,,,1220.2845854999905
194,194,158,158,1155,1155,1155,1,3.677175142158262e-08,3.677175142158262e-08,0.1663618928171064,1.8993059924628332e-05,1.8993059924628345e-05,0,3338,4.942326136091362e-07,0.07440170965864983,3338,4.942326136091362e-07,0.07440164907142015,3338,4.942326136091362e-07,0.07440170965864983,True,47,1651,-24.523444111980837,-24.523444111980623,True,False,accepted,L-BFGS-B>Newton-CG,True,9.353060435224979e-14,4.831679295379095e-11,1.1935778404036466e-09,1.8735920193080347e-06,52650.81055756056,-6.893262252671839e-08,-2.6645352591003757e-14,2.1316282072803006e-13,1.873592026413462e-06,1.8735919766754705e-06,4.973799150320701e-14,1.873592026413462e-06,3.757184052826924e-08,False,0,none,True,3.9452710000041407,1.5740099000104237,1.4795688279889418e-05,ok,1.2921899735658441e-05,1.7833915937705923e-05,0.005439781184105312,0.0007780166752158585,,,,,1225.9504832999955
195,195,159,159,687,687,687,1,3.423543293301634e-08,3.423543293301634e-08,0.007443804996362199,0.00011355715122841869,0.0001135571512284187,0,3338,4.942326214666122e-07,0.06926987707008149,3338,4.942326214666122e-07,0.06926987672271209,3338,4.942326214666122e-07,0.06926987707008149,True,48,1650,-24.52344415742686,-24.523444157426603,True,False,accepted,L-BFGS-B,True,1.7509801383954007e-10,5.807888502929846e-07,1.0301483084172864e-09,4.544603626754906e-08,52650.81055756056,-6.893261599028033e-08,-2.6645352591003757e-14,2.5579538487363607e-13,4.5446022056694346e-08,4.54459794241302e-08,4.263256414560601e-14,4.5446022056694346e-08,1.008920441133887e-09,False,0,none,True,3.9658840999763925,2.0897509999922477,1.4750242300465288e-05,ok,1.2911061862071212e-05,1.7818958251107818e-05,0.005431420373846067,0.000776820882668354,,,,,1232.1549709999817
196,196,160,160,1222,1222,1222,1,-3.3142670829988674e-08,3.3142670829988674e-08,0.002593960747091182,0.00031295961898797266,0.0003129596189879725,0,3338,4.942326282441146e-07,0.06705884827502451,3338,4.942326282441146e-07,0.06705884366387947,3338,4.942326282441146e-07,0.06705884827502451,True,49,1649,-24.52344416303432,-24.523444163034032,True,False,accepted,L-BFGS-B,True,1.1774300146946886e-10,1.1118250492962563e-06,1.010590065545294e-09,5.607461162071559e-09,52650.81055756056,-6.894357415521135e-08,-2.6645352591003757e-14,2.877698079828406e-13,5.607461162071559e-09,5.6074291876484494e-09,3.197442310920451e-14,5.607461162071559e-09,2.1214922324143118e-10,False,0,none,True,3.88436090000323,0.8263443000032566,1.474463487127764e-05,ok,1.2909441573511032e-05,1.7816722040444666e-05,0.005430387867140797,0.0007766732099207222,,,,,1237.0145561999816
197,197,160,160,671,671,,1,2.8779823857405518e-08,2.8779823857405518e-08,0.08472871284686379,2.2715785644527887e-05,2.2715785644527884e-05,0,3338,4.942326227302119e-07,0.05823133183402917,3338,4.942326227302119e-07,0.05823135277139962,3338,4.942326227302119e-07,0.05823133183402917,True,50,1648,-24.52344416303432,-24.523444163034032,False,True,projected_residual,L-BFGS-B>Newton-CG>trust-krylov,False,3.1910932484056654e-09,2.518235102364933e-06,1.1267194332018023e-09,8.028923694780588e-07,52650.81055756056,-6.896276653206579e-08,-2.6645352591003757e-14,2.877698079828406e-13,,,,,,False,0,none,False,3.884955700021237,19.073598899994977,,,,,,,,,,,1260.063047500007
198,198,161,161,1489,1489,1489,1,2.877123028710571e-08,2.877123028710571e-08,0.027526177204707333,4.634701144496093e-05,4.634701144496081e-05,0,3338,4.942326227302119e-07,0.05821394413053777,3338,4.942326227302119e-07,0.05821392517229234,3338,4.942326227302119e-07,0.05821394413053777,True,51,1647,-24.523444355768795,-24.523444355768554,True,False,accepted,L-BFGS-B,True,1.8053394215777494e-10,2.9078009423594996e-07,1.0620860731997986e-09,1.9273448614853805e-07,52650.81055756056,-6.923255455731914e-08,-2.6645352591003757e-14,2.4158453015843406e-13,1.9273447549039702e-07,1.9273452167567484e-07,-4.618527782440651e-14,1.9273452167567484e-07,3.9546904335134966e-09,False,0,none,True,4.03030129999388,0.9329911000095308,1.4551900349601965e-05,ok,1.2851804205967354e-05,1.7737174915898568e-05,0.005394779218926972,0.0007715803355651873,,,,,1265.1746655000024
199,199,162,162,610,610,610,1,2.8691331976915535e-08,2.8691331976915535e-08,0.08542312618511486,2.305941562130643e-05,2.3059415621306384e-05,0,3338,4.942326164636025e-07,0.05805228352230471,3338,4.942326164636025e-07,0.05805232527128689,3338,4.942326164636025e-07,0.05805228352230471,True,52,1646,-24.523445129003,-24.523445129002766,True,False,accepted,L-BFGS-B>Newton-CG,True,7.749330084662927e-14,6.23152054252971e-11,1.1243569692464988e-09,7.732342020005945e-07,52650.81055756056,-6.811407544937698e-08,-2.6645352591003757e-14,2.3447910280083306e-13,7.732342055533081e-07,7.732342126587355e-07,-7.105427357601002e-15,7.732342126587355e-07,1.556468425317471e-08,False,0,none,True,3.9491059000138193,1.7033750000118744,1.377866613694323e-05,ok,1.2495907852010356e-05,1.7245991282776087e-05,0.005249492359662639,0.0007508008969495912,,,,,1270.9809097999823
200,200,162,162,53,53,,1,-2.6406109299159652e-08,2.6406109299159652e-08,0.22279165273410337,1.626783545788402e-05,1.6267835457883995e-05,0,3338,4.942326248226879e-07,0.05342850304273858,3338,4.942326248226879e-07,0.05342839692136365,3338,4.942326248226879e-07,0.05342850304273858,True,53,1645,-24.523445129003,-24.523445129002766,False,True,projected_residual,L-BFGS-B>Newton-CG>trust-krylov,False,7.386634693457095e-09,4.550599599238861e-06,1.1623222288045865e-09,1.3174035871088563e-06,61470.99302724772,-4.773418013637176e-08,-2.6645352591003757e-14,2.3447910280083306e-13,,,,,,False,0,none,False,3.9826695999945514,23.73169109999435,,,,,,,,,,,1298.7928067999892
201,201,163,163,755,755,755,1,-2.6228561100793968e-08,2.6228561100793968e-08,0.05275399088747402,3.290217643922851e-05,3.2902176439228494e-05,0,3338,4.942326248226879e-07,0.053069262900650865,3338,4.942326248226879e-07,0.053069265925201364,3338,4.942326248226879e-07,0.053069262900650865,True,54,1644,-24.5234454467423,-24.52344544674208,True,False,accepted,L-BFGS-B,True,9.243719636844275e-11,1.1595723627971784e-07,1.0797166260029354e-09,3.177393139708329e-07,52650.81055756056,-6.837289327765728e-08,-2.6645352591003757e-14,2.2026824808563106e-13,3.1773929975997817e-07,3.177393139708329e-07,-1.4210854715202004e-14,3.177393139708329e-07,6.454786279416658e-09,False,0,none,True,4.438130399998045,3.6773472000204492,1.3460926822972397e-05,ok,1.23900661118847e-05,1.7099915803572927e-05,0.005188611457913433,0.0007420934958317923,,,,,1307.0549698999966
202,202,163,163,1379,1379,,1,-2.616380934128415e-08,2.616380934128415e-08,0.22147876406332934,1.5479826296534944e-05,1.547982629653492e-05,0,3338,4.942326095237458e-07,0.052938249797997376,3338,4.942326095237458e-07,0.052938229382061414,3338,4.942326095237458e-07,0.052938249797997376,True,55,1643,-24.5234454467423,-24.52344544674208,False,True,projected_residual,L-BFGS-B>Newton-CG>trust-krylov,False,1.7701932377711973e-08,1.0478216400677016e-05,1.1689403205737212e-09,1.4270186454723444e-06,64600.208093022666,-3.846628499060145e-08,-2.6645352591003757e-14,2.2026824808563106e-13,,,,,,False,0,none,False,4.35802019998664,5.163440300006187,,,,,,,,,,,1316.6710036000004
203,203,164,164,1615,1615,1615,1,-2.5865561692484107e-08,2.5865561692484107e-08,0.058842449522293956,3.1959816349074816e-05,3.195981634907485e-05,0,3338,4.942326095237458e-07,0.05233479376726836,3338,4.942326095237458e-07,0.05233481174928014,3338,4.942326095237458e-07,0.05233479376726836,True,56,1642,-24.523445774017354,-24.523445774017087,True,False,accepted,L-BFGS-B,True,5.2111371000145155e-12,6.441135357576991e-09,1.0809040147539273e-09,3.2727506038554566e-07,52650.81055756056,-6.847351351896291e-08,-2.6645352591003757e-14,2.6645352591003757e-13,3.272750532801183e-07,3.272750070948405e-07,4.618527782440651e-14,3.272750532801183e-07,6.645501065602366e-09,False,0,none,True,4.446178200014401,0.867196499981219,1.3133651815877556e-05,ok,1.2345325287071936e-05,1.703816759897321e-05,0.00512514753470712,0.000733016661882404,,,,,1322.1344293000002
204,204,165,165,69,69,69,1,-3.47443451786944e-08,3.47443451786944e-08,0.06572807040737076,3.521007662759701e-05,3.5210076627597005e-05,0,3338,4.942326194389024e-07,0.0702995792105736,3338,4.942326194389024e-07,0.07029957773875059,3338,4.942326194389024e-07,0.0702995792105736,True,57,1641,-24.523446260898442,-24.523446260898094,True,False,accepted,L-BFGS-B,True,3.406106119672089e-12,3.45169914154722e-09,1.0986791136769038e-09,4.868810954405944e-07,52650.81055756056,-6.846459220388734e-08,-2.6645352591003757e-14,3.481659405224491e-13,4.868810883351671e-07,4.868810066227525e-07,8.171241461241152e-14,4.868810883351671e-07,9.83762176670334e-09,False,0,none,True,4.292550600017421,0.8781097999890335,1.2646770809254804e-05,ok,1.2054468725725454e-05,1.6636747407585303e-05,0.0050292514109125585,0.0007193012603109705,,,,,1327.4598273999873
205,205,166,166,113,113,113,1,-2.5052451224638617e-08,2.5052451224638617e-08,0.22062756921902654,1.4513821059960275e-05,1.4513821059960292e-05,0,3338,4.942326145290216e-07,0.05068959532043898,3338,4.942326145290216e-07,0.05068965344455204,3338,4.942326145290216e-07,0.05068959532043898,True,58,1640,-24.523447750629856,-24.523447750629543,True,False,accepted,L-BFGS-B>Newton-CG,True,1.1730545522782432e-13,6.795881709636279e-11,1.1726125619012616e-09,1.489731410231343e-06,68899.84352630145,-4.359107119711325e-08,-2.6645352591003757e-14,3.126388037344441e-13,1.4897314137840567e-06,1.4897314493111935e-06,-3.552713678800501e-14,1.4897314493111935e-06,2.989462898622387e-08,False,0,none,True,4.53063920000568,2.2275466000137385,1.115703935994361e-05,ok,1.1489066172920584e-05,1.585641774987553e-05,0.004723761426738877,0.0006756090062010023,,,,,1334.3725088000065
206,206,166,166,301,301,,1,2.8916528727052082e-08,2.8916528727052082e-08,0.19257792260054682,1.6864296596733593e-05,1.686429659673359e-05,0,3338,4.942326242408151e-07,0.05850793191054601,3338,4.942326242408151e-07,0.05850785881766592,3338,4.942326242408151e-07,0.05850793191054601,True,59,1639,-24.523447750629856,-24.523447750629543,False,True,projected_residual,L-BFGS-B>Newton-CG>trust-krylov,False,4.03496401093492e-09,2.353221900306794e-06,1.1714655133206466e-09,1.4700052979321754e-06,68899.84352630145,-3.0295056338558446e-08,-2.6645352591003757e-14,3.126388037344441e-13,,,,,,False,0,none,False,4.29206089998479,27.853133299999172,,,,,,,,,,,1366.6109953999985
207,207,167,167,1018,1018,1018,1,2.7924595080719428e-08,2.7924595080719428e-08,0.1918455740750078,1.6779887445639557e-05,1.6779887445639568e-05,0,3338,4.942326242408151e-07,0.05650091416691496,3338,4.942326242408151e-07,0.05650090868003405,3338,4.942326242408151e-07,0.05650091416691496,True,60,1638,-24.523449135339504,-24.52344913533926,True,False,accepted,L-BFGS-B>Newton-CG,True,1.5597989944155545e-13,9.372856312173264e-11,1.166416612232679e-09,1.3847096553831761e-06,68899.84352630145,-3.2575162359216314e-08,-2.6645352591003757e-14,2.4513724383723456e-13,1.3847096482777488e-06,1.3847097157793087e-06,-6.750155989720952e-14,1.3847097157793087e-06,2.7794194315586175e-08,False,0,none,True,3.8864173000038136,3.746463700023014,9.772329644164301e-06,ok,1.0397996978936269e-05,1.4350599202619532e-05,0.004420918846152657,0.0006322953930817948,,,,,1374.391853899986
208,208,168,168,1589,1589,1589,1,2.947803556807571e-08,2.947803556807571e-08,0.1618053092846588,1.7744262270599405e-05,1.7744262270599388e-05,0,3338,4.942326254247362e-07,0.059644050294621324,3338,4.942326254247362e-07,0.059644062422506014,3338,4.942326254247362e-07,0.059644050294621324,True,61,1637,-24.52345051522532,-24.52345051522505,True,False,accepted,L-BFGS-B>Newton-CG,True,9.822812880652424e-14,5.912841742593108e-11,1.1661267679446564e-09,1.3798858162772376e-06,68899.84352630145,-4.236306247462629e-08,-2.6645352591003757e-14,2.7000623958883807e-13,1.3798858162772376e-06,1.3798857914082419e-06,2.4868995751603507e-14,1.3798858162772376e-06,2.7697716325544755e-08,False,0,none,True,3.8927649999968708,1.380178799998248,8.39244385275606e-06,ok,9.391905928847913e-06,1.2962061636162417e-05,0.004096922860474324,0.000585956345419862,,,,,1379.8136611999944
209,209,169,169,792,792,792,1,1.986417430543952e-08,1.986417430543952e-08,0.0031736162818372477,0.00017857003955051758,0.0001785700395505176,0,3338,4.942326094880732e-07,0.04019195399918038,3338,4.942326094880732e-07,0.04019195322327951,3338,4.942326094880732e-07,0.04019195399918038,True,62,1636,-24.52345052141242,-24.523450521412254,True,False,accepted,L-BFGS-B,True,9.139246725409678e-11,8.215826775210539e-07,1.011123952555798e-09,6.187093504195218e-09,68899.84352630145,-4.236300565202411e-08,-2.6645352591003757e-14,1.6697754290362354e-13,6.1871006096225756e-09,6.187203638319261e-09,-1.0302869668521453e-13,6.187203638319261e-09,2.2374407276638523e-10,False,0,none,True,3.9221066999889445,0.8073307999875396,8.38625664911774e-06,ok,9.390163658135976e-06,1.2959657074135701e-05,0.0040954124015999,0.0005857403142686525,,,,,1384.6932192999811
210,210,170,170,1693,1693,1693,1,1.8945728985642063e-08,1.8945728985642063e-08,0.1782192773597714,9.990088626422164e-06,9.990088626422174e-06,0,3338,4.942326017716063e-07,0.03833362857433922,3338,4.942326017716063e-07,0.03833363815216144,3338,4.942326017716063e-07,0.03833362857433922,True,63,1635,-24.523452319688097,-24.523452319687834,True,False,accepted,L-BFGS-B,True,4.699080809237562e-11,2.477812774364619e-08,1.1896463226703051e-09,1.7982756759238328e-06,100099.21206856603,-3.738818150217371e-08,-2.6645352591003757e-14,2.6290081223123707e-13,1.7982756759238328e-06,1.7982755800005634e-06,9.592326932761353e-14,1.7982756759238328e-06,3.6065513518476656e-08,False,0,none,True,3.921166899992386,0.8791243000014219,6.587981069117177e-06,ok,8.068621160378433e-06,1.1135755148316199e-05,0.003629858680601134,0.0005191551804393396,,,,,1389.645849099994
211,211,171,171,501,501,501,1,-1.8686653890931382e-08,1.8686653890931382e-08,0.0010511861905580814,0.00024073963286843592,0.0002407396328684357,0,3338,4.942325864492723e-07,0.03780943305495573,3338,4.942325864492723e-07,0.03780942645013331,3338,4.942325864492723e-07,0.03780943305495573,True,64,1634,-24.52345232270035,-24.523452322700024,True,False,accepted,L-BFGS-B,True,5.1007873301387076e-11,6.571654856565626e-07,1.0077618004010705e-09,3.0122606631266535e-09,100099.21206856603,-3.742105450510458e-08,-2.6645352591003757e-14,3.268496584496461e-13,3.012253557699296e-09,3.0121896088530775e-09,6.394884621840902e-14,3.012253557699296e-09,1.6024507115398592e-10,False,0,none,True,3.855409999989206,0.8368843999924138,6.584968879508324e-06,ok,8.068128740655013e-06,1.1135075544532451e-05,0.003629028727730809,0.0005190364776549991,,,,,1394.495301499992
212,212,172,172,1182,1182,1182,1,1.680267880388442e-08,1.680267880388442e-08,0.04044839132985126,3.858514687949099e-05,3.858514687949096e-05,0,3338,4.942326040629864e-07,0.0339975118309739,3338,4.942326040629864e-07,0.03399753274100997,3338,4.942326040629864e-07,0.0339975118309739,True,65,1633,-24.523452417529377,-24.523452417529022,True,False,accepted,L-BFGS-B,True,1.0085413932935503e-10,2.3158424752565768e-07,1.043549654351245e-09,9.482900864554722e-08,100099.21206856603,-3.6923063009841606e-08,-2.6645352591003757e-14,3.552713678800501e-13,9.482902640911561e-08,9.482899798740618e-08,2.842170943040401e-14,9.482902640911561e-08,1.996580528182312e-09,False,0,none,True,3.8791356000001542,0.8752797000051942,6.490139881520918e-06,ok,8.009852201723908e-06,1.1054646279664394e-05,0.003602803177288255,0.0005152856070095693,,,,,1399.4035909000086
213,213,173,173,1548,1548,1548,1,-1.6268099312100048e-08,1.6268099312100048e-08,0.1252547181636585,1.348103775031813e-05,1.3481037750318122e-05,0,3338,4.94232595051487e-07,0.03291587700808221,3338,4.94232595051487e-07,0.03291588175067237,3338,4.94232595051487e-07,0.03291587700808221,True,66,1632,-24.523453144850926,-24.52345314485057,True,False,accepted,L-BFGS-B,True,2.2825954596484535e-10,1.8925499639687768e-07,1.1206095217090983e-09,7.273215700820401e-07,100099.21206856603,-3.483243184859708e-08,-2.6645352591003757e-14,3.552713678800501e-13,7.27321548765758e-07,7.27321548765758e-07,0.0,7.27321548765758e-07,1.4646430975315161e-08,False,0,none,True,3.8589384999941103,1.9501113999867812,5.76281833275516e-06,ok,7.338317257990739e-06,1.0127840006534062e-05,0.0033949330476798233,0.00048555528852043674,,,,,1405.3613252000068
214,214,174,174,1470,1470,1470,1,1.4416436960873469e-08,1.4416436960873469e-08,7.0139435235432745e-06,0.0038055106221576316,0.003805510622157632,0,3338,4.94232605481338e-07,0.029169336059552686,3338,4.94232605481338e-07,0.02916933607013558,3338,4.94232605481338e-07,0.029169336059552686,True,67,1631,-24.523453144858102,-24.523453144857832,True,False,accepted,L-BFGS-B,True,6.772335310055081e-11,1.7877213229647736e-05,1.0003788250004662e-09,7.183587058534613e-12,100099.21206856603,-3.4754067755604634e-08,-2.6645352591003757e-14,2.7000623958883807e-13,7.176481631177012e-12,7.261746759468224e-12,-8.526512829121202e-14,7.261746759468224e-12,1.0014523493518937e-10,False,0,none,True,3.875815099978354,0.8741316999949049,5.7628110710084e-06,ok,7.338316734741806e-06,1.0127839284381927e-05,0.0033949309341150505,0.0004855549862309545,,,,,1410.2644642000087
215,215,175,175,1515,1515,1515,1,1.95575659348024e-08,1.95575659348024e-08,3.1346717621177893e-06,0.005667562723264192,0.005667562723264192,0,3338,5.19935485130234e-07,0.03761537054910495,3338,5.19935485130234e-07,0.0376153705199414,3338,5.19935485130234e-07,0.03761537054910495,True,68,1630,-24.523453144864046,-24.523453144863748,True,False,accepted,L-BFGS-B,True,3.991176386267449e-11,1.1566002403676571e-05,1.000345078294727e-09,5.95790083934844e-12,100099.21206856603,-3.468710532000818e-08,-2.6645352591003757e-14,2.984279490192421e-13,5.943689984633238e-12,5.915268275202834e-12,2.842170943040401e-14,5.943689984633238e-12,1.0011887379969267e-10,False,0,none,True,3.8384871000016574,0.8319988000148442,5.762805155740125e-06,ok,7.338316222480761e-06,1.0127838577394517e-05,0.00339492918034089,0.00048555473539999363,,,,,1415.1006701999868
216,216,176,176,319,319,319,1,1.3748803442958923e-08,1.3748803442958923e-08,5.609176596002638e-06,0.003169943142288713,0.0031699431422887157,0,3338,4.6152430706931707e-07,0.02978998772624552,3338,4.6152430706931707e-07,0.029789987787257097,3338,4.6152430706931707e-07,0.02978998772624552,True,69,1629,-24.523453144873464,-24.523453144873116,True,False,accepted,L-BFGS-B,True,2.335498736458609e-11,5.3847645063741e-06,1.0004337234680726e-09,9.411138535142527e-12,100099.21206856603,-3.4726483681690734e-08,-2.6645352591003757e-14,3.481659405224491e-13,9.418243962500128e-12,9.368505970996921e-12,4.973799150320701e-14,9.418243962500128e-12,1.0018836487925001e-10,False,0,none,True,3.9327538999787066,0.850562199979322,5.762795787234154e-06,ok,7.338316134462558e-06,1.0127838455917856e-05,0.003394926409799066,0.0004855543391473384,,,,,1420.039432199992
217,217,177,177,1555,1555,1555,1,-1.3738576332134045e-08,1.3738576332134045e-08,0.00020686182184895637,0.0014259652059718149,0.0014259652059718146,0,3338,4.6152424287778083e-07,0.02976783244682608,3338,4.6152424287778083e-07,0.029767832558932564,3338,4.6152424287778083e-07,0.02976783244682608,True,70,1628,-24.523453144919866,-24.523453144919586,True,False,accepted,L-BFGS-B,True,2.370099268069469e-11,2.459966386241024e-06,1.0009634681519738e-09,4.6416204213528545e-11,100099.21206856603,-3.470344946132631e-08,-2.6645352591003757e-14,2.8066438062523957e-13,4.640199335881334e-11,4.646949491871055e-11,-6.750155989720952e-14,4.646949491871055e-11,1.0092938989837421e-10,False,0,none,True,3.8649676999775693,0.8463594999921042,5.762749317739235e-06,ok,7.33831319377839e-06,1.0127834397388126e-05,0.0033949127384126218,0.00048555238381746993,,,,,1424.9090369000041
218,218,178,178,819,819,819,1,-1.510654479286444e-08,1.510654479286444e-08,0.00034109356695553075,0.0005145945714330029,0.0005145945714330025,0,3338,4.6152424225087867e-07,0.03273185546914937,3338,4.6152424225087867e-07,0.032731856377340586,3338,4.6152424225087867e-07,0.03273185546914937,True,71,1627,-24.52345314535073,-24.52345314535048,True,False,accepted,L-BFGS-B,True,2.984392256599342e-11,1.0166541509621448e-06,1.0029355039309828e-09,4.3085890411020955e-10,100099.21206856603,-3.471694452750196e-08,-2.6645352591003757e-14,2.4868995751603507e-13,4.3086245682388835e-10,4.3089443124699756e-10,-3.197442310920451e-14,4.3089443124699756e-10,1.0861788862493996e-10,False,0,none,True,3.9132588999927975,0.8623186000040732,5.762318423307988e-06,ok,7.33825179273545e-06,1.0127749655898045e-05,0.0033947858234541508,0.00048553423199285,,,,,1429.8433212999953
219,219,179,179,1230,1230,1230,1,-1.3639513518626245e-08,1.3639513518626245e-08,0.23930321200391447,1.0612145926247056e-05,1.0612145926247054e-05,0,3338,4.6152425419630353e-07,0.02955318901360458,3338,4.6152425419630353e-07,0.029553251563548967,3338,4.6152425419630353e-07,0.02955318901360458,True,72,1626,-24.523453971276684,-24.523453971276357,True,False,accepted,L-BFGS-B>Newton-CG,True,9.546045896446359e-14,7.427368803825306e-11,1.1285252711771883e-09,8.259259516307793e-07,100099.21206856603,-2.69261862251291e-08,-2.6645352591003757e-14,3.268496584496461e-13,8.25925955183493e-07,8.259258770237921e-07,7.815970093361102e-14,8.25925955183493e-07,1.661851910366986e-08,False,0,none,True,3.936770800006343,1.5343427000043448,4.936392546284196e-06,ok,6.647004856483314e-06,9.173738248481007e-06,0.003142090457983875,0.0004493928503027011,,,,,1435.4781154000084
220,220,180,180,617,617,617,1,1.3269651932823479e-08,1.3269651932823479e-08,8.723894290323129e-05,0.0017664693990716515,0.001766469399071652,0,3338,4.6152424176600906e-07,0.028751798349849495,3338,4.6152424176600906e-07,0.028751798460048168,3338,4.6152424176600906e-07,0.028751798349849495,True,73,1625,-24.523453971304896,-24.523453971304484,True,False,accepted,L-BFGS-B,True,9.956558354007374e-12,1.3254263058074471e-06,1.0007511966761474e-09,2.8208546609675977e-11,100099.21206856603,-2.692617787070084e-08,-2.6645352591003757e-14,4.121147867408581e-13,2.8212099323354778e-11,2.8126834195063566e-11,8.526512829121202e-14,2.8212099323354778e-11,1.005642419864671e-10,False,0,none,True,4.094080500013661,0.9093243000097573,4.936364419450001e-06,ok,6.647006142790966e-06,9.173740023754225e-06,0.003142081478362469,0.0004493915660056026,,,,,1440.6443588999973
221,221,181,181,1414,1414,1414,1,1.500429580580942e-08,1.500429580580942e-08,0.00013509099324866825,0.0011253061013452195,0.0011253061013452195,0,3338,4.6158204407203405e-07,0.03250623805346264,3338,4.6158204407203405e-07,0.0325062382381564,3338,4.6158204407203405e-07,0.03250623805346264,True,74,1624,-24.52345397139377,-24.52345397139348,True,False,accepted,L-BFGS-B,True,1.8882911061870115e-11,1.4162075161541185e-06,1.0013333435140317e-09,8.888179081623093e-11,100099.21206856603,-2.6926367135970963e-08,-2.6645352591003757e-14,2.913225216616411e-13,8.887468538887333e-11,8.899547765395255e-11,-1.2079226507921703e-13,8.899547765395255e-11,1.0177990955307905e-10,False,0,none,True,4.426359500008402,0.9631431000016164,4.936275423972347e-06,ok,6.646993074405178e-06,9.173721987668329e-06,0.0031420531881587847,0.00044938751984097456,,,,,1446.211549300002
222,222,182,182,887,887,887,1,1.3854085711972886e-08,1.3854085711972886e-08,5.4147018888051735e-05,0.001241079895849324,0.0012410798958493242,0,3338,4.616024518529191e-07,0.030013024533039587,3338,4.616024518529191e-07,0.030013024508088723,3338,4.616024518529191e-07,0.030013024533039587,True,75,1623,-24.52345397145609,-24.523453971455695,True,False,accepted,L-BFGS-B,True,7.38137770495492e-12,6.612395092769212e-07,1.0011162941114979e-09,6.229683435776678e-11,100099.21206856603,-2.6926840181185074e-08,-2.6645352591003757e-14,3.943512183468556e-13,6.231815063983959e-11,6.221512194315437e-11,1.0302869668521453e-13,6.231815063983959e-11,1.012463630127968e-10,False,0,none,True,4.486229100002674,0.9860530000005383,4.936213208850404e-06,ok,6.6469890350311e-06,9.173716412802463e-06,0.003142033358567541,0.00044938468374295363,,,,,1451.8584669999836
223,223,183,183,1737,1737,1737,1,-1.3129670684008943e-08,1.3129670684008943e-08,0.13571590693380506,1.3560499012905027e-05,1.3560499012905019e-05,0,3338,4.6140569332021445e-07,0.028455805539653326,3338,4.6140569332021445e-07,0.02845584920598574,3338,4.6140569332021445e-07,0.028455805539653326,True,76,1622,-24.5234544401787,-24.523454440178327,True,False,accepted,L-BFGS-B,True,3.2200630551745585e-10,3.325735979624532e-07,1.0968225702491902e-09,4.687226144994838e-07,100099.21206856603,-2.5416322012306036e-08,-2.6645352591003757e-14,3.730349362740526e-13,4.6872261094677015e-07,4.687226322630522e-07,-2.1316282072803006e-14,4.687226322630522e-07,9.474452645261043e-09,False,0,none,True,4.594405299983919,1.5856145000143442,4.467490576587352e-06,ok,6.286560558915093e-06,8.676277856854654e-06,0.0029891369963514977,0.00042751690719864945,,,,,1458.216791199986
224,224,184,184,498,498,498,1,-1.3239982887824908e-08,1.3239982887824908e-08,0.1112290642158738,1.7502474627223943e-05,1.7502474627224024e-05,0,3338,4.6140570462046226e-07,0.028694883386228828,3338,4.6140570462046226e-07,0.028694840565270024,3338,4.6140570462046226e-07,0.028694883386228828,True,77,1621,-24.523454728018642,-24.523454728018322,True,False,accepted,L-BFGS-B,True,3.816736869425437e-10,5.030363813518641e-07,1.075873972756569e-09,2.878399421035738e-07,100099.21206856603,-2.4437931372967014e-08,-2.6645352591003757e-14,3.197442310920451e-13,2.878399421035738e-07,2.8783999539427896e-07,-5.3290705182007514e-14,2.8783999539427896e-07,5.85679990788558e-09,False,0,none,True,4.428005599998869,1.0012387000024319,4.179650581193073e-06,ok,5.997803322850029e-06,8.277755009615873e-06,0.002891239272773134,0.0004135152297723235,,,,,1463.8133338000043
225,225,185,185,1608,1608,1608,1,-1.3188003578079588e-08,1.3188003578079588e-08,0.25572437089753075,8.678733209251559e-06,8.678733209251577e-06,0,3338,4.6140570789115764e-07,0.02858222894197604,3338,4.6140570789115764e-07,0.028582262148716616,3338,4.6140570789115764e-07,0.02858222894197604,True,78,1620,-24.523455871851496,-24.523455871851223,True,False,accepted,L-BFGS-B>Newton-CG,True,5.504614810674136e-10,3.6393897104676987e-07,1.1512510406577685e-09,1.1438328684221233e-06,115224.18950890188,-1.6201279082195263e-08,-2.6645352591003757e-14,2.7355895326763857e-13,1.1438328542112686e-06,1.1438329003965464e-06,-4.618527782440651e-14,1.1438329003965464e-06,2.297665800793093e-08,False,0,none,True,4.445410699991044,3.4670904999948107,3.0358176807965265e-06,ok,4.617411031989383e-06,6.372632653006622e-06,0.0024640651153282865,0.0003524192763754338,,,,,1471.8939876999939
226,226,186,186,483,483,483,1,-1.3047580793568159e-08,1.3047580793568159e-08,0.0016509989558289079,0.0001691865813041011,0.000169186581304101,0,3338,4.614057036575212e-07,0.02827789229769196,3338,4.614057036575212e-07,0.02827789563243552,3338,4.614057036575212e-07,0.02827789229769196,True,79,1619,-24.52345587482361,-24.52345587482334,True,False,accepted,L-BFGS-B,True,4.679419983069519e-11,6.069382134541067e-07,1.0077098786653074e-09,2.972111445842529e-09,115224.18950890188,-1.616672506976613e-08,-2.6645352591003757e-14,2.7000623958883807e-13,2.972114998556208e-09,2.9721185512698867e-09,-3.552713678800501e-15,2.9721185512698867e-09,1.5944237102539773e-10,False,0,none,True,4.394387699983781,0.9386785000097007,3.0328455622452566e-06,ok,4.616657063595434e-06,6.371592077763627e-06,0.002462858640861062,0.00035224672214540973,,,,,1477.400495799986
227,227,187,187,774,774,774,1,-1.463461307693592e-08,1.463461307693592e-08,0.0009774480243441514,0.0002698062897771926,0.00026980628977719257,0,3338,4.614057052165895e-07,0.031717451499795074,3338,4.614057052165895e-07,0.03171744921553495,3338,4.614057052165895e-07,0.031717451499795074,True,80,1618,-24.523455876294577,-24.523455876294307,True,False,accepted,L-BFGS-B,True,4.830136601549988e-11,8.905138442461676e-07,1.0054239882206872e-09,1.4709939932799898e-09,115224.18950890188,-1.619423918575169e-08,-2.6645352591003757e-14,2.7000623958883807e-13,1.4709655715705594e-09,1.4709655715705594e-09,0.0,1.4709655715705594e-09,1.294193114314112e-10,False,0,none,True,4.522912400017958,0.9727544999914244,3.031374596673686e-06,ok,4.61646666554674e-06,6.371329303491689e-06,0.0024622613036881977,0.00035216128887787814,,,,,1483.074239699985
228,228,188,188,726,726,726,1,-2.085549555275179e-08,2.085549555275179e-08,0.000805805555194299,0.0002593003418209203,0.0002593003418209204,0,3338,4.614057415544736e-07,0.045199904713993655,3338,4.614057415544736e-07,0.04519990426173806,3338,4.614057415544736e-07,0.045199904713993655,True,81,1617,-24.523455879529106,-24.523455879528825,True,False,accepted,L-BFGS-B,True,7.090320887302552e-11,8.815470054691143e-07,1.0080430434716632e-09,3.2345219835860917e-09,115224.18950890188,-1.6182700499078884e-08,-2.6645352591003757e-14,2.8066438062523957e-13,3.2345290890134493e-09,3.234518430872413e-09,1.0658141036401503e-14,3.2345290890134493e-09,1.64690581780269e-10,False,0,none,True,4.633128300018143,1.0970050000178162,3.0281400782428136e-06,ok,4.61576294011097e-06,6.370358070118773e-06,0.0024609473163052942,0.0003519733577717687,,,,,1488.9914377999958
229,229,189,189,672,672,672,1,1.153732642755756e-08,1.153732642755756e-08,0.007314380680897105,7.052237967602258e-05,7.052237967602249e-05,0,3338,4.614056314060962e-07,0.025004736921824065,3338,4.614056314060962e-07,0.02500472040862046,3338,4.614056314060962e-07,0.025004736921824065,True,82,1616,-24.523455892911556,-24.52345589291124,True,False,accepted,L-BFGS-B,True,6.780516432328992e-11,4.1445725107603963e-07,1.0163599898776653e-09,1.3382454255861376e-08,115224.18950890188,-1.6200524921572423e-08,-2.6645352591003757e-14,3.161915174132446e-13,1.3382450703147697e-08,1.3382415176010909e-08,3.552713678800501e-14,1.3382450703147697e-08,3.6764901406295395e-10,False,0,none,True,4.779137500008801,0.942606699973112,3.0147576630668027e-06,ok,4.6065505642900985e-06,6.3576437835713695e-06,0.002455503362443314,0.0003511947443054583,,,,,1494.8835435000074
230,230,190,190,445,445,445,1,-1.0981515030650257e-08,1.0981515030650257e-08,0.014828535340590027,5.150983767354216e-05,5.150983767354214e-05,0,3338,4.6140563914427365e-07,0.023800131812469084,3338,4.6140563914427365e-07,0.023800118569699536,3338,4.6140563914427365e-07,0.023800131812469084,True,83,1615,-24.523455915642568,-24.52345591564228,True,False,accepted,L-BFGS-B,True,1.9640642656888767e-11,9.211535319927619e-08,1.021321790531921e-09,2.2730997528697117e-08,115224.18950890188,-1.6223881543764307e-08,-2.6645352591003757e-14,2.877698079828406e-13,2.2731011739551832e-08,2.2731040161261262e-08,-2.842170943040401e-14,2.2731040161261262e-08,5.546208032252252e-10,False,0,none,True,4.493804199999431,1.0751880999887362,2.9920266229055414e-06,ok,4.599795661788112e-06,6.348321132424697e-06,0.0024462286725325764,0.00034986824546960545,,,,,1500.632921099983
231,231,191,191,213,213,213,1,1.0754108381583194e-08,1.0754108381583194e-08,4.933448131423756e-05,0.0015355789175982124,0.001535578917598211,0,3338,4.614056229193789e-07,0.023307276390652595,3338,4.614056229193789e-07,0.0233072765758228,3338,4.614056229193789e-07,0.023307276390652595,True,84,1614,-24.52345591566709,-24.523455915666876,True,False,accepted,L-BFGS-B,True,1.2948307174791734e-11,1.848896570447086e-06,1.0007003262043836e-09,2.4524382524759858e-11,115224.18950890188,-1.6204526845364775e-08,-2.6645352591003757e-14,2.1316282072803006e-13,2.4520829811081057e-11,2.4595436798335868e-11,-7.460698725481052e-14,2.4595436798335868e-11,1.0049190873596672e-10,False,0,none,True,4.508991300011985,0.9599813000240829,2.992002027468743e-06,ok,4.599792870582694e-06,6.34831728019524e-06,0.002446218647796442,0.0003498668116965154,,,,,1506.2813940999913
232,232,192,192,733,733,733,1,-1.0531206018349337e-08,1.0531206018349337e-08,0.0006127149512981788,0.000299163714032622,0.00029916371403262206,0,3338,4.61405635245141e-07,0.02282418161788205,3338,4.61405635245141e-07,0.02282418163118113,3338,4.61405635245141e-07,0.02282418161788205,True,85,1613,-24.52345591628667,-24.523455916286455,True,False,accepted,L-BFGS-B,True,2.825124144255215e-11,8.025534124694368e-07,1.0035201696240534e-09,6.195861601554498e-10,115224.18950890188,-1.6216199640040063e-08,-2.6645352591003757e-14,2.1671553440683056e-13,6.19582607441771e-10,6.195790547280922e-10,3.552713678800501e-15,6.19582607441771e-10,1.1239165214883542e-10,False,0,none,True,4.323131899989676,1.0091326000110712,2.991382448414015e-06,ok,4.599687490040873e-06,6.34817184123017e-06,0.0024459653548972774,0.00034983058485345053,,,,,1511.7985782999895
233,233,193,193,176,176,176,1,-1.044194930521769e-08,1.044194930521769e-08,0.01685938358234538,3.680952914145292e-05,3.680952914145289e-05,0,3338,4.6140575231853584e-07,0.022630730658964544,3338,4.6140575231853584e-07,0.022630734587707636,3338,4.6140575231853584e-07,0.022630730658964544,True,86,1612,-24.523455956527023,-24.52345595652679,True,False,accepted,L-BFGS-B,True,7.667940850188318e-11,2.7029209067787293e-07,1.0283690907527396e-09,4.0240365706267767e-08,115224.18950890188,-1.6242679312661323e-08,-2.6645352591003757e-14,2.3447910280083306e-13,4.024035149541305e-08,4.024033373184466e-08,1.7763568394002505e-14,4.024035149541305e-08,9.04807029908261e-10,False,0,none,True,4.327609200001461,1.1145241000049282,2.9511421146821704e-06,ok,4.584365904104001e-06,6.32702604369109e-06,0.002429457905925713,0.0003474696313278421,,,,,1517.4197745999845
234,234,194,194,1220,1220,1220,1,1.0922676096924988e-08,1.0922676096924988e-08,0.024230826124702533,3.8319273009512794e-05,3.831927300951269e-05,0,3338,4.6140575593813564e-07,0.023672604765662002,3338,4.6140575593813564e-07,0.023672583470345544,3338,4.6140575593813564e-07,0.023672604765662002,True,87,1611,-24.523455997140395,-24.523455997140104,True,False,accepted,L-BFGS-B,True,1.4281818424185568e-10,5.011115984911635e-07,1.0285002751227228e-09,4.0613379326259746e-08,115224.18950890188,-1.6272146637075213e-08,-2.6645352591003757e-14,2.913225216616411e-13,4.061337222083239e-08,4.061331537741353e-08,5.684341886080802e-14,4.061337222083239e-08,9.122674444166477e-10,False,0,none,True,4.3483987000072375,2.285451000003377,2.910528799304757e-06,ok,4.549976168413381e-06,6.279563699301124e-06,0.0024126829082733235,0.00034507041204703706,,,,,1524.2468085
235,235,195,195,21,21,21,1,-1.0661404425960086e-08,1.0661404425960086e-08,0.010604989429860094,7.287797672719054e-05,7.287797672719064e-05,0,3338,4.6140576015452054e-07,0.02310635312049351,3338,4.6140576015452054e-07,0.02310635264797357,3338,4.6140576015452054e-07,0.02310635312049351,True,88,1610,-24.523456007843286,-24.52345600784301,True,False,accepted,L-BFGS-B,True,6.80972435006743e-11,4.654405185260816e-07,1.014630708069061e-09,1.0702898123327031e-08,115224.18950890188,-1.6302019158198622e-08,-2.6645352591003757e-14,2.7711166694643907e-13,1.0702891017899674e-08,1.0702905228754389e-08,-1.4210854715202004e-14,1.0702905228754389e-08,3.140581045750878e-10,False,0,none,True,4.254762900003698,1.1950524999992922,2.8998258940760024e-06,ok,4.542063557173597e-06,6.268643258299043e-06,0.0024082427166152044,0.00034443536018846876,,,,,1529.8670634999871
236,236,196,196,1114,1114,1114,1,-1.040334307589319e-08,1.040334307589319e-08,0.014849975537465547,4.424122751718029e-05,4.424122751718029e-05,0,3338,4.6140574822598165e-07,0.02254705997030182,3338,4.6140574822598165e-07,0.02254706855576585,3338,4.6140574822598165e-07,0.02254705997030182,True,89,1609,-24.523456035494426,-24.523456035494146,True,False,accepted,L-BFGS-B,True,6.605401744866264e-11,2.808847937522933e-07,1.0235164091890693e-09,2.7651140044326894e-08,115224.18950890188,-1.6328573750057362e-08,-2.6645352591003757e-14,2.8066438062523957e-13,2.7651140044326894e-08,2.7651136491613215e-08,3.552713678800501e-15,2.7651140044326894e-08,6.530228008865379e-10,False,0,none,True,4.215509700006805,1.1714527999865822,2.8721747575843892e-06,ok,4.526126088834165e-06,6.246647462290741e-06,0.002396733318002341,0.0003427892454387287,,,,,1535.4420313999872
237,237,197,197,358,358,358,1,9.808746703754423e-09,9.808746703754423e-09,0.03834466203968819,2.7826352315091375e-05,2.7826352315091375e-05,0,3338,4.6140573726053e-07,0.02125839778670973,3338,4.6140573726053e-07,0.021258408420843554,3338,4.6140573726053e-07,0.02125839778670973,True,90,1608,-24.52345609760497,-24.5234560976047,True,False,accepted,L-BFGS-B,True,2.52011241629375e-11,7.150279936056582e-08,1.0352449475940883e-09,6.21105442633052e-08,115224.18950890188,-1.634499691843816e-08,-2.6645352591003757e-14,2.7000623958883807e-13,6.21105442633052e-08,6.211055492144624e-08,-1.0658141036401503e-14,6.211055492144624e-08,1.342211098428925e-09,False,0,none,True,4.299659900018014,1.054832100024214,2.810064202662943e-06,ok,4.466114283077032e-06,6.16382330167686e-06,0.002370676935005608,0.0003390625697175612,,,,,1540.9824255999993
238,238,198,198,1523,1523,1523,1,9.708662762619724e-09,9.708662762619724e-09,0.003243643946126538,0.00013529605332968152,0.00013529605332968174,0,3338,4.6140575962659524e-07,0.021041485850711347,3338,4.6140575962659524e-07,0.021041492587055552,3338,4.6140575962659524e-07,0.021041485850711347,True,91,1607,-24.523456100179224,-24.523456100178986,True,False,accepted,L-BFGS-B,True,4.497238333427266e-11,6.267646854245639e-07,1.0071753218361065e-09,2.5742679099494126e-09,115224.18950890188,-1.6320070780895257e-08,-2.6645352591003757e-14,2.3803181647963356e-13,2.5742536990946974e-09,2.5742856735178066e-09,-3.197442310920451e-14,2.5742856735178066e-09,1.5148571347035613e-10,False,0,none,True,4.3447245999996085,1.034416800015606,2.807489916989425e-06,ok,4.465033201219244e-06,6.1623312669630815e-06,0.0023695908128673012,0.00033890722870175106,,,,,1546.5530387999897
239,239,199,199,162,162,162,1,8.91656437573829e-09,8.91656437573829e-09,0.09205138357611112,1.3433699673213493e-05,1.3433699673213557e-05,0,3338,4.6140576520541046e-07,0.019324778856564088,3338,4.6140576520541046e-07,0.0193247839351389,3338,4.6140576520541046e-07,0.019324778856564088,True,92,1606,-24.52345632053214,-24.523456320531892,True,False,accepted,L-BFGS-B,True,2.9512460044676505e-11,4.4456051077976964e-08,1.066385698524844e-09,2.203529199107379e-07,115224.18950890188,-1.5926746775585254e-08,-2.6645352591003757e-14,2.4868995751603507e-13,2.2035291635802423e-07,2.203529056998832e-07,1.0658141036401503e-14,2.2035291635802423e-07,4.507058327160485e-09,False,0,none,True,4.290319699997781,1.1127496999979485,2.587137011289542e-06,ok,4.257987040963456e-06,5.876580418189887e-06,0.0022746988357461462,0.00032533544372624883,,,,,1552.1412726999843
240,240,200,200,189,189,189,1,-8.518557192971343e-09,8.518557192971343e-09,0.0008603610854565299,0.00017445129573008124,0.00017445129573008137,0,3338,4.614057536791387e-07,0.01846218241763657,3338,4.614057536791387e-07,0.01846218418769838,3338,4.614057536791387e-07,0.01846218241763657,True,93,1605,-24.523456321724524,-24.523456321724254,True,False,accepted,L-BFGS-B,True,2.9599051101842537e-11,6.061156093005655e-07,1.0048834002371262e-09,1.1923795284474181e-09,115224.18950890188,-1.5902341582441082e-08,-2.6645352591003757e-14,2.7000623958883807e-13,1.192383081161097e-09,1.1923617648790241e-09,2.1316282072803006e-14,1.192383081161097e-09,1.2384766162322194e-10,False,0,none,True,4.146026000002166,0.9928130999905989,2.585944649524663e-06,ok,4.257772816863453e-06,5.876284760843101e-06,0.0022741745840584152,0.00032526046340236066,,,,,1557.4652591999911
241,241,201,201,1628,1628,1628,1,8.033143483743288e-09,8.033143483743288e-09,0.18078689940565348,9.193995856790137e-06,9.193995856790133e-06,0,3338,4.614057388849493e-07,0.017410150777830567,3338,4.614057388849493e-07,0.017410145040163003,3338,4.614057388849493e-07,0.017410150777830567,True,94,1604,-24.523456703595016,-24.523456703594775,True,False,accepted,L-BFGS-B,True,4.6507753051298497e-10,5.321704933730986e-07,1.087392581194261e-09,3.8187049966609266e-07,115224.18950890188,-2.1774052491596585e-09,-2.6645352591003757e-14,2.4158453015843406e-13,3.818704925606653e-07,3.8187052098237473e-07,-2.842170943040401e-14,3.8187052098237473e-07,7.737410419647494e-09,False,0,none,True,4.065526400023373,1.0958994000102393,2.2040741285422882e-06,ok,3.6776522806821928e-06,5.075642356271284e-06,0.0020995555213647156,0.00030028582968304386,,,,,1562.8200481999957
242,242,202,202,1798,1798,1798,1,7.3169621472857216e-09,7.3169621472857216e-09,0.02601357713251535,3.3995546878790356e-05,3.399554687879034e-05,0,3338,4.6140574722342064e-07,0.01585797791058446,3338,4.6140574722342064e-07,0.015857967699109105,3338,4.6140574722342064e-07,0.01585797791058446,True,95,1603,-24.523456726669025,-24.52345672666872,True,False,accepted,L-BFGS-B,True,4.606648909030451e-11,2.1444158365285208e-07,1.0214820690584337e-09,2.3074008481671626e-08,115224.18950890188,-2.129510692783221e-09,-2.6645352591003757e-14,3.055333763768431e-13,2.3074008481671626e-08,2.3073944532825408e-08,6.394884621840902e-14,2.3074008481671626e-08,5.614801696334326e-10,False,0,none,True,4.032474800013006,1.1412610999832395,2.181000184009463e-06,ok,3.6631667513030567e-06,5.055650426404518e-06,0.002088536646106329,0.0002987098713121083,,,,,1568.1832443999883
243,243,203,203,322,322,322,1,-7.63228547029371e-09,7.63228547029371e-09,0.021212693481726084,4.2632254278398726e-05,4.2632254278398746e-05,0,3338,4.61405741479912e-07,0.016541375158908793,3338,4.61405741479912e-07,0.016541381577384443,3338,4.61405741479912e-07,0.016541375158908793,True,96,1602,-24.523456742700834,-24.523456742700606,True,False,accepted,L-BFGS-B,True,1.013866864582914e-10,5.662068583209734e-07,1.0179062978429726e-09,1.6031805216698558e-08,115224.18950890188,-2.1401615341032354e-09,-2.6645352591003757e-14,2.2737367544323206e-13,1.6031808769412237e-08,1.603188692911317e-08,-7.815970093361102e-14,1.603188692911317e-08,4.2063773858226343e-10,False,0,none,True,4.066746199998306,1.2581600999983493,2.1649682970803497e-06,ok,3.647394696019597e-06,5.0338829221021995e-06,0.002080846374282982,0.00029760998153474216,,,,,1573.6911121000012
244,244,204,204,1254,1254,1254,1,-6.973411625921244e-09,6.973411625921244e-09,0.14172803791622607,1.1717806043070163e-05,1.1717806043070163e-05,0,3338,4.6140575793682486e-07,0.015113403996306512,3338,4.6140575793682486e-07,0.015113410361856488,3338,4.6140575793682486e-07,0.015113403996306512,True,97,1601,-24.52345691983718,-24.52345691983696,True,False,accepted,L-BFGS-B>Newton-CG,True,1.4727147617891083e-13,2.4742685435513934e-10,1.0595212175180985e-09,1.7713634292704228e-07,115224.18950890188,-1.9683599888908887e-09,-2.6645352591003757e-14,2.2026824808563106e-13,1.7713634647975596e-07,1.7713635358518331e-07,-7.105427357601002e-15,1.7713635358518331e-07,3.6427270717036664e-09,False,0,none,True,4.070870399998967,6.041280400007963,1.9878319434951663e-06,ok,3.369218627309803e-06,4.649963473202436e-06,0.0019939039497327187,0.000285175169582848,,,,,1583.991829799983
245,245,205,205,840,840,840,1,6.837111321544853e-09,6.837111321544853e-09,0.0836441229208211,1.700152702294695e-05,1.700152702294693e-05,0,3338,4.61405754097707e-07,0.014818001858071823,3338,4.61405754097707e-07,0.014818007588086506,3338,4.61405754097707e-07,0.014818001858071823,True,98,1600,-24.523457000696702,-24.523457000696375,True,False,accepted,L-BFGS-B,True,4.5692110374225236e-11,1.1362164972293336e-07,1.040214264170293e-09,8.085953240311028e-08,115224.18950890188,-1.866735724331825e-09,-2.6645352591003757e-14,3.268496584496461e-13,8.085952174496924e-08,8.085941516355888e-08,1.0658141036401503e-13,8.085952174496924e-08,1.717190434899385e-09,False,0,none,True,4.0691779000044335,1.0975819999875966,1.9069725283316075e-06,ok,3.3089859907635106e-06,4.566834537144473e-06,0.0019529295650860014,0.0002793148686933559,,,,,1589.346604899998
246,246,206,206,1117,1117,1117,1,7.03748792574288e-09,7.03748792574288e-09,0.0775784260583157,1.455872540149888e-05,1.4558725401498884e-05,0,3338,4.6140575655056407e-07,0.0152522759541507,3338,4.6140575655056407e-07,0.015252274045497274,3338,4.6140575655056407e-07,0.0152522759541507,True,99,1599,-24.52345711736789,-24.523457117367613,True,False,accepted,L-BFGS-B,True,4.314381118306538e-11,8.931455920616772e-08,1.0483054628120318e-09,1.1667118826608203e-07,115224.18950890188,-1.7311646838269468e-09,-2.6645352591003757e-14,2.7711166694643907e-13,1.1667118826608203e-07,1.1667123800407353e-07,-4.973799150320701e-14,1.1667123800407353e-07,2.433424760081471e-09,False,0,none,True,4.0604547999973875,1.1054569999978412,1.790301290327534e-06,ok,3.195304057662053e-06,4.409938563638918e-06,0.0018922449912152787,0.0002706355470806142,,,,,1594.6974624999857
247,247,207,207,862,862,862,1,6.5398563231511275e-09,6.5398563231511275e-09,1.5307822503550116e-05,0.0014707581743000034,0.0014707581743000043,0,3338,4.614057440908104e-07,0.014173764429477934,3338,4.614057440908104e-07,0.014173764306651892,3338,4.614057440908104e-07,0.014173764429477934,True,100,1598,-24.523457117377763,-24.523457117377493,True,False,accepted,L-BFGS-B,True,2.4635842484606355e-11,5.540449695154745e-06,1.0004446542039024e-09,9.880096740744193e-12,115224.18950890188,-1.6900784313711448e-09,-2.6645352591003757e-14,2.7000623958883807e-13,9.872991313386592e-12,9.880096740744193e-12,-7.105427357601002e-15,9.880096740744193e-12,1.0019760193481488e-10,False,0,none,True,4.068210800003726,1.0132844000181649,1.7902914102307932e-06,ok,3.1953032575883677e-06,4.409937459432328e-06,0.0018922397668043405,0.00027063479986695057,,,,,1599.9785524999897
248,248,208,208,1342,1342,1342,1,-6.2649168075523676e-09,6.2649168075523676e-09,0.00047016747823051347,0.00028929113628515645,0.00028929113628515645,0,3338,4.61405747391769e-07,0.013577890702416783,3338,4.61405747391769e-07,0.013577893452181094,3338,4.61405747391769e-07,0.013577890702416783,True,101,1597,-24.523457117612246,-24.523457117611954,True,False,accepted,L-BFGS-B,True,1.9905863233865074e-11,9.192083717476106e-07,1.0021655441623123e-09,2.3447199737347546e-10,115224.18950890188,-1.714385716722333e-09,-2.6645352591003757e-14,2.913225216616411e-13,2.3448265551451186e-10,2.3446133923243906e-10,2.1316282072803006e-14,2.3448265551451186e-10,1.0468965311029024e-10,False,0,none,True,4.070786399999633,1.0719290999986697,1.7900569488915608e-06,ok,3.1952551592468896e-06,4.409871077414496e-06,0.0018921158469709925,0.00027061707641568076,,,,,1605.3076454999973
249,249,209,209,1703,1703,1703,1,-5.852301088182799e-09,5.852301088182799e-09,0.0005246715954090761,0.00021523046500646783,0.0002152304650064679,0,3338,4.614055593353003e-07,0.012683638005171869,3338,4.614055593353003e-07,0.01268363878778366,3338,4.614055593353003e-07,0.012683638005171869,True,102,1596,-24.523457117981938,-24.523457117981632,True,False,accepted,L-BFGS-B,True,1.6859765108101323e-11,6.20031461611822e-07,1.0027191789694468e-09,3.6969183270230133e-10,115224.18950890188,-1.7009262678890913e-09,-2.6645352591003757e-14,3.055333763768431e-13,3.6969183270230133e-10,3.696776218475861e-10,1.4210854715202004e-14,3.6969183270230133e-10,1.0739383665404603e-10,False,0,none,True,4.094196699996246,1.0404638999898452,1.7896872712697132e-06,ok,3.1951682414702903e-06,4.409751119486245e-06,0.0018919204494190107,0.0002705891299691983,,,,,1610.6292759999924
250,250,210,210,405,405,405,1,-4.702947142831704e-09,4.702947142831704e-09,0.016677807387978,2.6259922026669414e-05,2.6259922026669414e-05,0,3338,4.614055575264507e-07,0.010192653872752932,3338,4.614055575264507e-07,0.010192652366860422,3338,4.614055575264507e-07,0.010192653872752932,True,103,1595,-24.523457134016354,-24.52345713401608,True,False,accepted,L-BFGS-B,True,1.0451121252690853e-10,5.836086955090298e-07,1.0179077545161923e-09,1.603440580311144e-08,115224.18950890188,-1.710348147831997e-09,-2.6645352591003757e-14,2.7355895326763857e-13,1.6034416461252476e-08,1.6034448435675586e-08,-3.197442310920451e-14,1.6034448435675586e-08,4.206889687135117e-10,False,0,none,True,4.069713000004413,1.029519400006393,1.7736528228340376e-06,ok,3.186126489853875e-06,4.397272316713012e-06,0.0018834261682052567,0.0002693742479354165,,,,,1615.9119501999812
251,251,211,211,1418,1418,1418,1,-4.692223720681454e-09,4.692223720681454e-09,0.001827564400381258,0.00013958299198790005,0.0001395829919879,0,3338,4.6140555507892994e-07,0.010169413152988119,3338,4.6140555507892994e-07,0.010169425410302343,3338,4.6140555507892994e-07,0.010169413152988119,True,104,1594,-24.523457134581427,-24.523457134581207,True,False,accepted,L-BFGS-B,True,1.6971720780940187e-11,5.048445915802049e-07,1.0033617713379514e-09,5.650626633268985e-10,115224.18950890188,-1.7237704943995347e-09,-2.6645352591003757e-14,2.2026824808563106e-13,5.650733214679349e-10,5.651266121731169e-10,-5.3290705182007514e-14,5.651266121731169e-10,1.1130253224346234e-10,False,0,none,True,4.0857774000032805,1.0238783000095282,1.7730876962218645e-06,ok,3.1859770600601824e-06,4.397066084004678e-06,0.0018831261197546209,0.0002693313339486096,,,,,1621.2216891999997
252,252,212,212,381,381,381,1,-4.579556178718747e-09,4.579556178718747e-09,0.00024820660298898996,0.0005303622269929952,0.0005303622269929954,0,3338,4.6140556942421466e-07,0.009925229520817333,3338,4.6140556942421466e-07,0.00992522914913723,3338,4.6140556942421466e-07,0.009925229520817333,True,105,1593,-24.523457134618702,-24.523457134618468,True,False,accepted,L-BFGS-B,True,7.754297250144815e-12,8.98022705323331e-07,1.000863485656229e-09,3.7275071917974856e-11,115224.18950890188,-1.7179546743517626e-09,-2.6645352591003757e-14,2.3447910280083306e-13,3.7275071917974856e-11,3.7260861063259654e-11,1.4210854715202004e-14,3.7275071917974856e-11,1.007455014383595e-10,False,0,none,True,4.316309500019997,1.1486967999953777,1.7730504353608012e-06,ok,3.1859684656008483e-06,4.397054222523903e-06,0.0018831063226577122,0.000269328502498043,,,,,1626.8938337999862
253,253,213,213,1522,1522,1522,1,-4.482654469839531e-09,4.482654469839531e-09,0.0014995835596723225,0.00011734550451086761,0.00011734550451086777,0,3338,4.6140556756448776e-07,0.009715215387410813,3338,4.6140556756448776e-07,0.009715210525526641,3338,4.6140556756448776e-07,0.009715215387410813,True,106,1592,-24.523457135348252,-24.523457135347954,True,False,accepted,L-BFGS-B,True,1.5433137713929425e-11,4.0402864653701503e-07,1.0038198127400642e-09,7.295426485143253e-10,115224.18950890188,-1.721512953023474e-09,-2.6645352591003757e-14,2.984279490192421e-13,7.295497539416829e-10,7.294858050954645e-10,6.394884621840902e-14,7.295497539416829e-10,1.1459099507883366e-10,False,0,none,True,4.415196300018579,1.1410889000108,1.7723209495557057e-06,ok,3.1857936527370295e-06,4.396812957850601e-06,0.0018827188659162912,0.0002692730870694535,,,,,1632.6556712999882
254,254,214,214,157,157,157,1,-4.428123645539017e-09,4.428123645539017e-09,0.11994279658196952,9.61013073590213e-06,9.61013073590213e-06,0,3338,4.6140556241388994e-07,0.009597031345640567,3338,4.6140556241388994e-07,0.00959709357068453,3338,4.6140556241388994e-07,0.009597031345640567,True,107,1591,-24.523457241494413,-24.523457241494143,True,False,accepted,L-BFGS-B,True,2.941375976438959e-10,6.383829746673844e-07,1.0460754138684776e-09,1.0614616741122518e-07,115224.18950890188,-1.2145646988148684e-09,-2.6645352591003757e-14,2.7000623958883807e-13,1.0614616030579782e-07,1.0614618872750725e-07,-2.842170943040401e-14,1.0614618872750725e-07,2.2229237745501452e-09,False,0,none,True,4.380385200027376,1.122910399979446,1.6661747608281985e-06,ok,3.0869706797851838e-06,4.260424297638821e-06,0.0018254696058031031,0.00026108509613666085,,,,,1638.3674252000055
255,255,215,215,409,409,409,1,4.171855749746101e-09,4.171855749746101e-09,0.005818650632772932,5.352805593597045e-05,5.352805593597064e-05,0,3338,4.6140555889246296e-07,0.009041624378692001,3338,4.6140555889246296e-07,0.009041594322265995,3338,4.6140555889246296e-07,0.009041624378692001,True,108,1590,-24.5234572445488,-24.52345724454848,True,False,accepted,L-BFGS-B,True,2.720958280490641e-12,3.481324862266472e-08,1.0078158700728642e-09,3.0543958473572275e-09,115224.18950890188,-1.4006723350612482e-09,-2.6645352591003757e-14,3.197442310920451e-13,3.05438874192987e-09,3.0543390039383667e-09,4.973799150320701e-14,3.05438874192987e-09,1.610877748385974e-10,False,0,none,True,4.308822999999393,1.1865450000041164,1.6631204218242601e-06,ok,3.085673676264277e-06,4.258634262718574e-06,0.0018237956314860317,0.00026084567843060125,,,,,1644.0559774999856
256,256,216,216,1269,1269,1269,1,3.909265355872549e-09,3.909265355872549e-09,0.008597129142346442,5.863743300815727e-05,5.863743300815722e-05,0,3338,4.6140556761799663e-07,0.008472514486667568,3338,4.6140556761799663e-07,0.008472515524919195,3338,4.6140556761799663e-07,0.008472514486667568,True,109,1589,-24.523457246771063,-24.523457246770732,True,False,accepted,L-BFGS-B,True,3.003570848780025e-11,4.5053163134420744e-07,1.0066667257964076e-09,2.22226148594018e-09,115224.18950890188,-1.4010204663073011e-09,-2.6645352591003757e-14,3.304023721284466e-13,2.22226148594018e-09,2.2222508277991437e-09,1.0658141036401503e-14,2.22226148594018e-09,1.4444522971880362e-10,False,0,none,True,4.899430299992673,1.0638451999984682,1.660898170996461e-06,ok,3.084144117069132e-06,4.256523270475484e-06,0.0018225767409996024,0.00026067134841775534,,,,,1650.214961199992
257,257,217,217,235,235,235,1,-3.780706747669171e-09,3.780706747669171e-09,0.00020577044890174865,0.0010393120790205016,0.001039312079020502,0,3338,4.6140556744942897e-07,0.008193890612478457,3338,4.6140556744942897e-07,0.008193891014165882,3338,4.6140556744942897e-07,0.008193890612478457,True,110,1588,-24.523457246777674,-24.523457246777394,True,False,accepted,L-BFGS-B,True,5.983532009585362e-12,1.6448635063644153e-06,1.0003637707315187e-09,6.622258297284134e-12,115224.18950890188,-1.3961421740926738e-09,-2.6645352591003757e-14,2.8066438062523957e-13,6.611600156247732e-12,6.661338147750939e-12,-4.973799150320701e-14,6.661338147750939e-12,1.0013322676295502e-10,False,0,none,True,4.690560299990466,1.4964611000032164,1.6608915096583132e-06,ok,3.0841420184335013e-06,4.256520374083143e-06,0.001822573110739358,0.00026067082920514184,,,,,1656.6131275999942
258,258,218,218,308,308,308,1,3.774643264620181e-09,3.774643264620181e-09,0.09004836711487693,1.1271288348770848e-05,1.1271288348770843e-05,0,3338,4.6140601578725624e-07,0.008180741332944785,3338,4.6140601578725624e-07,0.008180746832647823,3338,4.6140601578725624e-07,0.008180741332944785,True,111,1587,-24.52345730287869,-24.52345730287842,True,False,accepted,L-BFGS-B,True,5.449148740169554e-10,1.626777959049398e-06,1.0334965734558744e-09,5.610101894149011e-08,115224.18950890188,-1.3991092936982419e-09,-2.6645352591003757e-14,2.7000623958883807e-13,5.610101538877643e-08,5.610102604691747e-08,-1.0658141036401503e-14,5.610102604691747e-08,1.2220205209383495e-09,False,0,none,True,4.600991699990118,1.6247030000085942,1.6047904836113958e-06,ok,3.059319665091452e-06,4.222262271796794e-06,0.0017915274574240403,0.0002562305704603849,,,,,1663.0373561999877
259,259,219,219,427,427,427,1,4.57585036528485e-09,4.57585036528485e-09,0.096612758633836,1.1508188689734626e-05,1.150818868973462e-05,0,3338,4.6140600550711335e-07,0.009917188572904924,3338,4.6140600550711335e-07,0.00991718563831425,3338,4.6140600550711335e-07,0.009917188572904924,True,112,1586,-24.5234573819212,-24.523457381920863,True,False,accepted,L-BFGS-B,True,5.116438109654361e-11,1.286832018721829e-07,1.039759953398862e-09,7.904251830836984e-08,115224.18950890188,-1.167765981135993e-09,-2.6645352591003757e-14,3.375077994860476e-13,7.904251120294248e-08,7.904244370138258e-08,6.750155989720952e-14,7.904251120294248e-08,1.6808502240588497e-09,False,0,none,True,4.45581910002511,1.2643566000042483,1.5257480399100132e-06,ok,2.987800852651001e-06,4.1235569331763516e-06,0.001746850193598734,0.0002498406707415006,,,,,1668.9629109000089
260,260,220,220,674,674,674,1,-3.766460032750274e-09,3.766460032750274e-09,0.1452509695626426,8.612322827701747e-06,8.612322827701733e-06,0,3338,4.614059964730262e-07,0.008163006249465726,3338,4.614059964730262e-07,0.008162985829575508,3338,4.614059964730262e-07,0.008163006249465726,True,113,1585,-24.523457477855686,-24.523457477855445,True,False,accepted,L-BFGS-B,True,8.133848925861753e-11,1.8569125525993767e-07,1.043803080088374e-09,9.593447813927014e-08,116112.69340525384,-8.978681548255096e-10,-2.6645352591003757e-14,2.4158453015843406e-13,9.59344852446975e-08,9.593458116796683e-08,-9.592326932761353e-14,9.593458116796683e-08,2.0186916233593368e-09,False,0,none,True,4.4819822999998,1.566200100001879,1.4298134587420464e-06,ok,2.8170571758301925e-06,3.8879082714773095e-06,0.00169104064853902,0.00024185859292933772,,,,,1675.2052399999811
261,261,221,221,940,940,940,1,-3.5301634948581295e-09,3.5301634948581295e-09,0.013431100271837476,3.093362530226204e-05,3.093362530226205e-05,0,3338,4.6140600886786744e-07,0.007650883228677371,3338,4.6140600886786744e-07,0.007650876928024985,3338,4.6140600886786744e-07,0.007650883228677371,True,114,1584,-24.523457484384497,-24.523457484384192,True,False,accepted,L-BFGS-B,True,8.994577263212382e-11,7.871349173200321e-07,1.0114269829292243e-09,6.528825480245359e-09,116112.69340525384,-8.192175826593484e-10,-2.6645352591003757e-14,3.055333763768431e-13,6.528811269390644e-09,6.528747320544426e-09,6.394884621840902e-14,6.528811269390644e-09,2.305762253878129e-10,False,0,none,True,4.507666299992707,1.1282831999997143,1.423284711421502e-06,ok,2.815154509703906e-06,3.885282342747954e-06,0.0016871754067998973,0.00024130577243435813,,,,,1681.0562693999964
262,262,222,222,1578,1578,1578,1,-5.367227995378698e-09,5.367227995378698e-09,0.01217347983614205,3.621098781818212e-05,3.621098781818212e-05,0,3338,4.6140601321129945e-07,0.011632332136340826,3338,4.6140601321129945e-07,0.011632320578017368,3338,4.6140601321129945e-07,0.011632332136340826,True,115,1583,-24.523457495358745,-24.523457495358485,True,False,accepted,L-BFGS-B,True,9.24343052190325e-11,6.2392252131339e-07,1.0148150294405873e-09,1.097426505225485e-08,116112.69340525384,-8.726812605885925e-10,-2.6645352591003757e-14,2.5934809855243657e-13,1.0974247288686456e-08,1.097429347396428e-08,-4.618527782440651e-14,1.097429347396428e-08,3.194858694792856e-10,False,0,none,True,4.210216300009051,1.1091820000146981,1.4123104179475376e-06,ok,2.809048934527535e-06,3.8768558484495755e-06,0.001680658291594149,0.0002403736716507475,,,,,1686.580071000004
263,263,223,223,634,634,634,1,-3.44529071938382e-09,3.44529071938382e-09,0.12765771863480788,6.252567167545941e-06,6.252567167545923e-06,0,3338,4.614059995105339e-07,0.007466939578242662,3338,4.614059995105339e-07,0.007466918956106767,3338,4.614059995105339e-07,0.007466939578242662,True,116,1582,-24.523457647477827,-24.52345764747762,True,False,accepted,L-BFGS-B,True,1.9078784194181413e-10,3.458933942915909e-07,1.0551579894529522e-09,1.5211907467005403e-07,159934.3074938114,-2.299649776160706e-10,-2.6645352591003757e-14,2.0605739337042905e-13,1.521190817754814e-07,1.5211913506618657e-07,-5.3290705182007514e-14,1.5211913506618657e-07,3.1423827013237314e-09,False,0,none,True,4.720464600017294,1.399747599993134,1.260191282881351e-06,ok,2.6426754537567027e-06,3.647238630313858e-06,0.001587569254039986,0.0002270597494458333,,,,,1692.9304432999925
264,264,224,224,310,310,310,1,-3.377699009377011e-09,3.377699009377011e-09,0.05308184808539974,1.3322207115823531e-05,1.3322207115823519e-05,0,3338,4.6140599616023305e-07,0.007320448883382159,3338,4.6140599616023305e-07,0.007320434885333466,3338,4.6140599616023305e-07,0.007320448883382159,True,117,1581,-24.523457679302705,-24.523457679302464,True,False,accepted,L-BFGS-B,True,1.6804097805654953e-10,6.660663943704373e-07,1.0252288629897596e-09,3.182487873232276e-08,159934.3074938114,-4.960168872858439e-10,-2.6645352591003757e-14,2.4158453015843406e-13,3.182487873232276e-08,3.182484320518597e-08,3.552713678800501e-14,3.182487873232276e-08,7.364975746464552e-10,False,0,none,True,4.350120299990522,1.1932005999842659,1.228366439676165e-06,ok,2.6100933059154486e-06,3.6022709941645576e-06,0.0015673947178964332,0.00022417431618975084,,,,,1698.6775535999914
265,265,225,225,1110,1110,1110,1,3.367196299564057e-09,3.367196299564057e-09,0.09933621121398861,1.0173144844860783e-05,1.0173144844860797e-05,0,3338,4.614060160004147e-07,0.007297686165325228,3338,4.614060160004147e-07,0.007297706767553375,3338,4.614060160004147e-07,0.007297686165325228,True,118,1580,-24.52345773466642,-24.523457734666277,True,False,accepted,L-BFGS-B,True,6.352325218862832e-10,1.9089943905546876e-06,1.0332757668136316e-09,5.536371006087393e-08,159934.3074938114,-6.622300000036496e-10,-2.6645352591003757e-14,1.4210854715202004e-13,5.5363713613587606e-08,5.536381308957061e-08,-9.947598300641403e-14,5.536381308957061e-08,1.2072762617914123e-09,False,0,none,True,4.178933099989081,1.7743954999896232,1.1730026265865945e-06,ok,2.5260392318908522e-06,3.4862653509509837e-06,0.0015316654590176013,0.00021906419167186408,,,,,1704.8377578000072
266,266,225,225,1355,1355,,1,-3.2410807371263672e-09,3.2410807371263672e-09,0.13361624339166117,6.2938698527885524e-06,6.293869852788551e-06,0,3338,4.6140599718004557e-07,0.0070243576306652615,3338,4.6140599718004557e-07,0.007024363014531712,3338,4.6140599718004557e-07,0.0070243576306652615,True,119,1579,-24.52345773466642,-24.523457734666277,False,True,projected_residual,L-BFGS-B>Newton-CG>trust-krylov,False,1.6949893002804797e-09,3.279873217121665e-06,1.0516785006027752e-09,1.3353231409496402e-07,159934.3074938114,-3.9946274066338106e-10,-2.6645352591003757e-14,1.4210854715202004e-13,,,,,,False,0,none,False,4.422348199994303,37.53035380001529,,,,,,,,,,,1746.9348531999858
267,267,226,226,843,843,843,1,3.1799070043803113e-09,3.1799070043803113e-09,0.07175684364204114,1.3746019156066702e-05,1.3746019156066722e-05,0,3338,4.6140599718004557e-07,0.006891776491451795,3338,4.6140599718004557e-07,0.006891774700897441,3338,4.6140599718004557e-07,0.006891776491451795,True,120,1578,-24.523457761257475,-24.523457761257266,True,False,accepted,L-BFGS-B,True,9.373474434910437e-11,4.064605711081573e-07,1.023061214546235e-09,2.6591067125991685e-08,159934.3074938114,-4.4963009704357404e-10,-2.6645352591003757e-14,2.0961010704922955e-13,2.659105646785065e-08,2.6590988966290752e-08,6.750155989720952e-14,2.659105646785065e-08,6.318211293570129e-10,False,0,none,True,4.342518899997231,1.1577307999832556,1.1464116376203037e-06,ok,2.484924201767242e-06,3.42952121843173e-06,0.0015142050240856979,0.000216566938735802,,,,,1752.6375823999988
268,268,227,227,332,332,332,1,3.1557111646041136e-09,3.1557111646041136e-09,6.844802982878677e-05,0.0007242406483405966,0.0007242406483405962,0,3338,4.6140600704205875e-07,0.006839336975334306,3338,4.6140600704205875e-07,0.006839337901796171,3338,4.6140600704205875e-07,0.006839336975334306,True,121,1577,-24.52345776126696,-24.523457761266744,True,False,accepted,L-BFGS-B,True,5.53634162653091e-11,1.27077298057505e-05,1.000435667244359e-09,9.492850949754938e-12,159934.3074938114,-3.568580153601175e-10,-2.6645352591003757e-14,2.1671553440683056e-13,9.485745522397337e-12,9.478640095039736e-12,7.105427357601002e-15,9.485745522397337e-12,1.0018971491044796e-10,False,0,none,True,4.2571407000068575,1.111213600001065,1.1464021589802087e-06,ok,2.4849240064261975e-06,3.4295209488354757e-06,0.001514198756572098,0.00021656604233391967,,,,,1758.2067514999944
269,269,228,228,493,493,493,1,4.473554304773586e-09,4.473554304773586e-09,0.00010351701597673231,0.000753501433815366,0.0007535014338153663,0,3338,4.6140600728226406e-07,0.009695483444447007,3338,4.6140600728226406e-07,0.009695482307325915,3338,4.6140600728226406e-07,0.009695483444447007,True,122,1576,-24.523457761284583,-24.52345776128425,True,False,accepted,L-BFGS-B,True,3.2885714626888795e-11,5.538749215730214e-06,1.0005937390075992e-09,1.7628565274208086e-11,159934.3074938114,-4.115967011664168e-10,-2.6645352591003757e-14,3.339550858072471e-13,1.7621459846850485e-11,1.7504220295450068e-11,1.1723955140041653e-13,1.7621459846850485e-11,1.0035242919693702e-10,False,0,none,True,4.1896665999956895,1.1406639000051655,1.1463846547599132e-06,ok,2.484920740585459e-06,3.429516441547044e-06,0.0015141871158855687,0.00021656437744190947,,,,,1763.8276020000048
270,270,229,229,1364,1364,1364,1,3.712638335651164e-09,3.712638335651164e-09,3.04257317812917e-05,0.0009938955541193056,0.0009938955541193058,0,3338,4.6140600256967905e-07,0.00804635898747438,3338,4.6140600256967905e-07,0.008046359204739228,3338,4.6140600256967905e-07,0.00804635898747438,True,123,1575,-24.523457761291553,-24.523457761291322,True,False,accepted,L-BFGS-B,True,1.9224725702983133e-11,5.14670313097277e-06,1.0003735347700025e-09,6.963318810448982e-12,159934.3074938114,-3.795168346254485e-10,-2.6645352591003757e-14,2.3092638912203256e-13,6.970424237806583e-12,7.073452934491797e-12,-1.0302869668521453e-13,7.073452934491797e-12,1.0014146905868984e-10,False,0,none,True,4.185284800012596,1.1032872000068892,1.1463775813069788e-06,ok,2.4849201288594656e-06,3.4295155972849644e-06,0.0015141825085232404,0.00021656371848071253,,,,,1769.319134999998
271,271,230,230,489,489,489,1,-3.136700676975579e-09,3.136700676975579e-09,0.010830858734525283,3.7856310429922326e-05,3.785631042992233e-05,0,3338,4.61405988401807e-07,0.006798136035989286,3338,4.61405988401807e-07,0.0067981330919287646,3338,4.61405988401807e-07,0.006798136035989286,True,124,1574,-24.523457764723016,-24.5234577647228,True,False,accepted,L-BFGS-B,True,4.0319080232695395e-11,4.866949732975021e-07,1.0082842606652626e-09,3.4314489028020034e-09,159934.3074938114,-3.9845884231004547e-10,-2.6645352591003757e-14,2.1671553440683056e-13,3.4314631136567186e-09,3.431477324511434e-09,-1.4210854715202004e-14,3.431477324511434e-09,1.686295464902287e-10,False,0,none,True,4.19671330001438,1.1402510999760125,1.1429461039824673e-06,ok,2.4824478027305597e-06,3.426103463058924e-06,0.0015119146001825905,0.00021623935423752523,,,,,1774.8649484000052
272,272,231,231,339,339,339,1,-3.0837408182549098e-09,3.0837408182549098e-09,0.1327299933778105,6.094747506956769e-06,6.094747506956765e-06,0,3338,4.6140600061879695e-07,0.006683356553922726,3338,4.6140600061879695e-07,0.006683354241285699,3338,4.6140600061879695e-07,0.006683356553922726,True,125,1573,-24.523457892751274,-24.523457892750933,True,False,accepted,L-BFGS-B>Newton-CG,True,8.625604918115986e-10,1.7045898822776507e-06,1.0506022299427859e-09,1.2802826887536867e-07,164075.70598430288,-2.5086489829906355e-10,-2.6645352591003757e-14,3.410605131648481e-13,1.2802825821722763e-07,1.2802813387224887e-07,1.2434497875801753e-13,1.2802825821722763e-07,2.6605651643445527e-09,False,0,none,True,4.18356540001696,5.16920870001195,1.0149179701102184e-06,ok,2.326855980852231e-06,3.211366347871794e-06,0.0014247213956792635,0.00020376867485297345,,,,,1784.4252129999804
273,273,232,232,500,500,500,1,-3.08217051880888e-09,3.08217051880888e-09,0.013358003835915122,3.0230176908731042e-05,3.0230176908731042e-05,0,3338,4.6140601460048426e-07,0.006679953059297735,3338,4.6140601460048426e-07,0.006679960432302972,3338,4.6140601460048426e-07,0.006679953059297735,True,126,1572,-24.523457897954064,-24.523457897953794,True,False,accepted,L-BFGS-B,True,1.2813506419578753e-10,1.2561318226909546e-06,1.0102007657063644e-09,5.202799968628824e-09,164075.70598430288,5.689084620064122e-11,-2.6645352591003757e-14,2.7000623958883807e-13,5.202789310487788e-09,5.202860364761364e-09,-7.105427357601002e-14,5.202860364761364e-09,2.040572072952273e-10,False,0,none,True,4.254830799996853,3.672087899991311,1.009715109745457e-06,ok,2.3252076740991552e-06,3.209091468428736e-06,0.0014210649079590362,0.0002032457110934437,,,,,1792.565559699986
274,274,233,233,320,320,320,1,-4.388097218921416e-09,4.388097218921416e-09,0.0120388532782474,3.126124628538993e-05,3.1261246285389954e-05,0,3338,4.614059947657851e-07,0.009510273530687143,3338,4.614059947657851e-07,0.009510279835001781,3338,4.614059947657851e-07,0.009510273530687143,True,127,1571,-24.523457907781342,-24.52345790778111,True,False,accepted,L-BFGS-B,True,8.626080705617002e-11,6.152927590786824e-07,1.0140194737843713e-09,9.827289204622502e-09,164075.70598430288,-6.30281798974508e-11,-2.6645352591003757e-14,2.3092638912203256e-13,9.827278546481466e-09,9.827317626331933e-09,-3.907985046680551e-14,9.827317626331933e-09,2.965463525266387e-10,False,0,none,True,4.323943099996541,1.1213981000182685,9.998877921191252e-07,ok,2.3184350520514376e-06,3.199744361985591e-06,0.0014141325492437744,0.00020225422071974794,,,,,1798.210622099985
275,275,234,234,983,983,983,1,3.0624339314444526e-09,3.0624339314444526e-09,1.7459195456043603e-05,0.0015505059266718475,0.0015505059266718475,0,3338,4.6140601387138884e-07,0.006637178188791591,3338,4.6140601387138884e-07,0.006637178188380497,3338,4.6140601387138884e-07,0.006637178188791591,True,128,1570,-24.523457907783296,-24.523457907783087,True,False,accepted,L-BFGS-B,True,3.1873261843906364e-11,1.6137737809941087e-05,1.0001975076198368e-09,1.9539925233402755e-12,164075.70598430288,-1.0045450582474302e-11,-2.6645352591003757e-14,2.0961010704922955e-13,1.9539925233402755e-12,1.9753088054130785e-12,-2.1316282072803006e-14,1.9753088054130785e-12,1.0003950617610826e-10,False,0,none,True,4.095899100007955,1.152261399984127,9.998858168103197e-07,ok,2.3184350522901467e-06,3.199744362315041e-06,0.0014141311699789245,0.00020225402345242847,,,,,1803.6663078999845
276,276,234,234,45,45,,1,-3.0084259527995982e-09,3.0084259527995982e-09,0.22649228618306327,4.966175657649923e-06,4.966175657649913e-06,0,3338,4.618674044417758e-07,0.006513613915742019,3338,4.618674044417758e-07,0.006513608701657492,3338,4.618674044417758e-07,0.006513613915742019,True,129,1569,-24.523457907783296,-24.523457907783087,False,True,projected_residual,L-BFGS-B>Newton-CG>trust-krylov,False,1.163189632386161e-09,1.9226672545164794e-06,1.0604987487904498e-09,1.8300379167612846e-07,201362.18872153596,-4.139408336933936e-09,-2.6645352591003757e-14,2.0961010704922955e-13,,,,,,False,0,none,False,3.988716599997133,151.91403160002665,,,,,,,,,,,1959.6945048999914
277,277,235,235,953,953,953,1,-2.9567210901859653e-09,2.9567210901859653e-09,0.25377762097831547,7.276465685183131e-06,7.276465685183115e-06,0,3338,4.618674044417758e-07,0.006401666499413463,3338,4.618674044417758e-07,0.0064016847275194825,3338,4.618674044417758e-07,0.006401666499413463,True,130,1568,-24.523457990086445,-24.52345799008617,True,False,accepted,L-BFGS-B,True,1.938629448735347e-10,4.778260196134055e-07,1.0405718686124257e-09,8.230314918478143e-08,164075.70598430288,-6.762502266499659e-09,-2.6645352591003757e-14,2.7355895326763857e-13,8.230314918478143e-08,8.230308523593521e-08,6.394884621840902e-14,8.230314918478143e-08,1.7460629836956288e-09,False,0,none,True,4.065860800008522,2.2688016000029165,9.175827315743845e-07,ok,2.2901288111377203e-06,3.1606780380475836e-06,0.0013546812028359808,0.00019375127964475593,,,,,1966.2381821000017
278,278,235,235,183,183,,1,4.207887371876495e-09,4.207887371876495e-09,0.19324298384266275,6.526421309285414e-06,6.526421309285415e-06,0,3338,4.6186426823897855e-07,0.009110657960011844,3338,4.6186426823897855e-07,0.009110654926520814,3338,4.6186426823897855e-07,0.009110657960011844,True,131,1567,-24.523457990086445,-24.52345799008617,False,True,projected_residual,L-BFGS-B>Newton-CG>trust-krylov,False,2.538899775514812e-09,3.908307533321668e-06,1.0649616171160668e-09,2.1099949165659382e-07,164075.70598430288,-2.9026773276652484e-09,-2.6645352591003757e-14,2.7355895326763857e-13,,,,,,False,0,none,False,4.164718200016068,26.380251900001895,,,,,,,,,,,1996.9079336999857
279,279,236,236,1024,1024,1024,1,4.110098039689092e-09,4.110098039689092e-09,0.1924645721185253,6.483006344246149e-06,6.483006344246139e-06,0,3338,4.6186426823897855e-07,0.008898930535068884,3338,4.6186426823897855e-07,0.008898957633405724,3338,4.6186426823897855e-07,0.008898930535068884,True,132,1566,-24.523458194167162,-24.523458194166846,True,False,accepted,L-BFGS-B,True,2.5216137423107876e-10,3.9469487560198044e-07,1.0638876736989522e-09,2.04080723875677e-07,164075.70598430288,-1.870758339905798e-09,-2.6645352591003757e-14,3.161915174132446e-13,2.0408071677024964e-07,2.040806741376855e-07,4.263256414560601e-14,2.0408071677024964e-07,4.181614335404993e-09,False,0,none,True,4.0847098999947775,2.671042900008615,7.13502057436699e-07,ok,1.8158911162116458e-06,2.506167837626803e-06,0.0011945718468261402,0.00017085187530884122,,,,,2003.888105799997
280,280,237,237,476,476,476,1,2.9645308430303885e-09,2.9645308430303885e-09,0.006499998822398074,4.4233576102518685e-05,4.423357610251868e-05,0,3338,4.6186779074143485e-07,0.006418570210906972,3338,4.6186779074143485e-07,0.006418570264324917,3338,4.6186779074143485e-07,0.006418570210906972,True,133,1565,-24.52345819636976,-24.523458196369468,True,False,accepted,L-BFGS-B,True,5.62624423921353e-11,8.476864735936247e-07,1.006637175906986e-09,2.2026256374374498e-09,164075.70598430288,-1.811974056908916e-09,-2.6645352591003757e-14,2.913225216616411e-13,2.2025972157280194e-09,2.202622084723771e-09,-2.4868995751603507e-14,2.202622084723771e-09,1.4405244169447542e-10,False,0,none,True,4.017155600013211,1.1894656000076793,7.112994353519753e-07,ok,1.8143414245049435e-06,2.5040290598780154e-06,0.0011927265778758332,0.000170587958440679,,,,,2009.3040420000034
281,281,238,238,1514,1514,1514,1,-2.9073699003845377e-09,2.9073699003845377e-09,0.04858796902440685,1.3576288312891882e-05,1.3576288312891892e-05,0,3338,4.618673966837884e-07,0.0062948151812825,3338,4.618673966837884e-07,0.006294807623293401,3338,4.618673966837884e-07,0.0062948151812825,True,134,1564,-24.52345821937979,-24.523458219379517,True,False,accepted,L-BFGS-B,True,4.526254264672561e-11,2.1099202818493195e-07,1.021452252502665e-09,2.3010034766457466e-08,164075.70598430288,-1.8346126839929866e-09,-2.6645352591003757e-14,2.7355895326763857e-13,2.3010031213743787e-08,2.301004897731218e-08,-1.7763568394002505e-14,2.301004897731218e-08,5.602009795462436e-10,False,0,none,True,4.067152500007069,1.1664088999968953,6.882893863746631e-07,ok,1.779688751476453e-06,2.4562038274857894e-06,0.001173275972818689,0.0001678060643597712,,,,,2014.7449617999955
282,282,239,239,830,830,830,1,2.8473188251609827e-09,2.8473188251609827e-09,0.10380127440985237,1.1654837204886492e-05,1.1654837204886504e-05,0,3338,4.6186739249006437e-07,0.006164797237168532,3338,4.6186739249006437e-07,0.006164811288203857,3338,4.6186739249006437e-07,0.006164797237168532,True,135,1563,-24.523458249112238,-24.523458249111993,True,False,accepted,L-BFGS-B,True,8.50422914514597e-11,3.487414485646494e-07,1.0243854843757395e-09,2.9732447615060664e-08,164075.70598430288,-1.6466225188915828e-09,-2.6645352591003757e-14,2.4513724383723456e-13,2.9732447615060664e-08,2.9732476036770095e-08,-2.842170943040401e-14,2.9732476036770095e-08,6.946495207354018e-10,False,0,none,True,4.035782899998594,1.1645764000131749,6.58556910337893e-07,ok,1.6961416514136066e-06,2.3408978748131898e-06,0.0011476549432224907,0.00016414165441617164,,,,,2020.1494718999893
283,283,239,239,1388,1388,,1,-2.90567481187054e-09,2.90567481187054e-09,0.11777981148893003,7.777802300264009e-06,7.777802300264007e-06,0,3338,4.618673893304073e-07,0.00629114520530026,3338,4.618673893304073e-07,0.006291131359721903,3338,4.618673893304073e-07,0.00629114520530026,True,136,1562,-24.523458249112238,-24.523458249111993,False,True,projected_residual,L-BFGS-B>Newton-CG>trust-krylov,False,1.351438193251403e-09,3.6286341808736207e-06,1.0372437155658947e-09,6.935420415743465e-08,164075.70598430288,-1.7313164651922008e-09,-2.6645352591003757e-14,2.4513724383723456e-13,,,,,,False,0,none,False,4.034399800002575,27.243604399991455,,,,,,,,,,,2051.555904799985
284,284,240,240,1530,1530,1530,1,2.6690822885200305e-09,2.6690822885200305e-09,0.030160298830161407,1.5759228181067143e-05,1.575922818106712e-05,0,3338,4.618673893304073e-07,0.005778893141578008,3338,4.618673893304073e-07,0.0057789207007941535,3338,4.618673893304073e-07,0.005778893141578008,True,137,1561,-24.523458263513696,-24.523458263513355,True,False,accepted,L-BFGS-B,True,5.99584714368023e-11,3.53291053371362e-07,1.016971409511969e-09,1.4401450698642293e-08,164075.70598430288,-1.732372308105301e-09,-2.6645352591003757e-14,3.410605131648481e-13,1.440145780406965e-08,1.4401361880800323e-08,9.592326932761353e-14,1.440145780406965e-08,3.8802915608139303e-10,False,0,none,True,4.055573799996637,1.1477262999978848,6.441555484570927e-07,ok,1.6755732509764946e-06,2.3125107853083636e-06,0.0011350369741666571,0.00016233698801497874,,,,,2056.967786299996
285,285,241,241,191,191,191,1,-2.637922769110901e-09,2.637922769110901e-09,0.11673856206901252,7.726354195071835e-06,7.72635419507184e-06,0,3338,4.6186739420724706e-07,0.005711428869402338,3338,4.6186739420724706e-07,0.005711426214445092,3338,4.6186739420724706e-07,0.005711428869402338,True,138,1560,-24.523458322040785,-24.523458322040472,True,False,accepted,L-BFGS-B,True,1.8016595884993805e-10,5.265961141270034e-07,1.0342133095966003e-09,5.8527096058469397e-08,164075.70598430288,-1.403154800683204e-09,-2.6645352591003757e-14,3.126388037344441e-13,5.852708895304204e-08,5.852711737475147e-08,-2.842170943040401e-14,5.852711737475147e-08,1.2705423474950295e-09,False,0,none,True,4.146674299990991,1.2015365000115708,5.856284310823412e-07,ok,1.57476500684192e-06,2.173382190558272e-06,0.0010822455940306024,0.00015478657878647498,,,,,2062.519338699989
286,286,242,242,803,803,803,1,-2.4629538408760254e-09,2.4629538408760254e-09,0.11022990623251301,7.592776874740752e-06,7.592776874740748e-06,0,3338,4.6186739311214193e-07,0.005332599524465711,3338,4.6186739311214193e-07,0.005332584101524302,3338,4.6186739311214193e-07,0.005332599524465711,True,139,1559,-24.523458373795638,-24.523458373795336,True,False,accepted,L-BFGS-B,True,1.596900583228149e-10,4.963481943810917e-07,1.0321729906808539e-09,5.17548599532347e-08,164075.70598430288,-1.3041293878135463e-09,-2.6645352591003757e-14,3.019806626980426e-13,5.175485284780734e-08,5.175486350594838e-08,-1.0658141036401503e-14,5.175486350594838e-08,1.1350972701189676e-09,False,0,none,True,4.067373699974269,1.5920293000235688,5.338735675763928e-07,ok,1.4718829174336968e-06,2.0313914174106804e-06,0.0010333180722076746,0.0001477887921904896,,,,,2068.3873760999995
287,287,243,243,756,756,756,1,-2.2993542625471264e-09,2.2993542625471264e-09,0.001914910776699765,8.275450957479032e-05,8.275450957479038e-05,0,3338,4.6186739884651316e-07,0.004978386152150226,3338,4.6186739884651316e-07,0.004978386593165494,3338,4.6186739884651316e-07,0.004978386152150226,True,140,1558,-24.5234583741803,-24.523458374180024,True,False,accepted,L-BFGS-B,True,5.448139356246821e-11,1.9641758426581903e-06,1.0027737533666404e-09,3.8468073171316064e-10,164075.70598430288,-1.3703763332428842e-09,-2.6645352591003757e-14,2.7711166694643907e-13,3.8466296814476664e-10,3.8468783714051824e-10,-2.4868995751603507e-14,3.8468783714051824e-10,1.0769375674281036e-10,False,0,none,True,4.118237399990903,1.2563580000132788,5.334888797392523e-07,ok,1.4716411292686135e-06,2.0310577180399195e-06,0.001032945724123021,0.0001477355376552352,,,,,2073.9792666999856
288,288,244,244,292,292,292,1,-2.1548482997957308e-09,2.1548482997957308e-09,0.04513209412912162,1.3047611126638097e-05,1.30476111266381e-05,0,3338,4.618673900520465e-07,0.004665512972355348,3338,4.618673900520465e-07,0.004665511004358949,3338,4.618673900520465e-07,0.004665512972355348,True,141,1557,-24.523458387761515,-24.523458387761224,True,False,accepted,L-BFGS-B,True,2.0805416998892285e-10,1.2623882576860887e-06,1.0164809969296039e-09,1.3581207269908191e-08,164075.70598430288,-1.4230082528987609e-09,-2.6645352591003757e-14,2.913225216616411e-13,1.3581214375335549e-08,1.3581200164480833e-08,1.4210854715202004e-14,1.3581214375335549e-08,3.71624287506711e-10,False,0,none,True,4.100951200001873,2.507030599983409,5.199076795747715e-07,ok,1.442331624272706e-06,1.9906067581218226e-06,0.0010197128976000497,0.0001458429321722807,,,,,2080.7977659000026
289,289,245,245,1048,1048,1048,1,2.149332711809393e-09,2.149332711809393e-09,0.07336002756622877,1.5874507161857426e-05,1.5874507161857447e-05,0,3338,4.6186738827324086e-07,0.004653571060396772,3338,4.6186738827324086e-07,0.004653577265936948,3338,4.6186738827324086e-07,0.004653571060396772,True,142,1556,-24.523458396900065,-24.52345839689977,True,False,accepted,L-BFGS-B,True,6.442460488456695e-12,4.765393261108347e-08,1.0135192630187217e-09,9.138560130850237e-09,164075.70598430288,-1.3975726270709643e-09,-2.6645352591003757e-14,2.948752353404416e-13,9.138549472709201e-09,9.138545919995522e-09,3.552713678800501e-15,9.138549472709201e-09,2.82770989454184e-10,False,0,none,True,4.124950199999148,1.192088200012222,5.107691336547759e-07,ok,1.4392182410336445e-06,1.9863098810292024e-06,0.0010107112756271674,0.0001445554884752152,,,,,2086.3318583999935
290,290,246,246,263,263,263,1,2.6000752662014293e-09,2.6000752662014293e-09,0.07864692435285374,9.149832583811776e-06,9.149832583811805e-06,0,3338,4.6186739601719315e-07,0.00562948432520368,3338,4.6186739601719315e-07,0.005629449281659317,3338,4.6186739601719315e-07,0.00562948432520368,True,143,1555,-24.523458437298878,-24.523458437298558,True,False,accepted,L-BFGS-B,True,2.1838926733818923e-10,7.68302626777984e-07,1.0284249018194881e-09,4.039881673634227e-08,164075.70598430288,-1.4035646742072139e-09,-2.6645352591003757e-14,3.197442310920451e-13,4.039881318362859e-08,4.039878831463284e-08,2.4868995751603507e-14,4.039881318362859e-08,9.079762636725718e-10,False,0,none,True,4.1126363999792375,1.6376129999989644,4.703703453401431e-07,ok,1.3658117880914763e-06,1.8849993510114513e-06,0.0009699173023885391,0.00013872099066109358,,,,,2092.2949752999994
291,291,247,247,1570,1570,1570,1,-2.6045730017187907e-09,2.6045730017187907e-09,0.06405435251926965,1.3583857727232237e-05,1.3583857727232244e-05,0,3338,4.618673735247387e-07,0.005639222753150984,3338,4.618673735247387e-07,0.005639267909055718,3338,4.618673735247387e-07,0.005639222753150984,True,144,1554,-24.52345845568793,-24.52345845568761,True,False,accepted,L-BFGS-B,True,2.3728811594373366e-10,1.237320101109202e-06,1.019177585148016e-09,1.8389055611578442e-08,164075.70598430288,-1.3299881196360275e-09,-2.6645352591003757e-14,3.197442310920451e-13,1.8389052058864763e-08,1.8389052058864763e-08,0.0,1.8389052058864763e-08,4.677810411772952e-10,False,0,none,True,4.030432999978075,1.6190485999977682,4.5198129328127834e-07,ok,1.3186383460757232e-06,1.8198938157100417e-06,0.0009507688389731952,0.0001359823099425697,,,,,2098.157459499984
292,292,248,248,231,231,231,1,2.0538322154095567e-09,2.0538322154095567e-09,0.006408522674517208,3.0127545814470438e-05,3.012754581447033e-05,0,3338,4.61867390329094e-07,0.004446800658401411,3338,4.61867390329094e-07,0.004446806577009272,3338,4.61867390329094e-07,0.004446800658401411,True,145,1553,-24.523458458015682,-24.523458458015337,True,False,accepted,L-BFGS-B,True,2.1613106418940336e-11,3.167624719237757e-07,1.006823127211907e-09,2.3277557659184822e-09,164075.70598430288,-1.3664640877153467e-09,-2.6645352591003757e-14,3.446132268436486e-13,2.3277522132048034e-09,2.327727344209052e-09,2.4868995751603507e-14,2.3277522132048034e-09,1.4655504426409607e-10,False,0,none,True,4.0827466000046115,1.1693908000015654,4.496535659370693e-07,ok,1.3170466004823032e-06,1.8176969980835336e-06,0.00094831739474958,0.00013563169575060417,,,,,2103.626029599982
293,293,249,249,1043,1043,1043,1,-2.049121761160677e-09,2.049121761160677e-09,0.018471097062167954,2.013168723825363e-05,2.013168723825364e-05,0,3338,4.618673807252686e-07,0.0044366020348589,3338,4.618673807252686e-07,0.00443663807144509,3338,4.618673807252686e-07,0.0044366020348589,True,146,1552,-24.52345846320363,-24.52345846320337,True,False,accepted,L-BFGS-B,True,5.6336465758991615e-11,5.530656270232636e-07,1.0101862171515177e-09,5.18794252002408e-09,164075.70598430288,-1.3469812903954548e-09,-2.6645352591003757e-14,2.6290081223123707e-13,5.187949625451438e-09,5.18803133786605e-09,-8.171241461241152e-14,5.18803133786605e-09,2.03760626757321e-10,False,0,none,True,4.073475999990478,1.1650132999930065,4.4446553459920324e-07,ok,1.310974077064585e-06,1.809316119545799e-06,0.000942830818548687,0.00013484698628717762,,,,,2109.0821468000067
294,294,250,250,685,685,685,1,1.966961260535527e-09,1.966961260535527e-09,0.0236541808110689,2.4444636328813397e-05,2.4444636328813397e-05,0,3338,4.618673914932782e-07,0.004258714290645377,3338,4.618673914932782e-07,0.004258718234126239,3338,4.618673914932782e-07,0.004258714290645377,True,147,1551,-24.52345846644355,-24.523458466443266,True,False,accepted,L-BFGS-B,True,4.4601195886169296e-11,5.540712818598076e-07,1.008049721641674e-09,3.2399078975231532e-09,164075.70598430288,-1.3666121845279378e-09,-2.6645352591003757e-14,2.8421709430404007e-13,3.2399185556641896e-09,3.239897239382117e-09,2.1316282072803006e-14,3.2399185556641896e-09,1.647983711132838e-10,False,0,none,True,4.034769400022924,1.2009631000109948,4.412256373598211e-07,ok,1.3063343067586726e-06,1.8029126281630602e-06,0.000939388171250657,0.0001343546067384229,,,,,2114.5317175999808
295,295,251,251,548,548,548,1,1.7860828371851767e-09,1.7860828371851767e-09,0.1731836011412315,5.251809760894765e-06,5.251809760894765e-06,0,3338,4.6186739326236164e-07,0.003867090128552549,3338,4.6186739326236164e-07,0.003867058628890037,3338,4.6186739326236164e-07,0.003867090128552549,True,148,1550,-24.523458524245413,-24.523458524245108,True,False,accepted,L-BFGS-B>Newton-CG,True,7.91301463524825e-10,2.3273140762275558e-06,1.0340006306672403e-09,5.7801866404361135e-08,190410.55284333625,1.184862367942241e-09,-2.6645352591003757e-14,3.055333763768431e-13,5.7801862851647456e-08,5.7801841535365384e-08,2.1316282072803006e-14,5.7801862851647456e-08,1.2560372570329492e-09,False,0,none,True,3.9187743999937084,5.129155299975537,3.8342379582445574e-07,ok,1.152187995498576e-06,1.5901705071625417e-06,0.0008756978770179417,0.00012524539640708734,,,,,2123.793820299994
296,296,252,252,1740,1740,1740,1,-1.7038321864504269e-09,1.7038321864504269e-09,0.00036095236008862417,0.0002373168359615928,0.0002373168359615928,0,3338,4.61867397696364e-07,0.003689007266909413,3338,4.61867397696364e-07,0.003689006099506999,3338,4.61867397696364e-07,0.003689007266909413,True,149,1549,-24.523458524271,-24.523458524270687,True,False,accepted,L-BFGS-B,True,2.502706683975756e-10,3.4975953473451665e-05,1.0007155506670821e-09,2.559730205575761e-11,190410.55284333625,8.91073853592772e-10,-2.6645352591003757e-14,3.126388037344441e-13,2.5586643914721208e-11,2.5579538487363607e-11,7.105427357601002e-15,2.5586643914721208e-11,1.0051173287829443e-10,False,0,none,True,4.0660996999940835,1.2525636999926064,3.833982162859684e-07,ok,1.152180561538242e-06,1.5901602473225497e-06,0.0008756686420381538,0.00012524121511725143,,,,,2129.331018900004
297,297,253,253,1675,1675,1675,1,-2.1615347289838382e-09,2.1615347289838382e-09,0.0002876000501730122,0.00028400703973526485,0.00028400703973526485,0,3338,4.61867432489215e-07,0.004679989488183521,3338,4.61867432489215e-07,0.004679990206632257,3338,4.61867432489215e-07,0.004679989488183521,True,150,1548,-24.52345852429992,-24.5234585242996,True,False,accepted,L-BFGS-B,True,3.036498995887318e-11,3.993378922497178e-06,1.0007603833883084e-09,2.8911983918078477e-11,190410.55284333625,7.16473311235255e-10,-2.6645352591003757e-14,3.197442310920451e-13,2.8919089345436078e-11,2.8911983918078477e-11,7.105427357601002e-15,2.8919089345436078e-11,1.0057838178690872e-10,False,0,none,True,4.062152200000128,1.3882611999870278,3.833693043020503e-07,ok,1.152168401827458e-06,1.5901434653273025e-06,0.0008756356276975403,0.00012523649328991147,,,,,2135.0021781999967
298,298,254,254,810,810,810,1,1.747871181123628e-09,1.747871181123628e-09,0.0348247286523739,1.4807187545437904e-05,1.4807187545437877e-05,0,3338,4.6186735892718724e-07,0.0037843574509866533,3338,4.6186735892718724e-07,0.0037843378213021648,3338,4.6186735892718724e-07,0.0037843574509866533,True,151,1547,-24.52345853124939,-24.523458531249133,True,False,accepted,L-BFGS-B,True,6.692034901810627e-11,5.676324207182018e-07,1.0117893810458245e-09,6.94949164881109e-09,190410.55284333625,7.401690094166469e-10,-2.6645352591003757e-14,2.5579538487363607e-13,6.9494703325290175e-09,6.949534281375236e-09,-6.394884621840902e-14,6.949534281375236e-09,2.389906856275047e-10,False,0,none,True,4.0577656000095885,1.1717633999942336,3.7641977002067506e-07,ok,1.1432678725643483e-06,1.5778595679185208e-06,0.0008676628167555689,0.000124096193772107,,,,,2140.458936799987
299,299,255,255,1063,1063,1063,1,1.6572401229097977e-09,1.6572401229097977e-09,0.02847255322751345,1.6278637480727455e-05,1.6278637480727445e-05,0,3338,4.6186735405107845e-07,0.003588130029918767,3338,4.6186735405107845e-07,0.0035881201396161344,3338,4.6186735405107845e-07,0.003588130029918767,True,152,1546,-24.523458536437804,-24.52345853643747,True,False,accepted,L-BFGS-B,True,3.7605357142675125e-11,3.691632776499399e-07,1.010186646240132e-09,5.1884008200886456e-09,190410.55284333625,7.336644486377608e-10,-2.6645352591003757e-14,3.339550858072471e-13,5.188415030943361e-09,5.188336871242427e-09,7.815970093361102e-14,5.188415030943361e-09,2.037683006188672e-10,False,0,none,True,4.063901799992891,1.1953596000093967,3.7123143314943263e-07,ok,1.1392768363792227e-06,1.5723514146836324e-06,0.0008616623327128243,0.00012323798339808258,,,,,2145.9333751999948
300,300,256,256,1467,1467,1467,1,2.028250456476144e-09,2.028250456476144e-09,0.030634843822221192,1.4173415060405883e-05,1.4173415060405883e-05,0,3338,4.6186735383726213e-07,0.004391413334640649,3338,4.6186735383726213e-07,0.004391423728376302,3338,4.6186735383726213e-07,0.004391413334640649,True,153,1545,-24.523458546673623,-24.523458546673346,True,False,accepted,L-BFGS-B,True,6.481694624484325e-11,4.5301453006205504e-07,1.0143079177252802e-09,1.0235837066829845e-08,190410.55284333625,6.820271153396007e-10,-2.6645352591003757e-14,2.7711166694643907e-13,1.0235819303261451e-08,1.0235876146680312e-08,-5.684341886080802e-14,1.0235876146680312e-08,3.0471752293360625e-10,False,0,none,True,4.067841200012481,1.1680756999994628,3.609955570027523e-07,ok,1.1288912614507942e-06,1.5580179595394763e-06,0.0008497001181253771,0.00012152710531189445,,,,,2151.387784199993
