attempted_iteration,nominal_selected_count,accepted_atom_count,effective_rank,raw_winner_pool_index,nominal_pool_index,accepted_pool_index,candidate_score_rank,signed_score,dual_score_abs,atom_scale,innovation_abs,innovation_rel,rejected_candidate_count,oracle_pool_index,oracle_score,oracle_ratio,raw_oracle_pool_index,raw_oracle_score,raw_oracle_ratio,admissible_oracle_pool_index,admissible_oracle_score,admissible_oracle_ratio,coverage_warning,coverage_warning_streak,remaining_candidate_count,train_energy,validation_energy,accepted,rollback,acceptance_reason,method_chain,optimizer_success,projected_residual_abs,projected_residual_rel,projected_residual_target,energy_decrease,condition_estimate,zero_mean_residual,compatibility_residual,train_validation_gap,train_energy_drop,validation_energy_drop,train_validation_drop_gap,energy_drop_scale,energy_drop_gap_limit,quadrature_warning,quadrature_warning_streak,quadrature_warning_reason,trusted,elapsed_selection_s,elapsed_projection_s,energy_gap_raw,energy_gap_status,l2_abs,l2_rel,natural_abs,natural_rel,w1p_full_abs,w1p_full_rel,quasi_abs,quasi_rel,elapsed_total_s
1,1,1,1,659,659,659,1,12.550875972421899,12.550875972421899,0.21351651826458373,0.5917878909639254,1.0,0,4233,12.547932470392107,1.0002345806400168,4233,12.547932470392107,1.0002345806400184,4233,12.547932470392107,1.0002345806400168,False,0,4073,-17.36360038862846,-17.36359751505891,True,False,accepted,L-BFGS-B,True,3.732994599658923e-06,1.7601488581084173e-07,2.1209402814695275e-05,17.36360038862846,1.0,-1.4137996329210978e-16,-4.682906352190125e-16,2.8735695494219726e-06,17.36360038862846,17.36359751505891,2.8735695494219726e-06,17.36360038862846,0.3472720078725692,False,0,none,True,11.502505500015104,0.028408799989847466,347.920435291085,ok,0.49410782345895804,0.9882156468467534,4.48686765561178,0.9805963190858558,4.48725677058496,0.9806027216046731,21.818281404769117,0.9886345671707135,42.68814909999492
2,2,2,2,807,807,807,1,12.537334822732175,12.537334822732175,0.21564323041433206,0.5928644510451413,0.9999989376455038,0,4233,12.547932470392107,0.9991554267856527,4233,12.547932470392107,0.9991554267856553,4233,12.547932470392107,0.9991554267856527,False,0,4072,-34.70854756281348,-34.70854490739368,True,False,accepted,L-BFGS-B,True,3.6325615390767146e-06,1.7177626933929155e-07,2.114805106269189e-05,17.34494717418502,1.0018191654436566,-8.847089727481716e-17,-4.682906352190125e-16,2.655419798713865e-06,17.34494717418502,17.34494739233477,-2.181497507081076e-07,17.34494739233477,0.3468989479466954,False,0,none,True,11.566539199993713,0.060224999993806705,330.5754878987503,ok,0.4848102377979195,0.9696204755260154,4.393294766876517,0.9601461437513399,4.393703040497486,0.9601583728565878,21.562217505878884,0.9770317457957882,54.40197539998917
3,3,3,3,2681,2681,2681,1,12.523925985178124,12.523925985178124,0.20520141160963307,0.5867897171039503,0.9999979452443394,0,4023,12.535993862314779,0.9990373418119697,4023,12.535993862314779,0.9990373418119695,4023,12.535993862314779,0.9990373418119697,False,0,4071,-52.027291128012635,-52.0272860443763,True,False,accepted,L-BFGS-B,True,4.46139378876262e-06,2.0903189646317816e-07,2.1344124490804744e-05,17.318743565199156,1.0103524887436206,-2.975050761300224e-16,-4.682906352190125e-16,5.083636338554243e-06,17.318743565199156,17.318741136982617,2.4282165398403777e-06,17.318743565199156,0.34637487140398315,False,0,none,True,11.681899600022007,0.06186549999983981,313.25674676176766,ok,0.4709410199516935,0.9418820398355608,4.289151680084421,0.9373858719080546,4.289572725995251,0.9374027172248885,21.32425920396886,0.966249329048607,66.23185089998879
4,4,4,4,2795,2795,2795,1,12.506148506012163,12.506148506012163,0.23116480689438848,0.6015539296454325,0.9999968130572686,0,4023,12.535993874075348,0.9976192260172602,4023,12.535993874075348,0.9976192260172625,4023,12.535993874075348,0.9976192260172602,False,0,4070,-69.30074179311504,-69.30073906893047,True,False,accepted,L-BFGS-B,True,3.131282064476022e-06,1.506167170615321e-07,2.0790737856235342e-05,17.273450665102402,1.0251609939832445,-2.931682674400804e-16,-4.682906352190125e-16,2.724184568592136e-06,17.273450665102402,17.273453024554172,-2.3594517699621065e-06,17.273453024554172,0.34546906059108345,False,0,none,True,11.830814499990083,0.0658224000071641,295.9832937372135,ok,0.45492189206365397,0.9098437840617889,4.18601974865118,0.9148465861287726,4.186448933420447,0.914867017390652,21.05660564651318,0.9541213546212052,78.20108480000636
5,5,5,5,330,330,330,1,-11.153275947683188,11.153275947683188,1.323845300209073,0.5061026350716351,0.5857871363557139,0,8139,11.163385112378103,0.9990944355504043,8139,11.163385112378103,0.999094435550403,8139,11.163385112378103,0.9990944355504043,False,0,4069,-100.66493214264531,-100.6649332986156,True,False,accepted,L-BFGS-B,True,1.2343668327987069e-05,5.601192185835164e-07,2.2038573285206902e-05,31.364190349530276,1.1886006670569635,9.194034422677078e-17,-4.682906352190125e-16,-1.1559702812746764e-06,31.364190349530276,31.364194229685125,-3.880154849866813e-06,31.364194229685125,0.6272838846937026,False,0,none,True,11.802694600017276,0.07706330000655726,264.61909950752835,ok,0.6577295948687278,1.3154591896427277,4.197796097669772,0.9174202846165046,4.199517346349033,0.917722864947411,20.27099864853572,0.918523764691782,90.19253380000009
6,6,6,6,3943,3943,3943,1,-16.432501492929337,16.432501492929337,2.5250844899416984,0.6058835158245993,0.6222604723254419,0,1542,16.432165449075658,1.0000204503694123,1542,16.432165449075658,1.0000204503694134,1542,16.432165449075658,1.0000204503694123,False,0,4068,-143.88898164797317,-143.88897209019834,True,False,accepted,L-BFGS-B,True,1.8536398312122987e-05,6.834561092705271e-07,2.7122563565958066e-05,43.22404950532784,1.1971554262681146,1.0319002596848037e-14,-4.682906352190125e-16,9.557774831137067e-06,43.224049505327855,43.22403879158274,1.0713745112411743e-05,43.224049505327855,0.8644809902065571,False,0,none,True,11.74200739999651,0.09856280000531115,221.39506071594562,ok,0.5627513801469674,1.1255027602128858,4.0331583452112305,0.88143901963725,4.0340957387558865,0.8815731888955737,19.895232301165684,0.901496960733323,102.13113650001469
7,7,7,7,1240,1240,1240,1,-14.35307988478666,14.35307988478666,0.012754037120616991,0.2508753177357308,0.750113359479697,0,1059,14.354478807114594,0.9999025445405066,1059,14.354478807114594,0.9999025445405072,1059,14.354478807114594,0.9999025445405066,False,0,4067,-170.32227552434924,-170.32216126015308,True,False,accepted,L-BFGS-B,True,2.663888115789891e-06,4.656169839485826e-08,5.7213004880046646e-05,26.43329387637607,2.4150782201014693,1.0894063429134349e-14,-4.682906352190125e-16,0.000114264196156455,26.43329387637607,26.433189169954744,0.00010470642132531793,26.43329387637607,0.5286658776275214,False,0,none,True,11.989502599986736,0.10154559998773038,194.96187154599087,ok,0.536767952362396,1.0735359046474855,3.8101001408413477,0.8326900769592909,3.810940457227369,0.8328069409193529,18.74330230720207,0.8493004659743798,114.32512180000776
8,8,8,8,897,897,897,1,-13.245084442835964,13.245084442835964,0.012782824163638963,0.24901016932197714,0.744409238181365,0,7664,13.216406507150465,1.0021698739116403,7664,13.216406507150465,1.0021698739116414,7664,13.216406507150465,1.0021698739116403,False,0,4066,-193.96119691103166,-193.96104312235127,True,False,accepted,L-BFGS-B,True,5.2983839259533584e-06,9.961064670882656e-08,5.319193993477572e-05,23.638921386682398,2.4331677596715937,1.224324461257531e-14,-4.682906352190125e-16,0.00015378868039306326,23.638921386682426,23.63888186219819,3.952448423660826e-05,23.638921386682426,0.47277842783364854,False,0,none,True,11.789897500013467,0.08740079999552108,171.32298968379268,ok,0.5063922493164653,1.0127844985599987,3.5508209639745334,0.7760251102239298,3.551495324330644,0.7761102515091659,17.653585015443923,0.7999229662946721,126.30868220000411
9,9,9,9,2888,2888,2888,1,-13.169995642689516,13.169995642689516,1.5135227404949587,0.5594209725836797,0.6310358655623535,0,6703,13.168190731939461,1.0001370659634872,6703,13.168190731939461,1.000137065963493,6703,13.168190731939461,1.0001370659634872,False,0,4065,-214.2354567785566,-214.23530967902516,True,False,accepted,L-BFGS-B,True,9.645211445544772e-06,4.0969897496058963e-07,2.3543190815763155e-05,20.274259867524876,2.4331677596715937,1.1852931830480529e-14,-4.682906352190125e-16,0.0001470995314321044,20.274259867524933,20.274266556673894,-6.689148960958846e-06,20.274266556673894,0.4054853312334779,False,0,none,True,11.728864200005773,0.09875750000355765,151.0487231271188,ok,0.5270333030173293,1.054066605958754,3.395882288705002,0.7421635599588318,3.3969379326165146,0.7423347386050453,17.04758652333808,0.77246383485189,138.24521160000586
10,10,10,10,336,336,336,1,-18.67586922527175,18.67586922527175,2.5251122598435964,0.5844687139753686,0.6002915241089855,0,4512,18.675853788542835,1.0000008265608142,4512,18.675853788542835,1.0000008265608287,4512,18.675853788542835,1.0000008265608142,False,0,4064,-247.82670903449284,-247.8265657143891,True,False,accepted,L-BFGS-B,True,1.0952792862731926e-05,3.4277204157703e-07,3.195457711305793e-05,33.59125225593627,2.4331677596715937,7.494005416219807e-15,-4.682906352190125e-16,0.00014332010374573656,33.59125225593624,33.59125603536393,-3.7794276863678533e-06,33.59125603536393,0.6718251208072785,False,0,none,True,11.752886299975216,0.11280170001555234,117.45746709175486,ok,0.2723809776965861,0.5447619553539432,2.8121797283169654,0.6145964850883217,2.812310453225718,0.6145757698797585,16.195195403786382,0.7338401087249572,150.2249914999993
11,11,11,11,2680,2680,2680,1,-13.179980934659254,13.179980934659254,0.015026563595885634,0.24714092146880684,0.7157982266453804,0,1959,13.171753891698783,1.000624597379219,1959,13.171753891698783,1.0006245973792178,1959,13.171753891698783,1.000624597379219,False,0,4063,-271.78538448335485,-271.7852265478478,True,False,accepted,L-BFGS-B,True,7.512593901267539e-06,1.4087041194681962e-07,5.333082134036521e-05,23.95867544886198,2.451570999346102,6.663072871226916e-15,-4.682906352190125e-16,0.00015793550704756854,23.95867544886201,23.95866083345871,1.4615403301831975e-05,23.95867544886201,0.4791735090772402,False,0,none,True,11.746059299999615,0.12926600000355393,93.49880625829616,ok,0.23975824177171465,0.4795164835088987,2.587006298248934,0.5653852638916177,2.5871118513756866,0.5653629939754903,14.553487639800485,0.659450700386213,162.2104260000051
12,12,12,12,398,398,398,1,-12.698063216332457,12.698063216332457,0.014945698427332977,0.249303956218325,0.7232225149471505,0,1433,12.747028661964688,0.9961586776863273,1433,12.747028661964688,0.9961586776863272,1433,12.747028661964688,0.9961586776863273,False,0,4062,-293.6653089446308,-293.6652254803719,True,False,accepted,L-BFGS-B,True,1.3177217165368043e-05,2.587112976637283e-07,5.0935061575060114e-05,21.879924461275948,2.451570999346102,5.367234434672241e-15,-4.682906352190125e-16,8.346425892113984e-05,21.879924461275948,21.879998932524074,-7.447124812642869e-05,21.879998932524074,0.4375999787504815,False,0,none,True,11.764317100023618,0.12195100000826642,71.61880732577208,ok,0.20334868879772394,0.4066973775661611,2.308582742379909,0.5045363298495159,2.3086503466785553,0.5045106462431043,12.842635608915705,0.5819282124473969,174.21510890001082
13,13,13,13,3506,3506,3506,1,-3.3122073137733583,3.3122073137733583,0.049274383482122916,0.1091989018809043,0.24936987373676062,0,4115,3.3452924981800116,0.9901099277792141,4115,3.3452924981800116,0.9901099277792159,4115,3.3452924981800116,0.9901099277792141,False,0,4061,-307.22122666592946,-307.2212248243699,True,False,accepted,L-BFGS-B,True,1.1943542776440217e-05,3.93762014151111e-07,3.0332881560969298e-05,13.55591772129867,5.548439639854571,6.245871875254494e-15,-4.682906352190125e-16,1.8415595377518912e-06,13.55591772129867,13.555999343998053,-8.162269938338795e-05,13.555999343998053,0.2711199869799611,False,0,none,True,11.779066000017338,0.13816709999809973,58.06280798177403,ok,0.1803911624280429,0.3607823248301054,2.143401091906155,0.46843619700238287,2.143466344712235,0.4684128942812504,11.585371931736457,0.5249588156260747,186.24635239999043
14,14,14,14,1373,1373,1373,1,-3.188678605180905,3.188678605180905,0.05971423794799266,0.11390305647841405,0.25218022658977635,0,973,3.1977350886070224,0.9971678443726048,973,3.1977350886070224,0.997167844372607,973,3.1977350886070224,0.9971678443726048,False,0,4060,-320.03964604812177,-320.0396686042513,True,False,accepted,L-BFGS-B,True,5.2762457077872674e-06,1.8847315670744902e-07,2.7995679984997216e-05,12.81841938219236,5.548439639854571,7.598956186516403e-15,-4.682906352190125e-16,-2.2556129522399715e-05,12.818419382192303,12.818443779881363,-2.4397689060151606e-05,12.818443779881363,0.2563688756976273,False,0,none,True,11.684002099995269,0.14446439998573624,45.244364201892665,ok,0.14495908939652574,0.28991817877217413,1.87872626467812,0.41059202123092076,1.8787655897390418,0.41056769085116285,10.274947748166344,0.46558059873082963,198.19285970000783
15,15,15,15,2241,2241,2241,1,-3.1595244618538127,3.1595244618538127,0.03626718327840738,0.2576860200005625,0.6397436310243059,0,5298,3.1747299250373073,0.9952104703258133,5298,3.1747299250373073,0.9952104703258229,5298,3.1747299250373073,0.9952104703258133,False,0,4059,-322.39577282082865,-322.3957902028036,True,False,accepted,L-BFGS-B,True,2.7069416132812797e-06,2.2077404075571795e-07,1.2262140866087858e-05,2.3561267727068866,5.548439639854571,7.722555234179751e-15,-4.682906352190125e-16,-1.7381974942054512e-05,2.3561267727068866,2.3561215985523063,5.174154580345203e-06,2.3561267727068866,0.047122535554137736,False,0,none,True,11.860331699979724,0.16572409999207594,42.88824260334036,ok,0.13949860940555425,0.2789972187910176,1.8520434327592108,0.40476053950006474,1.8520814494684628,0.40473639081401347,10.020680242772158,0.4540591759167481,210.33863710000878
16,16,16,16,3059,3059,3059,1,-2.699639817292364,2.699639817292364,0.060334391255062646,0.09718386235787957,0.21249656381173798,0,5239,2.6960970626882825,1.001314030808872,5239,2.6960970626882825,1.0013140308088733,5239,2.6960970626882825,1.001314030808872,False,0,4058,-334.5824448404343,-334.5824739883249,True,False,accepted,L-BFGS-B,True,5.051247695897048e-06,1.81838979219288e-07,2.777968484295391e-05,12.18667201960551,6.234404572164803,7.051217248976727e-15,-4.682906352190125e-16,-2.9147890643344e-05,12.186672019605624,12.186683785521325,-1.1765915701289487e-05,12.186683785521325,0.24373367581042651,False,0,none,True,11.743795799993677,0.163955399999395,30.701558817819034,ok,0.10982505716272867,0.21965011430964004,1.658443988970769,0.3624497524371621,1.658469622696903,0.3624262904623694,8.524127118952425,0.38624704523756004,222.37305640001432
17,17,17,17,3336,3336,3336,1,-2.7485166034276194,2.7485166034276194,0.0639908641400498,0.10787528696534894,0.23411301869263954,0,4196,2.736488145433849,1.0043955819848303,4196,2.736488145433849,1.0043955819848327,4196,2.736488145433849,1.0043955819848303,False,0,4057,-344.9551493754292,-344.95510574276716,True,False,accepted,L-BFGS-B,True,5.647903866510858e-06,2.21672013262486e-07,2.547965101862484e-05,10.372704534995023,6.234404572164803,5.95595621433187e-15,-4.682906352190125e-16,4.363266202744853e-05,10.37270453499491,10.372631754442239,7.278055267079253e-05,10.37270453499491,0.2074540907998982,False,0,none,True,11.787654400017345,0.17612199997529387,20.328927063376796,ok,0.07379092129791712,0.14758184258520668,1.2266606665661746,0.26808433560498773,1.2266700338691152,0.2680648857912679,6.963867767789851,0.31554824455321745,234.47286820001318
18,18,18,18,1081,1081,1081,1,2.92278723642527,2.92278723642527,0.14597086981378976,0.3290391610055184,0.5751594598001195,0,5196,2.9418325025737895,0.9935260535289291,5196,2.9418325025737895,0.9935260535289308,5196,2.9418325025737895,0.9935260535289291,False,0,4056,-346.17520077889634,-346.1751529188049,True,False,accepted,L-BFGS-B,True,1.4063883628241047e-06,1.5832725786201417e-07,8.883793663045718e-06,1.2200514034671528,6.234404572164803,6.3310901660118546e-15,-4.682906352190125e-16,4.786009145618664e-05,1.2200514034671528,1.220047176037724,4.227429428738105e-06,1.2200514034671528,0.02440102816934306,False,0,none,True,11.648311700002523,0.1912919000023976,19.10887988733907,ok,0.07435632762027143,0.14871265522983387,1.158098929134052,0.2531002994094955,1.1581110725970518,0.25308265779520633,6.731008311527937,0.30499686777508206,246.45076139998855
19,19,19,19,3017,3017,3017,1,-1.8422048703933522,1.8422048703933522,0.03216865223632146,0.3818596496587551,0.8006414363686895,0,6241,1.8851867843899082,0.9772001828399907,6241,1.8851867843899082,0.9772001828399911,6241,1.8851867843899082,0.9772001828399907,False,0,4055,-346.5360422872098,-346.5359947541029,True,False,accepted,L-BFGS-B,True,3.7982009366048817e-07,7.873063424206584e-08,4.825298664896947e-06,0.3608415083133991,6.234404572164803,6.3696877633523385e-15,-4.682906352190125e-16,4.7533106908304035e-05,0.36084150831345596,0.36084183529800384,-3.269845478826028e-07,0.36084183529800384,0.007216836805960076,False,0,none,True,11.817432699986966,0.1931295999966096,18.748038052041068,ok,0.07316800471458806,0.14633600941863828,1.160004175665524,0.25351668738416105,1.1600157027509723,0.25349887768367535,6.70068647342791,0.3036229182540493,258.5877395000134
20,20,20,20,61,61,61,1,1.1228168891402799,1.1228168891402799,0.20399086707837824,0.37252841069376136,0.6405827309958894,0,2840,1.1289600372326771,0.9945585779037357,2840,1.1289600372326771,0.9945585779037212,2840,1.1289600372326771,0.9945585779037357,False,0,4054,-346.690722438636,-346.690675272539,True,False,accepted,L-BFGS-B,True,9.163429189954349e-07,3.040244510701632e-07,3.0150434947581232e-06,0.15468015142613467,6.234404572164803,6.478541661469883e-15,-4.682906352190125e-16,4.7166096976525296e-05,0.15468015142619151,0.1546805184361233,-3.67009931778739e-07,0.1546805184361233,0.003093610468722466,False,0,none,True,11.83805239998037,0.2036624999891501,18.593357533604944,ok,0.07518420820208516,0.15036841639334209,1.158882168424153,0.2532714748538784,1.1588958833877712,0.253254162934464,6.665553678835627,0.3020309736580992,270.77411940001184
21,21,21,21,3153,3153,3153,1,0.9362503085929237,0.9362503085929237,0.3827085854995277,0.23019281595743935,0.3521193368181287,0,1150,0.9363859155769222,0.9998551804531202,1150,0.9363859155769222,0.9998551804531465,1150,0.9363859155769222,0.9998551804531202,False,0,4053,-346.9038262119711,-346.903778208943,True,False,accepted,L-BFGS-B,True,1.0570189143794612e-06,2.5988573177394984e-07,4.068244889376469e-06,0.21310377333503538,6.234404572164803,6.235463534398633e-15,-4.682906352190125e-16,4.800302809826462e-05,0.21310377333509223,0.2131029364039705,8.36931121739326e-07,0.21310377333509223,0.004262075566701844,False,0,none,True,11.640870500006713,0.19652090000454336,18.380254597200974,ok,0.07429311638680874,0.1485862327629176,1.1614541001845502,0.2538335656064396,1.1614668678341142,0.2538160015976343,6.617408374329818,0.2998494034693951,282.7622524999897
22,22,22,22,1034,1034,1034,1,0.8497231301125161,0.8497231301125161,0.17896535277831085,0.3047040236175418,0.5243453185613729,0,1434,0.8535604252042411,0.9955043662072233,1434,0.8535604252042411,0.9955043662072239,1434,0.8535604252042411,0.9955043662072233,False,0,4052,-347.017739728084,-347.017690268292,True,False,accepted,L-BFGS-B,True,2.4757214756424215e-07,8.877743662311777e-08,2.7896832170571368e-06,0.11391351611291611,6.234404572164803,6.3265365168874155e-15,-4.682906352190125e-16,4.9459792023753835e-05,0.11391351611291611,0.11391205934899062,1.4567639254892129e-06,0.11391351611291611,0.0022782704222583223,False,0,none,True,11.676095000002533,0.25614429998677224,18.266342537851983,ok,0.07443582666887033,0.1488716533270202,1.1617409011675999,0.2538962454111218,1.1617533573168257,0.253878608303874,6.57935797217695,0.2981252556245126,294.8442780000041
23,23,23,23,926,926,926,1,-0.8637290609455086,0.8637290609455086,0.0382876275042956,0.21201417698610564,0.4831679210622689,0,5812,0.8749508019249067,0.9871744320312524,5812,0.8749508019249067,0.987174432031256,5812,0.8749508019249067,0.9871744320312524,False,0,4051,-347.29337993686676,-347.2933319402962,True,False,accepted,L-BFGS-B,True,8.5357826577873e-07,2.0952252856740768e-07,4.074921175040212e-06,0.27564020878276096,6.234404572164803,6.294877813450839e-15,-4.682906352190125e-16,4.7996570572195196e-05,0.27564020878276096,0.2756416720042125,-1.4632214515586384e-06,0.2756416720042125,0.00551283354008425,False,0,none,True,11.69816090000677,0.22413320001214743,17.99070086584777,ok,0.07293761485264248,0.1458752296947803,1.158651299401044,0.2532210188717483,1.1586627451257445,0.2532032151001987,6.534487057935321,0.2960920552978301,306.9339813000115
24,24,24,24,2714,2714,2714,1,-0.9283263614799879,0.9283263614799879,0.033748888809077913,0.17114505267146526,0.4373121578147842,0,6846,0.9305345939125291,0.9976269206464894,6846,0.9305345939125291,0.9976269206465138,6846,0.9305345939125291,0.9976269206464894,False,0,4050,-347.76118241938286,-347.7611287826612,True,False,accepted,L-BFGS-B,True,1.1498297922094097e-06,2.1198115576911653e-07,5.4252075812709e-06,0.467802482516106,6.234404572164803,6.1246580723706145e-15,-4.682906352190125e-16,5.363672164548916e-05,0.467802482516106,0.4677968423650327,5.640151073293964e-06,0.467802482516106,0.00935604975032212,False,0,none,True,11.624276699993061,0.21458099997835234,17.522904023482738,ok,0.07171295162626602,0.14342590324220375,1.1417390794637607,0.24952488564675143,1.1417501905037506,0.24950730511788388,6.449105818452351,0.292223242572631,318.93192040000577
25,25,25,25,3626,3626,3626,1,-0.7489554666461675,0.7489554666461675,0.028585395881675135,0.11183077708131525,0.2947000618500491,0,8063,0.7484564754160659,1.0006666937176598,8063,0.7484564754160659,1.000666693717673,8063,0.7484564754160659,1.0006666937176598,False,0,4049,-348.4977586375546,-348.4977074833014,True,False,accepted,L-BFGS-B,True,5.576912289553857e-07,8.327204081606167e-08,6.698220621592081e-06,0.7365762181717059,6.234404572164803,6.1029740289209045e-15,-4.682906352190125e-16,5.1154253242202685e-05,0.7365762181717628,0.7365787006401661,-2.4824684032864752e-06,0.7365787006401661,0.014731574112803321,False,0,none,True,11.670427200006088,0.2406071999866981,16.786325322842572,ok,0.06950790468069079,0.13901580935137087,1.0950294528569295,0.23931658635375877,1.095040822305452,0.23929988086707252,6.313948563879259,0.286098968556913,331.00122360000387
26,26,26,26,2761,2761,2761,1,-0.6256416066542927,0.6256416066542927,0.02295455965155468,0.19132420459196245,0.4936903247022012,0,2961,0.6306982137890037,0.9919825250426305,2961,0.6306982137890037,0.9919825250426273,2961,0.6306982137890037,0.9919825250426305,False,0,4048,-348.6717849163223,-348.6717340972046,True,False,accepted,L-BFGS-B,True,3.414120192949956e-07,1.0440543746213074e-07,3.27105975544933e-06,0.17402627876771248,6.234404572164803,6.1053592737003726e-15,-4.682906352190125e-16,5.0819117689115956e-05,0.17402627876765564,0.17402661390320873,-3.351355530867295e-07,0.17402661390320873,0.0034805323780641747,False,0,none,True,11.845704400009708,0.2281170999922324,16.612298708939363,ok,0.0698312236444517,0.13966244727884614,1.0993071983569804,0.2402514794269007,1.099318682972774,0.24023472414159158,6.280289164851993,0.2845737867714552,343.2294016999949
27,27,27,27,1625,1625,1625,1,-0.6177093109014096,0.6177093109014096,0.9522089657862624,0.15150500882104714,0.20588411420454303,0,5931,0.6176840134639955,1.0000409553054033,5931,0.6176840134639955,1.0000409553054679,5931,0.6176840134639955,1.0000409553054033,False,0,4047,-348.9218407003734,-348.921789946067,True,False,accepted,L-BFGS-B,True,2.589300285347618e-06,6.350752737232044e-07,4.078154933410549e-06,0.25005578405119877,6.234404572164803,5.273993047838488e-15,-4.682906352190125e-16,5.075430641454659e-05,0.2500557840511419,0.2500558488624165,-6.48112745693652e-08,0.2500558488624165,0.0050011170772483295,False,0,none,True,11.811040400003549,0.3282734999957029,16.362242860076947,ok,0.06858611475416702,0.1371722294984561,1.1030537671957183,0.24107028485965581,1.1030651469301633,0.24105344099708612,6.232198221307003,0.2823946797980691,355.5353218000091
28,28,28,28,1043,1043,1043,1,0.5054830144194167,0.5054830144194167,0.39325424473219056,0.044955686372136226,0.06696919035414518,0,6211,0.5068702873063132,0.997263061336128,6211,0.5068702873063132,0.9972630613361124,6211,0.5068702873063132,0.997263061336128,False,0,4046,-350.96324422217555,-350.96319185578426,True,False,accepted,L-BFGS-B,True,1.771265599926876e-06,1.5752958408378938e-07,1.1245018767831868e-05,2.0414035218022377,13.477349913183154,5.37178808379668e-15,-4.682906352190125e-16,5.2366391287250735e-05,2.041403521802124,2.0414019097172513,1.6120848727041448e-06,2.041403521802124,0.04082807053604248,False,0,none,True,11.649389099999098,0.22639969998272136,14.320840950359695,ok,0.07170518508736648,0.1434103701644058,1.049853373962544,0.22944344097155414,1.0498695461469698,0.22942857672648295,5.832755761773174,0.26429505885338217,367.5646909000061
29,29,29,29,3758,3758,3758,1,0.6217662837533151,0.6217662837533151,0.433931159345848,0.03541097249665342,0.05167515372302595,0,3910,0.6220104473111671,0.9996074606802708,3910,0.6220104473111671,0.9996074606802368,3910,0.6220104473111671,0.9996074606802708,False,0,4045,-355.62246007694563,-355.62240165154657,True,False,accepted,L-BFGS-B,True,2.1409152094214625e-06,1.219298373556044e-07,1.7559583328357544e-05,4.659215854770082,17.11005016543557,-5.390653201597928e-16,-4.682906352190125e-16,5.8425399060979544e-05,4.659215854770082,4.659209795762308,6.059007773728808e-06,4.659215854770082,0.09318431719540163,False,0,none,True,11.776967500016326,0.28084550000494346,9.661631154597387,ok,0.05638928546413164,0.11277857092014196,0.8249299663640314,0.18028686170595154,0.8249388762091048,0.18027435213222606,4.792210004661904,0.21714563011890073,379.79656360001536
30,30,30,30,1726,1726,1726,1,0.8630954010735644,0.8630954010735644,0.01808090769854562,0.20816536225596546,0.5250757232240836,0,5516,0.8706098585740286,0.991368742926054,5516,0.8706098585740286,0.9913687429260648,5516,0.8706098585740286,0.991368742926054,False,0,4044,-355.92072133418736,-355.9206628967573,True,False,accepted,L-BFGS-B,True,1.1368416762949005e-06,2.741888121778407e-07,4.147200084770553e-06,0.2982612572417338,17.11005016543557,-7.769392768031125e-16,-4.682906352190125e-16,5.843743008426827e-05,0.2982612572417338,0.2982612452107105,1.2031023288727738e-08,0.2982612572417338,0.005965225244834676,False,0,none,True,11.73250869999174,0.25576030000229366,9.363369909386677,ok,0.055572212305604225,0.1111444246032048,0.8071766396412801,0.17640690620646515,0.8071855261759185,0.17639470266035656,4.727972893084066,0.21423490457535854,391.9502782000054
31,31,31,31,1935,1935,1935,1,0.5529347239651174,0.5529347239651174,0.007152088663100805,0.2139408331708275,0.5173975767130836,0,7807,0.5536622155106068,0.9986860372170812,7807,0.5536622155106068,0.9986860372170809,7807,0.5536622155106068,0.9986860372170812,False,0,4043,-356.0409222926673,-356.0408629601221,True,False,accepted,L-BFGS-B>Newton-CG,False,1.4742640720833873e-09,5.704205659052894e-10,2.5855212466062607e-06,0.12020095847987022,17.11005016543557,-9.440148315831287e-16,-4.682906352190125e-16,5.93325451632154e-05,0.12020095847992707,0.12020006336484812,8.951150789471285e-07,0.12020095847992707,0.0024040192695985413,False,0,none,True,11.75645899999654,44.944112800003495,9.243169846021829,ok,0.054876865233929546,0.10975373045995558,0.8005569123520083,0.17496017750585519,0.8005656280591318,0.17494805263742497,4.702474283398946,0.21307950619718963,448.82737790001556
32,32,32,32,2689,2689,2689,1,-0.4854186696574594,0.4854186696574594,0.13987801940723169,0.03503152603115817,0.064831313105492,0,7593,0.5020217447310676,0.9669275778432616,7593,0.5020217447310676,0.9669275778432884,7593,0.5020217447310676,0.9669275778432616,False,0,4042,-358.8083747329937,-358.8083292613005,True,False,accepted,L-BFGS-B,True,3.4955604638136402e-06,2.5226639384786115e-07,1.385762358943368e-05,2.767452440326508,17.295378890594346,-5.963111948670274e-16,-4.682906352190125e-16,4.5471693169929495e-05,2.7674524403263945,2.7674663011783878,-1.3860851993285905e-05,2.7674663011783878,0.05534932612356776,False,0,none,True,11.819758400000865,0.28148229999351315,6.475703544843441,ok,0.04438717657516547,0.08877435314393818,0.6989524837696969,0.15275472454447261,0.6989590431076951,0.15274390903025029,3.942282418325171,0.17863353212841482,461.11546450000606
33,33,33,33,2320,2320,2320,1,0.6137292905520884,0.6137292905520884,0.39951325479381283,0.05498126792217423,0.08192235786496237,0,6067,0.6241855308840664,0.9832481853317422,6067,0.6241855308840664,0.9832481853318624,6067,0.6241855308840664,0.9832481853317422,False,0,4041,-360.75734951261404,-360.75731284709565,True,False,accepted,L-BFGS-B,True,1.7538898959036428e-06,1.5712340418519518e-07,1.116349934246843e-05,1.9489747796204142,17.295378890594346,3.212762087617671e-15,-4.682906352190125e-16,3.666551839387466e-05,1.9489747796203574,1.9489835857951334,-8.806174776054831e-06,1.9489835857951334,0.03897967181590267,False,0,none,True,11.838239400007296,0.3258588000026066,4.526719959048307,ok,0.05550972541611572,0.1110194508242368,0.6128395764395534,0.13393491383574635,0.6128577597747059,0.13392814762264585,3.2720524725459894,0.14826393151425205,473.46654009999475
34,34,34,34,2104,2104,2104,1,-0.35665675735556857,0.35665675735556857,0.09308446011710488,0.05362949262038903,0.11258286635564632,0,7543,0.3592769913828023,0.9927069250464695,7543,0.3592769913828023,0.9927069250464752,7543,0.3592769913828023,0.9927069250464695,False,0,4040,-361.33908064184686,-361.3390390475812,True,False,accepted,L-BFGS-B,True,4.3783682155281226e-07,6.583629309142711e-08,6.651386906577297e-06,0.5817311292328213,17.295378890594346,4.0485870949139025e-15,-4.682906352190125e-16,4.1594265667299624e-05,0.5817311292328213,0.5817262004855479,4.9287472734249604e-06,0.5817311292328213,0.011634622684656426,False,0,none,True,11.755411099991761,0.28573589998995885,3.9449937585627595,ok,0.05453604757947595,0.10907209515109748,0.5814741744049144,0.1270800653885569,0.581495979896922,0.1270746403965567,3.0604860113759074,0.13867738741912436,485.6800319000031
35,35,35,35,773,773,773,1,-0.36149471291402424,0.36149471291402424,0.25425610506397595,0.07669183572629934,0.1299080583911924,0,338,0.3668006856904798,0.9855344524057599,338,0.3668006856904798,0.9855344524058407,338,0.3668006856904798,0.9855344524057599,False,0,4039,-361.709272070443,-361.70922994228135,True,False,accepted,L-BFGS-B,True,8.783609299208722e-07,1.8634606828433364e-07,4.7146005498148575e-06,0.37019142859617205,17.295378890594346,4.847142652530945e-15,-4.682906352190125e-16,4.212816162407762e-05,0.3701914285961152,0.3701908947001584,5.338959567779966e-07,0.3701914285961152,0.007403828671922304,False,0,none,True,11.85122300000512,0.3251432999968529,3.574802863862601,ok,0.055638201118564996,0.11127640222911683,0.5518987083574766,0.12061640401777998,0.5519244317689425,0.1206123535119619,2.9145344472794257,0.13206399937441457,498.0505705999967
36,36,36,36,2177,2177,2177,1,0.2908473255366193,0.2908473255366193,0.41335961209381744,0.024543219227186126,0.03628587886256729,0,1112,0.2923048956526961,0.9950135282105962,1112,0.2923048956526961,0.9950135282108095,1112,0.2923048956526961,0.9950135282105962,False,0,4038,-363.9677702207964,-363.96771481008375,True,False,accepted,L-BFGS-B,True,4.425809486190601e-06,3.7347310384937314e-07,1.1851410218497531e-05,2.258498150353489,24.686391390477088,1.0549070297849461e-14,-4.682906352190125e-16,5.5410712661796424e-05,2.2584981503534323,2.2584848678023945,1.3282551037718804e-05,2.2584981503534323,0.045169963107068646,False,0,none,True,11.676186500000767,0.3517186999961268,1.3163179960602065,ok,0.029577349249924806,0.059154698495589804,0.3756838910992169,0.08210499373454629,0.3756911375734931,0.08209999356450863,1.7791057808371649,0.08061521624725225,510.29953409999143
37,37,37,37,88,88,88,1,0.4504443840841073,0.4504443840841073,0.015384849157902225,0.19264697714450246,0.4238951963055258,0,6336,0.4493564186064474,1.0024211637635752,6336,0.4493564186064474,1.0024211637635756,6336,0.4493564186064474,1.0024211637635752,False,0,4037,-364.0570791272462,-364.05702909135493,True,False,accepted,L-BFGS-B,True,6.03522113180111e-07,2.5811569827555453e-07,2.3391844545379554e-06,0.08930890644984402,24.686391390477088,1.065683999379452e-14,-4.682906352190125e-16,5.00358912631782e-05,0.08930890644978717,0.08931428127118579,-5.374821398618224e-06,0.08931428127118579,0.001786285725423716,False,0,none,True,11.904767400003038,0.3282768000208307,1.2270037147890207,ok,0.027910341129446535,0.05582068225487335,0.35172021584462987,0.07686777847658637,0.351727629798441,0.07686323486207594,1.719081972819168,0.07789540480294485,522.7235834999883
38,38,38,38,3872,3872,3872,1,0.19980760868732794,0.19980760868732794,0.17297347657269985,0.05671448400463925,0.10413176941090982,0,6868,0.2062272292470332,0.9688711302423823,6868,0.2062272292470332,0.9688711302424181,6868,0.2062272292470332,0.9688711302423823,False,0,4036,-364.22991487047875,-364.2298612528686,True,False,accepted,L-BFGS-B,True,3.236181577840751e-07,9.185756986277119e-08,3.5240428833196663e-06,0.1728357432325538,24.686391390477088,1.1636199816200676e-14,-4.682906352190125e-16,5.361761014910371e-05,0.1728357432325538,0.17283216151366787,3.581718885925511e-06,0.1728357432325538,0.003456714964651076,False,0,none,True,11.584881400020095,0.3797621999983676,1.0541715532753528,ok,0.02587685696874882,0.05175371393377079,0.33213735490177276,0.07258798178284645,0.3321439597018956,0.07258360452722058,1.5909584963612764,0.0720898468241818,534.8834009999991
39,39,39,39,2082,2082,2082,1,-0.1716082409854458,0.1716082409854458,0.0899932549542684,0.03854794762192493,0.07968721586576587,0,5982,0.1747244520300238,0.9821649974667397,5982,0.1747244520300238,0.9821649974666197,5982,0.1747244520300238,0.9821649974667397,False,0,4035,-364.4980253607598,-364.4979688581272,True,False,accepted,L-BFGS-B,True,7.511520378404242e-07,1.6872953502407899e-07,4.452811223999574e-06,0.26811049028106027,24.686391390477088,1.124404389041267e-14,-4.682906352190125e-16,5.650263261713917e-05,0.26811049028106027,0.26810760525859223,2.8850224680354586e-06,0.26811049028106027,0.005362209905621205,False,0,none,True,11.738485399982892,0.3594971999991685,0.7860639480167606,ok,0.021883676646824286,0.04376735329049683,0.2895134065163709,0.06327259962769091,0.28951813701504076,0.0632685597516752,1.3676981465920306,0.06197342678331396,547.1870172999916
40,40,40,40,3637,3637,3637,1,-0.11538360323047048,0.11538360323047048,0.12669037089818075,0.05349455006959835,0.09799174684236191,0,7675,0.11639478233746377,0.9913125048504187,7675,0.11639478233746377,0.9913125048505672,7675,0.11639478233746377,0.9913125048504187,False,0,4034,-364.55882366863506,-364.5587659423362,True,False,accepted,L-BFGS-B,True,4.6479235233822034e-07,2.1548868770252646e-07,2.1579222834557683e-06,0.060798307875188584,24.686391390477088,1.1168258158555933e-14,-4.682906352190125e-16,5.7726298848592705e-05,0.06079830787524543,0.060797084209013974,1.2236662314535351e-06,0.06079830787524543,0.0012159662575049086,False,0,none,True,11.783060799993109,0.41157890000613406,0.7252668638077466,ok,0.018188738152301903,0.036377476301984214,0.27395915303625534,0.059873247366954346,0.2739622167597908,0.059869115833208544,1.31283432087413,0.05948742554491715,559.5887191999936
41,41,41,41,600,600,600,1,-0.08734034452443495,0.08734034452443495,0.004921109597513303,0.1252879572688551,0.4040663895486702,0,515,0.08906974420665255,0.9805837582938918,515,0.08906974420665255,0.9805837582938923,515,0.08906974420665255,0.9805837582938918,False,0,4033,-364.568990709099,-364.5689333603183,True,False,accepted,L-BFGS-B,True,4.393870522298512e-07,6.302918819500904e-07,6.981167879719637e-07,0.010167040464011734,24.686391390477088,1.1363739810255069e-14,-4.682906352190125e-16,5.734878072871652e-05,0.01016704046395489,0.010167417982074767,-3.7751811987618566e-07,0.010167417982074767,0.00020334845964149533,False,0,none,True,11.572455199988326,0.5839600999897812,0.7150994458256719,ok,0.01782327470854852,0.03564654941453008,0.27580651299249,0.06027698434164416,0.27580930298313067,0.06027276061447419,1.3042837885973042,0.05909998202359878,571.9598647000093
42,42,42,42,234,234,234,1,0.06890876020079295,0.06890876020079295,0.03739304509222357,0.06202175501374901,0.14421312162964642,0,2798,0.07467017400047288,0.9228418324076298,2798,0.07467017400047288,0.9228418324075884,2798,0.07467017400047288,0.9228418324076298,False,0,4032,-364.58564691932963,-364.5855890359133,True,False,accepted,L-BFGS-B,True,8.468849840792128e-07,7.622442460424216e-07,1.1120414915904537e-06,0.016656210230621582,24.686391390477088,1.1399193221295345e-14,-4.682906352190125e-16,5.788341633206073e-05,0.016656210230621582,0.016655675595018238,5.346356033442135e-07,0.016656210230621582,0.00033312430461243165,False,0,none,True,11.826347299996996,0.5425460999831557,0.6984437702306536,ok,0.01810470864248336,0.036209417282359234,0.27272418831103934,0.05960334819526091,0.27272715790094343,0.05959921773282196,1.2901746063222816,0.05846066378157855,584.544078100007
43,43,43,43,2029,2029,2029,1,-0.06966243686154705,0.06966243686154705,0.10810987404536464,0.024062163663848682,0.0477553092236387,0,7834,0.06980012900851978,0.9980273367839202,7834,0.06980012900851978,0.9980273367833452,7834,0.06980012900851978,0.9980273367839202,False,0,4031,-364.70395750198713,-364.7039019827239,True,False,accepted,L-BFGS-B,True,2.5317953748385635e-06,8.745101863054718e-07,2.896101068558842e-06,0.11831058265750016,25.17992663872064,1.2035023585349469e-14,-4.682906352190125e-16,5.5519263241876615e-05,0.11831058265750016,0.11831294681059035,-2.364153090184118e-06,0.11831294681059035,0.002366259036211807,False,0,none,True,11.745476700016297,0.5249523000093177,0.5801308234200633,ok,0.01407926797712034,0.02815853595221295,0.2480084772541952,0.054201776955329524,0.2480100370367426,0.05419777154223382,1.178792071931859,0.053413674899430254,597.0384872000141
44,44,44,44,2373,2373,2373,1,0.06991156097577322,0.06991156097577322,0.11614745598040901,0.033569634500165584,0.06352021748041708,0,4797,0.0710735253934493,0.983651234250114,4797,0.0710735253934493,0.9836512342501851,4797,0.0710735253934493,0.983651234250114,False,0,4030,-364.76548344696437,-364.76542657212354,True,False,accepted,L-BFGS-B>Newton-CG,True,6.927302510241209e-13,3.3263080203727247e-13,2.0835799859223443e-06,0.06152594497729069,25.17992663872064,1.0559858109465692e-14,-4.682906352190125e-16,5.687484082272931e-05,0.06152594497723385,0.061524589399652996,1.355577580852696e-06,0.06152594497723385,0.001230518999544677,False,0,none,True,11.80502030000207,1.1311004999733996,0.5186062340204103,ok,0.01230980456882595,0.02461960913587901,0.23472318050406518,0.05129830083544729,0.23472462594576982,0.05129450325617438,1.1151475712742138,0.05052980186684971,610.2188628999866
45,45,45,45,900,900,900,1,-0.052017003088202785,0.052017003088202785,0.11337350840895785,0.02045662624235868,0.03935058807585838,0,2686,0.05238251641249624,0.9930222267022234,2686,0.05238251641249624,0.9930222267011093,2686,0.05238251641249624,0.9930222267022234,False,0,4029,-364.88060679406357,-364.88055402057125,True,False,accepted,L-BFGS-B,True,4.17488277022349e-07,1.6418480759311012e-07,2.543794812398151e-06,0.11512334709919969,29.617958926678813,1.17541610125671e-14,-4.682906352190125e-16,5.2773492313917814e-05,0.11512334709919969,0.1151274484477085,-4.101348508811498e-06,0.1151274484477085,0.00230254906895417,False,0,none,True,11.648740100004943,0.4496080999961123,0.4034787855727018,ok,0.013134186347971815,0.026268372694052012,0.21387270958059396,0.04674147041206928,0.2138744052148038,0.046738092905674614,0.983418363106632,0.04456086021262613,622.5322115999879
46,46,46,46,3383,3383,3383,1,-0.054234376858246724,0.054234376858246724,0.05809586884480989,0.05640669677125353,0.11281277505289987,0,7272,0.054253628151991716,0.9996451611735337,7272,0.054253628151991716,0.9996451611734162,7272,0.054253628151991716,0.9996451611735337,False,0,4028,-364.8924746296661,-364.8924214471751,True,False,accepted,L-BFGS-B,True,6.501692847660124e-07,6.762112174347534e-07,9.624884639631792e-07,0.011867835602629384,29.617958926678813,1.0955754532748774e-14,-4.682906352190125e-16,5.318249100128014e-05,0.011867835602515697,0.011867426603828335,4.0899868736232747e-07,0.011867835602515697,0.00023735681205031396,False,0,none,True,11.718433200003346,0.44492179999360815,0.39161135896887345,ok,0.013110556745301436,0.026221113488714656,0.21094984644612894,0.04610268428088856,0.2109516338249441,0.046099378045782374,0.9702685043856256,0.04396501104174889,634.9237509999948
47,47,47,47,1546,1546,1546,1,0.04490289427354166,0.04490289427354166,0.010831813958058135,0.08881458647328959,0.24695314306079202,0,7261,0.044729521862181626,1.0038760175414845,7261,0.044729521862181626,1.0038760175414851,7261,0.044729521862181626,1.0038760175414845,False,0,4027,-364.8968197761742,-364.89676686393835,True,False,accepted,L-BFGS-B>Newton-CG,False,2.5496042932171034e-09,5.0429309075814846e-09,5.065798582098473e-07,0.004345146508114794,29.617958926678813,1.106780682727515e-14,-4.682906352190125e-16,5.291223584436011e-05,0.004345146508114794,0.0043454167632717144,-2.7025515692002955e-07,0.0043454167632717144,8.690843526543428e-05,False,0,none,True,11.694734400021844,51.155460900015896,0.38726594220560173,ok,0.013028203795996968,0.02605640759011758,0.2118883597559934,0.046307794564432396,0.21189006894076076,0.04630445479437665,0.9645978426536801,0.043708060821750896,698.005754999991
48,48,48,48,2298,2298,2298,1,-0.039243803372644714,0.039243803372644714,0.0071364855514424105,0.11735523990927785,0.2788292029614708,0,898,0.041439187790185114,0.9470215384370931,898,0.041439187790185114,0.9470215384371006,898,0.041439187790185114,0.9470215384370931,False,0,4026,-364.89881768813893,-364.8987647061848,True,False,accepted,L-BFGS-B,True,2.78714366132716e-07,8.334714878924887e-07,3.3540180039928124e-07,0.0019979119648496635,29.617958926678813,1.109138822452671e-14,-4.682906352190125e-16,5.2981954127062636e-05,0.0019979119647359767,0.001997842246453274,6.971828270252445e-08,0.0019979119647359767,3.995833929471954e-05,False,0,none,True,11.691289599984884,0.45846190000884235,0.38526809995914846,ok,0.012958403545324449,0.025916807088782596,0.21785585347346556,0.0476119788690892,0.21785740425306105,0.047608499904147915,0.96212995011662,0.043596235154782136,710.3890229999961
49,49,49,49,2047,2047,2047,1,0.036132228801077027,0.036132228801077027,0.3378406043194941,0.019395446172825074,0.031089858413298987,0,2381,0.03631516167060524,0.994962631002789,2381,0.03631516167060524,0.9949626310028526,2381,0.03631516167060524,0.994962631002789,False,0,4025,-364.9451366785794,-364.9450824404656,True,False,accepted,L-BFGS-B,True,1.9724655814005132e-07,1.0588008109572768e-07,1.863924131704413e-06,0.0463189904404544,31.238441767506316,1.1358286612140646e-14,-4.682906352190125e-16,5.4238113762039575e-05,0.0463189904404544,0.04631773428081942,1.2561596349769388e-06,0.0463189904404544,0.0009263799088090881,False,0,none,True,11.815674699988449,0.4958362000179477,0.33895036567832904,ok,0.009876700066509553,0.01975340013159664,0.21565101646020357,0.04713011596932552,0.21565157521491526,0.04712645885573285,0.9030826509196206,0.040920671484058514,722.9363979999907
50,50,50,50,2577,2577,2577,1,-0.051002995055900335,0.051002995055900335,0.04622020924332542,0.04667568128329052,0.11300911368727695,0,6842,0.05141771128406704,0.9919343701263651,6842,0.05141771128406704,0.9919343701266066,6842,0.05141771128406704,0.9919343701263651,False,0,4024,-364.9610020389962,-364.96095094203224,True,False,accepted,L-BFGS-B,True,7.835147955246542e-07,7.170381857349073e-07,1.093709999428571e-06,0.015865360416796648,31.238441767506316,1.1308642011102071e-14,-4.682906352190125e-16,5.109696394356433e-05,0.015865360416796648,0.015868501566615123,-3.1411498184752418e-06,0.015868501566615123,0.00031737013133230243,False,0,none,True,11.894513800012646,0.5328578999906313,0.3230818641117139,ok,0.009559867254818,0.019119734508259163,0.20852988616812754,0.045573806604281765,0.20853041281537235,0.04557026726987218,0.8822356973319423,0.03997604992773019,735.601550899999
51,51,51,51,1069,1069,1069,1,0.054568770407031376,0.054568770407031376,0.5285122295161224,0.032049522596036904,0.04673815515033693,0,5206,0.05468499237430393,0.9978747008598439,5206,0.05468499237430393,0.9978747008598654,5206,0.05468499237430393,0.9978747008598439,False,0,4023,-365.00154345107273,-365.00149385306827,True,False,accepted,L-BFGS-B,True,5.829030328810231e-07,3.4235227499182527e-07,1.7036410380796845e-06,0.04054141207666362,31.238441767506316,1.3197776205231548e-14,-4.682906352190125e-16,4.9598004466133716e-05,0.04054141207654993,0.04054291103602736,-1.498959477430617e-06,0.04054291103602736,0.0008108583207205473,False,0,none,True,11.639533000008669,0.5278168999939226,0.28253895307568655,ok,0.009823905621159167,0.01964781124090347,0.20224163139060525,0.04419952058525907,0.20224224139938987,0.04419610966764847,0.8267026831135479,0.03745972627890757,748.0458456999913
52,52,51,51,2759,2759,,1,-0.05599757607933287,0.05599757607933287,0.004092572516942168,0.11480084950035943,0.4007915787537062,0,4070,0.0556319348045737,1.0065725068891385,4070,0.0556319348045737,1.00657250688911,4070,0.0556319348045737,1.0065725068891385,False,0,4022,-365.00154345107273,-365.00149385306827,False,True,projected_residual,L-BFGS-B>Newton-CG>trust-krylov,False,7.137004903245087e-07,1.4631596836575504e-06,4.887803142719375e-07,0.005801125959010278,31.238441767506316,1.3088434416136385e-14,-4.682906352190125e-16,4.9598004466133716e-05,,,,,,False,0,none,False,11.643694700003834,3.3700187999929767,,,,,,,,,,,763.1392623000138
53,53,52,52,2056,2056,2056,1,-0.05191118631919278,0.05191118631919278,0.007994178446850141,0.0907310740368615,0.30057006580385415,0,4070,0.0556319348045737,0.9331184777511096,4070,0.0556319348045737,0.9331184777511369,4070,0.0556319348045737,0.9331184777511096,False,0,4021,-365.00860158158144,-365.0085527943113,True,False,accepted,L-BFGS-B>Newton-CG,True,9.82616838546341e-13,1.7174303828934777e-12,5.731436212691521e-07,0.007058130508710292,31.238441767506316,1.2842157892656303e-14,-4.682906352190125e-16,4.878727014556716e-05,0.007058130508710292,0.0070589412430308585,-8.107343205665529e-07,0.0070589412430308585,0.00014117892486061718,False,0,none,True,11.760842999996385,1.4062421999988146,0.2754800118326557,ok,0.009694108033591792,0.019388216065787413,0.18944482849730127,0.04140280386072039,0.18944553074153445,0.041399637359458105,0.8166063378571591,0.03700223855394064,776.5492345000093
54,54,53,53,2630,2630,2630,1,0.03061435026138848,0.03061435026138848,0.06956160457989939,0.04310885857333959,0.08449549001004009,0,8026,0.03399124700139026,0.9006539318824148,8026,0.03399124700139026,0.9006539318828731,8026,0.03399124700139026,0.9006539318824148,False,0,4020,-365.0148853877381,-365.0148365933466,True,False,accepted,L-BFGS-B>Newton-CG,True,9.022839722850945e-13,1.2705294027851394e-12,7.111637870852805e-07,0.006283806156602623,31.238441767506316,1.3431801244162545e-14,-4.682906352190125e-16,4.8794391489082045e-05,0.006283806156659466,0.006283799035315951,7.121343514882028e-09,0.006283806156659466,0.00012567622313318933,False,0,none,True,11.842058199981693,1.899596199975349,0.26919621279733974,ok,0.009596319868494955,0.019192639735607826,0.1919017696863665,0.04193976364450062,0.19190241000038438,0.041936540552445715,0.80695725501598,0.036565017277832325,790.5450139000022
55,55,54,54,3098,3098,3098,1,0.02914877201916305,0.02914877201916305,0.0055930055259646215,0.08219974301340909,0.2938006395990786,0,6468,0.029776028906125372,0.9789341658372287,6468,0.029776028906125372,0.9789341658372342,6468,0.029776028906125372,0.9789341658372287,False,0,4019,-365.0188340261189,-365.0187868182393,True,False,accepted,L-BFGS-B>Newton-CG,True,9.151202819542706e-13,2.5806456599145988e-12,3.5560904074081777e-07,0.003948638380848024,31.238441767506316,1.2969009546837107e-14,-4.682906352190125e-16,4.7207879617872095e-05,0.003948638380791181,0.003950224892662391,-1.5865118712099502e-06,0.003950224892662391,7.90045978532478e-05,False,0,none,True,11.87664329999825,1.4380182000168134,0.26524598790467735,ok,0.00958183708661591,0.01916367417185182,0.18352684541216807,0.04010944000978623,0.18352756045048196,0.04010638001527783,0.80112152048057,0.03630058724415987,804.1090273000009
56,56,55,55,2226,2226,2226,1,-0.026089526723847456,0.026089526723847456,0.11123699002614329,0.020644721456483103,0.04078469359448789,0,4322,0.026300930841091596,0.9919621051239049,4322,0.026300930841091596,0.9919621051214026,4322,0.026300930841091596,0.9919621051239049,False,0,4018,-365.0448009507232,-365.0447586490539,True,False,accepted,L-BFGS-B,True,3.616687841534356e-07,2.8618960349127084e-07,1.2647383739359597e-06,0.025966924604233554,31.238441767506316,1.3320941572025902e-14,-4.682906352190125e-16,4.2301669282096555e-05,0.025966924604290398,0.025971830814626173,-4.9062103357755404e-06,0.025971830814626173,0.0005194367162925235,False,0,none,True,11.918559900019318,0.5716970000066794,0.23927415709005118,ok,0.008369123247955601,0.01673824649470586,0.18194620616293447,0.039763994333967705,0.18194671904816143,0.03976091786305542,0.7604083643358169,0.03445578412898309,816.8582302000141
57,57,56,56,2118,2118,2118,1,-0.05110378286969364,0.05110378286969364,0.008786213885947863,0.08934813004396783,0.30238564786624855,0,1874,0.050489530454279334,1.0121659363810194,1874,0.050489530454279334,1.01216593638099,1874,0.050489530454279334,1.0121659363810194,False,0,4017,-365.0519529603099,-365.0519112652657,True,False,accepted,L-BFGS-B>Newton-CG,True,5.189968859303568e-10,9.07396459967032e-10,5.729626522999805e-07,0.007152009586718577,31.238441767506316,1.3427247595038105e-14,-4.682906352190125e-16,4.169504421724923e-05,0.007152009586718577,0.007152616211783425,-6.066250648473215e-07,0.007152616211783425,0.0001430524242356685,False,0,none,True,11.72587999998359,6.869522900000447,0.23212154087826775,ok,0.00844992251838154,0.0168998450355461,0.17909244136008765,0.03914030951061251,0.17909302766338653,0.03913729909515387,0.7497601234128767,0.03397328879121192,835.7028919000004
58,58,57,57,3718,3718,3718,1,-0.02641621449458853,0.02641621449458853,0.11295954463794569,0.018403888569950375,0.03564918592625202,0,1922,0.026432267110538612,0.9993926886451718,1922,0.026432267110538612,0.9993926886461346,1922,0.026432267110538612,0.9993926886451718,False,0,4016,-365.08666457597997,-365.08662456990413,True,False,accepted,L-BFGS-B,True,4.43589751184081e-07,3.090441430111418e-07,1.4363604855992646e-06,0.03471161567017589,32.92149447230831,1.2532943433063437e-14,-4.682906352190125e-16,4.000607583520832e-05,0.0347116156700622,0.03471330463844424,-1.6889683820409118e-06,0.03471330463844424,0.0006942661927688849,False,0,none,True,11.823425899987342,0.7344628999999259,0.1974082362398235,ok,0.006701139203499894,0.013402278406034673,0.182131426410181,0.039804473863699986,0.18213165176820742,0.03980133131337982,0.6901856033181994,0.03127383557601367,848.5077663999982
59,59,58,58,3206,3206,3206,1,-0.031158472935746362,0.031158472935746362,0.016322756396096375,0.05277896675443604,0.15801268118872755,0,1230,0.03141507086737775,0.9918320116890824,1230,0.03141507086737775,0.9918320116891758,1230,0.03141507086737775,0.9918320116890824,False,0,4015,-365.0934797338458,-365.09344284390863,True,False,accepted,L-BFGS-B>Newton-CG,True,1.0030974045674318e-12,1.6991349207452784e-12,5.913577122218469e-07,0.006815157865844412,32.92149447230831,1.2982223260814274e-14,-4.682906352190125e-16,3.6889937177875254e-05,0.006815157865844412,0.006818274004501745,-3.1161386573330674e-06,0.006818274004501745,0.00013636558009003493,False,0,none,True,11.781639699998777,1.857194599986542,0.19058996223532176,ok,0.006505297704904314,0.013010595408871718,0.16976480706565633,0.037101772928536475,0.1697650625362153,0.03709885367997314,0.6785961031664258,0.03074868970161088,862.4103021000046
60,60,59,59,2878,2878,2878,1,-0.02507003506969896,0.02507003506969896,0.33203244785502734,0.02072783243065266,0.03220804821570791,0,3134,0.02732088186526386,0.9176144164502005,3134,0.02732088186526386,0.9176144164501587,3134,0.02732088186526386,0.9176144164502005,False,0,4014,-365.1144527506153,-365.1144166049121,True,False,accepted,L-BFGS-B,True,7.806228996490455e-07,6.454167539215439e-07,1.2104865757760251e-06,0.02097301676957386,32.92149447230831,1.249614832183471e-14,-4.682906352190125e-16,3.6145703234069515e-05,0.020973016769517017,0.020973761003460822,-7.442339438057388e-07,0.020973761003460822,0.00041947532006921646,False,0,none,True,11.696143600012874,0.6458343999984208,0.16961620123186094,ok,0.006112918886656574,0.01222583777243275,0.16398866653160155,0.03583940849504742,0.16398887632529976,0.035836580489802934,0.638583864605397,0.028935646711768997,875.043711300008
61,61,60,60,3935,3935,3935,1,0.023234603472492676,0.023234603472492676,0.0038532361102761466,0.08727747742758937,0.33188765337251597,0,3134,0.030581171503318693,0.7597682603484055,3134,0.030581171503318693,0.7597682603483957,3134,0.030581171503318693,0.7597682603484055,False,0,4013,-365.11726623861335,-365.117232204013,True,False,accepted,L-BFGS-B>Newton-CG,True,8.738354509145265e-13,3.2824343528558066e-12,2.672156670869186e-07,0.002813487997912034,32.92149447230831,1.2088935538376311e-14,-4.682906352190125e-16,3.403460033268857e-05,0.002813487998025721,0.002815599100927102,-2.1111029013809457e-06,0.002815599100927102,5.631208201854204e-05,False,0,none,True,11.722986800014041,2.6851814000110608,0.16680060213093384,ok,0.006043687161028202,0.012087374321185977,0.1463022180360588,0.031974069103826615,0.1463024966236878,0.031971566081796715,0.6332652597088706,0.028694648965325045,889.7410507999884
62,62,61,61,831,831,831,1,0.024840437022475903,0.024840437022475903,0.0014083759129892462,0.1096553104842993,0.43312829622048094,0,3134,0.034464932667977545,0.7207452648110332,3134,0.034464932667977545,0.720745264811027,3134,0.034464932667977545,0.7207452648110332,False,0,4012,-365.1184912806816,-365.11845649721016,True,False,accepted,L-BFGS-B>Newton-CG,True,7.795621469660187e-13,3.441289265157225e-12,2.2753200207812294e-07,0.001225042068313087,32.92149447230831,1.2534325790833356e-14,-4.682906352190125e-16,3.4783471448918135e-05,0.0012250420682562435,0.001224293197140014,7.488711162295658e-07,0.0012250420682562435,2.450094136512487e-05,False,0,none,True,11.995508499996504,3.4421241999953054,0.16557630893379383,ok,0.006012953617627043,0.012025907234388084,0.14594262333315963,0.03189548037130969,0.145942900845306,0.03189298341604194,0.6311703704301055,0.028599724900640014,905.4560084000113
63,63,62,62,931,931,931,1,-0.02294562583598836,0.02294562583598836,0.06230438684313773,0.021993375636903675,0.04975673075064271,0,7475,0.022902605581799417,1.0018783999940657,7475,0.022902605581799417,1.00187839999344,7475,0.022902605581799417,1.0018783999940657,False,0,4011,-365.13473520502293,-365.13469859894707,True,False,accepted,L-BFGS-B,True,5.454435702901684e-07,5.228075022153165e-07,1.044297137051276e-06,0.016243924341381444,32.92149447230831,1.152135570108015e-14,-4.682906352190125e-16,3.6606075866529864e-05,0.0162439243413246,0.01624210173690699,1.8226044176117284e-06,0.0162439243413246,0.000324878586826492,False,0,none,True,11.683190800016746,0.7341497000015806,0.14933420719688684,ok,0.006133418006552366,0.012266836012221382,0.14174896894949557,0.030978965250344187,0.1417492696837699,0.030976546862340467,0.598815829534045,0.027133669121939125,918.1487809999962
64,64,63,63,2937,2937,2937,1,-0.02115098439210833,0.02115098439210833,0.002323642193135531,0.11179295141662378,0.40850543958475083,0,4685,0.02232186118670624,0.9475457362267254,4685,0.02232186118670624,0.9475457362267204,4685,0.02232186118670624,0.9475457362267254,False,0,4010,-365.1357101695827,-365.13567333961674,True,False,accepted,L-BFGS-B>Newton-CG,True,7.954388150420063e-13,4.204271382296782e-12,1.9019778071211478e-07,0.0009749645597025847,32.92149447230831,1.0922306895727596e-14,-4.682906352190125e-16,3.682996594989163e-05,0.0009749645597594281,0.0009747406696760663,2.238900833617663e-07,0.0009749645597594281,1.9499391195188562e-05,False,0,none,True,11.701549499994144,17.196907200006535,0.14835946652721077,ok,0.0061097728642905995,0.012219545727701253,0.14118784171018248,0.03085633196858892,0.14118814211208242,0.030853923341535694,0.5970655267051042,0.027054359031121,947.3284320000093
65,65,64,64,2259,2259,2259,1,-0.017832851184399368,0.017832851184399368,0.0019776526981974242,0.12720525549297548,0.47319542900024714,0,1954,0.02478350834551134,0.719545067461329,1954,0.02478350834551134,0.7195450674613108,1954,0.02478350834551134,0.719545067461329,False,0,4009,-365.13616449709616,-365.13612793444247,True,False,accepted,L-BFGS-B>Newton-CG,True,9.126459625119566e-13,6.510084205575282e-12,1.4118957876617943e-07,0.0004543275135233671,32.92149447230831,1.154527591151061e-14,-4.682906352190125e-16,3.656265369045286e-05,0.00045432751346652367,0.00045459482572596244,-2.673122594387678e-07,0.00045459482572596244,9.091996514519248e-06,False,0,none,True,11.658877199981362,2.592730600008508,0.1479048717014848,ok,0.006108921323946487,0.012217842647013151,0.14082582607830332,0.030777214146687434,0.14082612782571613,0.03077481215788389,0.5961667696367756,0.027013634361347315,961.8783122999885
66,66,65,65,1386,1386,1386,1,0.01569751717598572,0.01569751717598572,0.0022882048254748723,0.10987362909075898,0.4353906296346301,0,1954,0.02480007493131263,0.6329624898094965,1954,0.02480007493131263,0.632962489809497,1954,0.02480007493131263,0.6329624898094965,False,0,4008,-365.13674633548135,-365.1367102355234,True,False,accepted,L-BFGS-B>Newton-CG,True,8.466736326340722e-13,5.926230475169053e-12,1.4386883309409592e-07,0.0005818383851305953,32.92149447230831,1.0947799199308161e-14,-4.682906352190125e-16,3.609995792430709e-05,0.0005818383851874387,0.0005823010809535845,-4.626957661457709e-07,0.0005823010809535845,1.164612161907169e-05,False,0,none,True,11.785076799977105,4.677486400003545,0.14732257062053122,ok,0.006079481992774554,0.012158963984673525,0.1387833182088199,0.030330827969904543,0.13878362820867773,0.030328463578842522,0.5950105551102801,0.02696124372494694,978.6328133000061
67,67,66,66,1948,1948,1948,1,-0.014894860445102687,0.014894860445102687,0.08639734015066622,0.02168034003305862,0.04640169768638927,0,1954,0.024839531754665713,0.5996433665584264,1954,0.024839531754665713,0.5996433665580917,1954,0.024839531754665713,0.5996433665584264,False,0,4007,-365.14271319940417,-365.1426769329355,True,False,accepted,L-BFGS-B>Newton-CG,False,3.082115623738742e-09,4.486199450487944e-09,6.880215329823362e-07,0.005966863922878929,32.92149447230831,1.2253571638268235e-14,-4.682906352190125e-16,3.626646866905503e-05,0.0059668639228220854,0.0059666974120773375,1.665107447479386e-07,0.0059668639228220854,0.00011933737845644171,False,0,none,True,11.7032540999935,12.269641399994725,0.14135587320845389,ok,0.005809805696841043,0.011619611392845342,0.13635026190643967,0.029799088182291534,0.13635053909290634,0.02979675925907365,0.5822625559185098,0.026383603697786338,1002.8940828999912
68,68,67,67,1772,1772,1772,1,0.014107881098553321,0.014107881098553321,0.06102068426056341,0.01703263311095735,0.038441140630118165,0,1954,0.024308214797356745,0.5803750384864709,1954,0.024308214797356745,0.5803750384864836,1954,0.024308214797356745,0.5803750384864709,False,0,4006,-365.15187352504205,-365.15183721165863,True,False,accepted,L-BFGS-B>Newton-CG,True,6.910763459011936e-13,8.343456962121537e-13,8.2928538462967e-07,0.009160325638049471,35.57192313587882,1.1516029557907814e-14,-4.682906352190125e-16,3.631338341847368e-05,0.009160325637878941,0.009160278723129522,4.691474941864726e-08,0.009160325637878941,0.00018320661275757883,False,0,none,True,11.826557599997614,3.365283899998758,0.13219559448532436,ok,0.005795710308057644,0.011591420615280576,0.13083920652068792,0.028594657599457774,0.13083953670912332,0.028592436838361587,0.5639803841936637,0.02555519807798426,1018.384130099992
69,69,68,68,2517,2517,2517,1,-0.014168506212652199,0.014168506212652199,0.017422809872586407,0.05720346224805471,0.16133315879333612,0,8034,0.014612189772426835,0.9696360664154619,8034,0.014612189772426835,0.9696360664152764,8034,0.014612189772426835,0.9696360664154619,False,0,4005,-365.15290355777694,-365.1528671639599,True,False,accepted,L-BFGS-B>Newton-CG,True,6.731354706949715e-13,2.7176950701627754e-12,2.4868616541467043e-07,0.0010300327349455074,35.57192313587882,1.1002917327251893e-14,-4.682906352190125e-16,3.639381702669198e-05,0.001030032734888664,0.0010299523012804457,8.043360821829992e-08,0.001030032734888664,2.060075469777328e-05,False,0,none,True,11.67838650001795,2.754391399997985,0.13116564218404392,ok,0.005753800795248647,0.011507601589668617,0.13011044861460455,0.028435388957041657,0.13011077751240663,0.028433180685163637,0.5619292066584479,0.025462254689039104,1033.1124035000103
70,70,69,69,500,500,500,1,0.013921202547821143,0.013921202547821143,0.00426441336521986,0.07751419961206388,0.29046507453401366,0,5924,0.01399336340678843,0.9948432083931816,5924,0.01399336340678843,0.9948432083931917,5924,0.01399336340678843,0.9948432083931816,False,0,4004,-365.15397288351414,-365.15393521199337,True,False,accepted,L-BFGS-B>Newton-CG,True,7.275617421674452e-10,4.05111310741573e-09,1.8059551433792686e-07,0.0010693257371485743,35.57192313587882,1.1137588789601749e-14,-4.682906352190125e-16,3.767152077216451e-05,0.0010693257372054177,0.0010680480334599451,1.277703745472536e-06,0.0010693257372054177,2.1386614744108355e-05,False,0,none,True,11.74652079999214,3.487354700017022,0.13009759415058397,ok,0.005763555793952724,0.011527111587075365,0.12657287820378588,0.02766225972979173,0.12657323941033358,0.02766012051320899,0.5594640121268142,0.025350551274661074,1048.654158499994
71,71,70,70,2613,2613,2613,1,0.01263554723123489,0.01263554723123489,0.003185273413048872,0.08538197491565408,0.35272216200928147,0,2133,0.013007824268280534,0.9713805299512356,2133,0.013007824268280534,0.9713805299512233,2133,0.013007824268280534,0.9713805299512356,False,0,4003,-365.1548916112442,-365.154853908987,True,False,accepted,L-BFGS-B>Newton-CG,True,8.809284698924465e-13,5.95268344293197e-12,1.4898846240319284e-07,0.0009187277301521135,35.57192313587882,1.2314774850905041e-14,-4.682906352190125e-16,3.770225720245435e-05,0.0009187277300384267,0.0009186969936081368,3.073643028983497e-08,0.0009187277300384267,1.8374654600768533e-05,False,0,none,True,11.771546400006628,3.5649092000094242,0.12917889715697584,ok,0.005762535933426849,0.011525071866023763,0.11883287160841016,0.02597069613583705,0.11883330929888941,0.025968709274595447,0.5574248125483457,0.02525815063341748,1064.293655299989
72,72,71,71,2402,2402,2402,1,0.010979537985453147,0.010979537985453147,0.009021634733532995,0.046589152475945354,0.12770105180253466,0,3134,0.01518928128046614,0.7228477623607612,3134,0.01518928128046614,0.7228477623607023,3134,0.01518928128046614,0.7228477623607612,False,0,4002,-365.15592521369723,-365.1558852333996,True,False,accepted,L-BFGS-B>Newton-CG,True,7.50857674073418e-13,3.1860924122213944e-12,2.3666726162531742e-07,0.001033602453048843,35.57192313587882,1.1418952805888893e-14,-4.682906352190125e-16,3.998029762897204e-05,0.001033602453048843,0.0010313244126223253,2.2780404265176912e-06,0.001033602453048843,2.067214906097686e-05,False,0,none,True,11.675617900007637,2.5250928000023123,0.1281475727443535,ok,0.0057219206262403765,0.011443841251656667,0.11688767644016593,0.02554557746323742,0.11688812787687586,0.02554362769492184,0.555260609352853,0.02516008580192357,1078.8132657000097
73,73,72,72,2411,2411,2411,1,0.010727083997188913,0.010727083997188913,0.291734826983965,0.009663909195647578,0.01600001807171718,0,924,0.010926958576216521,0.9817081232958408,924,0.010926958576216521,0.9817081232970735,924,0.010926958576216521,0.9817081232958408,False,0,4001,-365.17290324428484,-365.17286609032243,True,False,accepted,L-BFGS-B,True,9.664586092244935e-07,8.706716795820153e-07,1.1110149825574465e-06,0.01697803058766567,62.69548932614936,8.612851236248012e-15,-4.682906352190125e-16,3.7153962409774977e-05,0.016978030587608828,0.016980856922828025,-2.8263352191970625e-06,0.016980856922828025,0.0003396172384565605,False,0,none,True,11.776034200011054,1.0152641999884509,0.11116671582152549,ok,0.004986360846396232,0.009972721692074317,0.10826898930979613,0.02366197992391109,0.10826928799836158,0.023660147815332908,0.5153229104747332,0.023350420369909582,1091.92068499999
74,74,73,73,1166,1166,1166,1,-0.015204122892961358,0.015204122892961358,0.04107187100033194,0.02772843286632278,0.06880351516749435,0,2761,0.014647202764600964,1.0380222857094834,2761,0.014647202764600964,1.0380222857089543,2761,0.014647202764600964,1.0380222857094834,False,0,4000,-365.1769929979994,-365.17695714565986,True,False,accepted,L-BFGS-B,True,4.592366409078643e-07,8.375232816460994e-07,5.493270148684864e-07,0.00408975371459519,62.69548932614936,9.444822243634236e-15,-4.682906352190125e-16,3.585233952208e-05,0.004089753714538347,0.004091055337426042,-1.3016228876949754e-06,0.004091055337426042,8.182120674852083e-05,False,0,none,True,11.741198400006397,0.9449474999855738,0.10707566048409944,ok,0.004958128658065312,0.009916257315416541,0.10701358885954103,0.023387614563711707,0.10701388188743773,0.02338580321861606,0.5047864280359391,0.022872989056135155,1104.9075823999883
75,75,74,74,378,378,378,1,-0.014966716828596738,0.014966716828596738,0.03693100886192969,0.025071155526440906,0.0634751874786794,0,924,0.014997339964979645,0.9979580954719693,924,0.014997339964979645,0.9979580954737092,924,0.014997339964979645,0.9979580954719693,False,0,3999,-365.1814860340424,-365.1814497986556,True,False,accepted,L-BFGS-B,True,4.14931469817904e-07,6.950647066023199e-07,5.97968118042147e-07,0.004493036043015763,62.69548932614936,9.509544031133937e-15,-4.682906352190125e-16,3.623538680130878e-05,0.004493036043015763,0.004492652995736535,3.8304727922877646e-07,0.004493036043015763,8.986082086031526e-05,False,0,none,True,11.867503799992846,0.9824338000034913,0.10258300748836291,ok,0.004863176458512673,0.009726352916324938,0.10590992519482575,0.023146410986919105,0.1059101996570807,0.02314461492603397,0.49353765455390236,0.02236328226043016,1118.0784501000016
76,76,75,75,858,858,858,1,-0.014730659281522285,0.014730659281522285,0.005492345327290071,0.07199913340201004,0.2668463939896029,0,57,0.01479741287280311,0.9954888336322956,57,0.01479741287280311,0.9954888336322834,57,0.01479741287280311,0.9954888336322956,False,0,3998,-365.1825952457199,-365.1825593557922,True,False,accepted,L-BFGS-B>Newton-CG,True,6.887276632921373e-13,3.3662998183512654e-12,2.055948669032873e-07,0.0011092116775444083,62.69548932614936,8.35945455381331e-15,-4.682906352190125e-16,3.588992768754906e-05,0.0011092116774875649,0.0011095571366013246,-3.454591137597163e-07,0.0011095571366013246,2.2191242732026493e-05,False,0,none,True,11.627359500009334,2.1512328000098933,0.10147345035176158,ok,0.004848904472792781,0.00969780894488721,0.10534305415435032,0.023022522408438002,0.10534332629539803,0.023020735774540984,0.4909191582762139,0.022244632405012822,1132.1778213999933
77,77,76,76,1340,1340,1340,1,0.00996655172321334,0.00996655172321334,0.05528946737279459,0.021753084355933452,0.04153451604478775,0,3134,0.015156056894336587,0.6575952962368183,3134,0.015156056894336587,0.6575952962367927,3134,0.015156056894336587,0.6575952962368183,False,0,3997,-365.1851438521003,-365.18510481731045,True,False,accepted,L-BFGS-B,True,4.4287266312760866e-07,9.666178100000832e-07,4.5916729067672624e-07,0.002548606380344154,62.69548932614936,8.769684468629829e-15,-4.682906352190125e-16,3.9034789836023265e-05,0.0025486063804009973,0.002545461518252523,3.1448621484742034e-06,0.0025486063804009973,5.097222760801995e-05,False,0,none,True,11.454574799980037,1.0267111000139266,0.09892798883350906,ok,0.004824752733457699,0.009649505466220525,0.10410975662228887,0.022752987598610358,0.10411003504576945,0.022751223950781597,0.4848993700253965,0.02197186249058201,1145.001493399992
78,78,77,77,2820,2820,2820,1,-0.009220827417366184,0.009220827417366184,0.021960510352015874,0.026095582256857163,0.07357480764141916,0,3134,0.010102359902634531,0.9127399445511283,3134,0.010102359902634531,0.9127399445505273,3134,0.010102359902634531,0.9127399445511283,False,0,3996,-365.1870164664806,-365.18697640585447,True,False,accepted,L-BFGS-B>Newton-CG,True,5.034775539349364e-10,1.4248728354873214e-09,3.543491139668908e-07,0.0018726143803746709,62.69548932614936,8.330697785254026e-15,-4.682906352190125e-16,4.0060626133708865e-05,0.0018726143803178275,0.0018715885440201419,1.0258362976856006e-06,0.0018726143803178275,3.745238760635655e-05,False,0,none,True,11.703498900023988,8.938581099995645,0.09705640028948892,ok,0.00477358581706149,0.009547171633435476,0.10215621791259427,0.022326045461031962,0.10215650101267029,0.022324317070354812,0.4806355196572458,0.021778658003711843,1165.966731499997
79,79,78,78,3002,3002,3002,1,-0.009307825514092372,0.009307825514092372,0.03276741040789627,0.02017544208051284,0.050239635200654525,0,1587,0.0092334484205823,1.008055180483196,1587,0.0092334484205823,1.0080551804848492,1587,0.0092334484205823,1.008055180483196,False,0,3995,-365.18974710250103,-365.18970600617854,True,False,accepted,L-BFGS-B>Newton-CG,True,7.210103682617821e-13,1.5628465339943803e-12,4.623443179344023e-07,0.002730636020487509,62.69548932614936,8.810646981959047e-15,-4.682906352190125e-16,4.109632249083006e-05,0.0027306360204306657,0.0027296003240735445,1.0356963571211963e-06,0.0027306360204306657,5.4612820408613317e-05,False,0,none,True,11.571675000013784,2.4350628000102006,0.09432679996541538,ok,0.004771195231324983,0.009542390461962806,0.10068157114244403,0.02200376423819433,0.10068185786804455,0.022002062482541874,0.47374557083895596,0.02146645919018341,1180.319315300003
80,80,79,79,3129,3129,3129,1,-0.008706714529403747,0.008706714529403747,0.09377944939795711,0.02016984689340684,0.04236453176273271,0,3134,0.009621481614380626,0.9049245093801735,3134,0.009621481614380626,0.9049245093805001,3134,0.009621481614380626,0.9049245093801735,False,0,3994,-365.19232696858506,-365.19228702254753,True,False,accepted,L-BFGS-B,True,2.8304605244408297e-07,6.557003244163992e-07,4.32669837430698e-07,0.0025798660839768672,62.69548932614936,8.794099346301487e-15,-4.682906352190125e-16,3.994603753199044e-05,0.0025798660840337106,0.0025810163689925503,-1.1502849588396202e-06,0.0025810163689925503,5.162042737985101e-05,False,0,none,True,11.840141600026982,1.0508581000030972,0.09174578359642283,ok,0.004618099178868465,0.00923619835707182,0.10013450129600845,0.0218842031726865,0.10013475544146262,0.021882503884509425,0.4670097824026081,0.021161245724384648,1193.551646900014
81,81,80,80,3079,3079,3079,1,0.010781940165415949,0.010781940165415949,0.0004443309494709567,0.11580838245282077,0.4553779051091467,0,3134,0.01191301168177763,0.9050557871867287,3134,0.01191301168177763,0.9050557871867184,3134,0.01191301168177763,0.9050557871867287,False,0,3993,-365.1925509137275,-365.1925121431395,True,False,accepted,L-BFGS-B>Newton-CG,True,1.0736031505751312e-12,1.1531506531778906e-11,9.410172505357043e-08,0.00022394514246570907,62.69548932614936,9.607889638507845e-15,-4.682906352190125e-16,3.877058799162114e-05,0.00022394514240886565,0.00022512059194923495,-1.1754495403693e-06,0.00022512059194923495,4.502511838984699e-06,False,0,none,True,11.803549400006887,4.881156499992358,0.09152066300447359,ok,0.004607016352166387,0.009214032703669259,0.09992292261220106,0.02183796305720659,0.09992317647910795,0.0218362674160106,0.4665340345839461,0.021139688538918955,1210.5817862999975
82,82,81,81,3348,3348,3348,1,0.009825075958765972,0.009825075958765972,0.0010413134567015473,0.09401220186410515,0.36947184918069664,0,3134,0.012017787604970147,0.8175444833708541,3134,0.012017787604970147,0.8175444833708442,3134,0.012017787604970147,0.8175444833708541,False,0,3992,-365.19279178297984,-365.19275328533706,True,False,accepted,L-BFGS-B>Newton-CG,True,1.0082203186182989e-12,9.647254893049669e-12,1.0550851872325541e-07,0.00024086925236588286,62.69548932614936,7.869515450528372e-15,-4.682906352190125e-16,3.849764277674694e-05,0.00024086925236588286,0.00024114219758075706,-2.7294521487419843e-07,0.00024114219758075706,4.8229439516151415e-06,False,0,none,True,11.697216500004288,3.375202299997909,0.09127952080689283,ok,0.004608132566709851,0.009216265132756026,0.09982708490172908,0.021817017909426063,0.0998273382877579,0.021815323842670296,0.4658961277554476,0.02111078357021001,1225.9980708000076
83,83,82,82,2349,2349,2349,1,-0.007153219322812765,0.007153219322812765,0.0154892364507484,0.019170264576508073,0.0573317905933794,0,3134,0.012024478403517221,0.5948881176185082,3134,0.012024478403517221,0.5948881176186098,3134,0.012024478403517221,0.5948881176185082,False,0,3991,-365.19457176519114,-365.1945330174571,True,False,accepted,L-BFGS-B>Newton-CG,True,9.676878368449455e-10,2.593354267865578e-09,3.7414139793225656e-07,0.0017799822113602204,62.69548932614936,9.139404185710964e-15,-4.682906352190125e-16,3.8747734038224735e-05,0.001779982211303377,0.0017797321200418992,2.500912614777917e-07,0.001779982211303377,3.559974422606754e-05,False,0,none,True,11.813713200011989,3.5888262999942526,0.08949978868685093,ok,0.004590308751134869,0.00918061750160863,0.0999849131169088,0.0218515109630956,0.09998515542108147,0.021849811708724094,0.4611916767081206,0.020897614492468932,1241.7461174000055
84,84,83,83,3414,3414,3414,1,0.00707319343813495,0.00707319343813495,0.28907701354123216,0.005846240363721691,0.009303471450649992,0,3134,0.01213127503020304,0.583054412708057,3134,0.01213127503020304,0.5830544127000722,3134,0.01213127503020304,0.583054412708057,False,0,3990,-365.2165845994429,-365.2165451527866,True,False,accepted,L-BFGS-B,True,5.271166220830751e-07,4.3568022098364104e-07,1.2108704432645506e-06,0.022012834251825097,103.63643609050938,8.467224249758369e-15,-4.682906352190125e-16,3.944665633071054e-05,0.022012834251768254,0.022012135329475768,6.989222924858041e-07,0.022012834251768254,0.0004402567850353651,False,0,none,True,11.768007000006037,1.562320400000317,0.06748765335737517,ok,0.0030042679306341935,0.0060085358608357045,0.0878261293779459,0.01919423210084168,0.08782622361477872,0.01919271356822437,0.40002124009331114,0.01812584677142804,1255.430149599997
85,85,84,84,1557,1557,1557,1,0.011034828059375057,0.011034828059375057,0.00710080319290613,0.05308938766407041,0.18257721078434958,0,3134,0.014732487291995713,0.7490132413262202,3134,0.014732487291995713,0.7490132413262282,3134,0.014732487291995713,0.7490132413262202,False,0,3989,-365.21745627253347,-365.21741720800617,True,False,accepted,L-BFGS-B>Newton-CG,True,7.338432870497071e-13,3.5305758879696033e-12,2.0885370725219916e-07,0.0008716730906712655,103.63643609050938,7.4242878283972e-15,-4.682906352190125e-16,3.906452730007004e-05,0.0008716730905575787,0.0008720552195882192,-3.8212903064049897e-07,0.0008720552195882192,1.7441204391764386e-05,False,0,none,True,11.874521399993682,3.6119412999833003,0.06661559813778695,ok,0.0029698475011960207,0.005939695001964317,0.08728530163889867,0.019076035235929486,0.08728539266489496,0.01907452547948816,0.39753168212570705,0.01801303939590255,1271.254097099998
86,86,84,84,1577,1577,,1,0.00814212928803451,0.00814212928803451,0.002635282531483957,0.06582296838511205,0.17683603698270514,0,3134,0.01482183313683006,0.5493334874889749,3134,0.01482183313683006,0.5493334874889411,3134,0.01482183313683006,0.5493334874889749,False,0,3988,-365.21745627253347,-365.21741720800617,False,True,projected_residual,L-BFGS-B>Newton-CG>trust-krylov,False,6.708053416156962e-07,5.422954761803017e-06,1.2469738843122262e-07,0.00032239285843616017,103.63643609050938,8.329003719359518e-15,-4.682906352190125e-16,3.906452730007004e-05,,,,,,False,0,none,False,11.828959400008898,4.2409968999854755,,,,,,,,,,,1287.4443568999995
87,87,85,85,272,272,272,1,-0.007862863594313207,0.007862863594313207,0.05371830646287388,0.023696662192399163,0.051572762658150785,0,3134,0.01482183313683006,0.5304919790774837,3134,0.01482183313683006,0.5304919790764313,3134,0.01482183313683006,0.5304919790774837,False,0,3987,-365.21906051445194,-365.2190220980601,True,False,accepted,L-BFGS-B>Newton-CG,True,1.209813469845838e-12,3.6460687339639314e-12,3.3281312754094837e-07,0.0016042419185851031,103.63643609050938,8.845654853669067e-15,-4.682906352190125e-16,3.8416391817008844e-05,0.0016042419184714163,0.0016048900539544775,-6.481354830611963e-07,0.0016048900539544775,3.209790107908955e-05,False,0,none,True,11.801657999982126,2.5766248000145424,0.06501070808383247,ok,0.0028473185949564224,0.005694637189502767,0.08647896753239104,0.01889981246372317,0.08647904871303846,0.018898314686532604,0.3927917096206675,0.01779826076238027,1302.1783426000038
88,88,86,86,565,565,565,1,-0.005698253151139698,0.005698253151139698,0.007565055870371213,0.03549115887384754,0.11453723325207846,0,3134,0.011605024440897288,0.49101604052279924,3134,0.011605024440897288,0.4910160405227196,3134,0.011605024440897288,0.49101604052279924,True,1,3986,-365.21951669533416,-365.2194781883646,True,False,accepted,L-BFGS-B>Newton-CG,True,8.748903769796164e-13,5.449191628238688e-12,1.6155415861056852e-07,0.0004561808822245439,103.63643609050938,8.283806041294028e-15,-4.682906352190125e-16,3.8506969588070206e-05,0.0004561808822245439,0.00045609030445348253,9.0577771061362e-08,0.0004561808822245439,9.123717644490878e-06,False,0,none,True,11.823240600002464,2.5787033999804407,0.06455461777937899,ok,0.0028446803376930437,0.005689360674976389,0.0856705489557323,0.018723134134563918,0.08567063227119845,0.01872165099118652,0.3915432334786926,0.017741689548206884,1316.9702310000139
89,89,87,87,647,647,647,1,-0.00551647115596321,0.00551647115596321,0.0003461970972872642,0.10666663393372026,0.5597376792006015,0,3134,0.011439380179596677,0.48223514468051415,3134,0.011439380179596677,0.4822351446805199,3134,0.011439380179596677,0.48223514468051415,True,2,3985,-365.2196419739449,-365.21960250153035,True,False,accepted,L-BFGS-B>Newton-CG,True,8.101713456684207e-13,1.5665494826136606e-11,5.27169329574394e-08,0.00012527861065336765,103.63643609050938,7.906025958686821e-15,-4.682906352190125e-16,3.947241452806338e-05,0.00012527861071021107,0.0001243131657702179,9.654449399931764e-07,0.00012527861071021107,2.505672214204221e-06,False,0,none,True,11.700131699995836,2.62128289998509,0.06443030461360877,ok,0.002841484626064355,0.005682969251719472,0.08573972313744498,0.018738252019282087,0.08573980608231255,0.01873676758266105,0.39123521798534905,0.01772773268523064,1331.670477800013
90,90,88,88,2300,2300,2300,1,-0.0049749960117817515,0.0049749960117817515,0.05934075303485473,0.014031921513129247,0.030598174518382964,0,3134,0.015640492546077394,0.31808435681454744,3134,0.015640492546077394,0.3180843568146838,3134,0.015640492546077394,0.31808435681454744,True,3,3984,-365.2211855720414,-365.221145875861,True,False,accepted,L-BFGS-B>Newton-CG,True,7.280130624633767e-10,2.053352832620415e-09,3.5554844919872474e-07,0.0015435980965321505,103.63643609050938,9.225857450505422e-15,-4.682906352190125e-16,3.969618040855494e-05,0.0015435980965321505,0.001543374330651659,2.2376588049155544e-07,0.0015435980965321505,3.087206193064301e-05,False,0,none,True,11.82097940001404,13.876029999984894,0.06288693028295711,ok,0.002779733359666322,0.005559466718932299,0.08475777404802451,0.018523648929438082,0.084757857103069,0.018522181725253647,0.3866368589158952,0.01751937086955934,1357.7236412999919
91,91,89,89,1425,1425,1425,1,-0.0049636358535005976,0.0049636358535005976,0.00262596343364852,0.0456085716626192,0.19724450799796883,0,3134,0.012112434548285936,0.4097967121071474,3134,0.012112434548285936,0.40979671210713464,3134,0.012112434548285936,0.4097967121071474,True,4,3983,-365.22152702650055,-365.2214875271201,True,False,accepted,L-BFGS-B>Newton-CG,True,9.69328358790629e-13,8.906713368116268e-12,1.0983120616192434e-07,0.0003414544592033053,103.63643609050938,8.821228117536148e-15,-4.682906352190125e-16,3.949938047753676e-05,0.0003414544591464619,0.00034165125907748006,-1.9679993101817672e-07,0.00034165125907748006,6.833125181549602e-06,False,0,none,True,11.820758599991677,3.9193468999874312,0.06254527902387963,ok,0.002767189041686882,0.005534378082975226,0.08343901118034124,0.018235435834456346,0.08343909758456704,0.018233992473089117,0.3856386960867521,0.01747414190499295,1373.829991800012
92,92,90,90,1128,1128,1128,1,0.004433820706861269,0.004433820706861269,0.2542297526066694,0.004480218448250069,0.007322639073820108,0,3134,0.00870574890331835,0.5092980231914614,3134,0.00870574890331835,0.509298023177196,3134,0.00870574890331835,0.5092980231914614,False,0,3982,-365.23406497727177,-365.2340308097315,True,False,accepted,L-BFGS-B>Newton-CG,True,7.713307588678025e-13,7.794023539005471e-13,9.9064386623629e-07,0.01253795077138875,135.23526203532592,8.245660759547378e-15,-4.682906352190125e-16,3.4167540263752016e-05,0.01253795077121822,0.012543282611432005,-5.331840213784744e-06,0.012543282611432005,0.00025086575222864007,False,0,none,True,11.684431500005303,3.312594999995781,0.050001996412447625,ok,0.0027145604517144818,0.0054291209030380054,0.07757374490598806,0.016953593141392796,0.0775738470252184,0.016952256001244462,0.34487743255101827,0.01562715893757311,1389.1913885000104
93,93,91,91,4024,4024,4024,1,-0.004834214057349406,0.004834214057349406,0.03293967786215136,0.017377215187818765,0.04410776066662399,0,3134,0.007481803660832576,0.6461294998499673,3134,0.007481803660832576,0.6461294998497759,3134,0.007481803660832576,0.6461294998499673,False,0,3981,-365.23511664841084,-365.2350814837173,True,False,accepted,L-BFGS-B>Newton-CG,True,9.384176999742383e-10,3.3732652537160332e-09,2.7919267961227335e-07,0.0010516711391233002,135.23526203532592,8.755284908526506e-15,-4.682906352190125e-16,3.516469354281071e-05,0.0010516711390664568,0.0010506739857873981,9.971532790586934e-07,0.0010516711390664568,2.1033522781329138e-05,False,0,none,True,11.6648779999814,5.730298000009498,0.048951322426660226,ok,0.0026859505615110368,0.005371901122635236,0.07744239856398466,0.016924887650306416,0.0774425002596475,0.016923552719400395,0.34094035481617596,0.015448761241160024,1406.9585932999908
94,94,91,91,3122,3122,,1,-0.004016523450699694,0.004016523450699694,0.17674212151085594,0.010331872852430337,0.018970836110599482,0,3134,0.0077462390424347365,0.5185127167773604,3134,0.0077462390424347365,0.5185127167842202,3134,0.0077462390424347365,0.5185127167773604,False,0,3980,-365.23511664841084,-365.2350814837173,False,True,projected_residual,L-BFGS-B>Newton-CG>trust-krylov,False,1.1648279019132764e-06,2.9963359972920595e-06,3.8975076191922076e-07,0.0021190046651327066,135.23526203532592,1.0091381126998283e-14,-4.682906352190125e-16,3.516469354281071e-05,,,,,,False,0,none,False,11.689999099995475,13.833204299997305,,,,,,,,,,,1432.635018800007
95,95,92,92,448,448,448,1,-0.003934573580673728,0.003934573580673728,0.1361582630989145,0.01088901014471102,0.02106818279813995,0,3134,0.0077462390424347365,0.5079334060206131,3134,0.0077462390424347365,0.5079334060154075,3134,0.0077462390424347365,0.5079334060206131,False,0,3979,-365.2369814614033,-365.23694526335134,True,False,accepted,L-BFGS-B>Newton-CG,True,9.853767813389112e-13,2.7270497220166023e-12,3.6233436562727707e-07,0.0018648129924940804,135.23526203532592,9.005586532571941e-15,-4.682906352190125e-16,3.619805193011416e-05,0.001864812992437237,0.0018637796340499335,1.0333583873034513e-06,0.001864812992437237,3.729635984874474e-05,False,0,none,True,11.906379599997308,2.995876600005431,0.04708754279261029,ok,0.0025536933279181047,0.00510738665546842,0.07696194884650048,0.01681988628618515,0.07696204493516494,0.01681855854971404,0.3345452541676613,0.015158985092234038,1447.937135199987
96,96,93,93,1797,1797,1797,1,0.005065725500763105,0.005065725500763105,0.0003981309041250348,0.12999714277537824,0.5687413869073289,0,3134,0.010601871846716135,0.47781425525646043,3134,0.010601871846716135,0.4778142552564595,3134,0.010601871846716135,0.47781425525646043,True,1,3978,-365.2370246275143,-365.2369878252866,True,False,accepted,L-BFGS-B>Newton-CG,True,1.0592501058273547e-12,2.7182579715515856e-11,3.996797570036126e-08,4.3166111026948784e-05,135.23526203532592,8.898816335504642e-15,-4.682906352190125e-16,3.680222772572961e-05,4.3166111026948784e-05,4.2561935231333337e-05,6.04175795615447e-07,4.3166111026948784e-05,8.634222205389757e-07,False,0,none,True,11.89740710001206,4.034019299986539,0.04704498085737896,ok,0.00255541258373188,0.005110825167095723,0.07702585410006925,0.016833852656764726,0.07702595019990614,0.016832523802814973,0.3344157480271323,0.015153116882689366,1464.2785058000009
97,97,94,94,2427,2427,2427,1,-0.004135391549745057,0.004135391549745057,0.0010989755834542535,0.06594021830314366,0.3203590290043011,0,3134,0.010382094940659246,0.3983195658854634,3134,0.010382094940659246,0.3983195658854715,3134,0.010382094940659246,0.3983195658854634,True,2,3977,-365.2371689726727,-365.237130984705,True,False,accepted,L-BFGS-B>Newton-CG,False,5.107010772249821e-09,8.143301574910667e-08,6.371425324569101e-08,0.00014434515850325624,135.23526203532592,8.89885699308611e-15,-4.682906352190125e-16,3.79879676870587e-05,0.0001443451583895694,0.00014315941842824031,1.1857399613290909e-06,0.0001443451583895694,2.887003167791388e-06,False,0,none,True,11.720235999993747,17.721619099989766,0.04690182143895072,ok,0.002552626598914389,0.005105253197461143,0.07756052641380183,0.016950704265282203,0.07756062065018546,0.01694936563414105,0.33403181492109824,0.015135720024840446,1494.1479973999958
98,98,95,95,625,625,625,1,-0.003924823612214296,0.003924823612214296,0.021931630773009175,0.021029753879897098,0.04419219364727602,0,3134,0.009454194124731708,0.4151410009603198,3134,0.009454194124731708,0.4151410009603449,3134,0.009454194124731708,0.4151410009603198,True,3,3976,-365.2376544787841,-365.23761291454235,True,False,accepted,L-BFGS-B>Newton-CG,True,8.94942305014403e-13,4.7952259919783095e-12,1.8763193486845178e-07,0.00048550611154496437,135.23526203532592,9.471918827616901e-15,-4.682906352190125e-16,4.156424176926521e-05,0.00048550611143127753,0.000481929837349071,3.5762740822065098e-06,0.00048550611143127753,9.71022222862555e-06,False,0,none,True,11.595109400019282,4.346852699993178,0.04641989160160165,ok,0.0025444178474606422,0.005088835694554831,0.07809575645189565,0.017067677763388963,0.07809584427440455,0.017066328350876323,0.33232988964910887,0.015058602028082813,1510.4818681000033
99,99,96,96,4080,4080,4080,1,-0.005237362386619204,0.005237362386619204,0.004098194443879111,0.03533015298338616,0.11988476275063165,0,937,0.011462118188163803,0.45692796921493045,937,0.011462118188163803,0.4569279692149071,937,0.011462118188163803,0.45692796921493045,True,4,3975,-365.23810749059703,-365.2380650560105,True,False,accepted,L-BFGS-B>Newton-CG,True,9.451964061942944e-13,6.376097578314457e-12,1.4924058047809239e-07,0.0004530118129650873,135.23526203532592,9.058366849581251e-15,-4.682906352190125e-16,4.2434586532635876e-05,0.0004530118129082439,0.0004521414681448732,8.703447633706674e-07,0.0004530118129082439,9.060336258164879e-06,False,0,none,True,11.594497199985199,3.051979999989271,0.045967750133456775,ok,0.00252013703515211,0.005040274069941264,0.07829968096258612,0.01711224507401698,0.07829976120074024,0.017110890430375947,0.3308335297456673,0.01499079865264614,1525.5724871999992
100,100,97,97,335,335,335,1,0.005230530036997499,0.005230530036997499,0.00179963764887339,0.058449842398997254,0.2580747183364804,0,3134,0.009528300797042212,0.5489467795371413,3134,0.009528300797042212,0.5489467795371057,3134,0.009528300797042212,0.5489467795371413,False,0,3974,-365.2383483601278,-365.23830520829694,True,False,accepted,L-BFGS-B>Newton-CG,True,6.879139781671506e-13,7.687263685210862e-12,9.048749598515703e-08,0.00024086953089863528,135.23526203532592,9.246814739686388e-15,-4.682906352190125e-16,4.315183088010599e-05,0.00024086953078494844,0.00024015228643747832,7.17244347470114e-07,0.00024086953078494844,4.8174906156989695e-06,False,0,none,True,11.676941199984867,3.065966299996944,0.0457275978470193,ok,0.0025246501687034907,0.005049300337043375,0.07851733213374469,0.01715981231995879,0.07851741255098849,0.017158453901183646,0.32996233380907913,0.01495132283868485,1540.7407262999914
101,101,98,98,2791,2791,2791,1,0.004107228533207635,0.004107228533207635,0.002262891532790599,0.05183818773548074,0.2287808967455695,0,3134,0.009360769532365558,0.4387703937167331,3134,0.009360769532365558,0.43877039371674154,3134,0.009360769532365558,0.4387703937167331,True,1,3973,-365.23854316884456,-365.2384999935481,True,False,accepted,L-BFGS-B>Newton-CG,False,1.7904690370706933e-09,2.2597883056192027e-08,8.023171531680656e-08,0.00019480871679888878,135.23526203532592,7.92933291726347e-15,-4.682906352190125e-16,4.317529646868934e-05,0.00019480871674204536,0.000194785251153462,2.3465588583349017e-08,0.00019480871674204536,3.896274334840908e-06,False,0,none,True,11.790438399999402,8.342545899999095,0.045532812595865835,ok,0.00252146859410927,0.005042937187855391,0.07772546406342455,0.016986751072211405,0.0777255455880005,0.01698540677266962,0.3293346690717186,0.014922881961768985,1561.2901454000094
102,102,99,99,2294,2294,2294,1,-0.0038103981450365865,0.0038103981450365865,0.0832054864315723,0.010383692064866312,0.021275111065009265,0,3134,0.009242379457155862,0.4122745839099266,3134,0.009242379457155862,0.4122745839102904,3134,0.009242379457155862,0.4122745839099266,True,2,3972,-365.24121998553926,-365.2411752880779,True,False,accepted,L-BFGS-B>Newton-CG,True,9.972623199313899e-13,2.717633445142227e-12,3.679598347466607e-07,0.002676816694815898,135.23526203532592,9.148394593413121e-15,-4.682906352190125e-16,4.469746136237518e-05,0.002676816694702211,0.002675294529808525,1.52216489368584e-06,0.002676816694702211,5.353643389404422e-05,False,0,none,True,11.633056400023634,3.4640497000073083,0.04285751806605731,ok,0.0023313262531380282,0.004662652505940293,0.07061994342029235,0.015433853166000714,0.07062000832931331,0.015432629757543793,0.32053903388459193,0.01452433228570166,1576.7940305999946
103,103,100,100,852,852,852,1,0.0054306169762572964,0.0054306169762572964,0.0034377050590890814,0.041407524241732184,0.13116264209911807,0,3134,0.008509489551570375,0.6381836352634229,3134,0.008509489551570375,0.6381836352635643,3134,0.008509489551570375,0.6381836352634229,False,0,3971,-365.241575943915,-365.24153178092246,True,False,accepted,L-BFGS-B>Newton-CG,True,7.715314835271484e-13,5.882795407370972e-12,1.3215048715793207e-07,0.00035595837573509925,135.23526203532592,9.11309703643514e-15,-4.682906352190125e-16,4.4162992537621903e-05,0.00035595837573509925,0.00035649284455985253,-5.344688247532758e-07,0.00035649284455985253,7.129956891197051e-06,False,0,none,True,11.65727060000063,4.728931899997406,0.04250102522149746,ok,0.0023349960381649788,0.004669992075993666,0.06927895668541362,0.015140783087474909,0.0692790244616133,0.015139583805969426,0.3194600982394213,0.014475443326265323,1593.6041339999938
104,104,100,100,1465,1465,,1,-0.003632466761394948,0.003632466761394948,0.021567173799552215,0.015108559036760201,0.04065219414579843,0,3134,0.0073565734858489955,0.4937715593247742,3134,0.0073565734858489955,0.493771559325296,3134,0.0073565734858489955,0.4937715593247742,True,1,3970,-365.241575943915,-365.24153178092246,False,True,projected_residual,L-BFGS-B>Newton-CG>trust-krylov,False,3.788519324351782e-07,1.5757630182117077e-06,2.414244344210638e-07,0.0006387678214991865,135.23526203532592,9.177295357573438e-15,-4.682906352190125e-16,4.4162992537621903e-05,,,,,,False,0,none,False,11.869498899992323,17.11301679999451,,,,,,,,,,,1622.7250077000062
105,105,101,101,2599,2599,2599,1,-0.003606940343789944,0.003606940343789944,0.16041650255823278,0.004878927609860644,0.008742583567919711,0,3134,0.0073565734858489955,0.4903016806300114,3134,0.0073565734858489955,0.4903016806343793,3134,0.0073565734858489955,0.4903016806300114,True,2,3969,-365.24884712808637,-365.24880445141116,True,False,accepted,L-BFGS-B>Newton-CG,True,1.0167259134122719e-12,1.3752742373868904e-12,7.402895800506789e-07,0.007271184171372624,135.23526203532592,9.279571197822606e-15,-4.682906352190125e-16,4.267667520707619e-05,0.007271184171372624,0.00727267048870317,-1.4863173305457167e-06,0.00727267048870317,0.0001454535097740634,False,0,none,True,11.848224000015762,5.029463000013493,0.03522835473279429,ok,0.0021023611721120855,0.004204722343921384,0.06512063410813597,0.014231989665019018,0.06512069150091108,0.014230860987758281,0.29015722998839094,0.013147665581869491,1640.0255681000126
106,106,102,102,1226,1226,1226,1,0.0034156011903224703,0.0034156011903224703,0.005574565408997508,0.035692453072021756,0.13018306802586255,0,3134,0.008625614717828179,0.3959835098202109,3134,0.008625614717828179,0.3959835098201658,3134,0.008625614717828179,0.3959835098202109,True,3,3968,-365.2490204486107,-365.24897742849987,True,False,accepted,L-BFGS-B>Newton-CG,True,7.814603907560234e-13,8.166128529278454e-12,9.669533322359696e-08,0.0001733205243112934,135.23526203532592,8.454046111164987e-15,-4.682906352190125e-16,4.3020110808811296e-05,0.0001733205243112934,0.0001729770887095583,3.4343560173510923e-07,0.0001733205243112934,3.466510486225868e-06,False,0,none,True,11.696256199997151,4.655397999973502,0.03505537764408473,ok,0.0021016531448504894,0.004203306289398293,0.06530064827044861,0.014271331414875696,0.0653007046385006,0.014270199358988118,0.28940379123247184,0.013113525606106556,1656.8181328999926
107,107,102,102,2071,2071,,1,-0.0035715744291733957,0.0035715744291733957,0.00013440861811718561,0.10262112877764232,0.5853196463205913,0,3134,0.0084707959424266,0.42163386456813395,3134,0.0084707959424266,0.42163386456813506,3134,0.0084707959424266,0.42163386456813395,True,4,3967,-365.2490204486107,-365.24897742849987,False,True,projected_residual,L-BFGS-B>Newton-CG>trust-krylov,False,6.01354801836026e-07,1.7278572737075898e-05,3.580349974426157e-08,5.747620434704004e-05,135.23526203532592,8.772798161743936e-15,-4.682906352190125e-16,4.3020110808811296e-05,,,,,,False,0,none,False,11.601533800014295,5.709502799989423,,,,,,,,,,,1674.271030600008
108,108,103,103,1319,1319,1319,1,-0.0034022176122729952,0.0034022176122729952,0.020427759655187585,0.014207295461364972,0.038682717031950725,0,3134,0.0084707959424266,0.4016408417103687,3134,0.0084707959424266,0.40164084171059466,3134,0.0084707959424266,0.4016408417103687,True,5,3966,-365.24964710077097,-365.24960520438657,True,False,accepted,L-BFGS-B>Newton-CG,False,2.710369225820325e-09,1.1318210881639913e-08,2.404697584418586e-07,0.0006266521603492947,135.23526203532592,9.038678415755272e-15,-4.682906352190125e-16,4.189638440266208e-05,0.0006266521602924513,0.0006277758866986005,-1.123726406149217e-06,0.0006277758866986005,1.2555617733972011e-05,False,0,none,True,11.78316360001918,11.376715699996566,0.03442760175738613,ok,0.002113427793761938,0.004226855587219494,0.06466918902364718,0.014133327207800018,0.06466924965825276,0.0141322071504163,0.28659604493528335,0.012986300413904233,1697.901342600002
109,109,104,104,235,235,235,1,-0.0031385362358866686,0.0031385362358866686,0.014352976649435436,0.028711578401762625,0.08597975557482071,0,3134,0.008764683585095422,0.35808893788520024,3134,0.008764683585095422,0.3580889378854178,3134,0.008764683585095422,0.35808893788520024,True,6,3965,-365.24981315284276,-365.2497717244084,True,False,accepted,L-BFGS-B>Newton-CG,True,6.166786848324091e-13,5.641425217255252e-12,1.103125692681688e-07,0.00016605207184738902,135.23526203532592,9.134820043400424e-15,-4.682906352190125e-16,4.142843437193733e-05,0.0001660520717905456,0.00016652002182127035,-4.6795003072475083e-07,0.00016652002182127035,3.3305004364254066e-06,False,0,none,True,11.717785599990748,7.1443446000048425,0.03426108173556486,ok,0.0021258870392103103,0.004251774078114444,0.0640544741208655,0.013998982444989592,0.06405453714126899,0.013997873681667607,0.28594845862462676,0.01295695684645892,1717.2289586999977
110,110,105,105,3252,3252,3252,1,-0.0030191450667175213,0.0030191450667175213,0.005124510425740749,0.045329933326453554,0.17013635579504027,0,3134,0.005834953712495018,0.5174239960554098,3134,0.005834953712495018,0.5174239960553785,3134,0.005834953712495018,0.5174239960554098,False,0,3964,-365.2499088980377,-365.2498668713529,True,False,accepted,L-BFGS-B>Newton-CG,True,1.0390768064520038e-12,1.560086756919264e-11,6.760378352957051e-08,9.574519492616673e-05,135.23526203532592,8.4068731522665e-15,-4.682906352190125e-16,4.2026684809570725e-05,9.574519492616673e-05,9.514694448853334e-05,5.982504376333964e-07,9.574519492616673e-05,1.9150038985233345e-06,False,0,none,True,11.824148099985905,3.3193871000257786,0.034165934791076324,ok,0.002112508701837023,0.004225017403369797,0.06377427293764197,0.013937745013899142,0.06377433567702892,0.013936641099607096,0.2855805883594579,0.012940287831441967,1732.8274136999971
111,111,106,106,3150,3150,3150,1,-0.002912144478568024,0.002912144478568024,0.06339944217164781,0.013996985910218857,0.031436299087138866,0,3134,0.006930694481645299,0.42018076056884573,3134,0.006930694481645299,0.4201807605714922,3134,0.006930694481645299,0.42018076056884573,True,1,3963,-365.2505736707037,-365.250531358386,True,False,accepted,L-BFGS-B>Newton-CG,True,1.0437801140647025e-12,5.016844341848511e-12,2.0905511252519952e-07,0.0006647726660276021,135.23526203532592,9.586576595489033e-15,-4.682906352190125e-16,4.231231770290833e-05,0.0006647726660276021,0.0006644870331342645,2.856328933376062e-07,0.0006647726660276021,1.3295553320552043e-05,False,0,none,True,11.803993200010154,3.6968174999929033,0.03350144775794206,ok,0.0021266910366603323,0.004253382073014373,0.06248899573868416,0.013656850147582618,0.06248906707958971,0.013655770637077801,0.2826036445246282,0.012805395924740505,1748.7365403999866
112,112,107,107,3173,3173,3173,1,-0.0029108043308567755,0.0029108043308567755,0.12339980819858733,0.015323969518522147,0.02667138059469306,0,3134,0.007885887493023587,0.36911563009640685,3134,0.007885887493023587,0.36911563009771675,3134,0.007885887493023587,0.36911563009640685,True,2,3962,-365.2510294731633,-365.25098784833614,True,False,accepted,L-BFGS-B>Newton-CG,True,9.494221607526903e-13,4.99824605115281e-12,1.9095106504084824e-07,0.0004558024596121868,135.23526203532592,9.625978874129408e-15,-4.682906352190125e-16,4.1624827190389624e-05,0.0004558024596121868,0.0004564899501247055,-6.87490512518707e-07,0.0004564899501247055,9.12989900249411e-06,False,0,none,True,11.823239300021669,5.298531599983107,0.033044957807817354,ok,0.0020947173860987513,0.004189434771895816,0.062100771006155894,0.013572004377010541,0.06210084169998333,0.013570931528619918,0.2807073569706364,0.012719470943281512,1766.3310632999928
113,113,107,107,2256,2256,,1,-0.0030107648699124745,0.0030107648699124745,0.08182644902701505,0.014647556915279065,0.030347600451681563,0,3134,0.008425360350959194,0.35734553117003603,3134,0.008425360350959194,0.3573455311705058,3134,0.008425360350959194,0.35734553117003603,True,3,3961,-365.2510294731633,-365.25098784833614,False,True,projected_residual,L-BFGS-B>Newton-CG>trust-krylov,False,6.43744087934541e-07,3.1318547194559407e-06,2.06547238170221e-07,0.0005780828187766929,135.23526203532592,9.20660777974612e-15,-4.682906352190125e-16,4.1624827190389624e-05,,,,,,False,0,none,False,11.742176500003552,6.4047421000141185,,,,,,,,,,,1784.624135399994
114,114,108,108,2647,2647,2647,1,0.002999397818316596,0.002999397818316596,0.0031407990857896598,0.045495524890230815,0.14985897085400804,0,3134,0.008425360350959194,0.3559963839380622,3134,0.008425360350959194,0.35599638393804645,3134,0.008425360350959194,0.3559963839380622,True,4,3960,-365.25112219545963,-365.25108016709294,True,False,accepted,L-BFGS-B>Newton-CG,True,7.921900067128268e-13,1.2016112016852683e-11,6.692731539134909e-08,9.272229641510421e-05,135.23526203532592,8.75885599943213e-15,-4.682906352190125e-16,4.202836669264798e-05,9.272229630141737e-05,9.231875679915902e-05,4.0353950225835433e-07,9.272229630141737e-05,1.8545459260283476e-06,False,0,none,True,12.24685560000944,15.378981499990914,0.032952639051018195,ok,0.0020950810599950735,0.004190162119688408,0.062075419801889575,0.013566463919948731,0.062075490107021174,0.013565391430888345,0.28036788122752154,0.012704088546834559,1812.693953000009
115,115,109,109,3208,3208,3208,1,-0.0027975020679180673,0.0027975020679180673,0.06978395976107715,0.014258759802011536,0.0291291783903445,0,3134,0.008163522253644393,0.34268321699854437,3134,0.008163522253644393,0.342683216999596,3134,0.008163522253644393,0.34268321699854437,True,5,3959,-365.25163583913013,-365.25159440800184,True,False,accepted,L-BFGS-B>Newton-CG,True,6.24894791556592e-13,3.1850645748881008e-12,1.97195328811676e-07,0.0005136436706152381,135.23526203532592,8.449570389071695e-15,-4.682906352190125e-16,4.143112829524398e-05,0.0005136436705015512,0.0005142409088989552,-5.972383974039985e-07,0.0005142409088989552,1.0284918177979105e-05,False,0,none,True,11.591453100001672,6.915869600023143,0.03243839814211924,ok,0.0020586744596520663,0.004117348919007637,0.06250186277748418,0.013659662214229838,0.06250192962617347,0.01365858149654755,0.278159053494556,0.01260400167889006,1831.6265144000063
116,116,110,110,2353,2353,2353,1,-0.0026382091331933477,0.0026382091331933477,0.017498096594881277,0.014407868334644518,0.04201997474855596,0,3134,0.008198344261397289,0.32179779832076766,3134,0.008198344261397289,0.32179779832100336,3134,0.008198344261397289,0.32179779832076766,True,6,3958,-365.2520890692348,-365.2520467112907,True,False,accepted,L-BFGS-B>Newton-CG,True,1.13411557325839e-12,6.193666624327306e-12,1.8410891464578404e-07,0.0004532301047106557,135.23526203532592,9.216728129399915e-15,-4.682906352190125e-16,4.23579440962385e-05,0.0004532301046538123,0.0004523032888528178,9.268158009945182e-07,0.0004532301046538123,9.064702093076246e-06,False,0,none,True,11.62203800000134,5.222546499979217,0.03198609485326642,ok,0.0020482655754997105,0.004096531150704424,0.06385740487507566,0.013955913339355318,0.0638574647405119,0.013954807340155268,0.2761504307661352,0.012512986542322637,1848.8908298999886
117,117,111,111,946,946,946,1,0.0024660635543156673,0.0024660635543156673,0.3119711055495708,0.004164549234648384,0.006542520909990707,0,3134,0.008160670080727652,0.3021888558072647,3134,0.008160670080727652,0.3021888558053145,3134,0.008160670080727652,0.3021888558072647,True,7,3957,-365.2581737682648,-365.25813517209616,True,False,accepted,L-BFGS-B,True,5.567886741077379e-07,9.402733528938725e-07,5.931561771309518e-07,0.006084699030111551,145.48597739792467,8.507863196501736e-15,-4.682906352190125e-16,3.85961686220071e-05,0.006084699029997864,0.006088460805472096,-3.761775474231399e-06,0.006088460805472096,0.0001217693161094419,False,0,none,True,11.699573499994585,1.7775569999939762,0.025897634047794327,ok,0.0017089920440038434,0.0034179840877615534,0.05649254147242084,0.012346336570541811,0.056492600216194,0.012345359393218552,0.24859975120171335,0.01126460434112518,1862.7974193000118
118,118,112,112,609,609,609,1,-0.003476141491921325,0.003476141491921325,0.15943608933307485,0.015605856241075942,0.028510619315793045,0,3134,0.010159238373034193,0.34216556047627505,3134,0.010159238373034193,0.34216556047704144,3134,0.010159238373034193,0.34216556047627505,True,8,3956,-365.2589235267882,-365.25888586626303,True,False,accepted,L-BFGS-B>Newton-CG,True,7.267895572787019e-13,3.2628691059662224e-12,2.2374554500202058e-07,0.0007497585233409154,145.48597739792467,9.734326246544495e-15,-4.682906352190125e-16,3.7660525151750335e-05,0.0007497585233977588,0.0007506941668680156,-9.35643470256764e-07,0.0007506941668680156,1.5013983337360313e-05,False,0,none,True,11.738235400000121,4.788449199986644,0.02514693988092631,ok,0.0016770071975201993,0.0033540143947988718,0.055441188738626,0.012116565447355095,0.055441240854401996,0.01211560524624929,0.24489071443950106,0.011096539685343973,1879.8158668999968
119,119,112,112,2131,2131,,1,0.003207935476931191,0.003207935476931191,0.00338059079208182,0.024953811612337694,0.06699710036705622,0,3134,0.010002525200588166,0.32071256133826676,3134,0.010002525200588166,0.3207125613382513,3134,0.010002525200588166,0.32071256133826676,True,9,3955,-365.2589235267882,-365.25888586626303,False,True,projected_residual,L-BFGS-B>Newton-CG>trust-krylov,False,7.25335011491538e-07,5.642218605238131e-06,1.2955492887463638e-07,0.00027841398991768074,145.48597739792467,8.490048399555084e-15,-4.682906352190125e-16,3.7660525151750335e-05,,,,,,False,0,none,False,11.929572299995925,9.887063500005752,,,,,,,,,,,1901.787317600014
120,120,113,113,2982,2982,2982,1,0.002917715980791158,0.002917715980791158,0.07578160655567075,0.015446054538131044,0.03154640039606137,0,3134,0.010002525200588166,0.2916979384985295,3134,0.010002525200588166,0.2916979384975288,3134,0.010002525200588166,0.2916979384985295,True,10,3954,-365.25932267654844,-365.25928466145575,True,False,accepted,L-BFGS-B>Newton-CG,True,8.615558144881306e-13,4.560977897130203e-12,1.898971694053214e-07,0.00039914976031241167,145.48597739792467,8.863013946890097e-15,-4.682906352190125e-16,3.801509268441805e-05,0.00039914976025556825,0.00039879519272290054,3.5456753266771557e-07,0.00039914976025556825,7.983095205111365e-06,False,0,none,True,11.645187699992675,5.326687299995683,0.02474814468820341,ok,0.0016517516273541152,0.003303503254470341,0.05522787859454641,0.012069946924554115,0.05522792664665212,0.012068989573607672,0.2429473724524057,0.011008482563491252,1919.195261099987
121,121,114,114,2775,2775,2775,1,0.0025435414981127558,0.0025435414981127558,0.03703589462461081,0.01129609995529983,0.026605529757222326,0,3134,0.010163420106233133,0.25026432751243105,3134,0.010163420106233133,0.2502643275125103,3134,0.010163420106233133,0.25026432751243105,True,11,3953,-365.2600066270631,-365.25996613252016,True,False,accepted,L-BFGS-B>Newton-CG,True,8.392889081602159e-13,3.727358647408305e-12,2.2616988236261823e-07,0.0006839505146558622,145.48597739792467,8.320912860647345e-15,-4.682906352190125e-16,4.049454292953669e-05,0.0006839505146558622,0.0006814710644107436,2.4794502451186418e-06,0.0006839505146558622,1.3679110293117245e-05,False,0,none,True,11.721318099997006,6.834856800007401,0.024066673623792667,ok,0.0016031713315918373,0.0032063426629527817,0.05404212470004178,0.01181080268551272,0.05404217087269526,0.011809865703825428,0.239460522137813,0.010850485666870288,1938.2514853999892
122,122,114,114,508,508,,1,0.002384359519682633,0.002384359519682633,0.29008358187266065,0.0037202114031918143,0.005910853299645432,0,3134,0.006264171108178494,0.3806344811637754,3134,0.006264171108178494,0.3806344811667983,3134,0.006264171108178494,0.3806344811637754,True,12,3952,-365.2600066270631,-365.25996613252016,False,True,projected_residual,L-BFGS-B>Newton-CG>trust-krylov,False,1.1425537197396487e-06,1.782676371490314e-06,6.41920437389584e-07,0.0057985113333529625,162.86265756423734,8.250466824490099e-15,-4.682906352190125e-16,4.049454292953669e-05,,,,,,False,0,none,False,11.850125400000252,8.713222499995027,,,,,,,,,,,1958.972663099994
123,123,115,115,26,26,26,1,0.00232195721063988,0.00232195721063988,0.27159268144247106,0.0032496243541043925,0.005226570511075658,0,3134,0.006264171108178494,0.3706726988361374,3134,0.006264171108178494,0.3706726988364389,3134,0.006264171108178494,0.3706726988361374,True,13,3951,-365.2665717349556,-365.26652835349506,True,False,accepted,L-BFGS-B,True,6.46169179326292e-07,9.043263555236483e-07,7.155309603988363e-07,0.006565107892527067,186.44724737471475,8.85166370539689e-15,-4.682906352190125e-16,4.338146055715697e-05,0.006565107892527067,0.0065622209748994464,2.886917627620278e-06,0.006565107892527067,0.00013130225785054134,False,0,none,True,11.73743090001517,1.6338912999781314,0.01750445264889322,ok,0.0014321635546047894,0.002864327109003315,0.04934290014527111,0.010783796173474717,0.04934293408288555,0.010782938870540713,0.20380941735647806,0.009235055290353619,1972.8571562000143
124,124,116,116,3517,3517,3517,1,0.002619056301307432,0.002619056301307432,0.007612363345629814,0.01973579124716875,0.06766246336244709,0,3134,0.006681299524463955,0.391998037465258,3134,0.006681299524463955,0.39199803746524015,3134,0.006681299524463955,0.391998037465258,True,14,3950,-365.2668213863001,-365.26677853834184,True,False,accepted,L-BFGS-B>Newton-CG,True,8.545828917659391e-13,6.439572665636657e-12,1.3370801280436354e-07,0.0002496513445180426,186.44724737471475,8.815098987129816e-15,-4.682906352190125e-16,4.2847958241054585e-05,0.0002496513444611992,0.00025018484677730157,-5.335023161023855e-07,0.00025018484677730157,5.003796935546032e-06,False,0,none,True,11.773346600006334,6.019026399997529,0.01725426780211592,ok,0.0014286065034289316,0.0028572130066521115,0.050079665670438984,0.010944814865680932,0.05007969784441635,0.01094394426574626,0.20230156836851398,0.009166731319096707,1991.0789353
125,125,117,117,3801,3801,3801,1,-0.002332380033112036,0.002332380033112036,0.003107376689794549,0.04011453077984045,0.1659476062245956,0,3134,0.006043659308252956,0.38592182552829213,3134,0.006043659308252956,0.38592182552840343,3134,0.006043659308252956,0.38592182552829213,True,15,3949,-365.26689393608933,-365.2668513145891,True,False,accepted,L-BFGS-B>Newton-CG,True,9.820721511223598e-13,1.6890628017497403e-11,5.9143021686642314e-08,7.254978936543921e-05,186.44724737471475,8.112962883964625e-15,-4.682906352190125e-16,4.262150025624578e-05,7.254978925175237e-05,7.277624723656118e-05,-2.264579848088033e-07,7.277624723656118e-05,1.4556249447312236e-06,False,0,none,True,11.624563099991065,3.7838821999903303,0.017181491554879358,ok,0.0014331707170837826,0.002866341433961156,0.05112943666032709,0.011174240301771053,0.05112946757663116,0.011173351030078549,0.2019685020403819,0.009151639347412812,2006.9421487000072
126,126,118,118,1829,1829,1829,1,-0.002210448949596877,0.002210448949596877,0.025996069797951073,0.018134457924323655,0.0471844332225368,0,3134,0.006070321093947885,0.36414036677577016,3134,0.006070321093947885,0.3641403667757839,3134,0.006070321093947885,0.36414036677577016,True,16,3948,-365.26707322930577,-365.26702977725085,True,False,accepted,L-BFGS-B>Newton-CG,True,9.634299313710818e-13,7.903950713816008e-12,1.228921987566317e-07,0.00017929321643350704,186.44724737471475,9.533538780463757e-15,-4.682906352190125e-16,4.345205491063098e-05,0.00017929321643350704,0.00017846266177912185,8.30554654385196e-07,0.00017929321643350704,3.5859643286701405e-06,False,0,none,True,11.626822899997933,3.893815400020685,0.017003028893100236,ok,0.001442268119726047,0.002884536239244375,0.05147074974718852,0.011248833622172102,0.05147078022596084,0.011247938273457348,0.2008745567442896,0.009102070267509286,2022.906501199992
127,127,119,119,2905,2905,2905,1,0.0022862273313720496,0.0022862273313720496,0.0012106041106264486,0.07407418543944316,0.3617591037151963,0,3134,0.005558073957264033,0.41133445667524854,3134,0.005558073957264033,0.41133445667524365,3134,0.005558073957264033,0.41133445667524854,True,17,3947,-365.26714738829446,-365.2671034118678,True,False,accepted,L-BFGS-B>Newton-CG,True,1.2544196061504867e-12,4.064342563393143e-11,3.1864022571542946e-08,7.415898869567172e-05,186.44724737471475,8.620687985076009e-15,-4.682906352190125e-16,4.397642663889201e-05,7.415898869567172e-05,7.363461696741069e-05,5.243717282610305e-07,7.415898869567172e-05,1.4832797739134345e-06,False,0,none,True,11.658840699994471,3.760012700018706,0.016929394276132825,ok,0.001440810987126498,0.0028816219740454866,0.04955846969614483,0.01083090848529639,0.04955850373376326,0.010830047426425403,0.20043993353070322,0.009082376528819472,2038.7795314000105
128,128,120,120,804,804,804,1,0.001963523397050082,0.001963523397050082,0.2883520887851539,0.004874975306026809,0.007874116613611596,0,3134,0.00555811770683381,0.3532712872625733,3134,0.00555811770683381,0.3532712872446354,3134,0.00555811770683381,0.3532712872625733,True,18,3946,-365.2693733957308,-365.2693294391632,True,False,accepted,L-BFGS-B>Newton-CG,True,9.608740198822697e-13,2.3856283688420374e-12,4.0377607041899376e-07,0.0022260074363202875,186.44724737471475,8.936563511766082e-15,-4.682906352190125e-16,4.395656759470512e-05,0.0022260074363202875,0.0022260272953644744,-1.985904418688733e-08,0.0022260272953644744,4.452064590728949e-05,False,0,none,True,11.784877099998994,7.127506299992092,0.014703366980768351,ok,0.0012954284270591634,0.002590856853931756,0.048343681819745646,0.010565418925207116,0.048343701134141964,0.010564575937650806,0.1868726763442953,0.008467614110673823,2058.146596800012
129,129,121,121,119,119,119,1,-0.002303708216456535,0.002303708216456535,0.04219543358638853,0.011256317285821622,0.027885867788912392,0,3134,0.004134415912515605,0.5572028226484916,3134,0.004134415912515605,0.5572028226474922,3134,0.004134415912515605,0.5572028226484916,False,0,3945,-365.26986977197913,-365.2698231846273,True,False,accepted,L-BFGS-B>Newton-CG,True,1.0351460324041256e-12,5.0579027737911435e-12,2.0565914010210072e-07,0.0004963762483498613,186.44724737471475,8.407093380832786e-15,-4.682906352190125e-16,4.6587351846483216e-05,0.0004963762483498613,0.0004937454640980832,2.6307842517780955e-06,0.0004963762483498613,9.927624966997226e-06,False,0,none,True,11.837666100007482,6.22841119999066,0.014209621516670268,ok,0.001313124921205622,0.0026262498422221243,0.0480005858020596,0.0104904359486945,0.04800060700109826,0.010489599385643644,0.18368394271859784,0.008323125540314882,2076.7637837000075
130,130,122,122,160,160,160,1,-0.002335993898570976,0.002335993898570976,0.18464720677482693,0.00801899892876001,0.014581758630879325,0,3134,0.003943751970959895,0.5923277923592146,3134,0.003943751970959895,0.5923277923589102,3134,0.003943751970959895,0.5923277923592146,False,0,3944,-365.2710611620872,-365.2710153861899,True,False,accepted,L-BFGS-B>Newton-CG,True,1.342353094310277e-12,4.608029169592693e-12,2.9230742122210317e-07,0.0011913901080902178,186.44724737471475,8.884772529239165e-15,-4.682906352190125e-16,4.5775897319799697e-05,0.0011913901080902178,0.0011922015626169014,-8.114545266835194e-07,0.0011922015626169014,2.384413125233803e-05,False,0,none,True,11.649376999994274,5.6417359999904875,0.013017419954053366,ok,0.0011304224542229226,0.0022608449082830388,0.046813799821311904,0.01023106614918451,0.046813812553412,0.010230248533912743,0.17598253751337367,0.00797415784389454,2094.5714226000127
131,131,123,123,1040,1040,1040,1,-0.0021145473193171505,0.0021145473193171505,0.0019258475642069093,0.026177378464160704,0.10093058972125543,0,3134,0.005002443825713629,0.42270286143902824,3134,0.005002443825713629,0.4227028614389505,3134,0.005002443825713629,0.42270286143902824,True,1,3943,-365.27121419960827,-365.271167037386,True,False,accepted,L-BFGS-B>Newton-CG,True,8.355684617694411e-13,1.0344054095081406e-11,8.177765778185108e-08,0.0001530375211586943,186.44724737471475,8.209673717750332e-15,-4.682906352190125e-16,4.716222224487865e-05,0.00015303752104500745,0.0001516511961199285,1.3863249250789522e-06,0.00015303752104500745,3.060850420900149e-06,False,0,none,True,11.757704099989496,9.903299700003117,0.012865768757933438,ok,0.001129771327869224,0.0022595426555757354,0.04483821914800803,0.009799306782741865,0.04483823360063784,0.00979852416490974,0.1749631746382896,0.007927968258376664,2116.754086400004
132,132,124,124,970,970,970,1,0.0017733161485550264,0.0017733161485550264,0.05806174766489378,0.01167259652614779,0.02235936286128069,0,3134,0.005236374730033044,0.3386534081268542,3134,0.005236374730033044,0.33865340812477757,3134,0.005236374730033044,0.3386534081268542,True,2,3942,-365.271468442579,-365.2714218548702,True,False,accepted,L-BFGS-B>Newton-CG,False,4.798968718481352e-09,3.1588516035037164e-08,1.529213094137901e-07,0.00025424297081144687,186.44724737471475,8.290399345755456e-15,-4.682906352190125e-16,4.658770882315366e-05,0.00025424297075460345,0.00025481748417632843,-5.74513421724987e-07,0.00025481748417632843,5.096449683526569e-06,False,0,none,True,11.690858099987963,18.856877699989127,0.01261095127375711,ok,0.001128978795318298,0.002257957590473998,0.04422643382357159,0.009665602273659054,0.0442264486290013,0.0096648304542765,0.17297076636997333,0.007837687834844148,2147.8110130999994
133,133,125,125,3917,3917,3917,1,0.0016739530521956425,0.0016739530521956425,0.018735198912177665,0.011167806680501994,0.032152691955951544,0,3134,0.004760282524745048,0.35164993747619977,3134,0.004760282524745048,0.35164993747530665,3134,0.004760282524745048,0.35164993747619977,True,3,3941,-365.2717893708848,-365.27174118796023,True,False,accepted,L-BFGS-B>Newton-CG,True,9.351517318218178e-13,6.238880606627364e-12,1.5089094851862302e-07,0.0003209283059391055,186.44724737471475,8.801580341291637e-15,-4.682906352190125e-16,4.818292455865958e-05,0.00032092830576857523,0.0003193330900330693,1.5952157355059171e-06,0.00032092830576857523,6.418666115371505e-06,False,0,none,True,11.764826800004812,4.5748574000026565,0.01229161818372404,ok,0.0011119202207688823,0.002223840441377623,0.045815006087864735,0.010012781694701135,0.045815017924049,0.010011981387201233,0.170704864547003,0.007735014813699873,2164.618554099987
134,134,126,126,1121,1121,1121,1,0.0015656261080304046,0.0015656261080304046,0.006798996541514459,0.016508053630446672,0.05718259443727857,0,3134,0.00613764853031385,0.25508565703913744,3134,0.00613764853031385,0.2550856570392191,3134,0.00613764853031385,0.25508565703913744,True,4,3940,-365.2719118183493,-365.27186440146744,True,False,accepted,L-BFGS-B>Newton-CG,True,1.079378603655192e-12,1.1381031387423214e-11,9.584013943129759e-08,0.00012244746454825872,186.44724737471475,7.89382529611457e-15,-4.682906352190125e-16,4.741688184140003e-05,0.0001224474644914153,0.00012321350720867486,-7.660427172595519e-07,0.00012321350720867486,2.464370144173497e-06,False,0,none,True,11.717161100008525,14.30588239998906,0.012168404676515365,ok,0.0011069022511910245,0.00221380450222263,0.047692817120620686,0.010423173693751134,0.04769282761528645,0.01042234018502038,0.16981301346914413,0.007694603069622404,2191.1923068999895
135,135,126,126,55,55,,1,0.0015739350561573273,0.0015739350561573273,0.006253165589942916,0.014257938109014115,0.051261174195261425,0,3134,0.00654850477951631,0.24035029509035227,3134,0.00654850477951631,0.24035029509041625,3134,0.00654850477951631,0.24035029509035227,True,5,3939,-365.2719118183493,-365.27186440146744,False,True,projected_residual,L-BFGS-B>Newton-CG>trust-krylov,False,7.949276336354714e-07,7.201077933083994e-06,1.1139008895922738e-07,0.00020681711833958616,186.44724737471475,8.900796698535322e-15,-4.682906352190125e-16,4.741688184140003e-05,,,,,,False,0,none,False,11.548932899982901,7.68190450000111,,,,,,,,,,,2210.5949078999984
136,136,127,127,2143,2143,2143,1,-0.0014930633522252101,0.0014930633522252101,0.023493668266930865,0.01117456238091062,0.03096079840889967,0,3134,0.00654850477951631,0.22800065091125912,3134,0.00654850477951631,0.228000650910751,3134,0.00654850477951631,0.22800065091125912,True,6,3938,-365.272179184276,-365.27212941250804,True,False,accepted,L-BFGS-B>Newton-CG,False,1.7631319336163578e-09,1.3195841790160565e-08,1.346126911532867e-07,0.0002673659267884432,186.44724737471475,7.812215365712513e-15,-4.682906352190125e-16,4.977176797638094e-05,0.00026736592673159976,0.00026501104059661884,2.354886134980916e-06,0.00026736592673159976,5.347418534631995e-06,False,0,none,True,11.675540700001875,28.765627699991455,0.011903393635918746,ok,0.0011143903224788768,0.002228780644797256,0.047622967263816776,0.010407908141537905,0.04762297828418498,0.010407075971786726,0.16783524749886622,0.007604986120985777,2251.567303399992
137,137,127,127,840,840,,1,-0.0015819333780758837,0.0015819333780758837,0.25503895647124475,0.008943094713068658,0.014303056719720804,0,3134,0.006239480377227692,0.253536077114608,3134,0.006239480377227692,0.2535360771142618,3134,0.006239480377227692,0.253536077114608,True,7,3937,-365.272179184276,-365.27212941250804,False,True,projected_residual,L-BFGS-B>Newton-CG>trust-krylov,False,5.129421466277786e-07,2.8997998520879987e-06,1.7788881053581505e-07,0.00046482779987400136,186.44724737471475,8.851296093097781e-15,-4.682906352190125e-16,4.977176797638094e-05,,,,,,False,0,none,False,11.620902199996635,12.240688399993815,,,,,,,,,,,2275.60156000001
138,138,128,128,2762,2762,2762,1,-0.0015482879123890764,0.0015482879123890764,0.22919049141060524,0.008373554697020388,0.013471651978399309,0,3134,0.006239480377227692,0.24814372652567057,3134,0.006239480377227692,0.24814372652567587,3134,0.006239480377227692,0.24814372652567057,True,8,3936,-365.27268173991166,-365.272631971347,True,False,accepted,L-BFGS-B>Newton-CG,True,1.1701424841194414e-12,6.328443127081034e-12,1.8590210951127948e-07,0.0005025556357054484,186.44724737471475,8.074305994317833e-15,-4.682906352190125e-16,4.976856467919788e-05,0.000502555635648605,0.000502558838945788,-3.203297183063114e-09,0.000502558838945788,1.0051276778915761e-05,False,0,none,True,11.702244899992365,4.721785400004592,0.011400834796972958,ok,0.0010362634872993247,0.0020725269744494043,0.04652539116379035,0.010168034990330423,0.04652540038719453,0.010167221662575518,0.16446487993231831,0.007452267315203394,2292.668737
139,139,129,129,3099,3099,3099,1,0.0014180040125521404,0.0014180040125521404,0.0008427469110659338,0.06148502594374436,0.31980458038376736,0,3134,0.006321146678797163,0.22432702239112876,3134,0.006321146678797163,0.22432702239112703,3134,0.006321146678797163,0.22432702239112876,True,9,3935,-365.2727297293533,-365.2726799051753,True,False,accepted,L-BFGS-B>Newton-CG,True,9.79529081116396e-10,4.247263789886578e-08,2.406259110745165e-08,4.798944161166219e-05,186.44724737471475,8.848863414473267e-15,-4.682906352190125e-16,4.982417794963112e-05,4.798944161166219e-05,4.7933828341228946e-05,5.561327043324127e-08,4.798944161166219e-05,9.598888322332437e-07,False,0,none,True,11.631378799997037,17.673875100008445,0.01135290096863173,ok,0.0010318924990904063,0.0020637849980321967,0.043727453273648756,0.00955655103165556,0.04372746410611426,0.009555787088541524,0.16411020111657978,0.0074361960339243095,2322.5380891000095
140,140,130,130,1063,1063,1063,1,-0.0013642931146762294,0.0013642931146762294,0.19338382253571476,0.005950463721713644,0.01062702263481218,0,3134,0.006400124533308781,0.21316665130122203,3134,0.006400124533308781,0.21316665130190246,3134,0.006400124533308781,0.21316665130122203,True,10,3934,-365.2735069236169,-365.2734584361252,True,False,accepted,L-BFGS-B>Newton-CG,True,1.0811532653825049e-12,4.715528404925874e-12,2.3027510398476756e-07,0.0007771942637191387,186.44724737471475,8.888086122128824e-15,-4.682906352190125e-16,4.848749165375921e-05,0.0007771942636054519,0.0007785309499013238,-1.336686295871914e-06,0.0007785309499013238,1.5570718998026476e-05,False,0,none,True,11.640689199994085,8.51055649999762,0.010574370018730406,ok,0.0009290176266252236,0.0018580352531166477,0.043499002628883225,0.009506623581473318,0.043499009561831156,0.009505862789723705,0.1582656203962548,0.007171365160055858,2343.202889600012
141,141,131,131,2865,2865,2865,1,-0.0014980022574986318,0.0014980022574986318,0.01339014465551752,0.017823809452840816,0.05499929598234907,0,3134,0.006541079695345767,0.22901452470675732,3134,0.006541079695345767,0.22901452470683903,3134,0.006541079695345767,0.22901452470675732,True,11,3933,-365.273605231363,-365.27355700227685,True,False,accepted,L-BFGS-B>Newton-CG,True,9.442642301069548e-13,1.123522052542904e-11,8.504501077391145e-08,9.83077461000903e-05,186.44724737471475,8.525854176301417e-15,-4.682906352190125e-16,4.822908613277832e-05,9.83077461000903e-05,9.856615162107119e-05,-2.5840552098088665e-07,9.856615162107119e-05,1.9714230324214234e-06,False,0,none,True,11.505610199994408,7.249076899985084,0.010475803867109335,ok,0.0009315969195203884,0.0018631938389066058,0.04333738857102688,0.009471303139149095,0.04333739565604389,0.009470545212868503,0.1575950058497636,0.007140978132333143,2362.5254118999874
142,142,132,132,1705,1705,1705,1,-0.0010845615779784268,0.0010845615779784268,0.05335232940296791,0.010295505703456964,0.024017402211029108,0,3134,0.006518674853157351,0.16637761545248944,3134,0.006518674853157351,0.16637761545211835,3134,0.006518674853157351,0.16637761545248944,True,12,3932,-365.2737910417509,-365.2737423328955,True,False,accepted,L-BFGS-B>Newton-CG,True,1.3188940250685913e-12,1.2519972339915643e-11,1.0634320598007628e-07,0.00018581038796128269,186.44724737471475,8.386166584837922e-15,-4.682906352190125e-16,4.8708855388213124e-05,0.00018581038790443927,0.00018533061864900446,4.797692554348032e-07,0.00018581038790443927,3.716307758088785e-06,False,0,none,True,11.715475799981505,4.839759700000286,0.01029047324846033,ok,0.0009193410579590878,0.0018386821157857698,0.043478588219126216,0.009502162051381385,0.04347859497670397,0.00950140157906436,0.15614544660309976,0.007075295398123813,2379.5337432000088
143,143,133,133,3731,3731,3731,1,-0.0013886546422472446,0.0013886546422472446,0.011301982173768321,0.01703889928635836,0.054823079497913006,0,3134,0.006651931320663681,0.2087596181177491,3134,0.006651931320663681,0.20875961811807375,3134,0.006651931320663681,0.2087596181177491,True,13,3931,-365.2738707602509,-365.2738222567282,True,False,accepted,L-BFGS-B>Newton-CG,True,9.713717816517957e-13,1.1918806486295545e-11,8.249908153712338e-08,7.97185000465106e-05,186.44724737471475,9.29708953323772e-15,-4.682906352190125e-16,4.850352269158975e-05,7.971849998966718e-05,7.992383268629055e-05,-2.053326966233726e-07,7.992383268629055e-05,1.598576653725811e-06,False,0,none,True,11.568514099984895,7.154266400000779,0.01021054941577404,ok,0.0009193241085907376,0.0018386482170490719,0.043626856792177045,0.00953456586360168,0.04362686338589674,0.009533802757114948,0.15554950972586343,0.007048292180695385,2398.820655599993
144,144,134,134,2140,2140,2140,1,0.001034150990387327,0.001034150990387327,0.000366043108838773,0.047712047566827086,0.28970651405675035,0,3134,0.006689563655626572,0.1545916959049348,3134,0.006689563655626572,0.1545916959049333,3134,0.006689563655626572,0.1545916959049348,True,14,3930,-365.27390407609226,-365.27385556087955,True,False,accepted,L-BFGS-B>Newton-CG,True,8.778331498348667e-13,4.050009852505237e-11,2.2674839859756406e-08,3.331584139232291e-05,186.44724737471475,8.887650747193936e-15,-4.682906352190125e-16,4.851521271120873e-05,3.331584139232291e-05,3.330415137270393e-05,1.169001961898175e-08,3.331584139232291e-05,6.664168278464582e-07,False,0,none,True,11.485407400003169,5.583939799980726,0.010177245264401336,ok,0.000917885360695215,0.001835770721258234,0.036236818372163006,0.007919487143036932,0.0362368297677321,0.007918854594080009,0.15530833186887477,0.007037363878789671,2416.373413399997
145,145,135,135,3746,3746,3746,1,0.0009869248735316916,0.0009869248735316916,0.20482590069237785,0.006123821882471067,0.010741181308560754,0,4376,0.0075017023255573335,0.13156012204981338,4376,0.0075017023255573335,0.1315601220501535,4376,0.0075017023255573335,0.13156012204981338,True,15,3929,-365.27426247122867,-365.27421386633455,True,False,accepted,L-BFGS-B>Newton-CG,True,1.1506359600991894e-12,7.139641385394987e-12,1.6216159033602955e-07,0.00035839513657265343,186.44724737471475,7.843897786071613e-15,-4.682906352190125e-16,4.860489411839808e-05,0.00035839513640212317,0.0003583054549949338,8.968140718934592e-08,0.00035839513640212317,7.168002728042464e-06,False,0,none,True,11.744107300008181,5.099511800013715,0.009818939809406402,ok,0.000889385885298112,0.0017787717704681324,0.03596964722143344,0.007861097400552847,0.035969657700735964,0.007860469333456957,0.152524188512939,0.006911208188037827,2433.7229227999924
146,146,136,136,3962,3962,3962,1,0.0010136018787307854,0.0010136018787307854,0.023647468511313708,0.011589503907068713,0.02684249447947174,0,4376,0.007574985954948558,0.13380907697506997,4376,0.007574985954948558,0.13380907697601538,4376,0.007574985954948558,0.13380907697506997,True,16,3928,-365.27436089769975,-365.27431188936526,True,False,accepted,L-BFGS-B>Newton-CG,True,1.124185040382007e-12,1.285390959800587e-11,8.845860796752534e-08,9.842647097002555e-05,186.44724737471475,8.616117395292625e-15,-4.682906352190125e-16,4.900833448573394e-05,9.842647108371239e-05,9.802303071637652e-05,4.034403673358611e-07,9.842647108371239e-05,1.9686294216742475e-06,False,0,none,True,11.729643600003328,5.261804399982793,0.009720916778690025,ok,0.0008904480467437515,0.0017808960933592584,0.03548674481925601,0.0077555600068967955,0.03548675582474787,0.007754940517507296,0.15167644926618837,0.006872795248552055,2451.2089922000014
147,147,137,137,2774,2774,2774,1,0.0008997739242890823,0.0008997739242890823,0.018692634099810864,0.016176655772189706,0.03561076716427903,0,3134,0.007606340954547668,0.11829261002967884,3134,0.007606340954547668,0.11829261002982035,3134,0.007606340954547668,0.11829261002967884,True,17,3927,-365.27440764018013,-365.27435930130366,True,False,accepted,L-BFGS-B>Newton-CG,True,1.1389286243630038e-12,2.0476317224441462e-11,5.662175130806857e-08,4.6742480378725304e-05,186.44724737471475,9.056652454896008e-15,-4.682906352190125e-16,4.8338876467823866e-05,4.6742480378725304e-05,4.741193839663538e-05,-6.69458017910074e-07,4.741193839663538e-05,9.483387679327076e-07,False,0,none,True,11.695678799995221,5.72774699999718,0.00967350484029339,ok,0.0008871678522853565,0.0017743357044429408,0.03555949792708353,0.0077714600590519985,0.03555950874473928,0.00777083925363845,0.15134409070262103,0.006857735347245344,2469.153756399988
148,148,138,138,1588,1588,1588,1,-0.000902670617363821,0.000902670617363821,0.1978200620147982,0.007608438794839532,0.012482203567376782,0,3134,0.007538335061573796,0.11974402968171706,3134,0.007538335061573796,0.1197440296884655,3134,0.007538335061573796,0.11974402968171706,True,18,3926,-365.27458031597223,-365.27453159580637,True,False,accepted,L-BFGS-B>Newton-CG,True,9.660749986200172e-13,8.142862254175592e-12,1.1964071483275083e-07,0.0001726757920437194,186.44724737471475,8.307976973476877e-15,-4.682906352190125e-16,4.872016586432437e-05,0.00017267579210056283,0.00017229450270406232,3.8128939650050597e-07,0.00017267579210056283,3.4536158420112566e-06,False,0,none,True,11.56954080000287,5.291976899985457,0.009501210337589328,ok,0.0008892928067262442,0.00177858561332441,0.03499058896431115,0.007647126096562195,0.03499059994208283,0.0076465152960956675,0.15000134982921917,0.006796892789686804,2486.5712798000022
149,149,139,139,3742,3742,3742,1,0.0009413818060139967,0.0009413818060139967,0.013879620371468114,0.010494210487905681,0.029258981695493926,0,3134,0.007536838626061406,0.12490406823343955,3134,0.007536838626061406,0.12490406823287002,3134,0.007536838626061406,0.12490406823343955,True,19,3925,-365.27469917805945,-365.27464964404794,True,False,accepted,L-BFGS-B>Newton-CG,True,8.393630728967963e-13,9.356939667332096e-12,9.070487175708382e-08,0.00011886208721989533,186.44724737471475,8.573481144859632e-15,-4.682906352190125e-16,4.953401150942227e-05,0.00011886208721989533,0.00011804824157479743,8.138456450978993e-07,0.00011886208721989533,2.3773417443979063e-06,False,0,none,True,11.732925400021486,5.273641600011615,0.00938316209601453,ok,0.00088006202851714,0.001760124056907531,0.03456524958526277,0.007554168991189263,0.03456526041219446,0.007553565611703031,0.14905713379512633,0.006754108273671854,2504.1522748999996
150,150,140,140,476,476,476,1,-0.0007913906436068374,0.0007913906436068374,0.00443161848967304,0.016089255097990352,0.06125168106130936,0,3134,0.007612258590823149,0.10396265893553422,3134,0.007612258590823149,0.10396265893559292,3134,0.007612258590823149,0.10396265893553422,True,20,3924,-365.2747370676537,-365.27468727619714,True,False,accepted,L-BFGS-B>Newton-CG,True,8.374047055804489e-13,1.7024737450866717e-11,5.018752538752469e-08,3.788959429584793e-05,186.44724737471475,9.111194600435607e-15,-4.682906352190125e-16,4.979145654715467e-05,3.788959423900451e-05,3.7632149201272114e-05,2.574450377323956e-07,3.788959423900451e-05,7.578918847800902e-07,False,0,none,True,11.633891599980416,16.053019700018922,0.009345529946813258,ok,0.0008720541439534889,0.0017441082877813823,0.034679656150890685,0.007579172326643937,0.034679666617747656,0.007578566863530059,0.14876505664171105,0.00674087361211487,2532.379745300015
151,151,141,141,163,163,163,1,0.0007816458629570366,0.0007816458629570366,0.019122175761699604,0.009802285942679878,0.0258717862304297,0,3134,0.007590116579568117,0.10298206289230842,3134,0.007590116579568117,0.10298206289224417,3134,0.007590116579568117,0.10298206289230842,True,21,3923,-365.2748217632927,-365.2747710385514,True,False,accepted,L-BFGS-B>Newton-CG,True,1.1493253462191126e-12,1.4413196842139571e-11,8.074118155792151e-08,8.469563903190647e-05,186.44724737471475,9.44534570999564e-15,-4.682906352190125e-16,5.07247412997458e-05,8.469563903190647e-05,8.376235427931533e-05,9.332847525911347e-07,8.469563903190647e-05,1.6940127806381294e-06,False,0,none,True,11.571313100022962,5.189478699991014,0.009261767592533943,ok,0.0008697034239196065,0.001739406847713956,0.033861618138462966,0.0074003916882501,0.033861629037505774,0.007399800655449766,0.14809297060471127,0.006710419907903982,2549.7297376999923
152,152,142,142,518,518,518,1,-0.0007995393554418584,0.0007995393554418584,0.043703925737504805,0.008033827783777632,0.019509365848090363,0,4376,0.005665454926923105,0.14112535811419585,4376,0.005665454926923105,0.1411253581129973,4376,0.005665454926923105,0.14112535811419585,True,22,3922,-365.2749682458499,-365.2749175484307,True,False,accepted,L-BFGS-B>Newton-CG,True,8.174993859209301e-13,8.214291435608389e-12,1.0052159505531132e-07,0.0001464825571702022,186.44724737471475,9.484841162260213e-15,-4.682906352190125e-16,5.069741916940984e-05,0.0001464825571702022,0.00014650987930053816,-2.7322130335960537e-08,0.00014650987930053816,2.930297586010763e-06,False,0,none,True,11.689243500004523,5.206738700013375,0.009115257713233405,ok,0.0008591778181394719,0.0017183556361552027,0.03277196199011863,0.00716224942729009,0.03277197380251545,0.007161677689978594,0.14703564269912517,0.006662510042919467,2567.202226499998
153,153,142,142,480,480,,1,0.0007201959439673555,0.0007201959439673555,0.00022791594561670338,0.07030302550955692,0.3401667243922094,0,4376,0.004684567191459424,0.15373798998557786,4376,0.004684567191459424,0.15373798998558064,4376,0.004684567191459424,0.15373798998557786,True,23,3921,-365.2749682458499,-365.2749175484307,False,True,projected_residual,L-BFGS-B>Newton-CG>trust-krylov,False,1.8983573162127422e-07,1.8531104479020388e-05,1.1244167142665073e-08,3.3891374755512516e-06,186.44724737471475,7.790622801821107e-15,-4.682906352190125e-16,5.069741916940984e-05,,,,,,False,0,none,False,11.631592099991394,33.75548880000133,,,,,,,,,,,2612.787461700005
154,154,142,142,531,531,,1,-0.0006737606688247411,0.0006737606688247411,0.04356585989332104,0.010950139836368304,0.024867806590302827,0,4376,0.004684567191459424,0.14382559610909082,4376,0.004684567191459424,0.14382559610995688,4376,0.004684567191459424,0.14382559610909082,True,24,3920,-365.2749682458499,-365.2749175484307,False,True,projected_residual,L-BFGS-B>Newton-CG>trust-krylov,False,5.111364818544024e-07,8.307127755129738e-06,6.252986891754136e-08,5.093847818216091e-05,186.44724737471475,8.609402118086792e-15,-4.682906352190125e-16,5.069741916940984e-05,,,,,,False,0,none,False,11.598780499974964,11.37636019999627,,,,,,,,,,,2635.9495782000013
155,155,143,143,3148,3148,3148,1,0.0006477585764348565,0.0006477585764348565,0.0014090028386944753,0.04484992538871503,0.21503707805361724,0,4376,0.004684567191459424,0.13827501025405392,4376,0.004684567191459424,0.1382750102540521,4376,0.004684567191459424,0.13827501025405392,True,25,3919,-365.2749786347444,-365.2749280881384,True,False,accepted,L-BFGS-B>Newton-CG,True,9.007710609882155e-13,6.236816670122294e-11,1.5442801650774716e-08,1.0388894565949158e-05,186.44724737471475,8.888387665858047e-15,-4.682906352190125e-16,5.054660601899741e-05,1.038889450910574e-05,1.0539707659518172e-05,-1.5081315041243215e-07,1.0539707659518172e-05,2.1089415319036344e-07,False,0,none,True,11.526925999991363,7.388457900000503,0.009104718005573886,ok,0.0008587136487601792,0.0017174272973966844,0.03206949764339535,0.007008727191833834,0.03206951024762391,0.007008167938036107,0.14695279065457298,0.006658755833608226,2655.459123800014
156,156,144,144,1648,1648,1648,1,-0.000630825519984779,0.000630825519984779,0.0019658838961881774,0.019109634612188536,0.07047205633894837,0,4376,0.004684443724862591,0.13466391252320636,4376,0.004684443724862591,0.1346639125231988,4376,0.004684443724862591,0.13466391252320636,True,26,3918,-365.2750029192065,-365.2749523074611,True,False,accepted,L-BFGS-B>Newton-CG,True,9.448750348207004e-10,2.8623155051883843e-08,3.401086246809515e-08,2.4284462199375412e-05,186.44724737471475,8.050245176418128e-15,-4.682906352190125e-16,5.061174539378044e-05,2.4284462085688574e-05,2.4219322710905544e-05,6.513937478302978e-08,2.4284462085688574e-05,4.857892417137715e-07,False,0,none,True,11.638411399995675,15.636307900014799,0.00908049868286298,ok,0.000857144311826326,0.001714288623529204,0.032024786931483105,0.006998955751512873,0.03202479947432452,0.006998397267841828,0.14677861885509588,0.006650863724308007,2683.3351850000035
157,157,145,145,2044,2044,2044,1,0.000913235105263999,0.000913235105263999,0.0026878759464923157,0.030092515684694707,0.08029709202439794,0,4376,0.004699916941848551,0.1943087753599342,4376,0.004699916941848551,0.19430877535993488,4376,0.004699916941848551,0.1943087753599342,True,27,3917,-365.2750218149524,-365.2749750973058,True,False,accepted,L-BFGS-B>Newton-CG,True,9.06495705293489e-13,2.987044109112804e-11,3.134758350330259e-08,1.8895745995450852e-05,186.44724737471475,9.334181105997985e-15,-4.682906352190125e-16,4.6717646625893394e-05,1.8895745938607433e-05,2.2789844706494478e-05,-3.894098767887044e-06,2.2789844706494478e-05,4.5589689412988955e-07,False,0,none,True,11.609599799994612,5.486864799982868,0.009057708838156486,ok,0.0008563769112242642,0.0017127538223251908,0.03197610356351452,0.006988316094831449,0.03197611610852263,0.006987758464795131,0.14663533786419097,0.0066443713458388155,2700.9609019999916
158,158,146,146,2155,2155,2155,1,-0.0006508323649310199,0.0006508323649310199,0.05842748346541654,0.00946141871024461,0.02194927170660298,0,4376,0.004719171767454741,0.1379124128134973,4376,0.004719171767454741,0.13791241281533748,4376,0.004719171767454741,0.1379124128134973,True,28,3916,-365.2750930912505,-365.27504678090713,True,False,accepted,L-BFGS-B>Newton-CG,True,9.066272441338589e-13,1.3180014444908322e-11,6.978803114545183e-08,7.127629800152135e-05,186.44724737471475,8.42398829999872e-15,-4.682906352190125e-16,4.631034335034201e-05,7.127629805836477e-05,7.168360133391616e-05,-4.07303275551385e-07,7.168360133391616e-05,1.4337720266783231e-06,False,0,none,True,11.61623210000107,6.28607319999719,0.00898602523682257,ok,0.0008486457353883487,0.0016972914706544734,0.03174125467616381,0.0069369903210058075,0.03174126726122542,0.006936436815377832,0.14606411176982614,0.006618487828613873,2719.4489459999895
159,159,147,147,3552,3552,3552,1,-0.0007102022399930533,0.0007102022399930533,0.00012461007432351798,0.07691947762249111,0.4218089772104886,0,4376,0.004699874944421638,0.151110880266294,4376,0.004699874944421638,0.1511108802662928,4376,0.004699874944421638,0.151110880266294,True,29,3915,-365.27509638241145,-365.27504958369184,True,False,accepted,L-BFGS-B>Newton-CG,True,8.079539660728469e-13,8.750661926004406e-11,1.0233061143315846e-08,3.2911610787778045e-06,186.44724737471475,8.572190266648017e-15,-4.682906352190125e-16,4.679871960888704e-05,3.2911609650909668e-06,2.8027847065459355e-06,4.883762585450313e-07,3.2911609650909668e-06,6.592321930181933e-08,True,1,train_valid_drop_disagreed,False,11.825902699987637,5.179450099996757,0.008983222452116024,ok,0.0008488512933713933,0.001697702586620533,0.031733394680342246,0.006935272533996642,0.031733407278626724,0.006934719169002307,0.14604594450489594,0.006617664629674977,2736.9944934000087
160,160,148,148,3290,3290,3290,1,-0.0005937711285894931,0.0005937711285894931,0.044845048188260746,0.010655151793686608,0.023583372294628837,0,4376,0.004701006243739399,0.12630724100404087,4376,0.004701006243739399,0.1263072410053652,4376,0.004701006243739399,0.12630724100404087,True,30,3914,-365.2751373327764,-365.27509019262226,True,False,accepted,L-BFGS-B>Newton-CG,True,9.012440123083873e-13,1.6172715871236453e-11,5.672620081153287e-08,4.095036496210014e-05,186.44724737471475,8.982689537941763e-15,-4.682906352190125e-16,4.714015415174799e-05,4.095036496210014e-05,4.0608930419239186e-05,3.414345428609522e-07,4.095036496210014e-05,8.191072992420028e-07,False,0,none,True,11.770123399997829,9.101882300019497,0.008942613521696785,ok,0.0008501000793265639,0.0017002001585306942,0.031681308609492184,0.006923889223127792,0.031681321291067696,0.006923336789127666,0.14575480020669945,0.006604472237850349,2758.4268063000054
161,161,149,149,3688,3688,3688,1,-0.0005980772139384527,0.0005980772139384527,0.22340353200609311,0.006114034799895348,0.010735662657287731,0,4376,0.004770425909262771,0.12537186937064923,4376,0.004770425909262771,0.12537186937435718,4376,0.004770425909262771,0.12537186937064923,True,31,3913,-365.2752659319805,-365.2752201311139,True,False,accepted,L-BFGS-B>Newton-CG,True,7.842019944946039e-13,8.016754648993501e-12,9.882038104322676e-08,0.00012859920417440662,186.44724737471475,9.127450856759312e-15,-4.682906352190125e-16,4.580086664418559e-05,0.0001285992041175632,0.0001299384916251256,-1.3392875075624033e-06,0.0001299384916251256,2.598869832502512e-06,False,0,none,True,11.724501799995778,10.545497799990699,0.00881267503007166,ok,0.0008353370417355466,0.0016706740833507857,0.03127774600080667,0.00683569138914382,0.031277758430373136,0.006835145972384174,0.144815728117898,0.00656192080536899,2781.3246125000005
162,162,150,150,2653,2653,2653,1,0.0006802410099835399,0.0006802410099835399,0.022721256894401732,0.00822196499407548,0.02114896237034499,0,4376,0.0049767240182881185,0.13668449515863,4376,0.0049767240182881185,0.13668449515942152,4376,0.0049767240182881185,0.13668449515863,True,32,3912,-365.27535310931836,-365.2753072214765,True,False,accepted,L-BFGS-B>Newton-CG,True,1.2442880649812486e-12,1.5039512118430427e-11,8.373460303651835e-08,8.717733800267524e-05,186.44724737471475,1.0144598513008377e-14,-4.682906352190125e-16,4.588784184988981e-05,8.717733783214499e-05,8.709036262644076e-05,8.697520570422057e-08,8.717733783214499e-05,1.7436467566428998e-06,False,0,none,True,11.635929299984127,7.959820200019749,0.008725584667445219,ok,0.0008355887341485697,0.0016711774681767958,0.03123578547101256,0.006826520995849172,0.031235797994640605,0.006825976334990397,0.14410375733483186,0.0065296598351350585,2801.5304676000087
163,163,151,151,165,165,165,1,0.0006611467324226794,0.0006611467324226794,0.23114547267236477,0.0050132661634561745,0.008639349544654971,0,4376,0.005078134402283629,0.13019480778715956,4376,0.005078134402283629,0.1301948077862155,4376,0.005078134402283629,0.13019480778715956,True,33,3911,-365.27558548298487,-365.2755406313418,True,False,accepted,L-BFGS-B>Newton-CG,True,7.37094648465923e-13,5.589155144053675e-12,1.3287943964127045e-07,0.0002323736664493481,186.44724737471475,8.011468008092826e-15,-4.682906352190125e-16,4.48516430537893e-05,0.0002323736665061915,0.00023340986530229202,-1.036198796100507e-06,0.00023340986530229202,4.668297306045841e-06,False,0,none,True,11.745408100017812,6.277535200002603,0.008492174802142927,ok,0.0008200651261725492,0.0016401302522269907,0.03169584294247609,0.006927065673720571,0.03169585459301781,0.0069265127596982844,0.1421420336292942,0.006440769796980687,2820.1045477000007
164,164,152,152,3815,3815,3815,1,0.0008219511527630119,0.0008219511527630119,0.003998238786289721,0.015209229523618136,0.05006705897845931,0,4376,0.0047997615473729,0.17124833070361556,4376,0.0047997615473729,0.17124833070363304,4376,0.0047997615473729,0.17124833070361556,True,34,3910,-365.2756473178302,-365.27560225109596,True,False,accepted,L-BFGS-B>Newton-CG,True,7.20785909082866e-13,1.3337286883951183e-11,5.504291857515571e-08,6.183484526900429e-05,186.44724737471475,7.752823109516936e-15,-4.682906352190125e-16,4.506673423065877e-05,6.183484532584771e-05,6.161975414897825e-05,2.150911768694641e-07,6.183484532584771e-05,1.2367969065169541e-06,False,0,none,True,11.634742199996253,5.6413096000032965,0.008430555047993948,ok,0.000821967155169304,0.0016439343102202261,0.031211789416839098,0.006821276704240604,0.03121180166253403,0.006820732403168512,0.14170102083753494,0.006420786532377529,2837.9448989999946
165,165,153,153,2665,2665,2665,1,0.0006836879505581761,0.0006836879505581761,0.07854122486017272,0.008218594919382961,0.015702131311596493,0,4376,0.00485064474341206,0.140947850589704,4376,0.00485064474341206,0.14094785058916157,4376,0.00485064474341206,0.140947850589704,True,35,3909,-365.2757370798231,-365.27569456682977,True,False,accepted,L-BFGS-B>Newton-CG,True,8.041876178996318e-13,9.667118259533973e-12,8.418793629182308e-08,8.976199291055309e-05,186.44724737471475,8.719164035523794e-15,-4.682906352190125e-16,4.2512993331911275e-05,8.976199291055309e-05,9.231573380930058e-05,-2.553740898747492e-06,9.231573380930058e-05,1.8464146761860117e-06,False,0,none,True,11.728005400014808,7.8162216000200715,0.008338239314184648,ok,0.0008239692209920113,0.0016479384418653523,0.0312606031071435,0.0068319448426185266,0.03126061547780801,0.0068313997134110075,0.1408727993501727,0.00638325798572028,2858.106143400015
166,166,154,154,1708,1708,1708,1,-0.0006421884113274601,0.0006421884113274601,0.0573940848146561,0.004908795661885443,0.011241877436875321,0,4376,0.004821130452134807,0.13320286968030448,4376,0.004821130452134807,0.13320286967966477,4376,0.004821130452134807,0.13320286968030448,True,36,3908,-365.2759882320572,-365.2759464590304,True,False,accepted,L-BFGS-B>Newton-CG,True,8.48656317746999e-13,6.487006582329941e-12,1.3182402599354025e-07,0.00025115223417060406,186.44724737471475,8.238276326313215e-15,-4.682906352190125e-16,4.1773026794089674e-05,0.00025115223411376064,0.00025189220065158224,-7.399665378216014e-07,0.00025189220065158224,5.037944013031645e-06,False,0,none,True,11.679758599988418,5.816031700000167,0.008086347113533066,ok,0.0008283281859376638,0.0016566563717560297,0.030341856289214715,0.006631154487969662,0.030341869975588378,0.006630625747043762,0.13850670429847595,0.006276044987871253,2876.204593000002
167,167,155,155,1778,1778,1778,1,0.0006343950531317866,0.0006343950531317866,0.014975100906071341,0.009192829905401751,0.02783171645096443,0,4376,0.003932706503707363,0.16131258524726982,4376,0.003932706503707363,0.16131258524691966,4376,0.003932706503707363,0.16131258524726982,True,37,3907,-365.2760565877302,-365.2760152360161,True,False,accepted,L-BFGS-B>Newton-CG,True,1.5369204783911575e-12,2.2271057234173413e-11,7.0009767351002e-08,6.83556730791679e-05,186.44724737471475,9.014985210154675e-15,-4.682906352190125e-16,4.135171406005611e-05,6.835567296548106e-05,6.877698569951463e-05,-4.213127340335632e-07,6.877698569951463e-05,1.3756397139902924e-06,False,0,none,True,11.67889420001302,31.872802500001853,0.008017570127833551,ok,0.0008273764761743811,0.0016547529522296012,0.03019381131766168,0.006598799543427782,0.030193825148424155,0.006598273428498415,0.13787350911602334,0.006247353514261339,2920.378496899997
168,168,156,156,212,212,212,1,0.0006061386302951277,0.0006061386302951277,0.42783449324889206,0.0028782950600347917,0.004419665329417164,0,4376,0.0037513686920896865,0.16157799460587818,4376,0.0037513686920896865,0.1615779946142406,4376,0.0037513686920896865,0.16157799460587818,True,38,3906,-365.27678364620067,-365.27674261614527,True,False,accepted,L-BFGS-B>Newton-CG,True,1.2298092925678832e-12,5.83984229840861e-12,2.1158946966821573e-07,0.00072705847060206,210.5008358028713,1.0646697621284097e-14,-4.682906352190125e-16,4.103005539946025e-05,0.0007270584704883731,0.000727380129148969,-3.2165866059585824e-07,0.000727380129148969,1.4547702582979381e-05,False,0,none,True,11.602082400000654,6.489861199981533,0.007290189998684582,ok,0.0007868326010449642,0.0015736652019766068,0.029072589497612374,0.006353758665468304,0.029072604930255683,0.006353252549670734,0.1315906039968509,0.0059626611928161695,2939.063623599999
169,169,157,157,2048,2048,2048,1,0.0008390209906750101,0.0008390209906750101,0.28270435368758107,0.004869266080856181,0.008197420935289784,0,4376,0.0034046186184940714,0.24643611654985464,4376,0.0034046186184940714,0.2464361165540208,4376,0.0034046186184940714,0.24643611654985464,True,39,3905,-365.2772225020663,-365.27718137042143,True,False,accepted,L-BFGS-B>Newton-CG,False,3.484142756496918e-09,2.02202547175898e-08,1.7330953838905044e-07,0.0004388558656387431,210.5008358028713,1.028836202701406e-14,-4.682906352190125e-16,4.113164487762333e-05,0.0004388558656387431,0.00043875427616058005,1.0158947816307773e-07,0.0004388558656387431,8.777217312774864e-06,False,0,none,True,11.557331399992108,28.89412819998688,0.006851435722524002,ok,0.0007607740033730357,0.0015215480066365027,0.02861894326548894,0.0062546151516561605,0.02861895592378021,0.0062541163795903415,0.12776306636559354,0.005789227000672116,2980.0716170000087
170,170,158,158,428,428,428,1,-0.0005372762848185886,0.0005372762848185886,0.315310397094217,0.004937188501700981,0.00765961626987662,0,4376,0.0034434322564670635,0.1560292884547205,4376,0.0034434322564670635,0.15602928845450592,4376,0.0034434322564670635,0.1560292884547205,True,40,3904,-365.2774018039669,-365.2773615023489,True,False,accepted,L-BFGS-B>Newton-CG,True,9.106169558988758e-13,8.367917729028835e-12,1.098224078422626e-07,0.0001793019006868235,210.5008358028713,1.0327665202799607e-14,-4.682906352190125e-16,4.030161795753884e-05,0.00017930190057313666,0.00018013192749322116,-8.300269200844923e-07,0.00018013192749322116,3.602738549864423e-06,False,0,none,True,11.602569399983622,6.908039000001736,0.006671303795030781,ok,0.0007589477817551578,0.00151789556340101,0.028696679147303526,0.006271604179507904,0.028696691504240587,0.006271103979289261,0.1260453035216785,0.0057113913685162,2999.1981020999956
171,171,159,159,3947,3947,3947,1,-0.0005254106346241905,0.0005254106346241905,0.02446946134440583,0.00756374564591873,0.020888549132662887,0,4376,0.0037890538407511784,0.13866539160077704,4376,0.0037890538407511784,0.1386653916009346,4376,0.0037890538407511784,0.13866539160077704,True,41,3903,-365.27747555395456,-365.27743297624085,True,False,accepted,L-BFGS-B>Newton-CG,True,8.238300210119256e-13,1.1859753730704196e-11,7.046434468357287e-08,7.374998767772922e-05,210.5008358028713,1.109641367100277e-14,-4.682906352190125e-16,4.257771371385388e-05,7.374998767772922e-05,7.147389192141418e-05,2.276095756315044e-06,7.374998767772922e-05,1.4750997535545846e-06,True,1,train_valid_drop_disagreed,False,11.509128400008194,8.359946800017497,0.006599829903109367,ok,0.0007526291243596947,0.001505258248610994,0.02834057975811508,0.006193779341097487,0.02834059213956664,0.006193285386769661,0.12535705970521002,0.005680205519595327,3019.6932791
172,172,160,160,2485,2485,2485,1,0.0005139034131769193,0.0005139034131769193,0.323935026446276,0.001830555366622637,0.0028466930221888167,0,4376,0.0037710641137033442,0.1362754378292032,4376,0.0037710641137033442,0.13627543781813897,4376,0.0037710641137033442,0.1362754378292032,True,42,3902,-365.27891074052945,-365.27886668797623,True,False,accepted,L-BFGS-B>Newton-CG,True,7.182040670742685e-13,2.558286781448076e-12,2.817363397577112e-07,0.001435186575008629,330.98344189525966,1.0182722618931345e-14,-4.682906352190125e-16,4.4052553221263224e-05,0.0014351865748949422,0.0014337117353875328,1.4748395074093423e-06,0.0014351865748949422,2.8703831497898844e-05,False,0,none,True,11.606335699994816,8.68237950000912,0.005166118167721834,ok,0.0006690974898293019,0.0013381949795622386,0.026001634278242414,0.005682607293213023,0.026001647538874118,0.005682154520322129,0.11113193979996276,0.005035633887230113,3040.6211955999897
173,173,161,161,216,216,216,1,0.0006336460862226834,0.0006336460862226834,0.0026612659124431795,0.03172363037430992,0.13676931253779215,0,4376,0.0034967652519324382,0.18120921496589104,4376,0.0034967652519324382,0.18120921496590095,4376,0.0034967652519324382,0.18120921496589104,True,43,3901,-365.2789206036772,-365.2788766228959,True,False,accepted,L-BFGS-B>Newton-CG,True,1.0077636953976215e-12,5.045391058418105e-11,2.0973946196225832e-08,9.863147852229304e-06,330.98344189525966,9.754534758600088e-15,-4.682906352190125e-16,4.3980781299524097e-05,9.863147738542466e-06,9.934919660281594e-06,-7.177192173912772e-08,9.934919660281594e-06,1.9879839320563189e-07,False,0,none,True,11.5629462999932,5.476206700026523,0.005156183248061552,ok,0.0006687057635998682,0.0013374115271034277,0.025968257704625804,0.005675312907074575,0.025968271011196597,0.005674860729137092,0.11102367166172672,0.005030728018523149,3058.2897349999985
174,174,162,162,1583,1583,1583,1,0.0005870646349830366,0.0005870646349830366,0.19523560376192955,0.0047625271735525125,0.008516817202577832,0,4376,0.0034917233413622206,0.16813034069131205,4376,0.0034917233413622206,0.16813034068527605,4376,0.0034917233413622206,0.16813034069131205,True,44,3900,-365.2791073803068,-365.2790620815692,True,False,accepted,L-BFGS-B>Newton-CG,True,6.633631737572969e-13,5.381494563108376e-12,1.2426746147897904e-07,0.00018677662961863462,330.98344189525966,1.0290645627839858e-14,-4.682906352190125e-16,4.5298737632037955e-05,0.00018677662961863462,0.00018545867328612076,1.3179563325138588e-06,0.00018677662961863462,3.7356325923726923e-06,False,0,none,True,11.814848900015932,8.753306800004793,0.004970724574775431,ok,0.0006448491170363731,0.0012896982339798734,0.02590511626764811,0.00566151346714577,0.025905128573358423,0.005661062177024195,0.10878501369984551,0.0049292894769566295,3079.486120699992
175,175,163,163,1499,1499,1499,1,-0.0005524972457215671,0.0005524972457215671,0.0008354662739783784,0.025620500165838916,0.1175771789688606,0,4376,0.0037902736107677656,0.14576711405529696,4376,0.0037902736107677656,0.14576711405529627,4376,0.0037902736107677656,0.14576711405529696,True,45,3899,-365.2791204606633,-365.27907505261527,True,False,accepted,L-BFGS-B>Newton-CG,True,8.885826720668381e-13,4.120551310003247e-11,2.2564654950653627e-08,1.3080356609407318e-05,330.98344189525966,9.598612933669516e-15,-4.682906352190125e-16,4.540804803809806e-05,1.308035649572048e-05,1.2971046089660376e-05,1.0931040606010356e-07,1.308035649572048e-05,2.617071299144096e-07,False,0,none,True,11.626722300017718,5.943567900016205,0.004957753528685771,ok,0.0006449925561498578,0.001289985112206822,0.025925820375560148,0.0056660383102137635,0.02592583265549419,0.005665586651626082,0.10864602574933632,0.004922991625638993,3097.7336959000095
176,176,164,164,3009,3009,3009,1,0.0005101888374214186,0.0005101888374214186,0.014562957832771145,0.010095639480850013,0.02254605585573564,0,4376,0.0037882163073597744,0.1346778525899432,4376,0.0037882163073597744,0.13467785259043094,4376,0.0037882163073597744,0.1346778525899432,True,46,3898,-365.27915476765014,-365.27911054971815,True,False,accepted,L-BFGS-B>Newton-CG,True,6.983273017370228e-13,1.3818531808925564e-11,5.153556422585823e-08,3.4306986833598785e-05,330.98344189525966,1.105846574793283e-14,-4.682906352190125e-16,4.421793198616797e-05,3.4306986833598785e-05,3.5497102885528875e-05,-1.1901160519300902e-06,3.5497102885528875e-05,7.100420577105775e-07,False,0,none,True,11.78453630002332,5.755969699996058,0.004922256425800242,ok,0.00064362543101857,0.0012872508619444433,0.025831817981857037,0.005645494267392433,0.025831830263714384,0.005645044256588455,0.10827560438799064,0.004906207014814204,3115.9078959999897
177,177,164,164,2377,2377,,1,0.0004819546940595387,0.0004819546940595387,0.3835521984980884,0.0026046668013358617,0.0040135366656763845,0,4376,0.003729528118180453,0.1292267221984836,4376,0.003729528118180453,0.12922672220560277,4376,0.003729528118180453,0.1292267221984836,True,47,3897,-365.27915476765014,-365.27911054971815,False,True,projected_residual,L-BFGS-B>Newton-CG>trust-krylov,False,5.662029425776343e-07,3.059976436648416e-06,1.8603506621697872e-07,0.0005465820593713033,330.98344189525966,1.0890102703072987e-14,-4.682906352190125e-16,4.421793198616797e-05,,,,,,False,0,none,False,11.730527300009271,20.151977200002875,,,,,,,,,,,3148.017054099997
178,178,165,165,3408,3408,3408,1,0.0004542526033723959,0.0004542526033723959,0.37314161523988487,0.0022125821874314808,0.003371874335271117,0,4376,0.003729528118180453,0.12179894854741431,4376,0.003729528118180453,0.12179894855005094,4376,0.003729528118180453,0.12179894854741431,True,48,3896,-365.27990967130023,-365.2798655780268,True,False,accepted,L-BFGS-B>Newton-CG,True,7.464824777914275e-13,3.6359809960825318e-12,2.063042847571812e-07,0.0007549036500336115,330.98344189525966,1.0496551714020853e-14,-4.682906352190125e-16,4.4093273459111515e-05,0.0007549036500904549,0.0007550283086175114,-1.2465852705645375e-07,0.0007550283086175114,1.5100666172350228e-05,False,0,none,True,11.582705300010275,6.123580300016329,0.004167228117182731,ok,0.0005039630758311967,0.0010079261515898114,0.02274723496067193,0.004971364565192329,0.02274724022892583,0.004970967078082354,0.09990395569980567,0.004526869104380071,3166.4127994000155
179,179,166,166,3981,3981,3981,1,-0.0006452548313812811,0.0006452548313812811,0.0018291327754583163,0.01614596546133797,0.06898937705727973,0,4376,0.003040595716571971,0.21221329355444676,4376,0.003040595716571971,0.21221329355447918,4376,0.003040595716571971,0.21221329355444676,True,49,3895,-365.2799385873273,-365.27989442153927,True,False,accepted,L-BFGS-B>Newton-CG,True,9.346247036383263e-13,2.3386757372165797e-11,4.0963843159834034e-08,2.8916027133618627e-05,330.98344189525966,1.2050218509390264e-14,-4.682906352190125e-16,4.416578804011806e-05,2.8916027076775208e-05,2.8843512495768664e-05,7.251458100654418e-08,2.8916027076775208e-05,5.784205415355042e-07,False,0,none,True,11.703544799995143,8.381411700014723,0.004138384604686962,ok,0.0005050587284984612,0.0010101174569241826,0.022625196385865465,0.0049446932687719795,0.02262520173431867,0.004944297937876963,0.09958847711918474,0.004512574072419596,3187.1586760999926
180,180,167,167,1045,1045,1045,1,-0.0004788987724020366,0.0004788987724020366,0.011642573042770728,0.007242158966732573,0.022948658357632025,0,4376,0.002508788923566687,0.19088842744139561,4376,0.002508788923566687,0.19088842744220413,4376,0.002508788923566687,0.19088842744139561,True,50,3894,-365.2799992805606,-365.2799531159983,True,False,accepted,L-BFGS-B>Newton-CG,True,8.274338823088518e-13,1.2512890103046186e-11,6.71265203717739e-08,6.0693233308484196e-05,330.98344189525966,1.1828029061831252e-14,-4.682906352190125e-16,4.616456232042765e-05,6.0693233308484196e-05,5.8694459028174606e-05,1.99877428030959e-06,6.0693233308484196e-05,1.2139646661696839e-06,True,1,train_valid_drop_disagreed,False,11.603859299997566,5.9447586000023875,0.0040796901456587875,ok,0.0005022987322634208,0.0010045974644544993,0.022397217426740935,0.004894868904581755,0.022397222845865372,0.004894477584392585,0.0988968539903649,0.004481235099384965,3205.370510800014
181,181,168,168,2100,2100,2100,1,-0.00042746246947933386,0.00042746246947933386,0.02033244932689092,0.006716757488056802,0.018710807555775276,0,4376,0.0025323145963585206,0.1688030666071375,4376,0.0025323145963585206,0.1688030666081916,4376,0.0025323145963585206,0.1688030666071375,True,51,3893,-365.28004239661783,-365.2799963311643,True,False,accepted,L-BFGS-B>Newton-CG,True,8.717941705765319e-13,1.3698582779624177e-11,6.464119446526055e-08,4.3116057213410386e-05,330.98344189525966,1.2373129491740232e-14,-4.682906352190125e-16,4.6065453545907076e-05,4.3116057213410386e-05,4.321516598793096e-05,-9.91087745205732e-08,4.321516598793096e-05,8.644033197586192e-07,False,0,none,True,11.796013399987714,42.48703819999355,0.0040364749796708566,ok,0.0004967247862330665,0.0009934495723945935,0.02240202962662362,0.004895920601634992,0.0224020348387364,0.004895529151875106,0.09836242431603599,0.004457018909302832,3260.2968712
182,182,168,168,2632,2632,,1,-0.0004268606803154995,0.0004268606803154995,0.1372908987530847,0.002835401778575954,0.005288223209830603,0,4376,0.0025269871533251612,0.16892079556234016,4376,0.0025269871533251612,0.16892079557546763,4376,0.0025269871533251612,0.16892079556234016,True,52,3892,-365.28004239661783,-365.2799963311643,False,True,projected_residual,L-BFGS-B>Newton-CG>trust-krylov,False,4.606509666511188e-07,3.0598521492030127e-06,1.5154680559356525e-07,0.00033974629582189664,330.98344189525966,1.1046210028219008e-14,-4.682906352190125e-16,4.6065453545907076e-05,,,,,,False,0,none,False,11.43838519998826,36.10992900002748,,,,,,,,,,,3308.064629100001
183,183,169,169,3358,3358,3358,1,-0.0003946899534845727,0.0003946899534845727,0.1653758476492153,0.004133046698928564,0.007490429315147337,0,4376,0.0025269871533251612,0.15618993272886883,4376,0.0025269871533251612,0.15618993272381665,4376,0.0025269871533251612,0.15618993272886883,True,53,3891,-365.28017148749,-365.2801264454254,True,False,accepted,L-BFGS-B>Newton-CG,True,1.0204619912697696e-12,1.0685899214717682e-11,9.649612725752531e-08,0.00012909087223533788,330.98344189525966,1.1765010234072006e-14,-4.682906352190125e-16,4.504206458477711e-05,0.00012909087217849446,0.00013011426113962443,-1.0233889611299674e-06,0.00013011426113962443,2.6023852227924885e-06,False,0,none,True,11.627418600022793,6.185370599996531,0.003906360718531232,ok,0.00045833908762702135,0.0009166781751880315,0.021020267540522417,0.004593939148317869,0.02102027256919417,0.004593571873431438,0.09678635048021508,0.004385603519355331,3326.5332210999914
184,184,170,170,2963,2963,2963,1,-0.00044324206370052743,0.00044324206370052743,0.0025224815404041377,0.015007619424797483,0.06489408490620947,0,4376,0.002808962015248619,0.1577956772980059,4376,0.002808962015248619,0.15779567729808344,4376,0.002808962015248619,0.1577956772980059,True,54,3890,-365.2801895278546,-365.280144544019,True,False,accepted,L-BFGS-B>Newton-CG,True,1.260738806960318e-12,4.2687032119375775e-11,3.053446853448649e-08,1.8040364579974266e-05,330.98344189525966,1.175193331591582e-14,-4.682906352190125e-16,4.498383560758157e-05,1.8040364579974266e-05,1.8098593557169806e-05,-5.822897719554021e-08,1.8098593557169806e-05,3.6207187114339614e-07,False,0,none,True,11.609889000013936,6.084325499978149,0.0038882621249740623,ok,0.000456644905384666,0.0009132898107035648,0.020942503101283268,0.004576943879295768,0.020942508139372453,0.004576577969265514,0.09661388453082058,0.0043777887058937155,3344.8212668999913
185,185,171,171,2331,2331,2331,1,0.0003840905363234892,0.0003840905363234892,0.00012789026905777755,0.08507372640822285,0.5413208600015148,0,4376,0.0015769000985760963,0.24357315765933044,4376,0.0015769000985760963,0.24357315765933374,4376,0.0015769000985760963,0.24357315765933044,True,55,3889,-365.28019110911373,-365.28014586263606,True,False,accepted,L-BFGS-B>Newton-CG,True,1.0109895417660312e-12,2.2392805744034666e-10,5.514796195359993e-09,1.5812591414032795e-06,330.98344189525966,1.2221661366046323e-14,-4.682906352190125e-16,4.524647766857015e-05,1.5812591414032795e-06,1.3186170804146968e-06,2.6264206098858267e-07,1.5812591414032795e-06,3.172518282806559e-08,True,1,train_valid_drop_disagreed,False,11.589073000010103,11.024143500020728,0.0038869435078936476,ok,0.0004564112983661056,0.0009128225966664776,0.0209363283202087,0.004575594392736853,0.02093633335519713,0.004575228590240152,0.0965972146407814,0.004377033356321587,3368.1158252999885
186,186,171,171,1779,1779,,1,0.0003632971711623398,0.0003632971711623398,0.001240150516465753,0.03438935056696468,0.1696239295586961,0,4376,0.0015802108928930428,0.22990423164164941,4376,0.0015802108928930428,0.2299042316416424,4376,0.0015802108928930428,0.22990423164164941,True,56,3888,-365.28019110911373,-365.28014586263606,False,True,projected_residual,L-BFGS-B>Newton-CG>trust-krylov,False,7.681454834157766e-07,7.271189102008186e-05,1.1564234716487118e-08,4.663173911012564e-06,330.98344189525966,1.1975361125643718e-14,-4.682906352190125e-16,4.524647766857015e-05,,,,,,False,1,none,False,11.54732429998694,17.761836799996672,,,,,,,,,,,3397.6584976000013
187,187,172,172,2416,2416,2416,1,0.0003444712100818467,0.0003444712100818467,0.001391926649093032,0.031488610091171355,0.15157859351102318,0,4376,0.0015802108928930428,0.21799065658330605,4376,0.0015802108928930428,0.2179906565833405,4376,0.0015802108928930428,0.21799065658330605,True,57,3887,-365.2801956225762,-365.2801503728997,True,False,accepted,L-BFGS-B>Newton-CG,True,7.213627205912491e-13,6.594080660434216e-11,1.1939549540538195e-08,4.513462499744492e-06,330.98344189525966,1.0415229351304388e-14,-4.682906352190125e-16,4.5249676475123124e-05,4.513462442901073e-06,4.5102636363481e-06,3.1988065529731102e-09,4.513462442901073e-06,9.036924885802145e-08,False,0,none,True,11.766743399988627,6.7244447999983095,0.0038824332442572995,ok,0.0004563366875425075,0.0009126733750192922,0.02095403630866879,0.004579464439646006,0.02095404132055207,0.004579098321773004,0.09654248331997367,0.004374553359173617,3416.7996182999923
188,188,173,173,3642,3642,3642,1,-0.00043386838021709784,0.00043386838021709784,0.0016109582599536179,0.028758704157061988,0.13202338567497643,0,4376,0.0013551744855528802,0.32015683946417384,4376,0.0013551744855528802,0.3201568394641791,4376,0.0013551744855528802,0.32015683946417384,True,58,3886,-365.280203771968,-365.2801584559481,True,False,accepted,L-BFGS-B>Newton-CG,True,9.421989460819194e-13,6.245308943008258e-11,1.6086506603275872e-08,8.149391874212597e-06,330.98344189525966,1.1972849672955109e-14,-4.682906352190125e-16,4.531601990720446e-05,8.149391817369178e-06,8.083048385287839e-06,6.634343208133942e-08,8.149391817369178e-06,1.6308783634738356e-07,False,0,none,True,11.576821399998153,6.2452679999987595,0.0038743501958720117,ok,0.0004540975807947631,0.000908195161524126,0.020889672228504755,0.004565397793394191,0.02088967721412513,0.0045650327977429,0.09645486410957761,0.0043705831390385514,3435.290039100015
189,189,174,174,1407,1407,1407,1,-0.00034464742950390814,0.00034464742950390814,0.15428236790552535,0.0031441715200352474,0.005684308738465743,0,4376,0.0010843171132678946,0.31784745005565407,4376,0.0010843171132678946,0.3178474500642914,4376,0.0010843171132678946,0.31784745005565407,True,59,3885,-365.2803661900289,-365.2803209447615,True,False,accepted,L-BFGS-B>Newton-CG,True,1.1209501868687116e-12,1.0226275756189382e-11,1.1061470369017422e-07,0.00016241806088146404,330.98344189525966,1.1054938702740463e-14,-4.682906352190125e-16,4.5245267358495767e-05,0.00016241806088146404,0.00016248881343017274,-7.075254870869685e-08,0.00016248881343017274,3.2498762686034545e-06,False,0,none,True,11.615007300017169,6.5775723999831825,0.003711861382441839,ok,0.0004573632130209146,0.0009147264259759586,0.0209047230361828,0.004568687118540633,0.020904728331072965,0.004568321926713408,0.09423752652064557,0.004270110670706283,3454.1429538000084
190,190,175,175,3172,3172,3172,1,0.00031509275196603403,0.00031509275196603403,0.0014259687943365686,0.012103957045620162,0.058757603906439825,0,4376,0.000981907968084521,0.32089845709339576,4376,0.000981907968084521,0.32089845709335196,4376,0.000981907968084521,0.32089845709339576,True,60,3884,-365.28038083985416,-365.28033337115056,True,False,accepted,L-BFGS-B>Newton-CG,True,8.00081927397095e-13,3.0734306717613527e-11,2.703221002341907e-08,1.4649825345713907e-05,330.98344189525966,1.2815447555697586e-14,-4.682906352190125e-16,4.7468703598951834e-05,1.4649825288870488e-05,1.2426389048414421e-05,2.223436240456067e-06,1.4649825288870488e-05,2.930965057774098e-07,True,1,train_valid_drop_disagreed,False,11.539257800002815,32.004177199996775,0.0036994349933934245,ok,0.00045639378285228813,0.0009127875656388452,0.020803803342874738,0.004546631313159927,0.020803808664264952,0.004546267895710747,0.09406718108839444,0.004262391942564557,3498.3834183000145
191,191,176,176,2624,2624,2624,1,0.00031363379619087084,0.00031363379619087084,0.43407310184732617,0.0024240072683390746,0.003695500636518698,0,4376,0.0010086760132533002,0.3109361103763163,4376,0.0010086760132533002,0.31093611054235265,4376,0.0010086760132533002,0.3109361103763163,True,61,3883,-365.28064387605514,-365.2805968284574,True,False,accepted,L-BFGS-B>Newton-CG,True,8.331722703338125e-13,6.439406922357387e-12,1.3038649170330712e-07,0.00026303620103362846,330.98344189525966,1.1190367412545164e-14,-4.682906352190125e-16,4.7047597718119505e-05,0.00026303620097678504,0.00026345730685761737,-4.211058808323287e-07,0.00026345730685761737,5.269246137152348e-06,False,0,none,True,11.558708900003694,7.087165700009791,0.003435977686535807,ok,0.00043898529327926836,0.0008779705864953129,0.020228500794770635,0.004420900044860533,0.020228505477312465,0.004420546569805899,0.09069243096242609,0.004109474553325697,3517.723255799996
192,192,177,177,3727,3727,3727,1,-0.00031183299645931584,0.00031183299645931584,0.1687271672636432,0.002738266431192371,0.004865821480334848,0,4376,0.0009483100822492179,0.3288302025849025,4376,0.0009483100822492179,0.32883020248336065,4376,0.0009483100822492179,0.3288302025849025,True,62,3882,-365.2808032704461,-365.2807559449101,True,False,accepted,L-BFGS-B>Newton-CG,True,8.662837073816501e-13,7.607006388273421e-12,1.1487971340698088e-07,0.00015939439089152074,330.98344189525966,1.2160855411861779e-14,-4.682906352190125e-16,4.732553600206302e-05,0.00015939439094836416,0.00015911645266442065,2.7793828394351294e-07,0.00015939439094836416,3.187987818967283e-06,False,0,none,True,11.644619900005637,9.638162599992938,0.0032768612338713865,ok,0.00044420767178326954,0.0008884153435025631,0.020200356345793483,0.004414749129525382,0.020200361734044617,0.004414396301912716,0.08835552280608451,0.004003584078232757,3539.6283728000126
193,193,178,178,2582,2582,2582,1,0.0003235802270937782,0.0003235802270937782,0.028806608090515676,0.005856099422204736,0.015201523223881406,0,4376,0.0009872223870506982,0.32776832387327226,4376,0.0009872223870506982,0.32776832386945887,4376,0.0009872223870506982,0.32776832387327226,True,63,3881,-365.2808397345409,-365.28079221583266,True,False,accepted,L-BFGS-B>Newton-CG,True,9.353556850814788e-10,1.6927906676010554e-08,5.6255248211346866e-08,3.646409481916635e-05,330.98344189525966,1.3065220631183934e-14,-4.682906352190125e-16,4.751870824293292e-05,3.646409481916635e-05,3.627092257829645e-05,1.9317224086989881e-07,3.646409481916635e-05,7.29381896383327e-07,False,0,none,True,11.733129200001713,10.490075699985027,0.00324059031129309,ok,0.00044194750946156884,0.0008838950188594873,0.020004176740707185,0.004371874453160293,0.02000418215603628,0.00437152506945299,0.08791342272536695,0.0039835515461630775,3562.533316199988
194,194,178,178,2813,2813,,1,-0.00035859215719136195,0.00035859215719136195,0.00868737413655419,0.01097702185234806,0.03723368456079232,0,4376,0.0011047592875790063,0.3245884974429033,4376,0.0011047592875790063,0.3245884974427458,4376,0.0011047592875790063,0.3245884974429033,True,64,3880,-365.2808397345409,-365.28079221583266,False,True,projected_residual,L-BFGS-B>Newton-CG>trust-krylov,False,3.405730080410882e-07,1.0425428769509575e-05,3.366753009114935e-08,1.2901043419333291e-05,330.98344189525966,1.1335367594653839e-14,-4.682906352190125e-16,4.751870824293292e-05,,,,,,False,0,none,False,11.675721900013741,15.30202279999503,,,,,,,,,,,3589.7636999000097
195,195,179,179,3806,3806,3806,1,0.00030471174539528634,0.00030471174539528634,0.0011805398004286168,0.02536178182481297,0.12494313231100132,0,4376,0.0011047592875790063,0.27581731950227667,4376,0.0011047592875790063,0.27581731950215355,4376,0.0011047592875790063,0.27581731950227667,True,65,3879,-365.2808446062877,-365.2807974028031,True,False,accepted,L-BFGS-B>Newton-CG,True,6.98259342088875e-13,5.811755344469644e-11,1.301460317412235e-08,4.87174679619784e-06,330.98344189525966,1.2672764855732599e-14,-4.682906352190125e-16,4.7203484598412615e-05,4.87174679619784e-06,5.186970440718142e-06,-3.152236445203016e-07,5.186970440718142e-06,1.0383940881436283e-07,False,0,none,True,11.706495499995071,17.43464630001108,0.003235403340852372,ok,0.0004416978777260233,0.0008833957553884321,0.020087505309098683,0.004390085751935107,0.020087510665407638,0.004389734895022245,0.08785378063707765,0.003980849031283598,3619.605413100013
196,196,180,180,311,311,311,1,0.00029963008312294814,0.00029963008312294814,0.03446022233885699,0.008049933968633472,0.016330960125013616,0,4376,0.0010128126252742047,0.2958396011718629,4376,0.0010128126252742047,0.2958396011619245,4376,0.0010128126252742047,0.2958396011718629,True,66,3878,-365.2808615008404,-365.28081387391785,True,False,accepted,L-BFGS-B>Newton-CG,True,8.349116777599431e-13,2.2430938186797764e-11,3.82214336648366e-08,1.689455274345164e-05,330.98344189525966,1.2754237566797201e-14,-4.682906352190125e-16,4.762692253734713e-05,1.6894552686608222e-05,1.647111474767371e-05,4.234379389345122e-07,1.6894552686608222e-05,3.3799105373216446e-07,True,1,train_valid_drop_disagreed,False,11.393226399988635,24.377914099983172,0.003218932226104698,ok,0.0004414879794634769,0.0008829759588633696,0.020201257650007614,0.004414946107832431,0.020201262932844157,0.004414593241388373,0.08760190667171162,0.003969436065059925,3656.0204089999897
197,197,181,181,2658,2658,2658,1,0.0006128377174934724,0.0006128377174934724,0.005310051604545989,0.01791701180140367,0.04422693654555129,0,4376,0.0009413124629643365,0.6510460039629699,4376,0.0009413124629643365,0.6510460039635272,4376,0.0009413124629643365,0.6510460039629699,False,0,3877,-365.28088254494554,-365.2808325832912,True,False,accepted,L-BFGS-B>Newton-CG,True,8.226746206898134e-13,2.405183373355212e-11,3.5204236974338834e-08,2.1044105324108386e-05,330.98344189525966,1.1867749824859795e-14,-4.682906352190125e-16,4.9961654326580174e-05,2.104410515357813e-05,1.8709373364345083e-05,2.3347317892330466e-06,2.104410515357813e-05,4.209821030715626e-07,True,2,train_valid_drop_disagreed,False,11.526241199986544,6.578614099998958,0.003200222852740353,ok,0.0004413133513469605,0.000882626702630362,0.020107979356511603,0.0043945603157223385,0.02010798469692587,0.004394209096534538,0.08735450912092944,0.003958225935077682,3674.753680499998
198,198,182,182,4018,4018,4018,1,-0.00030061342476639386,0.00030061342476639386,0.005888547382005032,0.01074698564995185,0.039032929611100345,0,4376,0.0008761961734550762,0.3430891778276029,4376,0.0008761961734550762,0.3430891778266991,4376,0.0008761961734550762,0.3430891778276029,True,1,3876,-365.2808955443791,-365.28084616649943,True,False,accepted,L-BFGS-B>Newton-CG,True,8.767929501192165e-13,3.134551046929617e-11,2.8971882958424313e-08,1.2999433636196045e-05,330.98344189525966,1.2378126139096085e-14,-4.682906352190125e-16,4.937787969083729e-05,1.2999433579352626e-05,1.358320821509551e-05,-5.837746357428841e-07,1.358320821509551e-05,2.7176416430191024e-07,False,0,none,True,11.584402700013015,6.593857200001366,0.0031866396445252576,ok,0.0004406792126629368,0.0008813584252624059,0.020249112775811793,0.004425404753777621,0.02024911792629983,0.004425051019764824,0.08719505063226624,0.00395100051841921,3693.6404357000138
199,199,182,182,2194,2194,,1,-0.00029233000918260643,0.00029233000918260643,0.11244701395701111,0.0023821245518713115,0.004590539467306928,0,4376,0.0008796376809875205,0.3323300212133065,4376,0.0008796376809875205,0.3323300211310471,4376,0.0008796376809875205,0.3323300212133065,True,2,3875,-365.2808955443791,-365.28084616649943,False,True,projected_residual,L-BFGS-B>Newton-CG>trust-krylov,False,2.3715480633094704e-07,1.932515544848827e-06,1.2371818819935997e-07,0.00022520104386103412,330.98344189525966,1.1311894617619528e-14,-4.682906352190125e-16,4.937787969083729e-05,,,,,,False,0,none,False,11.763584200001787,39.269815500010736,,,,,,,,,,,3744.9168558999954
200,200,183,183,3133,3133,3133,1,-0.00029009153858794434,0.00029009153858794434,0.09971935564141775,0.0026130823211062645,0.005159583776306099,0,4376,0.0008796376809875205,0.32978525688244126,4376,0.0008796376809875205,0.3297852568458731,4376,0.0008796376809875205,0.32978525688244126,True,3,3874,-365.281087724367,-365.28103871333235,True,False,accepted,L-BFGS-B>Newton-CG,True,8.64496397149408e-13,7.787198013012043e-12,1.1201507829964962e-07,0.0001921799880051367,330.98344189525966,1.133184732572505e-14,-4.682906352190125e-16,4.9011034661816666e-05,0.00019217998789144985,0.00019254683292047048,-3.6684502902062377e-07,0.00019254683292047048,3.85103665840941e-06,False,0,none,True,11.467547799984459,8.112286100018537,0.002994092811604787,ok,0.0004147751142650446,0.0008295502284703523,0.019463818496164118,0.004253780195371364,0.01946382317147001,0.004253440119560508,0.08442966962499089,0.003825694991165712,3765.246784799994
201,201,184,184,3186,3186,3186,1,-0.00029246184388953544,0.00029246184388953544,0.007610384557759716,0.01047734426966096,0.036308837678101835,0,4376,0.0008426713923722124,0.3470651152238873,4376,0.0008426713923722124,0.34706511522575606,4376,0.0008426713923722124,0.3470651152238873,True,4,3873,-365.2810989699003,-365.28105051097606,True,False,accepted,L-BFGS-B>Newton-CG,True,9.234920266500869e-13,3.308378203004854e-11,2.8913738091108196e-08,1.1245533414694364e-05,330.98344189525966,1.2247654266098716e-14,-4.682906352190125e-16,4.845892425464626e-05,1.1245533301007526e-05,1.179764370817793e-05,-5.52110407170403e-07,1.179764370817793e-05,2.360528741635586e-07,False,0,none,True,11.634742800000822,6.964095400006045,0.002982295167896609,ok,0.0004135606330139287,0.0008271212659682953,0.019690024727060388,0.004303217133207883,0.01969002917631537,0.004302873043802498,0.08425766303720275,0.0038179009923940553,3784.5691936000076
202,202,185,185,3956,3956,3956,1,-0.00029038967857264453,0.00029038967857264453,0.040663834649503836,0.004684200702111335,0.011109634684096563,0,903,0.0005093423208659496,0.5701267432066974,903,0.0005093423208659496,0.5701267431785093,903,0.0005093423208659496,0.5701267432066974,False,0,3872,-365.2811626577917,-365.2811150877243,True,False,accepted,L-BFGS-B>Newton-CG,True,1.1158313032103191e-12,1.799918578638043e-11,6.299343217261764e-08,6.368789138377906e-05,330.98344189525966,1.0530303435870095e-14,-4.682906352190125e-16,4.7570067408742034e-05,6.368789138377906e-05,6.457674822968329e-05,-8.88856845904229e-07,6.457674822968329e-05,1.2916349645936657e-06,False,0,none,True,11.611940500006313,7.028541200008476,0.002917718419666926,ok,0.00040010622835085386,0.0008002124566440833,0.019706959585054667,0.00430691821393681,0.019706963613667576,0.004306573735830035,0.08332031331381692,0.003775427604097552,3803.9242624999897
203,203,186,186,1563,1563,1563,1,-0.00028112994958284787,0.00028112994958284787,0.08717486731802974,0.0034759715954254026,0.007053769231065829,0,903,0.000611709637695075,0.45958070996256806,903,0.000611709637695075,0.45958070997451567,903,0.000611709637695075,0.45958070996256806,True,1,3871,-365.2813366692015,-365.2812883201132,True,False,accepted,L-BFGS-B>Newton-CG,True,8.691839951570672e-13,1.074684104036235e-11,8.187809170086701e-08,0.000174011409853847,330.98344189525966,1.1838040144234851e-14,-4.682906352190125e-16,4.834908827433537e-05,0.00017401140979700358,0.00017323238893141024,7.790208655933384e-07,0.00017401140979700358,3.4803281959400713e-06,False,0,none,True,11.776270200003637,6.948015600006329,0.0027444860307355157,ok,0.00034674158648910654,0.0006934831729282745,0.018886262376978144,0.004127556413434997,0.01888626579117436,0.004127226183528729,0.08105432573168685,0.003672750697016149,3823.3689028999943
204,204,187,187,277,277,277,1,-0.0002762976705827924,0.0002762976705827924,0.14196998677128023,0.0046778139266267435,0.008707283174457599,0,903,0.0005981910164227901,0.46188869942424954,903,0.0005981910164227901,0.46188869944196426,903,0.0005981910164227901,0.46188869942424954,True,2,3870,-365.28138864454183,-365.2813394230929,True,False,accepted,L-BFGS-B>Newton-CG,True,9.148784903778292e-13,1.54892053010591e-11,6.0065553887085e-08,5.197534034095952e-05,330.98344189525966,1.1578111990743871e-14,-4.682906352190125e-16,4.922144893271252e-05,5.197534034095952e-05,5.110297968258237e-05,8.72360658377147e-07,5.197534034095952e-05,1.0396068068191904e-06,False,0,none,True,11.641269699990517,7.004692200018326,0.0026933830510529333,ok,0.0003529134973785959,0.0007058269947063643,0.01895932144965035,0.004143523333620082,0.018959325232774542,0.004143191903997789,0.08025895974468451,0.0036367109057184495,3842.7292660000094
205,205,188,188,3492,3492,3492,1,-0.00028796150107401886,0.00028796150107401886,0.017399427799481754,0.010487465690892475,0.030541169315321002,0,4934,0.0006711136887152851,0.4290800588872869,4934,0.0006711136887152851,0.42908005889916434,4934,0.0006711136887152851,0.4290800588872869,True,3,3869,-365.2814045204626,-365.2813552622097,True,False,accepted,L-BFGS-B>Newton-CG,False,3.03035937428621e-09,1.1036471834990089e-07,2.8457682306393807e-08,1.5875920837515878e-05,330.98344189525966,1.1065302997883067e-14,-4.682906352190125e-16,4.9258252943218395e-05,1.587592078067246e-05,1.5839116770166584e-05,3.680401050587534e-08,1.587592078067246e-05,3.176184156134492e-07,False,0,none,True,11.75610400000005,47.30849150000722,0.0026775439342827667,ok,0.0003498763379989456,0.0006997526759475011,0.018882027023702164,0.004126630785101106,0.018882030669068756,0.004126300679935908,0.08003012734755391,0.0036263420038927354,3902.4750826999953
206,206,189,189,2371,2371,2371,1,-0.00028625398361148413,0.00028625398361148413,0.010030525730479075,0.009180373802564755,0.030323954847588905,0,4934,0.0006361472498390061,0.44998069815428465,4934,0.0006361472498390061,0.44998069815672975,4934,0.0006361472498390061,0.44998069815428465,True,4,3868,-365.28141535945196,-365.2813659528067,True,False,accepted,L-BFGS-B>Newton-CG,True,1.120263539618903e-12,3.592766641882499e-11,3.2181082749975646e-08,1.0838989453532122e-05,330.98344189525966,1.2708446118635686e-14,-4.682906352190125e-16,4.940664524610838e-05,1.0838989339845284e-05,1.0690597036955296e-05,1.4839230288998806e-07,1.0838989339845284e-05,2.1687978679690568e-07,False,0,none,True,11.475609499990242,6.796283500007121,0.0026668533372458114,ok,0.00034972614585540796,0.0006994522916604475,0.01907084529212894,0.0041678966554603274,0.019070848821632288,0.00416756321599266,0.07986617891597665,0.0036189131379942845,3921.483770699997
207,207,190,190,3759,3759,3759,1,0.00025964548632850804,0.00025964548632850804,0.027862837296170215,0.009536345698182366,0.02054032353862301,0,4934,0.0006305988505471489,0.4117443063894306,4934,0.0006305988505471489,0.4117443063936687,4934,0.0006305988505471489,0.4117443063894306,True,5,3867,-365.2814252643403,-365.28137547251066,True,False,accepted,L-BFGS-B>Newton-CG,True,8.685250460939331e-13,3.189947647997905e-11,2.8226937302216924e-08,9.904888372602727e-06,330.98344189525966,1.2005574790872279e-14,-4.682906352190125e-16,4.979182966735607e-05,9.904888372602727e-06,9.51970395135504e-06,3.8518442124768626e-07,9.904888372602727e-06,1.9819776745205456e-07,True,1,train_valid_drop_disagreed,False,11.604603999992833,10.040417099982733,0.0026573336332944564,ok,0.0003493295069509105,0.0006986590138515097,0.018909537995719636,0.004132643255261902,0.018909541594290966,0.00413231265774908,0.07973074311302027,0.0036127762423354935,3943.7983149999927
208,208,191,191,145,145,145,1,0.0002491271890044458,0.0002491271890044458,0.0010343252635117812,0.034618696502846824,0.1786556928301488,0,903,0.0005942904132917524,0.4192010899596034,903,0.0005942904132917524,0.41920108995962585,903,0.0005942904132917524,0.4192010899596034,True,6,3866,-365.28142739874727,-365.2813776846479,True,False,accepted,L-BFGS-B>Newton-CG,True,9.664866913102554e-13,1.343029220334978e-10,8.196319161761757e-09,2.1344069409678923e-06,330.98344189525966,1.1543595398143258e-14,-4.682906352190125e-16,4.971409936160853e-05,2.1344069409678923e-06,2.2121372467154288e-06,-7.773030574753648e-08,2.2121372467154288e-06,4.4342744934308575e-08,False,0,none,True,11.489505800011102,11.072979899996426,0.002655121496047741,ok,0.00034945131268510635,0.0006989026253198838,0.01883435876635811,0.004116212978899411,0.018834362408804175,0.004115883708467723,0.0797029729590308,0.0036115179152628745,3967.088004399993
209,209,192,192,3137,3137,3137,1,0.0002446557733701629,0.0002446557733701629,0.00556027285701843,0.017267308463997596,0.04312728969929359,0,903,0.0005983477668814573,0.40888557944369053,903,0.0005983477668814573,0.40888557944383386,903,0.0005983477668814573,0.40888557944369053,True,7,3865,-365.28143072578183,-365.28138166833895,True,False,accepted,L-BFGS-B>Newton-CG,True,8.017818198569159e-13,5.6588135289562914e-11,1.516872663773383e-08,3.3270346193603473e-06,330.98344189525966,1.1964003260853985e-14,-4.682906352190125e-16,4.9057442879529845e-05,3.3270345625169284e-06,3.983691044595616e-06,-6.56656482078688e-07,3.983691044595616e-06,7.977382089191232e-08,False,0,none,True,11.666298500000266,11.338691799988737,0.0026511378050031453,ok,0.0003500195160547321,0.0007000390320590535,0.018953872778477043,0.004142332536987208,0.0189538763716141,0.004142001161333227,0.07965460209842976,0.0036093261246288267,3990.774722000002
210,210,193,193,1271,1271,1271,1,0.00024104429460546995,0.00024104429460546995,0.03903124940378945,0.007162919717509969,0.014080231366519376,0,4934,0.0007119563705796982,0.3385661040004513,4934,0.0007119563705796982,0.338566104000553,4934,0.0007119563705796982,0.3385661040004513,True,8,3864,-365.2814441255854,-365.2813939058573,True,False,accepted,L-BFGS-B>Newton-CG,True,7.853908141956078e-13,2.3338828071364302e-11,3.465168172943727e-08,1.3399803719948977e-05,330.98344189525966,1.142899522851154e-14,-4.682906352190125e-16,5.021972805252517e-05,1.339980354941872e-05,1.2237518376423395e-05,1.1622851729953254e-06,1.339980354941872e-05,2.6809607098837443e-07,True,1,train_valid_drop_disagreed,False,11.746462699986296,7.064365099999122,0.002638900286626722,ok,0.00035093350208252356,0.0007018670041145048,0.018941235736849717,0.004139570735780883,0.01894123938055026,0.004139239592636886,0.07946396852465118,0.003600688095940665,4010.364800100011
211,211,194,194,362,362,362,1,0.0002367434128059953,0.0002367434128059953,0.010626418314160592,0.011302428937448905,0.03209174676751278,0,4934,0.0007148635595883294,0.3311728645705895,4934,0.0007148635595883294,0.33117286456927814,4934,0.0007148635595883294,0.3311728645705895,True,9,3863,-365.28145143574056,-365.28140164660255,True,False,accepted,L-BFGS-B>Newton-CG,True,1.0044264838369278e-12,4.7952586396867693e-11,2.194624209680873e-08,7.310155183404277e-06,330.98344189525966,1.137993253910773e-14,-4.682906352190125e-16,4.978913801778617e-05,7.310155183404277e-06,7.740745218143275e-06,-4.3059003473899793e-07,7.740745218143275e-06,1.549149043628655e-07,False,0,none,True,11.678758599999128,7.202753199992003,0.0026311595414085787,ok,0.00034958918660684334,0.000699178373163338,0.019115016139676803,0.00417755010946006,0.019115019587402464,0.0041772158780407805,0.07932169930353729,0.003594241562997566,4029.9752455000125
212,212,195,195,1101,1101,1101,1,0.00023296771002279115,0.00023296771002279115,0.0839861108201363,0.00547552447765578,0.011557032582229175,0,4934,0.0007630568457923198,0.3053084593991018,4934,0.0007630568457923198,0.3053084593923907,4934,0.0007630568457923198,0.3053084593991018,True,10,3862,-365.2814772797495,-365.28142697973294,True,False,accepted,L-BFGS-B>Newton-CG,True,9.706466825602141e-13,2.2813460582818542e-11,4.354710411147511e-08,2.584400886007643e-05,330.98344189525966,1.1110838642094511e-14,-4.682906352190125e-16,5.030001653949512e-05,2.5844008916919847e-05,2.53331303952109e-05,5.108785217089462e-07,2.5844008916919847e-05,5.169801783383969e-07,False,0,none,True,11.754126299987547,7.0872853999899235,0.0026058264110133678,ok,0.0003469807863448287,0.0006939615726396844,0.019154716433835223,0.004186226532592283,0.019154719807097775,0.0041858915891649405,0.07890352910638611,0.003575293346857413,4049.493115099991
213,213,196,196,3384,3384,3384,1,0.00026481007825840397,0.00026481007825840397,0.008950475088667767,0.00871565062776639,0.029018160844996123,0,4934,0.0007741204854804155,0.34207863404372263,4934,0.0007741204854804155,0.3420786340426705,4934,0.0007741204854804155,0.34207863404372263,True,11,3861,-365.28148859596337,-365.2814384899829,True,False,accepted,L-BFGS-B>Newton-CG,True,9.726803662437442e-13,3.2013669191005406e-11,3.1383282854594795e-08,1.1316213829104527e-05,330.98344189525966,1.2284107176016752e-14,-4.682906352190125e-16,5.010598044918879e-05,1.1316213885947946e-05,1.1510249976254272e-05,-1.9403609030632651e-07,1.1510249976254272e-05,2.3030499952508546e-07,False,0,none,True,11.631823200004874,9.921312099992065,0.0025943161610371135,ok,0.0003468645756532291,0.0006937291512565018,0.019125579107656856,0.004179858625849419,0.019125582492881318,0.004179524195658911,0.07872579022437819,0.003567239605161474,4071.7598452999955
214,214,197,197,1286,1286,1286,1,0.00023049018145115951,0.00023049018145115951,0.16182276318208919,0.0042695215144509645,0.008027502648122863,0,4934,0.000788694765335209,0.2922425652884829,4934,0.000788694765335209,0.2922425653808868,4934,0.000788694765335209,0.2922425652884829,True,12,3860,-365.2815300054334,-365.2814796694624,True,False,accepted,L-BFGS-B>Newton-CG,True,7.265985219037053e-13,1.3459263211262104e-11,5.498501466972727e-08,4.140947004316331e-05,330.98344189525966,1.2122779586816804e-14,-4.682906352190125e-16,5.033597102510612e-05,4.140947004316331e-05,4.117947946724598e-05,2.2999057591732708e-07,4.140947004316331e-05,8.282894008632662e-07,False,0,none,True,11.602959400013788,18.933369300008053,0.0025531366815698675,ok,0.00033958663537795073,0.0006791732707069933,0.01876643111285488,0.00410136752053023,0.018766434278748877,0.004101039336368851,0.07813636924558176,0.003540531637496965,4103.060632400011
215,215,198,198,2451,2451,2451,1,-0.000222182858868325,0.000222182858868325,0.008031932189163832,0.010685556738374782,0.03582838095249447,0,4934,0.0006732449598549433,0.33001785697169767,4934,0.0006732449598549433,0.33001785697138536,4934,0.0006732449598549433,0.33001785697169767,True,13,3859,-365.2815359217422,-365.2814854322808,True,False,accepted,L-BFGS-B>Newton-CG,False,3.064759179276984e-09,1.4739507031439652e-07,2.17928200905213e-08,5.916308907671919e-06,330.98344189525966,1.2330149345930654e-14,-4.682906352190125e-16,5.048946138686006e-05,5.916308793985081e-06,5.762818432231143e-06,1.534903617539385e-07,5.916308793985081e-06,1.1842617587970162e-07,True,1,train_valid_drop_disagreed,False,11.58927820000099,81.19508330000099,0.0025473738631376364,ok,0.000339435630468371,0.0006788712608878556,0.018668108952089618,0.00407987940090397,0.018668112156903054,0.004079552948313685,0.0780460238718832,0.0035364378888755525,4196.602648600005
216,216,198,198,3481,3481,,1,-0.00022336907636753486,0.00022336907636753486,9.47774329957138e-05,0.09375772264370598,0.6297859214057115,0,3134,0.0006821527771305705,0.32744728725890665,3134,0.0006821527771305705,0.3274472872589221,3134,0.0006821527771305705,0.32744728725890665,True,14,3858,-365.2815359217422,-365.2814854322808,False,True,projected_residual,L-BFGS-B>Newton-CG>trust-krylov,False,4.047624915448001e-07,0.00016989636963594428,3.3824081256834943e-09,5.92783578667877e-07,330.98344189525966,1.2538796430728964e-14,-4.682906352190125e-16,5.048946138686006e-05,,,,,,False,1,none,False,11.273418899974786,12.8484019000025,,,,,,,,,,,4220.981637499994
217,217,199,199,100,100,100,1,-0.00021505204414151713,0.00021505204414151713,0.010719592986649313,0.007936963511501907,0.025794053885954134,0,3134,0.0006821527771305705,0.31525495658922476,3134,0.0006821527771305705,0.3152549565872189,3134,0.0006821527771305705,0.31525495658922476,True,15,3857,-365.2815457598524,-365.28149457451804,True,False,accepted,L-BFGS-B>Newton-CG,True,9.770340279046934e-13,3.605956218674973e-11,2.8095005281670046e-08,9.838110258897359e-06,330.98344189525966,1.0909112663508216e-14,-4.682906352190125e-16,5.118533437098449e-05,9.83811020205394e-06,9.142237217929505e-06,6.958729841244349e-07,9.83811020205394e-06,1.9686220404107883e-07,True,2,train_valid_drop_disagreed,False,11.487860699999146,9.322725900012301,0.002538231625919707,ok,0.0003387693656640409,0.0006775387312792915,0.01872680083808364,0.00409270640000076,0.018726803988794578,0.0040923789070299475,0.07789982524561102,0.0035298133058974473,4242.479472600011
218,218,200,200,2749,2749,2749,1,0.00021003736670088813,0.00021003736670088813,0.3468965314771842,0.001614949983100882,0.002482807654734762,0,3134,0.0006815808164224197,0.3081620867843123,3134,0.0006815808164224197,0.30816208676060575,3134,0.0006815808164224197,0.3081620867843123,True,16,3856,-365.2818628708621,-365.28181416577985,True,False,accepted,L-BFGS-B>Newton-CG,True,7.868405799791326e-13,6.049914835865601e-12,1.3105812500277187e-07,0.00031711100967868333,375.171690866386,1.398573538067844e-14,-4.682906352190125e-16,4.870508223575598e-05,0.00031711100967868333,0.00031959126181391184,-2.480252135228511e-06,0.00031959126181391184,6.391925236278237e-06,False,0,none,True,11.660894700005883,7.846781599975657,0.002218640364105795,ok,0.0003361287944443568,0.0006722575888403034,0.016349843418301452,0.003573226915566441,0.016349845930704782,0.003572940938562821,0.07287426615049326,0.0033020941125925813,4262.7176506000105
219,219,201,201,457,457,457,1,-0.0003045410706820073,0.0003045410706820073,0.0901791104130883,0.006050909904556238,0.010968986786651213,0,3134,0.0008737385799619423,0.34854941474058787,3134,0.0008737385799619423,0.3485494147525096,3134,0.0008737385799619423,0.34854941474058787,True,17,3855,-365.2818986853846,-365.2818498223124,True,False,accepted,L-BFGS-B>Newton-CG,True,8.184789375839331e-13,1.6262313319053774e-11,5.1329797583284816e-08,3.5814522675536864e-05,375.171690866386,1.1773757966834775e-14,-4.682906352190125e-16,4.88630722088601e-05,3.581452250500661e-05,3.5656532531902485e-05,1.5798997310412233e-07,3.581452250500661e-05,7.163904501001321e-07,False,0,none,True,11.582763199985493,14.523579400003655,0.0021829838315738925,ok,0.0003311534183651097,0.0006623068366825258,0.016229057697177106,0.0035468294279149995,0.016229060155388438,0.0035465455558018524,0.07227731267002473,0.0032750448306241554,4289.57313959999
220,220,202,202,3659,3659,3659,1,-0.0002448926778408911,0.0002448926778408911,0.013560562589112765,0.009567517949194101,0.02808635512396712,0,3134,0.0006368856137383968,0.38451595162185853,3134,0.0006368856137383968,0.38451595162000307,3134,0.0006368856137383968,0.38451595162185853,True,18,3854,-365.28190919449156,-365.28186016324514,True,False,accepted,L-BFGS-B>Newton-CG,True,7.660097128149728e-13,2.992662639831675e-11,2.6596260086905672e-08,1.0509106971312576e-05,375.171690866386,1.0830341140512408e-14,-4.682906352190125e-16,4.9031246419417585e-05,1.0509106971312576e-05,1.0340932760755095e-05,1.6817421055748127e-07,1.0509106971312576e-05,2.1028213942625155e-07,False,0,none,True,11.44639980001375,12.301085899991449,0.0021726428988131374,ok,0.0003315384756777618,0.0006630769513077746,0.016217214236444726,0.0035442410622909576,0.01621721669677312,0.0035439573981935063,0.07213003965385086,0.0032683715646643005,4314.078629399999
221,221,203,203,483,483,483,1,0.00023423834507063646,0.00023423834507063646,0.2569492672818554,0.0026938180073011273,0.004517323814130139,0,3134,0.0006236769063948783,0.37557642854636897,3134,0.0006236769063948783,0.3755764284896133,3134,0.0006236769063948783,0.37557642854636897,True,19,3853,-365.28201226283505,-365.2819611864831,True,False,accepted,L-BFGS-B>Newton-CG,True,9.730971370427922e-13,1.119093711922911e-11,8.795403491909032e-08,0.0001030683436624713,375.171690866386,1.2193588153075474e-14,-4.682906352190125e-16,5.1076351951451215e-05,0.00010306834349194105,0.00010102323795990742,2.045105532033631e-06,0.00010306834349194105,2.061466869838821e-06,False,0,none,True,11.602478800021345,11.548052700003609,0.00207161966085323,ok,0.00031011833441727644,0.0006202366687898888,0.015311623396614297,0.003346325921418699,0.015311625441909085,0.0033460580368281654,0.07042635391339773,0.003191173797188461,4337.993531100015
222,222,203,203,3683,3683,,1,-0.00023427488681271313,0.00023427488681271313,0.10245429735132756,0.004625736983712036,0.009529304603052072,0,3134,0.0009494454939887124,0.24674916916873413,3134,0.0009494454939887124,0.24674916915474146,3134,0.0009494454939887124,0.24674916916873413,True,20,3852,-365.28201226283505,-365.2819611864831,False,True,projected_residual,L-BFGS-B>Newton-CG>trust-krylov,False,7.570197324120033e-07,1.4947287875045355e-05,5.164595923624748e-08,3.8922383055250975e-05,375.171690866386,1.252029723116093e-14,-4.682906352190125e-16,5.1076351951451215e-05,,,,,,False,0,none,False,11.665868699987186,16.130888599989703,,,,,,,,,,,4366.059124899999
223,223,204,204,2773,2773,2773,1,0.0002108074836222329,0.0002108074836222329,0.2251531410369416,0.003317202348696013,0.005731889185857358,0,3134,0.0009494454939887124,0.22203221244076926,3134,0.0009494454939887124,0.22203221240188792,3134,0.0009494454939887124,0.22203221244076926,True,21,3851,-365.2820659437142,-365.2820147254972,True,False,accepted,L-BFGS-B>Newton-CG,True,8.778079334337731e-10,1.381291824737423e-08,6.454978127816257e-08,5.3680879204875964e-05,375.171690866386,1.2398634500815006e-14,-4.682906352190125e-16,5.1218216981396836e-05,5.3680879148032545e-05,5.3539014118086925e-05,1.4186502994562034e-07,5.3680879148032545e-05,1.073717582960651e-06,False,0,none,True,11.763228800002253,15.333100000018021,0.002018080646735143,ok,0.0003084891988731133,0.0006169783977017972,0.0153479079427168,0.003354255839365647,0.015347909947231154,0.0033539873099876914,0.0694940681711119,0.0031489298690712485,4393.900466499996
224,224,204,204,2831,2831,,1,-0.0002231533393146634,0.0002231533393146634,0.0909350999821564,0.0029950829929378015,0.006028780529713192,0,3134,0.0009861611885298525,0.226284852730146,3134,0.0009861611885298525,0.22628485282543725,3134,0.0009861611885298525,0.226284852730146,True,22,3850,-365.2820659437142,-365.2820147254972,False,True,projected_residual,L-BFGS-B>Newton-CG>trust-krylov,False,3.880600668476737e-07,5.208402179231404e-06,7.550654797647348e-08,0.00011545597010353958,375.171690866386,1.1132289751483726e-14,-4.682906352190125e-16,5.1218216981396836e-05,,,,,,False,0,none,False,11.618788699997822,11.629589399992255,,,,,,,,,,,4417.415435800009
225,225,205,205,1884,1884,1884,1,-0.00022178530402339192,0.00022178530402339192,0.11539029733439603,0.004593608164710549,0.00927636341353735,0,3134,0.0009861611885298525,0.22489761978366296,3134,0.0009861611885298525,0.22489761979242526,3134,0.0009861611885298525,0.22489761978366296,True,23,3849,-365.2821028157779,-365.28205178548905,True,False,accepted,L-BFGS-B>Newton-CG,True,1.0546360613645435e-12,2.1843585883956584e-11,4.9281269703942705e-08,3.687206378799601e-05,375.171690866386,1.1878407193402149e-14,-4.682906352190125e-16,5.103028883013394e-05,3.6872063674309175e-05,3.705999182557207e-05,-1.8792815126289497e-07,3.705999182557207e-05,7.412998365114414e-07,False,0,none,True,11.803857799997786,7.621632700000191,0.001981020654909571,ok,0.00030636291065370036,0.0006127258212632776,0.015309581393626663,0.0033458796455828757,0.01530958341742687,0.0033456117920806017,0.06885972268308885,0.0031201862725727964,4437.642385399988
226,226,206,206,1631,1631,1631,1,-0.00021904105016634645,0.00021904105016634645,0.03964402272798885,0.006036532585186027,0.014589401737458789,0,3134,0.0009423520521461883,0.23244078438359078,3134,0.0009423520521461883,0.23244078436173346,3134,0.0009423520521461883,0.23244078438359078,True,24,3848,-365.28212235018196,-365.28207081905055,True,False,accepted,L-BFGS-B>Newton-CG,True,9.624753245355469e-13,2.6524770836981184e-11,3.728590536939347e-08,1.9534404088972224e-05,375.171690866386,1.1080978189604955e-14,-4.682906352190125e-16,5.1531131418869336e-05,1.9534404088972224e-05,1.903356150023683e-05,5.008425887353951e-07,1.9534404088972224e-05,3.907880817794445e-07,True,1,train_valid_drop_disagreed,False,11.730405599984806,9.057415799994487,0.001961987093409334,ok,0.0003078919724317281,0.0006157839448191128,0.01532499953515402,0.0033492492508374375,0.015325001630515976,0.003348981142775344,0.06854316090975943,0.0031058421587559348,4459.121416300011
227,227,207,207,3369,3369,3369,1,-0.00020601572239975496,0.00020601572239975496,0.09430391421810796,0.003661242365321971,0.007558096829542068,0,3134,0.0009489223088427582,0.21710494155311608,3134,0.0009489223088427582,0.2171049415446227,3134,0.0009489223088427582,0.21710494155311608,True,25,3847,-365.2821764395906,-365.282125812237,True,False,accepted,L-BFGS-B>Newton-CG,True,7.405812656516705e-13,1.3161362029751144e-11,5.726934841375786e-08,5.4089408706659015e-05,375.171690866386,1.1068797855823438e-14,-4.682906352190125e-16,5.0627353630261496e-05,5.4089408649815596e-05,5.4993186438423436e-05,-9.037777886078402e-07,5.4993186438423436e-05,1.0999637287684687e-06,False,0,none,True,11.649727099982556,10.741728099994361,0.0019069939069709108,ok,0.00029703694800539796,0.0005940738959680159,0.01505750967307517,0.003290789854599342,0.01505751160018215,0.003290526397446992,0.06760042806020283,0.0030631248491114057,4482.291087999998
228,228,208,208,3955,3955,3955,1,-0.00019922665205651668,0.00019922665205651668,0.06872924731367898,0.0035218260219905314,0.007502900398034447,0,3134,0.0008981159909503822,0.22182730745690873,3134,0.0008981159909503822,0.2218273075111118,3134,0.0008981159909503822,0.22182730745690873,True,26,3846,-365.28223543108004,-365.2821843188946,True,False,accepted,L-BFGS-B>Newton-CG,True,8.829373880912687e-13,1.560811187076237e-11,5.7569135037096705e-08,5.899148959542799e-05,375.171690866386,1.0539322642692459e-14,-4.682906352190125e-16,5.111218541742346e-05,5.8991489424897736e-05,5.850665763773577e-05,4.848317871619656e-07,5.8991489424897736e-05,1.1799297884979548e-06,False,0,none,True,11.668328400002792,13.814084599987837,0.001848487249333175,ok,0.0002990086906110906,0.0005980173811791172,0.014649966061339616,0.003201721980035444,0.014649968182095725,0.0032014657072793728,0.06658784386205599,0.0030172424204321243,4508.553545800009
229,229,209,209,1970,1970,1970,1,-0.00020425723445209425,0.00020425723445209425,6.516088147529821e-05,0.1038725095757753,0.660173362693753,0,3134,0.0008457386494484601,0.2415134209430993,3134,0.0008457386494484601,0.24151342094317832,3134,0.0008457386494484601,0.2415134209430993,True,27,3845,-365.28223568593705,-365.2821848204596,True,False,accepted,L-BFGS-B>Newton-CG,True,1.1199484573845392e-12,5.695360420394753e-10,2.96642244689918e-09,2.5485701371508185e-07,375.171690866386,1.2447176264956256e-14,-4.682906352190125e-16,5.0865477476236265e-05,2.5485701371508185e-07,5.015649549022783e-07,-2.467079411871964e-07,5.015649549022783e-07,1.0131299098045565e-08,False,0,none,True,11.60124730001553,6.8670966000063345,0.0018479856843782727,ok,0.00029901257065408554,0.0005980251412651066,0.01464494899321267,0.0032006255094204185,0.014644951115919003,0.0032003693250131264,0.06657891378587341,0.0030168377789373257,4527.827348799998
230,230,210,210,3,3,3,1,0.00017714434381843613,0.00017714434381843613,0.009354103204660746,0.007295368532744946,0.02331165558406207,0,3134,0.0008457183431999435,0.2094602124250673,3134,0.0008457183431999435,0.20946021242259671,3134,0.0008457183431999435,0.2094602124250673,True,28,3844,-365.2822416068817,-365.28219042515457,True,False,accepted,L-BFGS-B>Newton-CG,False,1.167001921632594e-09,4.806085768306049e-08,2.5281753965533474e-08,5.920944659010274e-06,375.171690866386,1.3182524529983287e-14,-4.682906352190125e-16,5.1181727144467004e-05,5.920944659010274e-06,5.604694990779535e-06,3.162496682307392e-07,5.920944659010274e-06,1.1851889318020548e-07,True,1,train_valid_drop_disagreed,False,11.90939809998963,185.25674829998752,0.0018423809893874932,ok,0.00029880161992364233,0.0005976032398042505,0.014647623773670916,0.0032012100775586027,0.01464762588574525,0.0032009538439531785,0.0664592976440823,0.003011417707100667,4725.749942399998
231,231,211,211,162,162,162,1,0.00022352396841583688,0.00022352396841583688,0.0026666009465893857,0.013702291908151512,0.057166399318380655,0,3134,0.0008460020375982821,0.2642120922668222,3134,0.0008460020375982821,0.2642120922666928,3134,0.0008460020375982821,0.2642120922668222,True,29,3843,-365.2822467374425,-365.2821945081831,True,False,accepted,L-BFGS-B>Newton-CG,True,9.4996204029647e-13,5.823382789857027e-11,1.7312890197619873e-08,5.130560907673498e-06,375.171690866386,1.0889665634072204e-14,-4.682906352190125e-16,5.222925938141998e-05,5.1305607939866604e-06,4.0830285570336855e-06,1.047532236952975e-06,5.1305607939866604e-06,1.0271121587973321e-07,True,2,train_valid_drop_disagreed,False,11.385617799998727,16.777998600009596,0.0018382979608304595,ok,0.0002991731456065913,0.0005983462911700949,0.014651607782026803,0.0032020807749423563,0.01465160990250143,0.003201824473354116,0.06637295227207184,0.0030075052073991046,4754.734208500013
232,232,212,212,3680,3680,3680,1,-0.00016600196546701085,0.00016600196546701085,0.07418123796734293,0.003936058816438232,0.008688867158511521,0,3134,0.0008500756750560149,0.19527904436987015,3134,0.0008500756750560149,0.19527904440193558,3134,0.0008500756750560149,0.19527904436987015,True,30,3842,-365.28227098079276,-365.2822192349471,True,False,accepted,L-BFGS-B>Newton-CG,False,4.295417546345326e-09,1.0184828871904709e-07,4.317466587184809e-08,2.424335036721459e-05,375.171690866386,1.1901597261432077e-14,-4.682906352190125e-16,5.1745845667028334e-05,2.424335025352775e-05,2.4726763967919396e-05,-4.83413714391645e-07,2.4726763967919396e-05,4.94635279358388e-07,False,0,none,True,11.33133970000199,35.770665400021244,0.00181357119686254,ok,0.00029660014616870014,0.0005932002922946831,0.014609170191337147,0.0031928061209041208,0.01460917223862904,0.0031925505470291058,0.06594711348119937,0.0029882095103234093,4802.583443500014
233,233,213,213,42,42,42,1,-0.00020226025675042225,0.00020226025675042225,0.0005122028377878718,0.018572769206201312,0.08415989731633586,0,3134,0.0008730031834759433,0.23168329804377602,3134,0.0008730031834759433,0.23168329804358043,3134,0.0008730031834759433,0.23168329804377602,True,31,3841,-365.2822740996569,-365.2822227913444,True,False,accepted,L-BFGS-B>Newton-CG,True,7.940644322206881e-10,7.291585271471147e-08,1.1890148063241095e-08,3.1188642424240243e-06,375.171690866386,1.3011269714641518e-14,-4.682906352190125e-16,5.130831249289258e-05,3.1188641287371865e-06,3.556397302872938e-06,-4.375331741357513e-07,3.556397302872938e-06,7.122794605745875e-08,False,0,none,True,11.473755299986806,14.765823299996555,0.0018100147995596672,ok,0.00029635614347123853,0.0005927122868997951,0.014705514982772751,0.0032138620902565232,0.014705516984835923,0.00321360481808444,0.065884507425665,0.0029853726915352,4829.652280999988
234,234,214,214,1885,1885,1885,1,-0.00018377928421164924,0.00018377928421164924,0.017685840729803705,0.006576683177835469,0.01763030814709129,0,3134,0.0008480096392112911,0.2167183905864289,3134,0.0008480096392112911,0.21671839058795725,3134,0.0008480096392112911,0.2167183905864289,True,32,3840,-365.28228492651624,-365.2822340236342,True,False,accepted,L-BFGS-B>Newton-CG,True,8.348961315916679e-13,2.9877395920374296e-11,2.8944072964616275e-08,1.082685935216432e-05,375.171690866386,1.1873419863408716e-14,-4.682906352190125e-16,5.0902882037462405e-05,1.082685935216432e-05,1.1232289807594498e-05,-4.0543045543017797e-07,1.1232289807594498e-05,2.2474579615188997e-07,False,0,none,True,11.419215600006282,7.498067200009245,0.0017987825097520727,ok,0.00029494161017023385,0.0005898832202979894,0.01468589766806143,0.0032095747637577773,0.014685899648496238,0.0032093178306467187,0.06568243497390734,0.002976216341996281,4849.280976700014
235,235,215,215,2614,2614,2614,1,-0.000174181932472095,0.000174181932472095,0.07210887991104904,0.004371293839451836,0.009539977719184134,0,3134,0.0008634287516527397,0.2017328379888707,3134,0.0008634287516527397,0.2017328379346419,3134,0.0008634287516527397,0.2017328379888707,True,33,3839,-365.2823253712095,-365.28227468733473,True,False,accepted,L-BFGS-B>Newton-CG,True,1.1737515872561688e-12,2.9456631957769995e-11,4.0846768257107534e-08,4.0444693240715424e-05,375.171690866386,1.2049096190735152e-14,-4.682906352190125e-16,5.068387474693736e-05,4.0444693240715424e-05,4.0663700531240465e-05,-2.1900729052504175e-07,4.0663700531240465e-05,8.133740106248094e-07,False,0,none,True,11.644297299993923,11.443610800022725,0.0017581188092208322,ok,0.0002896126197327805,0.0005792252394238503,0.014714295541349905,0.00321578106449003,0.0147142974547947,0.0032155236190755014,0.06499566529460714,0.002945097289489583,4873.179593500012
236,236,216,216,1851,1851,1851,1,-0.00016534541956980675,0.00016534541956980675,0.021441164756209597,0.0049341876386838745,0.013884341733571127,0,3134,0.0007623778435607675,0.21688119738310235,3134,0.0007623778435607675,0.21688119738808262,3134,0.0007623778435607675,0.21688119738310235,True,34,3838,-365.28234499231644,-365.2822940795903,True,False,accepted,L-BFGS-B>Newton-CG,True,9.778360807075953e-13,2.9180286434758957e-11,3.4510160460344805e-08,1.96211070147001e-05,375.171690866386,1.1573563423817115e-14,-4.682906352190125e-16,5.09127261238973e-05,1.9621106957856682e-05,1.9392255580896745e-05,2.2885137695993762e-07,1.9621106957856682e-05,3.9252213915713366e-07,False,0,none,True,11.592405700008385,13.431860300013795,0.0017387265536399354,ok,0.0002880836721853621,0.0005761673443292337,0.014467863519711755,0.003161923818885511,0.01446786548880142,0.0031616707042774255,0.06463798156395337,0.0029288898488723032,4899.0486608000065
237,237,217,217,2171,2171,2171,1,-0.0001681968279605428,0.0001681968279605428,0.1755165574784793,0.0019997144469577842,0.003539908923766657,0,3134,0.0007662980566516728,0.2194926980442521,3134,0.0007662980566516728,0.21949269803758545,3134,0.0007662980566516728,0.2194926980442521,True,35,3837,-365.282425372905,-365.28237348815,True,False,accepted,L-BFGS-B>Newton-CG,True,9.938233555635906e-13,1.1815697987563581e-11,8.511042298217363e-08,8.038058854253904e-05,375.171690866386,1.1903723314129686e-14,-4.682906352190125e-16,5.188475500972345e-05,8.038058854253904e-05,7.94085596567129e-05,9.720288858261483e-07,8.038058854253904e-05,1.6077117708507809e-06,False,0,none,True,11.471146099996986,8.059171900007641,0.0016593179939832226,ok,0.0002864067587415962,0.0005728135174419434,0.014481914920402902,0.003164994725552104,0.014481916812764938,0.0031647413479301573,0.06291220907393254,0.0028506912819432906,4919.385388199997
238,238,218,218,2763,2763,2763,1,0.0001839672889537014,0.0001839672889537014,0.006742873155375081,0.008189903136766197,0.02142192433515763,0,3134,0.0007503656393675294,0.24517019343898042,3134,0.0007503656393675294,0.24517019344018637,3134,0.0007503656393675294,0.24517019343898042,True,36,3836,-365.2824334920724,-365.28238170597797,True,False,accepted,L-BFGS-B>Newton-CG,True,8.824461932765494e-13,3.928496685105787e-11,2.346269410439344e-08,8.11916748943986e-06,375.171690866386,1.341937357676043e-14,-4.682906352190125e-16,5.178609444556059e-05,8.119167432596441e-06,8.217827996759297e-06,-9.866056416285574e-08,8.217827996759297e-06,1.6445655993518596e-07,False,0,none,True,11.574752899992745,8.063160199992126,0.0016511001659864633,ok,0.00028625705824474463,0.0005725141164482618,0.01453622169845555,0.003176863367720151,0.014536223572980119,0.00317660903449038,0.06271941987097196,0.0028419555769311415,4939.833646000014
239,239,219,219,1390,1390,1390,1,-0.00018365176518564397,0.00018365176518564397,0.1217404671667366,0.005301230027681844,0.009923510093988758,0,3134,0.0007601400606023848,0.24160253445938143,3134,0.0007601400606023848,0.24160253447073032,3134,0.0007601400606023848,0.24160253445938143,True,37,3835,-365.28244860213334,-365.2823970089213,True,False,accepted,L-BFGS-B>Newton-CG,True,8.56888008281752e-13,2.4734640775252357e-11,3.5643236425696974e-08,1.5110060928691382e-05,375.171690866386,1.0913663771533813e-14,-4.682906352190125e-16,5.1593212049283466e-05,1.5110060928691382e-05,1.530294332496851e-05,-1.9288239627712755e-07,1.530294332496851e-05,3.0615886649937023e-07,False,0,none,True,11.544873300008476,11.826287600008072,0.0016357972226614947,ok,0.00028784507924238973,0.0005756901584433233,0.0145446352342735,0.003178702129833685,0.014544637132724872,0.0031784476543879913,0.06238471043458229,0.0028267891523794477,4964.046616800013
240,240,220,220,3817,3817,3817,1,0.00018072103298980013,0.00018072103298980013,0.0030696969542397495,0.011371536010600243,0.047505590104950354,0,1954,0.0008022620911560002,0.22526433067452376,1954,0.0008022620911560002,0.22526433067452595,1954,0.0008022620911560002,0.22526433067452376,True,38,3834,-365.2824532288349,-365.28240157416303,True,False,accepted,L-BFGS-B>Newton-CG,True,9.324654765948163e-13,5.867366165549784e-11,1.6892403001363428e-08,4.626701695542579e-06,375.171690866386,1.1687120048857816e-14,-4.682906352190125e-16,5.1654671892720216e-05,4.626701581855741e-06,4.56524173841899e-06,6.145984343675082e-08,4.626701581855741e-06,9.263403163711482e-08,False,0,none,True,11.758135100011714,7.747838800016325,0.0016312319809230758,ok,0.0002878169809871022,0.0005756339619327522,0.014545367432534062,0.003178862150358973,0.014545369330966913,0.0031786076620776795,0.06230012670803863,0.0028229564767287023,4984.333698600007
241,241,221,221,3525,3525,3525,1,0.00015421878783292153,0.00015421878783292153,0.009367098841190668,0.007346036530806169,0.018316401167951652,0,1954,0.0007691584702504029,0.20050326921930006,1954,0.0007691584702504029,0.20050326922007825,1954,0.0007691584702504029,0.20050326921930006,True,39,3833,-365.28246118243555,-365.28240957742537,True,False,accepted,L-BFGS-B>Newton-CG,True,8.354262174801436e-13,3.979457755342806e-11,2.1993468679457727e-08,7.953600629662105e-06,375.171690866386,1.0240377610552104e-14,-4.682906352190125e-16,5.160501018508512e-05,7.953600629662105e-06,8.003262337297201e-06,-4.966170763509581e-08,8.003262337297201e-06,1.6016524674594404e-07,False,0,none,True,11.709049400000367,10.602002200001152,0.0016232287185857786,ok,0.0002875838442577414,0.0005751676884740642,0.01453358293992059,0.0031762866721042017,0.014533584839396029,0.0031760323905703994,0.06214539130750505,0.002815945073635374,5007.3954999000125
242,242,222,222,863,863,863,1,-0.00014921123259092894,0.00014921123259092894,0.12915999730467326,0.002750421497421157,0.005245193521632422,0,1954,0.0007770584253332449,0.19202060968187695,1954,0.0007770584253332449,0.1920206097438299,1954,0.0007770584253332449,0.19202060968187695,True,40,3832,-365.2825040932068,-365.282452851123,True,False,accepted,L-BFGS-B>Newton-CG,False,9.757450510161251e-09,1.798597945818796e-07,5.525031499032018e-08,4.2910771355764155e-05,375.171690866386,1.2312379441730206e-14,-4.682906352190125e-16,5.1242083770830504e-05,4.291077124207732e-05,4.327369765633193e-05,-3.6292641425461625e-07,4.327369765633193e-05,8.655739531266387e-07,False,0,none,True,11.735503000003519,33.09582330001285,0.0015799550209294466,ok,0.0002765114865697873,0.0005530229730997506,0.014245937322355663,0.003113422274168915,0.014245939155406777,0.003113173019021459,0.061328938292203934,0.002778949782465419,5053.03982559999
243,243,223,223,2376,2376,2376,1,0.0001505112438486833,0.0001505112438486833,0.2668982234784539,0.003020937110279824,0.0051121402918834985,0,1954,0.0008540379379763581,0.17623484526380587,1954,0.0008540379379763581,0.1762348452547106,1954,0.0008540379379763581,0.17623484526380587,True,41,3831,-365.28254265865974,-365.2824926316638,True,False,accepted,L-BFGS-B>Newton-CG,True,7.256404247820651e-13,1.456444300864969e-11,5.082273776972548e-08,3.8565453110095405e-05,375.171690866386,1.1727167766603999e-14,-4.682906352190125e-16,5.002699595024751e-05,3.856545293956515e-05,3.978054076014814e-05,-1.215087820582994e-06,3.978054076014814e-05,7.957108152029629e-07,False,0,none,True,11.515483299997868,9.045658899995033,0.0015401744801692985,ok,0.0002703193768062407,0.0005406387535735493,0.014092068912611508,0.003079794628381324,0.014092070604529579,0.0030795480388891372,0.06051012914143878,0.0027418477295885514,5074.450281800004
244,244,224,224,2989,2989,2989,1,0.00014863192793879154,0.00014863192793879154,0.006837051309396818,0.0070865553233541104,0.02171134277490081,0,1954,0.0009676147395484898,0.15360651493191024,1954,0.0009676147395484898,0.15360651493154728,1954,0.0009676147395484898,0.15360651493191024,True,42,3830,-365.2825522778807,-365.28250257323253,True,False,accepted,L-BFGS-B>Newton-CG,True,7.974211726884221e-13,3.801988801477488e-11,2.1973790674463237e-08,9.619220918466453e-06,375.171690866386,1.2597119731345106e-14,-4.682906352190125e-16,4.97046481768848e-05,9.619220975309872e-06,9.94156874867258e-06,-3.223477733627078e-07,9.94156874867258e-06,1.989313749734516e-07,False,0,none,True,11.728563499986194,12.150872600002913,0.001530232911420626,ok,0.0002696566674172472,0.0005393133347956577,0.014132089605849829,0.003088541074117845,0.014132091269979415,0.003088293777202531,0.06033255534493259,0.002733801468281674,5099.10828049999
245,245,225,225,2284,2284,2284,1,0.00013835861739719402,0.00013835861739719402,0.012118417582504508,0.007427894428870823,0.019569059514869407,0,1954,0.0009700364219608914,0.14263239427392568,1954,0.0009700364219608914,0.14263239427234878,1954,0.0009700364219608914,0.14263239427392568,True,43,3829,-365.28255752858706,-365.28250793824617,True,False,accepted,L-BFGS-B>Newton-CG,True,9.005284379336322e-13,4.8345598499464163e-11,1.9626896054324638e-08,5.250706408332917e-06,375.171690866386,1.1990713597812702e-14,-4.682906352190125e-16,4.959034089324632e-05,5.250706351489498e-06,5.36501363512798e-06,-1.1430728363848175e-07,5.36501363512798e-06,1.074002727025596e-07,False,0,none,True,11.727882999985013,8.21764630000689,0.001524867897785498,ok,0.00027023040361695805,0.0005404608071949968,0.014015265919715147,0.0030630094816131203,0.01401526763600961,0.003062764243397046,0.06022115786030804,0.0027287538019713643,5119.900133399991
246,246,226,226,2662,2662,2662,1,-0.00013580310571725818,0.00013580310571725818,0.2095207296980295,0.0027612662399335163,0.004888503069090544,0,1954,0.0009708841839481179,0.13987570089463444,1954,0.0009708841839481179,0.1398757010066455,1954,0.0009708841839481179,0.13987570089463444,True,44,3828,-365.28259426880254,-365.28254467297756,True,False,accepted,L-BFGS-B>Newton-CG,True,9.005537316799099e-13,1.8310837610900058e-11,5.018146022680192e-08,3.674021547794837e-05,375.171690866386,1.2267329147397539e-14,-4.682906352190125e-16,4.9595824975767755e-05,3.674021547794837e-05,3.6734731395426934e-05,5.484082521434175e-09,3.674021547794837e-05,7.349043095589674e-07,False,0,none,True,11.587508600001456,8.39556239999365,0.001488133166390071,ok,0.00025936283465447034,0.0005187256692715865,0.0136969901392199,0.002993450920326502,0.013696991740089202,0.002993211234572897,0.05953450430715865,0.002697640011397296,5140.714490100014
247,247,227,227,3531,3531,3531,1,-0.00015644325855390662,0.00015644325855390662,0.1551136011980384,0.003596215570340827,0.00636207239205462,0,1954,0.0008207690371216947,0.1906057020651364,1954,0.0008207690371216947,0.19060570202046545,1954,0.0008207690371216947,0.1906057020651364,True,45,3827,-365.2826208935559,-365.2825713674051,True,False,accepted,L-BFGS-B>Newton-CG,True,8.87945326399019e-13,2.0411507897910718e-11,4.450219154998869e-08,2.662475350234672e-05,375.171690866386,1.2847567045057469e-14,-4.682906352190125e-16,4.952615074671485e-05,2.6624753331816464e-05,2.669442756086937e-05,-6.967422905290732e-08,2.669442756086937e-05,5.339885512173875e-07,False,0,none,True,11.495893199986313,8.375826799980132,0.0014614387388292016,ok,0.00025481551997815567,0.0005096310399196122,0.013503358146521963,0.002951133019761867,0.01350335966750768,0.0029508967098931245,0.05900659168305355,0.002673719123268957,5161.428807399992
248,248,228,228,3770,3770,3770,1,0.00014253824075113886,0.00014253824075113886,0.0011881493303424685,0.021643964115321688,0.10577693915954274,0,1954,0.0007782293402896827,0.18315711496829637,1954,0.0007782293402896827,0.18315711496831463,1954,0.0007782293402896827,0.18315711496829637,True,46,3826,-365.28262253595244,-365.2825729874305,True,False,accepted,L-BFGS-B>Newton-CG,True,9.683824967712245e-13,1.4704570435210134e-10,7.585588481064567e-09,1.6423966258116707e-06,375.171690866386,1.2159456113432915e-14,-4.682906352190125e-16,4.954852192895487e-05,1.6423965689682518e-06,1.62002538672823e-06,2.237118224002188e-08,1.6423965689682518e-06,3.294793137936504e-08,False,0,none,True,11.653544100001454,13.39010680001229,0.0014598187134424734,ok,0.00025417046299795124,0.0005083409259592962,0.013492051535224169,0.0029486619815519287,0.013492053049541819,0.002948425868370939,0.05898006296829339,0.002672517048552441,5187.293697199988
249,249,229,229,1611,1611,1611,1,-0.00014134329212467378,0.00014134329212467378,0.032643079197320825,0.004234371304119557,0.010518334757828565,0,1954,0.0008209430483196503,0.17217186065949727,1954,0.0008209430483196503,0.1721718606553801,1954,0.0008209430483196503,0.17217186065949727,True,47,3825,-365.28263659701156,-365.2825870503144,True,False,accepted,L-BFGS-B>Newton-CG,True,1.0519334774959253e-12,3.151388976973536e-11,3.4379994827111406e-08,1.4061059175674018e-05,375.171690866386,1.2837710969683218e-14,-4.682906352190125e-16,4.95466971415226e-05,1.4061059118830599e-05,1.4062883906262869e-05,-1.8247874322696589e-09,1.4062883906262869e-05,2.813576781252574e-07,False,0,none,True,11.550554699992063,8.464604799984954,0.0014457558295362105,ok,0.0002577323323291236,0.0005154646646211279,0.013642748795704164,0.0029815965787509755,0.013642750328107182,0.002981357828598468,0.05869124706555013,0.0026594301614735077,5208.10410550001
250,250,230,230,1269,1269,1269,1,-0.00013681873768689456,0.00013681873768689456,0.10151410938382698,0.002277052191129026,0.0044866861520791515,0,1954,0.0008105460593117695,0.16879822696697416,1954,0.0008105460593117695,0.16879822695969032,1954,0.0008105460593117695,0.16879822696697416,True,48,3824,-365.28270888923424,-365.2826588724766,True,False,accepted,L-BFGS-B>Newton-CG,True,1.1237674353303932e-12,1.8702680218543063e-11,6.108590331433975e-08,7.229222273963387e-05,375.171690866386,1.2571004011515362e-14,-4.682906352190125e-16,5.0016757654702815e-05,7.229222268279045e-05,7.182216216961024e-05,4.700605131802149e-07,7.229222268279045e-05,1.4459444536558091e-06,False,0,none,True,11.747896700020647,12.688185100007104,0.0013739336673666003,ok,0.00026537113192179297,0.0005307422638053665,0.013314278711326908,0.0029098100719064275,0.013314280508614015,0.0029095771359776606,0.05711854098764255,0.0025881673720826327,5233.368103099987
251,251,231,231,3243,3243,3243,1,0.00012684424422616282,0.00012684424422616282,0.00046639504333788876,0.029849316520566584,0.18113925224918798,0,1954,0.0008310955119118438,0.15262294454505188,1954,0.0008310955119118438,0.1526229445450635,1954,0.0008310955119118438,0.15262294454505188,True,49,3823,-365.28271041439405,-365.28266030669965,True,False,accepted,L-BFGS-B>Newton-CG,True,8.835249392312991e-10,2.0791338014413554e-07,5.2494857166902736e-09,1.5251598028953595e-06,375.171690866386,1.2468939929503008e-14,-4.682906352190125e-16,5.010769439195428e-05,1.5251598028953595e-06,1.4342230656438915e-06,9.0936737251468e-08,1.5251598028953595e-06,3.060319605790719e-08,True,1,train_valid_drop_disagreed,False,11.557860399974743,15.918325100006768,0.0013724994443009564,ok,0.0002648673895053948,0.0005297347789726427,0.012260903303042114,0.0026795968970899776,0.012260905586219525,0.0026793825274272136,0.05708658526276808,0.0025867193875395884,5261.717475100013
252,252,232,232,4074,4074,4074,1,-0.00011746837505977048,0.00011746837505977048,0.026258175900255906,0.0053638349770617905,0.01234935518806615,0,1954,0.0008318432303818572,0.14121455914938044,1954,0.0008318432303818572,0.14121455915634454,1954,0.0008318432303818572,0.14121455914938044,True,50,3822,-365.28271692123553,-365.28266633899,True,False,accepted,L-BFGS-B>Newton-CG,True,9.491818508070852e-13,4.3341474044226103e-11,2.29000823515723e-08,6.506841600639746e-06,375.171690866386,1.3502309960757887e-14,-4.682906352190125e-16,5.05822455352245e-05,6.506841486952908e-06,6.032290343682689e-06,4.7455114327021874e-07,6.506841486952908e-06,1.3023682973905816e-07,True,2,train_valid_drop_disagreed,False,11.632789800001774,25.101650500000687,0.0013664671539572737,ok,0.00026307355679079674,0.000526147113543705,0.012179174161892584,0.0026617351500707533,0.01217917643673536,0.0026615222108649947,0.05693483463200672,0.0025798432309634867,5299.220606699993
253,253,233,233,3932,3932,3932,1,0.0001243179617173018,0.0001243179617173018,0.009030520505543302,0.005206336883593914,0.016690413582197385,0,1954,0.0008216751242329757,0.15129819322856,1954,0.0008216751242329757,0.15129819322916763,1954,0.0008216751242329757,0.15129819322856,True,51,3821,-365.282722479374,-365.2826714209157,True,False,accepted,L-BFGS-B>Newton-CG,True,6.326314615083735e-13,2.649410001156679e-11,2.487820160836485e-08,5.5581385254299676e-06,375.171690866386,1.1703123889363239e-14,-4.682906352190125e-16,5.105845832531486e-05,5.558138468586549e-06,5.081925678496191e-06,4.762127900903579e-07,5.558138468586549e-06,1.1126276937173097e-07,True,3,train_valid_drop_disagreed,False,11.590531099995133,16.777387500012992,0.0013613852282787775,ok,0.00026304291225884605,0.000526085824479808,0.012186626117595887,0.0026633637606948064,0.012186628380160661,0.0026631506882126687,0.05682588534129144,0.0025749064977317704,5328.466293100006
254,254,233,233,3537,3537,,1,-0.00012073678592905424,0.00012073678592905424,0.025744240353048096,0.005769918633205593,0.014926972684074603,0,1954,0.0008260249029196602,0.14616603628086644,1954,0.0008260249029196602,0.14616603628140343,1954,0.0008260249029196602,0.14616603628086644,True,52,3820,-365.282722479374,-365.2826714209157,False,True,projected_residual,L-BFGS-B>Newton-CG>trust-krylov,False,3.4740674699936e-07,1.6602302671442967e-05,2.1925214644889108e-08,5.751822243382776e-06,375.171690866386,1.2019963339547288e-14,-4.682906352190125e-16,5.105845832531486e-05,,,,,,False,3,none,False,11.416595400020014,28.99340839998331,,,,,,,,,,,5369.180187999998
255,255,234,234,2117,2117,2117,1,0.00011648364069108755,0.00011648364069108755,5.581976625124571e-05,0.10147056589920436,0.6506984099653905,0,1954,0.0008260249029196602,0.14101710527051364,1954,0.0008260249029196602,0.14101710527049616,1954,0.0008260249029196602,0.14101710527051364,True,53,3819,-365.28272256713444,-365.28267130748475,True,False,accepted,L-BFGS-B>Newton-CG,True,8.461431501886485e-13,7.370874036233177e-10,2.147954972543613e-09,8.776044069236377e-08,375.171690866386,1.1772168933025726e-14,-4.682906352190125e-16,5.125964969465713e-05,8.776044069236377e-08,-1.1343092864990467e-07,2.0119136934226844e-07,1.1343092864990467e-07,2.3686185729980935e-09,True,4,validation_energy_increased,False,11.539029500010656,7.869979899987811,0.0013614986592074274,ok,0.0002630605092129428,0.000526121018387999,0.012188617394897346,0.002663798950529222,0.01218861965701527,0.002663585843052904,0.056828386156894325,0.0025750198152156394,5389.494523200003
256,256,235,235,2886,2886,2886,1,-0.00011209090793862231,0.00011209090793862231,0.08357165425845152,0.003927935070698256,0.008474015082712208,0,1954,0.0008263632725994812,0.13564362267216845,1954,0.0008263632725994812,0.13564362267811,1954,0.0008263632725994812,0.13564362267216845,True,54,3818,-365.282733292385,-365.28268181250564,True,False,accepted,L-BFGS-B>Newton-CG,True,8.436953248276236e-13,2.9565113832525554e-11,2.9536853590580346e-08,1.072525054723883e-05,375.171690866386,1.1562945018790335e-14,-4.682906352190125e-16,5.147987934606135e-05,1.072525054723883e-05,1.0505020895834605e-05,2.2022965140422457e-07,1.072525054723883e-05,2.146050109447766e-07,True,5,train_valid_drop_disagreed,False,11.94181980000576,9.882660100003704,0.0013509936383115928,ok,0.0002594303484286472,0.0005188606968199306,0.012167713501666233,0.0026592304447629876,0.01216771566180108,0.002659017681334631,0.056577281730227,0.0025636417184917316,5412.121283099987
257,257,236,236,2755,2755,2755,1,-0.00011553590691237847,0.00011553590691237847,0.0059359874652051186,0.007027651833513731,0.025070081652319217,0,1954,0.000803073708749412,0.14386712658330825,1954,0.000803073708749412,0.14386712658495257,1954,0.000803073708749412,0.14386712658330825,True,55,3817,-365.2827382057263,-365.2826868032255,True,False,accepted,L-BFGS-B>Newton-CG,True,6.395081197015073e-10,3.889907934465596e-08,1.744018651534909e-08,4.913341342671629e-06,375.171690866386,1.2428678759454116e-14,-4.682906352190125e-16,5.1402500787389727e-05,4.91334128582821e-06,4.990719844499836e-06,-7.73785586716258e-08,4.990719844499836e-06,9.99143968899967e-08,False,0,none,True,11.671003499999642,26.10694960001274,0.001346002918467093,ok,0.00025943048258942025,0.0005188609651414766,0.012136093265172898,0.0026523199027336927,0.012136095442033354,0.0026521076970954347,0.056480964224379364,0.0025592773593592186,5450.685304100014
258,258,237,237,2667,2667,2667,1,-0.00022891016415102494,0.00022891016415102494,0.0012699573522818287,0.018275595059770805,0.08578365117174534,0,1954,0.0007987025035253636,0.28660253741618036,1954,0.0007987025035253636,0.2866025374163686,1954,0.0007987025035253636,0.28660253741618036,True,56,3816,-365.28274271966745,-365.28269010118186,True,False,accepted,L-BFGS-B>Newton-CG,True,8.969688685077886e-13,7.16116833907505e-11,1.3525454311881779e-08,4.513941235018137e-06,375.171690866386,1.209286915938336e-14,-4.682906352190125e-16,5.2618485597122344e-05,4.5139411781747185e-06,3.297956368442101e-06,1.2159848097326176e-06,4.5139411781747185e-06,9.037882356349437e-08,True,1,train_valid_drop_disagreed,False,11.547749100020155,13.156314599997131,0.0013427049620986509,ok,0.0002593035551690457,0.0005186071103007459,0.01211707288921151,0.0026481630360536516,0.012117075075703101,0.0026479511658464034,0.05640793915350129,0.0025559684319510145,5476.254827700002
259,259,238,238,2709,2709,2709,1,0.00011076185132452565,0.00011076185132452565,0.3076612826483748,0.0019775317357123754,0.003115723096529478,0,1954,0.0007930695182669433,0.13966222225583477,1954,0.0007930695182669433,0.13966222221297353,1954,0.0007930695182669433,0.13966222225583477,True,57,3815,-365.2827929263992,-365.2827406957081,True,False,accepted,L-BFGS-B>Newton-CG,True,9.81922956053052e-10,1.7531160645175538e-08,5.701015106340213e-08,5.0206731827984186e-05,375.171690866386,1.0807577977087895e-14,-4.682906352190125e-16,5.2230691096610826e-05,5.020673177114077e-05,5.0594526271652285e-05,-3.87794500511518e-07,5.0594526271652285e-05,1.0119905254330456e-06,False,0,none,True,11.659696400020039,78.22894880000968,0.0012921104358269986,ok,0.00026890740796220745,0.0005378148158856861,0.011948288515072947,0.0026112755348605913,0.011948291172493367,0.0026110667254605796,0.05533853579305144,0.0025075114014097293,5567.0056852000125
260,260,239,239,681,681,681,1,-0.00015890027148834918,0.00015890027148834918,0.1363721442062752,0.0035120474356045523,0.006861010371708495,0,3134,0.000679522273194927,0.23384115246325005,3134,0.000679522273194927,0.23384115244012924,3134,0.000679522273194927,0.23384115246325005,True,58,3814,-365.2828235455004,-365.28277017613306,True,False,accepted,L-BFGS-B>Newton-CG,True,8.274324153818432e-13,1.82880859157289e-11,4.6244342092148605e-08,3.061910121004985e-05,375.171690866386,1.2193571212416529e-14,-4.682906352190125e-16,5.3369367321920436e-05,3.061910115320643e-05,2.948042492789682e-05,1.1386762253096094e-06,3.061910115320643e-05,6.124820230641286e-07,True,1,train_valid_drop_disagreed,False,11.236418100015726,15.857237599993823,0.0012626300108991018,ok,0.00025299677136214914,0.0005059935426878611,0.011923985678670026,0.002605964196584267,0.011923987989184018,0.002605755737274428,0.054705444674954404,0.002478824643185836,5595.017570399999
261,261,240,240,2705,2705,2705,1,-0.00011960319654413798,0.00011960319654413798,0.0009442312299909431,0.027358852379555945,0.13778498810965667,0,3134,0.0006257798148448116,0.19112664503855661,3134,0.0006257798148448116,0.1911266450384244,3134,0.0006257798148448116,0.19112664503855661,True,59,3813,-365.2828243097391,-365.28277056146294,True,False,accepted,L-BFGS-B>Newton-CG,False,1.3721187611136232e-09,3.1386782069417264e-07,5.371645229762473e-09,7.642387913620041e-07,375.171690866386,1.1626118430062456e-14,-4.682906352190125e-16,5.374827617288247e-05,7.642387345185853e-07,3.8532988355655107e-07,3.789088509620342e-07,7.642387345185853e-07,1.5384774690371705e-08,True,2,train_valid_drop_disagreed,False,11.492916399991373,56.868617000000086,0.0012622446810155452,ok,0.0002529635705060224,0.0005059271409756124,0.011921635290166703,0.0026054505236855585,0.011921637598867552,0.002605242105169337,0.0546979331591922,0.0024784842797998937,5664.274623800011
262,262,241,241,2592,2592,2592,1,-0.00011784549159710167,0.00011784549159710167,0.25969966756226187,0.0026963462663449284,0.00427260053816345,0,3134,0.0005436748899706772,0.21675728228584845,3134,0.0005436748899706772,0.2167572823155365,3134,0.0005436748899706772,0.21675728228584845,True,60,3812,-365.28285612502316,-365.28280368557034,True,False,accepted,L-BFGS-B>Newton-CG,True,7.538780392721688e-10,1.724899668796025e-08,4.4705616790939123e-08,3.181528421691837e-05,375.171690866386,1.1391663098394254e-14,-4.682906352190125e-16,5.243945281563356e-05,3.1815284046388115e-05,3.3124107403637026e-05,-1.3088233572489116e-06,3.3124107403637026e-05,6.625821480727406e-07,False,0,none,True,11.311666000023251,98.95639859998482,0.0012291205736119082,ok,0.00025462901387596275,0.0005092580277152531,0.01177928395076315,0.0025743399115279926,0.011779286135102322,0.0025741339604989357,0.05403189552135167,0.002448304641926952,5775.466248500015
263,263,242,242,580,580,580,1,-0.00011449337550129002,0.00011449337550129002,0.12734263244963415,0.0030647127454232924,0.006050668794465571,0,3134,0.0005518155826768642,0.20748485380909548,3134,0.0005518155826768642,0.2074848537821996,3134,0.0005518155826768642,0.20748485380909548,True,61,3811,-365.2828761573908,-365.282823918491,True,False,accepted,L-BFGS-B>Newton-CG,True,9.222760722119239e-13,2.468711564376715e-11,3.835859974572503e-08,2.0032367672229157e-05,375.171690866386,1.2322591270942304e-14,-4.682906352190125e-16,5.22388997978851e-05,2.0032367615385738e-05,2.02329206331342e-05,-2.0055301774846157e-07,2.02329206331342e-05,4.04758412662684e-07,False,0,none,True,11.331526400026632,9.639612300001318,0.001208887652978774,ok,0.00024485586208714206,0.0004897117241390194,0.011858515710050343,0.0025916558605318693,0.011858517727225602,0.0025914484844598708,0.05355975854366165,0.002426911071648688,5797.230883400014
264,264,243,243,1244,1244,1244,1,0.00011464865333987717,0.00011464865333987717,0.14027468269567483,0.0033644723459381187,0.0065330760989012315,0,3134,0.0005318427612192851,0.2155687013150982,3134,0.0005318427612192851,0.21556870109167786,3134,0.0005318427612192851,0.2155687013150982,True,62,3810,-365.2828908077663,-365.2828378707928,True,False,accepted,L-BFGS-B>Newton-CG,True,9.255222367557014e-13,2.716031878867405e-11,3.507626559750276e-08,1.465037559000848e-05,375.171690866386,1.2685409363569211e-14,-4.682906352190125e-16,5.2936973531814147e-05,1.4650375533165061e-05,1.3952301799236011e-05,6.980737339290499e-07,1.4650375533165061e-05,2.931075106633012e-07,True,1,train_valid_drop_disagreed,False,11.35920370000531,9.095873999991454,0.001194935351179538,ok,0.000241543871432379,0.0004830877428299702,0.01179001390341272,0.002576684922096551,0.011790015803901292,0.0025764787209983033,0.05329139925112977,0.0024147511188047166,5818.6137032000115
265,265,244,244,3883,3883,3883,1,-0.00012008263035845346,0.00012008263035845346,0.05969638735823837,0.0035335496071975015,0.008122542264821297,0,3134,0.000533544803532667,0.22506569188448902,3134,0.000533544803532667,0.22506569189026687,3134,0.000533544803532667,0.22506569188448902,True,63,3809,-365.2829082767838,-365.2828544395988,True,False,accepted,L-BFGS-B>Newton-CG,True,7.021668276649599e-13,2.0661950107835424e-11,3.4983569992199534e-08,1.7469017507210083e-05,375.171690866386,1.1750610250452209e-14,-4.682906352190125e-16,5.383718502116608e-05,1.7469017507210083e-05,1.656880601785815e-05,9.00211489351932e-07,1.7469017507210083e-05,3.4948035014420167e-07,True,2,train_valid_drop_disagreed,False,11.747742600011406,9.032629599998472,0.0011783665451616798,ok,0.0002376124686310015,0.00047522493722778144,0.011683632637631738,0.002553435500528689,0.011683634410413032,0.0025532311358218733,0.05289731046621785,0.0023968940846932642,5840.161257400003
266,266,245,245,2246,2246,2246,1,-0.00011706089145097076,0.00011706089145097076,0.005397278304669032,0.007969043314634276,0.02980723916467095,0,3134,0.0005271140276261307,0.22207887727472742,3134,0.0005271140276261307,0.22207887727380662,3134,0.0005271140276261307,0.22207887727472742,True,64,3808,-365.2829112319696,-365.2828570059268,True,False,accepted,L-BFGS-B>Newton-CG,True,1.03896603911523e-12,7.072870593369879e-11,1.5689453530920792e-08,2.955185834707663e-06,375.171690866386,1.2456610517922774e-14,-4.682906352190125e-16,5.422604277782739e-05,2.9551857778642443e-06,2.566328021202935e-06,3.888577566613094e-07,2.9551857778642443e-06,5.920371555728489e-08,True,3,train_valid_drop_disagreed,False,11.543980000016745,8.613182900007814,0.0011758002171404769,ok,0.00023732926044980608,0.0004746585208654314,0.011683750214685942,0.00255346119676834,0.011683751978545232,0.002553256828051292,0.05282982123584598,0.0023938359984572513,5861.292658199993
267,267,246,246,1936,1936,1936,1,0.00011261817648416939,0.00011261817648416939,0.005099000687369191,0.0052602230185377526,0.018991180325187172,0,3134,0.0005264371362010387,0.21392521298338296,3134,0.0005264371362010387,0.21392521298181852,3134,0.0005264371362010387,0.21392521298338296,True,65,3807,-365.2829171488759,-365.2828633780348,True,False,accepted,L-BFGS-B>Newton-CG,True,8.026097266766865e-13,3.748867446146532e-11,2.240939198855085e-08,5.916906332004146e-06,375.171690866386,1.144791540345436e-14,-4.682906352190125e-16,5.377084113433739e-05,5.916906332004146e-06,6.372107975494146e-06,-4.552016434899997e-07,6.372107975494146e-06,1.2754215950988293e-07,False,0,none,True,11.604689600004349,10.182118500000797,0.0011694281091649827,ok,0.00023692593220531725,0.00047385186437651184,0.011709311413596107,0.002559047547756736,0.01170931315522107,0.00255884272622856,0.052704695770338594,0.002388166286982777,5883.970651000011
268,268,247,247,2875,2875,2875,1,-0.00010805482867359828,0.00010805482867359828,0.023463965078624385,0.004506186583556091,0.012493017966337358,0,3134,0.0005051399686532722,0.21391066907985468,3134,0.0005051399686532722,0.21391066907414522,3134,0.0005051399686532722,0.21391066907985468,True,66,3806,-365.2829251441234,-365.28287128466036,True,False,accepted,L-BFGS-B>Newton-CG,True,8.259749102572779e-13,3.444544874387124e-11,2.497921758543618e-08,7.995247585768084e-06,375.171690866386,1.3319277152284547e-14,-4.682906352190125e-16,5.385946303704259e-05,7.995247472081246e-06,7.906625569376047e-06,8.862190270519932e-08,7.995247472081246e-06,1.6000494944162494e-07,False,0,none,True,11.501578499999596,9.376284700003453,0.0011615214835956067,ok,0.00023728662833669148,0.0004745732566392083,0.011627917454682156,0.0025412590541721257,0.01162791924033861,0.002541055668670587,0.052510166373390794,0.0023793517299337775,5905.679034100001
269,269,248,248,1937,1937,1937,1,0.00011061578685683804,0.00011061578685683804,0.007289987171909286,0.007134883406636255,0.020111441072178965,0,3134,0.0004827608326118567,0.22913165150200568,3134,0.0004827608326118567,0.22913165149888262,3134,0.0004827608326118567,0.22913165150200568,True,67,3805,-365.2829296094147,-365.2828756705567,True,False,accepted,L-BFGS-B>Newton-CG,True,6.256313621623494e-10,4.035415694958469e-08,1.650351709599494e-08,4.465291283395345e-06,375.171690866386,1.2916817070693191e-14,-4.682906352190125e-16,5.393885800231146e-05,4.465291283395345e-06,4.38589631812647e-06,7.939496526887524e-08,4.465291283395345e-06,8.94058256679069e-08,False,0,none,True,11.659894399985205,18.005614599998808,0.0011571355872774802,ok,0.00023603636012502923,0.0004720727202160639,0.01161903546881166,0.002539317913198224,0.011619037237077169,0.0025391146795503377,0.05241916844865676,0.0023752284127822624,5936.252363500011
270,270,248,248,1031,1031,,1,-0.00011545324356425964,0.00011545324356425964,0.00011762099255275247,0.06313712899466606,0.43420836615299496,0,3134,0.00048438773789831853,0.23834881548652104,3134,0.00048438773789831853,0.23834881548651363,3134,0.00048438773789831853,0.23834881548652104,True,68,3804,-365.2829296094147,-365.2828756705567,False,True,projected_residual,L-BFGS-B>Newton-CG>trust-krylov,False,3.0910342558705285e-09,1.6903731046290238e-06,2.828610646611595e-09,4.4983022462474764e-07,375.171690866386,1.2114119521964076e-14,-4.682906352190125e-16,5.393885800231146e-05,,,,,,False,0,none,False,11.460137200017925,40.5433214000077,,,,,,,,,,,5988.570729700004
271,271,249,249,1608,1608,1608,1,0.00010919392064129979,0.00010919392064129979,0.0014772772832309879,0.01668187913094969,0.07797567605846852,0,3134,0.00048438773789831853,0.2254266821762972,3134,0.00048438773789831853,0.22542668217630701,3134,0.00048438773789831853,0.2254266821762972,True,69,3803,-365.28293092561864,-365.28287658888394,True,False,accepted,L-BFGS-B>Newton-CG,True,9.429778503096592e-13,1.4406150566191362e-10,7.545661493519706e-09,1.316203906753799e-06,375.171690866386,1.2497058882253009e-14,-4.682906352190125e-16,5.4336734706339485e-05,1.3162039635972178e-06,9.18327259569196e-07,3.978767040280218e-07,1.3162039635972178e-06,2.642407927194436e-08,True,1,train_valid_drop_disagreed,False,11.392108000000007,14.047750700003235,0.001156217260017911,ok,0.00023593162229278606,0.0004718632445515926,0.011640728155393356,0.0025440588082381054,0.011640729911243142,0.00254385519171926,0.05239000518382112,0.002373906960777259,6014.854460400005
272,272,250,250,602,602,602,1,-0.00010343323122219417,0.00010343323122219417,0.09036118784792604,0.003682334021240977,0.006970887245081286,0,3134,0.00046314981381347185,0.22332564569236918,3134,0.00046314981381347185,0.22332564563869164,3134,0.00046314981381347185,0.22332564569236918,True,70,3802,-365.28293956750184,-365.28288608026804,True,False,accepted,L-BFGS-B>Newton-CG,True,7.607560773987039e-10,2.7083732715933625e-08,2.908904095228881e-08,8.641883368909475e-06,375.171690866386,1.1367826744225571e-14,-4.682906352190125e-16,5.348723379938747e-05,8.641883198379219e-06,9.491384105331235e-06,-8.495009069520165e-07,9.491384105331235e-06,1.899276821066247e-07,False,0,none,True,11.44663180000498,27.75004149999586,0.0011467258759125798,ok,0.00023613904455889302,0.00047227808908377667,0.011624567650494315,0.0025405269608927204,0.011624569402750928,0.0025403236267965965,0.052167590278627794,0.002363828849699268,6054.954134400003
273,273,251,251,808,808,808,1,9.851702855034894e-05,9.851702855034894e-05,0.015511456228379997,0.003222058705273078,0.009760768174401337,0,4934,0.0004790711608824789,0.20564174301136065,4934,0.0004790711608824789,0.20564174302289956,4934,0.0004790711608824789,0.20564174301136065,True,71,3801,-365.282954205936,-365.28290166764583,True,False,accepted,L-BFGS-B>Newton-CG,True,9.698363164538528e-13,3.1719074703827656e-11,3.1575807318137785e-08,1.4638434322478133e-05,375.171690866386,1.2013847761668112e-14,-4.682906352190125e-16,5.253829016282907e-05,1.4638434151947877e-05,1.5587377788506274e-05,-9.48943636558397e-07,1.5587377788506274e-05,3.118475557701255e-07,False,0,none,True,11.507975299988175,35.460012800002005,0.0011311384981240735,ok,0.00023459247643318378,0.00046918495283258094,0.011517859221138758,0.0025172060383532244,0.011517860977178617,0.0025170045751166732,0.05184726697472072,0.002349314292615792,6102.857410199998
274,274,252,252,74,74,74,1,9.465426118075715e-05,9.465426118075715e-05,0.002387553082835198,0.010900276610684463,0.046676099695100906,0,4934,0.0004695886810861366,0.20156844701159807,4934,0.0004695886810861366,0.20156844701139426,4934,0.0004695886810861366,0.20156844701159807,True,72,3800,-365.2829558362089,-365.2829032549143,True,False,accepted,L-BFGS-B>Newton-CG,True,8.28415491341434e-13,9.539938184934746e-11,9.683656804502664e-09,1.6302730045936187e-06,375.171690866386,1.3123171237303284e-14,-4.682906352190125e-16,5.2581294596620864e-05,1.630272890906781e-06,1.5872684571149875e-06,4.300443379179342e-08,1.630272890906781e-06,3.270545781813562e-08,True,1,train_valid_drop_disagreed,False,11.256704700004775,13.01971069999854,0.0011295512296669585,ok,0.00023379525357919957,0.00046759050712472734,0.011523758008473151,0.0025184952070096567,0.011523759745749708,0.0025182936362982944,0.05181311259120011,0.0023477666819886095,6128.020481899992
275,275,253,253,1996,1996,1996,1,-9.284902128495198e-05,9.284902128495198e-05,0.0012333948132242682,0.012228671648386166,0.059554040385192325,0,4934,0.0004694687862200561,0.1977746423410362,4934,0.0004694687862200561,0.19777464234101338,4934,0.0004694687862200561,0.1977746423410362,True,73,3799,-365.28295748029683,-365.28290533284576,True,False,accepted,L-BFGS-B>Newton-CG,True,7.835978789556702e-13,1.0320368525174605e-10,8.592731568104667e-09,1.644088001739874e-06,375.171690866386,1.2341881599283074e-14,-4.682906352190125e-16,5.214745107195995e-05,1.6440879448964552e-06,2.0779314695573703e-06,-4.3384352466091514e-07,2.0779314695573703e-06,4.165862939114741e-08,False,0,none,True,11.55252319999272,14.780360100005055,0.0011274732981974012,ok,0.00023336858572808205,0.0004667371714225538,0.01145644299862159,0.0025037836407353297,0.011456444755850849,0.0025035832540593462,0.05178116728676487,0.002346319169618705,6155.299053399998
276,276,254,254,1712,1712,1712,1,-9.19552138132218e-05,9.19552138132218e-05,0.14434943330225944,0.002335292077888382,0.004417914293356005,0,4934,0.000481790783331376,0.1908612970497091,4934,0.000481790783331376,0.19086129704423246,4934,0.000481790783331376,0.1908612970497091,True,74,3798,-365.28297671823884,-365.28292484366494,True,False,accepted,L-BFGS-B>Newton-CG,True,6.821323155887634e-13,1.7323413512965708e-11,4.0376322401945873e-08,1.923794218328112e-05,375.171690866386,1.2717366222603221e-14,-4.682906352190125e-16,5.187457389865813e-05,1.9237942012750864e-05,1.9510819186052686e-05,-2.7287717330182204e-07,1.9510819186052686e-05,3.903163837210537e-07,False,0,none,True,11.525722300022608,9.57375789998332,0.0011079624790113485,ok,0.00023613689382816222,0.0004722737876223154,0.011445623495779019,0.002501419059143872,0.011445625289700145,0.0025012188700946846,0.05134113991580927,0.0023263805566107677,6177.238328800013
277,277,255,255,2534,2534,2534,1,-0.00010277610141784521,0.00010277610141784521,0.07271646230299139,0.00287094896114323,0.0062827817614254135,0,1954,0.00048243767794136277,0.21303498071793844,1954,0.00048243767794136277,0.21303498065046608,1954,0.00048243767794136277,0.21303498071793844,True,75,3797,-365.28299950684743,-365.2829475841464,True,False,accepted,L-BFGS-B>Newton-CG,True,9.804764843025053e-13,2.738864295484424e-11,3.679865150380107e-08,2.278860858950793e-05,375.171690866386,1.3160245869404605e-14,-4.682906352190125e-16,5.192270100451424e-05,2.278860858950793e-05,2.274048148365182e-05,4.8127105856110575e-08,2.278860858950793e-05,4.558721717901586e-07,False,0,none,True,11.606014199991478,9.689152400009334,0.0010852219975276967,ok,0.00023299017311874642,0.000465980346203937,0.011350432320740364,0.002480615210442069,0.011350434018808845,0.0024804166686425828,0.05081028502804036,0.0023023263480109486,6199.472981700004
278,278,256,256,3781,3781,3781,1,-0.00013975725405090955,0.00013975725405090955,0.03232797946424256,0.004986108309498123,0.013005939198225213,0,3134,0.0006423663095494087,0.21756628884996013,3134,0.0006423663095494087,0.21756628883553136,3134,0.0006423663095494087,0.21756628884996013,True,76,3796,-365.2830120858716,-365.2829600127162,True,False,accepted,L-BFGS-B>Newton-CG,True,9.589768054704362e-13,3.421333835161045e-11,2.902932574468566e-08,1.257902414408818e-05,375.171690866386,1.243541182435184e-14,-4.682906352190125e-16,5.207315535926682e-05,1.257902414408818e-05,1.2428569789335597e-05,1.5045435475258273e-07,1.257902414408818e-05,2.516804828817636e-07,False,0,none,True,11.661099100019783,9.359577299997909,0.001072793427738361,ok,0.00023089841977446806,0.0004617968395156815,0.01140993141375085,0.002493618623083861,0.01140993299148766,0.0024934190122846926,0.05050380436248479,0.0022884390314750324,6221.517752999993
279,279,256,256,2863,2863,,1,9.268926842231906e-05,9.268926842231906e-05,0.3425566060101623,0.0011833901818470995,0.001817675286948233,0,3134,0.0005794848088389652,0.15995116180530758,3134,0.0005794848088389652,0.15995116179381777,3134,0.0005794848088389652,0.15995116180530758,True,77,3795,-365.2830120858716,-365.2829600127162,False,True,projected_residual,L-BFGS-B>Newton-CG>trust-krylov,False,5.126638046912323e-07,6.545324217956465e-06,7.932519637221157e-08,0.00010183729267509989,511.98964223186596,1.130567485468784e-14,-4.682906352190125e-16,5.207315535926682e-05,,,,,,False,0,none,False,11.623567400005413,22.036995000002207,,,,,,,,,,,6255.509265000001
280,280,257,257,1756,1756,1756,1,8.607519486680815e-05,8.607519486680815e-05,0.318432584536314,0.0009126469291845881,0.0014239816947534526,0,3134,0.0005794848088389652,0.14853744835738714,3134,0.0005794848088389652,0.14853744838930982,3134,0.0005794848088389652,0.14853744835738714,True,78,3794,-365.28313364073693,-365.28308389969936,True,False,accepted,L-BFGS-B>Newton-CG,True,1.1829135509132154e-12,1.254231746722856e-11,9.531379440075681e-08,0.00012155486535903037,663.8750391303358,1.2373578419202277e-14,-4.682906352190125e-16,4.974103757149351e-05,0.00012155486535903037,0.00012388698314680369,-2.3321177877733135e-06,0.00012388698314680369,2.4778396629360734e-06,False,0,none,True,11.657594999996945,9.688572000013664,0.0009489064445915574,ok,0.00018001065123495724,0.0003600213024439889,0.010628800259166016,0.0023229039076740673,0.010628801129380284,0.0023227178313458613,0.04761595715787933,0.0021575842900673882,6277.716008699994
281,281,258,258,63,63,63,1,-9.69711493157277e-05,9.69711493157277e-05,0.08052456064878509,0.002539868550961492,0.005522049550023289,0,3134,0.0007246513927883102,0.13381765395165054,3134,0.0007246513927883102,0.13381765396761364,3134,0.0007246513927883102,0.13381765395165054,True,79,3793,-365.2831531759899,-365.2831033562786,True,False,accepted,L-BFGS-B>Newton-CG,True,1.0037913816151882e-12,2.6291306029375864e-11,3.917959368369261e-08,1.953525310227633e-05,663.8750391303358,1.1723824527561186e-14,-4.682906352190125e-16,4.9819711307463876e-05,1.953525298858949e-05,1.945657925261912e-05,7.867373597036931e-08,1.953525298858949e-05,3.9080505977178986e-07,False,0,none,True,11.65004459998454,9.61801020000712,0.0009294498653389383,ok,0.00017974660461279825,0.00035949320919970894,0.010581844634353514,0.0023126418459451176,0.010581845518535101,0.002312456595552262,0.04715575039876999,0.002136731304368815,6299.943303800013
282,282,259,259,1192,1192,1192,1,8.827353719631503e-05,8.827353719631503e-05,0.1455559722669616,0.003218894863491121,0.006199260982002992,0,3134,0.0007101085569710719,0.12430991899723169,3134,0.0007101085569710719,0.12430991895247062,3134,0.0007101085569710719,0.12430991899723169,True,80,3792,-365.2831650502826,-365.2831144457772,True,False,accepted,L-BFGS-B>Newton-CG,True,8.550529189272405e-13,3.11795078510798e-11,2.8423554053872864e-08,1.1874292795255315e-05,663.8750391303358,1.0992597924855494e-14,-4.682906352190125e-16,5.0604505418050394e-05,1.1874292681568477e-05,1.108949857098196e-05,7.847941105865175e-07,1.1874292681568477e-05,2.3758585363136956e-07,True,1,train_valid_drop_disagreed,False,11.587415099987993,9.9684239999915,0.0009183603667679563,ok,0.00017750709965552575,0.00035501419928548646,0.01051233362700366,0.002297450348630066,0.010512334487339384,0.0022972663111854546,0.046891096048033855,0.0021247392306286404,6322.384481399989
283,283,260,260,1548,1548,1548,1,9.564741110779096e-05,9.564741110779096e-05,0.27617076010813946,0.0022224425018999155,0.0037183014146025383,0,3134,0.0007217738764490345,0.13251714176516716,3134,0.0007217738764490345,0.13251714177333213,3134,0.0007217738764490345,0.13251714176516716,True,81,3791,-365.283191011429,-365.28314092977547,True,False,accepted,L-BFGS-B>Newton-CG,True,8.051798009710797e-13,1.870898324495408e-11,4.403706890048348e-08,2.5961146491226827e-05,663.8750391303358,1.3272012713827757e-14,-4.682906352190125e-16,5.0081653512279445e-05,2.596114637753999e-05,2.648399828331094e-05,-5.228519057709491e-07,2.648399828331094e-05,5.297799656662188e-07,False,0,none,True,11.451461400021799,19.58728449998307,0.0008918763684846454,ok,0.0001790496427623419,0.0003580992854988966,0.01037725851641049,0.002267929942321198,0.010377259417275714,0.002267748280883812,0.04617345288763698,0.0020922212324371377,6354.3599874000065
284,284,261,261,1076,1076,1076,1,-9.634538114555724e-05,9.634538114555724e-05,0.15914057806852666,0.0025998464255403376,0.004521096766404024,0,3134,0.0006244047542678682,0.15429956368369563,3134,0.0006244047542678682,0.15429956361280067,3134,0.0006244047542678682,0.15429956368369563,True,82,3790,-365.2832120229183,-365.28316161934686,True,False,accepted,L-BFGS-B>Newton-CG,True,9.490673014327547e-13,2.5610249310862627e-11,3.805810474208099e-08,2.101148936617392e-05,663.8750391303358,1.1514764937717564e-14,-4.682906352190125e-16,5.040357143570873e-05,2.10114893093305e-05,2.0689571385901218e-05,3.219179234292824e-07,2.10114893093305e-05,4.2032978618661e-07,False,0,none,True,11.513817500002915,19.54127669997979,0.0008711867970987441,ok,0.00017470353785522153,0.0003494070756852818,0.010234856501650359,0.0022368082551616616,0.010234857349815617,0.0022366290777597842,0.045609807725775796,0.0020666812240241607,6386.3747439
285,285,262,262,1922,1922,1922,1,9.71150026913628e-05,9.71150026913628e-05,0.0006244367611789089,0.036100793103068296,0.20045184689871168,0,3134,0.0006376432967906951,0.15230302455957687,3134,0.0006376432967906951,0.15230302455966493,3134,0.0006376432967906951,0.15230302455957687,True,83,3789,-365.28321237255494,-365.28316192659605,True,False,accepted,L-BFGS-B>Newton-CG,True,8.932082640394835e-13,3.320344524423161e-10,3.6901071785454534e-09,3.4963670714205364e-07,663.8750391303358,1.1984048295550758e-14,-4.682906352190125e-16,5.0445958891032205e-05,3.496366502986348e-07,3.0724919497515657e-07,4.238745532347821e-08,3.496366502986348e-07,7.092733005972696e-09,True,1,train_valid_drop_disagreed,False,11.546589599980507,64.04606669998611,0.000870879547903769,ok,0.00017468852173016164,0.0003493770434351642,0.010209849876479094,0.002231343105200077,0.010209850731031657,0.0022311643674275323,0.04560027801026404,0.0020662494115456505,6462.871388800006
286,286,263,263,3753,3753,3753,1,-9.617645354652316e-05,9.617645354652316e-05,0.002416585480961859,0.010365803438986016,0.0435339577364971,0,3134,0.0006375433607658307,0.15085476449945923,3134,0.0006375433607658307,0.15085476449944696,3134,0.0006375433607658307,0.15085476449945923,True,84,3788,-365.28321396385974,-365.28316316085045,True,False,accepted,L-BFGS-B>Newton-CG,True,6.801627122243415e-13,7.330726723098911e-11,1.0278243998390612e-08,1.5913049082882935e-06,663.8750391303358,1.0900589817992943e-14,-4.682906352190125e-16,5.080300928739234e-05,1.5913047946014558e-06,1.234254398241319e-06,3.570503963601368e-07,1.5913047946014558e-06,3.1926095892029116e-08,True,2,train_valid_drop_disagreed,False,11.54629220001516,9.830870500009041,0.0008696452935055277,ok,0.0001742436251016214,0.0003484872501781478,0.010176261421629196,0.0022240024128245403,0.010176262281064632,0.0022238242647465234,0.04555584074356942,0.002064235860748048,6485.219384299999
287,287,264,264,2080,2080,2080,1,8.655277425706487e-05,8.655277425706487e-05,0.021315119425251126,0.004169339294890108,0.011309925764785077,0,3134,0.0006419084376035561,0.13483663586070516,3134,0.0006419084376035561,0.13483663585520453,3134,0.0006419084376035561,0.13483663586070516,True,85,3787,-365.2832185432645,-365.2831678156262,True,False,accepted,L-BFGS-B>Newton-CG,False,1.951847310433515e-09,9.402256318386476e-08,2.175935014254612e-08,4.5794047309755115e-06,663.8750391303358,1.0975907987662795e-14,-4.682906352190125e-16,5.072763832458804e-05,4.57940478781893e-06,4.65477575062323e-06,-7.537096280429978e-08,4.65477575062323e-06,9.31955150124646e-08,False,0,none,True,11.558113799983403,76.60082550000516,0.0008649905177549044,ok,0.0001741636519374785,0.0003483273038498735,0.010179095315262402,0.002224621754841889,0.010179096176534065,0.0022244435575020185,0.045451931364717126,0.0020595274970652807,6574.348723700008
288,288,265,265,3204,3204,3204,1,8.609178126045558e-05,8.609178126045558e-05,0.0036725091463873367,0.00911153224159406,0.033640745966933734,0,3134,0.000638676701773558,0.13479712195761184,3134,0.000638676701773558,0.13479712195749827,3134,0.000638676701773558,0.13479712195761184,True,86,3786,-365.28322013601996,-365.28316921244453,True,False,accepted,L-BFGS-B>Newton-CG,True,1.0193302138354009e-12,1.0788091821309477e-10,1.0448660900549072e-08,1.5927556091810402e-06,663.8750391303358,1.2670233074253256e-14,-4.682906352190125e-16,5.092357542935133e-05,1.5927554386507836e-06,1.396818333887495e-06,1.9593710476328852e-07,1.5927554386507836e-06,3.195510877301567e-08,True,1,train_valid_drop_disagreed,False,11.502938099991297,9.432313400000567,0.0008635936994210169,ok,0.00017406861975714262,0.00034813723948921545,0.010178938358226928,0.002224587452182873,0.0101789392131893,0.0022244092562148537,0.045413883278196336,0.0020578034541468074,6596.1995437000005
289,289,266,266,1138,1138,1138,1,7.90878870677858e-05,7.90878870677858e-05,0.31615784430902705,0.0013420788741890354,0.0021142206783717563,0,3134,0.000638333471175812,0.12389744645867574,3134,0.000638333471175812,0.12389744643199657,3134,0.000638333471175812,0.12389744645867574,True,87,3785,-365.2832791626067,-365.283228929416,True,False,accepted,L-BFGS-B>Newton-CG,True,8.374953417794313e-13,1.4211845139748084e-11,5.992938837597527e-08,5.902658688228257e-05,663.8750391303358,1.0893550127168312e-14,-4.682906352190125e-16,5.023319067731791e-05,5.9026586711752316e-05,5.971697146378574e-05,-6.903847520334239e-07,5.971697146378574e-05,1.1944394292757149e-06,False,0,none,True,11.764823300007265,10.440378600003896,0.0008038767279572312,ok,0.000174733108496641,0.0003494662169681165,0.01026022613764806,0.002242352740443009,0.010260226978375406,0.002242173116820554,0.04378051740290951,0.001983792035227596,6619.3733662999875
290,290,267,267,115,115,115,1,-9.115122739444814e-05,9.115122739444814e-05,0.03517220187743277,0.004108860500411371,0.010193197230528576,0,3134,0.0007078982432745509,0.1287631778443277,3134,0.0007078982432745509,0.12876317785404548,3134,0.0007078982432745509,0.1287631778443277,True,88,3784,-365.28328556320173,-365.283235587601,True,False,accepted,L-BFGS-B>Newton-CG,True,8.436637076146545e-13,3.803016793013038e-11,2.3184064744721785e-08,6.40059505485624e-06,663.8750391303358,1.1095890204641367e-14,-4.682906352190125e-16,4.9975600745710835e-05,6.40059505485624e-06,6.658184986463311e-06,-2.575899316070718e-07,6.658184986463311e-06,1.3326369972926624e-07,False,0,none,True,11.81523290000041,9.630627199978335,0.0007972185429707679,ok,0.00017731523435386297,0.00035463046868218853,0.010261855628520389,0.0022427088625473443,0.010261856540254008,0.002242529225885597,0.04360247611952623,0.001975724591056779,6641.826402400009
291,291,268,268,2830,2830,2830,1,-8.340406271094974e-05,8.340406271094974e-05,0.2362758459278577,0.002328332873287983,0.003735747752162944,0,3134,0.0007060373231153299,0.11812982115865543,3134,0.0007060373231153299,0.11812982115996307,3134,0.0007060373231153299,0.11812982115865543,True,89,3783,-365.2833067849701,-365.2832564707616,True,False,accepted,L-BFGS-B>Newton-CG,True,9.34860177629941e-13,2.609783758776731e-11,3.6821365447845864e-08,2.1221768349732884e-05,663.8750391303358,1.2251448126669468e-14,-4.682906352190125e-16,5.031420846535184e-05,2.1221768349732884e-05,2.088316063009188e-05,3.386077196410042e-07,2.1221768349732884e-05,4.245353669946577e-07,False,0,none,True,11.861124599992763,10.015816300001461,0.000776335382340676,ok,0.0001691129284898473,0.00033822585695533855,0.010156722862845195,0.0022197322982826346,0.010156723686513392,0.0022195544847956918,0.043028708669764784,0.0019497259194002864,6664.578906700015
292,292,269,269,687,687,687,1,-7.659365281043051e-05,7.659365281043051e-05,0.05504648928443451,0.002731740040322978,0.0063106913898277345,0,3134,0.0007357370374820894,0.10410465819765814,3134,0.0007357370374820894,0.1041046581602274,3134,0.0007357370374820894,0.10410465819765814,True,90,3782,-365.28332235799985,-365.2832727276499,True,False,accepted,L-BFGS-B>Newton-CG,True,7.994900633730125e-13,2.851409928431977e-11,2.90384119940503e-08,1.557302971377794e-05,663.8750391303358,1.2052736738342451e-14,-4.682906352190125e-16,4.9630349963081244e-05,1.557302977062136e-05,1.6256888272891956e-05,-6.838585022705956e-07,1.6256888272891956e-05,3.2523776545783916e-07,False,0,none,True,11.694074900005944,15.362842000002274,0.000760078494067784,ok,0.0001629131830816001,0.00032582636613973705,0.009879662836101822,0.00215918136091532,0.00987966357281349,0.0021590083838185447,0.04260085688280222,0.0019303390090213372,6692.62662960001
293,293,270,270,806,806,806,1,-7.584882821398686e-05,7.584882821398686e-05,0.012896644929001026,0.004798460543586099,0.015084722885831193,0,3134,0.000669370541473998,0.11331366338136535,3134,0.000669370541473998,0.11331366337529813,3134,0.000669370541473998,0.11331366338136535,True,91,3781,-365.2833254365442,-365.2832754428343,True,False,accepted,L-BFGS-B>Newton-CG,True,8.127181959765654e-13,5.1415378297174945e-11,1.6806908806138663e-08,3.078544466461608e-06,663.8750391303358,1.2303926688191319e-14,-4.682906352190125e-16,4.999370992209151e-05,3.0785443527747702e-06,2.7151843937645026e-06,3.6335995901026763e-07,3.0785443527747702e-06,6.16708870554954e-08,True,1,train_valid_drop_disagreed,False,11.616233799984911,15.00437619999866,0.0007573633096740195,ok,0.00016283166128048236,0.00032566332253751326,0.009936374290302608,0.002171575540442711,0.00993637501472215,0.0021714015668087188,0.04250144964330903,0.0019258346472264386,6720.23072610001
294,294,271,271,3507,3507,3507,1,-7.753954033065669e-05,7.753954033065669e-05,0.009371827192621921,0.006178417154501761,0.015431635403828511,0,3134,0.0006801698806894572,0.1140002557185543,3134,0.0006801698806894572,0.1140002557181049,3134,0.0006801698806894572,0.1140002557185543,True,92,3780,-365.2833281187453,-365.2832786482017,True,False,accepted,L-BFGS-B>Newton-CG,False,3.046747908025975e-09,2.4276748949079317e-07,1.3550065556209995e-08,2.6822011705007753e-06,663.8750391303358,1.1604590028916804e-14,-4.682906352190125e-16,4.947054361537084e-05,2.6822011136573565e-06,3.2053674203780247e-06,-5.231663067206682e-07,3.2053674203780247e-06,6.42073484075605e-08,False,0,none,True,11.606427299993811,31.302032900013728,0.0007541579422536415,ok,0.0001624993149334837,0.0003249986298435638,0.009864185228502688,0.002155798759464844,0.00986418596545999,0.00215562605366212,0.04241301191973964,0.001921827338449888,6764.13642570001
295,295,272,272,2026,2026,2026,1,7.13399253224889e-05,7.13399253224889e-05,0.007148357533081832,0.00913440158039158,0.02815740884933458,0,3134,0.0005311953888096925,0.13430072403743576,3134,0.0005311953888096925,0.13430072403528734,3134,0.0005311953888096925,0.13430072403743576,True,93,3779,-365.2833292836957,-365.2832795699928,True,False,accepted,L-BFGS-B>Newton-CG,True,8.984674190960289e-13,1.1504011178091768e-10,8.810036040360164e-09,1.1649505040622898e-06,663.8750391303358,1.3282445618639088e-14,-4.682906352190125e-16,4.971370287876198e-05,1.1649503903754521e-06,9.217911269843171e-07,2.4315926339113503e-07,1.1649503903754521e-06,2.3399007807509042e-08,True,1,train_valid_drop_disagreed,False,11.442839700001059,9.877598199993372,0.0007532361511266572,ok,0.00016289417892680714,0.00032578835783015383,0.009871446673741385,0.0021573857343923086,0.009871447419173559,0.002157212903186981,0.04238963293967703,0.001920767985176076,6786.458576500008
296,296,273,273,2537,2537,2537,1,6.9736272651999e-05,6.9736272651999e-05,0.003726152038174894,0.004340154316030042,0.016962120402824406,0,3134,0.000530641583505981,0.13141878589922643,3134,0.000530641583505981,0.13141878589896525,3134,0.000530641583505981,0.13141878589922643,True,94,3778,-365.28333325628716,-365.28328316270995,True,False,accepted,L-BFGS-B>Newton-CG,True,8.830199060311678e-13,5.495623028414371e-11,1.706769426260923e-08,3.972591400724923e-06,663.8750391303358,1.0094094173528339e-14,-4.682906352190125e-16,5.009357721519336e-05,3.972591457568342e-06,3.592717121136957e-06,3.79874336431385e-07,3.972591457568342e-06,7.955182915136684e-08,True,2,train_valid_drop_disagreed,False,11.462514499988174,10.791251699993154,0.0007496434340055202,ok,0.0001630812388845897,0.000326162477745692,0.009854414033707985,0.0021536632835863043,0.009854414786420362,0.002153490752463767,0.04227754875405321,0.001915689202925304,6809.691564000008
297,297,274,274,2699,2699,2699,1,-6.655851301706761e-05,6.655851301706761e-05,0.047004208878381255,0.0035157104765411074,0.008074343875803119,0,3134,0.0005117316264416768,0.1300652716735174,3134,0.0005117316264416768,0.13006527166718426,3134,0.0005117316264416768,0.1300652716735174,True,95,3777,-365.28333843859997,-365.2832885833368,True,False,accepted,L-BFGS-B>Newton-CG,True,1.0001619776281372e-12,5.282990538286807e-11,1.9931738953151225e-08,5.1823129183503625e-06,663.8750391303358,1.2815010486696803e-14,-4.682906352190125e-16,4.9855263171139086e-05,5.182312804663525e-06,5.420626848717802e-06,-2.3831404405427747e-07,5.420626848717802e-06,1.0851253697435604e-07,False,0,none,True,11.552401799999643,20.119147199991858,0.0007442228071568024,ok,0.00016240582365321986,0.00032481164728304963,0.009775350695331973,0.0021363841426494884,0.009775351454956262,0.0021362129985984094,0.04213277882655118,0.0019091293574470978,6842.353350199992
298,298,275,275,1091,1091,1091,1,-6.807175012180089e-05,6.807175012180089e-05,0.011888278760937435,0.004466448898321262,0.014063250466590023,0,3134,0.00043597187515546915,0.15613793916758106,3134,0.00043597187515546915,0.15613793917024427,3134,0.00043597187515546915,0.15613793916758106,True,96,3776,-365.28334082151576,-365.283291094749,True,False,accepted,L-BFGS-B>Newton-CG,True,9.087378043803825e-13,5.962577656522065e-11,1.6240687110990912e-08,2.3829159090382745e-06,663.8750391303358,1.1115138604851247e-14,-4.682906352190125e-16,4.972676674697141e-05,2.382915795351437e-06,2.5114122195191158e-06,-1.2849642416767892e-07,2.5114122195191158e-06,5.0328244390382316e-08,False,0,none,True,11.484426900016842,18.730815300019458,0.0007417113949372833,ok,0.0001625817009599422,0.00032516340189646896,0.00983349270489586,0.002149090967307286,0.009833493450944912,0.002148918801368543,0.04206202998958224,0.0019059235712297047,6873.592444800015
299,299,275,275,3676,3676,,1,6.64932267654128e-05,6.64932267654128e-05,0.0005263091095125215,0.023759412989095483,0.13851209425347288,0,3134,0.000408048781791245,0.16295411169596455,3134,0.000408048781791245,0.16295411169592255,3134,0.000408048781791245,0.16295411169596455,True,97,3775,-365.28334082151576,-365.283291094749,False,True,projected_residual,L-BFGS-B>Newton-CG>trust-krylov,False,1.15971585798593e-06,0.00041439059816738004,3.798605622605123e-09,4.187749595985224e-07,663.8750391303358,1.0833740283729739e-14,-4.682906352190125e-16,4.972676674697141e-05,,,,,,False,0,none,False,11.473767699993914,19.879747700004373,,,,,,,,,,,6905.305567800009
300,300,276,276,2690,2690,2690,1,-6.39264397808148e-05,6.39264397808148e-05,0.06166502391702293,0.002352190638773495,0.005157642667253071,0,3134,0.000408048781791245,0.15666371922541147,3134,0.000408048781791245,0.15666371918592029,3134,0.000408048781791245,0.15666371922541147,True,98,3774,-365.283357973649,-365.2833087841421,True,False,accepted,L-BFGS-B>Newton-CG,True,1.1267839325503649e-12,4.1460319499623366e-11,2.8177405918461404e-08,1.715213323905118e-05,663.8750391303358,1.120142606294628e-14,-4.682906352190125e-16,4.9189506910352065e-05,1.715213323905118e-05,1.7689393075670523e-05,-5.372598366193415e-07,1.7689393075670523e-05,3.5388786151341046e-07,False,0,none,True,11.588727800000925,15.401965800003381,0.0007240220018616128,ok,0.0001586219870346133,0.0003172439740463814,0.009642605540851385,0.0021073729437795278,0.009642606260539945,0.0021072041173197894,0.04160038723425039,0.0018850055173675322,6933.280751599988
301,301,277,277,683,683,683,1,6.84221139022334e-05,6.84221139022334e-05,0.041604798544269884,0.003135202706116916,0.007455520216982029,0,3134,0.0004037528556654947,0.169465337376884,3134,0.0004037528556654947,0.1694653373975933,3134,0.0004037528556654947,0.169465337376884,True,99,3773,-365.28336355865065,-365.28331400380296,True,False,accepted,L-BFGS-B>Newton-CG,False,1.7470130933424926e-09,8.005073018251357e-08,2.282382458422738e-08,5.585001645158627e-06,663.8750391303358,1.1757212448759583e-14,-4.682906352190125e-16,4.9554847691979376e-05,5.585001645158627e-06,5.219660863531317e-06,3.653407816273102e-07,5.585001645158627e-06,1.1180003290317254e-07,True,1,train_valid_drop_disagreed,False,11.541955799999414,43.87371840002015,0.0007188023409980815,ok,0.00015820945521670662,0.0003164189104106275,0.00956600385486873,0.0020906317922511526,0.009566004565572914,0.002090464306249337,0.04145676579477074,0.0018784977124207426,6989.706229000003
302,302,278,278,2443,2443,2443,1,5.7559997670292296e-05,5.7559997670292296e-05,0.0014027046030682107,0.007728871068874298,0.03698931601697343,0,3134,0.0004047181757020898,0.1422224182801758,3134,0.0004047181757020898,0.14222241828035484,3134,0.0004047181757020898,0.1422224182801758,True,100,3772,-365.283364897369,-365.2833160743248,True,False,accepted,L-BFGS-B>Newton-CG,True,1.0103983364664755e-12,1.3567146398622737e-10,8.447390238002044e-09,1.3387185049396066e-06,663.8750391303358,1.2437389222767206e-14,-4.682906352190125e-16,4.88230442101667e-05,1.33871833440935e-06,2.0705218162220262e-06,-7.318034818126762e-07,2.0705218162220262e-06,4.1510436324440524e-08,False,0,none,True,11.451008099975297,9.554632900020806,0.0007167318191818595,ok,0.0001581227508305407,0.00031624550163830814,0.009505277943557903,0.0020773602608231967,0.0095052786691997,0.002077193842288859,0.04141932427779805,0.0018768011545095215,7011.611764900008
303,303,279,279,1607,1607,1607,1,-5.396222079667723e-05,5.396222079667723e-05,0.12354621323408932,0.0016601479237215325,0.0031393855399918574,0,3134,0.0004031293171673241,0.1338583389961676,3134,0.0004031293171673241,0.13385833905516087,3134,0.0004031293171673241,0.1338583389961676,True,101,3771,-365.2833830306166,-365.28333360412836,True,False,accepted,L-BFGS-B>Newton-CG,True,1.1328434823702506e-12,3.485193394678148e-11,3.350446543655483e-08,1.8133247806417785e-05,663.8750391303358,1.2184192016591582e-14,-4.682906352190125e-16,4.942648826045115e-05,1.8133247635887528e-05,1.7529803585603076e-05,6.034440502844518e-07,1.8133247635887528e-05,3.627649527177506e-07,True,1,train_valid_drop_disagreed,False,11.548781999998027,15.17347099998733,0.0006992020155962564,ok,0.0001610904664915407,0.0003221809329598807,0.009426405038084095,0.0020601227386318546,0.009426405811719607,0.0020599577128093257,0.040901994083932504,0.0018533597796913926,7039.297956399998
304,304,280,280,3799,3799,3799,1,-5.573555936377872e-05,5.573555936377872e-05,0.024632702241760843,0.002859941783263756,0.007552977095384675,0,5716,0.000393367637353095,0.14168821751279279,5716,0.000393367637353095,0.1416882175125218,5716,0.000393367637353095,0.14168821751279279,True,102,3770,-365.2833874237373,-365.28333743399537,True,False,accepted,L-BFGS-B>Newton-CG,False,1.8140713468126356e-09,9.308489053917165e-08,2.048835451494939e-08,4.393120832446584e-06,663.8750391303358,1.2724041265744059e-14,-4.682906352190125e-16,4.9989741910394514e-05,4.393120661916328e-06,3.829867011972965e-06,5.632536499433627e-07,4.393120661916328e-06,8.796241323832654e-08,True,2,train_valid_drop_disagreed,False,11.335645799990743,52.54582450000453,0.0006953721485842834,ok,0.00016157593093464993,0.0003231518618460293,0.009405892100338539,0.002055639675437028,0.009405892883989275,0.002055475011286136,0.04078410319683326,0.0018480178829590836,7104.179280599987
305,305,281,281,810,810,810,1,-5.502007590774127e-05,5.502007590774127e-05,0.025455540498280478,0.003913306177463524,0.010348130093850954,0,5716,0.00039450244974955945,0.13946700696705297,5716,0.00039450244974955945,0.1394670069874501,5716,0.00039450244974955945,0.13946700696705297,True,103,3769,-365.2833899114295,-365.28334012753976,True,False,accepted,L-BFGS-B>Newton-CG,True,1.1330036657514093e-12,8.05848957500504e-11,1.5059752205495663e-08,2.4876923134797835e-06,663.8750391303358,1.1188222301606243e-14,-4.682906352190125e-16,4.978388972176617e-05,2.4876921997929458e-06,2.6935443884212873e-06,-2.0585218862834154e-07,2.6935443884212873e-06,5.397088776842575e-08,False,0,none,True,11.358686899999157,13.96272769998177,0.0006926786041958621,ok,0.00016141633745352574,0.0003228326748838039,0.009482934740928534,0.0020724771967489653,0.0094829355099647,0.002072311179255464,0.04070247001805269,0.0018443189031506714,7130.534153999994
306,306,282,282,547,547,547,1,-5.8442507338662963e-05,5.8442507338662963e-05,0.017654280686760726,0.004537107670671392,0.013392991796813055,0,5716,0.00040364808429252993,0.1447857914180234,5716,0.00040364808429252993,0.14478579142564815,5716,0.00040364808429252993,0.1447857914180234,True,104,3768,-365.28339233880564,-365.28334216709527,True,False,accepted,L-BFGS-B>Newton-CG,True,5.047328816550887e-10,3.9184277615508906e-08,1.3881005147210328e-08,2.42737627331735e-06,663.8750391303358,1.195469902744487e-14,-4.682906352190125e-16,5.0171710370250366e-05,2.427376159630512e-06,2.039555511146318e-06,3.8782064848419395e-07,2.427376159630512e-06,4.8647523192610246e-08,True,1,train_valid_drop_disagreed,False,11.568314400006784,19.95541019999655,0.0006906390486847158,ok,0.00016125760315222534,0.00032251520628122593,0.009351406762451258,0.0020437320093596497,0.00935140756060194,0.002043568303216438,0.04063134919519538,0.0018410962614302747,7162.990837499994
307,307,283,283,2851,2851,2851,1,-5.352449409556925e-05,5.352449409556925e-05,0.0961563995712198,0.0022137858197118243,0.0044062940492514925,0,5716,0.0004080006464033296,0.13118727768548077,5716,0.0004080006464033296,0.13118727763091156,5716,0.0004080006464033296,0.13118727768548077,True,105,3767,-365.2834050618876,-365.28335434223305,True,False,accepted,L-BFGS-B>Newton-CG,True,9.754975010341503e-13,4.0346792816416735e-11,2.5177820167089694e-08,1.2723082022603194e-05,663.8750391303358,1.0804081001565156e-14,-4.682906352190125e-16,5.0719654552722204e-05,1.2723081965759775e-05,1.2175137783287937e-05,5.479441824718378e-07,1.2723081965759775e-05,2.545616393151955e-07,True,2,train_valid_drop_disagreed,False,11.520345400000224,10.01445880002575,0.0006784639109014279,ok,0.00015563217522176999,0.00031126435042112545,0.009065979154372383,0.0019813523531427863,0.009065979996729473,0.001981193658692174,0.04025233004256438,0.0018239220656740107,7185.5603734999895
308,308,284,284,450,450,450,1,5.488001949542631e-05,5.488001949542631e-05,0.0018755550251735283,0.006361516347380187,0.029332783589299243,0,5716,0.0004127528740009105,0.13296096272682828,5716,0.0004127528740009105,0.13296096272724828,5716,0.0004127528740009105,0.13296096272682828,True,106,3766,-365.28340667892274,-365.283356137211,True,False,accepted,L-BFGS-B>Newton-CG,True,1.4061246906962297e-12,1.6299347702905806e-10,9.626877077084192e-09,1.6170351386790571e-06,663.8750391303358,1.1503322793149579e-14,-4.682906352190125e-16,5.0541711743790074e-05,1.6170351386790571e-06,1.7949779476111871e-06,-1.7794280893213e-07,1.7949779476111871e-06,3.599955895222374e-08,False,0,none,True,11.526036700000986,10.498205300013069,0.0006766689329538167,ok,0.0001555804369914854,0.0003111608739605637,0.009186018835195837,0.002007586795117579,0.009186019643324665,0.002007425989528094,0.04021519326740344,0.0018222393162880155,7208.50090839999
309,309,285,285,3020,3020,3020,1,8.23034910479286e-05,8.23034910479286e-05,0.0003263703275065366,0.04014637884925399,0.263464476962849,0,5716,0.0003785431958360085,0.21742166271450802,5716,0.0003785431958360085,0.2174216627144905,5716,0.0003785431958360085,0.21742166271450802,True,107,3765,-365.28340716470524,-365.28335672541203,True,False,accepted,L-BFGS-B>Newton-CG,True,1.0530336734902804e-12,5.136536525565662e-10,3.0500850490385926e-09,4.857824364989938e-07,663.8750391303358,1.008458813451954e-14,-4.682906352190125e-16,5.043929320436291e-05,4.857824933424126e-07,5.882010327695752e-07,-1.0241853942716261e-07,5.882010327695752e-07,1.1864020655391504e-08,False,0,none,True,11.46416999999201,11.514649699995061,0.0006760807319210471,ok,0.00015553071831770767,0.0003110614366130154,0.009072127970163525,0.001982696165038818,0.009072128808221204,0.0019825373618925237,0.040202917602524715,0.0018216830787728343,7232.527162999992
310,310,286,286,3837,3837,3837,1,5.348716352138183e-05,5.348716352138183e-05,0.3869973467745565,0.0010984007654288924,0.0016832356864852752,0,5716,0.00042585471862093504,0.1255995558640087,5716,0.00042585471862093504,0.12559955558397082,5716,0.00042585471862093504,0.1255995558640087,True,108,3764,-365.28344437388006,-365.28339521839325,True,False,accepted,L-BFGS-B>Newton-CG,True,7.504274942340362e-13,1.541061585231799e-11,4.9695490266286836e-08,3.720917482041841e-05,663.8750391303358,1.0165305080436955e-14,-4.682906352190125e-16,4.91554868062849e-05,3.720917482041841e-05,3.8492981218496425e-05,-1.2838063980780134e-06,3.8492981218496425e-05,7.699596243699285e-07,False,0,none,True,11.635902599984547,58.00561329998891,0.0006375877507025507,ok,0.00015376176279229426,0.00030752352556244337,0.008967593863477888,0.0019598504365478833,0.00896759469058488,0.0019596934629370023,0.03902909997961738,0.001768494807156414,7303.138059499994
311,311,287,287,60,60,60,1,-6.027637569472333e-05,6.027637569472333e-05,0.030432665404345124,0.0036775002067636064,0.009322022641902164,0,5716,0.00040911334934253354,0.14733416983726053,5716,0.00040911334934253354,0.14733416984084083,5716,0.00040911334934253354,0.14733416983726053,True,109,3763,-365.28344784827664,-365.2833986319664,True,False,accepted,L-BFGS-B>Newton-CG,True,7.995787966579457e-13,4.8782813338660506e-11,1.739058393592641e-08,3.474396635283483e-06,663.8750391303358,9.263474395451222e-15,-4.682906352190125e-16,4.9216310230804083e-05,3.4743965784400643e-06,3.413573153920879e-06,6.082342451918521e-08,3.4743965784400643e-06,6.958793156880129e-08,False,0,none,True,11.471692000020994,24.90701020002598,0.0006341741775486298,ok,0.00015252685283108719,0.0003050537056402071,0.008921360223423174,0.0019497461632027825,0.008921361037741864,0.001949589997027768,0.03892492527770282,0.0017637744210991086,7340.560937000002
312,312,288,288,2028,2028,2028,1,6.036801989406371e-05,6.036801989406371e-05,0.21093562465424018,0.002167928658279854,0.0038736349047040156,0,5716,0.00040726477237351504,0.14822794405281473,5716,0.00040726477237351504,0.14822794410891982,5716,0.00040726477237351504,0.14822794405281473,True,110,3762,-365.2834596200351,-365.28340957317477,True,False,accepted,L-BFGS-B>Newton-CG,True,1.097259719352276e-12,3.940465154220192e-11,2.8845943978901165e-08,1.177175857947077e-05,663.8750391303358,1.157417519336327e-14,-4.682906352190125e-16,5.004686033771577e-05,1.1771758465783932e-05,1.0941208358872245e-05,8.305501069116872e-07,1.1771758465783932e-05,2.3553516931567867e-07,True,1,train_valid_drop_disagreed,False,11.402192200010177,10.717734800011385,0.0006232329691897576,ok,0.00015260899780246857,0.00030521799558295797,0.008940822800675959,0.0019539996721267944,0.008940823597811988,0.0019538431611210876,0.03859204379704092,0.001748690825262757,7363.774548599991
313,313,289,289,520,520,520,1,6.611772791087489e-05,6.611772791087489e-05,0.07407187155547833,0.003562421903151061,0.006688846209385201,0,5716,0.0004078374408185271,0.1621178471946495,5716,0.0004078374408185271,0.16211784719156863,5716,0.0004078374408185271,0.1621178471946495,True,111,3761,-365.2834635056346,-365.2834139191079,True,False,accepted,L-BFGS-B>Newton-CG,True,7.7254136503783e-13,4.162451378504115e-11,1.9559769106911774e-08,3.885599653585814e-06,663.8750391303358,1.1619158360334867e-14,-4.682906352190125e-16,4.958652669984076e-05,3.885599483055557e-06,4.345933120930567e-06,-4.6033363787501003e-07,4.345933120930567e-06,8.701866241861134e-08,False,0,none,True,11.516946399991866,10.283547400002135,0.000618887036068827,ok,0.00015368518065068593,0.0003073703612792377,0.008952538068990774,0.0019565600215438856,0.008952538892448085,0.001956403310983664,0.03844314967797751,0.0017419441035469785,7386.533077500004
314,314,290,290,3453,3453,3453,1,-6.043144345975818e-05,6.043144345975818e-05,0.00033906852208735294,0.03515466801321038,0.21962300519182404,0,5716,0.0004157447154948606,0.1453570934457379,5716,0.0004157447154948606,0.14535709344572745,5716,0.0004157447154948606,0.1453570934457379,True,112,3760,-365.2834637308806,-365.283414166594,True,False,accepted,L-BFGS-B>Newton-CG,True,7.991585758254345e-10,4.648929897581466e-07,2.7190161895992117e-09,2.2524596943185315e-07,663.8750391303358,9.84747650752875e-15,-4.682906352190125e-16,4.956428659852463e-05,2.2524602627527202e-07,2.4748612759140087e-07,-2.2240101316128857e-08,2.4748612759140087e-07,5.049722551828018e-09,False,0,none,True,11.602773999999044,119.76357079998706,0.0006186395499412356,ok,0.00015364840845081876,0.0003072968168795087,0.008979491908957263,0.001962450731563672,0.0089794927250037,0.001962293547026088,0.038436738328369094,0.0017416535911217556,7518.940256100002
315,315,291,291,2354,2354,2354,1,-5.6818412705439414e-05,5.6818412705439414e-05,0.18128104938487236,0.0014314431294050354,0.0025825990015424316,0,5716,0.0004157412356363454,0.13666773424212186,5716,0.0004157412356363454,0.1366677338693764,5716,0.0004157412356363454,0.13666773424212186,True,113,3759,-365.28348485538163,-365.28343488782497,True,False,accepted,L-BFGS-B>Newton-CG,True,7.910275428702527e-13,1.9928595928649097e-11,4.069308955344323e-08,2.1124501074609725e-05,663.8750391303358,9.88087014619954e-15,-4.682906352190125e-16,4.9967556662977586e-05,2.1124501017766306e-05,2.0721230953313352e-05,4.032700644529541e-07,2.1124501017766306e-05,4.2259002035532613e-07,False,0,none,True,11.326869299984537,10.828878200001782,0.0005979183189879222,ok,0.00015113685878430616,0.0003022737175468452,0.008747660538188342,0.001911784430198553,0.008747661373696175,0.001911631312688245,0.03777169382562525,0.001711518954395707,7542.047850200004
316,316,291,291,1938,1938,,1,6.026404653464157e-05,6.026404653464157e-05,0.0012836854885409932,0.010707285148607353,0.046499854145017054,0,5716,0.00041712816490879534,0.14447369323003698,5716,0.00041712816490879534,0.1444736932304503,5716,0.00041712816490879534,0.14447369323003698,True,114,3758,-365.28348485538163,-365.28343488782497,False,True,projected_residual,L-BFGS-B>Newton-CG>trust-krylov,False,1.0067757362433751e-06,0.000178876718486257,6.628321811598558e-09,5.327673875399341e-07,663.8750391303358,1.120566800394613e-14,-4.682906352190125e-16,4.9967556662977586e-05,,,,,,False,0,none,False,11.319030799990287,49.0988583000144,,,,,,,,,,,7602.848580999998
317,317,292,292,3643,3643,3643,1,-5.868331845126917e-05,5.868331845126917e-05,0.003441127742459677,0.00641650640348067,0.02603500017734086,0,5716,0.00041712816490879534,0.14068414311965777,5716,0.00041712816490879534,0.14068414312107966,5716,0.00041712816490879534,0.14068414311965777,True,115,3757,-365.2834860759094,-365.2834358780634,True,False,accepted,L-BFGS-B>Newton-CG,True,9.210749376301843e-13,1.0071146952032494e-10,1.0145680646078736e-08,1.2205277357679734e-06,663.8750391303358,1.0161439222065687e-14,-4.682906352190125e-16,5.0197846007904445e-05,1.2205277926113922e-06,9.902384476845327e-07,2.3028934492685948e-07,1.2205277926113922e-06,2.4510555852227847e-08,True,1,train_valid_drop_disagreed,False,11.21364229999017,10.882986900018295,0.0005969280805402377,ok,0.0001514976378979252,0.00030299527577403135,0.008755294220192942,0.0019134527567571534,0.008755295055387092,0.0019132995054003375,0.037738585489574074,0.0017100187424920075,7625.981800600013
318,318,293,293,3703,3703,3703,1,4.734610067025358e-05,4.734610067025358e-05,0.33990869315193084,0.000828005426321289,0.0012711264833197757,0,5716,0.00044948673011040554,0.10533370063811262,5716,0.00044948673011040554,0.10533370073915503,5716,0.00044948673011040554,0.10533370063811262,True,116,3756,-365.28354887247133,-365.28349759016254,True,False,accepted,L-BFGS-B>Newton-CG,True,7.733105748984726e-13,1.352393002491376e-11,5.818090625091088e-08,6.27965619059978e-05,731.7385811303848,1.0902139041253471e-14,-4.682906352190125e-16,5.128230878881368e-05,6.27965619059978e-05,6.171209912508857e-05,1.0844627809092344e-06,6.27965619059978e-05,1.2560312381199561e-06,False,0,none,True,11.585985100013204,11.850525699992431,0.0005352159814151491,ok,0.00016560636723054594,0.00033121273443724084,0.008687867400065894,0.0018987167545616013,0.008687868407751988,0.0018985647225340913,0.03575862689462782,0.0016203024411841163,7650.481883
319,319,294,294,2125,2125,2125,1,-4.886517119029321e-05,4.886517119029321e-05,0.0973723802618295,0.0030807963884215326,0.006398367135179516,0,5716,0.000379617916809525,0.1287219834115773,5716,0.000379617916809525,0.1287219834893789,5716,0.000379617916809525,0.1287219834115773,True,117,3755,-365.28355321898727,-365.2835019368483,True,False,accepted,L-BFGS-B>Newton-CG,False,3.190868331169344e-09,2.0117428036266677e-07,1.6861214094649715e-08,4.346516107034404e-06,731.7385811303848,1.2503910955279822e-14,-4.682906352190125e-16,5.1282138940678124e-05,4.346515936504147e-06,4.346685784639703e-06,-1.6984813555609435e-10,4.346685784639703e-06,8.703371569279407e-08,False,0,none,True,11.567708200018387,25.80542210000567,0.0005308692956305094,ok,0.00016406239154760893,0.0003281247830715892,0.008668647280683386,0.0018945162343400373,0.008668648289730012,0.0018943645394366004,0.03561233463546136,0.0016136736154925637,7688.798703200009
320,320,295,295,2824,2824,2824,1,-4.771339705111899e-05,4.771339705111899e-05,0.038822083783340365,0.0029418042349792298,0.00707277864918748,0,5716,0.00038657131252211447,0.12342715433233153,5716,0.00038657131252211447,0.12342715431292241,5716,0.00038657131252211447,0.12342715433233153,True,118,3754,-365.2835578354501,-365.2835071977215,True,False,accepted,L-BFGS-B>Newton-CG,True,8.76163265195701e-13,5.4020383550686186e-11,1.7219123368008214e-08,4.6164628884071135e-06,731.7385811303848,9.815120060701872e-15,-4.682906352190125e-16,5.063772857738513e-05,4.616462831563695e-06,5.260873194856686e-06,-6.44410363292991e-07,5.260873194856686e-06,1.053174638971337e-07,False,0,none,True,11.632912300003227,71.29572609998286,0.0005256084224356528,ok,0.00016468733983588768,0.00032937467964805665,0.008561462581289625,0.001871091223897309,0.008561463630788236,0.001870941416213172,0.035409481106948616,0.0016044818736390366,7772.800423800014
321,321,296,296,650,650,650,1,-4.830532702881918e-05,4.830532702881918e-05,0.017303075711468666,0.004539913593998937,0.013095693646050436,0,5716,0.00039685136414136413,0.12172145894807138,5716,0.00039685136414136413,0.12172145893687214,5716,0.00039685136414136413,0.12172145894807138,True,119,3753,-365.283559753533,-365.28350856894417,True,False,accepted,L-BFGS-B>Newton-CG,True,1.1530198443492006e-12,1.0836507664031838e-10,1.1640142378861267e-08,1.918082944030175e-06,731.7385811303848,1.0575986463814361e-14,-4.682906352190125e-16,5.1184588812702714e-05,1.918082887186756e-06,1.371222651869175e-06,5.468602353175811e-07,1.918082887186756e-06,3.8461657743735126e-08,True,1,train_valid_drop_disagreed,False,11.288594399986323,11.571550799999386,0.0005242371997837836,ok,0.00016457735480055797,0.0003291547095774131,0.008572540008757058,0.0018735121744207592,0.00857254105395113,0.0018733621716673968,0.035349432156805596,0.0016017609229494593,7796.6293267
322,322,297,297,2661,2661,2661,1,4.634340306364226e-05,4.634340306364226e-05,0.021615371689607078,0.002897528224337004,0.00648880627680099,0,5716,0.00039290483239133486,0.11795070776193467,5716,0.00039290483239133486,0.11795070776152947,5716,0.00039290483239133486,0.11795070776193467,True,120,3752,-365.28356320092416,-365.28351039917595,True,False,accepted,L-BFGS-B>Newton-CG,True,7.409259201782926e-13,4.632490539494674e-11,1.6994116207285662e-08,3.4473911227905774e-06,731.7385811303848,9.262038251089152e-15,-4.682906352190125e-16,5.28017482110954e-05,3.4473911796339962e-06,1.8302317812413094e-06,1.6171593983926869e-06,3.4473911796339962e-06,6.904782359267992e-08,True,2,train_valid_drop_disagreed,False,11.537294000008842,94.80416749999858,0.0005224069680025423,ok,0.00016442954778754978,0.000328859095551418,0.008565036094489336,0.0018718722083521232,0.008565037140591108,0.0018717223373009395,0.03528507121681722,0.0015988445864668708,7904.060753199999
323,323,298,298,19,19,19,1,-4.0450468187458455e-05,4.0450468187458455e-05,0.1504508259129058,0.001476354840044774,0.002714137907498536,0,5716,0.00038648562012025435,0.10466228517084894,5716,0.00038648562012025435,0.1046622849980528,5716,0.00038648562012025435,0.10466228517084894,True,121,3751,-365.28357414578,-365.283520529268,True,False,accepted,L-BFGS-B>Newton-CG,True,7.172045947023622e-13,2.6176420826398172e-11,2.8398879299001862e-08,1.0944855887373706e-05,731.7385811303848,1.2379872721033323e-14,-4.682906352190125e-16,5.361651199109474e-05,1.0944855830530287e-05,1.0130092050530948e-05,8.14763779999339e-07,1.0944855830530287e-05,2.1899711661060576e-07,True,3,train_valid_drop_disagreed,False,11.294635300000664,10.987317599996459,0.0005122768759520113,ok,0.00016572333502909564,0.0003314466700343234,0.008598896965326827,0.0018792724367191795,0.008598898018651562,0.001879121973844956,0.0349179590571017,0.0015822099228840587,7927.296952500008
324,324,299,299,3880,3880,3880,1,-4.06651076803044e-05,4.06651076803044e-05,0.039525589595500135,0.0020428137766502676,0.0049400625436153275,0,5716,0.00037610389111617296,0.10812200735180257,5716,0.00037610389111617296,0.10812200735282286,5716,0.00037610389111617296,0.10812200735180257,True,122,3750,-365.28358096186867,-365.28352671204635,True,False,accepted,L-BFGS-B>Newton-CG,False,4.302189908121598e-09,2.1612073220953325e-07,2.0906419269163595e-08,6.816088671257603e-06,731.7385811303848,1.0293132093056523e-14,-4.682906352190125e-16,5.4249822312613105e-05,6.816088671257603e-06,6.1827783497392375e-06,6.333103215183655e-07,6.816088671257603e-06,1.3642177342515207e-07,True,4,train_valid_drop_disagreed,False,11.402089199982584,83.66983560001245,0.0005060940976022721,ok,0.00016593674311639602,0.0003318734862088934,0.008466376839715335,0.0018503104174768922,0.008466377932204262,0.0018501622855361971,0.03469785262385265,0.0015722364137735246,8023.462547200004
325,325,300,300,2428,2428,2428,1,5.0954156149529695e-05,5.0954156149529695e-05,0.024031208519327992,0.003718145144831826,0.009915456576832252,0,5716,0.00037674780889862156,0.13524738550832782,5716,0.00037674780889862156,0.13524738552010834,5716,0.00037674780889862156,0.13524738550832782,True,123,3749,-365.28358278717496,-365.2835285463613,True,False,accepted,L-BFGS-B>Newton-CG,True,1.0769111020351524e-12,7.858286607554487e-11,1.4704146410234955e-08,1.8253063558404392e-06,731.7385811303848,1.0646967824794271e-14,-4.682906352190125e-16,5.4240813653905207e-05,1.8253062989970203e-06,1.834314957704919e-06,-9.008658707898576e-09,1.834314957704919e-06,3.6786299154098383e-08,False,0,none,True,11.357821799989324,10.696333500003675,0.0005042597826445672,ok,0.00016579487768657582,0.00033158975534927344,0.008449972672683331,0.0018467253182397588,0.008449973765031565,0.0018465774737463632,0.03462896304510929,0.0015691148746568538,8046.438645699993
326,326,301,301,833,833,833,1,6.031491947577905e-05,6.031491947577905e-05,0.010405349174777355,0.003653988714508487,0.01175018484479356,0,5716,0.0003768046196113459,0.16006947987524864,5716,0.0003768046196113459,0.16006947987301712,5716,0.0003768046196113459,0.16006947987524864,True,124,3748,-365.28358528770366,-365.28353155861373,True,False,accepted,L-BFGS-B>Newton-CG,True,9.993911755130264e-13,6.054495483231315e-11,1.7506597094356836e-08,2.500528694326931e-06,731.7385811303848,1.1099026344128576e-14,-4.682906352190125e-16,5.372908992740122e-05,2.500528694326931e-06,3.0122524208309187e-06,-5.117237265039876e-07,3.0122524208309187e-06,6.034504841661837e-08,False,0,none,True,11.537149699986912,11.329436500003794,0.0005012475302237362,ok,0.0001658982005532523,0.0003317964010826115,0.008427419702877458,0.0018417964099514937,0.008427420805993515,0.001841648963045143,0.03454145859275539,0.0015651498544623898,8070.293390100007
327,327,302,302,3752,3752,3752,1,-4.379807719873119e-05,4.379807719873119e-05,0.004768475231815917,0.005514575438080543,0.02112079498589768,0,5716,0.00037665310980584217,0.11628226625105605,5716,0.00037665310980584217,0.11628226625261032,5716,0.00037665310980584217,0.11628226625105605,True,125,3747,-365.28358613072317,-365.2835325688681,True,False,accepted,L-BFGS-B>Newton-CG,True,8.729317981237069e-13,1.0991003615688834e-10,8.942239204413164e-09,8.430194498032506e-07,731.7385811303848,1.0178517100348228e-14,-4.682906352190125e-16,5.356185505434041e-05,8.430195066466695e-07,1.0102543797074759e-06,-1.6723487306080642e-07,1.0102543797074759e-06,2.030508759414952e-08,False,0,none,True,11.623252199991839,12.617010300018592,0.0005002372758440288,ok,0.00016618272475854923,0.00033236544949316436,0.008426870382462068,0.0018416763570284582,0.008426871489181694,0.0018415289205362707,0.0345194278135012,0.0015641515911478633,8095.58663569999
328,328,303,303,2934,2934,2934,1,4.5306452442606115e-05,4.5306452442606115e-05,0.0042228854213667635,0.007948135592915568,0.028632894694493732,0,5716,0.00037702551025247587,0.12016813507464405,5716,0.00037702551025247587,0.12016813506997873,5716,0.00037702551025247587,0.12016813507464405,True,126,3746,-365.28358666394473,-365.2835331782742,True,False,accepted,L-BFGS-B>Newton-CG,False,4.6023973042205895e-09,8.07401061989686e-07,6.700261643053649e-09,5.33221566456632e-07,731.7385811303848,1.0190456241498014e-14,-4.682906352190125e-16,5.348567054852538e-05,5.33221566456632e-07,6.094060722716677e-07,-7.618450581503566e-08,6.094060722716677e-07,1.2288121445433353e-08,False,0,none,True,11.564605399995344,13.21179200001643,0.0004996278697717571,ok,0.00016623500319958243,0.0003324700063752233,0.00842753870482861,0.0018418224175996395,0.00842753981162658,0.0018416749694124262,0.03450972380458251,0.0015637118810497503,8121.355376699998
329,329,304,304,2924,2924,2924,1,4.018082520795829e-05,4.018082520795829e-05,0.022260947845833403,0.0025798314634461464,0.007077238677185477,0,5716,0.00037666940030671735,0.10667398300801587,5716,0.00037666940030671735,0.1066739830124946,5716,0.00037666940030671735,0.10667398300801587,True,127,3745,-365.2835888071809,-365.2835352303161,True,False,accepted,L-BFGS-B>Newton-CG,True,8.037886074658176e-13,5.1607602882138637e-11,1.6575003731553057e-08,2.143236258689285e-06,731.7385811303848,1.1175151312680688e-14,-4.682906352190125e-16,5.3576864786464284e-05,2.1432361450024473e-06,2.05204190706354e-06,9.119423793890746e-08,2.1432361450024473e-06,4.296472290004895e-08,True,1,train_valid_drop_disagreed,False,11.53543129999889,17.466238900000462,0.0004975758278646936,ok,0.0001659449735688272,0.0003318899471137546,0.008435100474942623,0.0018434750279524988,0.0084351015650023,0.0018433274435897325,0.03443471642706928,0.0015603131309453449,8151.549655300012
330,330,305,305,167,167,167,1,3.998136923794027e-05,3.998136923794027e-05,0.01026251586233731,0.004987583363986477,0.012820885673870536,0,5716,0.00036798760519101716,0.10864868455878154,5716,0.00036798760519101716,0.108648684558738,5716,0.00036798760519101716,0.10864868455878154,True,128,3744,-365.2835898699595,-365.28353554878015,True,False,accepted,L-BFGS-B>Newton-CG,True,1.0183445409409709e-12,1.2703612685890886e-10,9.016180641842009e-09,1.0627786650729831e-06,731.7385811303848,9.61487723680622e-15,-4.682906352190125e-16,5.432117933423797e-05,1.0627786082295643e-06,3.184640604558808e-07,7.443145477736834e-07,1.0627786082295643e-06,2.1355572164591285e-08,True,2,train_valid_drop_disagreed,False,11.430117700016126,16.45903040000121,0.0004972573638042377,ok,0.00016583793060318634,0.00033167586118248825,0.008451073004363723,0.0018469657936177693,0.008451074085056945,0.001846817927294419,0.0344282724180824,0.001560021138651479,8180.5245050000085
331,331,306,306,2579,2579,2579,1,4.430783367923019e-05,4.430783367923019e-05,0.0008051814244738859,0.0262866059061697,0.1410229230227222,0,5716,0.0003696148893716939,0.11987567317579875,5716,0.0003696148893716939,0.11987567317582119,5716,0.0003696148893716939,0.11987567317579875,True,129,3743,-365.2835900044032,-365.2835355217103,True,False,accepted,L-BFGS-B>Newton-CG,True,1.1001426563680135e-12,6.526840523064559e-10,2.6855669331590495e-09,1.344436100225721e-07,731.7385811303848,1.0966635517989202e-14,-4.682906352190125e-16,5.4482692917190434e-05,1.3444372370940982e-07,-2.706985924305627e-08,1.615135829524661e-07,1.3444372370940982e-07,2.7888744741881966e-09,True,3,validation_energy_increased,False,11.477033300005132,25.048894900013693,0.0004972844336634807,ok,0.00016559798309681293,0.000331195966169776,0.00842572750077525,0.001841426582428166,0.008425728587820322,0.001841279161665142,0.03442955423463272,0.0015600792205932648,8218.15318220001
332,332,307,307,787,787,787,1,3.7318571649349545e-05,3.7318571649349545e-05,0.0003592623281186045,0.020861584965177676,0.13173788429112024,0,5716,0.00036922539798543084,0.10107260186587189,5716,0.00036922539798543084,0.10107260186587394,5716,0.00036922539798543084,0.10107260186587189,True,130,3742,-365.2835903241542,-365.28353560344203,True,False,accepted,L-BFGS-B>Newton-CG,True,8.704078153326315e-13,4.865697106144453e-10,2.7888655959152725e-09,3.197510523023084e-07,731.7385811303848,9.644172294803483e-15,-4.682906352190125e-16,5.47207121712745e-05,3.197509954588895e-07,8.17317413748242e-08,2.3801925408406532e-07,3.197509954588895e-07,6.495019909177791e-09,True,4,train_valid_drop_disagreed,False,11.520457499980694,16.44259599997895,0.0004972027019221059,ok,0.00016549590255052476,0.00033099180507721436,0.008394728665604817,0.0018346518464659725,0.008394729762391532,0.0018345049710769671,0.03442078897023475,0.0015596820470847991,8247.213450700016
333,333,308,308,623,623,623,1,-3.6621910155076876e-05,3.6621910155076876e-05,0.11620638855369367,0.0026748689314657044,0.0050896276907326995,0,3741,0.0003699510564905916,0.0989912300899409,3741,0.0003699510564905916,0.0989912301987487,3741,0.0003699510564905916,0.0989912300899409,True,131,3741,-365.28359300608497,-365.2835383779381,True,False,accepted,L-BFGS-B>Newton-CG,True,7.121720851456779e-13,5.201713879950844e-11,1.4691104539421684e-08,2.6819308232006733e-06,731.7385811303848,1.031891662300389e-14,-4.682906352190125e-16,5.462814687007267e-05,2.6819307663572545e-06,2.7744960675590846e-06,-9.256530120183015e-08,2.7744960675590846e-06,5.5589921351181694e-08,False,0,none,True,11.342935100023169,10.583967999991728,0.0004944282058545468,ok,0.00016549970193655334,0.000330999403849271,0.008401776589976121,0.0018361921568174607,0.008401777685903137,0.0018360451577278507,0.03432832951034141,0.0015554925045439963,8270.170878200006
334,334,309,309,1572,1572,1572,1,3.4943566745472554e-05,3.4943566745472554e-05,0.020592903119193363,0.0014388672443179792,0.003042881538603811,0,3741,0.00037532808805871936,0.09310139010967305,3741,0.00037532808805871936,0.09310139010924151,3741,0.00037532808805871936,0.09310139010967305,True,132,3740,-365.2836008216707,-365.28353119474787,True,False,accepted,L-BFGS-B>Newton-CG,True,1.0044548157275537e-12,4.1360320930734194e-11,2.528546957867436e-08,7.815585604475928e-06,731.7385811303848,1.10057531935593e-14,-4.682906352190125e-16,6.962692282286298e-05,7.815585718162765e-06,-7.183190234627546e-06,1.499877595279031e-05,7.815585718162765e-06,1.5641171436325533e-07,True,1,validation_energy_increased,False,11.524856000003638,10.613554000010481,0.0005016113960891744,ok,0.00016569925393861078,0.00033139850785335713,0.008414170652020608,0.0018389008553020582,0.008414171731018943,0.0018387536353108409,0.034600240336641726,0.001567813385234887,8293.411518999987
335,335,310,310,3159,3159,3159,1,-6.546916101557443e-05,6.546916101557443e-05,0.025118296815066565,0.002660363782483405,0.005965722526990375,0,3741,0.0003748871578011487,0.17463697983034462,3741,0.0003748871578011487,0.17463697983154983,3741,0.0003748871578011487,0.17463697983034462,True,133,3739,-365.2836079369066,-365.2835281151694,True,False,accepted,L-BFGS-B>Newton-CG,True,1.0021965887665005e-12,4.072463226504698e-11,2.5609101004127737e-08,7.1152360305859474e-06,731.7385811303848,1.136079975889515e-14,-4.682906352190125e-16,7.982173718801278e-05,7.11523591689911e-06,-3.079578448250686e-06,1.0194814365149796e-05,7.11523591689911e-06,1.424047183379822e-07,True,2,validation_energy_increased,False,11.601960200001486,27.018459899991285,0.0005046909745374251,ok,0.00016548264345799972,0.0003309652868921662,0.008466519494145015,0.0018503415943288484,0.00846652059134202,0.0018501934609170365,0.034721759577048344,0.0015733196906772603,8333.131369899987
336,336,311,311,3449,3449,3449,1,-4.585042378923987e-05,4.585042378923987e-05,0.034283092731152424,0.002971819974925007,0.0076558062010398985,0,3741,0.00037535532926737114,0.12215205224002544,3741,0.00037535532926737114,0.12215205225858565,3741,0.00037535532926737114,0.12215205224002544,True,134,3738,-365.28361171497676,-365.2835288638007,True,False,accepted,L-BFGS-B>Newton-CG,True,1.0223270083766561e-12,6.626267705496408e-11,1.6428398818367213e-08,3.7780700949952006e-06,731.7385811303848,1.0442027356173146e-14,-4.682906352190125e-16,8.2851176046006e-05,3.7780701518386195e-06,7.486312938453921e-07,3.0294388579932274e-06,3.7780701518386195e-06,7.566140303677238e-08,True,3,train_valid_drop_disagreed,False,11.30776799999876,16.387128800008213,0.0005039423432435797,ok,0.00016512898300337811,0.00033025796598297393,0.008447383900190786,0.0018461595469774917,0.008447384995830469,0.0018460117485708302,0.03469292815614598,0.0015720132752545272,8361.931895199989
337,337,312,312,1057,1057,1057,1,-3.596616642109751e-05,3.596616642109751e-05,0.009629344368771036,0.002759145258144983,0.00912046719866449,0,3741,0.00037199536328083534,0.09668444817132063,3741,0.00037199536328083534,0.09668444816871122,3741,0.00037199536328083534,0.09668444817132063,True,135,3737,-365.2836135957376,-365.2835294265895,True,False,accepted,L-BFGS-B>Newton-CG,True,5.153147102790536e-10,3.9532379470261963e-08,1.4035256596853639e-08,1.8807608057613834e-06,731.7385811303848,1.039708399975007e-14,-4.682906352190125e-16,8.416914812414689e-05,1.8807608626048022e-06,5.62788784463919e-07,1.3179720781408832e-06,1.8807608626048022e-06,3.771521725209605e-08,True,4,train_valid_drop_disagreed,False,11.494135299988557,28.915786099998513,0.0005033795544591158,ok,0.00016481185771582727,0.00032962371540791794,0.00846246360855456,0.0018494551883133604,0.00846246469354679,0.0018493071233125953,0.03468510944874246,0.0015716589923361656,8403.457876200002
338,338,313,313,1133,1133,1133,1,3.7381237601318354e-05,3.7381237601318354e-05,0.00039543212294320247,0.04201648000993709,0.25205159061905463,0,3741,0.0003718315090826555,0.10053273240221491,3741,0.0003718315090826555,0.10053273240223758,3741,0.0003718315090826555,0.10053273240221491,True,136,3736,-365.2836136950554,-365.2835295616491,True,False,accepted,L-BFGS-B>Newton-CG,True,1.0901161209335516e-12,1.2252896520708937e-09,1.8896803454522922e-09,9.931784461514326e-08,731.7385811303848,9.830069768704437e-15,-4.682906352190125e-16,8.413340628976584e-05,9.93177877717244e-08,1.3505962215276668e-07,-3.574183438104228e-08,1.3505962215276668e-07,2.8011924430553335e-09,False,0,none,True,11.456079199997475,10.43489609999233,0.000503244494836963,ok,0.00016480102632140782,0.00032960205261908055,0.00844360728600751,0.0018453341751923232,0.008443608378064177,0.0018451864421866796,0.034681835817286594,0.0015715106568574262,8426.378997099993
339,339,314,314,282,282,282,1,-3.498642422944398e-05,3.498642422944398e-05,0.004464874343856007,0.006029916896144125,0.022884623252611404,0,3741,0.0003716855927703136,0.09412908358561035,3741,0.0003716855927703136,0.09412908358576094,3741,0.0003716855927703136,0.09412908358561035,True,137,3735,-365.28361417128275,-365.2835298482365,True,False,accepted,L-BFGS-B>Newton-CG,True,8.048710078958229e-13,1.3871967173015213e-10,6.802140373151387e-09,4.7622734200558625e-07,731.7385811303848,1.2002925907087978e-14,-4.682906352190125e-16,8.432304622374431e-05,4.7622734200558625e-07,2.865874080271169e-07,1.8963993397846934e-07,4.7622734200558625e-07,9.624546840111725e-09,True,1,train_valid_drop_disagreed,False,11.542801100003999,11.38817079999717,0.0005029579074289359,ok,0.00016472220989286824,0.00032944441976201277,0.008448990198236169,0.001846510600333988,0.008448991285430968,0.0018463627719319759,0.03466620900541231,0.001570802571463028,8450.315386400005
340,340,315,315,3621,3621,3621,1,-3.393827919223602e-05,3.393827919223602e-05,0.00382654284005879,0.004748109112367924,0.017198429263466878,0,3741,0.00037227771122662454,0.0911638762374792,3741,0.00037227771122662454,0.09116387623482688,3741,0.00037227771122662454,0.0911638762374792,True,138,3734,-365.28361545103195,-365.2835313217779,True,False,accepted,L-BFGS-B>Newton-CG,True,9.396888407899087e-13,1.3146645183583635e-10,8.147746270381655e-09,1.2797491990568233e-06,731.7385811303848,1.0113940790757218e-14,-4.682906352190125e-16,8.412925404854832e-05,1.2797491990568233e-06,1.473541374252818e-06,-1.937921751959948e-07,1.473541374252818e-06,2.9570827485056364e-08,False,0,none,True,11.453494599991245,11.26437629997963,0.000501484366054683,ok,0.00016415480806441683,0.00032830961610519165,0.00842956934463623,0.0018422662100342684,0.008429570430229566,0.0018421187216268488,0.03462803657622191,0.0015690728943032926,8474.060103800002
341,341,316,316,4057,4057,4057,1,3.4913020036245364e-05,3.4913020036245364e-05,0.000273440622381851,0.05198730774673603,0.33852907577117525,0,3741,0.00037861996077839837,0.09221125046991256,3741,0.00037861996077839837,0.09221125046991148,3741,0.00037861996077839837,0.09221125046991256,True,139,3733,-365.28361554211324,-365.28353140917596,True,False,accepted,L-BFGS-B>Newton-CG,True,1.0241551900894992e-12,1.5250204931787714e-09,1.6715681491956463e-09,9.108123322221218e-08,731.7385811303848,1.145401340539988e-14,-4.682906352190125e-16,8.413293727471682e-05,9.108129006563104e-08,8.739806389712612e-08,3.683226168504916e-09,9.108129006563104e-08,1.9216258013126207e-09,True,1,train_valid_drop_disagreed,False,11.615304400009336,52.36359389999416,0.0005013969679907859,ok,0.00016411522882104956,0.0003282304576184628,0.008403812370691733,0.0018366370727876692,0.008403813465770963,0.0018364900378363535,0.03462424600166757,0.0015689011349898831,8539.124810800015
342,342,317,317,3555,3555,3555,1,3.3632712197473325e-05,3.3632712197473325e-05,0.2767364069811877,0.0012309930588192079,0.0020743375058035044,0,3741,0.0003786537823130436,0.08882180442520504,3741,0.0003786537823130436,0.0888218045255085,3741,0.0003786537823130436,0.08882180442520504,True,140,3732,-365.2836256220002,-365.28354068139123,True,False,accepted,L-BFGS-B>Newton-CG,True,1.194404867861052e-12,4.371648927272167e-11,2.83216099401271e-08,1.007988703349838e-05,731.7385811303848,1.1083124994609771e-14,-4.682906352190125e-16,8.4940608985562e-05,1.0079886976654961e-05,9.272215265809791e-06,8.076717108451703e-07,1.0079886976654961e-05,2.0169773953309923e-07,True,2,train_valid_drop_disagreed,False,11.430309699993813,16.960924200015143,0.0004921247527249761,ok,0.00016397254320779422,0.0003279450863919727,0.00838318290237304,0.001832128542059622,0.00838318398119876,0.0018319818650815846,0.03433042195302653,0.0015555873177481143,8568.748335899989
343,343,318,318,2528,2528,2528,1,-3.450808640348413e-05,3.450808640348413e-05,0.0913656314485025,0.0025475451899985473,0.00533469851352475,0,3741,0.0003828096461792002,0.09014424466025671,3741,0.0003828096461792002,0.09014424472798517,3741,0.0003828096461792002,0.09014424466025671,True,141,3731,-365.28362788665856,-365.283542787316,True,False,accepted,L-BFGS-B>Newton-CG,False,9.005677838914252e-09,6.648404383596741e-07,1.4545622858220668e-08,2.26465834884948e-06,731.7385811303848,1.0331136767333928e-14,-4.682906352190125e-16,8.509934258427165e-05,2.26465834884948e-06,2.1059247501398204e-06,1.5873359870965942e-07,2.26465834884948e-06,4.53931669769896e-08,True,3,train_valid_drop_disagreed,False,11.525579600012861,61.25664469998446,0.0004900188279748363,ok,0.00016456780743854933,0.0003291356148533972,0.008419215161247304,0.0018400033231167944,0.008419216254164686,0.0018398560177638218,0.03425568319533251,0.0015522007394015926,8642.66341899999
344,344,319,319,2827,2827,2827,1,3.622368020650413e-05,3.622368020650413e-05,0.24376391707878703,0.0011255583865034536,0.0018687836862181326,0,3741,0.000386108860331993,0.09381727260896694,3741,0.000386108860331993,0.09381727259581799,3741,0.000386108860331993,0.09381727260896694,True,142,3730,-365.2836411759656,-365.28355532048477,True,False,accepted,L-BFGS-B>Newton-CG,True,1.651013780328064e-12,5.130143668937641e-11,3.31826031953986e-08,1.3289307105424086e-05,731.7385811303848,1.1237449315401821e-14,-4.682906352190125e-16,8.585548084738548e-05,1.3289307048580667e-05,1.2533168785466842e-05,7.561382631138258e-07,1.3289307048580667e-05,2.6588614097161337e-07,True,4,train_valid_drop_disagreed,False,11.591021600004751,14.308388100005686,0.00047748565918936947,ok,0.00016769202876405304,0.00033538405750395465,0.008436760035836127,0.0018438377218022795,0.008436761196926976,0.0018436901238786936,0.033780703694178064,0.0015306783681007924,8669.729405999999
345,345,320,320,979,979,979,1,-4.30905394117765e-05,4.30905394117765e-05,0.0006390490761237425,0.019030709803959694,0.1077775429680342,0,3741,0.00038440309313537925,0.11209727544153984,3741,0.00038440309313537925,0.11209727544153221,3741,0.00038440309313537925,0.11209727544153984,True,143,3729,-365.28364145786855,-365.28355561846473,True,False,accepted,L-BFGS-B>Newton-CG,True,8.83428043327287e-13,3.9016134380566547e-10,3.264263380657494e-09,2.8190305556563544e-07,731.7385811303848,9.918582594110143e-15,-4.682906352190125e-16,8.583940382322908e-05,2.819029418787977e-07,2.9797996603520005e-07,-1.607702415640233e-08,2.9797996603520005e-07,6.059599320704001e-09,False,0,none,True,11.709587200020906,11.61236500000814,0.00047718767922333427,ok,0.0001676743795747074,0.0003353487591252659,0.008419722035362122,0.0018401140994822637,0.008419723204293832,0.0018399668018579298,0.03377360277471551,0.0015303566097409499,8694.184811299987
346,346,321,321,2222,2222,2222,1,-5.8681353859148244e-05,5.8681353859148244e-05,0.001104587138282936,0.008070895238193763,0.0414832657453686,0,3741,0.0003847995108493575,0.15249851469307352,3741,0.0003847995108493575,0.15249851469304052,3741,0.0003847995108493575,0.15249851469307352,True,144,3728,-365.2836426861843,-365.28355576993124,True,False,accepted,L-BFGS-B>Newton-CG,True,9.18399479779864e-13,1.2631450199051477e-10,8.270736655786591e-09,1.2283158525860927e-06,731.7385811303848,1.1375842217005439e-14,-4.682906352190125e-16,8.691625305345951e-05,1.228315738899255e-06,1.5146650866881828e-07,1.0768492302304367e-06,1.228315738899255e-06,2.46663147779851e-08,True,1,train_valid_drop_disagreed,False,11.73414519999642,43.196731500007445,0.00047703621271466545,ok,0.00016738904300608775,0.0003347780859880677,0.008418396580391962,0.001839824423841123,0.008418397746319717,0.0018396771487885289,0.03375095745422657,0.001529330500204425,8750.318851999997
347,347,321,321,89,89,,1,-3.947517333091621e-05,3.947517333091621e-05,0.0021764053081213424,0.004937294656492134,0.02193319816743642,0,3741,0.0003847701327917777,0.10259417238156218,3741,0.0003847701327917777,0.10259417238174513,3741,0.0003847701327917777,0.10259417238156218,True,145,3727,-365.2836426861843,-365.28355576993124,False,True,projected_residual,L-BFGS-B>Newton-CG>trust-krylov,False,6.305828178859315e-07,7.886914521819128e-05,8.995304325175909e-09,1.1103456358796393e-06,731.7385811303848,1.1056768293906533e-14,-4.682906352190125e-16,8.691625305345951e-05,,,,,,False,1,none,False,11.410325500008184,26.569715999998152,,,,,,,,,,,8788.731984499987
348,348,322,322,2956,2956,2956,1,3.4846237662478075e-05,3.4846237662478075e-05,0.10817681325265,0.0034510868261436933,0.007057827077256848,0,3741,0.0003847701327917777,0.09056378001495108,3741,0.0003847701327917777,0.09056378001002881,3741,0.0003847701327917777,0.09056378001495108,True,146,3726,-365.2836440950641,-365.28355750986395,True,False,accepted,L-BFGS-B>Newton-CG,True,1.5395262707520383e-12,1.524709463668652e-10,1.109717790462017e-08,1.40887993893557e-06,731.7385811303848,1.0258490986612663e-14,-4.682906352190125e-16,8.658520016524562e-05,1.4088798252487322e-06,1.739932713462622e-06,-3.3105288821388967e-07,1.739932713462622e-06,3.489865426925244e-08,False,0,none,True,11.663661400001729,12.40048119999119,0.00047529628000120283,ok,0.00016770935739438597,0.000335418714764618,0.008415712956655875,0.0018392379230215306,0.008415714139073605,0.001839090698602191,0.03369101347042197,0.001526614305771705,8813.847224099998
349,349,323,323,478,478,478,1,3.3439627049602905e-05,3.3439627049602905e-05,0.4599003110218018,0.0005094544968471813,0.0007343275029229913,0,3741,0.00038550797623216547,0.08674172549276768,3741,0.00038550797623216547,0.08674172537819246,3741,0.00038550797623216547,0.08674172549276768,True,147,3725,-365.28374603874937,-365.2836612524093,True,False,accepted,L-BFGS-B>Newton-CG,True,7.957675573623697e-13,1.2123561041377072e-11,6.663810374249423e-08,0.00010194368513793961,1189.2789632325953,8.927919540539352e-15,-4.682906352190125e-16,8.478634009634334e-05,0.00010194368525162645,0.00010374254532052873,-1.798860068902286e-06,0.00010374254532052873,2.0749509064105747e-06,False,0,none,True,11.708303300023545,12.959496000024956,0.0003715537346806741,ok,0.00011885691608811306,0.00023771383215910803,0.006806164534883057,0.0014874742030003144,0.006806165052700566,0.0014873550401927958,0.030060036628226334,0.001362086717544416,8839.631607599993
350,350,324,324,4028,4028,4028,1,-5.1821867147250344e-05,5.1821867147250344e-05,0.00833181991979526,0.005407672634112837,0.01789164733412725,0,3741,0.0003768841079120415,0.13750080212812982,3741,0.0003768841079120415,0.13750080212875254,3741,0.0003768841079120415,0.13750080212812982,True,148,3724,-365.2837478350813,-365.28366295315243,True,False,accepted,L-BFGS-B>Newton-CG,False,1.879219910113902e-09,1.9609880234865905e-07,1.0583025942059009e-08,1.7963319010050327e-06,1189.2789632325953,8.787942263807896e-15,-4.682906352190125e-16,8.488192884215096e-05,1.7963319010050327e-06,1.700743155197415e-06,9.558874580761767e-08,1.7963319010050327e-06,3.6026638020100654e-08,True,1,train_valid_drop_disagreed,False,11.627876299986383,60.65706140000839,0.0003698529915254767,ok,0.00011900995709085905,0.00023801991416457798,0.006746064753595534,0.0014743395110878613,0.006746065288366509,0.0014742214052156084,0.029991350775676186,0.0013589744097119657,8913.050312300009
351,351,325,325,2751,2751,2751,1,3.964425635061275e-05,3.964425635061275e-05,0.23298235290380032,0.000737847602885653,0.001226537417822371,0,3741,0.00037641184536094753,0.10532148985002641,3741,0.00037641184536094753,0.10532148992983846,3741,0.00037641184536094753,0.10532148985002641,True,149,3723,-365.2837781704526,-365.28369282739743,True,False,accepted,L-BFGS-B>Newton-CG,True,5.203028786486975e-10,9.683732154991568e-09,5.472958176879177e-08,3.0335371377532283e-05,1189.2789632325953,9.699617377464855e-15,-4.682906352190125e-16,8.534305516150198e-05,3.0335371320688864e-05,2.987424500133784e-05,4.61126319351024e-07,3.0335371320688864e-05,6.068074264137773e-07,False,0,none,True,11.551570400013588,44.06898559999536,0.00033997874652413884,ok,0.00011784450780741388,0.0002356890155978555,0.006637374725444361,0.001450585513932836,0.006637375264967377,0.0014504693138587836,0.02866259929816444,0.001298765742609518,8969.77311509999
352,352,326,326,3675,3675,3675,1,-4.6196040143053896e-05,4.6196040143053896e-05,0.0009298933779318136,0.010319844775907657,0.05043181486974121,0,3741,0.00036145362490491625,0.12780627156583696,3741,0.00036145362490491625,0.12780627156587773,3741,0.00036145362490491625,0.12780627156583696,True,150,3722,-365.2837786171225,-365.2836934673991,True,False,accepted,L-BFGS-B>Newton-CG,True,6.54624284105059e-13,1.4623810259053477e-10,5.47642763759046e-09,4.46670014753181e-07,1189.2789632325953,9.766320798544658e-15,-4.682906352190125e-16,8.514972341799876e-05,4.466699010663433e-07,6.400016445695655e-07,-1.9333174350322224e-07,6.400016445695655e-07,1.290003289139131e-08,False,0,none,True,11.498893500014674,11.945300399995176,0.0003393387448795693,ok,0.00011782639552660063,0.0002356527910362316,0.006636364037166286,0.0014503646299484413,0.006636364575584921,0.001450248447345053,0.02864245975134052,0.0012978531752176185,8994.371079600009
353,353,327,327,2507,2507,2507,1,-3.382248101724272e-05,3.382248101724272e-05,0.037902462942648596,0.0028854247724972,0.007304095358777529,0,3741,0.0003622046203698546,0.09337948528294833,3741,0.0003622046203698546,0.09337948527913198,3741,0.0003622046203698546,0.09337948528294833,True,151,3721,-365.28378076255467,-365.283695442492,True,False,accepted,L-BFGS-B>Newton-CG,True,1.110343438113803e-12,9.472434791902769e-11,1.2721837758787712e-08,2.145432176803297e-06,1189.2789632325953,9.221625673900939e-15,-4.682906352190125e-16,8.532006268069381e-05,2.145432176803297e-06,1.975092914108245e-06,1.7033926269505173e-07,2.145432176803297e-06,4.300864353606594e-08,True,1,train_valid_drop_disagreed,False,11.768962500005728,12.75022019998869,0.00033736365196546103,ok,0.00011757075777541846,0.00023514151553390408,0.006621301616415798,0.001447072766787294,0.006621302155595196,0.0014469568483145051,0.02855652902385515,0.001293959463976201,9020.06272429999
354,354,328,328,1302,1302,1302,1,3.3392340517579555e-05,3.3392340517579555e-05,0.1791147160953246,0.0013921481210480496,0.002443382640164978,0,3741,0.0003677066384515389,0.09081244945209338,3741,0.0003677066384515389,0.09081244958744963,3741,0.0003677066384515389,0.09081244945209338,True,152,3720,-365.28378748841715,-365.28370153410003,True,False,accepted,L-BFGS-B>Newton-CG,True,7.920463135094407e-13,3.302091943751113e-11,2.498619805267116e-08,6.725862476741895e-06,1189.2789632325953,1.0408247258720171e-14,-4.682906352190125e-16,8.595431711455603e-05,6.725862476741895e-06,6.09160804287967e-06,6.342544338622247e-07,6.725862476741895e-06,1.346172495348379e-07,True,2,train_valid_drop_disagreed,False,11.65911770000821,12.454629700019723,0.00033127204392258136,ok,0.00011807577533419803,0.0002361515506513905,0.006603426657839383,0.0014431662288795128,0.00660342720960815,0.0014430506264111061,0.02826670135409465,0.0012808267314968619,9045.299452600011
355,355,329,329,1800,1800,1800,1,-3.322158424270971e-05,3.322158424270971e-05,0.0023212716701485666,0.0042671426137355865,0.01871548441167492,0,5716,0.00035953122279933346,0.09240250119042318,5716,0.00035953122279933346,0.09240250119089705,5716,0.00035953122279933346,0.09240250119042318,True,153,3719,-365.28378851265813,-365.2837023695915,True,False,accepted,L-BFGS-B>Newton-CG,False,3.6087242099522906e-09,4.635221712580524e-07,8.785440338609476e-09,1.0242408734484343e-06,1189.2789632325953,9.285094699671651e-15,-4.682906352190125e-16,8.614306665322147e-05,1.024240987135272e-06,8.354914484698384e-07,1.8874953866543365e-07,1.024240987135272e-06,2.058481974270544e-08,True,3,train_valid_drop_disagreed,False,11.65539150001132,118.92556820000755,0.0003304365524741115,ok,0.00011778282626932932,0.00023556565252169526,0.006598093810616926,0.0014420007453489149,0.006598094359387363,0.0014418852356818095,0.028226261529040765,0.0012789943136177035,9177.06908310001
356,356,330,330,1433,1433,1433,1,-3.195550521972734e-05,3.195550521972734e-05,0.13607593414903285,0.0011928659331134593,0.00221370558605604,0,5716,0.0003552852294429857,0.08994324157473986,5716,0.0003552852294429857,0.08994324161434147,5716,0.0003552852294429857,0.08994324157473986,True,154,3718,-365.2837980919421,-365.28371240652336,True,False,accepted,L-BFGS-B>Newton-CG,True,8.106397999374013e-10,3.026021337928277e-08,2.7788965093431705e-08,9.579284039773484e-06,1189.2789632325953,1.0096875406210648e-14,-4.682906352190125e-16,8.568541875320079e-05,9.579283982930065e-06,1.003693188295074e-05,-4.5764790002067457e-07,1.003693188295074e-05,2.008386376590148e-07,False,0,none,True,11.50312280000071,25.79215589998057,0.0003203996205911608,ok,0.00011978582392980549,0.00023957164784235913,0.006541847829706139,0.001429708294116147,0.006541848400173992,0.0014295937748843239,0.02779403745473541,0.0012594092852328265,9215.566338300006
357,357,331,331,3855,3855,3855,1,-3.7536162373896786e-05,3.7536162373896786e-05,0.12300171219398806,0.0025804488239651617,0.004970205150838155,0,3741,0.000352738515291057,0.10641356343784679,3741,0.000352738515291057,0.10641356339717567,3741,0.000352738515291057,0.10641356343784679,True,155,3717,-365.28380125938276,-365.2837150496936,True,False,accepted,L-BFGS-B>Newton-CG,True,9.219808441405837e-13,6.338221262843005e-11,1.5546365705873603e-08,3.1674406955062295e-06,1189.2789632325953,9.747795340955259e-15,-4.682906352190125e-16,8.6209689129646e-05,3.1674406386628107e-06,2.643170262217609e-06,5.242703764452017e-07,3.1674406386628107e-06,6.344881277325621e-08,True,1,train_valid_drop_disagreed,False,11.604451399995014,19.297286299988627,0.0003177564503289432,ok,0.00011742999099043688,0.00023485998196396118,0.006521873485928404,0.0014253429395998166,0.006521874049124726,0.0014252287688232502,0.027688407560016615,0.0012546229611723632,9247.601420499996
358,358,332,332,1728,1728,1728,1,3.152640315657457e-05,3.152640315657457e-05,0.03193735207239504,0.0017567164560766703,0.003557522376836605,0,3741,0.0003492525132733124,0.09026822129667295,3741,0.0003492525132733124,0.09026822129661106,3741,0.0003492525132733124,0.09026822129667295,True,156,3716,-365.28380480117846,-365.2837129979344,True,False,accepted,L-BFGS-B>Newton-CG,True,7.593648299623594e-13,4.231338051446288e-11,1.8946210412160413e-08,3.5417957633399055e-06,1189.2789632325953,8.15213265206098e-15,-4.682906352190125e-16,9.180324406088403e-05,3.5417957064964867e-06,-2.051759224741545e-06,5.593554931238032e-06,3.5417957064964867e-06,7.093591412992973e-08,True,2,validation_energy_increased,False,11.54594250000082,19.32423860000563,0.0003198082095536847,ok,0.00011687818287785708,0.00023375636573888105,0.006537658587362236,0.001428792743238008,0.006537659135371657,0.0014286782925135308,0.027764277821945797,0.0012580608104773544,9279.638618900004
359,359,333,333,3231,3231,3231,1,-3.0573315742188356e-05,3.0573315742188356e-05,0.06974548383027411,0.0017612404340868358,0.0037440954531278966,0,3741,0.0003504825831266527,0.08723205435615093,3741,0.0003504825831266527,0.08723205429942711,3741,0.0003504825831266527,0.08723205435615093,True,157,3715,-365.2838144856257,-365.28372367568204,True,False,accepted,L-BFGS-B>Newton-CG,True,7.416880471335935e-13,4.2726506519032166e-11,1.835896771254197e-08,9.68444726368034e-06,1189.2789632325953,8.971277463043405e-15,-4.682906352190125e-16,9.080994368559914e-05,9.68444726368034e-06,1.067774763896523e-05,-9.93300375284889e-07,1.067774763896523e-05,2.136549527793046e-07,False,0,none,True,11.638604899984784,13.821538899996085,0.0003091304619147195,ok,0.0001146294856579378,0.00022925897129936638,0.006426789674046665,0.0014045625549100051,0.006426790189956815,0.0014044500401148919,0.027337261290987198,0.001238711747394562,9306.242554299999
360,360,334,334,791,791,791,1,-3.052248118456946e-05,3.052248118456946e-05,0.0016923556296871043,0.007821981860444202,0.032690143814251824,0,3741,0.0003525698408837974,0.08657144668998869,3741,0.0003525698408837974,0.086571446690855,3741,0.0003525698408837974,0.08657144668998869,True,158,3714,-365.28381476024254,-365.28372395009745,True,False,accepted,L-BFGS-B>Newton-CG,True,1.2329033197107004e-12,3.159555524529395e-10,4.902141646630302e-09,2.746168092926382e-07,1189.2789632325953,9.896343320563508e-15,-4.682906352190125e-16,9.081014508183216e-05,2.746168092926382e-07,2.7441541305961437e-07,2.013962330238428e-10,2.746168092926382e-07,5.592336185852764e-09,False,0,none,True,11.7365853000083,19.09613300001365,0.0003088560465016599,ok,0.00011461444830298594,0.00022922889658946483,0.006426841398293713,0.001404573859144976,0.006426841914166366,0.0014044613434352168,0.02732549975188202,0.00123817880605483,9338.268678699998
361,361,335,335,1504,1504,1504,1,2.8793372762726116e-05,2.8793372762726116e-05,0.00013613036759124156,0.03529486457991139,0.2523922999551442,0,3741,0.00035250208502097933,0.08168284383626402,3741,0.00035250208502097933,0.08168284383628399,3741,0.00035250208502097933,0.08168284383626402,True,159,3713,-365.28381483417775,-365.2837239863471,True,False,accepted,L-BFGS-B>Newton-CG,True,8.891619731865905e-13,1.089933148815939e-09,1.8157949633448084e-09,7.393526857413235e-08,1189.2789632325953,8.822813763213408e-15,-4.682906352190125e-16,9.084783062007773e-05,7.393521173071349e-08,3.624967348514474e-08,3.768553824556875e-08,7.393521173071349e-08,1.5787042346142698e-09,True,1,train_valid_drop_disagreed,False,11.636040999990655,11.699342700012494,0.00030881979682817473,ok,0.00011463394135656222,0.00022926788269661457,0.006437490224927601,0.0014069011397784296,0.006437490738398649,0.0014067884369263935,0.027324701947823403,0.001238142655789117,9362.840381599992
362,362,336,336,2500,2500,2500,1,-2.861419085897765e-05,2.861419085897765e-05,0.007128609243166446,0.00498517583132894,0.016850469729443214,0,3741,0.00035251085977669005,0.0811725087763375,3741,0.00035251085977669005,0.08117250877296661,3741,0.00035251085977669005,0.0811725087763375,True,160,3712,-365.2838156471056,-365.2837247988478,True,False,accepted,L-BFGS-B>Newton-CG,True,9.946884081305949e-13,1.7329501478110096e-10,6.739855871717048e-09,8.129279649438104e-07,1189.2789632325953,8.65510039262411e-15,-4.682906352190125e-16,9.084825779837047e-05,8.129278512569726e-07,8.125006729642337e-07,4.2717829273897223e-10,8.129278512569726e-07,1.6358557025139454e-08,False,0,none,True,11.707387200003723,14.571817599993665,0.0003080072961552105,ok,0.00011408027024690201,0.00022816054047737389,0.006432194522509503,0.0014057437741735702,0.006432195031277855,0.001405631163099428,0.027297053969541376,0.0012368898647679132,9390.384260499995
363,363,337,337,3708,3708,3708,1,2.9411574144377894e-05,2.9411574144377894e-05,0.035974506687508685,0.002709558359283717,0.005745911267358627,0,3741,0.0003550136245574564,0.08284632507003359,3741,0.0003550136245574564,0.08284632506294458,3741,0.0003550136245574564,0.08284632507003359,True,161,3711,-365.2838170031005,-365.28372666968767,True,False,accepted,L-BFGS-B>Newton-CG,False,2.2242778022803812e-09,2.049128844785864e-07,1.1854748387053332e-08,1.3559948683905532e-06,1189.2789632325953,8.255117035370525e-15,-4.682906352190125e-16,9.033341285658025e-05,1.355994925233972e-06,1.8708398670241877e-06,-5.148449417902157e-07,1.8708398670241877e-06,3.7516797340483755e-08,False,0,none,True,11.646451300010085,93.58058629999869,0.0003061364562881863,ok,0.00011426342983025722,0.00022852685964405792,0.0064290799997271135,0.0014050631011939916,0.006429080513984674,0.0014049505459004749,0.0272141378152817,0.0012331327505040895,9496.845768900006
364,364,338,338,605,605,605,1,-2.843884268541319e-05,2.843884268541319e-05,0.021206065776370426,0.0007099650813675591,0.0015340783731705011,0,3741,0.00035830713330404227,0.07937001539202221,3741,0.00035830713330404227,0.07937001539392308,3741,0.00035830713330404227,0.07937001539202221,True,162,3710,-365.2838321155198,-365.28371051870835,True,False,accepted,L-BFGS-B>Newton-CG,True,2.1319630496407426e-12,5.322352334996961e-11,4.105678157798923e-08,1.5112419418983336e-05,1189.2789632325953,9.654227422920339e-15,-4.682906352190125e-16,0.0001215968114252064,1.511241924845308e-05,-1.6150979320173064e-05,3.1263398568626144e-05,1.6150979320173064e-05,3.231195864034613e-07,True,1,validation_energy_increased,False,11.462896899989573,15.065971000003628,0.0003222874356083594,ok,0.00011509188234055586,0.0002301837646645359,0.006558842523320599,0.0014334224518050837,0.00655884301691426,0.0014333076179470561,0.027928047597983906,0.001265481581098348,9524.591782700008
365,365,339,339,3061,3061,3061,1,5.476094687123512e-05,5.476094687123512e-05,0.02783144034627488,0.001625706191869747,0.0034445488258458556,0,3741,0.0003594606298712221,0.15234198774662303,3741,0.0003594606298712221,0.15234198774534483,3741,0.0003594606298712221,0.15234198774662303,True,163,3709,-365.28384353367505,-365.2836955901774,True,False,accepted,L-BFGS-B>Newton-CG,True,7.651224409747905e-10,2.2714440851856312e-08,3.468440570317899e-08,1.141815528171719e-05,1189.2789632325953,1.1217770622454735e-14,-4.682906352190125e-16,0.0001479434976658922,1.141815528171719e-05,-1.4928530958968622e-05,2.6346686240685813e-05,1.4928530958968622e-05,2.9867061917937244e-07,True,2,validation_energy_increased,False,11.544272900006035,22.108106500003487,0.000337215966567328,ok,0.00011531367431927113,0.00023062734862193447,0.006689089446008663,0.0014618876669090849,0.0066890899105070895,0.001461770544155095,0.028650050568275187,0.001298197131915007,9559.4996712
366,366,340,340,2268,2268,2268,1,-2.9492805519892862e-05,2.9492805519892862e-05,0.005551119100568689,0.003556364962838626,0.013169771654255341,0,3741,0.0003572954965281621,0.08254457670604375,3741,0.0003572954965281621,0.08254457670391542,3741,0.0003572954965281621,0.08254457670604375,True,164,3708,-365.283844326014,-365.2836944692527,True,False,accepted,L-BFGS-B>Newton-CG,True,8.066696578322309e-13,9.727154066973038e-11,9.292966804865832e-09,7.923390512587503e-07,1189.2789632325953,9.329883260823617e-15,-4.682906352190125e-16,0.00014985676131118453,7.923389375719125e-07,-1.1209247077204054e-06,1.913263645292318e-06,1.1209247077204054e-06,2.251849415440811e-08,True,3,validation_energy_increased,False,11.556660400005057,12.450296199996956,0.0003383368912750484,ok,0.00011549606505717023,0.0002309921300977064,0.006710297748741806,0.0014665227007880468,0.00671029821063665,0.0014664052057960298,0.0286619354157045,0.0012987356606275207,9584.6836664
367,367,341,341,1248,1248,1248,1,-2.8494749835294986e-05,2.8494749835294986e-05,0.0027874708626116243,0.00332856072318195,0.013992592974709681,0,3741,0.0003574244619514126,0.07972243891680948,3741,0.0003574244619514126,0.07972243891617188,3741,0.0003574244619514126,0.07972243891680948,True,165,3707,-365.2838454181621,-365.28369600087854,True,False,accepted,L-BFGS-B>Newton-CG,True,8.989975317850026e-13,1.0501470969885448e-10,9.560681968869063e-09,1.0921481248260534e-06,1189.2789632325953,8.902567844428031e-15,-4.682906352190125e-16,0.00014941728358053297,1.0921481248260534e-06,1.531625855477614e-06,-4.394777306515607e-07,1.531625855477614e-06,3.0732517109552286e-08,False,0,none,True,11.681452499993611,80.19389250001404,0.0003368052654195708,ok,0.0001154542406492483,0.00023090848128186857,0.006714185599740063,0.0014673723831657467,0.006714186061011534,0.0014672548199040959,0.028633137844420148,0.0012974307790058154,9677.818649699999
368,368,342,342,374,374,374,1,-3.079690097491407e-05,3.079690097491407e-05,0.00029475488478150115,0.03955655810130061,0.26407800681232546,0,3741,0.0003665251442610084,0.08402397886509828,3741,0.0003665251442610084,0.08402397886508983,3741,0.0003665251442610084,0.08402397886509828,True,166,3706,-365.2838454910626,-365.2836960259611,True,False,accepted,L-BFGS-B>Newton-CG,True,3.436433286452201e-12,4.413868556816861e-09,1.7785536071627936e-09,7.290060466402792e-08,1189.2789632325953,7.593201444672758e-15,-4.682906352190125e-16,0.0001494651015150339,7.29004909771902e-08,2.5082556476263562e-08,4.781793450092664e-08,7.29004909771902e-08,1.5580098195438042e-09,True,1,train_valid_drop_disagreed,False,11.410909800004447,14.172603900020476,0.0003367801828630945,ok,0.00011545963102639686,0.00023091926203616493,0.006661126771367546,0.0014557764780063814,0.006661127243927798,0.0014556598470515276,0.028630711254579742,0.0012973208248553457,9704.534035599994
369,369,343,343,861,861,861,1,-2.798578200313706e-05,2.798578200313706e-05,0.008666115149485122,0.001853632665778568,0.006204580195259892,0,3741,0.0003684731263141146,0.0759506732094211,3741,0.0003684731263141146,0.07595067320984876,3741,0.0003684731263141146,0.0759506732094211,True,167,3705,-365.2838482782363,-365.2836949322352,True,False,accepted,L-BFGS-B>Newton-CG,True,7.677500054095746e-13,5.0851767767884626e-11,1.6097803657760864e-08,2.787173741580773e-06,1189.2789632325953,9.984814217838325e-15,-4.682906352190125e-16,0.0001533460010705312,2.787173684737354e-06,-1.093725870759954e-06,3.880899555497308e-06,2.787173684737354e-06,5.5843473694747085e-08,True,2,validation_energy_increased,False,11.541878999996698,13.738909400010016,0.0003378739087338545,ok,0.00011435620023393332,0.00022871240045139676,0.006662860661418204,0.001456155416350874,0.006662861121612901,0.0014560387523078718,0.02869536206247649,0.001300250295893714,9731.104208300007
370,370,344,344,1372,1372,1372,1,2.665783864941318e-05,2.665783864941318e-05,0.4781823650336279,0.0005390770707884887,0.0007721696380288495,0,3741,0.00036568020533472964,0.07289932093811755,3741,0.00036568020533472964,0.07289932070669396,3741,0.00036568020533472964,0.07289932093811755,True,168,3704,-365.28389721223016,-365.28374356543264,True,False,accepted,L-BFGS-B>Newton-CG,True,1.062724995726808e-12,2.149051475995816e-11,5.045088601167025e-08,4.893399386673991e-05,1189.2789632325953,9.47086490687228e-15,-4.682906352190125e-16,0.00015364679751428412,4.893399386673991e-05,4.8633197422986996e-05,3.0079644375291537e-07,4.893399386673991e-05,9.787798773347983e-07,False,0,none,True,11.654495199996745,13.877192699990701,0.0002892407113108675,ok,8.175453571594375e-05,0.000163509071420113,0.006005702903568632,0.0013125348489824477,0.006005703127207939,0.0013124296497349945,0.026591881408923608,0.0012049369370228972,9757.91082369999
371,371,345,345,741,741,741,1,-2.9624801745953278e-05,2.9624801745953278e-05,0.1697624530688895,0.0013334802016708152,0.00238102689407519,0,5716,0.0003594979402042173,0.08240604029365103,5716,0.0003594979402042173,0.08240604012350866,5716,0.0003594979402042173,0.08240604029365103,True,169,3703,-365.2839032873047,-365.28374919344566,True,False,accepted,L-BFGS-B>Newton-CG,True,8.051616547401458e-13,3.624217080980339e-11,2.3216154185840108e-08,6.075074622913235e-06,1189.2789632325953,1.0661712127307127e-14,-4.682906352190125e-16,0.0001540938590665064,6.075074566069816e-06,5.6280130138475215e-06,4.4706155222229427e-07,6.075074566069816e-06,1.2160149132139631e-07,True,1,train_valid_drop_disagreed,False,11.627436199982185,13.604060799989384,0.00028361269829701996,ok,8.167873002218588e-05,0.00016335746003260816,0.006053775998237587,0.0013230411316049102,0.0060537762250343725,0.0013229350905810781,0.026323301408475153,0.001192766983415276,9784.416429200006
372,372,346,346,2066,2066,2066,1,2.9281929519342498e-05,2.9281929519342498e-05,0.26293291325858664,0.0006184624834812594,0.0010048641955463533,0,5716,0.00035477881832259327,0.0825357321437297,5716,0.00035477881832259327,0.08253573225662672,5716,0.00035477881832259327,0.0825357321437297,True,170,3702,-365.28392807650175,-365.2837728697955,True,False,accepted,L-BFGS-B>Newton-CG,True,1.0888657291528315e-12,2.299789031810531e-11,4.8346331080447475e-08,2.4789197027530463e-05,1189.2789632325953,1.2574379014293697e-14,-4.682906352190125e-16,0.00015520670626756328,2.4789197027530463e-05,2.3676349826473597e-05,1.1128472010568657e-06,2.4789197027530463e-05,4.958839405506093e-07,True,2,train_valid_drop_disagreed,False,11.66427399998065,75.60327300001518,0.00025993634847054636,ok,7.926322102751361e-05,0.00015852644204361152,0.0059853347964972945,0.0013080834382536467,0.005985335021791837,0.0013079785963128038,0.025142774633260142,0.0011392747052749353,9872.93967729999
373,373,347,347,1197,1197,1197,1,2.9410795057360772e-05,2.9410795057360772e-05,0.009875271329144203,0.003570953120710478,0.008239023231336013,0,5716,0.00035509522435552514,0.08282509321475517,5716,0.00035509522435552514,0.0828250932095793,5716,0.00035509522435552514,0.08282509321475517,True,171,3701,-365.28392910561337,-365.28377238572926,True,False,accepted,L-BFGS-B>Newton-CG,False,4.030487936962954e-09,4.8936737225528e-07,9.236119049760508e-09,1.029111729167198e-06,1189.2789632325953,1.2769340111307186e-14,-4.682906352190125e-16,0.00015671988410304039,1.0291116154803603e-06,-4.840662199967483e-07,1.5131778354771086e-06,1.0291116154803603e-06,2.068223230960721e-08,True,3,validation_energy_increased,False,11.411580300016794,75.73232179999468,0.0002604204146905431,ok,7.924143814601888e-05,0.0001584828762806252,0.005991300296804476,0.0013093871869023083,0.005991300522383557,0.0013092822404800646,0.025166842497120583,0.0011403652733966384,9961.334076
374,374,347,347,2852,2852,,1,-2.8561336363336354e-05,2.8561336363336354e-05,0.001614268344140788,0.006673231026842246,0.031239548759219977,0,5716,0.00035437023193844557,0.08059744806188315,5716,0.00035437023193844557,0.08059744806189756,5716,0.00035437023193844557,0.08059744806188315,True,172,3700,-365.28392910561337,-365.28377238572926,False,True,projected_residual,L-BFGS-B>Newton-CG>trust-krylov,False,1.5540577806170665e-06,0.0003630983027926576,5.2799918607840205e-09,4.3389889015088556e-07,1189.2789632325953,1.0474469882723288e-14,-4.682906352190125e-16,0.00015671988410304039,,,,,,False,3,none,False,11.438360899977852,27.28310150001198,,,,,,,,,,,10000.502025399997
375,375,348,348,1586,1586,1586,1,-2.8554628659083203e-05,2.8554628659083203e-05,0.004273244949123539,0.005091456592365626,0.019928622928697213,0,5716,0.00035437023193844557,0.08057851954123271,5716,0.00035437023193844557,0.08057851953806561,5716,0.00035437023193844557,0.08057851954123271,True,173,3699,-365.28392955545047,-365.2837731449944,True,False,accepted,L-BFGS-B>Newton-CG,True,7.817689079718647e-10,1.3939395516807487e-07,6.6083415312324225e-09,4.498372732086864e-07,1189.2789632325953,1.216178905392789e-14,-4.682906352190125e-16,0.00015641045604297688,4.498371026784298e-07,7.5926516274194e-07,-3.094280600635102e-07,7.5926516274194e-07,1.52853032548388e-08,False,0,none,True,11.596560200006934,35.955108199996175,0.00025966114952780117,ok,7.921473144034847e-05,0.00015842946286928822,0.006000268987904323,0.00131134727713776,0.006000269213372034,0.0013112421735175907,0.025140507774110164,0.001139171988875188,10049.28643909999
376,376,349,349,927,927,927,1,-2.7146355247364973e-05,2.7146355247364973e-05,0.22346678200647407,0.0019313180601388297,0.003116732533341513,0,5716,0.0003495578505253179,0.07765912053346606,5716,0.0003495578505253179,0.07765912038429103,5716,0.0003495578505253179,0.07765912053346606,True,174,3698,-365.28393239886555,-365.28377558520833,True,False,accepted,L-BFGS-B>Newton-CG,True,8.089391785447586e-13,5.755178567242011e-11,1.5055848469223384e-08,2.843415188635845e-06,1189.2789632325953,1.2701890824777767e-14,-4.682906352190125e-16,0.00015681365721320617,2.8434150749490072e-06,2.4402139047197124e-06,4.032011702292948e-07,2.8434150749490072e-06,5.6968301498980145e-08,True,1,train_valid_drop_disagreed,False,11.53865410000435,13.954194499994628,0.00025722093562308146,ok,7.799886391088882e-05,0.00015599772781054404,0.006032372236567708,0.001318363380550269,0.006032372452385171,0.0013182577122215424,0.02501118030283819,0.0011333118752295593,10076.053042000014
377,377,350,350,1866,1866,1866,1,-2.9796232825951563e-05,2.9796232825951563e-05,0.05110600587522561,0.0022396819520830963,0.005064244377929906,0,5716,0.00035302752426995124,0.08440201054455782,5716,0.00035302752426995124,0.08440201052703458,5716,0.00035302752426995124,0.08440201054455782,True,175,3697,-365.28393607556654,-365.28377896973683,True,False,accepted,L-BFGS-B>Newton-CG,True,1.3707692976596082e-12,1.0303608785715991e-10,1.430377857086268e-08,3.6767009419236274e-06,1189.2789632325953,1.2504534953864153e-14,-4.682906352190125e-16,0.00015710582971451004,3.6767009987670463e-06,3.3845284974631795e-06,2.9217250130386674e-07,3.6767009987670463e-06,7.363401997534091e-08,True,2,train_valid_drop_disagreed,False,11.608510599995498,53.0857004999998,0.0002538364071256183,ok,7.578656212717796e-05,0.00015157312424344093,0.005931874165319801,0.0012963997198620224,0.005931874366848794,0.001296295809609006,0.02486237168309944,0.0011265690276772065,10141.962943599996
378,378,351,351,1634,1634,1634,1,2.8890297766537287e-05,2.8890297766537287e-05,0.33300997769229385,0.0013986928239031332,0.0022366071399183315,0,5716,0.00035264851141299556,0.08192377631420973,5716,0.00035264851141299556,0.08192377640094461,5716,0.00035264851141299556,0.08192377631420973,True,176,3696,-365.2839426811941,-365.2837855923739,True,False,accepted,L-BFGS-B>Newton-CG,True,1.0000533307017276e-12,4.841651101721098e-11,2.1655212647318413e-08,6.605627561384608e-06,1189.2789632325953,1.132784001285159e-14,-4.682906352190125e-16,0.00015708882023091064,6.605627561384608e-06,6.622637044984003e-06,-1.7009483599395026e-08,6.622637044984003e-06,1.325527408996801e-07,False,0,none,True,11.49918610000168,15.123191299993778,0.0002472137700806343,ok,7.60585122157788e-05,0.00015211702442060343,0.0058540183788942345,0.0012793844870875588,0.005854018575600862,0.0012792819401797211,0.024548583323956024,0.0011123505833886865,10169.877426299994
379,379,352,352,1567,1567,1567,1,-2.6381172951950305e-05,2.6381172951950305e-05,0.03301728010040542,0.002892582926273628,0.007471548916983487,0,3741,0.0003600584705826732,0.07326913573025609,3741,0.0003600584705826732,0.0732691357067487,3741,0.0003600584705826732,0.07326913573025609,True,177,3695,-365.28394396781414,-365.2837864751464,True,False,accepted,L-BFGS-B>Newton-CG,True,9.135235938909544e-10,1.0016396013730254e-07,1.0120282311509215e-08,1.2866200904682046e-06,1189.2789632325953,1.3131437643593776e-14,-4.682906352190125e-16,0.00015749266771081238,1.2866200336247857e-06,8.827725537230435e-07,4.038474799017422e-07,1.2866200336247857e-06,2.5832400672495715e-08,True,1,train_valid_drop_disagreed,False,11.666040100011742,27.670762199995806,0.00024633099752691123,ok,7.55287464427468e-05,0.00015105749287461576,0.005843577855983083,0.0012771027308331256,0.005843578047670253,0.0012770003657953761,0.024494373438043834,0.0011098942136086427,10210.558223200002
380,380,353,353,2580,2580,2580,1,-2.595304458741232e-05,2.595304458741232e-05,0.009394833632361746,0.0016635417842048377,0.005052347960320898,0,3741,0.0003602482064860438,0.07204212018309591,3741,0.0003602482064860438,0.0720421201814464,3741,0.0003602482064860438,0.07204212018309591,True,178,3694,-365.28394738672534,-365.28378552614333,True,False,accepted,L-BFGS-B>Newton-CG,True,8.062191335300062e-13,5.167716244458274e-11,1.660107202856919e-08,3.4189112625426787e-06,1189.2789632325953,9.415068093779561e-15,-4.682906352190125e-16,0.00016186058201128617,3.41891120569926e-06,-9.490030947745254e-07,4.367914300473785e-06,3.41891120569926e-06,6.847822411398519e-08,True,2,validation_energy_increased,False,11.534743800002616,13.539043099997798,0.00024728000062168576,ok,7.543990539751406e-05,0.00015087981078416306,0.005925073996517624,0.0012949135560149034,0.00592507418041007,0.0012948097610786559,0.024589229277564777,0.0011141923414083833,10236.934808399994
381,381,354,354,653,653,653,1,-2.5091284289402438e-05,2.5091284289402438e-05,0.14349544589555543,0.002222009732954558,0.0038010898887214204,0,3741,0.00036183861224630575,0.06934385507846975,3741,0.00036183861224630575,0.06934385499805529,3741,0.00036183861224630575,0.06934385507846975,True,179,3693,-365.2839489500077,-365.28378681256413,True,False,accepted,L-BFGS-B>Newton-CG,True,8.89956305462084e-13,7.881189158554507e-11,1.229215766247782e-08,1.56328235334513e-06,1189.2789632325953,1.110364415599877e-14,-4.682906352190125e-16,0.00016213744356718962,1.56328235334513e-06,1.2864207974416786e-06,2.768615559034515e-07,1.56328235334513e-06,3.13656470669026e-08,True,3,train_valid_drop_disagreed,False,11.698376399988774,13.622233100002632,0.0002459935798242441,ok,7.570270621830607e-05,0.00015140541242570924,0.005910883174635852,0.0012918121791145475,0.005910883362812205,0.0012917086338043082,0.024522508069595782,0.001111169055965419,10263.522748499992
382,382,355,355,3313,3313,3313,1,-2.5062785226737105e-05,2.5062785226737105e-05,0.10132669939184095,0.0014814510611573025,0.0030402557776493715,0,3741,0.0003638870054411365,0.06887518612090517,3741,0.0003638870054411365,0.06887518615790288,3741,0.0003638870054411365,0.06887518612090517,True,180,3692,-365.28395386655103,-365.2837921914123,True,False,accepted,L-BFGS-B>Newton-CG,True,9.677493972043784e-13,5.7203274362119435e-11,1.7917727315365558e-08,4.916543332456058e-06,1189.2789632325953,1.0355761920934742e-14,-4.682906352190125e-16,0.00016167513871323536,4.916543332456058e-06,5.378848186410323e-06,-4.6230485395426513e-07,5.378848186410323e-06,1.0767696372820646e-07,False,0,none,True,11.654445299995132,13.91719780000858,0.00024061473163783376,ok,7.292523332404026e-05,0.00014585046663757764,0.005914294170048689,0.001292557645618794,0.005914294326370568,0.0012924540335707204,0.024291319988001957,0.001100693412868636,10290.314729800011
383,383,356,356,2891,2891,2891,1,2.5640466839532694e-05,2.5640466839532694e-05,0.0033060201516751163,0.004531898974867709,0.018500411216642688,0,5716,0.00035079343049409107,0.0730927794269642,5716,0.00035079343049409107,0.07309277942722792,5716,0.00035079343049409107,0.0730927794269642,True,181,3691,-365.2839543546559,-365.2837928830848,True,False,accepted,L-BFGS-B>Newton-CG,True,1.0470204549972143e-12,1.850586793225116e-10,6.657775462519735e-09,4.881049449068087e-07,1189.2789632325953,1.2330620296249328e-14,-4.682906352190125e-16,0.00016147157111845445,4.881048880633898e-07,6.916724828442966e-07,-2.035675947809068e-07,6.916724828442966e-07,1.3933449656885931e-08,False,0,none,True,11.643902300012996,20.752192799991462,0.00023992305915498946,ok,7.294387140770364e-05,0.00014588774280490172,0.005920462206515802,0.0012939056581566888,0.005920462363384722,0.0012938019381351941,0.02425954741189418,0.0010992537272011232,10324.008235199988
384,384,356,356,1159,1159,,1,-2.4547418450815428e-05,2.4547418450815428e-05,0.0623579887807107,0.001649883125138944,0.003637222063096027,0,5716,0.0003510649900756551,0.0699227184275066,5716,0.0003510649900756551,0.06992271830623345,5716,0.0003510649900756551,0.0699227184275066,True,182,3690,-365.2839543546559,-365.2837928830848,False,True,projected_residual,L-BFGS-B>Newton-CG>trust-krylov,False,2.328649584797391e-07,1.5651338851915883e-05,1.5878277231294755e-08,5.024040149237408e-06,1189.2789632325953,1.025860025386286e-14,-4.682906352190125e-16,0.00016147157111845445,,,,,,False,0,none,False,11.692424599983497,73.91757379999035,,,,,,,,,,,10410.070066100016
385,385,357,357,3225,3225,3225,1,2.4504394467772528e-05,2.4504394467772528e-05,0.09392179255834981,0.002155382767827424,0.004067906790144958,0,5716,0.0003510649900756551,0.06980016566873214,5716,0.0003510649900756551,0.06980016569296374,5716,0.0003510649900756551,0.06980016566873214,True,183,3689,-365.28395631198237,-365.2837947550883,True,False,accepted,L-BFGS-B>Newton-CG,True,9.155220315856852e-13,8.052842946986193e-11,1.2368929427939768e-08,1.9573265035432996e-06,1189.2789632325953,1.1448697214864675e-14,-4.682906352190125e-16,0.00016155689405650264,1.9573264466998808e-06,1.8720035086516873e-06,8.532293804819346e-08,1.9573264466998808e-06,3.924652893399762e-08,True,1,train_valid_drop_disagreed,False,11.553871400014032,13.808669599995483,0.00023805105564633777,ok,7.270819511810429e-05,0.00014541639022573694,0.005870176118978322,0.00128291573018794,0.005870176272565772,0.0012828128906977564,0.024163987695275113,0.0010949237051739071,10436.652583899995
386,386,358,358,2078,2078,2078,1,-2.4372812418960166e-05,2.4372812418960166e-05,0.041906519400411193,0.0025220434070746933,0.006224666561751377,0,5716,0.0003548707125892001,0.06868082249203314,5716,0.0003548707125892001,0.06868082249233308,5716,0.0003548707125892001,0.06868082249203314,True,184,3688,-365.28395777474145,-365.2837961815959,True,False,accepted,L-BFGS-B>Newton-CG,True,9.566858293212805e-10,9.899568186245721e-08,1.0663914741760982e-08,1.4627590303462057e-06,1189.2789632325953,1.0868566466872573e-14,-4.682906352190125e-16,0.0001615931455489772,1.4627590871896246e-06,1.4265075947150763e-06,3.6251492474548286e-08,1.4627590871896246e-06,2.9355181743792494e-08,True,2,train_valid_drop_disagreed,False,11.796283100004075,19.960007799993036,0.0002366245480516227,ok,7.277478351296088e-05,0.00014554956701544057,0.005835872259557999,0.00127541868751588,0.005835872412018698,0.001275316448944185,0.024098925490346566,0.0010919755928264952,10469.6117791
387,387,359,359,3324,3324,3324,1,2.6612580616758308e-05,2.6612580616758308e-05,0.007830854722667884,0.0043142594407060125,0.014502222730134968,0,5716,0.00035371854364690006,0.07523660010124984,5716,0.00035371854364690006,0.07523660010393056,5716,0.00035371854364690006,0.07523660010124984,True,185,3687,-365.28395822494116,-365.28379687950303,True,False,accepted,L-BFGS-B>Newton-CG,True,9.359044571385491e-13,1.5172294384609257e-10,7.168509741598005e-09,4.5019976369076176e-07,1189.2789632325953,9.86553207359066e-15,-4.682906352190125e-16,0.00016134543812995616,4.501997068473429e-07,6.979071258683689e-07,-2.47707419021026e-07,6.979071258683689e-07,1.4058142517367377e-08,False,0,none,True,11.541913900000509,12.88715740002226,0.00023592664092575433,ok,7.274906201656558e-05,0.00014549812402265365,0.005818189270887796,0.0012715541042628504,0.005818189423658079,0.0012714521756478153,0.024077900047679193,0.0010910228835353552,10495.359701400012
388,388,360,360,2859,2859,2859,1,2.3161242980740404e-05,2.3161242980740404e-05,0.003146217208268789,0.002388772780996839,0.0094572214851096,0,5716,0.0003542949473912961,0.06537277246339133,5716,0.0003542949473912961,0.06537277246302477,5716,0.0003542949473912961,0.06537277246339133,True,186,3686,-365.28395958282783,-365.2837959868826,True,False,accepted,L-BFGS-B>Newton-CG,True,9.243609639799467e-13,9.53354842754837e-11,1.0695875266221875e-08,1.3578867310570786e-06,1189.2789632325953,1.1238709912185572e-14,-4.682906352190125e-16,0.00016359594525283683,1.3578866742136597e-06,-8.926204486670031e-07,2.250507122880663e-06,1.3578866742136597e-06,2.7257733484273197e-08,True,1,validation_energy_increased,False,11.675780699995812,67.44919260000461,0.00023681926137442133,ok,7.252424729168835e-05,0.00014504849457293157,0.00581618432469257,0.0012711159271179225,0.005816184475424482,0.0012710140331935146,0.02406399369369838,0.0010903927558917664,10575.762648600008
389,389,361,361,3026,3026,3026,1,2.2064088284368122e-05,2.2064088284368122e-05,0.006043040669969934,0.002102721876607927,0.00748663870064825,0,5716,0.00034926836408848627,0.06317230689344151,5716,0.00034926836408848627,0.06317230689429564,5716,0.00034926836408848627,0.06317230689344151,True,187,3685,-365.28396083562984,-365.2837953962328,True,False,accepted,L-BFGS-B>Newton-CG,True,9.443113948089502e-10,8.999348658076948e-08,1.1493108231354358e-08,1.2528020647550875e-06,1189.2789632325953,1.1162087523535185e-14,-4.682906352190125e-16,0.00016543939705115918,1.2528020079116686e-06,-5.9064979041068e-07,1.8434517983223486e-06,1.2528020079116686e-06,2.5156040158233374e-08,True,2,validation_energy_increased,False,11.38331289999769,55.23900919998414,0.000237409911164832,ok,7.261886378310673e-05,0.0001452377275557547,0.005814578759524756,0.0012707650339304133,0.005814578910536424,0.0012706631682041821,0.024088076503046153,0.0010914840012265427,10643.712109199987
390,390,362,362,2367,2367,2367,1,-2.1790421370404545e-05,2.1790421370404545e-05,0.023993001522492195,0.0025595815738265765,0.007059941668578387,0,5716,0.00035332614742951776,0.06167225813581018,5716,0.00035332614742951776,0.06167225814107933,5716,0.00035332614742951776,0.06167225813581018,True,188,3684,-365.2839619537555,-365.2837965241915,True,False,accepted,L-BFGS-B>Newton-CG,False,3.6891934604296395e-09,4.3334624775684616e-07,9.513269653368901e-09,1.1181256809322804e-06,1189.2789632325953,1.0011235293045555e-14,-4.682906352190125e-16,0.00016542956404919096,1.1181256809322804e-06,1.1279586829004984e-06,-9.833001968218014e-09,1.1279586829004984e-06,2.2659173658009968e-08,False,0,none,True,11.423134700016817,107.52869539998937,0.0002362819524819315,ok,7.302234379835105e-05,0.00014604468758618524,0.005762001006916544,0.0012592742669565006,0.005762001158994211,0.00125917332287237,0.02403713455329066,0.0010891757088586414,10763.984438299987
391,391,363,363,4051,4051,4051,1,-2.1098838122846075e-05,2.1098838122846075e-05,0.021675216958860107,0.002981931178386264,0.00843208970797429,0,5716,0.00035364283606140895,0.05966143230222916,5716,0.00035364283606140895,0.059661432313515186,5716,0.00035364283606140895,0.05966143230222916,True,189,3683,-365.2839627846772,-365.28379651165744,True,False,accepted,L-BFGS-B>Newton-CG,True,1.3187839706698582e-12,1.8638710391433293e-10,8.075510821156362e-09,8.309218628710369e-07,1189.2789632325953,1.0652752212791071e-14,-4.682906352190125e-16,0.00016627301977223397,8.309216923407803e-07,-1.2534030702227028e-08,8.434557230430073e-07,8.309216923407803e-07,1.6718433846815607e-08,True,1,validation_energy_increased,False,11.46309159998782,13.41912930001854,0.00023629448651263374,ok,7.287287389415867e-05,0.000145745747777822,0.005736934704406893,0.0012537960746270894,0.00573693485753609,0.001253695570052089,0.02402742543066303,0.0010887357670470706,10790.20343200001
392,392,363,363,185,185,,1,-2.2237393396350256e-05,2.2237393396350256e-05,0.00020975242369922068,0.03156976301890603,0.222002363351324,0,5716,0.0003600923705147096,0.061754691899093904,5716,0.0003600923705147096,0.06175469189909911,5716,0.0003600923705147096,0.061754691899093904,True,190,3682,-365.2839627846772,-365.28379651165744,False,True,projected_residual,L-BFGS-B>Newton-CG>trust-krylov,False,3.266840959574379e-09,4.637836507454366e-06,1.7043889870467849e-09,5.3001656397100305e-08,1189.2789632325953,9.628642369232049e-15,-4.682906352190125e-16,0.00016627301977223397,,,,,,False,1,none,False,11.576971200003754,59.13385020001442,,,,,,,,,,,10861.369448300014
393,393,364,364,2275,2275,2275,1,-2.118089608478405e-05,2.118089608478405e-05,1.5026856324580042e-05,0.05958476862276116,0.5881936220272296,0,5716,0.0003600923705147096,0.05882072995467373,5716,0.0003600923705147096,0.058820729954669776,5716,0.0003600923705147096,0.05882072995467373,True,191,3681,-365.28396287163787,-365.28379641934634,True,False,accepted,L-BFGS-B>Newton-CG,True,7.176408620931775e-13,2.018822270464736e-09,1.3554750076776078e-09,8.69606537889922e-08,1189.2789632325953,1.1238499636256416e-14,-4.682906352190125e-16,0.00016645229152345564,8.69606537889922e-08,-9.231109743268462e-08,1.7927175122167682e-07,9.231109743268462e-08,1.9462219486536925e-09,True,2,validation_energy_increased,False,11.861847000021953,15.329946900019422,0.00023638679761006642,ok,7.286436668961011e-05,0.00014572873336872612,0.007289713701649803,0.0015931529458166882,0.007289713776263036,0.0015930252121031969,0.024031348613760013,0.0010889135351467233,10889.876117100008
394,394,365,365,516,516,516,1,2.051798921326453e-05,2.051798921326453e-05,0.03333150234512505,0.003268945992375385,0.006727969935139645,0,5716,0.00035942040141777396,0.057086323236880905,5716,0.00035942040141777396,0.057086323226451234,5716,0.00035942040141777396,0.057086323236880905,True,192,3680,-365.2839633727475,-365.28379654783384,True,False,accepted,L-BFGS-B>Newton-CG,True,6.549071194293965e-10,1.043404390796511e-07,7.276637564554002e-09,5.011097528040409e-07,1189.2789632325953,1.067223799398442e-14,-4.682906352190125e-16,0.00016682491366282193,5.011096391172032e-07,1.2848749975091778e-07,3.726221393662854e-07,5.011096391172032e-07,1.0122192782344063e-08,True,3,train_valid_drop_disagreed,False,11.7107982999878,32.44870019998052,0.0002362583101103155,ok,7.28103711112436e-05,0.00014562074221200085,0.0072783480337189985,0.0015906690008928926,0.007278348108405633,0.0015905414663753207,0.0240264937674721,0.0010886935513281315,10935.329905599996
395,395,366,366,908,908,908,1,-2.054729301370628e-05,2.054729301370628e-05,0.05992526433808352,0.0025759469851791834,0.005823039527975502,0,5716,0.00036014528609387133,0.057052788991247994,5716,0.00036014528609387133,0.057052789031029685,5716,0.00036014528609387133,0.057052788991247994,True,193,3679,-365.28396411351974,-365.28379679970016,True,False,accepted,L-BFGS-B>Newton-CG,True,6.955659132630559e-13,8.720085687668415e-11,8.976594934688504e-09,7.407722932839533e-07,1189.2789632325953,1.0929106876228153e-14,-4.682906352190125e-16,0.0001673138195883439,7.407722364405345e-07,2.5186631091855816e-07,4.889059255219763e-07,7.407722364405345e-07,1.491544472881069e-08,True,4,train_valid_drop_disagreed,False,11.560633300017798,22.835798500018427,0.00023600644379939695,ok,7.260685117787409e-05,0.00014521370234529116,0.007391887258252837,0.0016154827806152555,0.007391887329504645,0.0016153532556066402,0.024008476335151397,0.0010878771416360277,10971.02276729999
396,396,367,367,2453,2453,2453,1,-2.0300285908064658e-05,2.0300285908064658e-05,6.015398673802801e-06,0.05875523499623888,0.6079958011848476,0,5716,0.00035871779031626424,0.056591243746698126,5716,0.00035871779031626424,0.05659124374669779,5716,0.00035871779031626424,0.056591243746698126,True,194,3678,-365.28396424839156,-365.28379658863287,True,False,accepted,L-BFGS-B>Newton-CG,True,9.080698864508736e-13,2.628231927436724e-09,1.3455059947226578e-09,1.348719251836883e-07,1189.2789632325953,1.2378115762942481e-14,-4.682906352190125e-16,0.00016765975868793248,1.3487181149685057e-07,-2.1106728809172637e-07,3.4593909958857694e-07,2.1106728809172637e-07,4.321345761834527e-09,True,5,validation_energy_increased,False,11.50967140001012,16.2339212000079,0.00023621751108748867,ok,7.259940929328447e-05,0.00014519881857611298,0.01321643836946532,0.0028884272528773036,0.013216438381933919,0.0028881956415334315,0.02401656736313673,0.0010882437640020082,11000.118284099997
397,397,368,368,326,326,326,1,-1.9758658039492616e-05,1.9758658039492616e-05,0.10897574812513228,0.0014218537177924761,0.002816657969952321,0,5716,0.00035872763809505134,0.05507983199849576,5716,0.00035872763809505134,0.0550798319637919,5716,0.00035872763809505134,0.05507983199849576,True,195,3677,-365.2839679626052,-365.2837997037833,True,False,accepted,L-BFGS-B>Newton-CG,True,6.755567456248647e-13,4.861377058085794e-11,1.4896407078756209e-08,3.714213733019278e-06,1189.2789632325953,1.0812368160162855e-14,-4.682906352190125e-16,0.00016825882187276875,3.7142136193324404e-06,3.1151504344961722e-06,5.990631848362682e-07,3.7142136193324404e-06,7.43842723866488e-08,True,6,train_valid_drop_disagreed,False,11.63033329998143,17.87148149998393,0.0002331023606529925,ok,7.10446345616122e-05,0.0001420892691129924,0.013216644732689633,0.0028884723531641156,0.013216644744088336,0.0028882407379699857,0.023841595515134466,0.0010803154027343345,11030.990256199992
398,398,369,369,3218,3218,3218,1,-2.09813285145799e-05,2.09813285145799e-05,0.013829790380045419,0.0024878814627779145,0.007046835692548126,0,5716,0.0003583847228354834,0.0585441487253668,5716,0.0003583847228354834,0.058544148712978604,5716,0.0003583847228354834,0.0585441487253668,True,196,3676,-365.2839694289825,-365.28379979331675,True,False,accepted,L-BFGS-B>Newton-CG,True,9.08175221214407e-13,1.07687760904311e-10,9.433411685673284e-09,1.4663773413303716e-06,1189.2789632325953,1.1378012527174541e-14,-4.682906352190125e-16,0.00016963566577032907,1.4663773413303716e-06,8.953344377005124e-08,1.3768438975603203e-06,1.4663773413303716e-06,2.9427546826607434e-08,True,7,train_valid_drop_disagreed,False,11.627281900000526,26.694147700007306,0.00023301282720922245,ok,7.10413027644841e-05,0.00014208260551873663,0.013216565034009708,0.002888454935170502,0.013216565045354949,0.002888223321361384,0.023863517140280115,0.001081308720034881,11070.557372799987
399,399,370,370,2065,2065,2065,1,-1.9718834221835874e-05,1.9718834221835874e-05,0.001059139189727297,0.0076456113089798765,0.039633565617039644,0,5716,0.0003600478710254643,0.05476725682524939,5716,0.0003600478710254643,0.054767256825242576,5716,0.0003600478710254643,0.05476725682524939,True,197,3675,-365.28396964047465,-365.2838000859546,True,False,accepted,L-BFGS-B>Newton-CG,True,1.2431631028188741e-12,4.820133767557811e-10,3.5791049849820667e-09,2.1149213580429205e-07,1189.2789632325953,1.1932419943349714e-14,-4.682906352190125e-16,0.00016955452002775928,2.1149213580429205e-07,2.926378783740802e-07,-8.114574256978813e-08,2.926378783740802e-07,5.952757567481604e-09,False,0,none,True,11.551056600001175,22.466461300005903,0.00023272018933084837,ok,7.098024767182616e-05,0.00014196049533342958,0.013151844916842896,0.0028743104777147078,0.013151844928334835,0.002874079998138046,0.02385769475847915,0.0010810448950431268,11105.869910700014
400,400,370,370,836,836,,1,1.938272132803731e-05,1.938272132803731e-05,0.00233040093560462,0.004776914645566843,0.020266797886044675,0,5716,0.00035886723082954983,0.05401084206889725,5716,0.00035886723082954983,0.05401084206889382,5716,0.00035886723082954983,0.05401084206889725,True,198,3674,-365.28396964047465,-365.2838000859546,False,True,projected_residual,L-BFGS-B>Newton-CG>trust-krylov,False,5.390552713859849e-07,0.0001328513665024166,5.057581683784783e-09,3.1901157626634813e-07,1189.2789632325953,1.341327811591375e-14,-4.682906352190125e-16,0.00016955452002775928,,,,,,False,0,none,False,11.677937500004191,45.41966370001319,,,,,,,,,,,11163.426571999997
401,401,371,371,1441,1441,1441,1,-1.9144489151301514e-05,1.9144489151301514e-05,0.2126816721920318,0.00093920056263759,0.0015952911169353273,0,5716,0.00035886723082954983,0.05334699718067744,5716,0.00035886723082954983,0.05334699730672455,5716,0.00035886723082954983,0.05334699718067744,True,199,3673,-365.2839745729779,-365.2838049499038,True,False,accepted,L-BFGS-B>Newton-CG,False,1.1840371484448892e-09,5.808712695565162e-08,2.13838132560572e-08,4.932503259169607e-06,1189.2789632325953,1.2832358780247755e-14,-4.682906352190125e-16,0.00016962307410040012,4.932503259169607e-06,4.863949186528771e-06,6.855407264083624e-08,4.932503259169607e-06,9.875006518339214e-08,False,0,none,True,11.632492400007322,66.90190230001463,0.0002278562401443196,ok,6.965489731664486e-05,0.00013930979462325785,0.01269595409158389,0.002774676412378533,0.012695954102884661,0.0027744539221083555,0.02362043729237048,0.0010702942347155405,11243.330603999988
402,402,372,372,3365,3365,3365,1,2.0497398027785607e-05,2.0497398027785607e-05,0.01952540805497995,0.00230725460849012,0.006335222125693761,0,5716,0.0003501999964196991,0.058530548935872596,5716,0.0003501999964196991,0.05853054891960993,5716,0.0003501999964196991,0.058530548935872596,True,200,3672,-365.28397540432894,-365.2838060919595,True,False,accepted,L-BFGS-B>Newton-CG,True,9.746450218383742e-13,1.0970927506172638e-10,9.883888999266506e-09,8.313511443702737e-07,1189.2789632325953,1.2231387421863171e-14,-4.682906352190125e-16,0.00016931236945083583,8.31351030683436e-07,1.1420556802477222e-06,-3.1070464956428623e-07,1.1420556802477222e-06,2.2941113604954445e-08,False,0,none,True,11.47426080002333,34.62434719997691,0.00022671418446407188,ok,6.951651770993707e-05,0.00013903303540986218,0.012689042901352057,0.0027731659850109324,0.012689042912482783,0.002772943615820105,0.023582187033114408,0.00106856103090346,11290.603823000012
403,403,373,373,1968,1968,1968,1,2.025831198015915e-05,2.025831198015915e-05,0.03967081124934303,0.002272709416517394,0.005102736062467955,0,5716,0.00035134825129334504,0.05765878129629634,5716,0.00035134825129334504,0.05765878127818391,5716,0.00035134825129334504,0.05765878129629634,True,201,3671,-365.28397640830474,-365.2838068192743,True,False,accepted,L-BFGS-B>Newton-CG,True,8.271826570062035e-13,9.279873888335257e-11,9.91372735189825e-09,1.003975853564043e-06,1189.2789632325953,1.2001088480867146e-14,-4.682906352190125e-16,0.00016958903046315754,1.0039757967206242e-06,7.273147843989136e-07,2.766610123217106e-07,1.0039757967206242e-06,2.0179515934412486e-08,True,1,train_valid_drop_disagreed,False,11.45714029998635,17.363659799972083,0.00022598686967967296,ok,6.921525872775849e-05,0.00013843051744554842,0.01258495885691431,0.0027504186167609307,0.012584958868141552,0.0027501980716324636,0.02353792944643331,0.001066555621804514,11320.679568499996
404,404,373,373,3029,3029,,1,1.96810590373242e-05,1.96810590373242e-05,0.0025370068046889505,0.005163531322557038,0.020376353340141186,0,5716,0.0003512584127357623,0.05603014283427135,5716,0.0003512584127357623,0.056030142834762084,5716,0.0003512584127357623,0.05603014283427135,True,202,3670,-365.28397640830474,-365.2838068192743,False,True,projected_residual,L-BFGS-B>Newton-CG>trust-krylov,False,9.960602636167036e-09,2.6132680932334993e-06,4.811550243144931e-09,3.240651835767494e-07,1189.2789632325953,1.206155890412546e-14,-4.682906352190125e-16,0.00016958903046315754,,,,,,False,1,none,False,11.501049999991665,31.696549899992533,,,,,,,,,,,11364.34874039999
405,405,374,374,403,403,403,1,-1.907843020987343e-05,1.907843020987343e-05,0.044306441653177216,0.002010448441144129,0.004865540324709075,0,5716,0.0003512584127357623,0.0543145146653765,5716,0.0003512584127357623,0.05431451459873498,5716,0.0003512584127357623,0.0543145146653765,True,203,3669,-365.2839776521307,-365.2838083714308,True,False,accepted,L-BFGS-B>Newton-CG,True,8.16297585593361e-13,8.601987646706104e-11,1.0489639128997585e-08,1.2438259204827773e-06,1189.2789632325953,1.1892619241586774e-14,-4.682906352190125e-16,0.0001692806999358254,1.2438259773261962e-06,1.5521565046583419e-06,-3.083305273321457e-07,1.5521565046583419e-06,3.114313009316684e-08,False,0,none,True,11.629977600008715,15.907462100003613,0.00022443471317501462,ok,6.91232755431148e-05,0.00013824655107627428,0.01259480312354582,0.002752570062349232,0.012594803134796582,0.0027523493447081217,0.023468445513019427,0.0010634071511636991,11393.11040820001
406,406,375,375,3993,3993,3993,1,1.8526067066204632e-05,1.8526067066204632e-05,0.04540456265408559,0.0013806494653547164,0.0032060233818282774,0,5716,0.0003480089636108809,0.053234453716310526,5716,0.0003480089636108809,0.053234453701640067,5716,0.0003480089636108809,0.053234453716310526,True,204,3668,-365.2839807494892,-365.2838115562041,True,False,accepted,L-BFGS-B>Newton-CG,True,5.518717773545512e-13,4.112807503023897e-11,1.4418371196531651e-08,3.097358558079577e-06,1189.2789632325953,1.1880494282584184e-14,-4.682906352190125e-16,0.0001691932851031197,3.097358501236158e-06,3.1847733339418483e-06,-8.741483270569006e-08,3.1847733339418483e-06,6.379546667883696e-08,False,0,none,True,11.628138700005366,17.285353000013856,0.00022124993984107277,ok,6.53045993539222e-05,0.00013060919869843906,0.012532453339838491,0.002738943636724055,0.012532453349008299,0.0027387240112892166,0.023315176936430336,0.0010564622131062082,11423.436504400015
407,407,376,376,2821,2821,2821,1,-1.855896524283196e-05,1.855896524283196e-05,0.16807477888939457,0.0011771461510669521,0.0021059304162428815,0,5716,0.0003485921877091194,0.05323976238480242,5716,0.0003485921877091194,0.05323976245981139,5716,0.0003485921877091194,0.05323976238480242,True,205,3667,-365.2839836176711,-365.28381442187884,True,False,accepted,L-BFGS-B>Newton-CG,True,9.94439068104697e-10,6.307464402253226e-08,1.676606707046102e-08,2.8681819799203367e-06,1189.2789632325953,1.129097671547061e-14,-4.682906352190125e-16,0.00016919579223895198,2.868181866233499e-06,2.8656747304012242e-06,2.5071358322747983e-09,2.868181866233499e-06,5.746363732466998e-08,False,0,none,True,11.679209499998251,307.78818219999084,0.00021838426511067155,ok,6.481775437505166e-05,0.0001296355087407681,0.01259677463218708,0.0027530009317808827,0.012596774641286135,0.0027527801791194686,0.023174048239960356,0.0010500673598562418,11744.274742999987
408,408,377,377,665,665,665,1,1.7606770693415208e-05,1.7606770693415208e-05,0.0006234250274220691,0.01788401280115175,0.10216224788860115,0,5716,0.00033636676912559974,0.05234396590122379,5716,0.00033636676912559974,0.052343965901211216,5716,0.00033636676912559974,0.05234396590122379,True,206,3666,-365.28398367374274,-365.2838145689629,True,False,accepted,L-BFGS-B>Newton-CG,True,9.063442177494687e-13,9.206164766646249e-10,1.984497063351653e-09,5.6071769449772546e-08,1189.2789632325953,1.2325920428062369e-14,-4.682906352190125e-16,0.00016910477984311,5.6071655762934824e-08,1.4708405160490656e-07,-9.101239584197174e-08,1.4708405160490656e-07,3.0416810320981312e-09,False,0,none,True,11.28752220000024,15.77602280001156,0.00021823718105906664,ok,6.482201594305005e-05,0.00012964403187676427,0.012598162424444004,0.0027533042311164656,0.012598162433548048,0.002753083454135504,0.023169410335220263,0.0010498572061388048,11772.703913200006
409,409,378,378,2245,2245,2245,1,-1.754583966762091e-05,1.754583966762091e-05,0.3389382478161255,0.0013213331493286903,0.002048647174611853,0,5716,0.00033642685733261025,0.05215350464803742,5716,0.00033642685733261025,0.05215350467438728,5716,0.00033642685733261025,0.05215350464803742,True,207,3665,-365.28398682170064,-365.28381753326664,True,False,accepted,L-BFGS-B>Newton-CG,True,7.637428854947841e-13,5.75155601960422e-11,1.427889153633488e-08,3.1479579547522007e-06,1189.2789632325953,1.167110180879229e-14,-4.682906352190125e-16,0.00016928843399455218,3.147957897908782e-06,2.964303746466612e-06,1.8365415144216968e-07,3.147957897908782e-06,6.305915795817563e-08,True,1,train_valid_drop_disagreed,False,11.436595300008776,39.48655509998207,0.00021527287731260003,ok,6.498063060539482e-05,0.00012996126120143098,0.012783974668905636,0.0027939131407044874,0.0127839746781226,0.0027936891074450483,0.023030130481499253,0.0010435461280412892,11824.9774416
410,410,379,379,146,146,146,1,-1.7506098667907644e-05,1.7506098667907644e-05,0.008064770531465315,0.001997860454327198,0.006591564123959739,0,5716,0.0003413798194237626,0.05128041457593286,5716,0.0003413798194237626,0.0512804145748502,5716,0.0003413798194237626,0.05128041457593286,True,208,3664,-365.28398764617657,-365.2838157921858,True,False,accepted,L-BFGS-B>Newton-CG,True,1.0067437404067696e-12,1.1489330344770085e-10,9.762423136915346e-09,8.244759897024778e-07,1189.2789632325953,1.190680863164006e-14,-4.682906352190125e-16,0.000171853990764248,8.24475932859059e-07,-1.7410808368367725e-06,2.5655567696958315e-06,1.7410808368367725e-06,3.492161673673545e-08,True,2,validation_energy_increased,False,11.399248899979284,28.00534149998566,0.0002170139581494368,ok,6.480554413954248e-05,0.0001296110882697515,0.01281401666563972,0.0028004787614618965,0.012814016674729027,0.0028002542016976914,0.023078833049795265,0.0010457529490843483,11865.808619499992
411,411,380,380,563,563,563,1,-1.7315839611953265e-05,1.7315839611953265e-05,0.0869700229490957,0.0011643450230676457,0.002364606964986304,0,5716,0.00033500811501571313,0.05168782138647921,5716,0.00033500811501571313,0.051687821294442875,5716,0.00033500811501571313,0.05168782138647921,True,209,3663,-365.28399408454715,-365.2838219558633,True,False,accepted,L-BFGS-B>Newton-CG,True,8.912655760779957e-13,5.993013660027485e-11,1.5871742776469963e-08,6.438370633077284e-06,1189.2789632325953,9.706147154455239e-15,-4.682906352190125e-16,0.00017212868385740876,6.438370576233865e-06,6.163677483073116e-06,2.746930931607494e-07,6.438370576233865e-06,1.2886741152467732e-07,True,3,train_valid_drop_disagreed,False,11.517587900016224,26.867447900003754,0.0002108502806663637,ok,6.104083858148526e-05,0.00012208167715417926,0.012811435533732502,0.002799914660034896,0.012811435541301264,0.002799690145171958,0.022769784252016003,0.0010317492647996481,11905.556118800014
412,412,381,381,3620,3620,3620,1,-1.822078396784832e-05,1.822078396784832e-05,0.08824264734726654,0.002031134614050848,0.004221214173293172,0,5716,0.0003342311868259843,0.054515511077471275,5716,0.0003342311868259843,0.05451551133771072,5716,0.0003342311868259843,0.054515511077471275,True,210,3662,-365.283995885533,-365.2838235978342,True,False,accepted,L-BFGS-B>Newton-CG,True,8.454710215552301e-13,9.42476160065001e-11,9.97074172673948e-09,1.8009858990808425e-06,1189.2789632325953,1.2310730692098376e-14,-4.682906352190125e-16,0.00017228769877419836,1.8009858422374236e-06,1.641970925447822e-06,1.5901491678960156e-07,1.8009858422374236e-06,3.611971684474848e-08,True,4,train_valid_drop_disagreed,False,11.525322300003609,19.050730499991914,0.00020920830974091587,ok,6.110927735856064e-05,0.00012221855470832016,0.012802108267497591,0.002797876203891522,0.012802108275445366,0.002797651852568918,0.02268397005498424,0.0010278608338107136,11937.544511000015
413,413,382,382,3521,3521,3521,1,-1.7869349091981235e-05,1.7869349091981235e-05,0.044058257852822275,0.002143937162366993,0.005155609930959713,0,5716,0.0003334083747053519,0.05359598152797808,5716,0.0003334083747053519,0.053595981502807054,5716,0.0003334083747053519,0.05359598152797808,True,211,3661,-365.2839971424198,-365.2838251384254,True,False,accepted,L-BFGS-B>Newton-CG,True,9.411448838263518e-10,1.1291712284768058e-07,9.334828767253555e-09,1.2568868328344251e-06,1189.2789632325953,1.2933970334908038e-14,-4.682906352190125e-16,0.00017200399440753245,1.2568868328344251e-06,1.5405911995003407e-06,-2.837043666659156e-07,1.5405911995003407e-06,3.0911823990006814e-08,False,0,none,True,11.522340199997416,28.164669999998296,0.00020766771854141552,ok,6.129077289641651e-05,0.00012258154578400577,0.012790141046737747,0.002795260790750884,0.012790141055117771,0.0027950366492446492,0.022618720832411583,0.0010249042472803812,11978.54372310001
414,414,383,383,3185,3185,3185,1,1.6348966815016297e-05,1.6348966815016297e-05,0.14190329708049484,0.0015980091191030985,0.003068808740506738,0,3741,0.0003410623253386657,0.047935422942953936,3741,0.0003410623253386657,0.047935422893090836,3741,0.0003410623253386657,0.047935422942953936,True,212,3660,-365.28399871242584,-365.28382695087174,True,False,accepted,L-BFGS-B>Newton-CG,True,8.385895697122639e-10,8.196693832019421e-08,1.1230827049272139e-08,1.570005963458243e-06,1189.2789632325953,1.1887189654515755e-14,-4.682906352190125e-16,0.00017176155409970306,1.570006020301662e-06,1.8124463281310454e-06,-2.4244030782938353e-07,1.8124463281310454e-06,3.634892656262091e-08,False,0,none,True,12.063642699999036,38.04906970000593,0.00020585527221328448,ok,6.051315287091087e-05,0.00012102630573310648,0.012774679173612233,0.0027918816280394347,0.012774679181493873,0.0027916577573889184,0.02253147482915879,0.0010209509379860778,12030.098614999995
415,415,384,384,3958,3958,3958,1,1.529690388046845e-05,1.529690388046845e-05,0.1349415142257242,0.0018590110142010744,0.0035691308607025173,0,3741,0.00034360911926198325,0.04451832917974855,3741,0.00034360911926198325,0.0445183290789666,3741,0.00034360911926198325,0.04451832917974855,True,213,3659,-365.28399991352705,-365.28382796839264,True,False,accepted,L-BFGS-B>Newton-CG,True,1.2246781093270102e-12,1.4883348086664665e-10,9.228512174786194e-09,1.2011013268420356e-06,1189.2789632325953,1.2104893215586108e-14,-4.682906352190125e-16,0.00017194513441154413,1.201101213155198e-06,1.0175209013141284e-06,1.835803118410695e-07,1.201101213155198e-06,2.4122024263103958e-08,True,1,train_valid_drop_disagreed,False,11.616720699996222,19.858008099981816,0.00020483775131197035,ok,6.008558840901788e-05,0.00012017117680938208,0.012774473617529291,0.002791836704151821,0.012774473625771972,0.002791612837182511,0.02248012402145741,0.0010186241193607289,12062.933718299988
416,416,385,385,3756,3756,3756,1,-1.6381831397183078e-05,1.6381831397183078e-05,0.03831465697384314,0.0016272665982444926,0.0039045144346124615,0,3741,0.00034241373491220197,0.047842214627820144,3741,0.00034241373491220197,0.04784221461420063,3741,0.00034241373491220197,0.047842214627820144,True,214,3658,-365.2840012712197,-365.28382927058976,True,False,accepted,L-BFGS-B>Newton-CG,True,8.193416055783643e-13,8.138816695118976e-11,1.1067085133760797e-08,1.3576927813119255e-06,1189.2789632325953,1.1819978543063192e-14,-4.682906352190125e-16,0.0001720006299592569,1.3576926676250878e-06,1.3021971199123072e-06,5.5495547712780535e-08,1.3576926676250878e-06,2.7253853352501757e-08,True,2,train_valid_drop_disagreed,False,11.567798600008246,36.22676700001466,0.00020353555419205804,ok,6.008982139840236e-05,0.00012017964278815043,0.012742363812407528,0.0027848191678379107,0.012742363821024076,0.0027845958636648852,0.022392349492302628,0.0010146468613893205,12112.095572099992
417,417,386,386,3674,3674,3674,1,-1.5185044287657767e-05,1.5185044287657767e-05,0.10719636192954318,0.0011472366350075696,0.002012082788772201,0,3741,0.00034120306172718314,0.04450441977510543,3741,0.00034120306172718314,0.044504419744079204,3741,0.00034120306172718314,0.04450441977510543,True,215,3657,-365.28400320175666,-365.2838277841646,True,False,accepted,L-BFGS-B>Newton-CG,False,1.8207805001877265e-09,1.375607508065207e-07,1.4236191933472766e-08,1.9305370528854837e-06,1189.2789632325953,1.0826166538631865e-14,-4.682906352190125e-16,0.00017541759206096685,1.930536939198646e-06,-1.4864251625112956e-06,3.4169621017099416e-06,1.930536939198646e-06,3.8710738783972923e-08,True,3,validation_energy_increased,False,11.325325799989514,47.44411099998979,0.00020502197935456934,ok,6.075134020615818e-05,0.0001215026804035668,0.01272576801554123,0.002781192188268091,0.01272576802423677,0.002780969174948628,0.02247175490990181,0.0010182448964133814,12172.1976554
418,418,387,387,132,132,132,1,1.7383407378890325e-05,1.7383407378890325e-05,0.10098078417857428,0.0018920279657090974,0.0037882212878227943,0,5716,0.0003366183178533935,0.05164129952803482,5716,0.0003366183178533935,0.05164129952343995,5716,0.0003366183178533935,0.05164129952803482,True,216,3656,-365.28400430064687,-365.2838285901094,True,False,accepted,L-BFGS-B>Newton-CG,True,2.4234232089035415e-12,2.637678635336509e-10,1.0187712166438225e-08,1.0988903795805527e-06,1189.2789632325953,1.1445447572962534e-14,-4.682906352190125e-16,0.00017571053746223697,1.0988902090502961e-06,8.05944807780179e-07,2.9294540127011715e-07,1.0988902090502961e-06,2.2077804181005923e-08,True,4,train_valid_drop_disagreed,False,11.134122499992372,27.62093589999131,0.00020421603454678916,ok,6.042934357455973e-05,0.00012085868714041628,0.012658291079185835,0.00276644523326697,0.012658291087587923,0.002766223402396196,0.02243089436575153,0.001016393414821823,12212.337453999993
419,419,388,388,1500,1500,1500,1,-1.681685176851966e-05,1.681685176851966e-05,0.07168994918747074,0.0012816455446610323,0.0023531241024282753,0,3741,0.00034137384568307946,0.049262273549016654,3741,0.00034137384568307946,0.049262273579417315,3741,0.00034137384568307946,0.049262273549016654,True,217,3655,-365.2840060125357,-365.2838270942178,True,False,accepted,L-BFGS-B>Newton-CG,True,8.025475662582529e-13,6.116373819493405e-11,1.4121296865480415e-08,1.7118888990808045e-06,1189.2789632325953,1.0522370548802585e-14,-4.682906352190125e-16,0.00017891831788574564,1.7118888422373857e-06,-1.4958915812712803e-06,3.207780423508666e-06,1.7118888422373857e-06,3.433777684474771e-08,True,5,validation_energy_increased,False,11.482135300000664,26.296675299992785,0.00020571192612806044,ok,6.1029165229571874e-05,0.00012205833045035418,0.012615967081960442,0.0027571954048624457,0.012615967090452821,0.0027569743157266004,0.02251141874426789,0.0010200421524388843,12251.443604300002
420,420,389,389,2476,2476,2476,1,2.0513990393489223e-05,2.0513990393489223e-05,0.05640912701519815,0.0018145322130357683,0.004239551407450954,0,3741,0.0003425508607954548,0.059885969475752136,3741,0.0003425508607954548,0.059885969483544646,3741,0.0003425508607954548,0.059885969475752136,True,218,3654,-365.2840080094239,-365.28382767345784,True,False,accepted,L-BFGS-B>Newton-CG,True,1.1998694838331697e-12,1.0613253631844546e-10,1.2305387824078944e-08,1.996888215671788e-06,1189.2789632325953,1.2828525320886719e-14,-4.682906352190125e-16,0.00018033596609257074,1.996888215671788e-06,5.79240008846682e-07,1.4176482068251062e-06,1.996888215671788e-06,4.003776431343576e-08,True,6,train_valid_drop_disagreed,False,11.243311700003687,18.027204899990465,0.00020513268611921376,ok,6.062516017681884e-05,0.00012125032034490629,0.012657141987927875,0.0027661941015768164,0.012657141996365993,0.0027659722908513914,0.022484905331355744,0.0010188407710829317,12282.085103499994
421,421,390,390,2023,2023,2023,1,-1.661301345956545e-05,1.661301345956545e-05,0.03375708724749852,0.002162812813405283,0.005604111206520628,0,3741,0.00036456582683936327,0.045569310770549966,3741,0.00036456582683936327,0.045569310775133834,3741,0.00036456582683936327,0.045569310770549966,True,219,3653,-365.28400898190483,-365.2838283126818,True,False,accepted,L-BFGS-B>Newton-CG,True,8.888830349122686e-13,1.1572178781576116e-10,8.681207244459836e-09,9.724809615363483e-07,1189.2789632325953,1.2763660278939813e-14,-4.682906352190125e-16,0.00018066922302750754,9.724809046929295e-07,6.392239697561308e-07,3.3325693493679864e-07,9.724809046929295e-07,1.954961809385859e-08,True,7,train_valid_drop_disagreed,False,11.300926199997775,27.716578799998388,0.00020449346214945763,ok,6.049436131820123e-05,0.0001209887226276899,0.012684081322460272,0.0027720816414618077,0.012684081330986101,0.002771859358651894,0.02246027134857834,0.0010177245508615027,12322.432562400005
422,422,391,391,318,318,318,1,1.608266224034649e-05,1.608266224034649e-05,0.06446116398649632,0.0005718189357846554,0.0010622406197860676,0,3741,0.0003641908356558636,0.044159986100099316,3741,0.0003641908356558636,0.044159986089341616,3741,0.0003641908356558636,0.044159986100099316,True,220,3652,-365.28401589095074,-365.28381822209997,True,False,accepted,L-BFGS-B>Newton-CG,False,6.0604099333354566e-09,2.1547782952869664e-07,2.912544541863575e-08,6.909046021519316e-06,1189.2789632325953,1.0688180424601166e-14,-4.682906352190125e-16,0.00019766885077387997,6.909045907832478e-06,-1.0090581838539947e-05,1.6999627746372425e-05,1.0090581838539947e-05,2.0191163677079894e-07,True,8,validation_energy_increased,False,11.196409199998016,152.82645399999456,0.00021458404398799757,ok,6.197367862787442e-05,0.00012394735724682323,0.01252635480217609,0.002737610813016612,0.012526354812028807,0.002737391294606031,0.02304286255352007,0.0010441230463731216,12487.854108800006
423,423,392,392,468,468,468,1,2.1753938769908387e-05,2.1753938769908387e-05,0.06110681082156124,0.0013094032426640605,0.0028199436552785893,0,3741,0.00034941552089395227,0.062258078044880885,3741,0.00034941552089395227,0.0622580780648585,3741,0.00034941552089395227,0.062258078044880885,True,221,3651,-365.28401921482947,-365.28381714813327,True,False,accepted,L-BFGS-B>Newton-CG,True,1.061275685742344e-12,6.388066538951014e-11,1.7613410008666195e-08,3.323878843275452e-06,1189.2789632325953,1.2579751320761657e-14,-4.682906352190125e-16,0.00020206669620392859,3.323878729588614e-06,-1.073966700460005e-06,4.397845430048619e-06,3.323878729588614e-06,6.657757459177228e-08,True,9,validation_energy_increased,False,11.227057000010973,18.14737989997957,0.00021565801068845758,ok,6.139195617982607e-05,0.0001227839123508103,0.012309313630505372,0.0026901768812927296,0.012309313639910729,0.0026899611663650054,0.023106527329548612,0.001047007838127583,12518.627500400005
424,424,393,393,2601,2601,2601,1,-1.966508608752804e-05,1.966508608752804e-05,0.02442661214169513,0.002236977353900341,0.006183876770606803,0,3741,0.00035557260267734506,0.055305403001964695,3741,0.00035557260267734506,0.055305402966469096,3741,0.00035557260267734506,0.055305403001964695,True,222,3650,-365.284020132499,-365.2838166066255,True,False,accepted,L-BFGS-B>Newton-CG,True,1.1312169304345515e-12,1.28680171999355e-10,9.79091870066992e-09,9.176695812129765e-07,1189.2789632325953,1.245588175195078e-14,-4.682906352190125e-16,0.00020352587347360895,9.176695243695576e-07,-5.415077453108097e-07,1.4591772696803673e-06,9.176695243695576e-07,1.8453390487391154e-08,True,10,validation_energy_increased,False,11.320818400010467,26.91915020000306,0.0002161995184337684,ok,6.131240150756615e-05,0.00012262480300630194,0.012541285846889221,0.0027408739641968105,0.012541285855674605,0.00274065418389096,0.023127627262592022,0.0010479639227423474,12558.270078900008
425,425,394,394,2729,2729,2729,1,1.551929791454576e-05,1.551929791454576e-05,0.024713069680232194,0.002813808511880337,0.007313800025013321,0,3741,0.00036464685142801456,0.042559802323178554,3741,0.00036464685142801456,0.04255980229997185,3741,0.00036464685142801456,0.042559802323178554,True,223,3649,-365.2840205500742,-365.28381637675454,True,False,accepted,L-BFGS-B>Newton-CG,True,7.118272376954311e-13,1.2906160688453155e-10,6.515406594404845e-09,4.175753360868839e-07,1189.2789632325953,1.0820386068162446e-14,-4.682906352190125e-16,0.00020417331967337304,4.175752224000462e-07,-2.2987097736404394e-07,6.474461997640901e-07,4.175752224000462e-07,8.451504448000923e-09,True,11,validation_energy_increased,False,11.242988000012701,18.76918490001117,0.00021642938941113243,ok,6.120084455942135e-05,0.0001224016891100284,0.012521334873276613,0.002736513717185238,0.01252133488208026,0.0027362942865181324,0.023136434698532313,0.0010483630071366301,12589.630970900005
426,426,395,395,2781,2781,2781,1,1.62712428664058e-05,1.62712428664058e-05,0.1137553013098018,0.0006950744937065471,0.001220632501693604,0,3741,0.00035705790767687646,0.045570319313949045,3741,0.00035705790767687646,0.04557031930149592,3741,0.00035705790767687646,0.045570319313949045,True,224,3648,-365.28402621542125,-365.283811069217,True,False,accepted,L-BFGS-B>Newton-CG,True,8.078551406742747e-13,3.450993311032653e-11,2.4409351101655342e-08,5.665347089234274e-06,1189.2789632325953,1.2125430164666999e-14,-4.682906352190125e-16,0.00021514620425477915,5.665347032390855e-06,-5.307537549015251e-06,1.0972884581406106e-05,5.665347032390855e-06,1.134069406478171e-07,True,12,validation_energy_increased,False,11.436483299999963,97.58437870000489,0.00022173692696014768,ok,6.338287524572039e-05,0.0001267657504823122,0.012462116111632811,0.002723571570425882,0.01246211612223235,0.002723353177942047,0.02343208305791261,0.0010617594879312534,12700.000895300007
427,427,396,396,2734,2734,2734,1,-2.3011751320578533e-05,2.3011751320578533e-05,0.1061564452454177,0.0004606915097684417,0.0008444316609193326,0,3741,0.00035156419853286903,0.065455331961019,3741,0.00035156419853286903,0.0654553318644806,3741,0.00035156419853286903,0.065455331961019,True,225,3647,-365.28405083327175,-365.2837913585857,True,False,accepted,L-BFGS-B>Newton-CG,True,1.0503922958083681e-12,2.102868251125033e-11,5.095045672720623e-08,2.4617850613140035e-05,1315.1610198528203,1.1899592863841518e-14,-4.682906352190125e-16,0.00025947468606091206,2.4617850499453198e-05,-1.9710631306679716e-05,4.432848180613291e-05,2.4617850499453198e-05,4.92457009989064e-07,True,13,validation_energy_increased,False,11.218679000012344,20.86296769999899,0.0002414475582668274,ok,6.347131572205023e-05,0.00012694263143495915,0.012277344545957424,0.002683190099190286,0.0122773445570099,0.0026829749448710055,0.02452110467624009,0.0011111054651097951,12733.385085199989
428,428,397,397,2684,2684,2684,1,-2.9463844342991763e-05,2.9463844342991763e-05,0.07151407142286259,0.0019977530080134394,0.0041242813261212425,0,3741,0.0003689383093620523,0.07986116810135281,3741,0.0003689383093620523,0.07986116813507353,3741,0.0003689383093620523,0.07986116810135281,True,226,3646,-365.2840537001352,-365.28378942240283,True,False,accepted,L-BFGS-B>Newton-CG,True,7.626902689646169e-13,5.171310161461451e-11,1.5748492067802696e-08,2.8668634968198603e-06,1315.1610198528203,1.0033734817465234e-14,-4.682906352190125e-16,0.0002642777323558221,2.8668634399764414e-06,-1.936182854933577e-06,4.803046294910018e-06,2.8668634399764414e-06,5.743726879952883e-08,True,14,validation_energy_increased,False,11.375468699989142,64.5838289000094,0.00024338374112176098,ok,6.312381529708143e-05,0.0001262476305850716,0.012321372344004657,0.002692812289996064,0.012321372355165306,0.0026925963641266327,0.024626849525475086,0.0011158969980135333,12810.758068099996
429,429,398,398,1212,1212,1212,1,-2.160418345598103e-05,2.160418345598103e-05,0.03650127574790175,0.001564989519639362,0.0035138584604283247,0,3741,0.00035412872359832004,0.061006583245944636,3741,0.00035412872359832004,0.06100658322018961,3741,0.00035412872359832004,0.061006583245944636,True,227,3645,-365.28405616737285,-365.2837869728736,True,False,accepted,L-BFGS-B>Newton-CG,False,5.075547864041496e-09,3.6766856771805413e-07,1.480468255837869e-08,2.4672377207934915e-06,1315.1610198528203,1.1862579112233282e-14,-4.682906352190125e-16,0.0002691944992534445,2.4672376639500726e-06,-2.449529233672365e-06,4.916766897622438e-06,2.4672376639500726e-06,4.944475327900146e-08,True,15,validation_energy_increased,False,11.25981730001513,133.40721180001856,0.00024583327035543334,ok,6.336557081317998e-05,0.00012673114161723388,0.012419882482918818,0.0027143414918861723,0.01241988249354915,0.0027141238395405835,0.024758320998153224,0.0011218542611029184,12956.82037500001
430,430,399,399,21,21,21,1,-2.003621047119708e-05,2.003621047119708e-05,0.029355915778025446,0.0015582529937489765,0.00394039717488249,0,3741,0.00035987506873128266,0.05567546132560253,3741,0.00035987506873128266,0.0556754613138534,3741,0.00035987506873128266,0.05567546132560253,True,228,3644,-365.2840584004623,-365.28378588756084,True,False,accepted,L-BFGS-B>Newton-CG,True,8.850712800582923e-13,6.883335307162986e-11,1.3858174715639133e-08,2.233089617220685e-06,1315.1610198528203,1.0548098645179842e-14,-4.682906352190125e-16,0.0002725129014606864,2.2330894466904283e-06,-1.08531276055146e-06,3.3184022072418884e-06,2.2330894466904283e-06,4.476178893380857e-08,True,16,validation_energy_increased,False,11.186460199998692,17.757875500014052,0.0002469185831159848,ok,6.350536048695815e-05,0.0001270107209647701,0.012420703749057963,0.0027145209780254677,0.012420703759582078,0.0027143033112642274,0.02482392146335745,0.0011248267632134282,12987.222934599995
431,431,400,400,2610,2610,2610,1,2.021883625014098e-05,2.021883625014098e-05,0.15698407531460154,0.0010614688271221731,0.0018841136039535662,0,3741,0.00035666645327989344,0.056688359850524776,3741,0.00035666645327989344,0.056688359781591924,3741,0.00035666645327989344,0.056688359850524776,True,229,3643,-365.284063221276,-365.2837824652649,True,False,accepted,L-BFGS-B>Newton-CG,True,8.652016636466129e-10,4.542222817906099e-08,2.004797933372759e-08,4.820813785499922e-06,1315.1610198528203,1.203219915398685e-14,-4.682906352190125e-16,0.00028075601113641824,4.820813728656503e-06,-3.4222959470753267e-06,8.24310967573183e-06,4.820813728656503e-06,9.651627457313006e-08,True,17,validation_energy_increased,False,11.275069800001802,93.00299429998267,0.00025034087906306013,ok,6.466930486628598e-05,0.00012933860972325813,0.012536510349288793,0.0027398302883569568,0.012536510359302172,0.002739610592008606,0.02499687414774725,0.0011326636317137745,13092.940823300014
432,432,401,401,818,818,818,1,2.1331126412782453e-05,2.1331126412782453e-05,0.20929984255034936,0.0011346896729289842,0.001931762946622689,0,3741,0.00035377396263680993,0.0602959196143028,3741,0.00035377396263680993,0.06029591956205566,3741,0.00035377396263680993,0.0602959196143028,True,230,3642,-365.28406837836917,-365.2837759525045,True,False,accepted,L-BFGS-B>Newton-CG,True,9.131829106077248e-13,4.8575939932757755e-11,1.979907855353529e-08,5.157093198704388e-06,1315.1610198528203,1.1891339268924354e-14,-4.682906352190125e-16,0.0002924258646430644,5.157093141860969e-06,-6.512760364785208e-06,1.1669853506646177e-05,6.512760364785208e-06,1.3035520729570417e-07,True,18,validation_energy_increased,False,11.229856399993878,18.66942350001773,0.00025685363942784534,ok,6.678106285999459e-05,0.0001335621257103712,0.012558736566102409,0.0027446877854055665,0.012558736577922506,0.002744467699944339,0.025329338678564555,0.0011477283346308584,13124.257679100003
433,433,402,402,1486,1486,1486,1,-1.5987926561699187e-05,1.5987926561699187e-05,0.030524224156356163,0.0007417845147808358,0.0014994236228868462,0,3741,0.00035568861542025073,0.044949222068323,3741,0.00035568861542025073,0.044949222068313484,3741,0.00035568861542025073,0.044949222068323,True,231,3641,-365.28407447754506,-365.28376846337704,True,False,accepted,L-BFGS-B>Newton-CG,False,2.4947375133026827e-09,1.1574719516905608e-07,2.2553330166307365e-08,6.099176005136542e-06,1315.1610198528203,1.1909191970595396e-14,-4.682906352190125e-16,0.0003060141680180095,6.099175891449704e-06,-7.489127483495395e-06,1.3588303374945099e-05,7.489127483495395e-06,1.498825496699079e-07,True,19,validation_energy_increased,False,11.30110829998739,58.683567400003085,0.00026434276691134073,ok,6.697702492565259e-05,0.00013395404984165897,0.012531472437987207,0.002738729262506097,0.01253147245003283,0.0027385096548897194,0.025658213681201927,0.0011626303880902383,13195.62449809999
434,434,403,403,271,271,271,1,2.5446925404848386e-05,2.5446925404848386e-05,0.06177523754526567,0.003189263051154003,0.006704132685292654,0,3741,0.0003538599654846647,0.07191241702065668,3741,0.0003538599654846647,0.07191241704874274,3741,0.0003538599654846647,0.07191241702065668,True,232,3640,-365.2840753780955,-365.28376798941986,True,False,accepted,L-BFGS-B>Newton-CG,True,1.4685097398610374e-12,1.8404806802201313e-10,8.978946780823561e-09,9.005506740322744e-07,1315.1610198528203,1.1602932385439027e-14,-4.682906352190125e-16,0.00030738867565105465,9.00550446658599e-07,-4.7395718638654216e-07,1.3745076330451411e-06,9.00550446658599e-07,1.811100893317198e-08,True,20,validation_energy_increased,False,11.23551190001308,27.337710899999365,0.0002648167240977273,ok,6.698307228643444e-05,0.0001339661445632218,0.012558333916043829,0.0027445997870076573,0.012558333927822291,0.0027443797085936516,0.025669430091548266,0.001163138628440715,13235.657499199995
435,435,404,404,3371,3371,3371,1,2.7904766959574445e-05,2.7904766959574445e-05,0.019737574232881226,0.0032587643400767384,0.008457536626725883,0,3741,0.0003527975437876815,0.07909569511166417,3741,0.0003527975437876815,0.07909569510613738,3741,0.0003527975437876815,0.07909569511166417,True,233,3639,-365.28407653897244,-365.2837638965512,True,False,accepted,L-BFGS-B>Newton-CG,True,9.592710095992523e-13,1.1202523797000353e-10,9.562990152773537e-09,1.1608769341364678e-06,1315.1610198528203,1.1340884320239306e-14,-4.682906352190125e-16,0.0003126424212496204,1.1608769341364678e-06,-4.092868664429261e-06,5.253745598565729e-06,4.092868664429261e-06,8.195737328858522e-08,True,21,validation_energy_increased,False,11.31065659999149,21.14929899998242,0.00026890959276215654,ok,6.724792632706378e-05,0.00013449585264444232,0.012537461534885223,0.0027400381681444205,0.012537461546711648,0.002739818455523037,0.025834626749093655,0.0011706240542174097,13269.461011300009
436,436,405,405,1519,1519,1519,1,-2.1045471495284573e-05,2.1045471495284573e-05,0.020189357856898314,0.0015067316974618924,0.0043105720439257774,0,3741,0.0003531575409227558,0.05959230387745772,3741,0.0003531575409227558,0.05959230386931188,3741,0.0003531575409227558,0.05959230387745772,True,234,3638,-365.28407884947484,-365.28376100257066,True,False,accepted,L-BFGS-B>Newton-CG,True,1.470224068379189e-12,1.0525937629787986e-10,1.496763043910229e-08,2.310502338787046e-06,1315.1610198528203,1.0480839676365759e-14,-4.682906352190125e-16,0.0003178469041813514,2.310502395630465e-06,-2.893980536100571e-06,5.204482931731036e-06,2.893980536100571e-06,5.797961072201142e-08,True,22,validation_energy_increased,False,11.405540300009307,22.370048199984012,0.0002718035732982571,ok,6.750787226041165e-05,0.00013501574451110063,0.012545314481789319,0.0027417544146261952,0.012545314493883322,0.0027415345644427763,0.02594581520467561,0.0011756622489596691,13304.690600700007
437,437,406,406,2722,2722,2722,1,1.9979004822756607e-05,1.9979004822756607e-05,0.007166762249466692,0.0027811776345439145,0.009422776438777813,0,3741,0.0003548119905521306,0.056308708146156065,3741,0.0003548119905521306,0.056308708147444826,3741,0.0003548119905521306,0.056308708146156065,True,235,3637,-365.28407940699407,-365.2837605570492,True,False,accepted,L-BFGS-B>Newton-CG,False,1.6982961675276733e-09,2.3641134079567157e-07,8.183649319917766e-09,5.575192290052655e-07,1315.1610198528203,1.1800795258511132e-14,-4.682906352190125e-16,0.00031884994484698836,5.575192290052655e-07,-4.4552143663167953e-07,1.003040665636945e-06,5.575192290052655e-07,1.125038458010531e-08,True,23,validation_energy_increased,False,11.532538100000238,141.76033630000893,0.0002722490947348888,ok,6.75384296489567e-05,0.00013507685928818635,0.012560840866702727,0.002745147676265138,0.012560840878794074,0.002744927553985958,0.025923101765840804,0.001174633052830294,13459.420583400002
438,438,407,407,1203,1203,1203,1,1.9396083847933454e-05,1.9396083847933454e-05,0.09645364187779744,0.0014253721129694288,0.0027892641910424363,0,3741,0.00035555777908658534,0.054551144676854686,3741,0.00035555777908658534,0.054551144684892014,3741,0.00035555777908658534,0.054551144676854686,True,236,3636,-365.28408152463186,-365.2837600148425,True,False,accepted,L-BFGS-B>Newton-CG,True,9.83514427303774e-13,7.227618050416709e-11,1.460772553894252e-08,2.1176378481868596e-06,1315.1610198528203,1.116265207099453e-14,-4.682906352190125e-16,0.00032150978933032093,2.1176377913434408e-06,-5.422066919891222e-07,2.659844483332563e-06,2.1176377913434408e-06,4.245275582686882e-08,True,24,validation_energy_increased,False,11.151700999995228,19.2414609999978,0.0002727913014268779,ok,6.79271186192597e-05,0.00013585423722873636,0.0125638774606944,0.0027458113180569943,0.012563877472974846,0.0027455911426037508,0.02594820224107771,0.001175770410856403,13491.263047999993
439,439,408,408,122,122,122,1,-1.7133254266208688e-05,1.7133254266208688e-05,0.009343868047541299,0.0030854525456856063,0.0071242238632239704,0,3741,0.00035566189165745567,0.04817287054951063,3741,0.00035566189165745567,0.04817287054956393,3741,0.00035566189165745567,0.04817287054951063,True,237,3635,-365.2840820177444,-365.2837587157073,True,False,accepted,L-BFGS-B>Newton-CG,True,1.1885435022574642e-12,2.1403958091699545e-10,6.552914545830574e-09,4.931125658913516e-07,1315.1610198528203,1.0915918996755878e-14,-4.682906352190125e-16,0.00032330203714536765,4.931125658913516e-07,-1.2991352491553698e-06,1.7922478150467214e-06,1.2991352491553698e-06,2.6082704983107398e-08,True,25,validation_energy_increased,False,11.280621100013377,18.205996700009564,0.0002740904366760333,ok,6.806888554225855e-05,0.00013613777107471364,0.012561727425608606,0.002745341432013353,0.012561727438000433,0.002745121294263162,0.025999351019216445,0.0011780880750756134,13522.1966311
440,440,409,409,2234,2234,2234,1,1.7429504040489263e-05,1.7429504040489263e-05,0.08283791950246022,0.0012471717673507834,0.0025146381804097596,0,3741,0.0003561659571496445,0.0489364682126714,3741,0.0003561659571496445,0.04893646821161321,3741,0.0003561659571496445,0.0489364682126714,True,238,3634,-365.28408422233184,-365.2837573107313,True,False,accepted,L-BFGS-B>Newton-CG,False,4.513084250957625e-09,3.2293467709646627e-07,1.497522338429294e-08,2.204587474352593e-06,1315.1610198528203,1.22428465070901e-14,-4.682906352190125e-16,0.00032691160055264845,2.204587417509174e-06,-1.4049759897716285e-06,3.6095634072808025e-06,2.204587417509174e-06,4.419174835018348e-08,True,26,validation_energy_increased,False,11.434700199984945,143.03538410001784,0.0002754954126658049,ok,6.812765579597535e-05,0.00013625531158213878,0.012571261614538915,0.0027474251107148717,0.012571261626921354,0.0027472048058788633,0.026078769658802962,0.0011816867092171522,13678.096844199987
441,441,410,410,1483,1483,1483,1,1.8417090749789367e-05,1.8417090749789367e-05,0.04438993373467598,0.0019704901112398672,0.004669471505822272,0,3741,0.000353792442648482,0.0520562016868406,3741,0.000353792442648482,0.05205620169605057,3741,0.000353792442648482,0.0520562016868406,True,239,3633,-365.2840853122966,-365.2837560931875,True,False,accepted,L-BFGS-B>Newton-CG,True,8.355976879132027e-13,8.940234816421245e-11,1.0346484796779539e-08,1.0899649396378663e-06,1315.1610198528203,1.0325509080432371e-14,-4.682906352190125e-16,0.00032921910911909436,1.0899647691076098e-06,-1.217543797338294e-06,2.307508566445904e-06,1.217543797338294e-06,2.4450875946765884e-08,True,27,validation_energy_increased,False,11.217787699977634,18.785178099991754,0.0002767129564631432,ok,6.870272495745677e-05,0.0001374054499050188,0.012576078607109891,0.00274847785520094,0.012576078619875994,0.002748257466032442,0.0261281468386441,0.0011839240984007789,13709.504877700005
442,442,411,411,3693,3693,3693,1,-1.8486988890176193e-05,1.8486988890176193e-05,0.17524061949629063,0.0018373525133669518,0.0031507533784719713,0,3741,0.00035426302217567943,0.05218435945315363,3741,0.00035426302217567943,0.05218435946039161,3741,0.00035426302217567943,0.05218435945315363,True,240,3632,-365.2840867003377,-365.28375570521206,True,False,accepted,L-BFGS-B>Newton-CG,True,1.162163472876475e-12,1.1550306984534599e-10,1.1061753981366606e-08,1.3880410847377789e-06,1315.1610198528203,1.0635678569673266e-14,-4.682906352190125e-16,0.0003309951256369459,1.3880410847377789e-06,-3.8797543311375193e-07,1.7760165178515308e-06,1.3880410847377789e-06,2.786082169475558e-08,True,28,validation_energy_increased,False,11.278171899990411,47.28728429999319,0.00027710093189625695,ok,6.92607140191713e-05,0.0001385214280283675,0.012596308969667428,0.002752899162130482,0.012596308982988757,0.0027526784185523574,0.026142726021998738,0.0011845847134308136,13769.549868800008
443,443,412,412,1912,1912,1912,1,1.4871069601518627e-05,1.4871069601518627e-05,0.017632836267517885,0.002126864074965606,0.006019412411306691,0,3741,0.00035527099438165995,0.04185838370340743,3741,0.00035527099438165995,0.041858383708738095,3741,0.00035527099438165995,0.04185838370340743,True,241,3631,-365.2840872401941,-365.28375648587877,True,False,accepted,L-BFGS-B>Newton-CG,True,8.081426875721355e-13,1.1558076789518869e-10,7.992016944419144e-09,5.398563303060655e-07,1315.1610198528203,1.1709049520103993e-14,-4.682906352190125e-16,0.00033075431531415234,5.398563871494844e-07,7.806667099430342e-07,-2.4081032279354986e-07,7.806667099430342e-07,1.5713334198860685e-08,False,0,none,True,11.32157850000658,18.662296700000297,0.0002763202651863139,ok,6.8969916940128e-05,0.0001379398338703228,0.012585572612830291,0.0027505527519390153,0.012585572625929558,0.002750332196463757,0.02611453046505307,0.0011833071104097514,13800.903312300012
444,444,413,413,1008,1008,1008,1,-1.4302674402875748e-05,1.4302674402875748e-05,6.586032399124488e-06,0.05638338031220317,0.6059087039690092,0,3741,0.00035487609225383235,0.040303290965697035,3741,0.00035487609225383235,0.040303290965697056,3741,0.00035487609225383235,0.040303290965697035,True,242,3630,-365.28408733252786,-365.2837563945722,True,False,accepted,L-BFGS-B>Newton-CG,True,8.135024463691428e-13,3.206953925174694e-09,1.2536682675679004e-09,9.23338916436478e-08,1315.1610198528203,1.0538168772060061e-14,-4.682906352190125e-16,0.0003309379556526437,9.233377795681008e-08,-9.130656053457642e-08,1.836403384913865e-07,9.233377795681008e-08,1.9466755591362016e-09,True,1,validation_energy_increased,False,11.417943799984641,20.23199190001469,0.0002764115717468485,ok,6.896963844984822e-05,0.00013793927688976324,0.01536149722546229,0.003357225751041686,0.015361497232670057,0.0033569565470431563,0.02611889469980407,0.0011835048635349423,13834.016537799995
445,445,414,414,1636,1636,1636,1,-1.415553899164479e-05,1.415553899164479e-05,0.16956540152000457,0.0009463718882000342,0.0017169256488859704,0,3741,0.00035490023399658714,0.039885966915933095,3741,0.00035490023399658714,0.03988596673086272,3741,0.00035490023399658714,0.039885966915933095,True,243,3629,-365.28409012941677,-365.2837590289878,True,False,accepted,L-BFGS-B>Newton-CG,False,3.694822778815163e-09,2.470182459329241e-07,1.5957691748076226e-08,2.7968889071416925e-06,1315.1610198528203,1.1197125041398359e-14,-4.682906352190125e-16,0.00033110042897988023,2.7968889071416925e-06,2.6344155799051805e-06,1.6247332723651198e-07,2.7968889071416925e-06,5.603777814283385e-08,True,2,train_valid_drop_disagreed,False,11.388524500012863,76.85376190001261,0.0002737771561669433,ok,6.926601282491573e-05,0.00013853202563985558,0.015351390457354366,0.0033550169362592643,0.015351390464721235,0.0033547479094135453,0.025982989712424024,0.001177346708092624,13923.601056899992
446,446,415,415,3056,3056,3056,1,-1.4503200048920917e-05,1.4503200048920917e-05,0.17445591367424762,0.000948930087300568,0.0016975360351759172,0,3741,0.0003568363880240631,0.04064383716366645,3741,0.0003568363880240631,0.0406438371763358,3741,0.0003568363880240631,0.04064383716366645,True,244,3628,-365.28409308730875,-365.28376193019903,True,False,accepted,L-BFGS-B>Newton-CG,True,7.773795102533779e-13,5.086366561355035e-11,1.628359194871476e-08,2.9578920930362074e-06,1315.1610198528203,1.0626509438019238e-14,-4.682906352190125e-16,0.00033115710971287626,2.9578919793493696e-06,2.9012112463533413e-06,5.668073299602838e-08,2.9578919793493696e-06,5.925783958698739e-08,False,0,none,True,11.297361100005219,22.03555349999806,0.00027087594492058997,ok,6.987874774977528e-05,0.00013975749548948645,0.01512989222013082,0.0033066089214086906,0.015129892228201113,0.00330634377640603,0.025853991136298035,0.0011715014974131943,13958.410698799998
447,447,416,416,3979,3979,3979,1,1.53022183809943e-05,1.53022183809943e-05,0.10376877285042908,0.001776835530166123,0.0031279145412432393,0,3741,0.00035438569712493474,0.04317955974278407,3741,0.00035438569712493474,0.04317955974267064,3741,0.00035438569712493474,0.04317955974278407,True,245,3627,-365.28409405016833,-365.2837620692761,True,False,accepted,L-BFGS-B>Newton-CG,True,7.902065714325163e-13,9.175578776046871e-11,9.612062418289893e-09,9.628597013033868e-07,1315.1610198528203,1.1465760058312403e-14,-4.682906352190125e-16,0.00033198089221286864,9.628595876165491e-07,1.3907708762417315e-07,8.23782499992376e-07,9.628595876165491e-07,1.9357191752330985e-08,True,1,train_valid_drop_disagreed,False,11.441120799980126,19.530380399985006,0.0002707368678329658,ok,6.85406019310878e-05,0.0001370812038523042,0.015119273662347159,0.0033042882559743904,0.015119273669949251,0.003304023296956414,0.025853836165868352,0.0011714944753604107,13990.761244599998
448,448,417,417,1569,1569,1569,1,1.4751542019020292e-05,1.4751542019020292e-05,0.018761067790148668,0.0017335267634693758,0.004891765132867384,0,3741,0.00035766001387688823,0.041244593878749854,3741,0.00035766001387688823,0.041244593871206055,3741,0.00035766001387688823,0.041244593878749854,True,246,3626,-365.28409482415316,-365.28376182124805,True,False,accepted,L-BFGS-B>Newton-CG,True,7.579242220506162e-13,8.906742901030061e-11,9.509555406196385e-09,7.739847660559462e-07,1315.1610198528203,1.2518519309004644e-14,-4.682906352190125e-16,0.0003330029051085148,7.739848228993651e-07,-2.480280727468198e-07,1.022012895646185e-06,7.739848228993651e-07,1.5579696457987304e-08,True,2,validation_energy_increased,False,11.286990000022342,20.533748399990145,0.0002709848959057126,ok,6.857092226331009e-05,0.00013714184451674443,0.015177557666742883,0.0033170261133303007,0.015177557674223319,0.0033167601328762623,0.025865783093170565,0.001172035817049214,14024.04648759999
449,449,418,418,3942,3942,3942,1,1.6050150616120362e-05,1.6050150616120362e-05,0.041803319166378576,0.002715905721971126,0.006484046315303981,0,3741,0.0003620951185303067,0.04432578566997995,3741,0.0003620951185303067,0.044325785657277676,3741,0.0003620951185303067,0.04432578566997995,True,247,3625,-365.28409533061586,-365.2837612140435,True,False,accepted,L-BFGS-B>Newton-CG,True,7.822395928488208e-13,1.3236567358631793e-10,6.909686187172303e-09,5.064627544015821e-07,1315.1610198528203,9.405854916412276e-15,-4.682906352190125e-16,0.0003341165723327322,5.064626975581632e-07,-6.072045266591886e-07,1.1136672242173518e-06,6.072045266591886e-07,1.224409053318377e-08,True,3,validation_energy_increased,False,11.456063499994343,60.80402760001016,0.0002715921004323718,ok,6.852131745543911e-05,0.0001370426349010096,0.015103469735045628,0.0033008343379789264,0.015103469742680908,0.003300569655927229,0.025898862798113702,0.0011735347316141093,14097.705352799996
450,450,419,419,2770,2770,2770,1,1.5834621200888632e-05,1.5834621200888632e-05,0.0025351153413801205,0.004101849653494281,0.0178554988347856,0,3741,0.0003517563984825197,0.04501587254474782,3741,0.0003517563984825197,0.045015872544812076,3741,0.0003517563984825197,0.04501587254474782,True,248,3624,-365.2840955703617,-365.28376140807273,True,False,accepted,L-BFGS-B>Newton-CG,True,7.960838066636355e-13,2.062200317910002e-10,4.8603611867854335e-09,2.3974592977538123e-07,1315.1610198528203,1.1032081730417043e-14,-4.682906352190125e-16,0.0003341622889934115,2.3974587293196237e-07,1.9402921225264436e-07,4.571666067931801e-08,2.3974587293196237e-07,4.8949174586392475e-09,True,4,train_valid_drop_disagreed,False,11.150412599992706,19.32615400000941,0.00027139807122011916,ok,6.853317628061497e-05,0.0001370663525513596,0.015096306946957419,0.003299268924382449,0.015096306954611324,0.0032990043678605076,0.02589713301765759,0.0011734563514373755,14129.533237800002
451,451,420,420,3055,3055,3055,1,-1.3547678607395142e-05,1.3547678607395142e-05,0.22719460389605098,0.0008520444756559289,0.0014778048853339436,0,3741,0.0003535903152634575,0.03831462011990025,3741,0.0003535903152634575,0.038314620294578744,3741,0.0003535903152634575,0.03831462011990025,True,249,3623,-365.28409986854354,-365.2837587058092,True,False,accepted,L-BFGS-B>Newton-CG,True,1.1062953023537242e-12,6.95774402354701e-11,1.6900201252154466e-08,4.298181920603383e-06,1315.1610198528203,9.611834482701445e-15,-4.682906352190125e-16,0.00034116273434392497,4.298181806916546e-06,-2.7022635435969278e-06,7.000445350513473e-06,4.298181806916546e-06,8.606363613833091e-08,True,5,validation_energy_increased,False,11.189204100024654,33.86538490001112,0.0002741003347637161,ok,6.37834222239206e-05,0.00012756684443865495,0.0151789508963757,0.0033173306009939545,0.015178950902060196,0.003317064595731522,0.026032461612504842,0.0011795883892597218,14175.964657300006
452,452,421,421,3886,3886,3886,1,-1.326609204232998e-05,1.326609204232998e-05,0.005254843788880701,0.0012986139683441253,0.004649718411841086,0,3741,0.0003539913054457509,0.03747575671562082,3741,0.0003539913054457509,0.03747575671684414,3741,0.0003539913054457509,0.03747575671562082,True,250,3622,-365.28410099419347,-365.28375862159174,True,False,accepted,L-BFGS-B>Newton-CG,True,8.826218875503395e-13,8.639960480793064e-11,1.1215577831778733e-08,1.1256499306000478e-06,1315.1610198528203,1.1670123697496448e-14,-4.682906352190125e-16,0.0003423726017217632,1.1256499306000478e-06,-8.421744723818847e-08,1.2098673778382363e-06,1.1256499306000478e-06,2.2612998612000956e-08,True,6,validation_energy_increased,False,11.343708600004902,20.538381199992727,0.0002741845522109543,ok,6.351420821843081e-05,0.00012702841642771415,0.01505019181084467,0.0032891905498465416,0.015050191816575893,0.003288926801058191,0.026074084694781372,0.00118147442313963,14209.200697399996
453,453,422,422,1780,1780,1780,1,1.327099935188869e-05,1.327099935188869e-05,0.25452718515039663,0.001017460989615226,0.001687118209099494,0,3741,0.0003544772917101339,0.0374382214664988,3741,0.0003544772917101339,0.037438221552698485,3741,0.0003544772917101339,0.0374382214664988,True,251,3621,-365.2841033098233,-365.2837609643044,True,False,accepted,L-BFGS-B>Newton-CG,True,1.1910695119528388e-12,9.131691947929016e-11,1.4043251116491752e-08,2.3156297856985475e-06,1315.1610198528203,1.134859036129563e-14,-4.682906352190125e-16,0.00034234551890222065,2.3156298425419664e-06,2.342712662084523e-06,-2.7082819542556535e-08,2.342712662084523e-06,4.695425324169046e-08,False,0,none,True,11.272328999999445,31.249477399978787,0.00027184183954886976,ok,6.076150953731208e-05,0.00012152301906587313,0.015103304413970373,0.003300798207375061,0.015103304418953599,0.0033005335276410103,0.025963954573132664,0.0011764841838476925,14253.164633900014
454,454,423,423,1495,1495,1495,1,1.3396542613897111e-05,1.3396542613897111e-05,0.28319544501879707,0.001724887756813162,0.002899475829537569,0,3741,0.0003534398338289773,0.03790331856136917,3741,0.0003534398338289773,0.037903318620367596,3741,0.0003534398338289773,0.03790331856136917,True,252,3620,-365.28410426491314,-365.28376172660694,True,False,accepted,L-BFGS-B>Newton-CG,True,9.418007428329137e-13,1.2126267451478565e-10,8.766616946239952e-09,9.550898880661407e-07,1315.1610198528203,1.1757514733642634e-14,-4.682906352190125e-16,0.000342538306199458,9.550898312227218e-07,7.623025339853484e-07,1.9278729723737342e-07,9.550898312227218e-07,1.9201796624454437e-08,True,1,train_valid_drop_disagreed,False,11.238028599997051,19.510220900003333,0.0002710795370148844,ok,5.9517205422451916e-05,0.00011903441083633201,0.01512860420827889,0.0033063274288892127,0.015128604212745289,0.003306062305671008,0.025935786669292176,0.0011752078338499625,14285.408569699997
455,455,424,424,2593,2593,2593,1,1.2564510868728895e-05,1.2564510868728895e-05,0.010159958743644965,0.0010822511122263693,0.002950807934253931,0,3741,0.00035428629764037024,0.03546428679971955,3741,0.00035428629764037024,0.03546428680355331,3741,0.00035428629764037024,0.03546428679971955,True,253,3619,-365.2841072812209,-365.28375834993665,True,False,accepted,L-BFGS-B>Newton-CG,True,9.021913823699519e-13,7.771075517175247e-11,1.2609607709717568e-08,3.016307857706124e-06,1315.1610198528203,1.0884667186771338e-14,-4.682906352190125e-16,0.0003489312842361869,3.0163077440192865e-06,-3.376670292709605e-06,6.392978036728891e-06,3.376670292709605e-06,6.763340585419209e-08,True,2,validation_energy_increased,False,11.312215999991167,20.709216999995988,0.000274456207307594,ok,5.942565604514073e-05,0.00011885131208172283,0.015201793892939498,0.003322322894073813,0.015201793897314207,0.0033220564882085746,0.02604882377581212,0.001180329795053293,14318.894493600004
456,456,425,425,640,640,640,1,-2.1629700166392318e-05,2.1629700166392318e-05,0.010610485129791321,0.0009021508559141652,0.0023578821080918366,0,3741,0.0003543953404799865,0.06103268778053755,3741,0.0003543953404799865,0.06103268777970169,3741,0.0003543953404799865,0.06103268778053755,True,254,3618,-365.28411781991787,-365.2837462462423,True,False,accepted,L-BFGS-B>Newton-CG,False,2.9187648212173906e-09,1.2173845039562063e-07,2.4975702103420144e-08,1.0538697040374245e-05,1315.1610198528203,1.0951162555383471e-14,-4.682906352190125e-16,0.00037157367557938414,1.0538696983530826e-05,-1.2103694359666406e-05,2.2642391343197232e-05,1.2103694359666406e-05,2.4217388719332815e-07,True,3,validation_energy_increased,False,11.301614900003187,224.64894620000268,0.0002865599016672604,ok,5.974839597501748e-05,0.00011949679194142984,0.015076906144701117,0.003295028916265417,0.015076906149425503,0.003294764699096454,0.026575475537633893,0.0012041935507240103,14556.203885399998
457,457,426,426,3284,3284,3284,1,-1.425284737255339e-05,1.425284737255339e-05,0.03072577780896107,0.0018601579400497799,0.004806372076321739,0,3741,0.00035626654371049573,0.040006134800396345,3741,0.00035626654371049573,0.04000613480956746,3741,0.00035626654371049573,0.040006134800396345,True,255,3617,-365.2841184558883,-365.28374623627195,True,False,accepted,L-BFGS-B>Newton-CG,True,8.716907435461914e-13,1.1376581876802146e-10,8.66214978264821e-09,6.359705366776325e-07,1315.1610198528203,1.1184708650122354e-14,-4.682906352190125e-16,0.0003722196163380431,6.359704229907948e-07,-9.970335668185726e-09,6.459407586589805e-07,6.359704229907948e-07,1.2819408459815895e-08,True,4,validation_energy_increased,False,11.254298699990613,19.28332180000143,0.0002865698720029286,ok,5.9911527651097893e-05,0.00011982305529356718,0.015077783274124578,0.0032952206112183387,0.015077783278977743,0.0032949563787060907,0.026582084075515273,0.001204492998185833,14588.07736950001
458,458,427,427,2378,2378,2378,1,-1.354392723840192e-05,1.354392723840192e-05,0.09827825467237056,0.0015914484304278339,0.0032020880226457174,0,3741,0.0003566883001697927,0.03797132463261247,3741,0.0003566883001697927,0.03797132468005009,3741,0.0003566883001697927,0.03797132463261247,True,256,3616,-365.2841197763056,-365.2837477648997,True,False,accepted,L-BFGS-B>Newton-CG,True,1.050819879761259e-12,1.2347420543834845e-10,9.510440508855439e-09,1.3204173683334375e-06,1315.1610198528203,8.781496025441935e-15,-4.682906352190125e-16,0.0003720114058864965,1.3204173114900186e-06,1.5286277630366385e-06,-2.0821045154661988e-07,1.5286277630366385e-06,3.067255526073277e-08,False,0,none,True,11.186068400013028,31.633425200008787,0.00028504124423989197,ok,5.917277770026616e-05,0.0001183455553920101,0.015083387444691737,0.003296445391945448,0.015083387449241504,0.0032961810611555112,0.026517870077116347,0.0012015833199515269,14632.260731599992
459,459,428,428,1536,1536,1536,1,-1.2353519085461784e-05,1.2353519085461784e-05,0.02875777252252533,0.0026496997692726657,0.006690792633670644,0,3741,0.0003570313485708582,0.03460065659475289,3741,0.0003570313485708582,0.034600656549540136,3741,0.0003570313485708582,0.03460065659475289,True,257,3615,-365.2841201116338,-365.2837477059631,True,False,accepted,L-BFGS-B>Newton-CG,True,1.0000091603674063e-09,2.144914366017449e-07,5.662233496175255e-09,3.3532825227666763e-07,1315.1610198528203,9.955941723402623e-15,-4.682906352190125e-16,0.0003724056707028467,3.3532819543324877e-07,-5.893662091693841e-08,3.942648163501872e-07,3.3532819543324877e-07,6.806563908664975e-09,True,1,validation_energy_increased,False,11.315717299992684,54.20684539998183,0.0002851001808608089,ok,5.927318478897421e-05,0.00011854636956941173,0.015208912188838861,0.0033238785839877663,0.015208912193318203,0.00332361205339942,0.026512278511884677,0.001201329953768826,14699.0792142
460,460,429,429,939,939,939,1,1.2453021359160044e-05,1.2453021359160044e-05,0.047422555840347325,0.002405273300217186,0.004628500584435073,0,3741,0.000356750045610193,0.0349068528859194,3741,0.000356750045610193,0.034906852876151376,3741,0.000356750045610193,0.0349068528859194,True,258,3614,-365.28412044396595,-365.28374742510744,True,False,accepted,L-BFGS-B>Newton-CG,True,1.4779068298400281e-12,2.85454220858693e-10,6.177386501395013e-09,3.323322630421899e-07,1315.1610198528203,1.0794538857776981e-14,-4.682906352190125e-16,0.00037301885851093175,3.3233214935535216e-07,-2.808556587297062e-07,6.131878080850584e-07,3.3233214935535216e-07,6.746642987107043e-09,True,2,validation_energy_increased,False,11.160816900024656,20.55151889999979,0.0002853810365195386,ok,5.933358260293867e-05,0.00011866716519733198,0.015262667134379924,0.0033356266242189733,0.01526266713888787,0.003335359151597782,0.02652409819172894,0.001201865529593986,14732.175113900012
461,461,430,430,3551,3551,3551,1,1.5878250493372992e-05,1.5878250493372992e-05,0.027965170955182764,0.0016102439564166867,0.0032996248470311827,0,3741,0.0003565677554287106,0.044530808665753194,3741,0.0003565677554287106,0.044530808660537484,3741,0.0003565677554287106,0.044530808665753194,True,259,3613,-365.28412156846036,-365.2837461129122,True,False,accepted,L-BFGS-B>Newton-CG,True,8.318598777301108e-13,8.436051167888142e-11,1.0860773259609761e-08,1.124494531268283e-06,1315.1610198528203,1.1589374670206156e-14,-4.682906352190125e-16,0.0003754555481805255,1.1244944175814453e-06,-1.312195252012316e-06,2.436689669593761e-06,1.312195252012316e-06,2.634390504024632e-08,True,3,validation_energy_increased,False,11.216461500007426,40.56849580002017,0.0002866932317715509,ok,5.925307903179115e-05,0.00011850615805504852,0.015303660225777109,0.0033445855857077867,0.015303660230238438,0.003344317394684931,0.026585419208977494,0.0012046441204564512,14785.449350400013
462,462,431,431,4007,4007,4007,1,-1.5498591388718452e-05,1.5498591388718452e-05,0.15474892615238384,0.001741480315973582,0.002947476134980445,0,3741,0.00035577829558477514,0.043562498277878885,3741,0.00035577829558477514,0.043562498368180484,3741,0.00035577829558477514,0.043562498277878885,True,260,3612,-365.284122636456,-365.2837470903661,True,False,accepted,L-BFGS-B>Newton-CG,True,8.262860658907439e-13,9.284462587098983e-11,9.899664984798273e-09,1.0679956403691904e-06,1315.1610198528203,1.0419940866194372e-14,-4.682906352190125e-16,0.0003755460899128593,1.0679956403691904e-06,9.774539080353861e-07,9.054173233380425e-08,1.0679956403691904e-06,2.1459912807383808e-08,True,4,train_valid_drop_disagreed,False,11.163603299995884,23.743013700004667,0.00028571577786351554,ok,5.8951833377324816e-05,0.00011790366674615923,0.015332066373173346,0.003350793694730419,0.015332066377475065,0.0033505250058635774,0.026537084379342667,0.0012024539624651417,14821.961075
463,463,432,432,1085,1085,1085,1,-1.4596790665871717e-05,1.4596790665871717e-05,0.0012577724625106182,0.0071954014673686366,0.031538901794326175,0,3741,0.0003552409016984476,0.041089836772969505,3741,0.0003552409016984476,0.04108983677288526,3741,0.0003552409016984476,0.041089836772969505,True,261,3611,-365.2841227284833,-365.28374709676734,True,False,accepted,L-BFGS-B>Newton-CG,True,1.0837477730291281e-12,5.34227043375102e-10,3.0286276901713976e-09,9.202733508573147e-08,1315.1610198528203,9.765788808914223e-15,-4.682906352190125e-16,0.0003756317159400169,9.20272782423126e-08,6.401251084753312e-09,8.562602715755929e-08,9.20272782423126e-08,1.9405455648462522e-09,True,5,train_valid_drop_disagreed,False,11.433181300002616,22.70386799998232,0.0002857093766124308,ok,5.8956496077282296e-05,0.00011791299214607353,0.015342723285290055,0.0033531227424306326,0.015342723289583136,0.0033528538668027553,0.026539674769697437,0.0012025713387790538,14857.54291769999
464,464,433,433,2552,2552,2552,1,1.4472142935373355e-05,1.4472142935373355e-05,0.013597340736232411,0.0017423900594832076,0.0052263059946441575,0,3741,0.00035528180425949276,0.040734264355410416,3741,0.00035528180425949276,0.04073426435380196,3741,0.00035528180425949276,0.040734264355410416,True,262,3610,-365.28412345439176,-365.28374702128497,True,False,accepted,L-BFGS-B>Newton-CG,True,9.194048428763188e-13,1.1069278849560384e-10,9.305914552986738e-09,7.259084782162972e-07,1315.1610198528203,1.0951207659887913e-14,-4.682906352190125e-16,0.00037643310679413844,7.259084782162972e-07,-7.548237590526696e-08,8.013908541215642e-07,7.259084782162972e-07,1.4618169564325944e-08,True,6,validation_energy_increased,False,11.477044099970954,21.140001900028437,0.00028578485898833605,ok,5.8689334549947444e-05,0.0001173786690914423,0.015408347393135048,0.0033674647653150406,0.015408347397280534,0.003367194739612349,0.026528512210870086,0.0012020655385599594,14891.6475699
465,465,434,434,1777,1777,1777,1,-1.2458535046167007e-05,1.2458535046167007e-05,0.06673113477052495,0.001239476801037714,0.00232860751658435,0,3741,0.00035609096879755654,0.03498694473560178,3741,0.00035609096879755654,0.0349869447100563,3741,0.00035609096879755654,0.03498694473560178,True,263,3609,-365.2841245604053,-365.28374688259714,True,False,accepted,L-BFGS-B>Newton-CG,True,9.11925679413355e-13,9.072581337074715e-11,1.1051446722079083e-08,1.1060135420848383e-06,1315.1610198528203,1.1193319904701497e-14,-4.682906352190125e-16,0.0003776778081601151,1.1060135420848383e-06,-1.3868782389181433e-07,1.2447013659766526e-06,1.1060135420848383e-06,2.2220270841696765e-08,True,7,validation_energy_increased,False,11.471050400054082,31.757930400024634,0.00028592354681222787,ok,5.891636887561126e-05,0.00011783273774273723,0.015424324487194404,0.0033709565285732455,0.015424324491366612,0.003370686222882672,0.026538436622700605,0.001202515235601283,14936.347102800006
466,466,435,435,854,854,854,1,1.4270511785596796e-05,1.4270511785596796e-05,0.16682376644680677,0.0018703306987221462,0.003473651590037026,0,3741,0.00035742070702111803,0.03992637109509615,3741,0.00035742070702111803,0.039926370995771336,3741,0.00035742070702111803,0.03992637109509615,True,264,3608,-365.28412541340487,-365.28374716336623,True,False,accepted,L-BFGS-B>Newton-CG,True,1.0174703525710715e-12,1.3335233259061695e-10,8.629940420274762e-09,8.529996762263181e-07,1315.1610198528203,1.0902932922883285e-14,-4.682906352190125e-16,0.0003782500386364518,8.529995625394804e-07,2.807690862027812e-07,5.722304763366992e-07,8.529995625394804e-07,1.7159991250789608e-08,True,8,train_valid_drop_disagreed,False,11.222315400023945,21.324695300019812,0.0002856427777260251,ok,5.8610147309878464e-05,0.00011722029461131575,0.01543895516389972,0.0033741540349015242,0.01543895516803478,0.0033738834728046668,0.026529082370397306,0.0012020913737486691,14970.419111099996
467,467,436,436,2757,2757,2757,1,1.2160427977470079e-05,1.2160427977470079e-05,0.019286826611585307,0.002438171039088342,0.0068626161071467994,0,3741,0.00035642017850683543,0.034118236594836523,3741,0.00035642017850683543,0.034118236594606124,3741,0.00035642017850683543,0.034118236594836523,True,265,3607,-365.2841258233767,-365.28374730214153,True,False,accepted,L-BFGS-B>Newton-CG,True,7.763655735011162e-13,1.5566163102778955e-10,5.987520485138147e-09,4.0997190353664337e-07,1315.1610198528203,1.1901579579619303e-14,-4.682906352190125e-16,0.0003785212351772316,4.099718466932245e-07,1.3877530591344112e-07,2.711965407797834e-07,4.099718466932245e-07,8.299436933864489e-09,True,9,train_valid_drop_disagreed,False,11.464989100000821,19.706377500027884,0.00028550400242011165,ok,5.8524825852119184e-05,0.00011704965169580947,0.015407334099446592,0.003367243311923205,0.015407334103628424,0.00336697330398612,0.026534510516326132,0.0012023373350414641,15003.023748000007
468,468,437,437,2332,2332,2332,1,1.2164990280449928e-05,1.2164990280449928e-05,0.01249675879447424,0.0024917188289397285,0.0076815612024858345,0,5716,0.0003577147657792585,0.034007515048894564,5716,0.0003577147657792585,0.0340075150626053,5716,0.0003577147657792585,0.034007515048894564,True,266,3606,-365.2841262805825,-365.28374606748554,True,False,accepted,L-BFGS-B>Newton-CG,True,1.0978757299072673e-12,2.2487462548288555e-10,5.88216813057382e-09,4.572058855956129e-07,1315.1610198528203,1.1696395641965402e-14,-4.682906352190125e-16,0.0003802130969461359,4.572057719087752e-07,-1.2346559969955706e-06,1.6918617689043458e-06,1.2346559969955706e-06,2.4793119939911414e-08,True,10,validation_energy_increased,False,11.227201600035187,19.990410200029146,0.0002867386584171072,ok,5.854364127428628e-05,0.00011708728254014095,0.015425565293411242,0.0033712277043917273,0.015425565297581177,0.003370957376955905,0.026579434302610894,0.0012043729311173126,15035.771336299978
469,469,438,438,1610,1610,1610,1,1.2047467359804775e-05,1.2047467359804775e-05,0.0012562185572113959,0.002614862061155193,0.013069499756297669,0,5716,0.0003588407416075842,0.03357329857761655,5716,0.0003588407416075842,0.033573298577648965,5716,0.0003588407416075842,0.03357329857761655,True,267,3605,-365.2841267213182,-365.28374687728285,True,False,accepted,L-BFGS-B>Newton-CG,True,1.1335344988339277e-12,2.460298294270763e-10,5.607305144557316e-09,4.407357891977881e-07,1315.1610198528203,1.2717176487223036e-14,-4.682906352190125e-16,0.00037984403536484024,4.4073573235436925e-07,8.097973136500514e-07,-3.690615812956821e-07,8.097973136500514e-07,1.629594627300103e-08,False,0,none,True,11.315544399956707,33.68030100001488,0.00028592886110345717,ok,5.855112415213559e-05,0.0001171022482958385,0.015434869124128585,0.0033732610387476923,0.015434869128297892,0.003372990548264925,0.026564169077661078,0.0012036812300258725,15082.255655000015
470,470,439,439,959,959,959,1,1.555383253773468e-05,1.555383253773468e-05,0.003531020617885833,0.004465980117418677,0.017968025895301092,0,3741,0.000357622474079277,0.043492324071016684,3741,0.000357622474079277,0.04349232407158468,3741,0.000357622474079277,0.043492324071016684,True,268,3604,-365.2841268919859,-365.2837470996131,True,False,accepted,L-BFGS-B>Newton-CG,True,9.022018714878027e-13,2.590496970981268e-10,4.482736639317717e-09,1.7066770396922948e-07,1315.1610198528203,1.06691782992207e-14,-4.682906352190125e-16,0.00037979237282570466,1.7066770396922948e-07,2.2233024310480687e-07,-5.166253913557739e-08,2.2233024310480687e-07,4.5466048620961374e-09,False,0,none,True,11.40832639997825,19.847313500009477,0.00028570653086035236,ok,5.853281095927502e-05,0.00011706562191011999,0.01543104258914157,0.0033724247568666286,0.015431042593324435,0.0033721543334456878,0.02655841570903435,0.0012034205321736202,15115.034880100022
471,471,440,440,79,79,79,1,1.2402408904980955e-05,1.2402408904980955e-05,0.00010984413706292086,0.03482245462211784,0.2131826216158443,0,5716,0.0003609161112708833,0.03436368872896451,5716,0.0003609161112708833,0.03436368872898031,5716,0.0003609161112708833,0.03436368872896451,True,269,3603,-365.28412689922317,-365.28374705475665,True,False,accepted,L-BFGS-B>Newton-CG,True,9.41118600875117e-13,2.6423947168155825e-09,1.3561612483123956e-09,7.237360932776937e-09,1315.1610198528203,1.2357175096783105e-14,-4.682906352190125e-16,0.0003798444665221723,7.237247245939216e-09,-4.48564492216974e-08,5.209369646763662e-08,4.48564492216974e-08,9.97128984433948e-10,True,1,validation_energy_increased,False,11.382739400025457,17.762599000008777,0.00028575138730957406,ok,5.853681994035207e-05,0.00011707363987227352,0.01543088398148807,0.0033723900934682096,0.015430883985670165,0.003372119672826651,0.02655982664251025,0.001203484464688761,15145.714550600009
472,472,441,441,2358,2358,2358,1,1.212963808328027e-05,1.212963808328027e-05,0.27265034604000743,0.0009388315462193227,0.001545691142029135,0,5716,0.000360357963429994,0.033659969569776606,5716,0.000360357963429994,0.03365996966674705,5716,0.000360357963429994,0.033659969569776606,True,270,3602,-365.28412948708933,-365.28374666978885,True,False,accepted,L-BFGS-B>Newton-CG,True,8.062094222613127e-13,6.240044605590849e-11,1.3919930436698785e-08,2.5878662199829705e-06,1315.1610198528203,1.163081522775498e-14,-4.682906352190125e-16,0.00038281730047629026,2.5878661631395516e-06,-3.849677909784077e-07,2.9728339541179594e-06,2.5878661631395516e-06,5.185732326279103e-08,True,2,validation_energy_increased,False,11.385410899994895,21.534700599964708,0.00028613635510055246,ok,5.7523860333028287e-05,0.00011504772065777185,0.015466401066854336,0.0033801522843434533,0.015466401070864196,0.003379881241238122,0.026579339529078705,0.00120436863671904,15180.124282199977
473,473,442,442,3458,3458,3458,1,1.228541147213491e-05,1.228541147213491e-05,0.06274733612505581,0.0010691241679911547,0.0023458251826115944,0,5716,0.0003757827207860598,0.03269285891175722,5716,0.0003757827207860598,0.032692858901364565,5716,0.0003757827207860598,0.03269285891175722,True,271,3601,-365.2841311199214,-365.2837453823837,True,False,accepted,L-BFGS-B>Newton-CG,True,9.144626431436934e-13,7.958008716721953e-11,1.2491098787340572e-08,1.6328321521541511e-06,1315.1610198528203,1.0730072530120216e-14,-4.682906352190125e-16,0.0003857375377265271,1.6328320953107323e-06,-1.2874051549260912e-06,2.9202372502368235e-06,1.6328320953107323e-06,3.2756641906214644e-08,True,3,validation_energy_increased,False,11.268099799985066,55.228027200035285,0.00028742376025547856,ok,5.7787072567774124e-05,0.0001155741451272256,0.01546977427066028,0.0033808894915645085,0.015469774274689275,0.0033806183893489864,0.02663414041464077,0.0012068517859998254,15248.11670340001
474,474,443,443,4026,4026,4026,1,1.3705669792141162e-05,1.3705669792141162e-05,0.037134346549291965,0.0010007979645910345,0.002054223041009507,0,5716,0.00037637687297653784,0.03641475015122816,5716,0.00037637687297653784,0.03641475014915081,5716,0.00037637687297653784,0.03641475015122816,True,272,3600,-365.28413287750396,-365.28374301756475,True,False,accepted,L-BFGS-B>Newton-CG,True,8.286095541790249e-13,6.050567191119295e-11,1.4694741798673262e-08,1.7575826518623217e-06,1315.1610198528203,1.049549257872965e-14,-4.682906352190125e-16,0.0003898599392186952,1.757582538175484e-06,-2.3648189539926534e-06,4.122401492168137e-06,2.3648189539926534e-06,4.739637907985307e-08,True,4,validation_energy_increased,False,11.248170000035316,21.282515900034923,0.0002897885792094712,ok,5.8035227297742486e-05,0.00011607045458712659,0.015513116489066569,0.0033903618502548892,0.015513116493162667,0.0033900899884948166,0.026753296098708065,0.00121225099347902,15282.207089100004
475,475,444,444,1673,1673,1673,1,1.2566394863355868e-05,1.2566394863355868e-05,0.05522873939594481,0.0012090686282707987,0.0026986968731945674,0,5716,0.0003766596557062885,0.033362731242856776,5716,0.0003766596557062885,0.033362731262748024,5716,0.0003766596557062885,0.033362731242856776,True,273,3599,-365.2841344082773,-365.283744077266,True,False,accepted,L-BFGS-B>Newton-CG,True,7.289601993974471e-10,7.013649697568999e-08,1.1393450355099886e-08,1.5307733747249586e-06,1315.1610198528203,9.121737831288318e-15,-4.682906352190125e-16,0.00039033101126051406,1.5307733178815397e-06,1.0597012760626967e-06,4.71072041818843e-07,1.5307733178815397e-06,3.0715466357630794e-08,True,5,train_valid_drop_disagreed,False,11.381388300040271,32.48729010001989,0.0002887288779334085,ok,5.7793567160129036e-05,0.00011558713431193449,0.015624303877417582,0.003414661640690965,0.015624303881320181,0.003414387830363393,0.026712152896372715,0.001210386704020184,15327.544097200007
476,476,445,445,183,183,183,1,-1.3197794812278008e-05,1.3197794812278008e-05,0.11177916888019795,0.0017798922798485527,0.003116305027665958,0,5716,0.000375624503515475,0.03513560667304625,5716,0.000375624503515475,0.0351356066712348,5716,0.000375624503515475,0.03513560667304625,True,274,3598,-365.28413511457165,-365.2837436854546,True,False,accepted,L-BFGS-B>Newton-CG,True,9.501961415163752e-13,1.2814669086139524e-10,8.414909703318964e-09,7.062944860081188e-07,1315.1610198528203,1.2110656110121871e-14,-4.682906352190125e-16,0.0003914291170303841,7.062943723212811e-07,-3.9181139754873584e-07,1.098105769870017e-06,7.062943723212811e-07,1.4225887446425621e-08,True,6,validation_energy_increased,False,11.372340300003998,27.175626899988856,0.00028912068933095725,ok,5.7471866845273383e-05,0.00011494373368226952,0.015580742332878926,0.003405141348695083,0.015580742336811056,0.0034048683017768033,0.026736481951094106,0.001211489107277248,15367.642572400015
477,477,446,446,1539,1539,1539,1,1.3446791142124326e-05,1.3446791142124326e-05,0.13250786126395608,0.0008031400288849999,0.0014566582697801602,0,5716,0.0003747236045192398,0.03588455859186184,5716,0.0003747236045192398,0.03588455861668024,5716,0.0003747236045192398,0.03588455859186184,True,275,3597,-365.2841384773255,-365.28374395240064,True,False,accepted,L-BFGS-B>Newton-CG,True,7.980090181870315e-13,4.7662894644925624e-11,1.7742772845249138e-08,3.3627539437475207e-06,1315.1610198528203,1.0573932620675506e-14,-4.682906352190125e-16,0.0003945249248431537,3.362753830060683e-06,2.669460172910476e-07,3.0958078127696353e-06,3.362753830060683e-06,6.735507660121366e-08,True,7,train_valid_drop_disagreed,False,11.454772899975069,32.02129960001912,0.0002888537433136662,ok,5.685259793504212e-05,0.00011370519586189618,0.015637148252142505,0.003417468754148048,0.0156371482558733,0.003417194718689166,0.02673321213296614,0.0012113409445888264,15412.60178310002
478,478,447,447,13,13,13,1,-1.6675020870104973e-05,1.6675020870104973e-05,0.0472869421469045,0.0011359028306931241,0.0025111289894756902,0,5716,0.0003741169621422299,0.04457167826505965,5716,0.0003741169621422299,0.04457167827442492,5716,0.0003741169621422299,0.04457167826505965,True,276,3596,-365.2841410418198,-365.2837418593536,True,False,accepted,L-BFGS-B>Newton-CG,True,8.902188300869767e-13,6.06417283890811e-11,1.567997126294418e-08,2.564494423040742e-06,1315.1610198528203,9.642027501501917e-15,-4.682906352190125e-16,0.0003991824661966348,2.564494309353904e-06,-2.093047044127161e-06,4.657541353481065e-06,2.564494309353904e-06,5.138988618707808e-08,True,8,validation_energy_increased,False,11.41187050001463,41.78885979996994,0.00029094679035779336,ok,5.679085176453481e-05,0.00011358170352089045,0.015736043949946463,0.0034390822191939134,0.015736043953526825,0.0034388064505850866,0.026823693360408518,0.0012154408490437215,15467.355142099987
479,479,448,448,1506,1506,1506,1,1.3247160913998357e-05,1.3247160913998357e-05,0.00969363077962478,0.003267250549974605,0.009870619942035917,0,5716,0.0003723845866817491,0.035573870100374945,5716,0.0003723845866817491,0.035573870092213425,5716,0.0003723845866817491,0.035573870100374945,True,277,3595,-365.28414130555,-365.28374166257356,True,False,accepted,L-BFGS-B>Newton-CG,True,1.0907074494197246e-12,2.690096794900389e-10,5.054528638104682e-09,2.637302145558351e-07,1315.1610198528203,1.1040048181165088e-14,-4.682906352190125e-16,0.0003996429764470122,2.637302145558351e-07,-1.9678003582157544e-07,4.6051025037741056e-07,2.637302145558351e-07,5.374604291116703e-09,True,9,validation_energy_increased,False,11.206132700026501,22.837072300026193,0.00029114357039361494,ok,5.680097971784956e-05,0.0001136019594275185,0.01574936268698801,0.0034419930036253374,0.015749362690548448,0.0034417170016053347,0.026831859576572543,0.0012158108783523077,15503.007272099989
480,480,449,449,3053,3053,3053,1,1.3114741332507368e-05,1.3114741332507368e-05,0.00031676338774738397,0.023369594919412418,0.1540332112300749,0,5716,0.00037242790955044965,0.035214174330645394,5716,0.00037242790955044965,0.035214174330652895,5716,0.00037242790955044965,0.035214174330645394,True,278,3594,-365.2841413361139,-365.2837416492935,True,False,accepted,L-BFGS-B>Newton-CG,True,6.926817334518427e-12,1.2343126792742533e-08,1.5611882184173326e-09,3.056396735701128e-08,1315.1610198528203,1.1563091290792414e-14,-4.682906352190125e-16,0.00039968682040125714,3.056391051359242e-08,-1.3280043731356272e-08,4.384395424494869e-08,3.056391051359242e-08,7.112782102718483e-10,True,10,validation_energy_increased,False,11.493420200014953,20.678673999966122,0.0002911568504373463,ok,5.678615705660134e-05,0.00011357231410502419,0.015749371481065887,0.0034419949255541874,0.015749371484624457,0.0034417189233796634,0.026831366123573747,0.0012157885189059867,15536.750861000008
481,481,450,450,1062,1062,1062,1,-1.2703048154927288e-05,1.2703048154927288e-05,0.012822374831797698,0.0016689789537606182,0.004231718132659071,0,5716,0.0003724030374817036,0.03411102186713876,5716,0.0003724030374817036,0.034111021871375005,5716,0.0003724030374817036,0.03411102186713876,True,279,3593,-365.28414222796016,-365.28373946274684,True,False,accepted,L-BFGS-B>Newton-CG,True,7.415763626428344e-13,9.743136994711176e-11,8.611268968560958e-09,8.918461844587e-07,1315.1610198528203,1.2910917380336447e-14,-4.682906352190125e-16,0.00040276521332316406,8.918462413021189e-07,-2.186546680604806e-06,3.078392921906925e-06,2.186546680604806e-06,4.383093361209612e-08,True,11,validation_energy_increased,False,11.24251730000833,31.767947300046217,0.0002933433971179511,ok,5.6997292710059875e-05,0.00011399458541191085,0.01570263061523409,0.0034317797989885045,0.015702630618875897,0.0034315046159516483,0.02689679608498713,0.0012187532951127773,15581.320480100025
482,482,451,451,1036,1036,1036,1,1.2818352993770876e-05,1.2818352993770876e-05,0.0011251819716537863,0.003870849717013056,0.01699892666058724,0,5716,0.00037259021875687645,0.03440335346574179,5716,0.00037259021875687645,0.034403353465178116,5716,0.00037259021875687645,0.03440335346574179,True,280,3592,-365.28414247665205,-365.283738664749,True,False,accepted,L-BFGS-B>Newton-CG,True,8.518045914347031e-10,2.5722552326721125e-07,4.311508829354506e-09,2.4869189019227633e-07,1315.1610198528203,1.0684557770564878e-14,-4.682906352190125e-16,0.0004038119030269627,2.4869189019227633e-07,-7.979978136063437e-07,1.04668970379862e-06,7.979978136063437e-07,1.6059956272126876e-08,True,12,validation_energy_increased,False,11.321304299985059,32.96853770001326,0.00029414139493155744,ok,5.6956289969494374e-05,0.00011391257993078576,0.015660341580888814,0.0034225376116543606,0.01566034158455349,0.0034222631697249863,0.026912680502438606,0.0012194730531854027,15627.230139800027
483,483,452,452,3162,3162,3162,1,1.3103965826655184e-05,1.3103965826655184e-05,0.014493730186762097,0.001158205096974898,0.0033247460000419577,0,5716,0.0003722134224441607,0.03520551661089287,5716,0.0003722134224441607,0.0352055166104301,5716,0.0003722134224441607,0.03520551661089287,True,281,3591,-365.2841444100462,-365.2837359264437,True,False,accepted,L-BFGS-B>Newton-CG,True,1.239874950656711e-12,1.0958766748346178e-10,1.231400073684226e-08,1.9333942873345222e-06,1315.1610198528203,1.1911548575073335e-14,-4.682906352190125e-16,0.00040848360254130966,1.9333941736476845e-06,-2.7383053406992985e-06,4.671699514346983e-06,2.7383053406992985e-06,5.4866106813985974e-08,True,13,validation_energy_increased,False,11.434879099950194,34.72771710000234,0.00029687970027225674,ok,5.718843131027115e-05,0.00011437686261230588,0.01562675668675952,0.0034151976974674814,0.015626756690542542,0.0034149238441290395,0.027023821715823453,0.0012245091072792663,15674.869025399996
484,484,453,453,3919,3919,3919,1,-1.2646991841558375e-05,1.2646991841558375e-05,0.03990911878562889,0.0007481330526333958,0.0016153641867512687,0,5716,0.0003722154431468299,0.03397761182243437,5716,0.0003722154431468299,0.0339776118085246,5716,0.0003722154431468299,0.03397761182243437,True,282,3590,-365.2841479338282,-365.2837332979374,True,False,accepted,L-BFGS-B>Newton-CG,False,7.595259478417704e-09,4.492977243206265e-07,1.790473614105732e-08,3.5237819702160778e-06,1315.1610198528203,1.09596218734277e-14,-4.682906352190125e-16,0.0004146358908201364,3.5237819702160778e-06,-2.6285063086106675e-06,6.152288278826745e-06,3.5237819702160778e-06,7.057563940432155e-08,True,14,validation_energy_increased,False,11.259820099978242,62.78322619997198,0.0002995082065808674,ok,5.7637877352578545e-05,0.00011527575469685594,0.01553335338027486,0.0033947845840085296,0.015533353384298329,0.0033945123675872125,0.027147790026146625,0.0012301263854940594,15750.507824
485,485,454,454,621,621,621,1,1.3003633447063179e-05,1.3003633447063179e-05,0.0010975870867740516,0.003781785127289546,0.01927377332298493,0,5716,0.0003719466162493545,0.03496102096099052,5716,0.0003719466162493545,0.03496102096107168,5716,0.0003719466162493545,0.03496102096099052,True,283,3589,-365.2841482975416,-365.28373319451487,True,False,accepted,L-BFGS-B>Newton-CG,True,1.0869814323935613e-12,3.161180802281291e-10,4.438529778521787e-09,3.637135819190007e-07,1315.1610198528203,1.1691104703599937e-14,-4.682906352190125e-16,0.00041510302673941624,3.6371341138874413e-07,-1.034225078910822e-07,4.6713591927982634e-07,3.6371341138874413e-07,7.374268227774883e-09,True,15,validation_energy_increased,False,11.365063900011592,21.007841299986467,0.0002996116290887585,ok,5.7646303669000193e-05,0.00011529260732969801,0.015538819059188991,0.003395979097650535,0.015538819063219078,0.0033957067854463014,0.027159013705254944,0.0012306349552082116,15784.408468499983
486,486,455,455,1228,1228,1228,1,-1.407588211833552e-05,1.407588211833552e-05,0.000629811214461492,0.0071064040603148635,0.03894159167724688,0,5716,0.0003715635102431758,0.03788284298725494,5716,0.0003715635102431758,0.037882842987241455,5716,0.0003715635102431758,0.03788284298725494,True,284,3588,-365.2841484800706,-365.2837334007654,True,False,accepted,L-BFGS-B>Newton-CG,True,7.504374708876859e-13,3.7886875243379203e-10,2.980732024129718e-09,1.8252899280923884e-07,1315.1610198528203,1.0614293528853937e-14,-4.682906352190125e-16,0.00041507930518491776,1.8252899280923884e-07,2.0625054730771808e-07,-2.3721554498479236e-08,2.0625054730771808e-07,4.225010946154362e-09,False,0,none,True,11.282082200050354,21.57273409998743,0.0002994053785414508,ok,5.7622221354587876e-05,0.00011524444270087685,0.015538309396342025,0.0033958677118130047,0.01553830940036753,0.0033955954085394557,0.02716702863173402,0.0012309981292466955,15818.883533899992
487,487,456,456,434,434,434,1,-1.3010494893182789e-05,1.3010494893182789e-05,0.0006911879391926378,0.005211604647426189,0.027986831761162876,0,5716,0.0003715250316639889,0.03501916098334288,5716,0.0003715250316639889,0.03501916098339008,5716,0.0003715250316639889,0.03501916098334288,True,285,3587,-365.28414865801665,-365.2837333940398,True,False,accepted,L-BFGS-B>Newton-CG,True,8.692892053264495e-13,3.4821055632862445e-10,3.496447018987144e-09,1.7794604900700506e-07,1315.1610198528203,1.2394418182561811e-14,-4.682906352190125e-16,0.00041526397683355754,1.7794604900700506e-07,-6.725599632773083e-09,1.8467164863977814e-07,1.7794604900700506e-07,3.6589209801401015e-09,True,1,validation_energy_increased,False,11.332317400025204,20.987770000007004,0.00029941210414108355,ok,5.757278826945773e-05,0.00011514557653062368,0.015535801012430187,0.0033953195093208437,0.015535801016456408,0.0033950472500061174,0.027164719639692126,0.001230893503712466,15852.730346000026
488,488,457,457,3769,3769,3769,1,1.2465653937532295e-05,1.2465653937532295e-05,0.029623103328878412,0.002031678112310022,0.004722453278688833,0,5716,0.00037127037171809954,0.033575676614985304,5716,0.00037127037171809954,0.033575676618187965,5716,0.00037127037171809954,0.033575676614985304,True,286,3586,-365.28414909519887,-365.28373338444516,True,False,accepted,L-BFGS-B>Newton-CG,True,8.971943806942288e-10,1.462265993375671e-07,7.135644162954492e-09,4.3718227971112356e-07,1315.1610198528203,1.1148582853740636e-14,-4.682906352190125e-16,0.0004157107537139382,4.371822228677047e-07,-9.594657512934646e-09,4.4677688038063934e-07,4.371822228677047e-07,8.843644457354094e-09,True,2,validation_energy_increased,False,11.358982599980664,149.21915600000648,0.0002994216987985965,ok,5.7300730587462046e-05,0.0001146014611666715,0.015594072762959139,0.003408054688617677,0.01559407276686791,0.0034077814080825538,0.027154322064273165,0.0012304223665828616,16014.909751999978
489,489,458,458,1059,1059,1059,1,1.472599425952903e-05,1.472599425952903e-05,0.005138464134783606,0.0061683001193725585,0.01718106285002915,0,5716,0.00037503970596643985,0.03926516052902082,5716,0.00037503970596643985,0.039265160529567994,5716,0.00037503970596643985,0.03926516052902082,True,287,3585,-365.28414921655315,-365.2837332331622,True,False,accepted,L-BFGS-B>Newton-CG,True,6.602007694931181e-13,2.765392556692547e-10,3.3873672759238507e-09,1.2135438964833156e-07,1315.1610198528203,1.1626770645431841e-14,-4.682906352190125e-16,0.000415983390951169,1.2135427596149384e-07,-1.5128296126931673e-07,2.7263723723081057e-07,1.5128296126931673e-07,3.1256592253863346e-09,True,3,validation_energy_increased,False,11.16865449998295,30.382382500043605,0.0002995729817598658,ok,5.731090094630521e-05,0.00011462180188435636,0.015573626738050928,0.0034035862490950954,0.015573626741988277,0.003403313326876594,0.027163027165280754,0.0012308168139550974,16058.013071700028
490,490,459,459,3747,3747,3747,1,-1.190031755954335e-05,1.190031755954335e-05,0.0037996998490347944,0.0034041249705513287,0.012976150977041979,0,5716,0.000374865605387407,0.031745557310452366,5716,0.000374865605387407,0.031745557309546854,5716,0.000374865605387407,0.031745557310452366,True,288,3584,-365.28414937934235,-365.2837333607537,True,False,accepted,L-BFGS-B>Newton-CG,False,1.1852281363234353e-09,3.390384058958903e-07,4.495852138614017e-09,1.6278926295854035e-07,1315.1610198528203,1.1047093589462112e-14,-4.682906352190125e-16,0.0004160185886803447,1.627892061151215e-07,1.2759147693941486e-07,3.519772917570663e-08,1.627892061151215e-07,3.35578412230243e-09,True,4,train_valid_drop_disagreed,False,11.254699899989646,290.13624110003,0.0002994453902829264,ok,5.7259003808078e-05,0.00011451800760790941,0.015583082809225511,0.0034056528553109513,0.015583082813141318,0.003405379767372967,0.027166022970385898,0.0012309525605076561,16361.00411900002
491,491,460,460,775,775,775,1,1.2649238917916694e-05,1.2649238917916694e-05,0.002366641105911503,0.003807481028250171,0.012954397283685049,0,5716,0.00037442870297680627,0.03378277043760783,5716,0.00037442870297680627,0.033782770440054996,5716,0.00037442870297680627,0.03378277043760783,True,289,3583,-365.2841496007245,-365.28373328722284,True,False,accepted,L-BFGS-B>Newton-CG,True,8.44322562529593e-13,2.5414424955504923e-10,4.322217850719882e-09,2.2138226540846517e-07,1315.1610198528203,1.2520132589131808e-14,-4.682906352190125e-16,0.00041631350165971526,2.2138215172162745e-07,-7.35308276489377e-08,2.9491297937056515e-07,2.2138215172162745e-07,4.527643034432549e-09,True,5,validation_energy_increased,False,11.108037900005002,25.6506654000259,0.0002995189211105753,ok,5.7200633095510804e-05,0.00011440126618278342,0.015599196953591316,0.0034091745706507303,0.015599196957480228,0.0034089012003113823,0.0271707722201955,0.0012311677595163587,16399.26542099999
492,492,461,461,3207,3207,3207,1,1.2556762554695108e-05,1.2556762554695108e-05,0.0006167165673208571,0.009842599267630904,0.056012159053916565,0,5716,0.00039119566533518213,0.03209841945445968,5716,0.00039119566533518213,0.03209841945442879,5716,0.00039119566533518213,0.03209841945445968,True,290,3582,-365.2841496862916,-365.2837333978787,True,False,accepted,L-BFGS-B>Newton-CG,True,9.248639233899834e-13,7.249531801541529e-10,2.275756764310382e-09,8.556702368878177e-08,1315.1610198528203,1.1171483660019077e-14,-4.682906352190125e-16,0.00041628841290730634,8.556708053220063e-08,1.1065583294112002e-07,-2.508875240891939e-08,1.1065583294112002e-07,2.3131166588224004e-09,False,0,none,True,11.30736189999152,20.738698600034695,0.0002994082652776342,ok,5.714894913433555e-05,0.00011429789826044036,0.015602343226974884,0.0034098621826632904,0.015602343230853648,0.003409588757184239,0.027170795235332675,0.001231168802383107,16432.93580200002
493,493,462,462,3862,3862,3862,1,1.1640314799166163e-05,1.1640314799166163e-05,0.11166499540065157,0.0013629067756748025,0.002763565901632785,0,5716,0.0003738959781361534,0.031132495345877635,5716,0.0003738959781361534,0.03113249539127153,5716,0.0003738959781361534,0.031132495345877635,True,291,3581,-365.2841510354249,-365.2837342665869,True,False,accepted,L-BFGS-B>Newton-CG,True,1.281085667870592e-12,1.4999597118457626e-10,9.540800514529573e-09,1.3491333561432839e-06,1315.1610198528203,9.729831836786804e-15,-4.682906352190125e-16,0.00041676883796526454,1.349133299299865e-06,8.687082413416647e-07,4.804250579582003e-07,1.349133299299865e-06,2.7082665985997302e-08,True,1,train_valid_drop_disagreed,False,11.251492299954407,21.947931899980176,0.00029853955703629254,ok,5.682175813846177e-05,0.00011364351626873993,0.015586397165289844,0.0034063772014709635,0.015586397169183816,0.0034061040554451243,0.027122008759576148,0.001228958179307506,16467.69595340002
494,494,463,463,1575,1575,1575,1,1.4553462250432858e-05,1.4553462250432858e-05,0.058406571320843946,0.0019305549533504955,0.004473020604713136,0,5716,0.00037447065384679557,0.03886409282257672,5716,0.00037447065384679557,0.03886409279742436,5716,0.00037447065384679557,0.03886409282257672,True,292,3580,-365.284151905964,-365.2837346655265,True,False,accepted,L-BFGS-B>Newton-CG,True,8.1016599557045e-13,1.0747064565866692e-10,8.538486352297397e-09,8.70539281550009e-07,1315.1610198528203,9.181931698289353e-15,-4.682906352190125e-16,0.0004172404375140104,8.705391110197525e-07,3.9893956227388117e-07,4.715995487458713e-07,8.705391110197525e-07,1.7510782220395052e-08,True,2,train_valid_drop_disagreed,False,11.301646399952006,159.47742779995315,0.00029814061747401865,ok,5.680246307496747e-05,0.0001136049261417541,0.0154742185577664,0.003381860781986184,0.015474218561790081,0.0033815896018847187,0.027121757287072234,0.0012289467845323881,16640.131169299973
495,495,464,464,3236,3236,3236,1,1.1972797826942383e-05,1.1972797826942383e-05,0.19156467721064108,0.0013855482411448277,0.0024763895517014704,0,5716,0.0003746019385587255,0.03196138779475492,5716,0.0003746019385587255,0.031961387935503426,5716,0.0003746019385587255,0.03196138779475492,True,293,3579,-365.28415271722076,-365.2837334924734,True,False,accepted,L-BFGS-B>Newton-CG,True,1.350095395153125e-12,1.5623936190349245e-10,9.641198854787091e-09,8.112568252727215e-07,1315.1610198528203,1.0957389200457856e-14,-4.682906352190125e-16,0.00041922474736111326,8.112567684293026e-07,-1.1730530786735471e-06,1.9843098471028497e-06,1.1730530786735471e-06,2.3561061573470943e-08,True,3,validation_energy_increased,False,11.175472499977332,85.01625759998569,0.0002993136705526922,ok,5.6304244775482796e-05,0.0001126084895428565,0.015477291120479558,0.003382532284673123,0.015477291124269654,0.003382261050674884,0.02717391382448179,0.0012313101125521538,16737.9841496
496,496,465,465,353,353,353,1,1.1474093489616255e-05,1.1474093489616255e-05,0.0037922384700490143,0.002762692841607437,0.011088636196294757,0,5716,0.00037867900271434804,0.03030031611832357,5716,0.00037867900271434804,0.030300316118428632,5716,0.00037867900271434804,0.03030031611832357,True,294,3578,-365.2841529505345,-365.28373311350674,True,False,accepted,L-BFGS-B>Newton-CG,True,7.659077623520347e-13,1.8441264146022756e-10,5.1532280883098715e-09,2.3331386955760536e-07,1315.1610198528203,1.1425501217604116e-14,-4.682906352190125e-16,0.00041983702777770304,2.3331375587076764e-07,-3.7896666071901564e-07,6.122804165897833e-07,3.7896666071901564e-07,7.679333214380312e-09,True,4,validation_energy_increased,False,11.191025599953718,22.566909199988004,0.0002996926372134112,ok,5.6288797612421843e-05,0.00011257759521673684,0.01546627397660562,0.003380124509013391,0.01546627398040196,0.0033798534680886164,0.02718171125641117,0.0012316634314317454,16773.40714330002
497,497,466,466,3704,3704,3704,1,1.1347407451373082e-05,1.1347407451373082e-05,0.0017953422471637687,0.0030707265466066854,0.013543272672003075,0,5716,0.0003804632294428747,0.02982524084650566,5716,0.0003804632294428747,0.029825240846116693,5716,0.0003804632294428747,0.02982524084650566,True,295,3577,-365.2841531711348,-365.2837331538739,True,False,accepted,L-BFGS-B>Newton-CG,True,9.019739300807377e-13,2.440835315664855e-10,4.69534939244785e-09,2.2060027049519704e-07,1315.1610198528203,1.1724765792923823e-14,-4.682906352190125e-16,0.0004200172608648245,2.2060027049519704e-07,4.036718337374623e-08,1.802330871214508e-07,2.2060027049519704e-07,4.512005409903941e-09,True,5,train_valid_drop_disagreed,False,11.14395150000928,21.546222999983,0.00029965227003003747,ok,5.621816616363414e-05,0.00011243633231917159,0.015593387160808327,0.003407904851582791,0.015593387164477506,0.003407631583010279,0.027185124860044922,0.0012318181093593206,16807.69972569999
498,498,466,466,1595,1595,,1,1.1323152857813795e-05,1.1323152857813795e-05,0.0005420774873608712,0.0064171337186828565,0.03785559914431599,0,5716,0.00038025631812030884,0.02977768499360286,5716,0.00038025631812030884,0.029777684993576546,5716,0.00038025631812030884,0.02977768499360286,True,296,3576,-365.2841531711348,-365.2837331538739,False,True,projected_residual,L-BFGS-B>Newton-CG>trust-krylov,False,3.1852577718016763e-09,1.8051708141855401e-06,2.7645187628622316e-09,1.552392063786101e-07,1315.1610198528203,1.2137223192633384e-14,-4.682906352190125e-16,0.0004200172608648245,,,,,,False,5,none,False,11.191634200047702,47.50204479997046,,,,,,,,,,,16866.95521190003
499,499,466,466,293,293,,1,1.125679187641282e-05,1.125679187641282e-05,0.0005566051610811445,0.006790730505540793,0.039959235046386384,0,5716,0.00038025631812030884,0.029603168547093796,5716,0.00038025631812030884,0.029603168547066665,5716,0.00038025631812030884,0.029603168547093796,True,297,3575,-365.2841531711348,-365.2837331538739,False,True,projected_residual,L-BFGS-B>Newton-CG>trust-krylov,False,3.5547067258173767e-09,2.1443991929646937e-06,2.6576702404475786e-09,1.368499624732067e-07,1315.1610198528203,1.1857378541695377e-14,-4.682906352190125e-16,0.0004200172608648245,,,,,,False,5,none,False,11.436933299992234,134.82545620005112,,,,,,,,,,,17013.79325040002
500,500,467,467,477,477,477,1,1.1247745806367004e-05,1.1247745806367004e-05,0.013200612765644097,0.0013568402574355232,0.0031051482011680348,0,5716,0.00038025631812030884,0.029579379146064167,5716,0.00038025631812030884,0.029579379154560336,5716,0.00038025631812030884,0.029579379146064167,True,298,3574,-365.28415414749696,-365.2837321556358,True,False,accepted,L-BFGS-B>Newton-CG,True,8.703259619525015e-13,1.0498933046775657e-10,9.289661035792478e-09,9.763621164893266e-07,1315.1610198528203,1.0551207891370976e-14,-4.682906352190125e-16,0.0004219918611738649,9.763621733327454e-07,-9.98238135707652e-07,1.9746003090403974e-06,9.98238135707652e-07,2.006476271415304e-08,True,6,validation_energy_increased,False,11.144760900002439,20.44237039994914,0.0003006505081657451,ok,5.6240622843148866e-05,0.0001124812456781978,0.015618466475332098,0.0034133858876629277,0.015618466478993008,0.0034131121795812377,0.027232921300769743,0.0012339838717588265,17047.044069000025
501,501,468,468,2446,2446,2446,1,-1.199999891880743e-05,1.199999891880743e-05,0.01010597293735525,0.0010875258973786727,0.0024986917843525676,0,5716,0.000380542153209645,0.031533954432103335,5716,0.000380542153209645,0.03153395442316184,5716,0.000380542153209645,0.031533954432103335,True,299,3573,-365.28415591209466,-365.28373001030377,True,False,accepted,L-BFGS-B>Newton-CG,True,9.435620872435678e-10,8.551235795751424e-08,1.2034219027293869e-08,1.7645977550273528e-06,1315.1610198528203,1.2363205230213727e-14,-4.682906352190125e-16,0.0004259017908907481,1.764597698183934e-06,-2.145332018699264e-06,3.909929716883198e-06,2.145332018699264e-06,4.300664037398528e-08,True,7,validation_energy_increased,False,11.159042900020722,57.746120399970096,0.0003027958401844444,ok,5.6492098474701484e-05,0.00011298419694126683,0.015591429977676784,0.0034074771129638083,0.015591429981417507,0.003407203878705971,0.027301903724996697,0.001237109617909625,17117.4986357
502,502,469,469,3396,3396,3396,1,1.3941376898224389e-05,1.3941376898224389e-05,0.003991684475816806,0.0016762286644298244,0.0066193589018808605,0,5716,0.00038034641985408454,0.036654418631238424,5716,0.00038034641985408454,0.036654418630780464,5716,0.00038034641985408454,0.036654418631238424,True,300,3572,-365.28415681983665,-365.2837305578527,True,False,accepted,L-BFGS-B>Newton-CG,False,3.4784072355662754e-09,4.1822349930061055e-07,9.317101361791407e-09,9.077420486391929e-07,1315.1610198528203,1.0635055894577916e-14,-4.682906352190125e-16,0.00042626198393236336,9.077419917957741e-07,5.475489501804987e-07,3.6019304161527543e-07,9.077419917957741e-07,1.8254839835915483e-08,True,8,train_valid_drop_disagreed,False,11.222895099956077,123.13391739997314,0.0003022482912342639,ok,5.6415648192000984e-05,0.00011283129637587683,0.01558033039781543,0.0034050513210771615,0.015580330401538924,0.003404778281332325,0.027320546397064927,0.0012379543585969944,17253.495463400002
503,503,470,470,2359,2359,2359,1,1.3750672013701504e-05,1.3750672013701504e-05,0.029881510236396246,0.0010048466106918695,0.002180838003108029,0,5716,0.000380227150711882,0.036164361192925716,5716,0.000380227150711882,0.03616436118376306,5716,0.000380227150711882,0.036164361192925716,True,301,3571,-365.2841592356359,-365.2837279478977,True,False,accepted,L-BFGS-B>Newton-CG,True,5.378804890989771e-10,3.930601487913801e-08,1.4684432032931979e-08,2.415799372101901e-06,1315.1610198528203,1.2521951168869563e-14,-4.682906352190125e-16,0.0004312877381948965,2.4157992584150634e-06,-2.609955004118092e-06,5.025754262533155e-06,2.609955004118092e-06,5.229910008236184e-08,True,9,validation_energy_increased,False,11.215794100018684,46.12630190001801,0.000304858246238382,ok,5.643240078963504e-05,0.00011286480157114253,0.01555169036447348,0.003398792096729751,0.015551690368240908,0.0033985195589024022,0.02742524337235608,0.001242698410015656,17312.438218200026
504,504,471,471,3117,3117,3117,1,1.3337862737921452e-05,1.3337862737921452e-05,0.000839839222897842,0.0022656463008025774,0.012236833289201743,0,5716,0.0003806134864968582,0.035043063924723936,5716,0.0003806134864968582,0.03504306392472553,5716,0.0003806134864968582,0.035043063924723936,True,302,3570,-365.2841600101386,-365.28372649844357,True,False,accepted,L-BFGS-B>Newton-CG,True,9.871404490561048e-13,1.676811642496911e-10,6.887008558612887e-09,7.745026664451871e-07,1315.1610198528203,1.039144254856312e-14,-4.682906352190125e-16,0.0004335116950073825,7.745026664451871e-07,-1.4494541460408072e-06,2.2239568124859943e-06,1.4494541460408072e-06,2.9089082920816147e-08,True,10,validation_energy_increased,False,11.255547299981117,22.47517719998723,0.0003063077003844228,ok,5.633501500011513e-05,0.00011267002999211674,0.015558010448597354,0.0034001733389913617,0.015558010452342053,0.0033999006904014907,0.027441483446068195,0.00124343428365975,17347.83280579999
505,505,472,472,691,691,691,1,1.1176473968664558e-05,1.1176473968664558e-05,0.0016041642088834842,0.002804523940409128,0.013146773836928664,0,5716,0.0003803369368230369,0.02938571799526467,5716,0.0003803369368230369,0.029385717995419884,5716,0.0003803369368230369,0.02938571799526467,True,303,3569,-365.2841603625157,-365.2837268603954,True,False,accepted,L-BFGS-B>Newton-CG,True,1.1239773008855276e-12,2.8204076383738445e-10,4.9851590443627375e-09,3.5237718520875205e-07,1315.1610198528203,1.06807988501032e-14,-4.682906352190125e-16,0.0004335021203019096,3.523771283653332e-07,3.619518338382477e-07,-9.574705472914502e-09,3.619518338382477e-07,7.339036676764954e-09,False,0,none,True,11.31797719997121,22.316912000009324,0.00030594574855058454,ok,5.628977044524987e-05,0.00011257954088239274,0.015739975101542937,0.003439941364834291,0.015739975105153,0.003439665527339717,0.027433494133139804,0.0012430722702278752,17383.103879299975
506,506,473,473,593,593,593,1,-1.1117732338674743e-05,1.1117732338674743e-05,0.038644013390021395,0.00011231120274040533,0.00022095631002951307,0,5716,0.00037964651126474563,0.02928443172475729,5716,0.00037964651126474563,0.029284431723777316,5716,0.00037964651126474563,0.02928443172475729,True,304,3568,-365.2842537771059,-365.2836389884201,True,False,accepted,L-BFGS-B>Newton-CG,True,9.45670789603706e-13,9.553155182443881e-12,9.999041432317498e-08,9.341459019651666e-05,5394.684599941741,1.0914677669971676e-14,-4.682906352190125e-16,0.0006147886858229867,9.341459019651666e-05,-8.787197532456048e-05,0.00018128656552107714,9.341459019651666e-05,1.8683918039303331e-06,True,1,validation_energy_increased,False,11.339321999985259,48.360803699993994,0.000393817723875145,ok,6.156564388156591e-05,0.00012313128775426498,0.015602957272826493,0.00340999638120625,0.015602957278257805,0.003409722945305511,0.031244737667442825,0.001415768140815292,17444.4669346
507,507,474,474,2836,2836,2836,1,-3.8745227112446656e-05,3.8745227112446656e-05,0.025251916838615673,0.001423495628681109,0.0039100598559537155,0,5716,0.00038255160870713316,0.10128104608784567,5716,0.00038255160870713316,0.10128104608586577,5716,0.00038255160870713316,0.10128104608784567,True,305,3567,-365.28426837898496,-365.28362430058996,True,False,accepted,L-BFGS-B>Newton-CG,True,8.375984217816272e-13,3.077327919441207e-11,2.821836748336269e-08,1.4601879115616612e-05,5394.684599941741,1.041139536254776e-14,-4.682906352190125e-16,0.0006440783949983597,1.4601879058773193e-05,-1.4687830116599798e-05,2.928970917537299e-05,1.4687830116599798e-05,2.9385660233199596e-07,True,2,validation_energy_increased,False,11.405818399973214,24.1907865999965,0.0004085055539917448,ok,6.188031789136953e-05,0.0001237606357738269,0.015748912273801662,0.0034418945666874774,0.015748912279481712,0.0034416185730240293,0.031761129704711594,0.001439167005683907,17481.69500670003
508,508,475,475,17,17,17,1,2.954208643357603e-05,2.954208643357603e-05,0.04183499489897083,0.0007901595870815174,0.0018458996675554606,0,5716,0.0003814360675369819,0.0774496408384658,5716,0.0003814360675369819,0.0774496408631585,5716,0.0003814360675369819,0.0774496408384658,True,306,3566,-365.2842824587224,-365.28360773101696,True,False,accepted,L-BFGS-B>Newton-CG,True,7.058689769748074e-13,1.8879815418884482e-11,3.838749353813936e-08,1.407973735467749e-05,5394.684599941741,1.1355690032640838e-14,-4.682906352190125e-16,0.0006747277054159895,1.407973741152091e-05,-1.656957300610884e-05,3.064931041762975e-05,1.656957300610884e-05,3.314914601221768e-07,True,3,validation_energy_increased,False,11.334505899983924,24.49482550000539,0.00042507512699785366,ok,6.263604769699195e-05,0.0001252720953849629,0.01554780475761504,0.0033979429048045036,0.015547804763767296,0.0033976704355923922,0.03238896326377169,0.0014676155322842174,17519.185538199992
509,509,476,476,603,603,603,1,2.895496924470997e-05,2.895496924470997e-05,0.09066124764869536,0.0012088320431434616,0.0021730930630550213,0,5716,0.00038229998943140113,0.07573887011552108,5716,0.00038229998943140113,0.07573887011494057,5716,0.00038229998943140113,0.07573887011552108,True,307,3565,-365.2842902714447,-365.28359906678804,True,False,accepted,L-BFGS-B>Newton-CG,True,9.081154116547886e-13,3.7912629133700983e-11,2.495284717533752e-08,7.81272234462449e-06,5394.684599941741,1.0906006805448871e-14,-4.682906352190125e-16,0.0006912046566753816,7.81272234462449e-06,-8.664228914767591e-06,1.647695125939208e-05,8.664228914767591e-06,1.7338457829535183e-07,True,4,validation_energy_increased,False,11.21902499999851,23.97911539999768,0.00043373935591262125,ok,6.184257213560762e-05,0.0001236851442623085,0.015734312224681413,0.0034387037539591624,0.015734312229810705,0.003438428016036784,0.03272054004447339,0.0014826400092808898,17555.945549300028
510,510,477,477,1015,1015,1015,1,-2.2797196154944466e-05,2.2797196154944466e-05,0.009932752250835125,0.001636305231222855,0.005152991843240412,0,5716,0.00038388158643998135,0.05938601110399635,5716,0.00038388158643998135,0.05938601110091685,5716,0.00038388158643998135,0.05938601110399635,True,308,3564,-365.28429192004677,-365.28359704680014,True,False,accepted,L-BFGS-B>Newton-CG,True,7.975826179660546e-10,5.7247768644465385e-08,1.4932117126160924e-08,1.6486021081618674e-06,5394.684599941741,9.961375545638378e-15,-4.682906352190125e-16,0.0006948732466298679,1.6486020513184485e-06,-2.01998790316793e-06,3.6685899544863787e-06,2.01998790316793e-06,4.049975806335861e-08,True,5,validation_energy_increased,False,11.152283300005365,58.04250189999584,0.0004357593438157892,ok,6.183816517751958e-05,0.00012367633034613307,0.01574941758745477,0.0034420050020170334,0.015749417592569624,0.003441728999374604,0.03278371734960554,0.001485502712651316,17626.818302799977
511,511,478,478,2578,2578,2578,1,1.8709141702655252e-05,1.8709141702655252e-05,0.005470748738013285,0.0018962915587168827,0.006372897222057484,0,5716,0.00038380491959423275,0.04874648746669266,5716,0.00038380491959423275,0.04874648746564622,5716,0.00038380491959423275,0.04874648746669266,True,309,3563,-365.28429374382785,-365.2835942597652,True,False,accepted,L-BFGS-B>Newton-CG,True,7.994289154528679e-13,8.102723451762791e-11,1.0866175492870214e-08,1.823781133225566e-06,5394.684599941741,1.1286877076005898e-14,-4.682906352190125e-16,0.000699484062636202,1.8237810763821471e-06,-2.787034929951915e-06,4.610816006334062e-06,2.787034929951915e-06,5.58406985990383e-08,True,6,validation_energy_increased,False,11.312605100043584,24.17067780002253,0.0004385463787457411,ok,6.21061251548912e-05,0.0001242122503008377,0.015558340226226406,0.0034002454112595864,0.015558340231602755,0.0033999727572470283,0.032896434635107705,0.0014906101820572578,17663.920820699976
512,512,479,479,1929,1929,1929,1,-1.93652025872737e-05,1.93652025872737e-05,0.014411105831849876,0.0015804731572883444,0.004854648357852945,0,5716,0.0003846247301549286,0.05034830334355596,5716,0.0003846247301549286,0.050348303345244476,5716,0.0003846247301549286,0.05034830334355596,True,310,3562,-365.28429532740796,-365.28359305214053,True,False,accepted,L-BFGS-B>Newton-CG,True,8.363934679932412e-13,6.82614818811366e-11,1.3252788028388387e-08,1.583580171882204e-06,5394.684599941741,1.2265890250178391e-14,-4.682906352190125e-16,0.0007022752674288313,1.5835801150387852e-06,-1.207624677590502e-06,2.791204792629287e-06,1.5835801150387852e-06,3.17716023007757e-08,True,7,validation_energy_increased,False,11.307704799983185,45.56539260002319,0.0004397540034233316,ok,6.231208552159718e-05,0.00012462417103422,0.015552340588081746,0.0033989342018520296,0.015552340593490737,0.003398661652988441,0.03292920301577963,0.0014920949898311366,17722.4706876
513,513,480,480,820,820,820,1,2.035171151537618e-05,2.035171151537618e-05,0.017564496196628337,0.0014542928065346742,0.004159931503601786,0,5716,0.0003850861736597447,0.052849759112251565,5716,0.0003850861736597447,0.05284975911191757,5716,0.0003850861736597447,0.052849759112251565,True,311,3561,-365.28429731189067,-365.28359204314927,True,False,accepted,L-BFGS-B>Newton-CG,True,1.1229919374849229e-12,8.02467689940921e-11,1.4994232435297166e-08,1.9844827079396055e-06,5394.684599941741,1.1156422143667475e-14,-4.682906352190125e-16,0.0007052687413988679,1.9844827079396055e-06,-1.0089912620969699e-06,2.9934739700365753e-06,1.9844827079396055e-06,3.978965415879211e-08,True,8,validation_energy_increased,False,11.18430929997703,22.8453906000359,0.00044076299468542857,ok,6.209979155996826e-05,0.00012419958311099275,0.015585361852528196,0.0034061509358529205,0.015585361857849964,0.0034058778082826395,0.0329458234206788,0.0014928480971221675,17758.266937700013
514,514,481,481,1729,1729,1729,1,1.7850942126251823e-05,1.7850942126251823e-05,0.36867147643774306,0.0009188437915766914,0.0014625069405571692,0,5716,0.0003849798975496058,0.04636850453717957,5716,0.0003849798975496058,0.04636850450297654,5716,0.0003849798975496058,0.04636850453717957,True,312,3560,-365.2843035480299,-365.2835862931142,True,False,accepted,L-BFGS-B>Newton-CG,True,7.454666646951263e-13,3.837149920840896e-11,2.042761372565188e-08,6.236139256543538e-06,5394.684599941741,1.0225274166069612e-14,-4.682906352190125e-16,0.0007172549157417052,6.236139256543538e-06,-5.750035086293792e-06,1.198617434283733e-05,6.236139256543538e-06,1.2482278513087077e-07,True,9,validation_energy_increased,False,11.281653899990488,24.883270399994217,0.00044651302977172236,ok,6.269159727795221e-05,0.00012538319454687542,0.015368112580651924,0.003358671524228307,0.015368112586123186,0.0033584022039182073,0.03318430816300152,0.001503654368048323,17796.122285700025
515,515,482,482,419,419,419,1,1.6901256299883816e-05,1.6901256299883816e-05,0.011770509408231948,0.0006527897413886003,0.0016296562697978812,0,5716,0.00038550316885496965,0.04384206840655633,5716,0.00038550316885496965,0.04384206840230183,5716,0.00038550316885496965,0.04384206840655633,True,313,3559,-365.28431393726737,-365.2835758721229,True,False,accepted,L-BFGS-B>Newton-CG,True,6.402554429096001e-13,2.472906033750418e-11,2.689081162694186e-08,1.0389237445451727e-05,5394.684599941741,1.1832453326672998e-14,-4.682906352190125e-16,0.0007380651444464092,1.0389237445451727e-05,-1.0420991259252332e-05,2.081022870470406e-05,1.0420991259252332e-05,2.0851982518504665e-07,True,10,validation_energy_increased,False,11.429109899967443,48.846236799960025,0.0004569340210309747,ok,6.25574876709377e-05,0.0001251149753328657,0.015373592402345065,0.0033598691287475358,0.015373592407860712,0.0033595997124149244,0.03352420398031976,0.0015190557989861466,17858.0298243
516,516,483,483,334,334,334,1,1.6244206960669416e-05,1.6244206960669416e-05,0.034044853685572266,0.002957534444083633,0.007000608005711358,0,5716,0.0003857090304018228,0.042115184453282245,5716,0.0003857090304018228,0.042115184450430235,5716,0.0003857090304018228,0.042115184453282245,True,314,3558,-365.2843143837253,-365.2835762831319,True,False,accepted,L-BFGS-B>Newton-CG,True,9.309445888628133e-13,1.6949431158010809e-10,6.492482787086461e-09,4.464579888008302e-07,5394.684599941741,1.0570568841083722e-14,-4.682906352190125e-16,0.0007381005934234963,4.4645793195741135e-07,4.1100895487033995e-07,3.54489770870714e-08,4.4645793195741135e-07,9.029158639148227e-09,True,11,train_valid_drop_disagreed,False,11.33112039999105,300.6648947999929,0.00045652301207610435,ok,6.233388084460345e-05,0.0001246677616802294,0.015321981765780812,0.0033485897231298354,0.015321981771268865,0.003348321211251926,0.03352116837730503,0.001518918249102318,18171.743029199977
517,517,484,484,1739,1739,1739,1,-1.5868921543926717e-05,1.5868921543926717e-05,0.05377325627406169,0.0014453985660952018,0.003400976639544924,0,5716,0.0003835037912368889,0.04137878661576136,5716,0.0003835037912368889,0.04137878656388655,5716,0.0003835037912368889,0.04137878661576136,True,315,3557,-365.2843160571066,-365.2835738134307,True,False,accepted,L-BFGS-B>Newton-CG,False,2.9337150755959094e-09,2.6721334168129895e-07,1.1978924394781546e-08,1.6733814618419274e-06,5394.684599941741,1.1317674770451591e-14,-4.682906352190125e-16,0.0007422436759156881,1.6733812913116708e-06,-2.469701200880081e-06,4.143082492191752e-06,2.469701200880081e-06,4.949402401760162e-08,True,12,validation_energy_increased,False,11.029742299986538,102.63618100003805,0.00045899271327698443,ok,6.189883458314579e-05,0.00012379766915737676,0.015307783908344653,0.0033454868086225643,0.015307783913718268,0.0033452185455327865,0.03360671198226063,0.001522794418966046,18287.027322799986
518,518,485,485,1259,1259,1259,1,1.5596047236952188e-05,1.5596047236952188e-05,0.00012450402105660814,0.04025542575235456,0.31987124193957384,0,5716,0.0003824958897670407,0.04077441785440091,5716,0.0003824958897670407,0.04077441785440122,5716,0.0003824958897670407,0.04077441785440091,True,316,3556,-365.2843161040966,-365.2835737192663,True,False,accepted,L-BFGS-B>Newton-CG,True,1.0691476169604256e-12,2.759598888443919e-09,1.3874286300946062e-09,4.6990180635475554e-08,5394.684599941741,1.1248774145906611e-14,-4.682906352190125e-16,0.0007423848302892111,4.699001010521897e-08,-9.416436341780354e-08,1.4115437352302251e-07,9.416436341780354e-08,1.983287268356071e-09,True,13,validation_energy_increased,False,11.274899400013965,20.735259599983692,0.00045908687764040224,ok,6.188570978147133e-05,0.00012377141955402973,0.015307343315395606,0.003345390517878729,0.015307343320767901,0.00334512226250992,0.03360740186432817,0.0015228256790477447,18320.660246500018
519,519,486,486,3912,3912,3912,1,-1.5648750551332507e-05,1.5648750551332507e-05,0.00010329883562064566,0.02971158915344981,0.22953804315769602,0,5716,0.0003824911949756961,0.040912707944366786,5716,0.0003824911949756961,0.04091270794436675,5716,0.0003824911949756961,0.040912707944366786,True,317,3555,-365.2843161680965,-365.28357366371887,True,False,accepted,L-BFGS-B>Newton-CG,True,1.125747370352638e-12,2.1374066413109207e-09,1.5266884403719226e-09,6.399989160854602e-08,5394.684599941741,1.0485323021755576e-14,-4.682906352190125e-16,0.0007425043776265738,6.399989160854602e-08,-5.554744575420045e-08,1.1954733736274648e-07,6.399989160854602e-08,1.3799978321709205e-09,True,14,validation_energy_increased,False,11.133348100003786,21.42776380002033,0.00045914242508615644,ok,6.185880701406468e-05,0.0001237176140192203,0.015305932482012839,0.003345082182949292,0.01530593248737658,0.0033448139523030405,0.03360942228848186,0.0015229172289329823,18354.70906719999
520,520,487,487,1913,1913,1913,1,-1.521880402899356e-05,1.521880402899356e-05,0.10604514147684624,0.0009713518467497287,0.0018402014445285434,0,5716,0.0003824741298015677,0.03979041415661044,5716,0.0003824741298015677,0.03979041413912419,5716,0.0003824741298015677,0.03979041415661044,True,318,3554,-365.28431918223407,-365.28357026184375,True,False,accepted,L-BFGS-B>Newton-CG,True,1.0543953267248038e-12,6.729759131080426e-11,1.666765327239173e-08,3.0141375759740185e-06,5394.684599941741,1.3268115938753914e-14,-4.682906352190125e-16,0.0007489203903219277,3.0141375759740185e-06,-3.401875119379838e-06,6.4160126953538565e-06,3.401875119379838e-06,6.813750238759676e-08,True,15,validation_energy_increased,False,11.140566299960483,65.01166459999513,0.0004625443002055363,ok,6.202072788381855e-05,0.0001240414557587047,0.015305001421367688,0.0033448787014313253,0.015305001426645098,0.0033446104870827626,0.03372679605257724,0.00152823569367871,18432.41595329999
521,521,488,488,3136,3136,3136,1,1.785637885109992e-05,1.785637885109992e-05,0.12701144247007257,0.0009254731747042777,0.0017978772829312804,0,5716,0.00038381510544525823,0.04652338742735255,5716,0.00038381510544525823,0.0465233874837304,5716,0.00038381510544525823,0.04652338742735255,True,319,3553,-365.2843250161438,-365.28356275219613,True,False,accepted,L-BFGS-B>Newton-CG,True,8.760669832238599e-13,4.540542693218449e-11,2.0294323221149625e-08,5.833909824559669e-06,5394.684599941741,1.204634502772247e-14,-4.682906352190125e-16,0.0007622639476494442,5.833909710872831e-06,-7.509647616643633e-06,1.3343557327516464e-05,7.509647616643633e-06,1.5029295233287266e-07,True,16,validation_energy_increased,False,11.186400400009006,24.942491299996618,0.0004700539478221799,ok,6.385458046159858e-05,0.00012770916091400065,0.015274531672641365,0.0033382195962965585,0.015274531679311042,0.0033379519162253417,0.03402609095020517,0.0015417974071832447,18470.11148370002
522,522,489,489,3276,3276,3276,1,-1.5451893646378778e-05,1.5451893646378778e-05,0.065327194586238,0.0007817514199214099,0.0017625625327770931,0,5716,0.00038403211293897845,0.040235941541779445,5716,0.00038403211293897845,0.040235941512160735,5716,0.00038403211293897845,0.040235941541779445,True,320,3552,-365.2843319344987,-365.28355991397154,True,False,accepted,L-BFGS-B>Newton-CG,True,8.104883792727882e-13,4.10047116180773e-11,2.076573782110144e-08,6.918354984009056e-06,5394.684599941741,1.1627632077939199e-14,-4.682906352190125e-16,0.0007720205271652958,6.9183549271656375e-06,-2.838224588685989e-06,9.756579515851627e-06,6.9183549271656375e-06,1.3846709854331277e-07,True,17,validation_energy_increased,False,11.427932099963073,26.826282599999104,0.0004728921724108659,ok,6.527458452258428e-05,0.00013054916903576755,0.015382666447739954,0.00336185224396207,0.01538266645635757,0.003361582669287444,0.03415009601154317,0.0015474163506677698,18509.975057199976
523,523,490,490,3465,3465,3465,1,-1.4013240872579047e-05,1.4013240872579047e-05,0.33943139736401373,0.0011820829930694068,0.0019132350662119223,0,5716,0.0003837718858196318,0.036514506117743865,5716,0.0003837718858196318,0.036514506180595284,5716,0.0003837718858196318,0.036514506117743865,True,321,3551,-365.2843343083236,-365.28355894742964,True,False,accepted,L-BFGS-B>Newton-CG,True,9.56595567339851e-13,8.069335150049285e-11,1.2854701156315317e-08,2.3738249979032844e-06,5394.684599941741,1.2977093841043939e-14,-4.682906352190125e-16,0.0007753608939538026,2.3738248842164467e-06,-9.665419042903522e-07,3.340366788506799e-06,2.3738248842164467e-06,4.7576497684328934e-08,True,18,validation_energy_increased,False,11.159044900035951,27.895499999984168,0.00047385871431515625,ok,6.622206937174852e-05,0.00013244413873395955,0.015349778781237805,0.003354664707535629,0.015349778790679993,0.0033543957093875648,0.034203882762583994,0.0015498535472713091,18550.628462300025
524,524,491,491,344,344,344,1,-1.528926921545888e-05,1.528926921545888e-05,0.00022195142183916705,0.010617340457247191,0.06621442835768009,0,5716,0.0003846231164917455,0.039751300844620474,5716,0.0003846231164917455,0.03975130084464676,5716,0.0003846231164917455,0.039751300844620474,True,322,3550,-365.2843343994146,-365.28355890932613,True,False,accepted,L-BFGS-B>Newton-CG,True,8.134054899390364e-13,5.648538796520165e-10,2.440028154609016e-09,9.109112397709396e-08,5394.684599941741,1.1831774218007537e-14,-4.682906352190125e-16,0.0007754900884719973,9.109101029025624e-08,-3.810350790445227e-08,1.291945181947085e-07,9.109101029025624e-08,1.9218202058051245e-09,True,19,validation_energy_increased,False,11.316313299990725,25.476371400000062,0.0004738968178230607,ok,6.618699582611015e-05,0.0001323739916426879,0.0153495679903529,0.003354618639592088,0.015349567999786906,0.0033543496451362816,0.03420587042083201,0.0015499436124609201,18589.03647620001
525,525,492,492,3619,3619,3619,1,1.4162854290900029e-05,1.4162854290900029e-05,0.009000449033439927,0.0006542016286660035,0.0016523423026199471,0,3741,0.0003395249584840275,0.041713735432402095,3741,0.0003395249584840275,0.04171373543257999,3741,0.0003395249584840275,0.041713735432402095,True,323,3549,-365.28434085478546,-365.2835517960076,True,False,accepted,L-BFGS-B>Newton-CG,True,7.209964349700094e-13,3.3303812381111816e-11,2.264906608046233e-08,6.4553708511994046e-06,5394.684599941741,1.1760725094391846e-14,-4.682906352190125e-16,0.0007890587778547342,6.4553708511994046e-06,-7.113318531537516e-06,1.356868938273692e-05,7.113318531537516e-06,1.4236637063075032e-07,True,20,validation_energy_increased,False,11.33525019994704,40.014979999978095,0.0004810101363545982,ok,6.634684017844585e-05,0.00013269368034733625,0.015593303839666315,0.0034078866419070372,0.015593303848690131,0.0034076133759648546,0.034480533510111884,0.001562389204272227,18641.887285099976
526,526,493,493,1868,1868,1868,1,1.5891619785379785e-05,1.5891619785379785e-05,0.002732791182418936,0.0025187460134766864,0.010256593833415244,0,3741,0.0003388338996756123,0.046900914579662376,3741,0.0003388338996756123,0.046900914579416676,3741,0.0003388338996756123,0.046900914579662376,True,324,3548,-365.28434151825195,-365.2835511318916,True,False,accepted,L-BFGS-B>Newton-CG,True,8.608361652630704e-13,1.364384302608377e-10,7.309337945455377e-09,6.634666078753071e-07,5394.684599941741,1.0420664126452209e-14,-4.682906352190125e-16,0.0007903863603360151,6.634664941884694e-07,-6.64115987092373e-07,1.3275824812808423e-06,6.64115987092373e-07,1.3382319741847459e-08,True,21,validation_energy_increased,False,11.287708200048655,23.983758300018962,0.0004816742523416906,ok,6.644306358548491e-05,0.00013288612716140052,0.01558140657673897,0.0034052865179164935,0.015581406585865404,0.0034050134604926554,0.03452406123122792,0.0015643615415488043,18678.765097300027
527,527,494,494,360,360,360,1,-1.4301545125050552e-05,1.4301545125050552e-05,0.19244966737816546,0.0010751916536409732,0.0018910026825201436,0,3741,0.00033462902413276824,0.042738507701520344,3741,0.00033462902413276824,0.04273850781818492,3741,0.00033462902413276824,0.042738507701520344,True,325,3547,-365.2843434767628,-365.28355259723173,True,False,accepted,L-BFGS-B>Newton-CG,True,9.721409468240744e-13,7.308565687291048e-11,1.4301391660398454e-08,1.9585108930186834e-06,5394.684599941741,1.110099251935739e-14,-4.682906352190125e-16,0.0007908795310527239,1.9585108361752646e-06,1.4653401194664184e-06,4.931707167088462e-07,1.9585108361752646e-06,3.927021672350529e-08,True,22,train_valid_drop_disagreed,False,11.399682599992957,25.670174500031862,0.00048020891222222417,ok,6.696650269901144e-05,0.0001339330053883782,0.015609313025781633,0.0034113854188225112,0.01560931303539156,0.0034111118724522867,0.03446879619532438,0.0015618573605898846,18717.435359200026
528,528,495,495,265,265,265,1,1.384142961513568e-05,1.384142961513568e-05,0.011340877619771936,0.0012017475109580358,0.0037084309959536776,0,3741,0.00033392482631482514,0.04145073538822761,3741,0.00033392482631482514,0.041450735392917853,3741,0.00033392482631482514,0.04145073538822761,True,326,3546,-365.284344750241,-365.28354868115525,True,False,accepted,L-BFGS-B>Newton-CG,True,9.121394028627245e-13,7.919422262884197e-11,1.2517751833206704e-08,1.2734782899315178e-06,5394.684599941741,1.1236935801677548e-14,-4.682906352190125e-16,0.0007960690857657937,1.273478233088099e-06,-3.916076479981712e-06,5.1895547130698105e-06,3.916076479981712e-06,7.842152959963422e-08,True,23,validation_energy_increased,False,11.329417100001592,24.244541199994273,0.0004841249887022059,ok,6.692736767108496e-05,0.00013385473533253088,0.015610210670472215,0.003411581597347708,0.015610210680177468,0.0034113080352673646,0.034497129989118115,0.0015631412274281524,18754.665137600008
529,529,496,496,3682,3682,3682,1,1.2832630408965429e-05,1.2832630408965429e-05,0.13022847895560402,0.0007439229633021435,0.0014664178603232946,0,3741,0.00033454481042166065,0.038358479968023315,3741,0.00033454481042166065,0.038358480117517864,3741,0.00033454481042166065,0.038358479968023315,True,327,3545,-365.28434992692576,-365.2835477616025,True,False,accepted,L-BFGS-B>Newton-CG,True,7.904046881627709e-13,4.582070721074043e-11,1.8249945194593134e-08,5.176684737762116e-06,5394.684599941741,1.191724153645139e-14,-4.682906352190125e-16,0.0008021653232503922,5.176684737762116e-06,-9.195527468364162e-07,6.096237484598532e-06,5.176684737762116e-06,1.0363369475524232e-07,True,24,validation_energy_increased,False,11.392025999957696,38.265631999995094,0.0004850445414490423,ok,6.565927891825743e-05,0.00013131855782705845,0.015627248115051395,0.003415305098177976,0.01562724812413627,0.0034150312373860195,0.034533011235195366,0.0015647670860155925,18805.93332480002
530,530,497,497,356,356,356,1,-1.488121263754083e-05,1.488121263754083e-05,0.0021577355813095483,0.00235563966391424,0.010197968069382547,0,3741,0.00033623809740099454,0.04425796110722584,3741,0.00033623809740099454,0.04425796110726877,3741,0.00033623809740099454,0.04425796110722584,True,328,3544,-365.284350645003,-365.2835464399047,True,False,accepted,L-BFGS-B>Newton-CG,True,7.168037175815791e-13,1.1346731684725117e-10,7.3172703602970954e-09,7.180772172432626e-07,5394.684599941741,1.1868767323187685e-14,-4.682906352190125e-16,0.0008042050982908222,7.180772172432626e-07,-1.321697823186696e-06,2.0397750404299586e-06,1.321697823186696e-06,2.6533956463733923e-08,True,25,validation_energy_increased,False,11.219767900009174,48.508424300001934,0.000486366239272229,ok,6.57447477389806e-05,0.00013148949546849247,0.0156251942501838,0.0034148562299510417,0.015625194259381178,0.0034145824051770284,0.03457415075364373,0.0015666312085493646,18867.33715429998
531,531,498,498,3630,3630,3630,1,1.2929978337794523e-05,1.2929978337794523e-05,0.045248627166175816,0.0010788862956959138,0.0026083793662320704,0,3741,0.00033712674362027423,0.038353463741690935,3741,0.00033712674362027423,0.03835346375060188,3741,0.00033712674362027423,0.038353463741690935,True,329,3543,-365.2843528355801,-365.28354328471505,True,False,accepted,L-BFGS-B>Newton-CG,False,7.616255688851391e-09,6.3550561828505e-07,1.2984560749288595e-08,2.1905771632191318e-06,5394.684599941741,1.2116902236954043e-14,-4.682906352190125e-16,0.000809550865028541,2.190577106375713e-06,-3.1551896313430916e-06,5.3457667377188045e-06,3.1551896313430916e-06,6.320379262686182e-08,True,26,validation_energy_increased,False,11.197253899998032,97.75350920000346,0.0004895214289035721,ok,6.557228673077611e-05,0.00013114457345210834,0.015606475636530422,0.0034107653128445533,0.015606475645940192,0.0034104918161549733,0.034700959197904675,0.0015723771795119587,18977.939566799992
532,532,499,499,1421,1421,1421,1,-1.4852253887198685e-05,1.4852253887198685e-05,0.03426111993189719,0.0009447342349317787,0.002295311723549117,0,3741,0.0003375731627648726,0.04399714054740666,3741,0.0003375731627648726,0.04399714054718398,3741,0.0003375731627648726,0.04399714054740666,True,330,3542,-365.28435625756583,-365.2835391515119,True,False,accepted,L-BFGS-B>Newton-CG,True,1.3190818083975157e-12,8.390722598704592e-11,1.6720717648336545e-08,3.421985866225441e-06,5394.684599941741,1.2913556417362736e-14,-4.682906352190125e-16,0.0008171060539439168,3.4219857525386033e-06,-4.133203162837162e-06,7.555188915375766e-06,4.133203162837162e-06,8.276406325674325e-08,True,27,validation_energy_increased,False,11.185632399981841,52.77670320001198,0.0004936546320664092,ok,6.5555345005824e-05,0.00013111069000220656,0.015462858817330888,0.0033793781325051142,0.01546285882687424,0.003379107152685867,0.034842502229630604,0.0015787908072084009,19043.516872699984
533,533,500,500,3811,3811,3811,1,1.4024747683305527e-05,1.4024747683305527e-05,0.009663606245235453,0.0012687590596417236,0.004158352136077065,0,3741,0.00033815350966352655,0.04147449984257326,3741,0.00033815350966352655,0.041474499841283506,3741,0.00033815350966352655,0.04147449984257326,True,331,3541,-365.28435745135386,-365.28353657612007,True,False,accepted,L-BFGS-B>Newton-CG,False,2.0385489417619208e-09,1.8441882216264205e-07,1.2053909345349199e-08,1.1937880799450795e-06,5394.684599941741,1.1076550324873183e-14,-4.682906352190125e-16,0.0008208752337850456,1.1937880231016607e-06,-2.5753918180271285e-06,3.769179841128789e-06,2.5753918180271285e-06,5.1607836360542574e-08,True,28,validation_energy_increased,False,11.081580500002019,132.51173249998828,0.0004962300238844364,ok,6.548332788875083e-05,0.0001309666557680706,0.015473871212369114,0.0033817848703159114,0.01547387122188159,0.003381513697501038,0.0348811100505849,0.0015805402129315394,19188.70178829998
534,534,501,501,171,171,171,1,1.2120671393861526e-05,1.2120671393861526e-05,0.002035323458508413,0.0029109774993314884,0.012573812965986529,0,3741,0.00033972229404064414,0.035678174810662905,3741,0.00033972229404064414,0.035678174810896884,3741,0.00033972229404064414,0.035678174810662905,True,332,3540,-365.2843577814724,-365.28353710215856,True,False,accepted,L-BFGS-B>Newton-CG,True,8.902766362447592e-10,2.1381468297020207e-07,5.163776892575853e-09,3.3011860978149343e-07,5394.684599941741,1.1020332748163915e-14,-4.682906352190125e-16,0.0008206793138469948,3.3011855293807457e-07,5.260384909888671e-07,-1.9591993805079255e-07,5.260384909888671e-07,1.0620769819777342e-08,False,0,none,True,11.169722699967679,35.78547240002081,0.0004957039853934475,ok,6.543197839847982e-05,0.00013086395678753597,0.015710254541127552,0.0034334459933677303,0.015710254550194643,0.003433170677909479,0.0348740431776545,0.0015802199972953406,19237.288151000015
535,535,502,502,956,956,956,1,1.2565826319588247e-05,1.2565826319588247e-05,0.0018057025011486414,0.0033915459248931943,0.0158011067338523,0,3741,0.0003399881582794634,0.03695959995541784,3741,0.0003399881582794634,0.036959599955458944,3741,0.0003399881582794634,0.03695959995541784,True,333,3539,-365.2843580496557,-365.2835369911981,True,False,accepted,L-BFGS-B>Newton-CG,True,6.255922177131687e-13,1.6884878371305527e-10,4.70504426479205e-09,2.681833848328097e-07,5394.684599941741,1.1110501946497977e-14,-4.682906352190125e-16,0.0008210584575749635,2.6818327114597196e-07,-1.109604568227951e-07,3.7914372796876705e-07,2.6818327114597196e-07,5.4636654229194396e-09,True,1,validation_energy_increased,False,11.088126499962527,23.71071839996148,0.0004958149458502703,ok,6.55220089538731e-05,0.00013104401789830954,0.016287761647924632,0.0035596590637405234,0.016287761656102066,0.003559373627451195,0.03488300987560912,0.0015806262982035954,19273.71059340003
536,536,503,503,953,953,953,1,1.1857657582936554e-05,1.1857657582936554e-05,0.007546865278078865,0.001982354420825244,0.006917322619121292,0,3741,0.0003435399201567518,0.034516098092839086,3741,0.0003435399201567518,0.0345160980859402,3741,0.0003435399201567518,0.034516098092839086,True,334,3538,-365.2843584722183,-365.2835361587464,True,False,accepted,L-BFGS-B>Newton-CG,True,7.842287609176055e-10,1.31106783483341e-07,6.98160324036363e-09,4.225626071274746e-07,5394.684599941741,1.0479776650016955e-14,-4.682906352190125e-16,0.0008223134718718939,4.225626071274746e-07,-8.324516898028378e-07,1.2550142969303124e-06,8.324516898028378e-07,1.6749033796056758e-08,True,2,validation_energy_increased,False,11.240382499992847,167.67212549998658,0.0004966473975400731,ok,6.564844011312543e-05,0.000131296880216796,0.016269514763490287,0.003555671242149948,0.016269514771709438,0.0035553861256408443,0.03490944905255403,0.0015818243157637488,19454.312002700026
537,537,504,504,3152,3152,3152,1,-1.186790288665307e-05,1.186790288665307e-05,0.39212498068608254,0.0010333793167792552,0.0016188419844501874,0,3741,0.00034494354784520275,0.03440534823970363,3741,0.00034494354784520275,0.03440534826163948,3741,0.00034494354784520275,0.03440534823970363,True,335,3537,-365.2843606739079,-365.2835363643034,True,False,accepted,L-BFGS-B>Newton-CG,True,9.065978586245276e-13,7.894071114352403e-11,1.2484541315775835e-08,2.2016897105459066e-06,5394.684599941741,1.0343528435835785e-14,-4.682906352190125e-16,0.0008243096044679987,2.201689596859069e-06,2.0555700075419736e-07,1.9961325961048715e-06,2.201689596859069e-06,4.413379193718138e-08,True,3,train_valid_drop_disagreed,False,11.169526399986353,25.15186659997562,0.000496441840539319,ok,6.684179173437491e-05,0.00013368358345912308,0.016287330906070967,0.0035595649259346864,0.016287330914733982,0.0035592794973000924,0.03491208626324607,0.001581943813610655,19492.267454099987
538,538,505,505,1077,1077,1077,1,-1.3784443862352447e-05,1.3784443862352447e-05,0.13125911237206722,0.0017392853877351527,0.0030328540768594357,0,3741,0.00035137457308725105,0.03923005509829416,3741,0.00035137457308725105,0.039230055094780926,3741,0.00035137457308725105,0.03923005509829416,True,336,3536,-365.28436150290116,-365.2835362774214,True,False,accepted,L-BFGS-B>Newton-CG,True,9.059399937049798e-13,1.1430915912940875e-10,8.925349119919344e-09,8.289932225125085e-07,5394.684599941741,1.3032027104046932e-14,-4.682906352190125e-16,0.0008252254797866954,8.289932793559274e-07,-8.68820393407077e-08,9.158753186966351e-07,8.289932793559274e-07,1.667986558711855e-08,True,4,validation_energy_increased,False,11.136207600007765,24.519891200005077,0.0004965287225786597,ok,6.695584370772139e-05,0.0001339116874057996,0.016303708916428142,0.0035631443086807115,0.016303708925186833,0.0035628585930473685,0.03491944125134059,0.0015822770843819166,19529.5795279
539,539,506,506,310,310,310,1,-1.160759530480053e-05,1.160759530480053e-05,0.0005387268775119202,0.006108645408746632,0.03442251817880204,0,3741,0.0003592604224464772,0.032309696753557195,3741,0.0003592604224464772,0.03230969675353901,3741,0.0003592604224464772,0.032309696753557195,True,337,3535,-365.28436166712936,-365.2835362136983,True,False,accepted,L-BFGS-B>Newton-CG,True,8.817825945168358e-13,4.6404936229904957e-10,2.9001913722027363e-09,1.6422819726358284e-07,5394.684599941741,1.078254095371648e-14,-4.682906352190125e-16,0.0008254534310481176,1.6422819726358284e-07,-6.372306415869389e-08,2.2795126142227673e-07,1.6422819726358284e-07,3.384563945271657e-09,True,5,validation_energy_increased,False,11.354760999965947,23.782676099974196,0.0004965924456428183,ok,6.697203446961376e-05,0.00013394406892958203,0.01630781688405954,0.0035640420971263403,0.01630781689281679,0.0035637563095017965,0.034920011920789334,0.0015823029426762978,19566.32534130002
540,540,507,507,3389,3389,3389,1,1.1910469789931091e-05,1.1910469789931091e-05,0.00015898371357667729,0.03160280915123703,0.2273902934992305,0,3741,0.00035928479185151033,0.03315049804516523,3741,0.00035928479185151033,0.03315049804516692,3741,0.00035928479185151033,0.03315049804516523,True,338,3534,-365.28436170224495,-365.2835361979281,True,False,accepted,L-BFGS-B>Newton-CG,True,8.612319923007327e-13,2.285161770506009e-09,1.3768800981254068e-09,3.511541990519618e-08,5394.684599941741,1.1267127126412125e-14,-4.682906352190125e-16,0.0008255043168787779,3.511559043545276e-08,-1.577024022481055e-08,5.088583066026331e-08,3.511559043545276e-08,8.023118087090552e-10,True,6,validation_energy_increased,False,11.378198299964424,21.657451100007165,0.0004966082158830432,ok,6.695057815265948e-05,0.00013390115629567656,0.016306867269930768,0.0035638345607801186,0.016306867278683565,0.0035635487897963014,0.03491975402530375,0.0015822912568616804,19600.991942500026
541,541,508,508,65,65,65,1,1.0645730655067798e-05,1.0645730655067798e-05,0.002052266413679925,0.002517937235598926,0.011262110766489966,0,3741,0.0003592801065300944,0.029630726727075493,3741,0.0003592801065300944,0.029630726726113416,3741,0.0003592801065300944,0.029630726727075493,True,339,3533,-365.2843620135804,-365.2835355871041,True,False,accepted,L-BFGS-B>Newton-CG,True,7.551402769198533e-13,1.7860641825703268e-10,5.227957115365978e-09,3.113354978268035e-07,5394.684599941741,1.2478979069872984e-14,-4.682906352190125e-16,0.000826426476294273,3.113354409833846e-07,-6.108239745117316e-07,9.221594154951163e-07,6.108239745117316e-07,1.2316479490234633e-08,True,7,validation_energy_increased,False,11.367880999983754,40.00181259994861,0.0004972190398575549,ok,6.708466045851107e-05,0.00013416932090736043,0.016503975712535073,0.003606912232803002,0.01650397572098022,0.003606623007486358,0.034944214311705336,0.0015833996065163062,19653.847883600014
542,542,509,509,1553,1553,1553,1,-1.041513278998707e-05,1.041513278998707e-05,0.21603922120412042,0.001091441972330543,0.0019371635246554731,0,3741,0.0003592147864819459,0.028994165000806652,3741,0.0003592147864819459,0.028994165136774514,3741,0.0003592147864819459,0.028994165000806652,True,340,3532,-365.2843635294018,-365.283535988733,True,False,accepted,L-BFGS-B>Newton-CG,True,9.587935899582998e-13,1.004756817618812e-10,1.0542543759300475e-08,1.5158213955146493e-06,5394.684599941741,1.106659006444642e-14,-4.682906352190125e-16,0.0008275406688085241,1.5158213955146493e-06,4.0162888126360485e-07,1.1141925142510445e-06,1.5158213955146493e-06,3.041642791029299e-08,True,8,train_valid_drop_disagreed,False,11.166026899998542,40.81112650001887,0.0004968174109762913,ok,6.53209115921355e-05,0.00013064182317486331,0.016381844309694575,0.0035802206489938837,0.016381844317919333,0.003579933563944822,0.0349457395224461,0.0015834687171869663,19707.487637100014
543,543,510,510,3684,3684,3684,1,-9.960110550544243e-06,9.960110550544243e-06,0.018806116081877048,0.0020943987952997648,0.006095074579314283,0,3741,0.00036277705830101067,0.027455183073566744,3741,0.00036277705830101067,0.02745518308455897,3741,0.00036277705830101067,0.027455183073566744,True,341,3531,-365.28436393698667,-365.2835353844931,True,False,accepted,L-BFGS-B>Newton-CG,True,6.749299263918247e-10,1.4192336703561035e-07,5.755594096231358e-09,4.075849346918403e-07,5394.684599941741,1.326170982857383e-14,-4.682906352190125e-16,0.000828552493544521,4.0758487784842146e-07,-6.042398581485031e-07,1.0118247359969246e-06,6.042398581485031e-07,1.2184797162970062e-08,True,9,validation_energy_increased,False,11.29105239995988,136.01988690003054,0.0004974216508344398,ok,6.53420896644723e-05,0.00013068417931953386,0.01645492831162251,0.0035961930174199866,0.016454928319759962,0.0035959046515769075,0.034960597272824405,0.0015841419547047105,19856.363500100008
544,544,511,511,1798,1798,1798,1,-1.0854999990428382e-05,1.0854999990428382e-05,0.00810940743749642,0.0014691213152775223,0.005009316714143484,0,3741,0.00036649157914453353,0.029618688690654715,3741,0.00036649157914453353,0.02961868868908549,3741,0.00036649157914453353,0.029618688690654715,True,342,3530,-365.28436452489666,-365.2835356316402,True,False,accepted,L-BFGS-B>Newton-CG,False,2.82754729567155e-09,3.826821779059785e-07,8.388761376721998e-09,5.879102218386834e-07,5394.684599941741,1.0995665348794857e-14,-4.682906352190125e-16,0.0008288932564823881,5.879099944650079e-07,2.4714705659789615e-07,3.4076293786711176e-07,5.879099944650079e-07,1.1858199889300158e-08,True,10,train_valid_drop_disagreed,False,11.177049200050533,69.95784240000648,0.0004971745037778419,ok,6.532596905824785e-05,0.00013065193810708728,0.016481651352515357,0.0036020332867449647,0.016481651360638054,0.003601744452585485,0.03494694285943106,0.0015835232430461402,19939.146600000007
545,545,512,512,1216,1216,1216,1,-1.0127687648520123e-05,1.0127687648520123e-05,0.011287052470916244,0.002224516934686373,0.0071687611764637525,0,3741,0.0003695653094092952,0.027404324460832075,3741,0.0003695653094092952,0.027404324461424084,3741,0.0003695653094092952,0.027404324460832075,True,343,3529,-365.2843648147557,-365.2835353338467,True,False,accepted,L-BFGS-B>Newton-CG,False,4.474076413658327e-09,9.827224311372931e-07,5.552736634372465e-09,2.8985914468648843e-07,5394.684599941741,9.864779802454379e-15,-4.682906352190125e-16,0.0008294809089761657,2.898590309996507e-07,-2.9779346277791774e-07,5.876524937775685e-07,2.9779346277791774e-07,6.055869255558355e-09,True,11,validation_energy_increased,False,11.110669200017583,165.03039859997807,0.0004974722972406198,ok,6.536756707684963e-05,0.00013073513414428486,0.016475979949201244,0.0036007938124299793,0.0164759799573922,0.003600505077675037,0.03496029326260256,0.0015841281793294408,20117.292389399983
