schema_version,case_id,numerical_id,method,variant,seed,dof,mesh_level,accepted_atoms,feature_count,energy_gap,energy_gap_signed,natural_error,v_error,l2_error,numerical_energy,exact_energy,solver_iterations,solver_residual,solver_success,solver_message,wall_time_sec,evaluation_rule,evaluation_hash,evaluation_audit_rel_delta,audit_energy_gap_rel_delta,audit_natural_rel_delta,audit_v_rel_delta,plateau_flag,source,source_path,problem_hash,config_hash,archived_energy_gap,archived_natural_error,archived_v_error,model_path,model_sha256,metric_definition,record_provenance,energy_gap_valid,energy_gap_invalid_reason,natural_error_valid,natural_error_invalid_reason,v_error_valid,v_error_invalid_reason,hessian_backend,evaluator_hash,source_hash,is_raw,is_interpolated
cga-review-replay-v1,C1,01,fem,p1,,5,4,,,14.51828701022237,14.51828701022237,0.7706907765507895,,0.25974595025400127,-9.924743772446536,-24.443030782668906,2,3.9967087843107397e-16,True,converged,0.016532207999262027,CG3072x8-d1,21b8e3fcf1ec52418e7e1d4f9e165ea4f049f7f10f630326cf259fda713bcc49,0.0,0.0,0.0,,False,new_mesh_coefficient_replay,,54a0c8e776ed61a7799e7cc74a80fc39bfab52aa7318daa0a31fbb23bc4dbe8f,fbe4904d8be5f2979aa48d19d959400a573aec5543407e5edafbbf398eb19a0a,,,,data/raw/review_replay_20261001/models/C1_fem_p1_mesh4.npz,fd47035b49b3b255bbe5b02745e9b885d8cd264d0a28efe0133ed7d69c162b8c,relative_H1,review_replay_20261001,True,none,True,none,False,not_applicable,not_applicable,fc38e7c1fd40d30358c96e486ddae675428216469a7e8b6f5ead0c86b97577b7,fd47035b49b3b255bbe5b02745e9b885d8cd264d0a28efe0133ed7d69c162b8c,True,False
cga-review-replay-v1,C1,01,fem,p1,,9,8,,,7.722667970762075,7.722667970762075,0.5620903821644476,,0.10602984793237318,-16.72036281190683,-24.443030782668906,2,3.0293757425681744e-16,True,converged,0.003620625000621658,CG3072x8-d1,21b8e3fcf1ec52418e7e1d4f9e165ea4f049f7f10f630326cf259fda713bcc49,4.600370872153291e-16,4.600370872153291e-16,0.0,,False,new_mesh_coefficient_replay,,54a0c8e776ed61a7799e7cc74a80fc39bfab52aa7318daa0a31fbb23bc4dbe8f,fbe4904d8be5f2979aa48d19d959400a573aec5543407e5edafbbf398eb19a0a,,,,data/raw/review_replay_20261001/models/C1_fem_p1_mesh8.npz,1ce9eba28a6b9f158c827c5d4af188093b6f275cf456b01b4ce7400b19d9786b,relative_H1,review_replay_20261001,True,none,True,none,False,not_applicable,not_applicable,fc38e7c1fd40d30358c96e486ddae675428216469a7e8b6f5ead0c86b97577b7,1ce9eba28a6b9f158c827c5d4af188093b6f275cf456b01b4ce7400b19d9786b,True,False
cga-review-replay-v1,C1,01,fem,p1,,17,16,,,6.856904811340939,6.856904811340939,0.5296470197713126,,0.09478379266331383,-17.586125971327967,-24.443030782668906,2,5.861079326322009e-16,True,converged,0.007611290999193443,CG3072x8-d1,21b8e3fcf1ec52418e7e1d4f9e165ea4f049f7f10f630326cf259fda713bcc49,0.0,0.0,0.0,,False,new_mesh_coefficient_replay,,54a0c8e776ed61a7799e7cc74a80fc39bfab52aa7318daa0a31fbb23bc4dbe8f,fbe4904d8be5f2979aa48d19d959400a573aec5543407e5edafbbf398eb19a0a,,,,data/raw/review_replay_20261001/models/C1_fem_p1_mesh16.npz,dc473b7972cab93a2db843ec38d44eea95017b5656168b47269bc3732fbe07a0,relative_H1,review_replay_20261001,True,none,True,none,False,not_applicable,not_applicable,fc38e7c1fd40d30358c96e486ddae675428216469a7e8b6f5ead0c86b97577b7,dc473b7972cab93a2db843ec38d44eea95017b5656168b47269bc3732fbe07a0,True,False
cga-review-replay-v1,C1,01,fem,p1,,33,32,,,2.22548972146528,2.22548972146528,0.3017416557046498,,0.028339176892344494,-22.217541061203626,-24.443030782668906,2,1.0273234993958513e-15,True,converged,0.004094500000064727,CG3072x8-d1,21b8e3fcf1ec52418e7e1d4f9e165ea4f049f7f10f630326cf259fda713bcc49,1.839691344624726e-16,0.0,1.839691344624726e-16,,False,new_mesh_coefficient_replay,,54a0c8e776ed61a7799e7cc74a80fc39bfab52aa7318daa0a31fbb23bc4dbe8f,fbe4904d8be5f2979aa48d19d959400a573aec5543407e5edafbbf398eb19a0a,,,,data/raw/review_replay_20261001/models/C1_fem_p1_mesh32.npz,e63889b25dfa0d95cf7a513f708e621f5d82e0741a45a0c27bbb00084d76554e,relative_H1,review_replay_20261001,True,none,True,none,False,not_applicable,not_applicable,fc38e7c1fd40d30358c96e486ddae675428216469a7e8b6f5ead0c86b97577b7,e63889b25dfa0d95cf7a513f708e621f5d82e0741a45a0c27bbb00084d76554e,True,False
cga-review-replay-v1,C1,01,fem,p1,,65,64,,,0.5954511945744017,0.5954511945744017,0.15607938965109242,,0.007410413450854237,-23.847579588094504,-24.443030782668906,2,8.55682768113039e-15,True,converged,0.00534870800038334,CG3072x8-d1,21b8e3fcf1ec52418e7e1d4f9e165ea4f049f7f10f630326cf259fda713bcc49,0.0,0.0,0.0,,False,new_mesh_coefficient_replay,,54a0c8e776ed61a7799e7cc74a80fc39bfab52aa7318daa0a31fbb23bc4dbe8f,fbe4904d8be5f2979aa48d19d959400a573aec5543407e5edafbbf398eb19a0a,,,,data/raw/review_replay_20261001/models/C1_fem_p1_mesh64.npz,024f0b7f5f099188b56c4885839e2fd5714efe772db240334610ba0a7b8f0c37,relative_H1,review_replay_20261001,True,none,True,none,False,not_applicable,not_applicable,fc38e7c1fd40d30358c96e486ddae675428216469a7e8b6f5ead0c86b97577b7,024f0b7f5f099188b56c4885839e2fd5714efe772db240334610ba0a7b8f0c37,True,False
cga-review-replay-v1,C1,01,fem,p1,,129,128,,,0.1514325126592908,0.1514325126592908,0.07871038503668755,,0.0018735362142334917,-24.291598270009615,-24.443030782668906,2,2.2866629754668943e-14,True,converged,0.01714920900121797,CG3072x8-d1,21b8e3fcf1ec52418e7e1d4f9e165ea4f049f7f10f630326cf259fda713bcc49,5.289437144036041e-16,0.0,5.289437144036041e-16,,False,new_mesh_coefficient_replay,,54a0c8e776ed61a7799e7cc74a80fc39bfab52aa7318daa0a31fbb23bc4dbe8f,fbe4904d8be5f2979aa48d19d959400a573aec5543407e5edafbbf398eb19a0a,,,,data/raw/review_replay_20261001/models/C1_fem_p1_mesh128.npz,2ff7c0826d04a8447164f06393de55177df3a5cfbf4bef0caf6553d007812322,relative_H1,review_replay_20261001,True,none,True,none,False,not_applicable,not_applicable,fc38e7c1fd40d30358c96e486ddae675428216469a7e8b6f5ead0c86b97577b7,2ff7c0826d04a8447164f06393de55177df3a5cfbf4bef0caf6553d007812322,True,False
cga-review-replay-v1,C1,01,fem,p1,,257,256,,,0.03802079264652747,0.03802079264652747,0.039439650341829786,,0.00046970155793314575,-24.40500999002238,-24.443030782668906,2,4.740916427710805e-14,True,converged,0.0176932089998445,CG3072x8-d1,21b8e3fcf1ec52418e7e1d4f9e165ea4f049f7f10f630326cf259fda713bcc49,2.9909290610853354e-15,0.0,2.9909290610853354e-15,,False,new_mesh_coefficient_replay,,54a0c8e776ed61a7799e7cc74a80fc39bfab52aa7318daa0a31fbb23bc4dbe8f,fbe4904d8be5f2979aa48d19d959400a573aec5543407e5edafbbf398eb19a0a,,,,data/raw/review_replay_20261001/models/C1_fem_p1_mesh256.npz,0a129bb89016302d6ef4234c9171b503808e030fb0c8577fdccab697e78f57b5,relative_H1,review_replay_20261001,True,none,True,none,False,not_applicable,not_applicable,fc38e7c1fd40d30358c96e486ddae675428216469a7e8b6f5ead0c86b97577b7,0a129bb89016302d6ef4234c9171b503808e030fb0c8577fdccab697e78f57b5,True,False
cga-review-replay-v1,C1,01,fem,p2,,5,2,,,13.559241408546653,13.559241408546653,0.744800859476482,,0.26666628564501477,-10.883789374122253,-24.443030782668906,2,5.172930999273454e-16,True,converged,0.0039240000005520415,CG3072x8-d1,21b8e3fcf1ec52418e7e1d4f9e165ea4f049f7f10f630326cf259fda713bcc49,1.4906306974531805e-16,0.0,1.4906306974531805e-16,,False,new_mesh_coefficient_replay,,54a0c8e776ed61a7799e7cc74a80fc39bfab52aa7318daa0a31fbb23bc4dbe8f,fbe4904d8be5f2979aa48d19d959400a573aec5543407e5edafbbf398eb19a0a,,,,data/raw/review_replay_20261001/models/C1_fem_p2_mesh2.npz,d20fcc67b91abfe729049c03b43cb03d7f97522f31c4e984e3552b91824b47bc,relative_H1,review_replay_20261001,True,none,True,none,False,not_applicable,not_applicable,fc38e7c1fd40d30358c96e486ddae675428216469a7e8b6f5ead0c86b97577b7,d20fcc67b91abfe729049c03b43cb03d7f97522f31c4e984e3552b91824b47bc,True,False
cga-review-replay-v1,C1,01,fem,p2,,9,4,,,9.822228581379568,9.822228581379568,0.6339098367434935,,0.12983578941824048,-14.620802201289338,-24.443030782668906,2,4.698691345416344e-16,True,converged,0.004835625000850996,CG3072x8-d1,21b8e3fcf1ec52418e7e1d4f9e165ea4f049f7f10f630326cf259fda713bcc49,1.8085069235384815e-16,1.8085069235384815e-16,1.7513894883357036e-16,,False,new_mesh_coefficient_replay,,54a0c8e776ed61a7799e7cc74a80fc39bfab52aa7318daa0a31fbb23bc4dbe8f,fbe4904d8be5f2979aa48d19d959400a573aec5543407e5edafbbf398eb19a0a,,,,data/raw/review_replay_20261001/models/C1_fem_p2_mesh4.npz,197c4821f4737fea72a5de87c33871ec205d5c83cc23fefb0c08380ee87b08e6,relative_H1,review_replay_20261001,True,none,True,none,False,not_applicable,not_applicable,fc38e7c1fd40d30358c96e486ddae675428216469a7e8b6f5ead0c86b97577b7,197c4821f4737fea72a5de87c33871ec205d5c83cc23fefb0c08380ee87b08e6,True,False
cga-review-replay-v1,C1,01,fem,p2,,17,8,,,7.538322612334294,7.538322612334294,0.5553411208784526,,0.09693270279339916,-16.90470817033461,-24.443030782668906,2,1.5992164828291053e-15,True,converged,0.004080957998667145,CG3072x8-d1,21b8e3fcf1ec52418e7e1d4f9e165ea4f049f7f10f630326cf259fda713bcc49,1.999173089990127e-16,0.0,1.999173089990127e-16,,False,new_mesh_coefficient_replay,,54a0c8e776ed61a7799e7cc74a80fc39bfab52aa7318daa0a31fbb23bc4dbe8f,fbe4904d8be5f2979aa48d19d959400a573aec5543407e5edafbbf398eb19a0a,,,,data/raw/review_replay_20261001/models/C1_fem_p2_mesh8.npz,b8e8097ef640a3fea3f7f8fbc825c3b5deacc5d1a60398c25b54f45dec193f56,relative_H1,review_replay_20261001,True,none,True,none,False,not_applicable,not_applicable,fc38e7c1fd40d30358c96e486ddae675428216469a7e8b6f5ead0c86b97577b7,b8e8097ef640a3fea3f7f8fbc825c3b5deacc5d1a60398c25b54f45dec193f56,True,False
cga-review-replay-v1,C1,01,fem,p2,,33,16,,,1.2608581401815186,1.2608581401815186,0.22712010796038493,,0.02091389894392792,-23.182172642487387,-24.443030782668906,2,1.3411226038962192e-15,True,converged,0.0058959580019291025,CG3072x8-d1,21b8e3fcf1ec52418e7e1d4f9e165ea4f049f7f10f630326cf259fda713bcc49,0.0,0.0,0.0,,False,new_mesh_coefficient_replay,,54a0c8e776ed61a7799e7cc74a80fc39bfab52aa7318daa0a31fbb23bc4dbe8f,fbe4904d8be5f2979aa48d19d959400a573aec5543407e5edafbbf398eb19a0a,,,,data/raw/review_replay_20261001/models/C1_fem_p2_mesh16.npz,204ccb0f113995c5540a79c8c5ebb3f3cc8d3dddd0b66880cbdf1b189e5136ad,relative_H1,review_replay_20261001,True,none,True,none,False,not_applicable,not_applicable,fc38e7c1fd40d30358c96e486ddae675428216469a7e8b6f5ead0c86b97577b7,204ccb0f113995c5540a79c8c5ebb3f3cc8d3dddd0b66880cbdf1b189e5136ad,True,False
cga-review-replay-v1,C1,01,fem,p2,,65,32,,,0.10232792893038933,0.10232792893038933,0.06470227702755572,,0.003003602220545944,-24.340702853738517,-24.443030782668906,2,4.726327556923827e-15,True,converged,0.009427000000869157,CG3072x8-d1,21b8e3fcf1ec52418e7e1d4f9e165ea4f049f7f10f630326cf259fda713bcc49,2.1448685340554732e-16,0.0,2.1448685340554732e-16,,False,new_mesh_coefficient_replay,,54a0c8e776ed61a7799e7cc74a80fc39bfab52aa7318daa0a31fbb23bc4dbe8f,fbe4904d8be5f2979aa48d19d959400a573aec5543407e5edafbbf398eb19a0a,,,,data/raw/review_replay_20261001/models/C1_fem_p2_mesh32.npz,b56f9e7cdeaa5cdbe17839033cc6a61e9e36e434f94ffdd6574a799b5352e303,relative_H1,review_replay_20261001,True,none,True,none,False,not_applicable,not_applicable,fc38e7c1fd40d30358c96e486ddae675428216469a7e8b6f5ead0c86b97577b7,b56f9e7cdeaa5cdbe17839033cc6a61e9e36e434f94ffdd6574a799b5352e303,True,False
cga-review-replay-v1,C1,01,fem,p2,,129,64,,,0.006827104620118263,0.006827104620118263,0.016712474272656496,,0.0003885999643210543,-24.436203678048788,-24.443030782668906,2,1.7191015053639917e-14,True,converged,0.00845787499929429,CG3072x8-d1,21b8e3fcf1ec52418e7e1d4f9e165ea4f049f7f10f630326cf259fda713bcc49,5.203836584445016e-13,5.203836584445016e-13,1.0379812394475973e-15,,False,new_mesh_coefficient_replay,,54a0c8e776ed61a7799e7cc74a80fc39bfab52aa7318daa0a31fbb23bc4dbe8f,fbe4904d8be5f2979aa48d19d959400a573aec5543407e5edafbbf398eb19a0a,,,,data/raw/review_replay_20261001/models/C1_fem_p2_mesh64.npz,431b7dc564200e6545fa3c8b1357adf1aec74c5a43512c5f76f87f03b17d3236,relative_H1,review_replay_20261001,True,none,True,none,False,not_applicable,not_applicable,fc38e7c1fd40d30358c96e486ddae675428216469a7e8b6f5ead0c86b97577b7,431b7dc564200e6545fa3c8b1357adf1aec74c5a43512c5f76f87f03b17d3236,True,False
cga-review-replay-v1,C1,01,fem,p2,,257,128,,,0.0004337158264355878,0.0004337158264355878,0.004212356387293595,,4.899392909159733e-05,-24.44259706684247,-24.443030782668906,2,7.015290590734526e-14,True,converged,0.014499250002700137,CG3072x8-d1,21b8e3fcf1ec52418e7e1d4f9e165ea4f049f7f10f630326cf259fda713bcc49,8.191339725824192e-12,8.191339725824192e-12,2.8827248255790317e-15,,False,new_mesh_coefficient_replay,,54a0c8e776ed61a7799e7cc74a80fc39bfab52aa7318daa0a31fbb23bc4dbe8f,fbe4904d8be5f2979aa48d19d959400a573aec5543407e5edafbbf398eb19a0a,,,,data/raw/review_replay_20261001/models/C1_fem_p2_mesh128.npz,3e906ece998320cc9ec672636ca9d559106deef2b218b644cdc44fe60746c4d5,relative_H1,review_replay_20261001,True,none,True,none,False,not_applicable,not_applicable,fc38e7c1fd40d30358c96e486ddae675428216469a7e8b6f5ead0c86b97577b7,3e906ece998320cc9ec672636ca9d559106deef2b218b644cdc44fe60746c4d5,True,False
cga-review-replay-v1,C1,01,fem,p3,,4,1,,,18544.816321611896,18544.816321611896,27.54442690235032,,264.4065912019463,18520.373290829226,-24.443030782668906,2,4.3293169915026206e-16,True,converged,0.006171124998218147,CG3072x8-d1,21b8e3fcf1ec52418e7e1d4f9e165ea4f049f7f10f630326cf259fda713bcc49,0.0,0.0,0.0,,False,new_mesh_coefficient_replay,,54a0c8e776ed61a7799e7cc74a80fc39bfab52aa7318daa0a31fbb23bc4dbe8f,fbe4904d8be5f2979aa48d19d959400a573aec5543407e5edafbbf398eb19a0a,,,,data/raw/review_replay_20261001/models/C1_fem_p3_mesh1.npz,779b4ddf93eb25f7516350fbf65e52c8f42c0e4042388822cb8b5fc9716792a7,relative_H1,review_replay_20261001,True,none,True,none,False,not_applicable,not_applicable,fc38e7c1fd40d30358c96e486ddae675428216469a7e8b6f5ead0c86b97577b7,779b4ddf93eb25f7516350fbf65e52c8f42c0e4042388822cb8b5fc9716792a7,True,False
cga-review-replay-v1,C1,01,fem,p3,,7,2,,,13.003667751333772,13.003667751333772,0.7293826105368074,,0.2310970997345353,-11.439363031335134,-24.443030782668906,2,2.762775156006773e-16,True,converged,0.005525708002096508,CG3072x8-d1,21b8e3fcf1ec52418e7e1d4f9e165ea4f049f7f10f630326cf259fda713bcc49,0.0,0.0,0.0,,False,new_mesh_coefficient_replay,,54a0c8e776ed61a7799e7cc74a80fc39bfab52aa7318daa0a31fbb23bc4dbe8f,fbe4904d8be5f2979aa48d19d959400a573aec5543407e5edafbbf398eb19a0a,,,,data/raw/review_replay_20261001/models/C1_fem_p3_mesh2.npz,d6ef7088e98321929407941253ba167bcde4bff027e2aca60b1556795abffd6b,relative_H1,review_replay_20261001,True,none,True,none,False,not_applicable,not_applicable,fc38e7c1fd40d30358c96e486ddae675428216469a7e8b6f5ead0c86b97577b7,d6ef7088e98321929407941253ba167bcde4bff027e2aca60b1556795abffd6b,True,False
cga-review-replay-v1,C1,01,fem,p3,,13,4,,,9.478116442303886,9.478116442303886,0.6227066341214115,,0.12850583918976025,-14.96491434036502,-24.443030782668906,2,3.3752903410357654e-16,True,converged,0.005525500000658212,CG3072x8-d1,21b8e3fcf1ec52418e7e1d4f9e165ea4f049f7f10f630326cf259fda713bcc49,0.0,0.0,0.0,,False,new_mesh_coefficient_replay,,54a0c8e776ed61a7799e7cc74a80fc39bfab52aa7318daa0a31fbb23bc4dbe8f,fbe4904d8be5f2979aa48d19d959400a573aec5543407e5edafbbf398eb19a0a,,,,data/raw/review_replay_20261001/models/C1_fem_p3_mesh4.npz,ba5b076f14e586333aeae8004eb455b1b40dd4e9bbf65634f0449f8425ac7151,relative_H1,review_replay_20261001,True,none,True,none,False,not_applicable,not_applicable,fc38e7c1fd40d30358c96e486ddae675428216469a7e8b6f5ead0c86b97577b7,ba5b076f14e586333aeae8004eb455b1b40dd4e9bbf65634f0449f8425ac7151,True,False
cga-review-replay-v1,C1,01,fem,p3,,25,8,,,2.9152687928324,2.9152687928324,0.3453518401944387,,0.04370409894652407,-21.527761989836506,-24.443030782668906,2,3.5882750180117205e-16,True,converged,0.006778458002372645,CG3072x8-d1,21b8e3fcf1ec52418e7e1d4f9e165ea4f049f7f10f630326cf259fda713bcc49,2.437314656909407e-15,2.437314656909407e-15,0.0,,False,new_mesh_coefficient_replay,,54a0c8e776ed61a7799e7cc74a80fc39bfab52aa7318daa0a31fbb23bc4dbe8f,fbe4904d8be5f2979aa48d19d959400a573aec5543407e5edafbbf398eb19a0a,,,,data/raw/review_replay_20261001/models/C1_fem_p3_mesh8.npz,e8f61f3faa5c587fb55d4738942fd17f3207fb14981f1630a5f38c38fcd0fb76,relative_H1,review_replay_20261001,True,none,True,none,False,not_applicable,not_applicable,fc38e7c1fd40d30358c96e486ddae675428216469a7e8b6f5ead0c86b97577b7,e8f61f3faa5c587fb55d4738942fd17f3207fb14981f1630a5f38c38fcd0fb76,True,False
cga-review-replay-v1,C1,01,fem,p3,,49,16,,,0.11547520636001352,0.11547520636001352,0.06873324469473137,,0.0043719051559728645,-24.327555576308892,-24.443030782668906,2,4.815009142592927e-16,True,converged,0.006239124999410706,CG3072x8-d1,21b8e3fcf1ec52418e7e1d4f9e165ea4f049f7f10f630326cf259fda713bcc49,0.0,0.0,0.0,,False,new_mesh_coefficient_replay,,54a0c8e776ed61a7799e7cc74a80fc39bfab52aa7318daa0a31fbb23bc4dbe8f,fbe4904d8be5f2979aa48d19d959400a573aec5543407e5edafbbf398eb19a0a,,,,data/raw/review_replay_20261001/models/C1_fem_p3_mesh16.npz,c7ce1113c45d97ff6af24cade48fec5232d1c85b0efb9b12ef5f6c1296a85885,relative_H1,review_replay_20261001,True,none,True,none,False,not_applicable,not_applicable,fc38e7c1fd40d30358c96e486ddae675428216469a7e8b6f5ead0c86b97577b7,c7ce1113c45d97ff6af24cade48fec5232d1c85b0efb9b12ef5f6c1296a85885,True,False
cga-review-replay-v1,C1,01,fem,p3,,97,32,,,0.0022564091267405217,0.0022564091267405217,0.009607964649353914,,0.0003054648919114809,-24.440774373542165,-24.443030782668906,2,9.64371118937198e-16,True,converged,0.007368458002019906,CG3072x8-d1,21b8e3fcf1ec52418e7e1d4f9e165ea4f049f7f10f630326cf259fda713bcc49,1.805505681261492e-16,0.0,1.805505681261492e-16,,False,new_mesh_coefficient_replay,,54a0c8e776ed61a7799e7cc74a80fc39bfab52aa7318daa0a31fbb23bc4dbe8f,fbe4904d8be5f2979aa48d19d959400a573aec5543407e5edafbbf398eb19a0a,,,,data/raw/review_replay_20261001/models/C1_fem_p3_mesh32.npz,9a45023aa9b3a2932e36d56d9e4895f4d82f76699f4a8c5d939ccdecf2a88c27,relative_H1,review_replay_20261001,True,none,True,none,False,not_applicable,not_applicable,fc38e7c1fd40d30358c96e486ddae675428216469a7e8b6f5ead0c86b97577b7,9a45023aa9b3a2932e36d56d9e4895f4d82f76699f4a8c5d939ccdecf2a88c27,True,False
cga-review-replay-v1,C1,01,fem,p3,,193,64,,,3.727185251278797e-05,3.727185251278797e-05,0.0012348464629079927,,1.96267505025895e-05,-24.442993510816393,-24.443030782668906,2,8.331928981076087e-15,True,converged,0.009020707999297883,CG3072x8-d1,21b8e3fcf1ec52418e7e1d4f9e165ea4f049f7f10f630326cf259fda713bcc49,8.42885424909409e-15,0.0,8.42885424909409e-15,,False,new_mesh_coefficient_replay,,54a0c8e776ed61a7799e7cc74a80fc39bfab52aa7318daa0a31fbb23bc4dbe8f,fbe4904d8be5f2979aa48d19d959400a573aec5543407e5edafbbf398eb19a0a,,,,data/raw/review_replay_20261001/models/C1_fem_p3_mesh64.npz,330b788a9b5486883462d76a267ae5a26d262fc94fd74389bfb257b2fcc3c614,relative_H1,review_replay_20261001,True,none,True,none,False,not_applicable,not_applicable,fc38e7c1fd40d30358c96e486ddae675428216469a7e8b6f5ead0c86b97577b7,330b788a9b5486883462d76a267ae5a26d262fc94fd74389bfb257b2fcc3c614,True,False
cga-review-replay-v1,C1,01,fem,p3,,385,128,,,5.9051119905007e-07,5.9051119905007e-07,0.00015543060670697255,,1.2351629206259804e-06,-24.443030192157707,-24.443030782668906,2,2.3782122102962476e-14,True,converged,0.01678399999946123,CG3072x8-d1,21b8e3fcf1ec52418e7e1d4f9e165ea4f049f7f10f630326cf259fda713bcc49,4.917709245279499e-14,0.0,4.917709245279499e-14,,False,new_mesh_coefficient_replay,,54a0c8e776ed61a7799e7cc74a80fc39bfab52aa7318daa0a31fbb23bc4dbe8f,fbe4904d8be5f2979aa48d19d959400a573aec5543407e5edafbbf398eb19a0a,,,,data/raw/review_replay_20261001/models/C1_fem_p3_mesh128.npz,6fe07fde2958685c0e697bcff9fa5cf694dd44c92b109b4ce9cd81d761a9d138,relative_H1,review_replay_20261001,True,none,True,none,False,not_applicable,not_applicable,fc38e7c1fd40d30358c96e486ddae675428216469a7e8b6f5ead0c86b97577b7,6fe07fde2958685c0e697bcff9fa5cf694dd44c92b109b4ce9cd81d761a9d138,True,False
cga-review-replay-v1,C2,03,fem,p1,,5,4,,,14.53262002279643,14.53262002279643,0.770693180065264,,0.2590391647083975,-9.990838884872474,-24.523458907668903,14,3.688850067928292e-16,True,converged,0.07424016699951608,CG3072x8-d1,21b8e3fcf1ec52418e7e1d4f9e165ea4f049f7f10f630326cf259fda713bcc49,2.4446477463991883e-16,2.4446477463991883e-16,0.0,,False,new_mesh_coefficient_replay,,235b044d9c1788c1e3ccd228097884ecf1a038fe447d19f6248c43b90ba673ea,fbe4904d8be5f2979aa48d19d959400a573aec5543407e5edafbbf398eb19a0a,,,,data/raw/review_replay_20261001/models/C2_fem_p1_mesh4.npz,4dd81a5b2982d2a9fe4f78825e436f4c0d67a9325fbbe4390c59634cf75d59cb,relative_H1,review_replay_20261001,True,none,True,none,False,not_applicable,not_applicable,fc38e7c1fd40d30358c96e486ddae675428216469a7e8b6f5ead0c86b97577b7,4dd81a5b2982d2a9fe4f78825e436f4c0d67a9325fbbe4390c59634cf75d59cb,True,False
cga-review-replay-v1,C2,03,fem,p1,,9,8,,,7.723527952576234,7.723527952576234,0.5620905301169383,,0.10581553120916067,-16.79993095509267,-24.523458907668903,13,2.1626235679702086e-16,True,converged,0.040089499998430256,CG3072x8-d1,21b8e3fcf1ec52418e7e1d4f9e165ea4f049f7f10f630326cf259fda713bcc49,1.9751676378432915e-16,0.0,1.9751676378432915e-16,,False,new_mesh_coefficient_replay,,235b044d9c1788c1e3ccd228097884ecf1a038fe447d19f6248c43b90ba673ea,fbe4904d8be5f2979aa48d19d959400a573aec5543407e5edafbbf398eb19a0a,,,,data/raw/review_replay_20261001/models/C2_fem_p1_mesh8.npz,3381d256f535286fc5f5f20eb03700ad28d3fdfc94b879116951811a129352a0,relative_H1,review_replay_20261001,True,none,True,none,False,not_applicable,not_applicable,fc38e7c1fd40d30358c96e486ddae675428216469a7e8b6f5ead0c86b97577b7,3381d256f535286fc5f5f20eb03700ad28d3fdfc94b879116951811a129352a0,True,False
cga-review-replay-v1,C2,03,fem,p1,,17,16,,,6.857283051479172,6.857283051479172,0.5296474924501898,,0.09464456261224337,-17.66617585618973,-24.523458907668903,12,8.72026449403712e-10,True,converged,0.03741204199832282,CG3072x8-d1,21b8e3fcf1ec52418e7e1d4f9e165ea4f049f7f10f630326cf259fda713bcc49,5.180934857332675e-16,5.180934857332675e-16,2.0961545942362154e-16,,False,new_mesh_coefficient_replay,,235b044d9c1788c1e3ccd228097884ecf1a038fe447d19f6248c43b90ba673ea,fbe4904d8be5f2979aa48d19d959400a573aec5543407e5edafbbf398eb19a0a,,,,data/raw/review_replay_20261001/models/C2_fem_p1_mesh16.npz,a6cef91983e019807ec5ae480de505491aa0cd37704b12d02367c22d7be3a4a7,relative_H1,review_replay_20261001,True,none,True,none,False,not_applicable,not_applicable,fc38e7c1fd40d30358c96e486ddae675428216469a7e8b6f5ead0c86b97577b7,a6cef91983e019807ec5ae480de505491aa0cd37704b12d02367c22d7be3a4a7,True,False
cga-review-replay-v1,C2,03,fem,p1,,33,32,,,2.2256904258613517,2.2256904258613517,0.3017417875662096,,0.02828878862767352,-22.29776848180755,-24.523458907668903,12,4.867306192328498e-10,True,converged,0.04680016700149281,CG3072x8-d1,21b8e3fcf1ec52418e7e1d4f9e165ea4f049f7f10f630326cf259fda713bcc49,1.8396905406771778e-16,0.0,1.8396905406771778e-16,,False,new_mesh_coefficient_replay,,235b044d9c1788c1e3ccd228097884ecf1a038fe447d19f6248c43b90ba673ea,fbe4904d8be5f2979aa48d19d959400a573aec5543407e5edafbbf398eb19a0a,,,,data/raw/review_replay_20261001/models/C2_fem_p1_mesh32.npz,9339034b4f764dd2718031c2613ead5a13026908aad7e711dc3835e3f56ac98d,relative_H1,review_replay_20261001,True,none,True,none,False,not_applicable,not_applicable,fc38e7c1fd40d30358c96e486ddae675428216469a7e8b6f5ead0c86b97577b7,9339034b4f764dd2718031c2613ead5a13026908aad7e711dc3835e3f56ac98d,True,False
cga-review-replay-v1,C2,03,fem,p1,,65,64,,,0.5954650652908633,0.5954650652908633,0.15607940922597147,,0.007396649443601908,-23.92799384237804,-24.523458907668903,12,4.175371037861792e-10,True,converged,0.045880749999923864,CG3072x8-d1,21b8e3fcf1ec52418e7e1d4f9e165ea4f049f7f10f630326cf259fda713bcc49,5.966283978498601e-15,5.966283978498601e-15,1.7782983516707475e-16,,False,new_mesh_coefficient_replay,,235b044d9c1788c1e3ccd228097884ecf1a038fe447d19f6248c43b90ba673ea,fbe4904d8be5f2979aa48d19d959400a573aec5543407e5edafbbf398eb19a0a,,,,data/raw/review_replay_20261001/models/C2_fem_p1_mesh64.npz,e8645d499d5bb0eb647a014b34476745c42b4e09f6f9432cb7317697773de785,relative_H1,review_replay_20261001,True,none,True,none,False,not_applicable,not_applicable,fc38e7c1fd40d30358c96e486ddae675428216469a7e8b6f5ead0c86b97577b7,e8645d499d5bb0eb647a014b34476745c42b4e09f6f9432cb7317697773de785,True,False
cga-review-replay-v1,C2,03,fem,p1,,129,128,,,0.15143340184639698,0.15143340184639698,0.07871038759426213,,0.0018700148743544544,-24.372025505822506,-24.523458907668903,12,4.027457525434988e-10,True,converged,0.04938149999725283,CG3072x8-d1,21b8e3fcf1ec52418e7e1d4f9e165ea4f049f7f10f630326cf259fda713bcc49,2.346056837846194e-14,2.346056837846194e-14,7.052582629551745e-16,,False,new_mesh_coefficient_replay,,235b044d9c1788c1e3ccd228097884ecf1a038fe447d19f6248c43b90ba673ea,fbe4904d8be5f2979aa48d19d959400a573aec5543407e5edafbbf398eb19a0a,,,,data/raw/review_replay_20261001/models/C2_fem_p1_mesh128.npz,777963542605d5e0a1e3568fb7293dad49ebd83e0637541a6e1ae4d1ad994ded,relative_H1,review_replay_20261001,True,none,True,none,False,not_applicable,not_applicable,fc38e7c1fd40d30358c96e486ddae675428216469a7e8b6f5ead0c86b97577b7,777963542605d5e0a1e3568fb7293dad49ebd83e0637541a6e1ae4d1ad994ded,True,False
cga-review-replay-v1,C2,03,fem,p1,,257,256,,,0.03802084857499466,0.03802084857499466,0.03943965066527004,,0.0004688158950289822,-24.48543805909391,-24.523458907668903,12,3.994645032140295e-10,True,converged,0.10769516700020176,CG3072x8-d1,21b8e3fcf1ec52418e7e1d4f9e165ea4f049f7f10f630326cf259fda713bcc49,9.344119902513249e-14,9.344119902513249e-14,3.1668660387074684e-15,,False,new_mesh_coefficient_replay,,235b044d9c1788c1e3ccd228097884ecf1a038fe447d19f6248c43b90ba673ea,fbe4904d8be5f2979aa48d19d959400a573aec5543407e5edafbbf398eb19a0a,,,,data/raw/review_replay_20261001/models/C2_fem_p1_mesh256.npz,ff23a24af810ae385f38578c85d304567e0c26776d6a60889e4b536831f493da,relative_H1,review_replay_20261001,True,none,True,none,False,not_applicable,not_applicable,fc38e7c1fd40d30358c96e486ddae675428216469a7e8b6f5ead0c86b97577b7,ff23a24af810ae385f38578c85d304567e0c26776d6a60889e4b536831f493da,True,False
cga-review-replay-v1,C2,03,fem,p2,,5,2,,,13.560911273768081,13.560911273768081,0.7448890703116644,,0.2879439454853228,-10.962547633900822,-24.523458907668903,15,6.5351935511245525e-15,True,converged,0.03482595799869159,CG3072x8-d1,21b8e3fcf1ec52418e7e1d4f9e165ea4f049f7f10f630326cf259fda713bcc49,1.4904541748218095e-16,0.0,1.4904541748218095e-16,,False,new_mesh_coefficient_replay,,235b044d9c1788c1e3ccd228097884ecf1a038fe447d19f6248c43b90ba673ea,fbe4904d8be5f2979aa48d19d959400a573aec5543407e5edafbbf398eb19a0a,,,,data/raw/review_replay_20261001/models/C2_fem_p2_mesh2.npz,2c9915cf31069c6dae2201ddb743c3080a7de92279b09664136593b947cb4826,relative_H1,review_replay_20261001,True,none,True,none,False,not_applicable,not_applicable,fc38e7c1fd40d30358c96e486ddae675428216469a7e8b6f5ead0c86b97577b7,2c9915cf31069c6dae2201ddb743c3080a7de92279b09664136593b947cb4826,True,False
cga-review-replay-v1,C2,03,fem,p2,,9,4,,,9.825609144751258,9.825609144751258,0.6339107904605643,,0.13015548899585871,-14.697849762917645,-24.523458907668903,13,3.6642532677774945e-16,True,converged,0.04012745799991535,CG3072x8-d1,21b8e3fcf1ec52418e7e1d4f9e165ea4f049f7f10f630326cf259fda713bcc49,3.6157693904385814e-16,3.6157693904385814e-16,1.7513868533749524e-16,,False,new_mesh_coefficient_replay,,235b044d9c1788c1e3ccd228097884ecf1a038fe447d19f6248c43b90ba673ea,fbe4904d8be5f2979aa48d19d959400a573aec5543407e5edafbbf398eb19a0a,,,,data/raw/review_replay_20261001/models/C2_fem_p2_mesh4.npz,8143c79c83616c4021fd6314b7ab3a5429c166792f2fe7d940d0afc7919ffef5,relative_H1,review_replay_20261001,True,none,True,none,False,not_applicable,not_applicable,fc38e7c1fd40d30358c96e486ddae675428216469a7e8b6f5ead0c86b97577b7,8143c79c83616c4021fd6314b7ab3a5429c166792f2fe7d940d0afc7919ffef5,True,False
cga-review-replay-v1,C2,03,fem,p2,,17,8,,,7.538743000053955,7.538743000053955,0.5553412081586102,,0.09696616389639821,-16.984715907614948,-24.523458907668903,13,4.832689992943189e-16,True,converged,0.03732391700032167,CG3072x8-d1,21b8e3fcf1ec52418e7e1d4f9e165ea4f049f7f10f630326cf259fda713bcc49,1.999172775790244e-16,0.0,1.999172775790244e-16,,False,new_mesh_coefficient_replay,,235b044d9c1788c1e3ccd228097884ecf1a038fe447d19f6248c43b90ba673ea,fbe4904d8be5f2979aa48d19d959400a573aec5543407e5edafbbf398eb19a0a,,,,data/raw/review_replay_20261001/models/C2_fem_p2_mesh8.npz,eb1ea338508007863ea235c6b41b7a53cf1776f4c5809483a965fb87b2a3b5f2,relative_H1,review_replay_20261001,True,none,True,none,False,not_applicable,not_applicable,fc38e7c1fd40d30358c96e486ddae675428216469a7e8b6f5ead0c86b97577b7,eb1ea338508007863ea235c6b41b7a53cf1776f4c5809483a965fb87b2a3b5f2,True,False
cga-review-replay-v1,C2,03,fem,p2,,33,16,,,1.2610244369651582,1.2610244369651582,0.22712014758435622,,0.020906956540066322,-23.262434470703745,-24.523458907668903,12,4.626677225443732e-10,True,converged,0.049078000000008615,CG3072x8-d1,21b8e3fcf1ec52418e7e1d4f9e165ea4f049f7f10f630326cf259fda713bcc49,1.222065761705268e-16,0.0,1.222065761705268e-16,,False,new_mesh_coefficient_replay,,235b044d9c1788c1e3ccd228097884ecf1a038fe447d19f6248c43b90ba673ea,fbe4904d8be5f2979aa48d19d959400a573aec5543407e5edafbbf398eb19a0a,,,,data/raw/review_replay_20261001/models/C2_fem_p2_mesh16.npz,6929bcd0d80a2551f3983f38180ee7820502f4ec15695ca420b2a85c621a7eff,relative_H1,review_replay_20261001,True,none,True,none,False,not_applicable,not_applicable,fc38e7c1fd40d30358c96e486ddae675428216469a7e8b6f5ead0c86b97577b7,6929bcd0d80a2551f3983f38180ee7820502f4ec15695ca420b2a85c621a7eff,True,False
cga-review-replay-v1,C2,03,fem,p2,,65,32,,,0.10232951392691803,0.10232951392691803,0.06470227754388216,,0.0030034886935919195,-24.421129393741985,-24.523458907668903,12,4.096673345228555e-10,True,converged,0.060829666999779874,CG3072x8-d1,21b8e3fcf1ec52418e7e1d4f9e165ea4f049f7f10f630326cf259fda713bcc49,3.4718367580029626e-14,3.4718367580029626e-14,2.1448685169393471e-16,,False,new_mesh_coefficient_replay,,235b044d9c1788c1e3ccd228097884ecf1a038fe447d19f6248c43b90ba673ea,fbe4904d8be5f2979aa48d19d959400a573aec5543407e5edafbbf398eb19a0a,,,,data/raw/review_replay_20261001/models/C2_fem_p2_mesh32.npz,cfc4df8f117eb32ab80a7eb462440b9abd00a97e98d7d8d7c8e0a9fd7ab3e640,relative_H1,review_replay_20261001,True,none,True,none,False,not_applicable,not_applicable,fc38e7c1fd40d30358c96e486ddae675428216469a7e8b6f5ead0c86b97577b7,cfc4df8f117eb32ab80a7eb462440b9abd00a97e98d7d8d7c8e0a9fd7ab3e640,True,False
cga-review-replay-v1,C2,03,fem,p2,,129,64,,,0.0068271310286149856,0.0068271310286149856,0.016712474281713435,,0.00038859631682192216,-24.51663177664029,-24.523458907668903,12,4.0104052297597264e-10,True,converged,0.04337350000059814,CG3072x8-d1,21b8e3fcf1ec52418e7e1d4f9e165ea4f049f7f10f630326cf259fda713bcc49,1.0407632910251138e-12,1.0407632910251138e-12,1.868366229993157e-15,,False,new_mesh_coefficient_replay,,235b044d9c1788c1e3ccd228097884ecf1a038fe447d19f6248c43b90ba673ea,fbe4904d8be5f2979aa48d19d959400a573aec5543407e5edafbbf398eb19a0a,,,,data/raw/review_replay_20261001/models/C2_fem_p2_mesh64.npz,9ecabde46048acebc5fa26721ad6db8ee7526f7349a06e8b431e0d9ee0540353,relative_H1,review_replay_20261001,True,none,True,none,False,not_applicable,not_applicable,fc38e7c1fd40d30358c96e486ddae675428216469a7e8b6f5ead0c86b97577b7,9ecabde46048acebc5fa26721ad6db8ee7526f7349a06e8b431e0d9ee0540353,True,False
cga-review-replay-v1,C2,03,fem,p2,,257,128,,,0.00043371624566646005,0.00043371624566646005,0.00421235638745338,,4.8993816215199897e-05,-24.523025191423237,-24.523458907668903,12,3.9920525448145543e-10,True,converged,0.08210374999907799,CG3072x8-d1,21b8e3fcf1ec52418e7e1d4f9e165ea4f049f7f10f630326cf259fda713bcc49,1.6382663616122127e-11,1.6382663616122127e-11,1.0501354721353846e-14,,False,new_mesh_coefficient_replay,,235b044d9c1788c1e3ccd228097884ecf1a038fe447d19f6248c43b90ba673ea,fbe4904d8be5f2979aa48d19d959400a573aec5543407e5edafbbf398eb19a0a,,,,data/raw/review_replay_20261001/models/C2_fem_p2_mesh128.npz,b7347b3d647a7bd42346d8a2626dfe71fab5ad300e316c6517d8d106905d08a2,relative_H1,review_replay_20261001,True,none,True,none,False,not_applicable,not_applicable,fc38e7c1fd40d30358c96e486ddae675428216469a7e8b6f5ead0c86b97577b7,b7347b3d647a7bd42346d8a2626dfe71fab5ad300e316c6517d8d106905d08a2,True,False
cga-review-replay-v1,C2,03,fem,p3,,4,1,,,327.0794418530006,327.0794418530006,1.3656010605970468,,7.618005278296942,302.5559829453317,-24.523458907668903,17,4.1579559090529646e-16,True,converged,0.0825567920001049,CG3072x8-d1,21b8e3fcf1ec52418e7e1d4f9e165ea4f049f7f10f630326cf259fda713bcc49,1.625984420574135e-16,0.0,1.625984420574135e-16,,False,new_mesh_coefficient_replay,,235b044d9c1788c1e3ccd228097884ecf1a038fe447d19f6248c43b90ba673ea,fbe4904d8be5f2979aa48d19d959400a573aec5543407e5edafbbf398eb19a0a,,,,data/raw/review_replay_20261001/models/C2_fem_p3_mesh1.npz,0c3b21d5b6f26f35a88af500b6838a91a5ad1eaceb2ff4ca04f1290e5e5e9063,relative_H1,review_replay_20261001,True,none,True,none,False,not_applicable,not_applicable,fc38e7c1fd40d30358c96e486ddae675428216469a7e8b6f5ead0c86b97577b7,0c3b21d5b6f26f35a88af500b6838a91a5ad1eaceb2ff4ca04f1290e5e5e9063,True,False
cga-review-replay-v1,C2,03,fem,p3,,7,2,,,13.002270938987678,13.002270938987678,0.7294514204152283,,0.2504921219366362,-11.521187968681225,-24.523458907668903,15,4.4624618685093566e-15,True,converged,0.048237250000966014,CG3072x8-d1,21b8e3fcf1ec52418e7e1d4f9e165ea4f049f7f10f630326cf259fda713bcc49,3.0439944143043283e-16,0.0,3.0439944143043283e-16,,False,new_mesh_coefficient_replay,,235b044d9c1788c1e3ccd228097884ecf1a038fe447d19f6248c43b90ba673ea,fbe4904d8be5f2979aa48d19d959400a573aec5543407e5edafbbf398eb19a0a,,,,data/raw/review_replay_20261001/models/C2_fem_p3_mesh2.npz,102c5d5791642b3047717c7fe2c18df324d523d3108482900ee4b99e4072e89d,relative_H1,review_replay_20261001,True,none,True,none,False,not_applicable,not_applicable,fc38e7c1fd40d30358c96e486ddae675428216469a7e8b6f5ead0c86b97577b7,102c5d5791642b3047717c7fe2c18df324d523d3108482900ee4b99e4072e89d,True,False
cga-review-replay-v1,C2,03,fem,p3,,13,4,,,9.481189678645695,9.481189678645695,0.622708013255025,,0.1287574857068008,-15.042269229023209,-24.523458907668903,13,4.1824876790693416e-16,True,converged,0.04050683400055277,CG3072x8-d1,21b8e3fcf1ec52418e7e1d4f9e165ea4f049f7f10f630326cf259fda713bcc49,1.782895034258173e-16,0.0,1.782895034258173e-16,,False,new_mesh_coefficient_replay,,235b044d9c1788c1e3ccd228097884ecf1a038fe447d19f6248c43b90ba673ea,fbe4904d8be5f2979aa48d19d959400a573aec5543407e5edafbbf398eb19a0a,,,,data/raw/review_replay_20261001/models/C2_fem_p3_mesh4.npz,3d114b7f088daeefcb358432406ff8d655f12d55ad244b37dadf950e8edbb565,relative_H1,review_replay_20261001,True,none,True,none,False,not_applicable,not_applicable,fc38e7c1fd40d30358c96e486ddae675428216469a7e8b6f5ead0c86b97577b7,3d114b7f088daeefcb358432406ff8d655f12d55ad244b37dadf950e8edbb565,True,False
cga-review-replay-v1,C2,03,fem,p3,,25,8,,,2.9157973021985093,2.9157973021985093,0.3453518979565202,,0.04370130873003401,-21.607661605470394,-24.523458907668903,12,1.3579836406022206e-09,True,roundoff-limited at epsilon=0.0,0.05137908300093841,CG3072x8-d1,21b8e3fcf1ec52418e7e1d4f9e165ea4f049f7f10f630326cf259fda713bcc49,0.0,0.0,0.0,,False,new_mesh_coefficient_replay,,235b044d9c1788c1e3ccd228097884ecf1a038fe447d19f6248c43b90ba673ea,fbe4904d8be5f2979aa48d19d959400a573aec5543407e5edafbbf398eb19a0a,,,,data/raw/review_replay_20261001/models/C2_fem_p3_mesh8.npz,ee19d8b7371b6b487714507055a99c87216208b9f8bc166fea6ee82bf9170d00,relative_H1,review_replay_20261001,True,none,True,none,False,not_applicable,not_applicable,fc38e7c1fd40d30358c96e486ddae675428216469a7e8b6f5ead0c86b97577b7,ee19d8b7371b6b487714507055a99c87216208b9f8bc166fea6ee82bf9170d00,True,False
cga-review-replay-v1,C2,03,fem,p3,,49,16,,,0.11547456818040303,0.11547456818040303,0.06873324498180926,,0.00437193735778632,-24.4079843394885,-24.523458907668903,12,7.620909835463925e-10,True,converged,0.12833820800005924,CG3072x8-d1,21b8e3fcf1ec52418e7e1d4f9e165ea4f049f7f10f630326cf259fda713bcc49,6.153240033338225e-14,6.153240033338225e-14,0.0,,False,new_mesh_coefficient_replay,,235b044d9c1788c1e3ccd228097884ecf1a038fe447d19f6248c43b90ba673ea,fbe4904d8be5f2979aa48d19d959400a573aec5543407e5edafbbf398eb19a0a,,,,data/raw/review_replay_20261001/models/C2_fem_p3_mesh16.npz,0776b7b938a835b49eeda32ec73fd820a02770c1ba4d29c82d25a19ce5994044,relative_H1,review_replay_20261001,True,none,True,none,False,not_applicable,not_applicable,fc38e7c1fd40d30358c96e486ddae675428216469a7e8b6f5ead0c86b97577b7,0776b7b938a835b49eeda32ec73fd820a02770c1ba4d29c82d25a19ce5994044,True,False
cga-review-replay-v1,C2,03,fem,p3,,97,32,,,0.0022564247409597726,0.0022564247409597726,0.009607964651870405,,0.00030546292118904426,-24.521202482927944,-24.523458907668903,12,4.787747540455114e-10,True,converged,0.048918458000116516,CG3072x8-d1,21b8e3fcf1ec52418e7e1d4f9e165ea4f049f7f10f630326cf259fda713bcc49,1.574488000556735e-12,1.574488000556735e-12,0.0,,False,new_mesh_coefficient_replay,,235b044d9c1788c1e3ccd228097884ecf1a038fe447d19f6248c43b90ba673ea,fbe4904d8be5f2979aa48d19d959400a573aec5543407e5edafbbf398eb19a0a,,,,data/raw/review_replay_20261001/models/C2_fem_p3_mesh32.npz,ff64df1ef284239a31e6bd7b8d86ed0ca2d8727464a68e660331ccadc74bd78b,relative_H1,review_replay_20261001,True,none,True,none,False,not_applicable,not_applicable,fc38e7c1fd40d30358c96e486ddae675428216469a7e8b6f5ead0c86b97577b7,ff64df1ef284239a31e6bd7b8d86ed0ca2d8727464a68e660331ccadc74bd78b,True,False
cga-review-replay-v1,C2,03,fem,p3,,193,64,,,3.727191719349321e-05,3.727191719349321e-05,0.0012348464629260937,,1.9626718659703888e-05,-24.52342163575171,-24.523458907668903,12,4.1662870857764094e-10,True,converged,0.6870890409991262,CG3072x8-d1,21b8e3fcf1ec52418e7e1d4f9e165ea4f049f7f10f630326cf259fda713bcc49,9.5318780098082e-11,9.5318780098082e-11,8.25325311878365e-15,,False,new_mesh_coefficient_replay,,235b044d9c1788c1e3ccd228097884ecf1a038fe447d19f6248c43b90ba673ea,fbe4904d8be5f2979aa48d19d959400a573aec5543407e5edafbbf398eb19a0a,,,,data/raw/review_replay_20261001/models/C2_fem_p3_mesh64.npz,ba1708151bee5bf4167830894ed8793703951d6228888a3dcc6f20c5fc310b5a,relative_H1,review_replay_20261001,True,none,True,none,False,not_applicable,not_applicable,fc38e7c1fd40d30358c96e486ddae675428216469a7e8b6f5ead0c86b97577b7,ba1708151bee5bf4167830894ed8793703951d6228888a3dcc6f20c5fc310b5a,True,False
cga-review-replay-v1,C2,03,fem,p3,,385,128,,,5.905114548454549e-07,5.905114548454549e-07,0.00015543060672036676,,1.2351661935532221e-06,-24.52345831715745,-24.523458907668903,12,4.026628272244058e-10,True,converged,0.08470374999888008,CG3072x8-d1,21b8e3fcf1ec52418e7e1d4f9e165ea4f049f7f10f630326cf259fda713bcc49,6.0163332136042915e-09,6.0163332136042915e-09,5.0049026711829456e-14,,False,new_mesh_coefficient_replay,,235b044d9c1788c1e3ccd228097884ecf1a038fe447d19f6248c43b90ba673ea,fbe4904d8be5f2979aa48d19d959400a573aec5543407e5edafbbf398eb19a0a,,,,data/raw/review_replay_20261001/models/C2_fem_p3_mesh128.npz,8611d7fcda959b420149f6b400a2d048e43f74d742b082c6310bf83b0ae44ee9,relative_H1,review_replay_20261001,True,none,True,none,False,not_applicable,not_applicable,fc38e7c1fd40d30358c96e486ddae675428216469a7e8b6f5ead0c86b97577b7,8611d7fcda959b420149f6b400a2d048e43f74d742b082c6310bf83b0ae44ee9,True,False
cga-review-replay-v1,C4,17,fem,p1,,4,4,,,65.52089254765258,65.52089254765258,0.5390450540505295,0.5869538727514624,0.12369760690310729,-372.82001710535826,-438.34090965301084,23,5.3030043928006794e-14,True,converged,0.06665687499844353,CG3072x8-d1,21b8e3fcf1ec52418e7e1d4f9e165ea4f049f7f10f630326cf259fda713bcc49,3.470246918230942e-15,3.470246918230942e-15,0.0,0.0,False,new_mesh_coefficient_replay,,fa0a3e14c37bb38157d73088a3589d725f9b3228022a5797a0f25e79b611b0e0,fbe4904d8be5f2979aa48d19d959400a573aec5543407e5edafbbf398eb19a0a,,,,data/raw/review_replay_20261001/models/C4_fem_p1_mesh4.npz,18dac11653073b1ea0b8e31de56eb5f636d86c0c39c57ac8aef0ffcb9462867e,relative_gradient_component_Lp_seminorm,review_replay_20261001,True,none,True,none,True,none,not_applicable,fc38e7c1fd40d30358c96e486ddae675428216469a7e8b6f5ead0c86b97577b7,18dac11653073b1ea0b8e31de56eb5f636d86c0c39c57ac8aef0ffcb9462867e,True,False
cga-review-replay-v1,C4,17,fem,p1,,8,8,,,13.28575143053473,13.28575143053473,0.2969170144746324,0.25407548137723723,0.034324461816392385,-425.0551582224761,-438.34090965301084,22,7.406557628008914e-14,True,converged,0.06905712500156369,CG3072x8-d1,21b8e3fcf1ec52418e7e1d4f9e165ea4f049f7f10f630326cf259fda713bcc49,1.2835574824205519e-14,1.2835574824205519e-14,0.0,0.0,False,new_mesh_coefficient_replay,,fa0a3e14c37bb38157d73088a3589d725f9b3228022a5797a0f25e79b611b0e0,fbe4904d8be5f2979aa48d19d959400a573aec5543407e5edafbbf398eb19a0a,,,,data/raw/review_replay_20261001/models/C4_fem_p1_mesh8.npz,242d365e02a5a7557e37bd3e98064b7c857169ea59f060966bb2158f0bc66d43,relative_gradient_component_Lp_seminorm,review_replay_20261001,True,none,True,none,True,none,not_applicable,fc38e7c1fd40d30358c96e486ddae675428216469a7e8b6f5ead0c86b97577b7,242d365e02a5a7557e37bd3e98064b7c857169ea59f060966bb2158f0bc66d43,True,False
cga-review-replay-v1,C4,17,fem,p1,,16,16,,,3.6333064145753724,3.6333064145753724,0.14433576198847164,0.13000855211572937,0.00997559825911687,-434.70760323843547,-438.34090965301084,26,1.7415421341752637e-13,True,converged,0.060065292000217596,CG3072x8-d1,21b8e3fcf1ec52418e7e1d4f9e165ea4f049f7f10f630326cf259fda713bcc49,3.12901871599791e-14,3.12901871599791e-14,1.9229867382309453e-16,0.0,False,new_mesh_coefficient_replay,,fa0a3e14c37bb38157d73088a3589d725f9b3228022a5797a0f25e79b611b0e0,fbe4904d8be5f2979aa48d19d959400a573aec5543407e5edafbbf398eb19a0a,,,,data/raw/review_replay_20261001/models/C4_fem_p1_mesh16.npz,14f61a583687690d65eb9bfaf0da9b5899155aff203cc153be6a4d90f592abd3,relative_gradient_component_Lp_seminorm,review_replay_20261001,True,none,True,none,True,none,not_applicable,fc38e7c1fd40d30358c96e486ddae675428216469a7e8b6f5ead0c86b97577b7,14f61a583687690d65eb9bfaf0da9b5899155aff203cc153be6a4d90f592abd3,True,False
cga-review-replay-v1,C4,17,fem,p1,,32,32,,,0.9307042522679012,0.9307042522679012,0.06970579521105381,0.06534762156216592,0.0028147129586740998,-437.41020540074294,-438.34090965301084,38,4.683726621569539e-13,True,converged,0.11182750000079977,CG3072x8-d1,21b8e3fcf1ec52418e7e1d4f9e165ea4f049f7f10f630326cf259fda713bcc49,6.107570554480046e-14,6.107570554480046e-14,1.9909087566959918e-16,2.1236867503452078e-16,False,new_mesh_coefficient_replay,,fa0a3e14c37bb38157d73088a3589d725f9b3228022a5797a0f25e79b611b0e0,fbe4904d8be5f2979aa48d19d959400a573aec5543407e5edafbbf398eb19a0a,,,,data/raw/review_replay_20261001/models/C4_fem_p1_mesh32.npz,03008f6717f541b86c14cdf5ded3447ad9806ad44aadb7605d998d88a1cef039,relative_gradient_component_Lp_seminorm,review_replay_20261001,True,none,True,none,True,none,not_applicable,fc38e7c1fd40d30358c96e486ddae675428216469a7e8b6f5ead0c86b97577b7,03008f6717f541b86c14cdf5ded3447ad9806ad44aadb7605d998d88a1cef039,True,False
cga-review-replay-v1,C4,17,fem,p1,,64,64,,,0.23418668416275068,0.23418668416275068,0.03396726538803268,0.03271288556545504,0.0007617916858570477,-438.1067229688481,-438.34090965301084,31,1.304804764040541e-12,True,converged,0.07368487500207266,CG3072x8-d1,21b8e3fcf1ec52418e7e1d4f9e165ea4f049f7f10f630326cf259fda713bcc49,4.85453893879842e-13,4.85453893879842e-13,4.085635875976012e-16,2.121150055693874e-16,False,new_mesh_coefficient_replay,,fa0a3e14c37bb38157d73088a3589d725f9b3228022a5797a0f25e79b611b0e0,fbe4904d8be5f2979aa48d19d959400a573aec5543407e5edafbbf398eb19a0a,,,,data/raw/review_replay_20261001/models/C4_fem_p1_mesh64.npz,03ef19a30100fa6e3027375a9afbcf04b4df4046ee9594880c81a5a331dc94c8,relative_gradient_component_Lp_seminorm,review_replay_20261001,True,none,True,none,True,none,not_applicable,fc38e7c1fd40d30358c96e486ddae675428216469a7e8b6f5ead0c86b97577b7,03ef19a30100fa6e3027375a9afbcf04b4df4046ee9594880c81a5a331dc94c8,True,False
cga-review-replay-v1,C4,17,fem,p1,,128,128,,,0.05864498198383217,0.05864498198383217,0.016717012073354066,0.016361009102584246,0.00019992603780491595,-438.282264671027,-438.34090965301084,33,3.6314971422664792e-12,True,converged,0.09894466699915938,CG3072x8-d1,21b8e3fcf1ec52418e7e1d4f9e165ea4f049f7f10f630326cf259fda713bcc49,2.9078405485645393e-12,2.9078405485645393e-12,1.2452393777296035e-15,8.482232190447495e-16,False,new_mesh_coefficient_replay,,fa0a3e14c37bb38157d73088a3589d725f9b3228022a5797a0f25e79b611b0e0,fbe4904d8be5f2979aa48d19d959400a573aec5543407e5edafbbf398eb19a0a,,,,data/raw/review_replay_20261001/models/C4_fem_p1_mesh128.npz,36e135b6e103e9c5d426e92e6e52ad40a7ae47877af07b7ab446b082fbb4778f,relative_gradient_component_Lp_seminorm,review_replay_20261001,True,none,True,none,True,none,not_applicable,fc38e7c1fd40d30358c96e486ddae675428216469a7e8b6f5ead0c86b97577b7,36e135b6e103e9c5d426e92e6e52ad40a7ae47877af07b7ab446b082fbb4778f,True,False
cga-review-replay-v1,C4,17,fem,p1,,256,256,,,0.014667518614089659,0.014667518614089659,0.008285108944990861,0.008181052739763803,5.144350823059963e-05,-438.32624213439675,-438.34090965301084,35,1.0455446976556715e-11,True,converged,0.18028337499708869,CG3072x8-d1,21b8e3fcf1ec52418e7e1d4f9e165ea4f049f7f10f630326cf259fda713bcc49,3.875462534351521e-12,3.875462534351521e-12,4.39694797465975e-15,2.7565407417663924e-15,False,new_mesh_coefficient_replay,,fa0a3e14c37bb38157d73088a3589d725f9b3228022a5797a0f25e79b611b0e0,fbe4904d8be5f2979aa48d19d959400a573aec5543407e5edafbbf398eb19a0a,,,,data/raw/review_replay_20261001/models/C4_fem_p1_mesh256.npz,c1e4f3307621f27d8f1713a63b4c02d744b13f7d36daab6af631ad27c9a73d7e,relative_gradient_component_Lp_seminorm,review_replay_20261001,True,none,True,none,True,none,not_applicable,fc38e7c1fd40d30358c96e486ddae675428216469a7e8b6f5ead0c86b97577b7,c1e4f3307621f27d8f1713a63b4c02d744b13f7d36daab6af631ad27c9a73d7e,True,False
cga-review-replay-v1,C4,17,fem,p2,,4,2,,,65.52089256793874,65.52089256793874,0.5390418070776589,0.5869521394907268,0.12369878176885818,-372.8200170850721,-438.34090965301084,23,5.368477062418096e-14,True,converged,0.05941287499808823,CG3072x8-d1,21b8e3fcf1ec52418e7e1d4f9e165ea4f049f7f10f630326cf259fda713bcc49,1.891505201068778e-16,0.0,0.0,1.891505201068778e-16,False,new_mesh_coefficient_replay,,fa0a3e14c37bb38157d73088a3589d725f9b3228022a5797a0f25e79b611b0e0,fbe4904d8be5f2979aa48d19d959400a573aec5543407e5edafbbf398eb19a0a,,,,data/raw/review_replay_20261001/models/C4_fem_p2_mesh2.npz,d82d8fe063a9c68c3c70d2c2b1cf9fb631242bdf5cbe3072f6b09ac10600ee6e,relative_gradient_component_Lp_seminorm,review_replay_20261001,True,none,True,none,True,none,not_applicable,fc38e7c1fd40d30358c96e486ddae675428216469a7e8b6f5ead0c86b97577b7,d82d8fe063a9c68c3c70d2c2b1cf9fb631242bdf5cbe3072f6b09ac10600ee6e,True,False
cga-review-replay-v1,C4,17,fem,p2,,8,4,,,2.9252716356772908,2.9252716356772908,0.16559794083614016,0.1189772437804575,0.022553327178699834,-435.41563801733355,-438.34090965301084,23,5.636798514822117e-14,True,converged,0.05709595799999079,CG3072x8-d1,21b8e3fcf1ec52418e7e1d4f9e165ea4f049f7f10f630326cf259fda713bcc49,3.8863685797607653e-14,3.8863685797607653e-14,0.0,1.1664237098501302e-16,False,new_mesh_coefficient_replay,,fa0a3e14c37bb38157d73088a3589d725f9b3228022a5797a0f25e79b611b0e0,fbe4904d8be5f2979aa48d19d959400a573aec5543407e5edafbbf398eb19a0a,,,,data/raw/review_replay_20261001/models/C4_fem_p2_mesh4.npz,887e6b148f14fa1a5f53c3728e33ea317c2a360c0b0897abf49811614bb01dc4,relative_gradient_component_Lp_seminorm,review_replay_20261001,True,none,True,none,True,none,not_applicable,fc38e7c1fd40d30358c96e486ddae675428216469a7e8b6f5ead0c86b97577b7,887e6b148f14fa1a5f53c3728e33ea317c2a360c0b0897abf49811614bb01dc4,True,False
cga-review-replay-v1,C4,17,fem,p2,,16,8,,,0.4170801753317619,0.4170801753317619,0.031348396902465915,0.043756049756973024,0.0031265754121762427,-437.9238294776791,-438.34090965301084,25,1.2299064309504972e-13,True,converged,0.06816712500221911,CG3072x8-d1,21b8e3fcf1ec52418e7e1d4f9e165ea4f049f7f10f630326cf259fda713bcc49,1.5858136057634948e-16,0.0,0.0,1.5858136057634948e-16,False,new_mesh_coefficient_replay,,fa0a3e14c37bb38157d73088a3589d725f9b3228022a5797a0f25e79b611b0e0,fbe4904d8be5f2979aa48d19d959400a573aec5543407e5edafbbf398eb19a0a,,,,data/raw/review_replay_20261001/models/C4_fem_p2_mesh8.npz,00472ccb00bcb7c6253f1260aca975e7201480cfc8247c9e2ff9cd7a700374e3,relative_gradient_component_Lp_seminorm,review_replay_20261001,True,none,True,none,True,none,not_applicable,fc38e7c1fd40d30358c96e486ddae675428216469a7e8b6f5ead0c86b97577b7,00472ccb00bcb7c6253f1260aca975e7201480cfc8247c9e2ff9cd7a700374e3,True,False
cga-review-replay-v1,C4,17,fem,p2,,32,16,,,0.028220796509117463,0.028220796509117463,0.007085128646840807,0.01135472706608379,0.0003718135112146055,-438.3126888565017,-438.34090965301084,27,2.9649818108801786e-13,True,converged,0.08434929199938779,CG3072x8-d1,21b8e3fcf1ec52418e7e1d4f9e165ea4f049f7f10f630326cf259fda713bcc49,2.014238642854863e-12,2.014238642854863e-12,1.2242004079561096e-16,3.0555088922539957e-16,False,new_mesh_coefficient_replay,,fa0a3e14c37bb38157d73088a3589d725f9b3228022a5797a0f25e79b611b0e0,fbe4904d8be5f2979aa48d19d959400a573aec5543407e5edafbbf398eb19a0a,,,,data/raw/review_replay_20261001/models/C4_fem_p2_mesh16.npz,cd585409e115d2f90e07ce833518c483e3f5e8c24143b64b4ae7fee16ad48bfb,relative_gradient_component_Lp_seminorm,review_replay_20261001,True,none,True,none,True,none,not_applicable,fc38e7c1fd40d30358c96e486ddae675428216469a7e8b6f5ead0c86b97577b7,cd585409e115d2f90e07ce833518c483e3f5e8c24143b64b4ae7fee16ad48bfb,True,False
cga-review-replay-v1,C4,17,fem,p2,,64,32,,,0.0017982732899781695,0.0017982732899781695,0.0017447334069033928,0.0028648663422256608,4.4590697430973174e-05,-438.33911137972086,-438.34090965301084,29,7.980938547063817e-13,True,converged,0.07850454100116622,CG3072x8-d1,21b8e3fcf1ec52418e7e1d4f9e165ea4f049f7f10f630326cf259fda713bcc49,6.322000018306236e-11,6.322000018306236e-11,3.728485400218639e-16,2.724823677404475e-15,False,new_mesh_coefficient_replay,,fa0a3e14c37bb38157d73088a3589d725f9b3228022a5797a0f25e79b611b0e0,fbe4904d8be5f2979aa48d19d959400a573aec5543407e5edafbbf398eb19a0a,,,,data/raw/review_replay_20261001/models/C4_fem_p2_mesh32.npz,99a44d72891f33e11f4a9dbaaa97cd409957c198a5eb54d6676795eca92b13b3,relative_gradient_component_Lp_seminorm,review_replay_20261001,True,none,True,none,True,none,not_applicable,fc38e7c1fd40d30358c96e486ddae675428216469a7e8b6f5ead0c86b97577b7,99a44d72891f33e11f4a9dbaaa97cd409957c198a5eb54d6676795eca92b13b3,True,False
cga-review-replay-v1,C4,17,fem,p2,,128,64,,,0.0001129321090047597,0.0001129321090047597,0.0004349641328014036,0.0007178511374083743,5.481072937003052e-06,-438.34079672090184,-438.34090965301084,32,2.2075809447258176e-12,True,converged,0.0856350409994775,CG3072x8-d1,21b8e3fcf1ec52418e7e1d4f9e165ea4f049f7f10f630326cf259fda713bcc49,1.0066830303932827e-09,1.0066830303932827e-09,4.212535088122075e-14,3.775860049479586e-14,False,new_mesh_coefficient_replay,,fa0a3e14c37bb38157d73088a3589d725f9b3228022a5797a0f25e79b611b0e0,fbe4904d8be5f2979aa48d19d959400a573aec5543407e5edafbbf398eb19a0a,,,,data/raw/review_replay_20261001/models/C4_fem_p2_mesh64.npz,53895064da6370d1c8eb3089dbaa204eb65632c2cd3ea6fe346d520195d25309,relative_gradient_component_Lp_seminorm,review_replay_20261001,True,none,True,none,True,none,not_applicable,fc38e7c1fd40d30358c96e486ddae675428216469a7e8b6f5ead0c86b97577b7,53895064da6370d1c8eb3089dbaa204eb65632c2cd3ea6fe346d520195d25309,True,False
cga-review-replay-v1,C4,17,fem,p2,,256,128,,,7.066694308832666e-06,7.066694308832666e-06,0.00010867092917004096,0.00017956484122814962,6.815365925462225e-07,-438.34090258631653,-438.34090965301084,33,5.970676620952178e-12,True,converged,0.09920054200119921,CG3072x8-d1,21b8e3fcf1ec52418e7e1d4f9e165ea4f049f7f10f630326cf259fda713bcc49,8.043848562935485e-09,8.043848562935485e-09,7.518863310360341e-13,4.443925623142736e-13,False,new_mesh_coefficient_replay,,fa0a3e14c37bb38157d73088a3589d725f9b3228022a5797a0f25e79b611b0e0,fbe4904d8be5f2979aa48d19d959400a573aec5543407e5edafbbf398eb19a0a,,,,data/raw/review_replay_20261001/models/C4_fem_p2_mesh128.npz,1996414cbd6af7e3e4173912fd650db873c3f32b24ac83fcd82c839c2652f1a3,relative_gradient_component_Lp_seminorm,review_replay_20261001,True,none,True,none,True,none,not_applicable,fc38e7c1fd40d30358c96e486ddae675428216469a7e8b6f5ead0c86b97577b7,1996414cbd6af7e3e4173912fd650db873c3f32b24ac83fcd82c839c2652f1a3,True,False
cga-review-replay-v1,C4,17,fem,p3,,3,1,,,185.8236577706998,185.8236577706998,0.6649179953377427,0.8789155071451558,0.412483785295876,-252.51725188231103,-438.34090965301084,23,4.547146269098586e-14,True,converged,0.06107791700196685,CG3072x8-d1,21b8e3fcf1ec52418e7e1d4f9e165ea4f049f7f10f630326cf259fda713bcc49,3.058997952292538e-16,3.058997952292538e-16,0.0,1.2631737813243517e-16,False,new_mesh_coefficient_replay,,fa0a3e14c37bb38157d73088a3589d725f9b3228022a5797a0f25e79b611b0e0,fbe4904d8be5f2979aa48d19d959400a573aec5543407e5edafbbf398eb19a0a,,,,data/raw/review_replay_20261001/models/C4_fem_p3_mesh1.npz,243be3d7c38d3fbdc79a0b7d22e282eae12423b254bb9fd7dae8f9ed9359a6ee,relative_gradient_component_Lp_seminorm,review_replay_20261001,True,none,True,none,True,none,not_applicable,fc38e7c1fd40d30358c96e486ddae675428216469a7e8b6f5ead0c86b97577b7,243be3d7c38d3fbdc79a0b7d22e282eae12423b254bb9fd7dae8f9ed9359a6ee,True,False
cga-review-replay-v1,C4,17,fem,p3,,6,2,,,0.06496123551454502,0.06496123551454502,0.06694621961197027,0.016835441014092522,0.006420677098003594,-438.2759484174963,-438.34090965301084,22,4.3608484029361925e-14,True,converged,0.10282258299776004,CG3072x8-d1,21b8e3fcf1ec52418e7e1d4f9e165ea4f049f7f10f630326cf259fda713bcc49,2.7108787878660675e-10,2.6251079621821816e-12,2.072975574760169e-16,2.7108787878660675e-10,False,new_mesh_coefficient_replay,,fa0a3e14c37bb38157d73088a3589d725f9b3228022a5797a0f25e79b611b0e0,fbe4904d8be5f2979aa48d19d959400a573aec5543407e5edafbbf398eb19a0a,,,,data/raw/review_replay_20261001/models/C4_fem_p3_mesh2.npz,69c058d1d1f66f9d115e5c8f859bcb431f79954318c29bb1250429e07732364d,relative_gradient_component_Lp_seminorm,review_replay_20261001,True,none,True,none,True,none,not_applicable,fc38e7c1fd40d30358c96e486ddae675428216469a7e8b6f5ead0c86b97577b7,69c058d1d1f66f9d115e5c8f859bcb431f79954318c29bb1250429e07732364d,True,False
cga-review-replay-v1,C4,17,fem,p3,,12,4,,,0.020052642106065832,0.020052642106065832,0.04087334274411111,0.009419180569497997,0.0031550017023011185,-438.3208570109048,-438.34090965301084,25,4.603719127501802e-14,True,converged,0.09357612500025425,CG3072x8-d1,21b8e3fcf1ec52418e7e1d4f9e165ea4f049f7f10f630326cf259fda713bcc49,2.589206100579253e-10,0.0,0.0,2.589206100579253e-10,False,new_mesh_coefficient_replay,,fa0a3e14c37bb38157d73088a3589d725f9b3228022a5797a0f25e79b611b0e0,fbe4904d8be5f2979aa48d19d959400a573aec5543407e5edafbbf398eb19a0a,,,,data/raw/review_replay_20261001/models/C4_fem_p3_mesh4.npz,88458d1d6a0d6e3f30195ca3a59461b08065e79d28fd3dcd71f909f7f266ba96,relative_gradient_component_Lp_seminorm,review_replay_20261001,True,none,True,none,True,none,not_applicable,fc38e7c1fd40d30358c96e486ddae675428216469a7e8b6f5ead0c86b97577b7,88458d1d6a0d6e3f30195ca3a59461b08065e79d28fd3dcd71f909f7f266ba96,True,False
cga-review-replay-v1,C4,17,fem,p3,,24,8,,,0.00041412646066874004,0.00041412646066874004,0.006152229275688953,0.0013725082722662993,0.0002198197501111426,-438.34049552655017,-438.34090965301084,30,1.0592922753703352e-13,True,converged,0.1099420420032402,CG3072x8-d1,21b8e3fcf1ec52418e7e1d4f9e165ea4f049f7f10f630326cf259fda713bcc49,3.952984405166212e-10,0.0,8.458999485755732e-16,3.952984405166212e-10,False,new_mesh_coefficient_replay,,fa0a3e14c37bb38157d73088a3589d725f9b3228022a5797a0f25e79b611b0e0,fbe4904d8be5f2979aa48d19d959400a573aec5543407e5edafbbf398eb19a0a,,,,data/raw/review_replay_20261001/models/C4_fem_p3_mesh8.npz,b3772ec2ecb8855d28e560d821b249ea4e11a444068c6f6b1a0a0b86a9665b4b,relative_gradient_component_Lp_seminorm,review_replay_20261001,True,none,True,none,True,none,not_applicable,fc38e7c1fd40d30358c96e486ddae675428216469a7e8b6f5ead0c86b97577b7,b3772ec2ecb8855d28e560d821b249ea4e11a444068c6f6b1a0a0b86a9665b4b,True,False
cga-review-replay-v1,C4,17,fem,p3,,48,16,,,9.596458312444156e-06,9.596458312444156e-06,0.0007009041477972036,0.00020923774702908974,1.2010445323329426e-05,-438.3409000565525,-438.34090965301084,28,2.721540792885016e-13,True,converged,0.0852091670021764,CG3072x8-d1,21b8e3fcf1ec52418e7e1d4f9e165ea4f049f7f10f630326cf259fda713bcc49,1.1846749500718742e-08,1.1846749500718742e-08,1.175615315844006e-14,6.216358018368216e-10,False,new_mesh_coefficient_replay,,fa0a3e14c37bb38157d73088a3589d725f9b3228022a5797a0f25e79b611b0e0,fbe4904d8be5f2979aa48d19d959400a573aec5543407e5edafbbf398eb19a0a,,,,data/raw/review_replay_20261001/models/C4_fem_p3_mesh16.npz,caa85bbf8649ccfe1db827228aabbd8acb67843a5774733b20798d131a092673,relative_gradient_component_Lp_seminorm,review_replay_20261001,True,none,True,none,True,none,not_applicable,fc38e7c1fd40d30358c96e486ddae675428216469a7e8b6f5ead0c86b97577b7,caa85bbf8649ccfe1db827228aabbd8acb67843a5774733b20798d131a092673,True,False
cga-review-replay-v1,C4,17,fem,p3,,96,32,,,1.621716023691988e-07,1.621716023691988e-07,7.536110727455371e-05,2.7201651927610948e-05,6.47340087779644e-07,-438.34090949083924,-438.34090965301084,31,7.441890241110943e-13,True,converged,0.10815354200167349,CG3072x8-d1,21b8e3fcf1ec52418e7e1d4f9e165ea4f049f7f10f630326cf259fda713bcc49,3.5051401127182957e-07,3.5051401127182957e-07,1.4854329820459933e-13,3.418541921735978e-11,False,new_mesh_coefficient_replay,,fa0a3e14c37bb38157d73088a3589d725f9b3228022a5797a0f25e79b611b0e0,fbe4904d8be5f2979aa48d19d959400a573aec5543407e5edafbbf398eb19a0a,,,,data/raw/review_replay_20261001/models/C4_fem_p3_mesh32.npz,cdbfcf800133f1f833edd3832150be2e6c5a151928ecc2018cfa6b570fd2eac8,relative_gradient_component_Lp_seminorm,review_replay_20261001,True,none,True,none,True,none,not_applicable,fc38e7c1fd40d30358c96e486ddae675428216469a7e8b6f5ead0c86b97577b7,cdbfcf800133f1f833edd3832150be2e6c5a151928ecc2018cfa6b570fd2eac8,True,False
cga-review-replay-v1,C4,17,fem,p3,,192,64,,,2.5804638426052406e-09,2.5804638426052406e-09,8.008255226584127e-06,3.4313401142433946e-06,3.614475196286376e-08,-438.3409096504304,-438.34090965301084,36,2.0436841343248547e-12,True,converged,0.1875450000006822,CG3072x8-d1,21b8e3fcf1ec52418e7e1d4f9e165ea4f049f7f10f630326cf259fda713bcc49,4.405674508767292e-05,4.405674508767292e-05,1.610242084467112e-12,3.348546499896619e-13,False,new_mesh_coefficient_replay,,fa0a3e14c37bb38157d73088a3589d725f9b3228022a5797a0f25e79b611b0e0,fbe4904d8be5f2979aa48d19d959400a573aec5543407e5edafbbf398eb19a0a,,,,data/raw/review_replay_20261001/models/C4_fem_p3_mesh64.npz,1caf03379bb65536a209de7c47a5bbe4d41a7009d4ca01763003ae098fd69d08,relative_gradient_component_Lp_seminorm,review_replay_20261001,True,none,True,none,True,none,not_applicable,fc38e7c1fd40d30358c96e486ddae675428216469a7e8b6f5ead0c86b97577b7,1caf03379bb65536a209de7c47a5bbe4d41a7009d4ca01763003ae098fd69d08,True,False
cga-review-replay-v1,C4,17,fem,p3,,384,128,,,4.0472514228895307e-11,4.0472514228895307e-11,8.501547465505861e-07,4.2986670714872786e-07,2.0993111543568407e-09,-438.34090965297037,-438.34090965301084,34,5.274534536870906e-12,True,converged,0.17183883399775368,CG3072x8-d1,21b8e3fcf1ec52418e7e1d4f9e165ea4f049f7f10f630326cf259fda713bcc49,0.0014044943820224719,0.0014044943820224719,1.6311507794736576e-11,1.6806748520739746e-11,False,new_mesh_coefficient_replay,,fa0a3e14c37bb38157d73088a3589d725f9b3228022a5797a0f25e79b611b0e0,fbe4904d8be5f2979aa48d19d959400a573aec5543407e5edafbbf398eb19a0a,,,,data/raw/review_replay_20261001/models/C4_fem_p3_mesh128.npz,5dde0046843d042dfd896ac1a292c1056b1338e8bf4135a8482c00890864a094,relative_gradient_component_Lp_seminorm,review_replay_20261001,True,none,True,none,True,none,not_applicable,fc38e7c1fd40d30358c96e486ddae675428216469a7e8b6f5ead0c86b97577b7,5dde0046843d042dfd896ac1a292c1056b1338e8bf4135a8482c00890864a094,True,False
cga-review-replay-v1,C3,06,fem,p1,,4,1,,,9.01279998834826,9.01279998834826,0.9487795854785492,,1.0081311926003007,-1.0000738380898726,-10.012873826438131,4,6.777177669305283e-16,True,converged,0.009658292001404334,CG80x3-d2,599581f601cc019af5d55e28f70f46e87c3cdb7c2aea2307e39429b21556b65b,8.606417753830649e-06,8.606417753830649e-06,4.268443353876218e-06,,False,new_mesh_coefficient_replay,,81c87de48137dedc13f2fa6e3c3295210c7791fc9b74889812acb12af85c3c35,fbe4904d8be5f2979aa48d19d959400a573aec5543407e5edafbbf398eb19a0a,,,,data/raw/review_replay_20261001/models/C3_fem_p1_mesh1.npz,ce170a278935bce1b6059b73785c222da6833a686601a2325a2e1d901812b2aa,relative_H1,review_replay_20261001,True,none,True,none,False,not_applicable,not_applicable,fc38e7c1fd40d30358c96e486ddae675428216469a7e8b6f5ead0c86b97577b7,ce170a278935bce1b6059b73785c222da6833a686601a2325a2e1d901812b2aa,True,False
cga-review-replay-v1,C3,06,fem,p1,,9,2,,,5.942774671708044,5.942774671708044,0.7706036324707949,,0.7203289511921778,-4.070099154730087,-10.012873826438131,3,1.4341094331142405e-10,True,converged,0.005132332997163758,CG80x3-d2,599581f601cc019af5d55e28f70f46e87c3cdb7c2aea2307e39429b21556b65b,5.186860852671177e-05,5.186860852671177e-05,2.6936165842597224e-05,,False,new_mesh_coefficient_replay,,81c87de48137dedc13f2fa6e3c3295210c7791fc9b74889812acb12af85c3c35,fbe4904d8be5f2979aa48d19d959400a573aec5543407e5edafbbf398eb19a0a,,,,data/raw/review_replay_20261001/models/C3_fem_p1_mesh2.npz,f6345150939767a7632aabf4aea4b84107bc94d380d19d0a15be34df7d1a0a2a,relative_H1,review_replay_20261001,True,none,True,none,False,not_applicable,not_applicable,fc38e7c1fd40d30358c96e486ddae675428216469a7e8b6f5ead0c86b97577b7,f6345150939767a7632aabf4aea4b84107bc94d380d19d0a15be34df7d1a0a2a,True,False
cga-review-replay-v1,C3,06,fem,p1,,16,3,,,5.902265570832894,5.902265570832894,0.765766018434993,,0.654758503354415,-4.1106082556052375,-10.012873826438131,4,1.52981898170923e-16,True,converged,0.0073885840029106475,CG80x3-d2,599581f601cc019af5d55e28f70f46e87c3cdb7c2aea2307e39429b21556b65b,0.0064284478678996336,0.0064284478678996336,0.003123209555701555,,False,new_mesh_coefficient_replay,,81c87de48137dedc13f2fa6e3c3295210c7791fc9b74889812acb12af85c3c35,fbe4904d8be5f2979aa48d19d959400a573aec5543407e5edafbbf398eb19a0a,,,,data/raw/review_replay_20261001/models/C3_fem_p1_mesh3.npz,a8c5cd2235f818aa029217e8c8a6d61ac03f48d2c6548881829f40677381f0db,relative_H1,review_replay_20261001,True,none,True,none,False,not_applicable,not_applicable,fc38e7c1fd40d30358c96e486ddae675428216469a7e8b6f5ead0c86b97577b7,a8c5cd2235f818aa029217e8c8a6d61ac03f48d2c6548881829f40677381f0db,True,False
cga-review-replay-v1,C3,06,fem,p1,,25,4,,,4.174443101834572,4.174443101834572,0.6469715527198855,,0.4756021181819048,-5.838430724603559,-10.012873826438131,3,6.863702386680181e-10,True,converged,0.0057746660022530705,CG80x3-d2,599581f601cc019af5d55e28f70f46e87c3cdb7c2aea2307e39429b21556b65b,0.0026788068754947433,0.0026788068754947433,0.0006095583984076818,,False,new_mesh_coefficient_replay,,81c87de48137dedc13f2fa6e3c3295210c7791fc9b74889812acb12af85c3c35,fbe4904d8be5f2979aa48d19d959400a573aec5543407e5edafbbf398eb19a0a,,,,data/raw/review_replay_20261001/models/C3_fem_p1_mesh4.npz,180bc0daccffefbb9eba19ba8f4b677a8f2ba9b8721e01404982f2ed871d77bb,relative_H1,review_replay_20261001,True,none,True,none,False,not_applicable,not_applicable,fc38e7c1fd40d30358c96e486ddae675428216469a7e8b6f5ead0c86b97577b7,180bc0daccffefbb9eba19ba8f4b677a8f2ba9b8721e01404982f2ed871d77bb,True,False
cga-review-replay-v1,C3,06,fem,p1,,36,5,,,3.033856209881387,3.033856209881387,0.5498714912233447,,0.34820309253436466,-6.979017616556748,-10.012873826438135,3,6.312074422660437e-10,True,converged,0.007291875001101289,CG128x4-d2,b418bfbdc1a479acc246606170341f14284e7e2b3acfc821d242d7523004d65b,0.007561030166070057,0.007561030166070057,0.00047135475236663037,,False,new_mesh_coefficient_replay,,81c87de48137dedc13f2fa6e3c3295210c7791fc9b74889812acb12af85c3c35,fbe4904d8be5f2979aa48d19d959400a573aec5543407e5edafbbf398eb19a0a,,,,data/raw/review_replay_20261001/models/C3_fem_p1_mesh5.npz,62960676b0d672174cb1a938369cea90208fb00d31a1b5c699e6bcaa2c2a9751,relative_H1,review_replay_20261001,True,none,True,none,False,not_applicable,not_applicable,fc38e7c1fd40d30358c96e486ddae675428216469a7e8b6f5ead0c86b97577b7,62960676b0d672174cb1a938369cea90208fb00d31a1b5c699e6bcaa2c2a9751,True,False
cga-review-replay-v1,C3,06,fem,p1,,49,6,,,2.2561187890242245,2.2561187890242245,0.4747536984708348,,0.2615121425242761,-7.756755037413901,-10.012873826438126,3,9.34318971646285e-10,True,converged,0.009062917000846937,CG192x4-d2,fd25921a2d114ee698b68f3913d50877f3c9d34661accee4b9456b9f9ca7756c,0.02010292803158927,0.02010292803158927,0.0007506617433647819,,False,new_mesh_coefficient_replay,,81c87de48137dedc13f2fa6e3c3295210c7791fc9b74889812acb12af85c3c35,fbe4904d8be5f2979aa48d19d959400a573aec5543407e5edafbbf398eb19a0a,,,,data/raw/review_replay_20261001/models/C3_fem_p1_mesh6.npz,54a247f80c20a84b56ff2ad93b870a32b9c1fd3f5bfffc462d0f1995249655bd,relative_H1,review_replay_20261001,False,quadrature_audit_failed,True,none,False,not_applicable,not_applicable,fc38e7c1fd40d30358c96e486ddae675428216469a7e8b6f5ead0c86b97577b7,54a247f80c20a84b56ff2ad93b870a32b9c1fd3f5bfffc462d0f1995249655bd,True,False
cga-review-replay-v1,C3,06,fem,p1,,81,8,,,1.3377540192379147,1.3377540192379147,0.3701631088769596,,0.15980109722641353,-8.675119807200216,-10.012873826438131,4,2.312516688235727e-16,True,converged,0.01840858299692627,CG80x3-d2,599581f601cc019af5d55e28f70f46e87c3cdb7c2aea2307e39429b21556b65b,0.008198095581445668,0.008198095581445668,0.000281004189732244,,False,new_mesh_coefficient_replay,,81c87de48137dedc13f2fa6e3c3295210c7791fc9b74889812acb12af85c3c35,fbe4904d8be5f2979aa48d19d959400a573aec5543407e5edafbbf398eb19a0a,,,,data/raw/review_replay_20261001/models/C3_fem_p1_mesh8.npz,af3126a9e1265408c08c9ae911df03e8d3ff63b313696263458a3c8908c7c4ab,relative_H1,review_replay_20261001,True,none,True,none,False,not_applicable,not_applicable,fc38e7c1fd40d30358c96e486ddae675428216469a7e8b6f5ead0c86b97577b7,af3126a9e1265408c08c9ae911df03e8d3ff63b313696263458a3c8908c7c4ab,True,False
cga-review-replay-v1,C3,06,fem,p1,,144,11,,,0.7610438460592608,0.7610438460592608,0.275431278772181,,0.08911030432685436,-9.251829980378865,-10.012873826438126,4,6.211701763918724e-16,True,converged,0.032291374998749234,CG192x4-d2,fd25921a2d114ee698b68f3913d50877f3c9d34661accee4b9456b9f9ca7756c,0.015364034391533948,0.015364034391533948,0.0006611647857798311,,False,new_mesh_coefficient_replay,,81c87de48137dedc13f2fa6e3c3295210c7791fc9b74889812acb12af85c3c35,fbe4904d8be5f2979aa48d19d959400a573aec5543407e5edafbbf398eb19a0a,,,,data/raw/review_replay_20261001/models/C3_fem_p1_mesh11.npz,fd69dc2e4411906bad8a285e1c5034a7d4b77c9558f0e09772ba112735bad99f,relative_H1,review_replay_20261001,False,quadrature_audit_failed,True,none,False,not_applicable,not_applicable,fc38e7c1fd40d30358c96e486ddae675428216469a7e8b6f5ead0c86b97577b7,fd69dc2e4411906bad8a285e1c5034a7d4b77c9558f0e09772ba112735bad99f,True,False
cga-review-replay-v1,C3,06,fem,p1,,289,16,,,0.3688905990870932,0.3688905990870932,0.19229223860022338,,0.04353794186214055,-9.643983227351033,-10.012873826438126,4,7.28741850053728e-16,True,converged,0.058439292002731236,CG192x4-d2,fd25921a2d114ee698b68f3913d50877f3c9d34661accee4b9456b9f9ca7756c,0.0010768670958311013,0.0010768670958311013,0.00010432921173910833,,False,new_mesh_coefficient_replay,,81c87de48137dedc13f2fa6e3c3295210c7791fc9b74889812acb12af85c3c35,fbe4904d8be5f2979aa48d19d959400a573aec5543407e5edafbbf398eb19a0a,,,,data/raw/review_replay_20261001/models/C3_fem_p1_mesh16.npz,fb602074e90222e4f494bec9e6e791dc5f6737ead8809393f243c3b457e6dfec,relative_H1,review_replay_20261001,True,none,True,none,False,not_applicable,not_applicable,fc38e7c1fd40d30358c96e486ddae675428216469a7e8b6f5ead0c86b97577b7,fb602074e90222e4f494bec9e6e791dc5f6737ead8809393f243c3b457e6dfec,True,False
cga-review-replay-v1,C3,06,fem,p1,,529,22,,,0.20078402537906292,0.20078402537906292,0.14075378731212584,,0.023363459668382994,-9.812089801059063,-10.012873826438126,4,1.8723524395541174e-15,True,converged,0.10646004099908168,CG192x4-d2,fd25921a2d114ee698b68f3913d50877f3c9d34661accee4b9456b9f9ca7756c,0.07045680583296199,0.07045680583296199,0.00019276516630336893,,False,new_mesh_coefficient_replay,,81c87de48137dedc13f2fa6e3c3295210c7791fc9b74889812acb12af85c3c35,fbe4904d8be5f2979aa48d19d959400a573aec5543407e5edafbbf398eb19a0a,,,,data/raw/review_replay_20261001/models/C3_fem_p1_mesh22.npz,97eb7d86465c477795b26ef0ff6f53a36374a54bfb885de64e02f2c12464eb88,relative_H1,review_replay_20261001,False,quadrature_audit_failed,True,none,False,not_applicable,not_applicable,fc38e7c1fd40d30358c96e486ddae675428216469a7e8b6f5ead0c86b97577b7,97eb7d86465c477795b26ef0ff6f53a36374a54bfb885de64e02f2c12464eb88,True,False
cga-review-replay-v1,C3,06,fem,p2,,9,1,,,6.954048621878586,6.954048621878586,0.8335261683478876,,0.7665579853671617,-3.0588252045595445,-10.012873826438131,4,1.494793028401217e-16,True,converged,0.00825795800119522,CG80x3-d2,599581f601cc019af5d55e28f70f46e87c3cdb7c2aea2307e39429b21556b65b,2.3550543378207907e-05,2.3550543378207907e-05,2.2203708959635523e-05,,False,new_mesh_coefficient_replay,,81c87de48137dedc13f2fa6e3c3295210c7791fc9b74889812acb12af85c3c35,fbe4904d8be5f2979aa48d19d959400a573aec5543407e5edafbbf398eb19a0a,,,,data/raw/review_replay_20261001/models/C3_fem_p2_mesh1.npz,39dc3bb5efdb02ff711b7679f38b16f19430f7300ae61d9fdf28bbd4e64ef545,relative_H1,review_replay_20261001,True,none,True,none,False,not_applicable,not_applicable,fc38e7c1fd40d30358c96e486ddae675428216469a7e8b6f5ead0c86b97577b7,39dc3bb5efdb02ff711b7679f38b16f19430f7300ae61d9fdf28bbd4e64ef545,True,False
cga-review-replay-v1,C3,06,fem,p2,,25,2,,,1.6882566799302428,1.6882566799302428,0.41093842869326863,,0.22090635473088605,-8.324617146507888,-10.012873826438131,4,1.2851881773275842e-16,True,converged,0.0077902919983898755,CG80x3-d2,599581f601cc019af5d55e28f70f46e87c3cdb7c2aea2307e39429b21556b65b,5.358006127636263e-05,5.358006127636263e-05,4.697714730816823e-05,,False,new_mesh_coefficient_replay,,81c87de48137dedc13f2fa6e3c3295210c7791fc9b74889812acb12af85c3c35,fbe4904d8be5f2979aa48d19d959400a573aec5543407e5edafbbf398eb19a0a,,,,data/raw/review_replay_20261001/models/C3_fem_p2_mesh2.npz,6667513db8f178c59326583c08816a9306348cef923d3442e65a32445266e2c9,relative_H1,review_replay_20261001,True,none,True,none,False,not_applicable,not_applicable,fc38e7c1fd40d30358c96e486ddae675428216469a7e8b6f5ead0c86b97577b7,6667513db8f178c59326583c08816a9306348cef923d3442e65a32445266e2c9,True,False
cga-review-replay-v1,C3,06,fem,p2,,49,3,,,1.0034258171558808,1.0034258171558808,0.31678123009606335,,0.14315105822918528,-9.009448009282245,-10.012873826438126,4,2.44406300877476e-16,True,converged,0.011992916999588488,CG192x4-d2,fd25921a2d114ee698b68f3913d50877f3c9d34661accee4b9456b9f9ca7756c,0.027361284984493178,0.027361284984493178,0.0015943844703594167,,False,new_mesh_coefficient_replay,,81c87de48137dedc13f2fa6e3c3295210c7791fc9b74889812acb12af85c3c35,fbe4904d8be5f2979aa48d19d959400a573aec5543407e5edafbbf398eb19a0a,,,,data/raw/review_replay_20261001/models/C3_fem_p2_mesh3.npz,b0c0de84c8b857425f2a8d9cfa9af63ccd36752c5d0c6fa362affd281db6d3e6,relative_H1,review_replay_20261001,False,quadrature_audit_failed,True,none,False,not_applicable,not_applicable,fc38e7c1fd40d30358c96e486ddae675428216469a7e8b6f5ead0c86b97577b7,b0c0de84c8b857425f2a8d9cfa9af63ccd36752c5d0c6fa362affd281db6d3e6,True,False
cga-review-replay-v1,C3,06,fem,p2,,81,4,,,0.3969537462337751,0.3969537462337751,0.19901625508312343,,0.06366735893053872,-9.61592008020435,-10.012873826438126,4,2.624366129767726e-16,True,converged,0.013072416000795783,CG192x4-d2,fd25921a2d114ee698b68f3913d50877f3c9d34661accee4b9456b9f9ca7756c,0.0022996138808298264,0.0022996138808298264,0.0001521843063690797,,False,new_mesh_coefficient_replay,,81c87de48137dedc13f2fa6e3c3295210c7791fc9b74889812acb12af85c3c35,fbe4904d8be5f2979aa48d19d959400a573aec5543407e5edafbbf398eb19a0a,,,,data/raw/review_replay_20261001/models/C3_fem_p2_mesh4.npz,bf736b5207bdbacc11339a12d0f623b8e4c1e050e469d4aacd9580c1a669c6bc,relative_H1,review_replay_20261001,True,none,True,none,False,not_applicable,not_applicable,fc38e7c1fd40d30358c96e486ddae675428216469a7e8b6f5ead0c86b97577b7,bf736b5207bdbacc11339a12d0f623b8e4c1e050e469d4aacd9580c1a669c6bc,True,False
cga-review-replay-v1,C3,06,fem,p2,,121,5,,,0.1861558945449957,0.1861558945449957,0.13514911628515064,,0.03338878503587819,-9.826717931893139,-10.012873826438135,4,4.338261809758217e-16,True,converged,0.017699625001114327,CG128x4-d2,b418bfbdc1a479acc246606170341f14284e7e2b3acfc821d242d7523004d65b,0.007396639651224158,0.007396639651224158,0.0009350963843329155,,False,new_mesh_coefficient_replay,,81c87de48137dedc13f2fa6e3c3295210c7791fc9b74889812acb12af85c3c35,fbe4904d8be5f2979aa48d19d959400a573aec5543407e5edafbbf398eb19a0a,,,,data/raw/review_replay_20261001/models/C3_fem_p2_mesh5.npz,63a364ba39fd9e25a1aefc0fa103faf4428f409327e3f2459fe6e468a264cb07,relative_H1,review_replay_20261001,True,none,True,none,False,not_applicable,not_applicable,fc38e7c1fd40d30358c96e486ddae675428216469a7e8b6f5ead0c86b97577b7,63a364ba39fd9e25a1aefc0fa103faf4428f409327e3f2459fe6e468a264cb07,True,False
cga-review-replay-v1,C3,06,fem,p2,,169,6,,,0.09533392016541065,0.09533392016541065,0.09724045017132622,,0.01962197492508886,-9.917539906272715,-10.012873826438126,4,5.549042702359412e-16,True,converged,0.022729332999006147,CG192x4-d2,fd25921a2d114ee698b68f3913d50877f3c9d34661accee4b9456b9f9ca7756c,0.1754502012252739,0.1754502012252739,2.3356357124045933e-05,,False,new_mesh_coefficient_replay,,81c87de48137dedc13f2fa6e3c3295210c7791fc9b74889812acb12af85c3c35,fbe4904d8be5f2979aa48d19d959400a573aec5543407e5edafbbf398eb19a0a,,,,data/raw/review_replay_20261001/models/C3_fem_p2_mesh6.npz,8e0847222eedca4d1bbf7987530a5094135ebd7adf8ef41563773dd230905ba2,relative_H1,review_replay_20261001,False,quadrature_audit_failed,True,none,False,not_applicable,not_applicable,fc38e7c1fd40d30358c96e486ddae675428216469a7e8b6f5ead0c86b97577b7,8e0847222eedca4d1bbf7987530a5094135ebd7adf8ef41563773dd230905ba2,True,False
cga-review-replay-v1,C3,06,fem,p2,,289,8,,,0.035245490865772666,0.035245490865772666,0.05696070508865036,,0.008447264681599013,-9.977628335572359,-10.012873826438131,4,8.050169854833307e-16,True,converged,0.03523108299850719,CG80x3-d2,599581f601cc019af5d55e28f70f46e87c3cdb7c2aea2307e39429b21556b65b,0.0013833596018306784,0.0013833596018306784,0.0007554871623644504,,False,new_mesh_coefficient_replay,,81c87de48137dedc13f2fa6e3c3295210c7791fc9b74889812acb12af85c3c35,fbe4904d8be5f2979aa48d19d959400a573aec5543407e5edafbbf398eb19a0a,,,,data/raw/review_replay_20261001/models/C3_fem_p2_mesh8.npz,1e0070c5f4f89cf7149b8c62fb79a6c40f2ccabd736f2736b58f8586448299a9,relative_H1,review_replay_20261001,True,none,True,none,False,not_applicable,not_applicable,fc38e7c1fd40d30358c96e486ddae675428216469a7e8b6f5ead0c86b97577b7,1e0070c5f4f89cf7149b8c62fb79a6c40f2ccabd736f2736b58f8586448299a9,True,False
cga-review-replay-v1,C3,06,fem,p2,,529,11,,,0.009651890309230637,0.009651890309230637,0.030815857538028197,,0.0032941668900486913,-10.003221936128895,-10.012873826438126,4,1.3728684815151524e-15,True,converged,0.06092916700072237,CG192x4-d2,fd25921a2d114ee698b68f3913d50877f3c9d34661accee4b9456b9f9ca7756c,0.12886734675340417,0.12886734675340417,0.00042459070116826887,,False,new_mesh_coefficient_replay,,81c87de48137dedc13f2fa6e3c3295210c7791fc9b74889812acb12af85c3c35,fbe4904d8be5f2979aa48d19d959400a573aec5543407e5edafbbf398eb19a0a,,,,data/raw/review_replay_20261001/models/C3_fem_p2_mesh11.npz,1e796f8af7bb2c0d218427d8801b5ce87db0ece7643589444e27f3a58c191f97,relative_H1,review_replay_20261001,False,quadrature_audit_failed,True,none,False,not_applicable,not_applicable,fc38e7c1fd40d30358c96e486ddae675428216469a7e8b6f5ead0c86b97577b7,1e796f8af7bb2c0d218427d8801b5ce87db0ece7643589444e27f3a58c191f97,True,False
cga-review-replay-v1,C3,06,fem,p3,,16,1,,,5.639445248359626,5.639445248359626,0.7506612335033628,,0.6902093412306683,-4.373428578078506,-10.012873826438131,4,2.41039675997373e-16,True,converged,0.011117250000097556,CG80x3-d2,599581f601cc019af5d55e28f70f46e87c3cdb7c2aea2307e39429b21556b65b,2.922209511945344e-05,2.922209511945344e-05,5.526455816419213e-06,,False,new_mesh_coefficient_replay,,81c87de48137dedc13f2fa6e3c3295210c7791fc9b74889812acb12af85c3c35,fbe4904d8be5f2979aa48d19d959400a573aec5543407e5edafbbf398eb19a0a,,,,data/raw/review_replay_20261001/models/C3_fem_p3_mesh1.npz,d9254b27ed5db142516130a997cc47395a71ed21b8ab88acae085c0a47c793e1,relative_H1,review_replay_20261001,True,none,True,none,False,not_applicable,not_applicable,fc38e7c1fd40d30358c96e486ddae675428216469a7e8b6f5ead0c86b97577b7,d9254b27ed5db142516130a997cc47395a71ed21b8ab88acae085c0a47c793e1,True,False
cga-review-replay-v1,C3,06,fem,p3,,49,2,,,0.9647685464190978,0.9647685464190978,0.310618723956519,,0.15790267810034436,-9.048105280019033,-10.012873826438131,4,1.6599765475276314e-16,True,converged,0.01364720800120267,CG80x3-d2,599581f601cc019af5d55e28f70f46e87c3cdb7c2aea2307e39429b21556b65b,0.00015325418460157808,0.00015325418460157808,5.1086807979021205e-05,,False,new_mesh_coefficient_replay,,81c87de48137dedc13f2fa6e3c3295210c7791fc9b74889812acb12af85c3c35,fbe4904d8be5f2979aa48d19d959400a573aec5543407e5edafbbf398eb19a0a,,,,data/raw/review_replay_20261001/models/C3_fem_p3_mesh2.npz,b748545f6b9c92c7c71b246ed82c8a5b5a436a3527f9e0a1aedd06ea64fc241b,relative_H1,review_replay_20261001,True,none,True,none,False,not_applicable,not_applicable,fc38e7c1fd40d30358c96e486ddae675428216469a7e8b6f5ead0c86b97577b7,b748545f6b9c92c7c71b246ed82c8a5b5a436a3527f9e0a1aedd06ea64fc241b,True,False
cga-review-replay-v1,C3,06,fem,p3,,100,3,,,0.09028719202631663,0.09028719202631663,0.09536486370052766,,0.030772942734590084,-9.922586634411815,-10.012873826438131,4,4.0421982067798347e-16,True,converged,0.018038958998658927,CG80x3-d2,599581f601cc019af5d55e28f70f46e87c3cdb7c2aea2307e39429b21556b65b,0.0008077856235493658,0.00041435107785590687,0.0008077856235493658,,False,new_mesh_coefficient_replay,,81c87de48137dedc13f2fa6e3c3295210c7791fc9b74889812acb12af85c3c35,fbe4904d8be5f2979aa48d19d959400a573aec5543407e5edafbbf398eb19a0a,,,,data/raw/review_replay_20261001/models/C3_fem_p3_mesh3.npz,6f1945967b4bee88487f04c37e6089b91ec09cdde622a75c76b08664530fd1ef,relative_H1,review_replay_20261001,True,none,True,none,False,not_applicable,not_applicable,fc38e7c1fd40d30358c96e486ddae675428216469a7e8b6f5ead0c86b97577b7,6f1945967b4bee88487f04c37e6089b91ec09cdde622a75c76b08664530fd1ef,True,False
cga-review-replay-v1,C3,06,fem,p3,,169,4,,,0.01887615071472304,0.01887615071472304,0.04343778656963796,,0.010362183229313498,-9.993997675723403,-10.012873826438126,4,5.976940320446831e-16,True,converged,0.02288804199997685,CG192x4-d2,fd25921a2d114ee698b68f3913d50877f3c9d34661accee4b9456b9f9ca7756c,0.008002741803709605,0.008002741803709605,0.00014375662012874895,,False,new_mesh_coefficient_replay,,81c87de48137dedc13f2fa6e3c3295210c7791fc9b74889812acb12af85c3c35,fbe4904d8be5f2979aa48d19d959400a573aec5543407e5edafbbf398eb19a0a,,,,data/raw/review_replay_20261001/models/C3_fem_p3_mesh4.npz,e6eccfdb001da78ef5516a4acb317887026de23c95477c334d78a216efdcf97e,relative_H1,review_replay_20261001,True,none,True,none,False,not_applicable,not_applicable,fc38e7c1fd40d30358c96e486ddae675428216469a7e8b6f5ead0c86b97577b7,e6eccfdb001da78ef5516a4acb317887026de23c95477c334d78a216efdcf97e,True,False
cga-review-replay-v1,C3,06,fem,p3,,256,5,,,0.00543240480035756,0.00543240480035756,0.022933229333787847,,0.004289927914116802,-10.007441421637768,-10.012873826438126,4,9.21668863810882e-16,True,converged,0.031739375001052395,CG192x4-d2,fd25921a2d114ee698b68f3913d50877f3c9d34661accee4b9456b9f9ca7756c,0.08816195568119593,0.08816195568119593,0.00047200266202625257,,False,new_mesh_coefficient_replay,,81c87de48137dedc13f2fa6e3c3295210c7791fc9b74889812acb12af85c3c35,fbe4904d8be5f2979aa48d19d959400a573aec5543407e5edafbbf398eb19a0a,,,,data/raw/review_replay_20261001/models/C3_fem_p3_mesh5.npz,cba1ffc2986d891cce7cc60ad8f85420b2aab493e27bd09209df3ca3bb664f8c,relative_H1,review_replay_20261001,False,quadrature_audit_failed,True,none,False,not_applicable,not_applicable,fc38e7c1fd40d30358c96e486ddae675428216469a7e8b6f5ead0c86b97577b7,cba1ffc2986d891cce7cc60ad8f85420b2aab493e27bd09209df3ca3bb664f8c,True,False
cga-review-replay-v1,C3,06,fem,p3,,484,7,,,0.0012811197637443428,0.0012811197637443428,0.00855801552435562,,0.0011037144838096475,-10.011592706674382,-10.012873826438126,4,1.9941049453049863e-15,True,converged,0.04999833300098544,CG192x4-d2,fd25921a2d114ee698b68f3913d50877f3c9d34661accee4b9456b9f9ca7756c,0.5405178904323962,0.5405178904323962,0.00038107999281389066,,False,new_mesh_coefficient_replay,,81c87de48137dedc13f2fa6e3c3295210c7791fc9b74889812acb12af85c3c35,fbe4904d8be5f2979aa48d19d959400a573aec5543407e5edafbbf398eb19a0a,,,,data/raw/review_replay_20261001/models/C3_fem_p3_mesh7.npz,c5f787c7232144c4e820387932f53c65842f55e682c166a29740acb941f1402b,relative_H1,review_replay_20261001,False,quadrature_audit_failed,True,none,False,not_applicable,not_applicable,fc38e7c1fd40d30358c96e486ddae675428216469a7e8b6f5ead0c86b97577b7,c5f787c7232144c4e820387932f53c65842f55e682c166a29740acb941f1402b,True,False
cga-review-replay-v1,C5,08,fem,p1,,3,1,,,292.5093902616811,292.5093902616811,1.0293852727177275,0.9539558084455732,1.1683494351098334,-72.77470111582792,-365.28409137750907,23,4.609093173340348e-13,True,roundoff-limited at epsilon=0.01,0.39759929200226907,CG80x3-d2,599581f601cc019af5d55e28f70f46e87c3cdb7c2aea2307e39429b21556b65b,5.223893405325465e-06,4.784991684945754e-06,5.223893405325465e-06,2.329136839790446e-06,False,new_mesh_coefficient_replay,,4788b09e54970c37054ead04b1ea3a8572bc3879b5309ada573515d303f3876f,fbe4904d8be5f2979aa48d19d959400a573aec5543407e5edafbbf398eb19a0a,,,,data/raw/review_replay_20261001/models/C5_fem_p1_mesh1.npz,a003fbb8c6a9a3cb5778b0797f4481e32729deb587536932c7c9979f1d2dfdd6,relative_gradient_component_Lp_seminorm,review_replay_20261001,True,none,True,none,True,none,not_applicable,fc38e7c1fd40d30358c96e486ddae675428216469a7e8b6f5ead0c86b97577b7,a003fbb8c6a9a3cb5778b0797f4481e32729deb587536932c7c9979f1d2dfdd6,True,False
cga-review-replay-v1,C5,08,fem,p1,,8,2,,,168.71888983566458,168.71888983566458,0.8075621256194777,0.8113037619016646,0.722408241970006,-196.5652015418445,-365.28409137750907,21,1.0214348922541415e-13,True,converged,0.2570116249989951,CG80x3-d2,599581f601cc019af5d55e28f70f46e87c3cdb7c2aea2307e39429b21556b65b,5.476034094673256e-05,2.6024911871035478e-05,5.476034094673256e-05,1.579893772604772e-05,False,new_mesh_coefficient_replay,,4788b09e54970c37054ead04b1ea3a8572bc3879b5309ada573515d303f3876f,fbe4904d8be5f2979aa48d19d959400a573aec5543407e5edafbbf398eb19a0a,,,,data/raw/review_replay_20261001/models/C5_fem_p1_mesh2.npz,41ab1084023a3fa4e728c4779e33a434da8858992741dd0b6a4f04d25e76a5f6,relative_gradient_component_Lp_seminorm,review_replay_20261001,True,none,True,none,True,none,not_applicable,fc38e7c1fd40d30358c96e486ddae675428216469a7e8b6f5ead0c86b97577b7,41ab1084023a3fa4e728c4779e33a434da8858992741dd0b6a4f04d25e76a5f6,True,False
cga-review-replay-v1,C5,08,fem,p1,,15,3,,,179.06942012188827,179.06942012188827,0.8512749791115262,0.8289616953306854,0.6539050559718523,-186.2146712556208,-365.28409137750907,23,1.0356110697712831e-13,True,converged,0.3058547920009005,CG80x3-d2,599581f601cc019af5d55e28f70f46e87c3cdb7c2aea2307e39429b21556b65b,0.003629119844403342,0.003629119844403342,0.0026145031836146584,0.002977557864908829,False,new_mesh_coefficient_replay,,4788b09e54970c37054ead04b1ea3a8572bc3879b5309ada573515d303f3876f,fbe4904d8be5f2979aa48d19d959400a573aec5543407e5edafbbf398eb19a0a,,,,data/raw/review_replay_20261001/models/C5_fem_p1_mesh3.npz,ac15af159972ee6854a28d60dde7d62150411cfa52592db024316bc9c9006f79,relative_gradient_component_Lp_seminorm,review_replay_20261001,True,none,True,none,True,none,not_applicable,fc38e7c1fd40d30358c96e486ddae675428216469a7e8b6f5ead0c86b97577b7,ac15af159972ee6854a28d60dde7d62150411cfa52592db024316bc9c9006f79,True,False
cga-review-replay-v1,C5,08,fem,p1,,24,4,,,138.28144897771853,138.28144897771853,0.6725766693080729,0.7602235005557557,0.4644784831483517,-227.00264239979055,-365.28409137750907,23,9.243511352820107e-14,True,converged,0.33566991699990467,CG80x3-d2,599581f601cc019af5d55e28f70f46e87c3cdb7c2aea2307e39429b21556b65b,0.0013875189941744582,0.0013875189941744582,0.00043683745481778666,0.0004652179295633171,False,new_mesh_coefficient_replay,,4788b09e54970c37054ead04b1ea3a8572bc3879b5309ada573515d303f3876f,fbe4904d8be5f2979aa48d19d959400a573aec5543407e5edafbbf398eb19a0a,,,,data/raw/review_replay_20261001/models/C5_fem_p1_mesh4.npz,d5dc9d150546dcf5746fcf33c3a259b63041763102504e031d9d673255b6a829,relative_gradient_component_Lp_seminorm,review_replay_20261001,True,none,True,none,True,none,not_applicable,fc38e7c1fd40d30358c96e486ddae675428216469a7e8b6f5ead0c86b97577b7,d5dc9d150546dcf5746fcf33c3a259b63041763102504e031d9d673255b6a829,True,False
cga-review-replay-v1,C5,08,fem,p1,,35,5,,,93.80364232228101,93.80364232228101,0.6084217921852493,0.6523343908519765,0.30635744151672856,-271.48044905522806,-365.28409137750907,23,5.632387365841583e-14,True,converged,0.40391325000018696,CG80x3-d2,599581f601cc019af5d55e28f70f46e87c3cdb7c2aea2307e39429b21556b65b,0.009521843704797809,0.009521843704797809,0.005745245456569951,0.0003779536285074045,False,new_mesh_coefficient_replay,,4788b09e54970c37054ead04b1ea3a8572bc3879b5309ada573515d303f3876f,fbe4904d8be5f2979aa48d19d959400a573aec5543407e5edafbbf398eb19a0a,,,,data/raw/review_replay_20261001/models/C5_fem_p1_mesh5.npz,5c3f5abe32f08d6c257f64a86ac84e54ab4fe832b371d7fcd6fa09e5f6ece1fd,relative_gradient_component_Lp_seminorm,review_replay_20261001,True,none,True,none,True,none,not_applicable,fc38e7c1fd40d30358c96e486ddae675428216469a7e8b6f5ead0c86b97577b7,5c3f5abe32f08d6c257f64a86ac84e54ab4fe832b371d7fcd6fa09e5f6ece1fd,True,False
cga-review-replay-v1,C5,08,fem,p1,,48,6,,,68.76052260099516,68.76052260099516,0.5400783764425195,0.5722445342256398,0.21424362186863705,-296.5235687765139,-365.28409137750907,24,5.999412766436588e-14,True,converged,0.4924949589985772,CG192x4-d2,fd25921a2d114ee698b68f3913d50877f3c9d34661accee4b9456b9f9ca7756c,0.013691445349860032,0.013691445349860032,0.002958833677604204,0.0003126171261995514,False,new_mesh_coefficient_replay,,4788b09e54970c37054ead04b1ea3a8572bc3879b5309ada573515d303f3876f,fbe4904d8be5f2979aa48d19d959400a573aec5543407e5edafbbf398eb19a0a,,,,data/raw/review_replay_20261001/models/C5_fem_p1_mesh6.npz,d43c492d3921fa652e209169692942a1f1728fcd7aff7ef8f497cae0184d59fa,relative_gradient_component_Lp_seminorm,review_replay_20261001,False,quadrature_audit_failed,True,none,True,none,not_applicable,fc38e7c1fd40d30358c96e486ddae675428216469a7e8b6f5ead0c86b97577b7,d43c492d3921fa652e209169692942a1f1728fcd7aff7ef8f497cae0184d59fa,True,False
cga-review-replay-v1,C5,08,fem,p1,,80,8,,,40.71323205601266,40.71323205601266,0.4245816618450854,0.4436450265293977,0.1262069635560395,-324.5708593214964,-365.28409137750907,24,5.805011419835784e-14,True,converged,0.8832706670000334,CG80x3-d2,599581f601cc019af5d55e28f70f46e87c3cdb7c2aea2307e39429b21556b65b,0.004776976561892495,0.004776976561892495,0.0011752856211028364,0.001444434573122842,False,new_mesh_coefficient_replay,,4788b09e54970c37054ead04b1ea3a8572bc3879b5309ada573515d303f3876f,fbe4904d8be5f2979aa48d19d959400a573aec5543407e5edafbbf398eb19a0a,,,,data/raw/review_replay_20261001/models/C5_fem_p1_mesh8.npz,3a85ef8d375731f7a3e76dcc75aae1723baf1849d0f8a5d94e1dc4dcee872bcc,relative_gradient_component_Lp_seminorm,review_replay_20261001,True,none,True,none,True,none,not_applicable,fc38e7c1fd40d30358c96e486ddae675428216469a7e8b6f5ead0c86b97577b7,3a85ef8d375731f7a3e76dcc75aae1723baf1849d0f8a5d94e1dc4dcee872bcc,True,False
cga-review-replay-v1,C5,08,fem,p1,,143,11,,,22.78726618711545,22.78726618711545,0.31288389838700076,0.33420869199406406,0.06880163390301249,-342.4968251903936,-365.28409137750907,24,5.3504439932808225e-14,True,converged,1.3646238330002234,CG192x4-d2,fd25921a2d114ee698b68f3913d50877f3c9d34661accee4b9456b9f9ca7756c,0.003578480040262812,0.003578480040262812,0.0006888853897898338,0.0021671586182409244,False,new_mesh_coefficient_replay,,4788b09e54970c37054ead04b1ea3a8572bc3879b5309ada573515d303f3876f,fbe4904d8be5f2979aa48d19d959400a573aec5543407e5edafbbf398eb19a0a,,,,data/raw/review_replay_20261001/models/C5_fem_p1_mesh11.npz,e57601e6118bc1ce4b44fab84db50016e60413eeba25da8ee7afc0e25da3faeb,relative_gradient_component_Lp_seminorm,review_replay_20261001,True,none,True,none,True,none,not_applicable,fc38e7c1fd40d30358c96e486ddae675428216469a7e8b6f5ead0c86b97577b7,e57601e6118bc1ce4b44fab84db50016e60413eeba25da8ee7afc0e25da3faeb,True,False
cga-review-replay-v1,C5,08,fem,p1,,288,16,,,10.943836703214629,10.943836703214629,0.21848757368523697,0.2351066895059624,0.03288993748186698,-354.34025467429444,-365.28409137750907,25,7.444329776893058e-14,True,converged,2.269808708999335,CG192x4-d2,fd25921a2d114ee698b68f3913d50877f3c9d34661accee4b9456b9f9ca7756c,0.0006186934617544866,0.0006186934617544866,0.00013858329270426118,0.00016635073842620593,False,new_mesh_coefficient_replay,,4788b09e54970c37054ead04b1ea3a8572bc3879b5309ada573515d303f3876f,fbe4904d8be5f2979aa48d19d959400a573aec5543407e5edafbbf398eb19a0a,,,,data/raw/review_replay_20261001/models/C5_fem_p1_mesh16.npz,a11738b9415c0b026f64c0610f2165dab86471ef98b4ce83cae237b6409b8783,relative_gradient_component_Lp_seminorm,review_replay_20261001,True,none,True,none,True,none,not_applicable,fc38e7c1fd40d30358c96e486ddae675428216469a7e8b6f5ead0c86b97577b7,a11738b9415c0b026f64c0610f2165dab86471ef98b4ce83cae237b6409b8783,True,False
cga-review-replay-v1,C5,08,fem,p1,,528,22,,,6.078963583441691,6.078963583441691,0.15814527210591664,0.17242937099290956,0.017488899531094792,-359.2051277940674,-365.28409137750907,26,8.942464834474483e-14,True,converged,4.352136999998038,CG192x4-d2,fd25921a2d114ee698b68f3913d50877f3c9d34661accee4b9456b9f9ca7756c,0.008481695538934188,0.008481695538934188,0.000913781586309935,0.002431883976650384,False,new_mesh_coefficient_replay,,4788b09e54970c37054ead04b1ea3a8572bc3879b5309ada573515d303f3876f,fbe4904d8be5f2979aa48d19d959400a573aec5543407e5edafbbf398eb19a0a,,,,data/raw/review_replay_20261001/models/C5_fem_p1_mesh22.npz,05e7326c98d8adc6f37e7788ac979972d57008788f3d77df51da4e84ba5c944d,relative_gradient_component_Lp_seminorm,review_replay_20261001,True,none,True,none,True,none,not_applicable,fc38e7c1fd40d30358c96e486ddae675428216469a7e8b6f5ead0c86b97577b7,05e7326c98d8adc6f37e7788ac979972d57008788f3d77df51da4e84ba5c944d,True,False
cga-review-replay-v1,C5,08,fem,p2,,8,1,,,238.20714717350452,238.20714717350452,0.8382190055303818,0.9233417028702313,0.7727239703847608,-127.07694420400455,-365.28409137750907,22,1.1531258649675325e-13,True,converged,0.249291791998985,CG80x3-d2,599581f601cc019af5d55e28f70f46e87c3cdb7c2aea2307e39429b21556b65b,4.2415194449185045e-05,6.509284872851111e-07,4.2415194449185045e-05,2.0709045624084962e-05,False,new_mesh_coefficient_replay,,4788b09e54970c37054ead04b1ea3a8572bc3879b5309ada573515d303f3876f,fbe4904d8be5f2979aa48d19d959400a573aec5543407e5edafbbf398eb19a0a,,,,data/raw/review_replay_20261001/models/C5_fem_p2_mesh1.npz,687735ff80e07087c0ca275030e45f66224799755ad2eb71956535b97260f51f,relative_gradient_component_Lp_seminorm,review_replay_20261001,True,none,True,none,True,none,not_applicable,fc38e7c1fd40d30358c96e486ddae675428216469a7e8b6f5ead0c86b97577b7,687735ff80e07087c0ca275030e45f66224799755ad2eb71956535b97260f51f,True,False
cga-review-replay-v1,C5,08,fem,p2,,24,2,,,65.06901743595711,65.06901743595711,0.474970890002883,0.6008336302371176,0.21459330912230168,-300.21507394155196,-365.28409137750907,23,6.930330998910843e-14,True,converged,0.49201904100118554,CG80x3-d2,599581f601cc019af5d55e28f70f46e87c3cdb7c2aea2307e39429b21556b65b,0.00024547755954082667,0.00024547755954082667,0.00022375766604759524,0.00010780249921731867,False,new_mesh_coefficient_replay,,4788b09e54970c37054ead04b1ea3a8572bc3879b5309ada573515d303f3876f,fbe4904d8be5f2979aa48d19d959400a573aec5543407e5edafbbf398eb19a0a,,,,data/raw/review_replay_20261001/models/C5_fem_p2_mesh2.npz,79bd4e7057e5b5c6bf46bc01ec3e6a94ef8fde4cb5fc26c35becca81042c18f6,relative_gradient_component_Lp_seminorm,review_replay_20261001,True,none,True,none,True,none,not_applicable,fc38e7c1fd40d30358c96e486ddae675428216469a7e8b6f5ead0c86b97577b7,79bd4e7057e5b5c6bf46bc01ec3e6a94ef8fde4cb5fc26c35becca81042c18f6,True,False
cga-review-replay-v1,C5,08,fem,p2,,48,3,,,35.44438093065162,35.44438093065162,0.3834492783589834,0.42347590320343226,0.14814132997205434,-329.83971044685745,-365.28409137750907,23,5.391495465449863e-14,True,converged,0.3144137499984936,CG192x4-d2,fd25921a2d114ee698b68f3913d50877f3c9d34661accee4b9456b9f9ca7756c,0.020669060964418458,0.020669060964418458,0.0024592735985820395,0.0007289969245937148,False,new_mesh_coefficient_replay,,4788b09e54970c37054ead04b1ea3a8572bc3879b5309ada573515d303f3876f,fbe4904d8be5f2979aa48d19d959400a573aec5543407e5edafbbf398eb19a0a,,,,data/raw/review_replay_20261001/models/C5_fem_p2_mesh3.npz,ecd1818231edb997ca1b470d23eb3cec8dff1f412b99c829efe4305767e68ce6,relative_gradient_component_Lp_seminorm,review_replay_20261001,False,quadrature_audit_failed,True,none,True,none,not_applicable,fc38e7c1fd40d30358c96e486ddae675428216469a7e8b6f5ead0c86b97577b7,ecd1818231edb997ca1b470d23eb3cec8dff1f412b99c829efe4305767e68ce6,True,False
cga-review-replay-v1,C5,08,fem,p2,,80,4,,,10.425704354151662,10.425704354151662,0.27226284787973515,0.23982163181005495,0.05371799330635778,-354.8583870233574,-365.28409137750907,24,4.237345313052536e-14,True,converged,0.986936458000855,CG192x4-d2,fd25921a2d114ee698b68f3913d50877f3c9d34661accee4b9456b9f9ca7756c,0.0011438620690614315,0.0011438620690614315,1.8992585152472985e-05,0.00011895101822722568,False,new_mesh_coefficient_replay,,4788b09e54970c37054ead04b1ea3a8572bc3879b5309ada573515d303f3876f,fbe4904d8be5f2979aa48d19d959400a573aec5543407e5edafbbf398eb19a0a,,,,data/raw/review_replay_20261001/models/C5_fem_p2_mesh4.npz,0c762deecfe3dd8021c2352be977da6939a21eca65d25c23c2eda701ca0b5427,relative_gradient_component_Lp_seminorm,review_replay_20261001,True,none,True,none,True,none,not_applicable,fc38e7c1fd40d30358c96e486ddae675428216469a7e8b6f5ead0c86b97577b7,0c762deecfe3dd8021c2352be977da6939a21eca65d25c23c2eda701ca0b5427,True,False
cga-review-replay-v1,C5,08,fem,p2,,120,5,,,6.9837317241053825,6.9837317241053825,0.1764846918012461,0.19243286636076307,0.037329727546681644,-358.3003596534037,-365.28409137750907,24,5.756186402877962e-14,True,converged,0.8130239589991106,CG192x4-d2,fd25921a2d114ee698b68f3913d50877f3c9d34661accee4b9456b9f9ca7756c,0.03887139103578469,0.03887139103578469,0.0010103907952679636,0.0037849420055955075,False,new_mesh_coefficient_replay,,4788b09e54970c37054ead04b1ea3a8572bc3879b5309ada573515d303f3876f,fbe4904d8be5f2979aa48d19d959400a573aec5543407e5edafbbf398eb19a0a,,,,data/raw/review_replay_20261001/models/C5_fem_p2_mesh5.npz,0a25b4000fef2cb88f246cb6ecc66a74a239cd1ac81f9a96a10a500be5514502,relative_gradient_component_Lp_seminorm,review_replay_20261001,False,quadrature_audit_failed,True,none,True,none,not_applicable,fc38e7c1fd40d30358c96e486ddae675428216469a7e8b6f5ead0c86b97577b7,0a25b4000fef2cb88f246cb6ecc66a74a239cd1ac81f9a96a10a500be5514502,True,False
cga-review-replay-v1,C5,08,fem,p2,,168,6,,,3.7813021023986266,3.7813021023986266,0.13377341153861122,0.14033326319965234,0.020171070968078342,-361.50278927511044,-365.28409137750907,23,4.866885829786222e-14,True,converged,0.8317434999989928,CG192x4-d2,fd25921a2d114ee698b68f3913d50877f3c9d34661accee4b9456b9f9ca7756c,0.1274964672961662,0.1274964672961662,0.0013049481213939422,0.00979439763425477,False,new_mesh_coefficient_replay,,4788b09e54970c37054ead04b1ea3a8572bc3879b5309ada573515d303f3876f,fbe4904d8be5f2979aa48d19d959400a573aec5543407e5edafbbf398eb19a0a,,,,data/raw/review_replay_20261001/models/C5_fem_p2_mesh6.npz,168ac97f033eefbe5ffaf8b800afa94f621476a7b4de65206fb914ddd48b9dc0,relative_gradient_component_Lp_seminorm,review_replay_20261001,False,quadrature_audit_failed,True,none,True,none,not_applicable,fc38e7c1fd40d30358c96e486ddae675428216469a7e8b6f5ead0c86b97577b7,168ac97f033eefbe5ffaf8b800afa94f621476a7b4de65206fb914ddd48b9dc0,True,False
cga-review-replay-v1,C5,08,fem,p2,,288,8,,,1.4450785525239667,1.4450785525239667,0.07775485944239369,0.08505460768369115,0.008792923952914509,-363.8390128249851,-365.28409137750907,24,5.68160745549127e-14,True,converged,1.5273094579970348,CG80x3-d2,599581f601cc019af5d55e28f70f46e87c3cdb7c2aea2307e39429b21556b65b,0.0032435457547045445,0.0032435457547045445,8.060313725120607e-05,0.000334300054347016,False,new_mesh_coefficient_replay,,4788b09e54970c37054ead04b1ea3a8572bc3879b5309ada573515d303f3876f,fbe4904d8be5f2979aa48d19d959400a573aec5543407e5edafbbf398eb19a0a,,,,data/raw/review_replay_20261001/models/C5_fem_p2_mesh8.npz,e9f5c08ec973d23cf26e6e5d087fcba8d9719c2af0959f87d6e55098a3b18ee8,relative_gradient_component_Lp_seminorm,review_replay_20261001,True,none,True,none,True,none,not_applicable,fc38e7c1fd40d30358c96e486ddae675428216469a7e8b6f5ead0c86b97577b7,e9f5c08ec973d23cf26e6e5d087fcba8d9719c2af0959f87d6e55098a3b18ee8,True,False
cga-review-replay-v1,C5,08,fem,p2,,528,11,,,0.44259498751057436,0.44259498751057436,0.04071318134003147,0.047200068520287845,0.0033439986624732333,-364.8414963899985,-365.28409137750907,26,8.589074380674442e-14,True,converged,2.227948916999594,CG192x4-d2,fd25921a2d114ee698b68f3913d50877f3c9d34661accee4b9456b9f9ca7756c,0.04448676236246891,0.04448676236246891,0.0027823130821109095,3.070574416706588e-05,False,new_mesh_coefficient_replay,,4788b09e54970c37054ead04b1ea3a8572bc3879b5309ada573515d303f3876f,fbe4904d8be5f2979aa48d19d959400a573aec5543407e5edafbbf398eb19a0a,,,,data/raw/review_replay_20261001/models/C5_fem_p2_mesh11.npz,6e9f1af901691348bdc815f2c92f5ba1aae98038fd0dff4ab29198803435f940,relative_gradient_component_Lp_seminorm,review_replay_20261001,False,quadrature_audit_failed,True,none,True,none,not_applicable,fc38e7c1fd40d30358c96e486ddae675428216469a7e8b6f5ead0c86b97577b7,6e9f1af901691348bdc815f2c92f5ba1aae98038fd0dff4ab29198803435f940,True,False
cga-review-replay-v1,C5,08,fem,p3,,15,1,,,202.13013807784895,202.13013807784895,0.7368928765184073,0.8765024132103242,0.7525078227019911,-163.15395329966012,-365.28409137750907,24,1.783427748300152e-13,True,converged,0.852225417002046,CG80x3-d2,599581f601cc019af5d55e28f70f46e87c3cdb7c2aea2307e39429b21556b65b,1.0344215059935258e-05,1.0344215059935258e-05,9.742728536143233e-06,2.0757208440613273e-08,False,new_mesh_coefficient_replay,,4788b09e54970c37054ead04b1ea3a8572bc3879b5309ada573515d303f3876f,fbe4904d8be5f2979aa48d19d959400a573aec5543407e5edafbbf398eb19a0a,,,,data/raw/review_replay_20261001/models/C5_fem_p3_mesh1.npz,5695a2d2def83a5bf235cad42da6531e3f2a04890dc52f4ac20ce214e83233be,relative_gradient_component_Lp_seminorm,review_replay_20261001,True,none,True,none,True,none,not_applicable,fc38e7c1fd40d30358c96e486ddae675428216469a7e8b6f5ead0c86b97577b7,5695a2d2def83a5bf235cad42da6531e3f2a04890dc52f4ac20ce214e83233be,True,False
cga-review-replay-v1,C5,08,fem,p3,,48,2,,,25.503883630877567,25.503883630877567,0.4055060442868986,0.36435257834605933,0.15122538527033177,-339.7802077466315,-365.28409137750907,23,4.957840811257899e-14,True,converged,0.6273725419996481,CG80x3-d2,599581f601cc019af5d55e28f70f46e87c3cdb7c2aea2307e39429b21556b65b,6.463584960390612e-05,5.389918768710893e-05,6.463584960390612e-05,5.256241862491761e-05,False,new_mesh_coefficient_replay,,4788b09e54970c37054ead04b1ea3a8572bc3879b5309ada573515d303f3876f,fbe4904d8be5f2979aa48d19d959400a573aec5543407e5edafbbf398eb19a0a,,,,data/raw/review_replay_20261001/models/C5_fem_p3_mesh2.npz,1ec064abbee90538b007095d93bbecf55475c462f6fb6d816a08282832873196,relative_gradient_component_Lp_seminorm,review_replay_20261001,True,none,True,none,True,none,not_applicable,fc38e7c1fd40d30358c96e486ddae675428216469a7e8b6f5ead0c86b97577b7,1ec064abbee90538b007095d93bbecf55475c462f6fb6d816a08282832873196,True,False
cga-review-replay-v1,C5,08,fem,p3,,99,3,,,3.522493336441187,3.522493336441187,0.13436647528062517,0.13402127214214027,0.03848354518564081,-361.7615980410679,-365.28409137750907,24,4.428007634474639e-14,True,converged,0.6507683329982683,CG192x4-d2,fd25921a2d114ee698b68f3913d50877f3c9d34661accee4b9456b9f9ca7756c,0.020535061792757964,0.020535061792757964,0.00857693264084912,0.003126108719565579,False,new_mesh_coefficient_replay,,4788b09e54970c37054ead04b1ea3a8572bc3879b5309ada573515d303f3876f,fbe4904d8be5f2979aa48d19d959400a573aec5543407e5edafbbf398eb19a0a,,,,data/raw/review_replay_20261001/models/C5_fem_p3_mesh3.npz,34ad952cef4bc51550b7a9036d7bc3b4f8ecf6ff10a769ed62c5e6f42509914a,relative_gradient_component_Lp_seminorm,review_replay_20261001,False,quadrature_audit_failed,True,none,True,none,not_applicable,fc38e7c1fd40d30358c96e486ddae675428216469a7e8b6f5ead0c86b97577b7,34ad952cef4bc51550b7a9036d7bc3b4f8ecf6ff10a769ed62c5e6f42509914a,True,False
cga-review-replay-v1,C5,08,fem,p3,,168,4,,,0.8682441919969506,0.8682441919969506,0.06266551945020944,0.06489124393883619,0.016983975284475965,-364.4158471855121,-365.28409137750907,25,4.773316654383285e-14,True,converged,0.8723210829994059,CG192x4-d2,fd25921a2d114ee698b68f3913d50877f3c9d34661accee4b9456b9f9ca7756c,0.004267848889691003,0.004267848889691003,9.868746744677256e-05,0.00043320992645729846,False,new_mesh_coefficient_replay,,4788b09e54970c37054ead04b1ea3a8572bc3879b5309ada573515d303f3876f,fbe4904d8be5f2979aa48d19d959400a573aec5543407e5edafbbf398eb19a0a,,,,data/raw/review_replay_20261001/models/C5_fem_p3_mesh4.npz,7d82f1680e14d92218b5e1ee9d119b5fec9ecfd8050833f047fc0b5c677787f2,relative_gradient_component_Lp_seminorm,review_replay_20261001,True,none,True,none,True,none,not_applicable,fc38e7c1fd40d30358c96e486ddae675428216469a7e8b6f5ead0c86b97577b7,7d82f1680e14d92218b5e1ee9d119b5fec9ecfd8050833f047fc0b5c677787f2,True,False
cga-review-replay-v1,C5,08,fem,p3,,255,5,,,0.17279256498653695,0.17279256498653695,0.03913304409393973,0.029010858783709948,0.005518681516690522,-365.11129881252253,-365.28409137750907,24,5.64335490311789e-14,True,converged,0.944397499999468,CG192x4-d2,fd25921a2d114ee698b68f3913d50877f3c9d34661accee4b9456b9f9ca7756c,0.07667394142343335,0.07667394142343335,0.023505636489344086,0.00013522265149364302,False,new_mesh_coefficient_replay,,4788b09e54970c37054ead04b1ea3a8572bc3879b5309ada573515d303f3876f,fbe4904d8be5f2979aa48d19d959400a573aec5543407e5edafbbf398eb19a0a,,,,data/raw/review_replay_20261001/models/C5_fem_p3_mesh5.npz,81ba0438b47d5bb450ca5394a171854edf8b7558d91a93bed8b4518ce659f717,relative_gradient_component_Lp_seminorm,review_replay_20261001,False,quadrature_audit_failed,False,quadrature_audit_failed,True,none,not_applicable,fc38e7c1fd40d30358c96e486ddae675428216469a7e8b6f5ead0c86b97577b7,81ba0438b47d5bb450ca5394a171854edf8b7558d91a93bed8b4518ce659f717,True,False
cga-review-replay-v1,C5,08,fem,p3,,483,7,,,0.03128651784493286,0.03128651784493286,0.015891357747986088,0.010334921180941484,0.0013674583008486212,-365.25280485966414,-365.28409137750907,34,7.14741308884035e-14,True,converged,3.4918507499969564,CG192x4-d2,fd25921a2d114ee698b68f3913d50877f3c9d34661accee4b9456b9f9ca7756c,0.4376304112650953,0.4376304112650953,0.0024846732993285864,0.0027541064117945703,False,new_mesh_coefficient_replay,,4788b09e54970c37054ead04b1ea3a8572bc3879b5309ada573515d303f3876f,fbe4904d8be5f2979aa48d19d959400a573aec5543407e5edafbbf398eb19a0a,,,,data/raw/review_replay_20261001/models/C5_fem_p3_mesh7.npz,d723de3894d58dac7d37a7f8d5971381a40371ce29fe999ea48935980f8c21ba,relative_gradient_component_Lp_seminorm,review_replay_20261001,False,quadrature_audit_failed,True,none,True,none,not_applicable,fc38e7c1fd40d30358c96e486ddae675428216469a7e8b6f5ead0c86b97577b7,d723de3894d58dac7d37a7f8d5971381a40371ce29fe999ea48935980f8c21ba,True,False
