schema_version,case_id,numerical_id,method,variant,seed,dof,mesh_level,accepted_atoms,feature_count,energy_gap,energy_gap_signed,natural_error,v_error,l2_error,numerical_energy,exact_energy,solver_iterations,solver_residual,solver_success,solver_message,wall_time_sec,evaluation_rule,evaluation_hash,evaluation_audit_rel_delta,audit_energy_gap_rel_delta,audit_natural_rel_delta,audit_v_rel_delta,plateau_flag,source,source_path,problem_hash,config_hash,archived_energy_gap,archived_natural_error,archived_v_error,model_path,record_provenance
cga-experiments-v1,C1,01,rfm,rfm_relu3,201,8,,,8,12.150062965864734,12.150062965864734,0.7050367204376027,,0.3544607082601833,-12.292967816804172,-24.443030782668906,1,5.512021443895445e-15,True,rank=8/8,0.0012996250297874212,CG2048x8-d1,033c5dea4503652a2ef35d4412195cc071bf6319de112f0017f4e46a25e52115,,,,,False,newly_computed_nested_prefix,,54a0c8e776ed61a7799e7cc74a80fc39bfab52aa7318daa0a31fbb23bc4dbe8f,7f87c16fdc42457391817014ea273c6c3b26e1aab091198c9ab5adb83a49bc6e,,,,,reused_seed201
cga-experiments-v1,C1,01,rfm,rfm_relu3,201,16,,,16,7.565731034882184,7.565731034882184,0.5563497811815331,,0.09976535263861867,-16.877299747786722,-24.443030782668906,1,5.304152718377998e-14,True,rank=16/16,0.0009307500440627337,CG2048x8-d1,033c5dea4503652a2ef35d4412195cc071bf6319de112f0017f4e46a25e52115,,,,,False,newly_computed_nested_prefix,,54a0c8e776ed61a7799e7cc74a80fc39bfab52aa7318daa0a31fbb23bc4dbe8f,7f87c16fdc42457391817014ea273c6c3b26e1aab091198c9ab5adb83a49bc6e,,,,,reused_seed201
cga-experiments-v1,C1,01,rfm,rfm_relu3,201,32,,,32,2.4663102125417,2.4663102125417,0.31764814485536,,0.052083531921026445,-21.976720570127206,-24.443030782668906,1,5.288642065321132e-12,True,rank=32/32,0.00158250005915761,CG2048x8-d1,033c5dea4503652a2ef35d4412195cc071bf6319de112f0017f4e46a25e52115,,,,,False,newly_computed_nested_prefix,,54a0c8e776ed61a7799e7cc74a80fc39bfab52aa7318daa0a31fbb23bc4dbe8f,7f87c16fdc42457391817014ea273c6c3b26e1aab091198c9ab5adb83a49bc6e,,,,,reused_seed201
cga-experiments-v1,C1,01,rfm,rfm_relu3,201,64,,,64,0.03193676601476625,0.03193676601476625,0.03614663002936257,,0.002497819012635539,-24.41109401665414,-24.443030782668906,1,3.725135059816247e-11,True,rank=63/64,0.004177916795015335,CG2048x8-d1,033c5dea4503652a2ef35d4412195cc071bf6319de112f0017f4e46a25e52115,,,,,False,newly_computed_nested_prefix,,54a0c8e776ed61a7799e7cc74a80fc39bfab52aa7318daa0a31fbb23bc4dbe8f,7f87c16fdc42457391817014ea273c6c3b26e1aab091198c9ab5adb83a49bc6e,,,,,reused_seed201
cga-experiments-v1,C1,01,rfm,rfm_relu3,201,128,,,128,0.0013520194591620793,0.0013520194591620793,0.007437262860123153,,0.00037607807485322216,-24.441678763209744,-24.443030782668906,1,1.0433812014417847e-12,True,rank=122/128,0.009064916986972094,CG2048x8-d1,033c5dea4503652a2ef35d4412195cc071bf6319de112f0017f4e46a25e52115,,,,,False,newly_computed_nested_prefix,,54a0c8e776ed61a7799e7cc74a80fc39bfab52aa7318daa0a31fbb23bc4dbe8f,7f87c16fdc42457391817014ea273c6c3b26e1aab091198c9ab5adb83a49bc6e,,,,,reused_seed201
cga-experiments-v1,C1,01,rfm,rfm_relu3,201,256,,,256,8.870609349287406e-07,8.870609349287406e-07,0.00019032496389764612,,2.421837771874077e-06,-24.44302989560797,-24.443030782668906,1,1.5691740378880077e-12,True,rank=232/256,0.01538558304309845,CG2048x8-d1,033c5dea4503652a2ef35d4412195cc071bf6319de112f0017f4e46a25e52115,0.0021026759546165933,0.0021026759546165933,6.804209706052887e-08,,False,newly_computed_nested_prefix,,54a0c8e776ed61a7799e7cc74a80fc39bfab52aa7318daa0a31fbb23bc4dbe8f,7f87c16fdc42457391817014ea273c6c3b26e1aab091198c9ab5adb83a49bc6e,,,,data/raw/baseline/data/models/C1_rfm_seed201_n256.npz,reused_seed201
cga-experiments-v1,C2,03,rfm,rfm_relu3,201,8,,,8,12.162242261570853,12.162242261570853,0.7050390277454661,,0.3537675311217587,-12.361216646098054,-24.523458907668907,7,5.517159749818784e-10,True,L-BFGS-B: CONVERGENCE: RELATIVE REDUCTION OF F <= FACTR*EPSMCH,0.001680209068581462,CG2048x8-d1,033c5dea4503652a2ef35d4412195cc071bf6319de112f0017f4e46a25e52115,,,,,False,newly_computed_nested_prefix,,235b044d9c1788c1e3ccd228097884ecf1a038fe447d19f6248c43b90ba673ea,7f87c16fdc42457391817014ea273c6c3b26e1aab091198c9ab5adb83a49bc6e,,,,,reused_seed201
cga-experiments-v1,C2,03,rfm,rfm_relu3,201,16,,,16,7.566349373981435,7.566349373981435,0.5563499388616747,,0.09986716057251348,-16.957109533687472,-24.523458907668907,8,4.98644373978885e-10,True,L-BFGS-B: CONVERGENCE: RELATIVE REDUCTION OF F <= FACTR*EPSMCH,0.0016939579509198666,CG2048x8-d1,033c5dea4503652a2ef35d4412195cc071bf6319de112f0017f4e46a25e52115,,,,,False,newly_computed_nested_prefix,,235b044d9c1788c1e3ccd228097884ecf1a038fe447d19f6248c43b90ba673ea,7f87c16fdc42457391817014ea273c6c3b26e1aab091198c9ab5adb83a49bc6e,,,,,reused_seed201
cga-experiments-v1,C2,03,rfm,rfm_relu3,201,32,,,32,2.4671272434268836,2.4671272434268836,0.31764826106289984,,0.052125747824501724,-22.056331664242023,-24.523458907668907,9,7.966488878468204e-11,True,L-BFGS-B: CONVERGENCE: NORM OF PROJECTED GRADIENT <= PGTOL,0.0019152918830513954,CG2048x8-d1,033c5dea4503652a2ef35d4412195cc071bf6319de112f0017f4e46a25e52115,,,,,False,newly_computed_nested_prefix,,235b044d9c1788c1e3ccd228097884ecf1a038fe447d19f6248c43b90ba673ea,7f87c16fdc42457391817014ea273c6c3b26e1aab091198c9ab5adb83a49bc6e,,,,,reused_seed201
cga-experiments-v1,C2,03,rfm,rfm_relu3,201,64,,,64,0.03193740395484923,0.03193740395484923,0.03614663087728261,,0.0024986959242801424,-24.491521503714058,-24.523458907668907,18,1.2512093494127895e-09,True,L-BFGS-B: CONVERGENCE: RELATIVE REDUCTION OF F <= FACTR*EPSMCH,0.004404166014865041,CG2048x8-d1,033c5dea4503652a2ef35d4412195cc071bf6319de112f0017f4e46a25e52115,,,,,False,newly_computed_nested_prefix,,235b044d9c1788c1e3ccd228097884ecf1a038fe447d19f6248c43b90ba673ea,7f87c16fdc42457391817014ea273c6c3b26e1aab091198c9ab5adb83a49bc6e,,,,,reused_seed201
cga-experiments-v1,C2,03,rfm,rfm_relu3,201,128,,,128,0.0013520648317069117,0.0013520648317069117,0.007437262869188369,,0.0003760808561796346,-24.5221068428372,-24.523458907668907,111,5.5003348491655706e-08,True,L-BFGS-B: CONVERGENCE: RELATIVE REDUCTION OF F <= FACTR*EPSMCH,0.03736929199658334,CG2048x8-d1,033c5dea4503652a2ef35d4412195cc071bf6319de112f0017f4e46a25e52115,,,,,False,newly_computed_nested_prefix,,235b044d9c1788c1e3ccd228097884ecf1a038fe447d19f6248c43b90ba673ea,7f87c16fdc42457391817014ea273c6c3b26e1aab091198c9ab5adb83a49bc6e,,,,,reused_seed201
cga-experiments-v1,C2,03,rfm,rfm_relu3,201,256,,,256,8.870774088620692e-07,8.870774088620692e-07,0.0001903256111007448,,2.440335219523895e-06,-24.523458020591498,-24.523458907668907,219,9.649568458787324e-08,True,L-BFGS-B: CONVERGENCE: RELATIVE REDUCTION OF F <= FACTR*EPSMCH,0.1655804580077529,CG2048x8-d1,033c5dea4503652a2ef35d4412195cc071bf6319de112f0017f4e46a25e52115,0.0021152454016336256,0.0021152454016336256,6.74121555350736e-08,,False,newly_computed_nested_prefix,,235b044d9c1788c1e3ccd228097884ecf1a038fe447d19f6248c43b90ba673ea,7f87c16fdc42457391817014ea273c6c3b26e1aab091198c9ab5adb83a49bc6e,,,,data/raw/baseline/data/models/C2_rfm_seed201_n256.npz,reused_seed201
cga-experiments-v1,C3,06,rfm,rfm_relu3,201,8,,,8,9.445502746831044,9.445502746831044,0.9712499567395949,,1.0942720919277127,-0.5673710796070874,-10.012873826438131,4,1.1993125851505631e-09,True,L-BFGS-B: CONVERGENCE: NORM OF PROJECTED GRADIENT <= PGTOL,0.01867487491108477,CG64x3-d2,f1185716ba36107fa52ac0147b2ad9ec518cf3676f5c7e5acbb7c168445cb352,,,,,False,newly_computed_nested_prefix,,81c87de48137dedc13f2fa6e3c3295210c7791fc9b74889812acb12af85c3c35,7f87c16fdc42457391817014ea273c6c3b26e1aab091198c9ab5adb83a49bc6e,,,,,reused_seed201
cga-experiments-v1,C3,06,rfm,rfm_relu3,201,16,,,16,4.844582775038907,4.844582775038907,0.6955203494077214,,0.8643495856501408,-5.168291051399224,-10.012873826438131,6,4.630947703125125e-09,True,L-BFGS-B: CONVERGENCE: RELATIVE REDUCTION OF F <= FACTR*EPSMCH,0.030780083034187555,CG64x3-d2,f1185716ba36107fa52ac0147b2ad9ec518cf3676f5c7e5acbb7c168445cb352,,,,,False,newly_computed_nested_prefix,,81c87de48137dedc13f2fa6e3c3295210c7791fc9b74889812acb12af85c3c35,7f87c16fdc42457391817014ea273c6c3b26e1aab091198c9ab5adb83a49bc6e,,,,,reused_seed201
cga-experiments-v1,C3,06,rfm,rfm_relu3,201,32,,,32,0.3545325370543271,0.3545325370543271,0.18828620341134614,,0.10722137667680412,-9.658341289383804,-10.012873826438131,7,1.764726678146889e-11,True,L-BFGS-B: CONVERGENCE: NORM OF PROJECTED GRADIENT <= PGTOL,0.0582463750615716,CG64x3-d2,f1185716ba36107fa52ac0147b2ad9ec518cf3676f5c7e5acbb7c168445cb352,,,,,False,newly_computed_nested_prefix,,81c87de48137dedc13f2fa6e3c3295210c7791fc9b74889812acb12af85c3c35,7f87c16fdc42457391817014ea273c6c3b26e1aab091198c9ab5adb83a49bc6e,,,,,reused_seed201
cga-experiments-v1,C3,06,rfm,rfm_relu3,201,64,,,64,0.030662763373836555,0.030662763373836555,0.05538272187698652,,0.021445891734180395,-9.982211063064295,-10.012873826438131,5,1.6547120608683757e-08,True,L-BFGS-B: CONVERGENCE: RELATIVE REDUCTION OF F <= FACTR*EPSMCH,0.10092266695573926,CG64x3-d2,f1185716ba36107fa52ac0147b2ad9ec518cf3676f5c7e5acbb7c168445cb352,,,,,False,newly_computed_nested_prefix,,81c87de48137dedc13f2fa6e3c3295210c7791fc9b74889812acb12af85c3c35,7f87c16fdc42457391817014ea273c6c3b26e1aab091198c9ab5adb83a49bc6e,,,,,reused_seed201
cga-experiments-v1,C3,06,rfm,rfm_relu3,201,128,,,128,0.007594929900591296,0.007594929900591296,0.027566280911721877,,0.008612759558514631,-10.00527889653754,-10.012873826438131,17,1.0655104036690298e-08,True,L-BFGS-B: CONVERGENCE: RELATIVE REDUCTION OF F <= FACTR*EPSMCH,0.3009757499676198,CG64x3-d2,f1185716ba36107fa52ac0147b2ad9ec518cf3676f5c7e5acbb7c168445cb352,,,,,False,newly_computed_nested_prefix,,81c87de48137dedc13f2fa6e3c3295210c7791fc9b74889812acb12af85c3c35,7f87c16fdc42457391817014ea273c6c3b26e1aab091198c9ab5adb83a49bc6e,,,,,reused_seed201
cga-experiments-v1,C3,06,rfm,rfm_relu3,201,256,,,256,0.0015239720810278357,0.0015239720810278357,0.012348550551143209,,0.0028316214826529856,-10.011349854357103,-10.012873826438131,24,6.799794299100219e-10,True,L-BFGS-B: CONVERGENCE: RELATIVE REDUCTION OF F <= FACTR*EPSMCH,0.7384342500008643,CG64x3-d2,f1185716ba36107fa52ac0147b2ad9ec518cf3676f5c7e5acbb7c168445cb352,,,,,False,newly_computed_nested_prefix,,81c87de48137dedc13f2fa6e3c3295210c7791fc9b74889812acb12af85c3c35,7f87c16fdc42457391817014ea273c6c3b26e1aab091198c9ab5adb83a49bc6e,,,,,reused_seed201
cga-experiments-v1,C3,06,rfm,rfm_relu3,201,512,,,512,5.1830876225622546e-05,5.1830876225622546e-05,0.002254538290849586,,0.0003254443394361651,-10.012821995561906,-10.012873826438131,142,2.9635357414320043e-08,True,L-BFGS-B: CONVERGENCE: RELATIVE REDUCTION OF F <= FACTR*EPSMCH,5.568543000146747,CG64x3-d2,f1185716ba36107fa52ac0147b2ad9ec518cf3676f5c7e5acbb7c168445cb352,0.018644147163500376,0.018644147163500376,4.657782594538389e-05,,False,newly_computed_nested_prefix,,81c87de48137dedc13f2fa6e3c3295210c7791fc9b74889812acb12af85c3c35,7f87c16fdc42457391817014ea273c6c3b26e1aab091198c9ab5adb83a49bc6e,,,,data/raw/baseline/data/models/C3_rfm_seed201_n512.npz,reused_seed201
cga-experiments-v1,C4,17,rfm,rfm_relu3,201,8,,,8,103.5491982284401,103.5491982284401,0.5401857890812168,0.6032603456553092,0.30567078785730895,-334.79171142457085,-438.34090965301095,25,9.905537664488157e-10,True,L-BFGS-B: CONVERGENCE: RELATIVE REDUCTION OF F <= FACTR*EPSMCH,0.0037466250360012054,CG2048x8-d1,033c5dea4503652a2ef35d4412195cc071bf6319de112f0017f4e46a25e52115,,,,,False,newly_computed_nested_prefix,,fa0a3e14c37bb38157d73088a3589d725f9b3228022a5797a0f25e79b611b0e0,7f87c16fdc42457391817014ea273c6c3b26e1aab091198c9ab5adb83a49bc6e,,,,,reused_seed201
cga-experiments-v1,C4,17,rfm,rfm_relu3,201,16,,,16,0.0045313389393299985,0.0045313389393299985,0.010275599015155224,0.004555679420546161,0.004664251892441767,-438.3363783140716,-438.34090965301095,45,3.668726448437864e-08,True,L-BFGS-B: CONVERGENCE: RELATIVE REDUCTION OF F <= FACTR*EPSMCH,0.006923582870513201,CG2048x8-d1,033c5dea4503652a2ef35d4412195cc071bf6319de112f0017f4e46a25e52115,,,,,False,newly_computed_nested_prefix,,fa0a3e14c37bb38157d73088a3589d725f9b3228022a5797a0f25e79b611b0e0,7f87c16fdc42457391817014ea273c6c3b26e1aab091198c9ab5adb83a49bc6e,,,,,reused_seed201
cga-experiments-v1,C4,17,rfm,rfm_relu3,201,32,,,32,0.000827839720443535,0.000827839720443535,0.005182566693328456,0.0019469309860642467,0.002091701580841455,-438.3400818132905,-438.34090965301095,60,1.3690199510109106e-08,True,L-BFGS-B: CONVERGENCE: RELATIVE REDUCTION OF F <= FACTR*EPSMCH,0.008879083907231688,CG2048x8-d1,033c5dea4503652a2ef35d4412195cc071bf6319de112f0017f4e46a25e52115,,,,,False,newly_computed_nested_prefix,,fa0a3e14c37bb38157d73088a3589d725f9b3228022a5797a0f25e79b611b0e0,7f87c16fdc42457391817014ea273c6c3b26e1aab091198c9ab5adb83a49bc6e,,,,,reused_seed201
cga-experiments-v1,C4,17,rfm,rfm_relu3,201,64,,,64,1.6987895605780068e-06,1.6987895605780068e-06,0.000315223390710191,8.803756345452262e-05,6.726063593071616e-05,-438.3409079542214,-438.34090965301095,94,5.7690348814600235e-08,True,L-BFGS-B: CONVERGENCE: RELATIVE REDUCTION OF F <= FACTR*EPSMCH,0.018905249889940023,CG2048x8-d1,033c5dea4503652a2ef35d4412195cc071bf6319de112f0017f4e46a25e52115,,,,,False,newly_computed_nested_prefix,,fa0a3e14c37bb38157d73088a3589d725f9b3228022a5797a0f25e79b611b0e0,7f87c16fdc42457391817014ea273c6c3b26e1aab091198c9ab5adb83a49bc6e,,,,,reused_seed201
cga-experiments-v1,C4,17,rfm,rfm_relu3,201,128,,,128,9.082185670195031e-08,9.082185670195031e-08,5.54290288184897e-05,2.035030102794968e-05,1.2850765066978674e-06,-438.3409095621891,-438.34090965301095,60,1.4625665193739985e-08,True,L-BFGS-B: CONVERGENCE: RELATIVE REDUCTION OF F <= FACTR*EPSMCH,0.019042290979996324,CG2048x8-d1,033c5dea4503652a2ef35d4412195cc071bf6319de112f0017f4e46a25e52115,,,,,False,newly_computed_nested_prefix,,fa0a3e14c37bb38157d73088a3589d725f9b3228022a5797a0f25e79b611b0e0,7f87c16fdc42457391817014ea273c6c3b26e1aab091198c9ab5adb83a49bc6e,,,,,reused_seed201
cga-experiments-v1,C4,17,rfm,rfm_relu3,201,256,,,256,3.192326403222978e-10,3.192326403222978e-10,4.6588263461306606e-05,1.2483960383186667e-06,5.767227738944119e-07,-438.3409096526917,-438.34090965301095,51,1.755874962367934e-08,True,L-BFGS-B: CONVERGENCE: RELATIVE REDUCTION OF F <= FACTR*EPSMCH,0.04065870912745595,CG2048x8-d1,033c5dea4503652a2ef35d4412195cc071bf6319de112f0017f4e46a25e52115,0.05054945054945055,0.05054945054945055,2.1880511068132871e-10,3.1085317942050665e-07,False,newly_computed_nested_prefix,,fa0a3e14c37bb38157d73088a3589d725f9b3228022a5797a0f25e79b611b0e0,7f87c16fdc42457391817014ea273c6c3b26e1aab091198c9ab5adb83a49bc6e,,,,data/raw/baseline/data/models/C4_rfm_seed201_n256.npz,reused_seed201
cga-experiments-v1,C5,08,rfm,rfm_relu3,201,8,,,8,325.35968540416997,325.35968540416997,1.036347341846417,0.9763849713106284,1.1530508965380484,-39.92440597333909,-365.28409137750907,17,4.098441425840161e-09,True,L-BFGS-B: CONVERGENCE: RELATIVE REDUCTION OF F <= FACTR*EPSMCH,0.046398208010941744,CG64x3-d2,f1185716ba36107fa52ac0147b2ad9ec518cf3676f5c7e5acbb7c168445cb352,,,,,False,newly_computed_nested_prefix,,4788b09e54970c37054ead04b1ea3a8572bc3879b5309ada573515d303f3876f,7f87c16fdc42457391817014ea273c6c3b26e1aab091198c9ab5adb83a49bc6e,,,,,reused_seed201
cga-experiments-v1,C5,08,rfm,rfm_relu3,201,16,,,16,148.89942522484137,148.89942522484137,0.7447500912821768,0.7289189733547691,0.9749141330120211,-216.3846661526677,-365.28409137750907,19,6.175426731721737e-08,True,L-BFGS-B: CONVERGENCE: RELATIVE REDUCTION OF F <= FACTR*EPSMCH,0.05731179192662239,CG64x3-d2,f1185716ba36107fa52ac0147b2ad9ec518cf3676f5c7e5acbb7c168445cb352,,,,,False,newly_computed_nested_prefix,,4788b09e54970c37054ead04b1ea3a8572bc3879b5309ada573515d303f3876f,7f87c16fdc42457391817014ea273c6c3b26e1aab091198c9ab5adb83a49bc6e,,,,,reused_seed201
cga-experiments-v1,C5,08,rfm,rfm_relu3,201,32,,,32,10.567171333439319,10.567171333439319,0.2133299484376757,0.22686692469913092,0.1527946512697498,-354.71692004406975,-365.28409137750907,22,3.067637746556622e-08,True,L-BFGS-B: CONVERGENCE: RELATIVE REDUCTION OF F <= FACTR*EPSMCH,0.10401104181073606,CG64x3-d2,f1185716ba36107fa52ac0147b2ad9ec518cf3676f5c7e5acbb7c168445cb352,,,,,False,newly_computed_nested_prefix,,4788b09e54970c37054ead04b1ea3a8572bc3879b5309ada573515d303f3876f,7f87c16fdc42457391817014ea273c6c3b26e1aab091198c9ab5adb83a49bc6e,,,,,reused_seed201
cga-experiments-v1,C5,08,rfm,rfm_relu3,201,64,,,64,0.9382678278064986,0.9382678278064986,0.06460333124530931,0.06795694222495516,0.03819446552615544,-364.3458235497026,-365.28409137750907,35,1.0354697257861142e-10,True,L-BFGS-B: CONVERGENCE: RELATIVE REDUCTION OF F <= FACTR*EPSMCH; Newton-CG: Optimization terminated successfully.,0.3842599580530077,CG64x3-d2,f1185716ba36107fa52ac0147b2ad9ec518cf3676f5c7e5acbb7c168445cb352,,,,,False,newly_computed_nested_prefix,,4788b09e54970c37054ead04b1ea3a8572bc3879b5309ada573515d303f3876f,7f87c16fdc42457391817014ea273c6c3b26e1aab091198c9ab5adb83a49bc6e,,,,,reused_seed201
cga-experiments-v1,C5,08,rfm,rfm_relu3,201,128,,,128,0.2283380015919647,0.2283380015919647,0.035362151164344775,0.033464986446766994,0.01676194868128518,-365.0557533759171,-365.28409137750907,131,3.339811710864701e-11,True,L-BFGS-B: CONVERGENCE: RELATIVE REDUCTION OF F <= FACTR*EPSMCH; Newton-CG: Optimization terminated successfully.,1.918897374998778,CG64x3-d2,f1185716ba36107fa52ac0147b2ad9ec518cf3676f5c7e5acbb7c168445cb352,,,,,False,newly_computed_nested_prefix,,4788b09e54970c37054ead04b1ea3a8572bc3879b5309ada573515d303f3876f,7f87c16fdc42457391817014ea273c6c3b26e1aab091198c9ab5adb83a49bc6e,,,,,reused_seed201
cga-experiments-v1,C5,08,rfm,rfm_relu3,201,256,,,256,0.04797643994675127,0.04797643994675127,0.017050912422290666,0.0154227705698093,0.006029490265495284,-365.2361149375623,-365.28409137750907,168,1.4914714872564448e-07,True,L-BFGS-B: CONVERGENCE: RELATIVE REDUCTION OF F <= FACTR*EPSMCH,2.8623375829774886,CG64x3-d2,f1185716ba36107fa52ac0147b2ad9ec518cf3676f5c7e5acbb7c168445cb352,,,,,False,newly_computed_nested_prefix,,4788b09e54970c37054ead04b1ea3a8572bc3879b5309ada573515d303f3876f,7f87c16fdc42457391817014ea273c6c3b26e1aab091198c9ab5adb83a49bc6e,,,,,reused_seed201
cga-experiments-v1,C5,08,rfm,rfm_relu3,201,512,,,512,0.0015063904351677593,0.0015063904351677593,0.003320651016802386,0.002706193100862439,0.0005712278050681552,-365.2825849870739,-365.28409137750907,400,1.60329495695239e-07,True,L-BFGS-B: STOP: TOTAL NO. OF ITERATIONS REACHED LIMIT,13.341949624940753,CG64x3-d2,f1185716ba36107fa52ac0147b2ad9ec518cf3676f5c7e5acbb7c168445cb352,0.011343098674271803,0.011343098674271803,0.00041889622874061644,4.4837266531100185e-06,False,newly_computed_nested_prefix,,4788b09e54970c37054ead04b1ea3a8572bc3879b5309ada573515d303f3876f,7f87c16fdc42457391817014ea273c6c3b26e1aab091198c9ab5adb83a49bc6e,,,,data/raw/baseline/data/models/C5_rfm_seed201_n512.npz,reused_seed201
cga-experiments-v1,C1,01,rfm,rfm_relu3,202,8,,,8,10.962513460497915,10.962513460497915,0.6696957494115082,,0.36645317298385105,-13.480517322170991,-24.443030782668906,1,1.48084130736601e-13,True,rank=8/8,0.008816167000077257,CG2048x8-d1,033c5dea4503652a2ef35d4412195cc071bf6319de112f0017f4e46a25e52115,,,,,False,newly_computed_nested_prefix,,54a0c8e776ed61a7799e7cc74a80fc39bfab52aa7318daa0a31fbb23bc4dbe8f,b1651ad7e73c008ece0142a5f2b55cf0ac26b5a7f88dbbe570fd4ad7dbef359b,,,,,prespecified_run
cga-experiments-v1,C1,01,rfm,rfm_relu3,202,16,,,16,6.01622225196914,6.01622225196914,0.4961173421812823,,0.08942156531106525,-18.426808530699766,-24.443030782668906,1,1.275382821877268e-12,True,rank=16/16,0.0007075829998939298,CG2048x8-d1,033c5dea4503652a2ef35d4412195cc071bf6319de112f0017f4e46a25e52115,,,,,False,newly_computed_nested_prefix,,54a0c8e776ed61a7799e7cc74a80fc39bfab52aa7318daa0a31fbb23bc4dbe8f,b1651ad7e73c008ece0142a5f2b55cf0ac26b5a7f88dbbe570fd4ad7dbef359b,,,,,prespecified_run
cga-experiments-v1,C1,01,rfm,rfm_relu3,202,32,,,32,1.369036206707051,1.369036206707051,0.23666276855866872,,0.031247486635340653,-23.073994575961855,-24.443030782668906,1,5.329295188762858e-12,True,rank=30/32,0.0014793329999065463,CG2048x8-d1,033c5dea4503652a2ef35d4412195cc071bf6319de112f0017f4e46a25e52115,,,,,False,newly_computed_nested_prefix,,54a0c8e776ed61a7799e7cc74a80fc39bfab52aa7318daa0a31fbb23bc4dbe8f,b1651ad7e73c008ece0142a5f2b55cf0ac26b5a7f88dbbe570fd4ad7dbef359b,,,,,prespecified_run
cga-experiments-v1,C1,01,rfm,rfm_relu3,202,64,,,64,0.041590977618628955,0.041590977618628955,0.04124981521269352,,0.003093193267123004,-24.401439805050277,-24.443030782668906,1,1.5291198588651812e-11,True,rank=61/64,0.004724332999785474,CG2048x8-d1,033c5dea4503652a2ef35d4412195cc071bf6319de112f0017f4e46a25e52115,,,,,False,newly_computed_nested_prefix,,54a0c8e776ed61a7799e7cc74a80fc39bfab52aa7318daa0a31fbb23bc4dbe8f,b1651ad7e73c008ece0142a5f2b55cf0ac26b5a7f88dbbe570fd4ad7dbef359b,,,,,prespecified_run
cga-experiments-v1,C1,01,rfm,rfm_relu3,202,128,,,128,0.0007402026291067898,0.0007402026291067898,0.005502987416510662,,0.00021331220104286677,-24.4422905800398,-24.443030782668906,1,7.893179054035264e-12,True,rank=116/128,0.007963625000002139,CG2048x8-d1,033c5dea4503652a2ef35d4412195cc071bf6319de112f0017f4e46a25e52115,,,,,False,newly_computed_nested_prefix,,54a0c8e776ed61a7799e7cc74a80fc39bfab52aa7318daa0a31fbb23bc4dbe8f,b1651ad7e73c008ece0142a5f2b55cf0ac26b5a7f88dbbe570fd4ad7dbef359b,,,,,prespecified_run
cga-experiments-v1,C1,01,rfm,rfm_relu3,202,256,,,256,7.151578174102724e-07,7.151578174102724e-07,0.0001709623361767852,,2.0966164353840443e-06,-24.44303006751109,-24.443030782668906,1,1.3453908737178617e-12,True,rank=232/256,0.014987667000013971,CG2048x8-d1,033c5dea4503652a2ef35d4412195cc071bf6319de112f0017f4e46a25e52115,0.0008980928334421424,0.0008980928334421424,1.416327078071547e-07,,False,newly_computed_nested_prefix,,54a0c8e776ed61a7799e7cc74a80fc39bfab52aa7318daa0a31fbb23bc4dbe8f,b1651ad7e73c008ece0142a5f2b55cf0ac26b5a7f88dbbe570fd4ad7dbef359b,,,,data/raw/baseline/data/models/C1_rfm_seed202_n256.npz,prespecified_run
cga-experiments-v1,C1,01,rfm,rfm_relu3,203,8,,,8,11.799147944579317,11.799147944579317,0.6947807800500789,,0.20076127136064295,-12.643882838089588,-24.443030782668906,1,1.1333581807221663e-14,True,rank=8/8,0.00041450000003351306,CG2048x8-d1,033c5dea4503652a2ef35d4412195cc071bf6319de112f0017f4e46a25e52115,,,,,False,newly_computed_nested_prefix,,54a0c8e776ed61a7799e7cc74a80fc39bfab52aa7318daa0a31fbb23bc4dbe8f,b1651ad7e73c008ece0142a5f2b55cf0ac26b5a7f88dbbe570fd4ad7dbef359b,,,,,prespecified_run
cga-experiments-v1,C1,01,rfm,rfm_relu3,203,16,,,16,6.641036659986266,6.641036659986266,0.5212432108987217,,0.09427491063762394,-17.80199412268264,-24.443030782668906,1,1.7239197288499335e-13,True,rank=16/16,0.0005302500001107546,CG2048x8-d1,033c5dea4503652a2ef35d4412195cc071bf6319de112f0017f4e46a25e52115,,,,,False,newly_computed_nested_prefix,,54a0c8e776ed61a7799e7cc74a80fc39bfab52aa7318daa0a31fbb23bc4dbe8f,b1651ad7e73c008ece0142a5f2b55cf0ac26b5a7f88dbbe570fd4ad7dbef359b,,,,,prespecified_run
cga-experiments-v1,C1,01,rfm,rfm_relu3,203,32,,,32,1.477850446744931,1.477850446744931,0.24588821592514157,,0.045062634621067,-22.965180335923975,-24.443030782668906,1,1.2339161295948902e-12,True,rank=31/32,0.00106470800005809,CG2048x8-d1,033c5dea4503652a2ef35d4412195cc071bf6319de112f0017f4e46a25e52115,,,,,False,newly_computed_nested_prefix,,54a0c8e776ed61a7799e7cc74a80fc39bfab52aa7318daa0a31fbb23bc4dbe8f,b1651ad7e73c008ece0142a5f2b55cf0ac26b5a7f88dbbe570fd4ad7dbef359b,,,,,prespecified_run
cga-experiments-v1,C1,01,rfm,rfm_relu3,203,64,,,64,0.022539393158186982,0.022539393158186982,0.030366415097718757,,0.002244993371347066,-24.42049138951072,-24.443030782668906,1,4.53417472377397e-12,True,rank=58/64,0.0022942090001834003,CG2048x8-d1,033c5dea4503652a2ef35d4412195cc071bf6319de112f0017f4e46a25e52115,,,,,False,newly_computed_nested_prefix,,54a0c8e776ed61a7799e7cc74a80fc39bfab52aa7318daa0a31fbb23bc4dbe8f,b1651ad7e73c008ece0142a5f2b55cf0ac26b5a7f88dbbe570fd4ad7dbef359b,,,,,prespecified_run
cga-experiments-v1,C1,01,rfm,rfm_relu3,203,128,,,128,0.0014342585050535206,0.0014342585050535206,0.0076601190756572695,,0.0003519844382381741,-24.441596524163852,-24.443030782668906,1,9.87345790891089e-13,True,rank=118/128,0.007649666999895999,CG2048x8-d1,033c5dea4503652a2ef35d4412195cc071bf6319de112f0017f4e46a25e52115,,,,,False,newly_computed_nested_prefix,,54a0c8e776ed61a7799e7cc74a80fc39bfab52aa7318daa0a31fbb23bc4dbe8f,b1651ad7e73c008ece0142a5f2b55cf0ac26b5a7f88dbbe570fd4ad7dbef359b,,,,,prespecified_run
cga-experiments-v1,C1,01,rfm,rfm_relu3,203,256,,,256,8.991342852482376e-07,8.991342852482376e-07,0.00019160581106554184,,2.4166086562412574e-06,-24.44302988353462,-24.443030782668906,1,8.688903382740349e-13,True,rank=232/256,0.014416833000041152,CG2048x8-d1,033c5dea4503652a2ef35d4412195cc071bf6319de112f0017f4e46a25e52115,0.0023760446750723174,0.0023760446750723174,2.7221194809118595e-07,,False,newly_computed_nested_prefix,,54a0c8e776ed61a7799e7cc74a80fc39bfab52aa7318daa0a31fbb23bc4dbe8f,b1651ad7e73c008ece0142a5f2b55cf0ac26b5a7f88dbbe570fd4ad7dbef359b,,,,data/raw/baseline/data/models/C1_rfm_seed203_n256.npz,prespecified_run
cga-experiments-v1,C1,01,rfm,rfm_relu3,204,8,,,8,11.071071144786778,11.071071144786778,0.6730034545268977,,0.1894158298391295,-13.371959637882128,-24.443030782668906,1,7.30319258131719e-15,True,rank=8/8,0.00045062499998493877,CG2048x8-d1,033c5dea4503652a2ef35d4412195cc071bf6319de112f0017f4e46a25e52115,,,,,False,newly_computed_nested_prefix,,54a0c8e776ed61a7799e7cc74a80fc39bfab52aa7318daa0a31fbb23bc4dbe8f,b1651ad7e73c008ece0142a5f2b55cf0ac26b5a7f88dbbe570fd4ad7dbef359b,,,,,prespecified_run
cga-experiments-v1,C1,01,rfm,rfm_relu3,204,16,,,16,7.2034613494990225,7.2034613494990225,0.5428665566793889,,0.10787121188793229,-17.239569433169883,-24.443030782668906,1,5.785042954608054e-13,True,rank=16/16,0.0005018750000544969,CG2048x8-d1,033c5dea4503652a2ef35d4412195cc071bf6319de112f0017f4e46a25e52115,,,,,False,newly_computed_nested_prefix,,54a0c8e776ed61a7799e7cc74a80fc39bfab52aa7318daa0a31fbb23bc4dbe8f,b1651ad7e73c008ece0142a5f2b55cf0ac26b5a7f88dbbe570fd4ad7dbef359b,,,,,prespecified_run
cga-experiments-v1,C1,01,rfm,rfm_relu3,204,32,,,32,0.9906815109582539,0.9906815109582539,0.20132119585194438,,0.02420685341168148,-23.452349271710652,-24.443030782668906,1,3.950681295105895e-12,True,rank=30/32,0.0011656659999061958,CG2048x8-d1,033c5dea4503652a2ef35d4412195cc071bf6319de112f0017f4e46a25e52115,,,,,False,newly_computed_nested_prefix,,54a0c8e776ed61a7799e7cc74a80fc39bfab52aa7318daa0a31fbb23bc4dbe8f,b1651ad7e73c008ece0142a5f2b55cf0ac26b5a7f88dbbe570fd4ad7dbef359b,,,,,prespecified_run
cga-experiments-v1,C1,01,rfm,rfm_relu3,204,64,,,64,0.03971698818928715,0.03971698818928715,0.04030979521845646,,0.003245213277211417,-24.40331379447962,-24.443030782668906,1,2.3581275462244403e-12,True,rank=58/64,0.0023042919999625155,CG2048x8-d1,033c5dea4503652a2ef35d4412195cc071bf6319de112f0017f4e46a25e52115,,,,,False,newly_computed_nested_prefix,,54a0c8e776ed61a7799e7cc74a80fc39bfab52aa7318daa0a31fbb23bc4dbe8f,b1651ad7e73c008ece0142a5f2b55cf0ac26b5a7f88dbbe570fd4ad7dbef359b,,,,,prespecified_run
cga-experiments-v1,C1,01,rfm,rfm_relu3,204,128,,,128,0.004152774391680936,0.004152774391680936,0.013034416673272977,,0.0006879234274864811,-24.438878008277225,-24.443030782668906,1,4.406416554425674e-12,True,rank=115/128,0.007771667000042726,CG2048x8-d1,033c5dea4503652a2ef35d4412195cc071bf6319de112f0017f4e46a25e52115,,,,,False,newly_computed_nested_prefix,,54a0c8e776ed61a7799e7cc74a80fc39bfab52aa7318daa0a31fbb23bc4dbe8f,b1651ad7e73c008ece0142a5f2b55cf0ac26b5a7f88dbbe570fd4ad7dbef359b,,,,,prespecified_run
cga-experiments-v1,C1,01,rfm,rfm_relu3,204,256,,,256,8.179492212434525e-07,8.179492212434525e-07,0.00018303337153668795,,2.2697886394819565e-06,-24.443029964719685,-24.443030782668906,1,3.981784936399443e-13,True,rank=232/256,0.014179124999827764,CG2048x8-d1,033c5dea4503652a2ef35d4412195cc071bf6319de112f0017f4e46a25e52115,0.001532961384594346,0.001532961384594346,1.0921496229811289e-07,,False,newly_computed_nested_prefix,,54a0c8e776ed61a7799e7cc74a80fc39bfab52aa7318daa0a31fbb23bc4dbe8f,b1651ad7e73c008ece0142a5f2b55cf0ac26b5a7f88dbbe570fd4ad7dbef359b,,,,data/raw/baseline/data/models/C1_rfm_seed204_n256.npz,prespecified_run
cga-experiments-v1,C1,01,rfm,rfm_relu3,205,8,,,8,11.63456350851503,11.63456350851503,0.68991807002967,,0.19921332963182123,-12.808467274153877,-24.443030782668906,1,1.270855200204747e-14,True,rank=8/8,0.0005616670000563317,CG2048x8-d1,033c5dea4503652a2ef35d4412195cc071bf6319de112f0017f4e46a25e52115,,,,,False,newly_computed_nested_prefix,,54a0c8e776ed61a7799e7cc74a80fc39bfab52aa7318daa0a31fbb23bc4dbe8f,b1651ad7e73c008ece0142a5f2b55cf0ac26b5a7f88dbbe570fd4ad7dbef359b,,,,,prespecified_run
cga-experiments-v1,C1,01,rfm,rfm_relu3,205,16,,,16,5.625757488232814,5.625757488232814,0.4797477825444002,,0.0833161266645044,-18.81727329443609,-24.443030782668906,1,2.990083446937722e-13,True,rank=16/16,0.0010736659999110998,CG2048x8-d1,033c5dea4503652a2ef35d4412195cc071bf6319de112f0017f4e46a25e52115,,,,,False,newly_computed_nested_prefix,,54a0c8e776ed61a7799e7cc74a80fc39bfab52aa7318daa0a31fbb23bc4dbe8f,b1651ad7e73c008ece0142a5f2b55cf0ac26b5a7f88dbbe570fd4ad7dbef359b,,,,,prespecified_run
cga-experiments-v1,C1,01,rfm,rfm_relu3,205,32,,,32,1.7417887929612377,1.7417887929612377,0.26694403375046305,,0.040040498995889136,-22.70124198970767,-24.443030782668906,1,1.0414012691644405e-11,True,rank=30/32,0.0011287079998965055,CG2048x8-d1,033c5dea4503652a2ef35d4412195cc071bf6319de112f0017f4e46a25e52115,,,,,False,newly_computed_nested_prefix,,54a0c8e776ed61a7799e7cc74a80fc39bfab52aa7318daa0a31fbb23bc4dbe8f,b1651ad7e73c008ece0142a5f2b55cf0ac26b5a7f88dbbe570fd4ad7dbef359b,,,,,prespecified_run
cga-experiments-v1,C1,01,rfm,rfm_relu3,205,64,,,64,0.12949627584421108,0.12949627584421108,0.072786551692479,,0.007100959127774177,-24.313534506824695,-24.443030782668906,1,3.004879537643025e-12,True,rank=59/64,0.003215999999838459,CG2048x8-d1,033c5dea4503652a2ef35d4412195cc071bf6319de112f0017f4e46a25e52115,,,,,False,newly_computed_nested_prefix,,54a0c8e776ed61a7799e7cc74a80fc39bfab52aa7318daa0a31fbb23bc4dbe8f,b1651ad7e73c008ece0142a5f2b55cf0ac26b5a7f88dbbe570fd4ad7dbef359b,,,,,prespecified_run
cga-experiments-v1,C1,01,rfm,rfm_relu3,205,128,,,128,0.0005867468581790547,0.0005867468581790547,0.004899444645178485,,0.00018752473352353375,-24.442444035810727,-24.443030782668906,1,1.3748034676749818e-12,True,rank=115/128,0.008397333999937473,CG2048x8-d1,033c5dea4503652a2ef35d4412195cc071bf6319de112f0017f4e46a25e52115,,,,,False,newly_computed_nested_prefix,,54a0c8e776ed61a7799e7cc74a80fc39bfab52aa7318daa0a31fbb23bc4dbe8f,b1651ad7e73c008ece0142a5f2b55cf0ac26b5a7f88dbbe570fd4ad7dbef359b,,,,,prespecified_run
cga-experiments-v1,C1,01,rfm,rfm_relu3,205,256,,,256,7.630854454987457e-07,7.630854454987457e-07,0.00017668107528208873,,2.1396828800982386e-06,-24.44303001958346,-24.443030782668906,1,2.0388891873085444e-12,True,rank=232/256,0.014777332999983628,CG2048x8-d1,033c5dea4503652a2ef35d4412195cc071bf6319de112f0017f4e46a25e52115,0.00012419923497553986,0.00012419923497553986,8.97969531636064e-08,,False,newly_computed_nested_prefix,,54a0c8e776ed61a7799e7cc74a80fc39bfab52aa7318daa0a31fbb23bc4dbe8f,b1651ad7e73c008ece0142a5f2b55cf0ac26b5a7f88dbbe570fd4ad7dbef359b,,,,data/raw/baseline/data/models/C1_rfm_seed205_n256.npz,prespecified_run
cga-experiments-v1,C1,01,rfm,rfm_relu3,206,8,,,8,12.015014540200895,12.015014540200895,0.7011075162268094,,1.3825759249013427,-12.428016242468011,-24.443030782668906,1,1.8011277671363617e-15,True,rank=8/8,0.0005277079999359557,CG2048x8-d1,033c5dea4503652a2ef35d4412195cc071bf6319de112f0017f4e46a25e52115,,,,,False,newly_computed_nested_prefix,,54a0c8e776ed61a7799e7cc74a80fc39bfab52aa7318daa0a31fbb23bc4dbe8f,b1651ad7e73c008ece0142a5f2b55cf0ac26b5a7f88dbbe570fd4ad7dbef359b,,,,,prespecified_run
cga-experiments-v1,C1,01,rfm,rfm_relu3,206,16,,,16,6.96354040931525,6.96354040931525,0.533749551011676,,0.100292944079205,-17.479490373353656,-24.443030782668906,1,1.6638588216054953e-13,True,rank=16/16,0.0005534580000130518,CG2048x8-d1,033c5dea4503652a2ef35d4412195cc071bf6319de112f0017f4e46a25e52115,,,,,False,newly_computed_nested_prefix,,54a0c8e776ed61a7799e7cc74a80fc39bfab52aa7318daa0a31fbb23bc4dbe8f,b1651ad7e73c008ece0142a5f2b55cf0ac26b5a7f88dbbe570fd4ad7dbef359b,,,,,prespecified_run
cga-experiments-v1,C1,01,rfm,rfm_relu3,206,32,,,32,3.1695927339216254,3.1695927339216254,0.3601008979823253,,0.06774018234014878,-21.27343804874728,-24.443030782668906,1,6.205001639003789e-13,True,rank=31/32,0.001030250000212618,CG2048x8-d1,033c5dea4503652a2ef35d4412195cc071bf6319de112f0017f4e46a25e52115,,,,,False,newly_computed_nested_prefix,,54a0c8e776ed61a7799e7cc74a80fc39bfab52aa7318daa0a31fbb23bc4dbe8f,b1651ad7e73c008ece0142a5f2b55cf0ac26b5a7f88dbbe570fd4ad7dbef359b,,,,,prespecified_run
cga-experiments-v1,C1,01,rfm,rfm_relu3,206,64,,,64,0.4973043256580567,0.4973043256580567,0.14263745837420708,,0.018667568565815085,-23.94572645701085,-24.443030782668906,1,2.3510565358153214e-12,True,rank=60/64,0.002564165999956458,CG2048x8-d1,033c5dea4503652a2ef35d4412195cc071bf6319de112f0017f4e46a25e52115,,,,,False,newly_computed_nested_prefix,,54a0c8e776ed61a7799e7cc74a80fc39bfab52aa7318daa0a31fbb23bc4dbe8f,b1651ad7e73c008ece0142a5f2b55cf0ac26b5a7f88dbbe570fd4ad7dbef359b,,,,,prespecified_run
cga-experiments-v1,C1,01,rfm,rfm_relu3,206,128,,,128,0.0003256866552519,0.0003256866552519,0.0036502253184511045,,0.00012744729927724149,-24.442705096013654,-24.443030782668906,1,1.0291607259444487e-12,True,rank=119/128,0.007692332999795326,CG2048x8-d1,033c5dea4503652a2ef35d4412195cc071bf6319de112f0017f4e46a25e52115,,,,,False,newly_computed_nested_prefix,,54a0c8e776ed61a7799e7cc74a80fc39bfab52aa7318daa0a31fbb23bc4dbe8f,b1651ad7e73c008ece0142a5f2b55cf0ac26b5a7f88dbbe570fd4ad7dbef359b,,,,,prespecified_run
cga-experiments-v1,C1,01,rfm,rfm_relu3,206,256,,,256,8.083112632562006e-07,8.083112632562006e-07,0.0001816891454029888,,2.2294159164409555e-06,-24.443029974357643,-24.443030782668906,1,6.722169411609048e-13,True,rank=232/256,0.013526209000019662,CG2048x8-d1,033c5dea4503652a2ef35d4412195cc071bf6319de112f0017f4e46a25e52115,0.00185133831327988,0.00185133831327988,6.969540739083834e-08,,False,newly_computed_nested_prefix,,54a0c8e776ed61a7799e7cc74a80fc39bfab52aa7318daa0a31fbb23bc4dbe8f,b1651ad7e73c008ece0142a5f2b55cf0ac26b5a7f88dbbe570fd4ad7dbef359b,,,,data/raw/baseline/data/models/C1_rfm_seed206_n256.npz,prespecified_run
cga-experiments-v1,C1,01,rfm,rfm_relu3,207,8,,,8,12.417549137345393,12.417549137345393,0.7127552357844327,,0.36587290493621555,-12.025481645323513,-24.443030782668906,1,1.1460957806768316e-15,True,rank=8/8,0.00064104199987014,CG2048x8-d1,033c5dea4503652a2ef35d4412195cc071bf6319de112f0017f4e46a25e52115,,,,,False,newly_computed_nested_prefix,,54a0c8e776ed61a7799e7cc74a80fc39bfab52aa7318daa0a31fbb23bc4dbe8f,b1651ad7e73c008ece0142a5f2b55cf0ac26b5a7f88dbbe570fd4ad7dbef359b,,,,,prespecified_run
cga-experiments-v1,C1,01,rfm,rfm_relu3,207,16,,,16,9.070952071278048,9.070952071278048,0.609184589844568,,0.1501843550055326,-15.372078711390857,-24.443030782668906,1,6.64061194301715e-14,True,rank=14/16,0.0005593339999450109,CG2048x8-d1,033c5dea4503652a2ef35d4412195cc071bf6319de112f0017f4e46a25e52115,,,,,False,newly_computed_nested_prefix,,54a0c8e776ed61a7799e7cc74a80fc39bfab52aa7318daa0a31fbb23bc4dbe8f,b1651ad7e73c008ece0142a5f2b55cf0ac26b5a7f88dbbe570fd4ad7dbef359b,,,,,prespecified_run
cga-experiments-v1,C1,01,rfm,rfm_relu3,207,32,,,32,3.399965017342108,3.399965017342108,0.3729578019320539,,0.06719461123148689,-21.043065765326798,-24.443030782668906,1,7.797791884388768e-13,True,rank=28/32,0.0010495840001567558,CG2048x8-d1,033c5dea4503652a2ef35d4412195cc071bf6319de112f0017f4e46a25e52115,,,,,False,newly_computed_nested_prefix,,54a0c8e776ed61a7799e7cc74a80fc39bfab52aa7318daa0a31fbb23bc4dbe8f,b1651ad7e73c008ece0142a5f2b55cf0ac26b5a7f88dbbe570fd4ad7dbef359b,,,,,prespecified_run
cga-experiments-v1,C1,01,rfm,rfm_relu3,207,64,,,64,0.43259821608391746,0.43259821608391746,0.1330346706033288,,0.015351089134306337,-24.01043256658499,-24.443030782668906,1,1.930057603328806e-12,True,rank=56/64,0.002640541000118901,CG2048x8-d1,033c5dea4503652a2ef35d4412195cc071bf6319de112f0017f4e46a25e52115,,,,,False,newly_computed_nested_prefix,,54a0c8e776ed61a7799e7cc74a80fc39bfab52aa7318daa0a31fbb23bc4dbe8f,b1651ad7e73c008ece0142a5f2b55cf0ac26b5a7f88dbbe570fd4ad7dbef359b,,,,,prespecified_run
cga-experiments-v1,C1,01,rfm,rfm_relu3,207,128,,,128,0.007900412550075231,0.007900412550075231,0.017978253030452578,,0.0011085248766560735,-24.43513037011883,-24.443030782668906,1,1.1977817873236486e-12,True,rank=115/128,0.007693083000049228,CG2048x8-d1,033c5dea4503652a2ef35d4412195cc071bf6319de112f0017f4e46a25e52115,,,,,False,newly_computed_nested_prefix,,54a0c8e776ed61a7799e7cc74a80fc39bfab52aa7318daa0a31fbb23bc4dbe8f,b1651ad7e73c008ece0142a5f2b55cf0ac26b5a7f88dbbe570fd4ad7dbef359b,,,,,prespecified_run
cga-experiments-v1,C1,01,rfm,rfm_relu3,207,256,,,256,6.963189740361031e-07,6.963189740361031e-07,0.00016885172106886485,,2.092061199570035e-06,-24.443030086349932,-24.443030782668906,1,6.424975409063973e-13,True,rank=232/256,0.014382708000084676,CG2048x8-d1,033c5dea4503652a2ef35d4412195cc071bf6319de112f0017f4e46a25e52115,0.001344505642100509,0.001344505642100509,5.645468550707035e-08,,False,newly_computed_nested_prefix,,54a0c8e776ed61a7799e7cc74a80fc39bfab52aa7318daa0a31fbb23bc4dbe8f,b1651ad7e73c008ece0142a5f2b55cf0ac26b5a7f88dbbe570fd4ad7dbef359b,,,,data/raw/baseline/data/models/C1_rfm_seed207_n256.npz,prespecified_run
cga-experiments-v1,C1,01,rfm,rfm_relu3,208,8,,,8,11.862716588582916,11.862716588582916,0.6966498534088912,,0.20467967416614602,-12.58031419408599,-24.443030782668906,1,4.539715992945116e-14,True,rank=8/8,0.0004965830000855931,CG2048x8-d1,033c5dea4503652a2ef35d4412195cc071bf6319de112f0017f4e46a25e52115,,,,,False,newly_computed_nested_prefix,,54a0c8e776ed61a7799e7cc74a80fc39bfab52aa7318daa0a31fbb23bc4dbe8f,b1651ad7e73c008ece0142a5f2b55cf0ac26b5a7f88dbbe570fd4ad7dbef359b,,,,,prespecified_run
cga-experiments-v1,C1,01,rfm,rfm_relu3,208,16,,,16,8.87982256091544,8.87982256091544,0.6027325093572825,,0.15241437146004033,-15.563208221753467,-24.443030782668906,1,1.0628182701276092e-12,True,rank=16/16,0.000665791999836074,CG2048x8-d1,033c5dea4503652a2ef35d4412195cc071bf6319de112f0017f4e46a25e52115,,,,,False,newly_computed_nested_prefix,,54a0c8e776ed61a7799e7cc74a80fc39bfab52aa7318daa0a31fbb23bc4dbe8f,b1651ad7e73c008ece0142a5f2b55cf0ac26b5a7f88dbbe570fd4ad7dbef359b,,,,,prespecified_run
cga-experiments-v1,C1,01,rfm,rfm_relu3,208,32,,,32,1.4605850224957209,1.4605850224957209,0.24444766347571206,,0.03635023621425761,-22.982445760173185,-24.443030782668906,1,3.17599160331789e-11,True,rank=30/32,0.0010094579999986308,CG2048x8-d1,033c5dea4503652a2ef35d4412195cc071bf6319de112f0017f4e46a25e52115,,,,,False,newly_computed_nested_prefix,,54a0c8e776ed61a7799e7cc74a80fc39bfab52aa7318daa0a31fbb23bc4dbe8f,b1651ad7e73c008ece0142a5f2b55cf0ac26b5a7f88dbbe570fd4ad7dbef359b,,,,,prespecified_run
cga-experiments-v1,C1,01,rfm,rfm_relu3,208,64,,,64,0.0739365728545387,0.0739365728545387,0.05499866588655048,,0.004304605442445064,-24.369094209814367,-24.443030782668906,1,2.3216343909065112e-11,True,rank=59/64,0.0026237499998842395,CG2048x8-d1,033c5dea4503652a2ef35d4412195cc071bf6319de112f0017f4e46a25e52115,,,,,False,newly_computed_nested_prefix,,54a0c8e776ed61a7799e7cc74a80fc39bfab52aa7318daa0a31fbb23bc4dbe8f,b1651ad7e73c008ece0142a5f2b55cf0ac26b5a7f88dbbe570fd4ad7dbef359b,,,,,prespecified_run
cga-experiments-v1,C1,01,rfm,rfm_relu3,208,128,,,128,0.00045633793460098104,0.00045633793460098104,0.004320831015881919,,0.00015862389520074016,-24.442574444734305,-24.443030782668906,1,5.862889791524961e-12,True,rank=116/128,0.007998291999911089,CG2048x8-d1,033c5dea4503652a2ef35d4412195cc071bf6319de112f0017f4e46a25e52115,,,,,False,newly_computed_nested_prefix,,54a0c8e776ed61a7799e7cc74a80fc39bfab52aa7318daa0a31fbb23bc4dbe8f,b1651ad7e73c008ece0142a5f2b55cf0ac26b5a7f88dbbe570fd4ad7dbef359b,,,,,prespecified_run
cga-experiments-v1,C1,01,rfm,rfm_relu3,208,256,,,256,9.339914655015491e-07,9.339914655015491e-07,0.00019556247321143774,,2.4569951415587855e-06,-24.44302984867744,-24.443030782668906,1,1.3284826111993723e-12,True,rank=232/256,0.014571458000091297,CG2048x8-d1,033c5dea4503652a2ef35d4412195cc071bf6319de112f0017f4e46a25e52115,0.0006338202604435852,0.0006338202604435852,4.3400432296635865e-08,,False,newly_computed_nested_prefix,,54a0c8e776ed61a7799e7cc74a80fc39bfab52aa7318daa0a31fbb23bc4dbe8f,b1651ad7e73c008ece0142a5f2b55cf0ac26b5a7f88dbbe570fd4ad7dbef359b,,,,data/raw/baseline/data/models/C1_rfm_seed208_n256.npz,prespecified_run
cga-experiments-v1,C1,01,rfm,rfm_relu3,209,8,,,8,11.825716833648432,11.825716833648432,0.6955625812042697,,0.42639143840336663,-12.617313949020474,-24.443030782668906,1,5.438230167751151e-15,True,rank=7/8,0.00043166599994037824,CG2048x8-d1,033c5dea4503652a2ef35d4412195cc071bf6319de112f0017f4e46a25e52115,,,,,False,newly_computed_nested_prefix,,54a0c8e776ed61a7799e7cc74a80fc39bfab52aa7318daa0a31fbb23bc4dbe8f,b1651ad7e73c008ece0142a5f2b55cf0ac26b5a7f88dbbe570fd4ad7dbef359b,,,,,prespecified_run
cga-experiments-v1,C1,01,rfm,rfm_relu3,209,16,,,16,7.080240446879831,7.080240446879831,0.5382034482903405,,0.10157496313326486,-17.362790335789075,-24.443030782668906,1,2.7270547121507323e-12,True,rank=15/16,0.0005471249999118299,CG2048x8-d1,033c5dea4503652a2ef35d4412195cc071bf6319de112f0017f4e46a25e52115,,,,,False,newly_computed_nested_prefix,,54a0c8e776ed61a7799e7cc74a80fc39bfab52aa7318daa0a31fbb23bc4dbe8f,b1651ad7e73c008ece0142a5f2b55cf0ac26b5a7f88dbbe570fd4ad7dbef359b,,,,,prespecified_run
cga-experiments-v1,C1,01,rfm,rfm_relu3,209,32,,,32,1.7002301567583054,1.7002301567583054,0.2637402001205915,,0.039345223782269824,-22.7428006259106,-24.443030782668906,1,3.1006284965297805e-12,True,rank=27/32,0.0010169170000153827,CG2048x8-d1,033c5dea4503652a2ef35d4412195cc071bf6319de112f0017f4e46a25e52115,,,,,False,newly_computed_nested_prefix,,54a0c8e776ed61a7799e7cc74a80fc39bfab52aa7318daa0a31fbb23bc4dbe8f,b1651ad7e73c008ece0142a5f2b55cf0ac26b5a7f88dbbe570fd4ad7dbef359b,,,,,prespecified_run
cga-experiments-v1,C1,01,rfm,rfm_relu3,209,64,,,64,0.07993527231536746,0.07993527231536746,0.05718626002447064,,0.0048217541360235875,-24.36309551035354,-24.443030782668906,1,4.323778948147473e-12,True,rank=58/64,0.0025937499999599822,CG2048x8-d1,033c5dea4503652a2ef35d4412195cc071bf6319de112f0017f4e46a25e52115,,,,,False,newly_computed_nested_prefix,,54a0c8e776ed61a7799e7cc74a80fc39bfab52aa7318daa0a31fbb23bc4dbe8f,b1651ad7e73c008ece0142a5f2b55cf0ac26b5a7f88dbbe570fd4ad7dbef359b,,,,,prespecified_run
cga-experiments-v1,C1,01,rfm,rfm_relu3,209,128,,,128,0.00035446664254124016,0.00035446664254124016,0.0038081270450048372,,0.00013526799997087857,-24.442676316026365,-24.443030782668906,1,1.209251535051278e-12,True,rank=115/128,0.007759207999924911,CG2048x8-d1,033c5dea4503652a2ef35d4412195cc071bf6319de112f0017f4e46a25e52115,,,,,False,newly_computed_nested_prefix,,54a0c8e776ed61a7799e7cc74a80fc39bfab52aa7318daa0a31fbb23bc4dbe8f,b1651ad7e73c008ece0142a5f2b55cf0ac26b5a7f88dbbe570fd4ad7dbef359b,,,,,prespecified_run
cga-experiments-v1,C1,01,rfm,rfm_relu3,209,256,,,256,1.0125506371139181e-06,1.0125506371139181e-06,0.0002037164778673859,,2.594829748192858e-06,-24.44302977011827,-24.443030782668906,1,4.995179285400797e-13,True,rank=232/256,0.015112541000007695,CG2048x8-d1,033c5dea4503652a2ef35d4412195cc071bf6319de112f0017f4e46a25e52115,0.0016128667887639098,0.0016128667887639098,1.3620162789912535e-08,,False,newly_computed_nested_prefix,,54a0c8e776ed61a7799e7cc74a80fc39bfab52aa7318daa0a31fbb23bc4dbe8f,b1651ad7e73c008ece0142a5f2b55cf0ac26b5a7f88dbbe570fd4ad7dbef359b,,,,data/raw/baseline/data/models/C1_rfm_seed209_n256.npz,prespecified_run
cga-experiments-v1,C1,01,rfm,rfm_relu3,210,8,,,8,12.815884076076715,12.815884076076715,0.7240970161652178,,0.6031045570822096,-11.62714670659219,-24.443030782668906,1,6.714165237302207e-15,True,rank=8/8,0.0008337919998666621,CG2048x8-d1,033c5dea4503652a2ef35d4412195cc071bf6319de112f0017f4e46a25e52115,,,,,False,newly_computed_nested_prefix,,54a0c8e776ed61a7799e7cc74a80fc39bfab52aa7318daa0a31fbb23bc4dbe8f,b1651ad7e73c008ece0142a5f2b55cf0ac26b5a7f88dbbe570fd4ad7dbef359b,,,,,prespecified_run
cga-experiments-v1,C1,01,rfm,rfm_relu3,210,16,,,16,6.89758569306138,6.89758569306138,0.5312158503679132,,0.09369949115365878,-17.545445089607526,-24.443030782668906,1,5.488620754483833e-13,True,rank=16/16,0.0007765409998228279,CG2048x8-d1,033c5dea4503652a2ef35d4412195cc071bf6319de112f0017f4e46a25e52115,,,,,False,newly_computed_nested_prefix,,54a0c8e776ed61a7799e7cc74a80fc39bfab52aa7318daa0a31fbb23bc4dbe8f,b1651ad7e73c008ece0142a5f2b55cf0ac26b5a7f88dbbe570fd4ad7dbef359b,,,,,prespecified_run
cga-experiments-v1,C1,01,rfm,rfm_relu3,210,32,,,32,2.4637322535654462,2.4637322535654462,0.3174820877382218,,0.05692554504273502,-21.97929852910346,-24.443030782668906,1,1.0849552983676323e-11,True,rank=31/32,0.0011406670000724262,CG2048x8-d1,033c5dea4503652a2ef35d4412195cc071bf6319de112f0017f4e46a25e52115,,,,,False,newly_computed_nested_prefix,,54a0c8e776ed61a7799e7cc74a80fc39bfab52aa7318daa0a31fbb23bc4dbe8f,b1651ad7e73c008ece0142a5f2b55cf0ac26b5a7f88dbbe570fd4ad7dbef359b,,,,,prespecified_run
cga-experiments-v1,C1,01,rfm,rfm_relu3,210,64,,,64,0.07708434023270527,0.07708434023270527,0.05615721192908907,,0.004311093534117783,-24.3659464424362,-24.443030782668906,1,1.4055568693323532e-11,True,rank=61/64,0.00298112499990566,CG2048x8-d1,033c5dea4503652a2ef35d4412195cc071bf6319de112f0017f4e46a25e52115,,,,,False,newly_computed_nested_prefix,,54a0c8e776ed61a7799e7cc74a80fc39bfab52aa7318daa0a31fbb23bc4dbe8f,b1651ad7e73c008ece0142a5f2b55cf0ac26b5a7f88dbbe570fd4ad7dbef359b,,,,,prespecified_run
cga-experiments-v1,C1,01,rfm,rfm_relu3,210,128,,,128,0.0008866762913086745,0.0008866762913086745,0.006022886545755226,,0.00026571968902193996,-24.442144106377597,-24.443030782668906,1,8.455803796227122e-13,True,rank=116/128,0.007674917000031201,CG2048x8-d1,033c5dea4503652a2ef35d4412195cc071bf6319de112f0017f4e46a25e52115,,,,,False,newly_computed_nested_prefix,,54a0c8e776ed61a7799e7cc74a80fc39bfab52aa7318daa0a31fbb23bc4dbe8f,b1651ad7e73c008ece0142a5f2b55cf0ac26b5a7f88dbbe570fd4ad7dbef359b,,,,,prespecified_run
cga-experiments-v1,C1,01,rfm,rfm_relu3,210,256,,,256,8.574862100374503e-07,8.574862100374503e-07,0.00018757401804722125,,2.3257253274107603e-06,-24.443029925182696,-24.443030782668906,1,1.9845995010206592e-13,True,rank=232/256,0.01498845900005108,CG2048x8-d1,033c5dea4503652a2ef35d4412195cc071bf6319de112f0017f4e46a25e52115,0.0035288758786281614,0.0035288758786281614,9.447635516138313e-08,,False,newly_computed_nested_prefix,,54a0c8e776ed61a7799e7cc74a80fc39bfab52aa7318daa0a31fbb23bc4dbe8f,b1651ad7e73c008ece0142a5f2b55cf0ac26b5a7f88dbbe570fd4ad7dbef359b,,,,data/raw/baseline/data/models/C1_rfm_seed210_n256.npz,prespecified_run
cga-experiments-v1,C2,03,rfm,rfm_relu3,202,8,,,8,10.965075268880199,10.965075268880199,0.6697484311272636,,0.3069433428852955,-13.558383638788708,-24.523458907668907,9,4.109268447031247e-10,True,L-BFGS-B: CONVERGENCE: RELATIVE REDUCTION OF F <= FACTR*EPSMCH,0.006619666999995388,CG2048x8-d1,033c5dea4503652a2ef35d4412195cc071bf6319de112f0017f4e46a25e52115,,,,,False,newly_computed_nested_prefix,,235b044d9c1788c1e3ccd228097884ecf1a038fe447d19f6248c43b90ba673ea,b1651ad7e73c008ece0142a5f2b55cf0ac26b5a7f88dbbe570fd4ad7dbef359b,,,,,prespecified_run
cga-experiments-v1,C2,03,rfm,rfm_relu3,202,16,,,16,6.015909378847173,6.015909378847173,0.49611743004142766,,0.08938100663919234,-18.507549528821734,-24.523458907668907,8,2.440502463440594e-10,True,L-BFGS-B: CONVERGENCE: NORM OF PROJECTED GRADIENT <= PGTOL,0.0014926670000932063,CG2048x8-d1,033c5dea4503652a2ef35d4412195cc071bf6319de112f0017f4e46a25e52115,,,,,False,newly_computed_nested_prefix,,235b044d9c1788c1e3ccd228097884ecf1a038fe447d19f6248c43b90ba673ea,b1651ad7e73c008ece0142a5f2b55cf0ac26b5a7f88dbbe570fd4ad7dbef359b,,,,,prespecified_run
cga-experiments-v1,C2,03,rfm,rfm_relu3,202,32,,,32,1.3690029397689578,1.3690029397689578,0.23666277909722888,,0.031249061180855953,-23.15445596789995,-24.523458907668907,9,5.684331983183802e-08,True,L-BFGS-B: CONVERGENCE: RELATIVE REDUCTION OF F <= FACTR*EPSMCH,0.001952124999888838,CG2048x8-d1,033c5dea4503652a2ef35d4412195cc071bf6319de112f0017f4e46a25e52115,,,,,False,newly_computed_nested_prefix,,235b044d9c1788c1e3ccd228097884ecf1a038fe447d19f6248c43b90ba673ea,b1651ad7e73c008ece0142a5f2b55cf0ac26b5a7f88dbbe570fd4ad7dbef359b,,,,,prespecified_run
cga-experiments-v1,C2,03,rfm,rfm_relu3,202,64,,,64,0.04158937890358416,0.04158937890358416,0.0412498157063947,,0.0030937926879037567,-24.481869528765323,-24.523458907668907,30,5.471841701942057e-10,True,L-BFGS-B: CONVERGENCE: RELATIVE REDUCTION OF F <= FACTR*EPSMCH,0.008188541999970766,CG2048x8-d1,033c5dea4503652a2ef35d4412195cc071bf6319de112f0017f4e46a25e52115,,,,,False,newly_computed_nested_prefix,,235b044d9c1788c1e3ccd228097884ecf1a038fe447d19f6248c43b90ba673ea,b1651ad7e73c008ece0142a5f2b55cf0ac26b5a7f88dbbe570fd4ad7dbef359b,,,,,prespecified_run
cga-experiments-v1,C2,03,rfm,rfm_relu3,202,128,,,128,0.0007402063793833236,0.0007402063793833236,0.005502987424421828,,0.00021331171148781855,-24.522718701289524,-24.523458907668907,142,3.021633814023769e-08,True,L-BFGS-B: CONVERGENCE: RELATIVE REDUCTION OF F <= FACTR*EPSMCH,0.042171458999973765,CG2048x8-d1,033c5dea4503652a2ef35d4412195cc071bf6319de112f0017f4e46a25e52115,,,,,False,newly_computed_nested_prefix,,235b044d9c1788c1e3ccd228097884ecf1a038fe447d19f6248c43b90ba673ea,b1651ad7e73c008ece0142a5f2b55cf0ac26b5a7f88dbbe570fd4ad7dbef359b,,,,,prespecified_run
cga-experiments-v1,C2,03,rfm,rfm_relu3,202,256,,,256,7.152954815126122e-07,7.152954815126122e-07,0.00017097543125016985,,2.112104800102804e-06,-24.523458192373425,-24.523458907668907,400,2.0506544698745695e-08,True,L-BFGS-B: STOP: TOTAL NO. OF ITERATIONS REACHED LIMIT,0.24955666699997892,CG2048x8-d1,033c5dea4503652a2ef35d4412195cc071bf6319de112f0017f4e46a25e52115,0.0009519041281727334,0.0009519041281727334,1.4163708344093994e-07,,False,newly_computed_nested_prefix,,235b044d9c1788c1e3ccd228097884ecf1a038fe447d19f6248c43b90ba673ea,b1651ad7e73c008ece0142a5f2b55cf0ac26b5a7f88dbbe570fd4ad7dbef359b,,,,data/raw/baseline/data/models/C2_rfm_seed202_n256.npz,prespecified_run
cga-experiments-v1,C2,03,rfm,rfm_relu3,203,8,,,8,11.803839630375343,11.803839630375343,0.694792030016574,,0.20028991964709608,-12.719619277293564,-24.523458907668907,8,6.649750784346391e-10,True,L-BFGS-B: CONVERGENCE: RELATIVE REDUCTION OF F <= FACTR*EPSMCH,0.0014789169999858132,CG2048x8-d1,033c5dea4503652a2ef35d4412195cc071bf6319de112f0017f4e46a25e52115,,,,,False,newly_computed_nested_prefix,,235b044d9c1788c1e3ccd228097884ecf1a038fe447d19f6248c43b90ba673ea,b1651ad7e73c008ece0142a5f2b55cf0ac26b5a7f88dbbe570fd4ad7dbef359b,,,,,prespecified_run
cga-experiments-v1,C2,03,rfm,rfm_relu3,203,16,,,16,6.641987872761188,6.641987872761188,0.5212433814186344,,0.09402799058417434,-17.88147103490772,-24.523458907668907,7,6.63653033535009e-09,True,L-BFGS-B: CONVERGENCE: RELATIVE REDUCTION OF F <= FACTR*EPSMCH,0.0012824160000945994,CG2048x8-d1,033c5dea4503652a2ef35d4412195cc071bf6319de112f0017f4e46a25e52115,,,,,False,newly_computed_nested_prefix,,235b044d9c1788c1e3ccd228097884ecf1a038fe447d19f6248c43b90ba673ea,b1651ad7e73c008ece0142a5f2b55cf0ac26b5a7f88dbbe570fd4ad7dbef359b,,,,,prespecified_run
cga-experiments-v1,C2,03,rfm,rfm_relu3,203,32,,,32,1.4779398872561984,1.4779398872561984,0.2458884172092321,,0.04512579090085499,-23.04551902041271,-24.523458907668907,7,1.2280829966071641e-09,True,L-BFGS-B: CONVERGENCE: RELATIVE REDUCTION OF F <= FACTR*EPSMCH,0.001487083000029088,CG2048x8-d1,033c5dea4503652a2ef35d4412195cc071bf6319de112f0017f4e46a25e52115,,,,,False,newly_computed_nested_prefix,,235b044d9c1788c1e3ccd228097884ecf1a038fe447d19f6248c43b90ba673ea,b1651ad7e73c008ece0142a5f2b55cf0ac26b5a7f88dbbe570fd4ad7dbef359b,,,,,prespecified_run
cga-experiments-v1,C2,03,rfm,rfm_relu3,203,64,,,64,0.022540536876224593,0.022540536876224593,0.030366415499393777,,0.0022451915676808855,-24.500918370792682,-24.523458907668907,11,1.849034504568567e-11,True,L-BFGS-B: CONVERGENCE: NORM OF PROJECTED GRADIENT <= PGTOL,0.0029945419998966827,CG2048x8-d1,033c5dea4503652a2ef35d4412195cc071bf6319de112f0017f4e46a25e52115,,,,,False,newly_computed_nested_prefix,,235b044d9c1788c1e3ccd228097884ecf1a038fe447d19f6248c43b90ba673ea,b1651ad7e73c008ece0142a5f2b55cf0ac26b5a7f88dbbe570fd4ad7dbef359b,,,,,prespecified_run
cga-experiments-v1,C2,03,rfm,rfm_relu3,203,128,,,128,0.0014343202389426324,0.0014343202389426324,0.007660119098695594,,0.00035199528784676397,-24.522024587429964,-24.523458907668907,89,1.1122903567582066e-07,True,L-BFGS-B: CONVERGENCE: RELATIVE REDUCTION OF F <= FACTR*EPSMCH,0.028145541999947454,CG2048x8-d1,033c5dea4503652a2ef35d4412195cc071bf6319de112f0017f4e46a25e52115,,,,,False,newly_computed_nested_prefix,,235b044d9c1788c1e3ccd228097884ecf1a038fe447d19f6248c43b90ba673ea,b1651ad7e73c008ece0142a5f2b55cf0ac26b5a7f88dbbe570fd4ad7dbef359b,,,,,prespecified_run
cga-experiments-v1,C2,03,rfm,rfm_relu3,203,256,,,256,8.991436892813454e-07,8.991436892813454e-07,0.00019160760785846045,,2.4171492043494022e-06,-24.523458008525218,-24.523458907668907,406,1.1894060576814625e-09,True,L-BFGS-B: STOP: TOTAL NO. OF ITERATIONS REACHED LIMIT; Newton-CG: Optimization terminated successfully.,0.3786312499998985,CG2048x8-d1,033c5dea4503652a2ef35d4412195cc071bf6319de112f0017f4e46a25e52115,0.0023778062764219015,0.0023778062764219015,2.6751231265832747e-07,,False,newly_computed_nested_prefix,,235b044d9c1788c1e3ccd228097884ecf1a038fe447d19f6248c43b90ba673ea,b1651ad7e73c008ece0142a5f2b55cf0ac26b5a7f88dbbe570fd4ad7dbef359b,,,,data/raw/baseline/data/models/C2_rfm_seed203_n256.npz,prespecified_run
cga-experiments-v1,C2,03,rfm,rfm_relu3,204,8,,,8,11.078864497661932,11.078864497661932,0.673004431656685,,0.1894340945488756,-13.444594410006975,-24.523458907668907,8,2.2231608497374497e-10,True,L-BFGS-B: CONVERGENCE: RELATIVE REDUCTION OF F <= FACTR*EPSMCH,0.0015082079999046982,CG2048x8-d1,033c5dea4503652a2ef35d4412195cc071bf6319de112f0017f4e46a25e52115,,,,,False,newly_computed_nested_prefix,,235b044d9c1788c1e3ccd228097884ecf1a038fe447d19f6248c43b90ba673ea,b1651ad7e73c008ece0142a5f2b55cf0ac26b5a7f88dbbe570fd4ad7dbef359b,,,,,prespecified_run
cga-experiments-v1,C2,03,rfm,rfm_relu3,204,16,,,16,7.2054200653091165,7.2054200653091165,0.5428671354727236,,0.10746140137857113,-17.31803884235979,-24.523458907668907,7,3.1122003090308117e-10,True,L-BFGS-B: CONVERGENCE: RELATIVE REDUCTION OF F <= FACTR*EPSMCH,0.0016082910001387063,CG2048x8-d1,033c5dea4503652a2ef35d4412195cc071bf6319de112f0017f4e46a25e52115,,,,,False,newly_computed_nested_prefix,,235b044d9c1788c1e3ccd228097884ecf1a038fe447d19f6248c43b90ba673ea,b1651ad7e73c008ece0142a5f2b55cf0ac26b5a7f88dbbe570fd4ad7dbef359b,,,,,prespecified_run
cga-experiments-v1,C2,03,rfm,rfm_relu3,204,32,,,32,0.9907701204580555,0.9907701204580555,0.20132121625683627,,0.024229814671808264,-23.53268878721085,-24.523458907668907,7,4.4154308398380246e-10,True,L-BFGS-B: CONVERGENCE: RELATIVE REDUCTION OF F <= FACTR*EPSMCH,0.0016582090001975303,CG2048x8-d1,033c5dea4503652a2ef35d4412195cc071bf6319de112f0017f4e46a25e52115,,,,,False,newly_computed_nested_prefix,,235b044d9c1788c1e3ccd228097884ecf1a038fe447d19f6248c43b90ba673ea,b1651ad7e73c008ece0142a5f2b55cf0ac26b5a7f88dbbe570fd4ad7dbef359b,,,,,prespecified_run
cga-experiments-v1,C2,03,rfm,rfm_relu3,204,64,,,64,0.039716390591973294,0.039716390591973294,0.04030979528623891,,0.0032452462695578745,-24.483742517076934,-24.523458907668907,16,1.7336697027775462e-08,True,L-BFGS-B: CONVERGENCE: RELATIVE REDUCTION OF F <= FACTR*EPSMCH,0.004102208999938739,CG2048x8-d1,033c5dea4503652a2ef35d4412195cc071bf6319de112f0017f4e46a25e52115,,,,,False,newly_computed_nested_prefix,,235b044d9c1788c1e3ccd228097884ecf1a038fe447d19f6248c43b90ba673ea,b1651ad7e73c008ece0142a5f2b55cf0ac26b5a7f88dbbe570fd4ad7dbef359b,,,,,prespecified_run
cga-experiments-v1,C2,03,rfm,rfm_relu3,204,128,,,128,0.004152919896167617,0.004152919896167617,0.013034416701928798,,0.0006879211311450857,-24.51930598777274,-24.523458907668907,107,1.4027304316868145e-08,True,L-BFGS-B: CONVERGENCE: RELATIVE REDUCTION OF F <= FACTR*EPSMCH,0.03726441600019825,CG2048x8-d1,033c5dea4503652a2ef35d4412195cc071bf6319de112f0017f4e46a25e52115,,,,,False,newly_computed_nested_prefix,,235b044d9c1788c1e3ccd228097884ecf1a038fe447d19f6248c43b90ba673ea,b1651ad7e73c008ece0142a5f2b55cf0ac26b5a7f88dbbe570fd4ad7dbef359b,,,,,prespecified_run
cga-experiments-v1,C2,03,rfm,rfm_relu3,204,256,,,256,8.179587887013895e-07,8.179587887013895e-07,0.00018303410702716276,,2.2735154215769563e-06,-24.523458089710118,-24.523458907668907,393,5.443171750887576e-08,True,L-BFGS-B: CONVERGENCE: RELATIVE REDUCTION OF F <= FACTR*EPSMCH,0.2563383330000306,CG2048x8-d1,033c5dea4503652a2ef35d4412195cc071bf6319de112f0017f4e46a25e52115,0.001528838545436612,0.001528838545436612,1.0969622219136858e-07,,False,newly_computed_nested_prefix,,235b044d9c1788c1e3ccd228097884ecf1a038fe447d19f6248c43b90ba673ea,b1651ad7e73c008ece0142a5f2b55cf0ac26b5a7f88dbbe570fd4ad7dbef359b,,,,data/raw/baseline/data/models/C2_rfm_seed204_n256.npz,prespecified_run
cga-experiments-v1,C2,03,rfm,rfm_relu3,205,8,,,8,11.641045101945462,11.641045101945462,0.6899197335716234,,0.19934741132043016,-12.882413805723445,-24.523458907668907,8,4.732563931474407e-10,True,L-BFGS-B: CONVERGENCE: RELATIVE REDUCTION OF F <= FACTR*EPSMCH,0.0014484999999240245,CG2048x8-d1,033c5dea4503652a2ef35d4412195cc071bf6319de112f0017f4e46a25e52115,,,,,False,newly_computed_nested_prefix,,235b044d9c1788c1e3ccd228097884ecf1a038fe447d19f6248c43b90ba673ea,b1651ad7e73c008ece0142a5f2b55cf0ac26b5a7f88dbbe570fd4ad7dbef359b,,,,,prespecified_run
cga-experiments-v1,C2,03,rfm,rfm_relu3,205,16,,,16,5.626648037330181,5.626648037330181,0.47974783914601415,,0.08330165939889576,-18.896810870338726,-24.523458907668907,8,3.5007230913855946e-11,True,L-BFGS-B: CONVERGENCE: NORM OF PROJECTED GRADIENT <= PGTOL,0.0014112499998191197,CG2048x8-d1,033c5dea4503652a2ef35d4412195cc071bf6319de112f0017f4e46a25e52115,,,,,False,newly_computed_nested_prefix,,235b044d9c1788c1e3ccd228097884ecf1a038fe447d19f6248c43b90ba673ea,b1651ad7e73c008ece0142a5f2b55cf0ac26b5a7f88dbbe570fd4ad7dbef359b,,,,,prespecified_run
cga-experiments-v1,C2,03,rfm,rfm_relu3,205,32,,,32,1.7422362960389286,1.7422362960389286,0.266944171100393,,0.04010502518793536,-22.78122261162998,-24.523458907668907,9,8.585425418675855e-10,True,L-BFGS-B: CONVERGENCE: RELATIVE REDUCTION OF F <= FACTR*EPSMCH,0.001889874999960739,CG2048x8-d1,033c5dea4503652a2ef35d4412195cc071bf6319de112f0017f4e46a25e52115,,,,,False,newly_computed_nested_prefix,,235b044d9c1788c1e3ccd228097884ecf1a038fe447d19f6248c43b90ba673ea,b1651ad7e73c008ece0142a5f2b55cf0ac26b5a7f88dbbe570fd4ad7dbef359b,,,,,prespecified_run
cga-experiments-v1,C2,03,rfm,rfm_relu3,205,64,,,64,0.1295120507856815,0.1295120507856815,0.07278655778774283,,0.007105689132547175,-24.393946856883225,-24.523458907668907,19,1.5283672534578885e-09,True,L-BFGS-B: CONVERGENCE: RELATIVE REDUCTION OF F <= FACTR*EPSMCH,0.004515542000035566,CG2048x8-d1,033c5dea4503652a2ef35d4412195cc071bf6319de112f0017f4e46a25e52115,,,,,False,newly_computed_nested_prefix,,235b044d9c1788c1e3ccd228097884ecf1a038fe447d19f6248c43b90ba673ea,b1651ad7e73c008ece0142a5f2b55cf0ac26b5a7f88dbbe570fd4ad7dbef359b,,,,,prespecified_run
cga-experiments-v1,C2,03,rfm,rfm_relu3,205,128,,,128,0.0005867512429453825,0.0005867512429453825,0.004899444652186648,,0.00018752510888812675,-24.52287215642596,-24.523458907668907,254,3.397890697990601e-08,True,L-BFGS-B: CONVERGENCE: RELATIVE REDUCTION OF F <= FACTR*EPSMCH,0.0795183329998963,CG2048x8-d1,033c5dea4503652a2ef35d4412195cc071bf6319de112f0017f4e46a25e52115,,,,,False,newly_computed_nested_prefix,,235b044d9c1788c1e3ccd228097884ecf1a038fe447d19f6248c43b90ba673ea,b1651ad7e73c008ece0142a5f2b55cf0ac26b5a7f88dbbe570fd4ad7dbef359b,,,,,prespecified_run
cga-experiments-v1,C2,03,rfm,rfm_relu3,205,256,,,256,7.630810046066472e-07,7.630810046066472e-07,0.00017668117224289395,,2.139867943065703e-06,-24.523458144587902,-24.523458907668907,412,3.448146078690031e-09,True,L-BFGS-B: STOP: TOTAL NO. OF ITERATIONS REACHED LIMIT; Newton-CG: Warning: Desired error not necessarily achieved due to precision loss.,0.5078583340000478,CG2048x8-d1,033c5dea4503652a2ef35d4412195cc071bf6319de112f0017f4e46a25e52115,0.00013617142666150136,0.00013617142666150136,9.102771057560241e-08,,False,newly_computed_nested_prefix,,235b044d9c1788c1e3ccd228097884ecf1a038fe447d19f6248c43b90ba673ea,b1651ad7e73c008ece0142a5f2b55cf0ac26b5a7f88dbbe570fd4ad7dbef359b,,,,data/raw/baseline/data/models/C2_rfm_seed205_n256.npz,prespecified_run
cga-experiments-v1,C2,03,rfm,rfm_relu3,206,8,,,8,12.3415183330124,12.3415183330124,0.7037122092594083,,1.2325667982977702,-12.181940574656506,-24.523458907668907,10,8.262112374096571e-10,True,L-BFGS-B: CONVERGENCE: RELATIVE REDUCTION OF F <= FACTR*EPSMCH,0.0020900000001802255,CG2048x8-d1,033c5dea4503652a2ef35d4412195cc071bf6319de112f0017f4e46a25e52115,,,,,False,newly_computed_nested_prefix,,235b044d9c1788c1e3ccd228097884ecf1a038fe447d19f6248c43b90ba673ea,b1651ad7e73c008ece0142a5f2b55cf0ac26b5a7f88dbbe570fd4ad7dbef359b,,,,,prespecified_run
cga-experiments-v1,C2,03,rfm,rfm_relu3,206,16,,,16,6.964306503769311,6.964306503769311,0.5337497276352592,,0.10006108745586206,-17.559152403899596,-24.523458907668907,9,5.526092998573606e-09,True,L-BFGS-B: CONVERGENCE: RELATIVE REDUCTION OF F <= FACTR*EPSMCH,0.0015112090000002354,CG2048x8-d1,033c5dea4503652a2ef35d4412195cc071bf6319de112f0017f4e46a25e52115,,,,,False,newly_computed_nested_prefix,,235b044d9c1788c1e3ccd228097884ecf1a038fe447d19f6248c43b90ba673ea,b1651ad7e73c008ece0142a5f2b55cf0ac26b5a7f88dbbe570fd4ad7dbef359b,,,,,prespecified_run
cga-experiments-v1,C2,03,rfm,rfm_relu3,206,32,,,32,3.169535793165899,3.169535793165899,0.3601010329890904,,0.06778451912429034,-21.353923114503008,-24.523458907668907,7,1.2406909474602822e-09,True,L-BFGS-B: CONVERGENCE: RELATIVE REDUCTION OF F <= FACTR*EPSMCH,0.001539374999993015,CG2048x8-d1,033c5dea4503652a2ef35d4412195cc071bf6319de112f0017f4e46a25e52115,,,,,False,newly_computed_nested_prefix,,235b044d9c1788c1e3ccd228097884ecf1a038fe447d19f6248c43b90ba673ea,b1651ad7e73c008ece0142a5f2b55cf0ac26b5a7f88dbbe570fd4ad7dbef359b,,,,,prespecified_run
cga-experiments-v1,C2,03,rfm,rfm_relu3,206,64,,,64,0.49744900419014115,0.49744900419014115,0.14263753642742483,,0.018693079601322233,-24.026009903478766,-24.523458907668907,12,7.440797296642954e-10,True,L-BFGS-B: CONVERGENCE: RELATIVE REDUCTION OF F <= FACTR*EPSMCH,0.003204541999821231,CG2048x8-d1,033c5dea4503652a2ef35d4412195cc071bf6319de112f0017f4e46a25e52115,,,,,False,newly_computed_nested_prefix,,235b044d9c1788c1e3ccd228097884ecf1a038fe447d19f6248c43b90ba673ea,b1651ad7e73c008ece0142a5f2b55cf0ac26b5a7f88dbbe570fd4ad7dbef359b,,,,,prespecified_run
cga-experiments-v1,C2,03,rfm,rfm_relu3,206,128,,,128,0.0003256918164389333,0.0003256918164389333,0.0036502253222942278,,0.00012744646379354326,-24.523133215852468,-24.523458907668907,64,4.279453695152855e-09,True,L-BFGS-B: CONVERGENCE: RELATIVE REDUCTION OF F <= FACTR*EPSMCH,0.023639375000129803,CG2048x8-d1,033c5dea4503652a2ef35d4412195cc071bf6319de112f0017f4e46a25e52115,,,,,False,newly_computed_nested_prefix,,235b044d9c1788c1e3ccd228097884ecf1a038fe447d19f6248c43b90ba673ea,b1651ad7e73c008ece0142a5f2b55cf0ac26b5a7f88dbbe570fd4ad7dbef359b,,,,,prespecified_run
cga-experiments-v1,C2,03,rfm,rfm_relu3,206,256,,,256,8.083777984779772e-07,8.083777984779772e-07,0.00018169668544548408,,2.2303623597971505e-06,-24.52345809929111,-24.523458907668907,400,7.607739622493456e-08,True,L-BFGS-B: STOP: TOTAL NO. OF ITERATIONS REACHED LIMIT,0.2862685000000056,CG2048x8-d1,033c5dea4503652a2ef35d4412195cc071bf6319de112f0017f4e46a25e52115,0.0018489139135480996,0.0018489139135480996,7.021050631501662e-08,,False,newly_computed_nested_prefix,,235b044d9c1788c1e3ccd228097884ecf1a038fe447d19f6248c43b90ba673ea,b1651ad7e73c008ece0142a5f2b55cf0ac26b5a7f88dbbe570fd4ad7dbef359b,,,,data/raw/baseline/data/models/C2_rfm_seed206_n256.npz,prespecified_run
cga-experiments-v1,C2,03,rfm,rfm_relu3,207,8,,,8,12.440481169577172,12.440481169577172,0.7128841862509613,,0.29682999754844747,-12.082977738091735,-24.523458907668907,8,5.21869132410452e-10,True,L-BFGS-B: CONVERGENCE: RELATIVE REDUCTION OF F <= FACTR*EPSMCH,0.0016703329999927519,CG2048x8-d1,033c5dea4503652a2ef35d4412195cc071bf6319de112f0017f4e46a25e52115,,,,,False,newly_computed_nested_prefix,,235b044d9c1788c1e3ccd228097884ecf1a038fe447d19f6248c43b90ba673ea,b1651ad7e73c008ece0142a5f2b55cf0ac26b5a7f88dbbe570fd4ad7dbef359b,,,,,prespecified_run
cga-experiments-v1,C2,03,rfm,rfm_relu3,207,16,,,16,9.074077507017828,9.074077507017828,0.6091852252124655,,0.14948633636405714,-15.44938140065108,-24.523458907668907,8,9.222962232831188e-09,True,L-BFGS-B: CONVERGENCE: RELATIVE REDUCTION OF F <= FACTR*EPSMCH,0.001408167000136018,CG2048x8-d1,033c5dea4503652a2ef35d4412195cc071bf6319de112f0017f4e46a25e52115,,,,,False,newly_computed_nested_prefix,,235b044d9c1788c1e3ccd228097884ecf1a038fe447d19f6248c43b90ba673ea,b1651ad7e73c008ece0142a5f2b55cf0ac26b5a7f88dbbe570fd4ad7dbef359b,,,,,prespecified_run
cga-experiments-v1,C2,03,rfm,rfm_relu3,207,32,,,32,3.39953787144211,3.39953787144211,0.37295786570145245,,0.06721387429396163,-21.123921036226797,-24.523458907668907,7,2.914103217543971e-10,True,L-BFGS-B: CONVERGENCE: RELATIVE REDUCTION OF F <= FACTR*EPSMCH,0.0014860839999073505,CG2048x8-d1,033c5dea4503652a2ef35d4412195cc071bf6319de112f0017f4e46a25e52115,,,,,False,newly_computed_nested_prefix,,235b044d9c1788c1e3ccd228097884ecf1a038fe447d19f6248c43b90ba673ea,b1651ad7e73c008ece0142a5f2b55cf0ac26b5a7f88dbbe570fd4ad7dbef359b,,,,,prespecified_run
cga-experiments-v1,C2,03,rfm,rfm_relu3,207,64,,,64,0.4325839900919455,0.4325839900919455,0.13303467684864306,,0.01535339892783656,-24.09087491757696,-24.523458907668907,17,6.863682481628254e-10,True,L-BFGS-B: CONVERGENCE: RELATIVE REDUCTION OF F <= FACTR*EPSMCH,0.00393445800000336,CG2048x8-d1,033c5dea4503652a2ef35d4412195cc071bf6319de112f0017f4e46a25e52115,,,,,False,newly_computed_nested_prefix,,235b044d9c1788c1e3ccd228097884ecf1a038fe447d19f6248c43b90ba673ea,b1651ad7e73c008ece0142a5f2b55cf0ac26b5a7f88dbbe570fd4ad7dbef359b,,,,,prespecified_run
cga-experiments-v1,C2,03,rfm,rfm_relu3,207,128,,,128,0.007900329557980257,0.007900329557980257,0.01797825306283577,,0.0011085584800292723,-24.515558578110927,-24.523458907668907,93,4.933070065791773e-08,True,L-BFGS-B: CONVERGENCE: RELATIVE REDUCTION OF F <= FACTR*EPSMCH,0.02993079099996976,CG2048x8-d1,033c5dea4503652a2ef35d4412195cc071bf6319de112f0017f4e46a25e52115,,,,,False,newly_computed_nested_prefix,,235b044d9c1788c1e3ccd228097884ecf1a038fe447d19f6248c43b90ba673ea,b1651ad7e73c008ece0142a5f2b55cf0ac26b5a7f88dbbe570fd4ad7dbef359b,,,,,prespecified_run
cga-experiments-v1,C2,03,rfm,rfm_relu3,207,256,,,256,6.963350749344954e-07,6.963350749344954e-07,0.00016885355274968178,,2.0926710456967377e-06,-24.523458211333832,-24.523458907668907,398,1.986897330327906e-08,True,L-BFGS-B: CONVERGENCE: RELATIVE REDUCTION OF F <= FACTR*EPSMCH,0.2690432500000952,CG2048x8-d1,033c5dea4503652a2ef35d4412195cc071bf6319de112f0017f4e46a25e52115,0.0013455126094428585,0.0013455126094428585,5.4928783944996757e-08,,False,newly_computed_nested_prefix,,235b044d9c1788c1e3ccd228097884ecf1a038fe447d19f6248c43b90ba673ea,b1651ad7e73c008ece0142a5f2b55cf0ac26b5a7f88dbbe570fd4ad7dbef359b,,,,data/raw/baseline/data/models/C2_rfm_seed207_n256.npz,prespecified_run
cga-experiments-v1,C2,03,rfm,rfm_relu3,208,8,,,8,11.870785422627428,11.870785422627428,0.696654088880652,,0.20314801191502038,-12.652673485041479,-24.523458907668907,8,1.4067504517029122e-09,True,L-BFGS-B: CONVERGENCE: RELATIVE REDUCTION OF F <= FACTR*EPSMCH,0.0017357079998419067,CG2048x8-d1,033c5dea4503652a2ef35d4412195cc071bf6319de112f0017f4e46a25e52115,,,,,False,newly_computed_nested_prefix,,235b044d9c1788c1e3ccd228097884ecf1a038fe447d19f6248c43b90ba673ea,b1651ad7e73c008ece0142a5f2b55cf0ac26b5a7f88dbbe570fd4ad7dbef359b,,,,,prespecified_run
cga-experiments-v1,C2,03,rfm,rfm_relu3,208,16,,,16,8.883125424674239,8.883125424674239,0.6027393305454339,,0.15461426104814713,-15.640333482994668,-24.523458907668907,7,1.5622501616145152e-10,True,L-BFGS-B: CONVERGENCE: RELATIVE REDUCTION OF F <= FACTR*EPSMCH,0.0016420409999682306,CG2048x8-d1,033c5dea4503652a2ef35d4412195cc071bf6319de112f0017f4e46a25e52115,,,,,False,newly_computed_nested_prefix,,235b044d9c1788c1e3ccd228097884ecf1a038fe447d19f6248c43b90ba673ea,b1651ad7e73c008ece0142a5f2b55cf0ac26b5a7f88dbbe570fd4ad7dbef359b,,,,,prespecified_run
cga-experiments-v1,C2,03,rfm,rfm_relu3,208,32,,,32,1.4605600545265283,1.4605600545265283,0.2444476869094797,,0.03635361867782114,-23.06289885314238,-24.523458907668907,11,2.1123287524346825e-10,True,L-BFGS-B: CONVERGENCE: RELATIVE REDUCTION OF F <= FACTR*EPSMCH,0.0022914579999451234,CG2048x8-d1,033c5dea4503652a2ef35d4412195cc071bf6319de112f0017f4e46a25e52115,,,,,False,newly_computed_nested_prefix,,235b044d9c1788c1e3ccd228097884ecf1a038fe447d19f6248c43b90ba673ea,b1651ad7e73c008ece0142a5f2b55cf0ac26b5a7f88dbbe570fd4ad7dbef359b,,,,,prespecified_run
cga-experiments-v1,C2,03,rfm,rfm_relu3,208,64,,,64,0.0739348169583316,0.0739348169583316,0.054998666383923894,,0.004305067691109184,-24.449524090710575,-24.523458907668907,30,2.9542057252631925e-10,True,L-BFGS-B: CONVERGENCE: RELATIVE REDUCTION OF F <= FACTR*EPSMCH,0.006402167000032932,CG2048x8-d1,033c5dea4503652a2ef35d4412195cc071bf6319de112f0017f4e46a25e52115,,,,,False,newly_computed_nested_prefix,,235b044d9c1788c1e3ccd228097884ecf1a038fe447d19f6248c43b90ba673ea,b1651ad7e73c008ece0142a5f2b55cf0ac26b5a7f88dbbe570fd4ad7dbef359b,,,,,prespecified_run
cga-experiments-v1,C2,03,rfm,rfm_relu3,208,128,,,128,0.00045634372842684456,0.00045634372842684456,0.004320831018345097,,0.0001586236616217081,-24.52300256394048,-24.523458907668907,119,8.932298520493246e-08,True,L-BFGS-B: CONVERGENCE: RELATIVE REDUCTION OF F <= FACTR*EPSMCH,0.039112166999984765,CG2048x8-d1,033c5dea4503652a2ef35d4412195cc071bf6319de112f0017f4e46a25e52115,,,,,False,newly_computed_nested_prefix,,235b044d9c1788c1e3ccd228097884ecf1a038fe447d19f6248c43b90ba673ea,b1651ad7e73c008ece0142a5f2b55cf0ac26b5a7f88dbbe570fd4ad7dbef359b,,,,,prespecified_run
cga-experiments-v1,C2,03,rfm,rfm_relu3,208,256,,,256,9.361520376671706e-07,9.361520376671706e-07,0.00019580147011539245,,3.886391543460045e-06,-24.52345797151687,-24.523458907668907,400,1.8687435412701293e-07,True,L-BFGS-B: STOP: TOTAL NO. OF ITERATIONS REACHED LIMIT,0.28254291600001125,CG2048x8-d1,033c5dea4503652a2ef35d4412195cc071bf6319de112f0017f4e46a25e52115,0.0007587159013608502,0.0007587159013608502,4.9455067055263196e-08,,False,newly_computed_nested_prefix,,235b044d9c1788c1e3ccd228097884ecf1a038fe447d19f6248c43b90ba673ea,b1651ad7e73c008ece0142a5f2b55cf0ac26b5a7f88dbbe570fd4ad7dbef359b,,,,data/raw/baseline/data/models/C2_rfm_seed208_n256.npz,prespecified_run
cga-experiments-v1,C2,03,rfm,rfm_relu3,209,8,,,8,11.844885670655007,11.844885670655007,0.6956444353014084,,0.389734113163712,-12.6785732370139,-24.523458907668907,8,1.3347609569216175e-10,True,L-BFGS-B: CONVERGENCE: NORM OF PROJECTED GRADIENT <= PGTOL,0.0015767499999128631,CG2048x8-d1,033c5dea4503652a2ef35d4412195cc071bf6319de112f0017f4e46a25e52115,,,,,False,newly_computed_nested_prefix,,235b044d9c1788c1e3ccd228097884ecf1a038fe447d19f6248c43b90ba673ea,b1651ad7e73c008ece0142a5f2b55cf0ac26b5a7f88dbbe570fd4ad7dbef359b,,,,,prespecified_run
cga-experiments-v1,C2,03,rfm,rfm_relu3,209,16,,,16,7.0829523651825035,7.0829523651825035,0.5382054030586897,,0.10207290600078922,-17.440506542486403,-24.523458907668907,8,7.749609462223212e-09,True,L-BFGS-B: CONVERGENCE: RELATIVE REDUCTION OF F <= FACTR*EPSMCH,0.0014412919999813312,CG2048x8-d1,033c5dea4503652a2ef35d4412195cc071bf6319de112f0017f4e46a25e52115,,,,,False,newly_computed_nested_prefix,,235b044d9c1788c1e3ccd228097884ecf1a038fe447d19f6248c43b90ba673ea,b1651ad7e73c008ece0142a5f2b55cf0ac26b5a7f88dbbe570fd4ad7dbef359b,,,,,prespecified_run
cga-experiments-v1,C2,03,rfm,rfm_relu3,209,32,,,32,1.7002231902337321,1.7002231902337321,0.2637402226305855,,0.03935115559833607,-22.823235717435175,-24.523458907668907,7,7.468515049956934e-10,True,L-BFGS-B: CONVERGENCE: RELATIVE REDUCTION OF F <= FACTR*EPSMCH,0.0015509579998251866,CG2048x8-d1,033c5dea4503652a2ef35d4412195cc071bf6319de112f0017f4e46a25e52115,,,,,False,newly_computed_nested_prefix,,235b044d9c1788c1e3ccd228097884ecf1a038fe447d19f6248c43b90ba673ea,b1651ad7e73c008ece0142a5f2b55cf0ac26b5a7f88dbbe570fd4ad7dbef359b,,,,,prespecified_run
cga-experiments-v1,C2,03,rfm,rfm_relu3,209,64,,,64,0.07993717410966994,0.07993717410966994,0.05718626318756324,,0.0048244720884997655,-24.443521733559237,-24.523458907668907,26,2.535826691155173e-09,True,L-BFGS-B: CONVERGENCE: RELATIVE REDUCTION OF F <= FACTR*EPSMCH,0.005914707999863822,CG2048x8-d1,033c5dea4503652a2ef35d4412195cc071bf6319de112f0017f4e46a25e52115,,,,,False,newly_computed_nested_prefix,,235b044d9c1788c1e3ccd228097884ecf1a038fe447d19f6248c43b90ba673ea,b1651ad7e73c008ece0142a5f2b55cf0ac26b5a7f88dbbe570fd4ad7dbef359b,,,,,prespecified_run
cga-experiments-v1,C2,03,rfm,rfm_relu3,209,128,,,128,0.0003544733004012812,0.0003544733004012812,0.0038081270492017504,,0.00013526647668413573,-24.523104434368506,-24.523458907668907,172,1.1867213846640675e-08,True,L-BFGS-B: CONVERGENCE: RELATIVE REDUCTION OF F <= FACTR*EPSMCH,0.05309754200015959,CG2048x8-d1,033c5dea4503652a2ef35d4412195cc071bf6319de112f0017f4e46a25e52115,,,,,False,newly_computed_nested_prefix,,235b044d9c1788c1e3ccd228097884ecf1a038fe447d19f6248c43b90ba673ea,b1651ad7e73c008ece0142a5f2b55cf0ac26b5a7f88dbbe570fd4ad7dbef359b,,,,,prespecified_run
cga-experiments-v1,C2,03,rfm,rfm_relu3,209,256,,,256,1.012916317932877e-06,1.012916317932877e-06,0.00020376127875994235,,2.6391368571120045e-06,-24.52345789475259,-24.523458907668907,400,1.3622649897939288e-07,True,L-BFGS-B: STOP: TOTAL NO. OF ITERATIONS REACHED LIMIT,0.28099362499983727,CG2048x8-d1,033c5dea4503652a2ef35d4412195cc071bf6319de112f0017f4e46a25e52115,0.001707933357325066,0.001707933357325066,1.5225917265489637e-09,,False,newly_computed_nested_prefix,,235b044d9c1788c1e3ccd228097884ecf1a038fe447d19f6248c43b90ba673ea,b1651ad7e73c008ece0142a5f2b55cf0ac26b5a7f88dbbe570fd4ad7dbef359b,,,,data/raw/baseline/data/models/C2_rfm_seed209_n256.npz,prespecified_run
cga-experiments-v1,C2,03,rfm,rfm_relu3,210,8,,,8,12.81881648741587,12.81881648741587,0.7242118839934526,,0.5011053124714329,-11.704642420253037,-24.523458907668907,11,1.0650962537143933e-08,True,L-BFGS-B: CONVERGENCE: RELATIVE REDUCTION OF F <= FACTR*EPSMCH,0.003212040999869714,CG2048x8-d1,033c5dea4503652a2ef35d4412195cc071bf6319de112f0017f4e46a25e52115,,,,,False,newly_computed_nested_prefix,,235b044d9c1788c1e3ccd228097884ecf1a038fe447d19f6248c43b90ba673ea,b1651ad7e73c008ece0142a5f2b55cf0ac26b5a7f88dbbe570fd4ad7dbef359b,,,,,prespecified_run
cga-experiments-v1,C2,03,rfm,rfm_relu3,210,16,,,16,6.897869436570726,6.897869436570726,0.5312159988667635,,0.09374190391595998,-17.62558947109818,-24.523458907668907,9,4.139456325900367e-11,True,L-BFGS-B: CONVERGENCE: NORM OF PROJECTED GRADIENT <= PGTOL,0.0014894579999236157,CG2048x8-d1,033c5dea4503652a2ef35d4412195cc071bf6319de112f0017f4e46a25e52115,,,,,False,newly_computed_nested_prefix,,235b044d9c1788c1e3ccd228097884ecf1a038fe447d19f6248c43b90ba673ea,b1651ad7e73c008ece0142a5f2b55cf0ac26b5a7f88dbbe570fd4ad7dbef359b,,,,,prespecified_run
cga-experiments-v1,C2,03,rfm,rfm_relu3,210,32,,,32,2.4633184197733797,2.4633184197733797,0.31748211005863575,,0.05692703873024108,-22.060140487895527,-24.523458907668907,7,1.9246890098800277e-10,True,L-BFGS-B: CONVERGENCE: NORM OF PROJECTED GRADIENT <= PGTOL,0.0014761250001811277,CG2048x8-d1,033c5dea4503652a2ef35d4412195cc071bf6319de112f0017f4e46a25e52115,,,,,False,newly_computed_nested_prefix,,235b044d9c1788c1e3ccd228097884ecf1a038fe447d19f6248c43b90ba673ea,b1651ad7e73c008ece0142a5f2b55cf0ac26b5a7f88dbbe570fd4ad7dbef359b,,,,,prespecified_run
cga-experiments-v1,C2,03,rfm,rfm_relu3,210,64,,,64,0.07708321349642944,0.07708321349642944,0.056157212262625204,,0.004311367867193097,-24.446375694172477,-24.523458907668907,19,5.788382268266029e-09,True,L-BFGS-B: CONVERGENCE: RELATIVE REDUCTION OF F <= FACTR*EPSMCH,0.004266749999942476,CG2048x8-d1,033c5dea4503652a2ef35d4412195cc071bf6319de112f0017f4e46a25e52115,,,,,False,newly_computed_nested_prefix,,235b044d9c1788c1e3ccd228097884ecf1a038fe447d19f6248c43b90ba673ea,b1651ad7e73c008ece0142a5f2b55cf0ac26b5a7f88dbbe570fd4ad7dbef359b,,,,,prespecified_run
cga-experiments-v1,C2,03,rfm,rfm_relu3,210,128,,,128,0.0008866664221862663,0.0008866664221862663,0.00602288655884787,,0.0002657237035409446,-24.52257224124672,-24.523458907668907,91,2.0068872938454138e-08,True,L-BFGS-B: CONVERGENCE: RELATIVE REDUCTION OF F <= FACTR*EPSMCH,0.0302478329999758,CG2048x8-d1,033c5dea4503652a2ef35d4412195cc071bf6319de112f0017f4e46a25e52115,,,,,False,newly_computed_nested_prefix,,235b044d9c1788c1e3ccd228097884ecf1a038fe447d19f6248c43b90ba673ea,b1651ad7e73c008ece0142a5f2b55cf0ac26b5a7f88dbbe570fd4ad7dbef359b,,,,,prespecified_run
cga-experiments-v1,C2,03,rfm,rfm_relu3,210,256,,,256,8.575085104212121e-07,8.575085104212121e-07,0.00018757516254986828,,2.3262186457882222e-06,-24.523458050160396,-24.523458907668907,392,5.145395912637949e-09,True,L-BFGS-B: CONVERGENCE: RELATIVE REDUCTION OF F <= FACTR*EPSMCH,0.255211749999944,CG2048x8-d1,033c5dea4503652a2ef35d4412195cc071bf6319de112f0017f4e46a25e52115,0.0035146942030590956,0.0035146942030590956,9.550545635967798e-08,,False,newly_computed_nested_prefix,,235b044d9c1788c1e3ccd228097884ecf1a038fe447d19f6248c43b90ba673ea,b1651ad7e73c008ece0142a5f2b55cf0ac26b5a7f88dbbe570fd4ad7dbef359b,,,,data/raw/baseline/data/models/C2_rfm_seed210_n256.npz,prespecified_run
cga-experiments-v1,C3,06,rfm,rfm_relu3,202,8,,,8,8.259503430575123,8.259503430575123,0.9080203082192845,,1.2435938206263615,-1.7533703958630085,-10.012873826438131,6,3.1848357076930773e-12,True,L-BFGS-B: CONVERGENCE: NORM OF PROJECTED GRADIENT <= PGTOL,0.032796374999861655,CG64x3-d2,f1185716ba36107fa52ac0147b2ad9ec518cf3676f5c7e5acbb7c168445cb352,,,,,False,newly_computed_nested_prefix,,81c87de48137dedc13f2fa6e3c3295210c7791fc9b74889812acb12af85c3c35,b1651ad7e73c008ece0142a5f2b55cf0ac26b5a7f88dbbe570fd4ad7dbef359b,,,,,prespecified_run
cga-experiments-v1,C3,06,rfm,rfm_relu3,202,16,,,16,6.212394046695138,6.212394046695138,0.7876302488240966,,0.9759636888106399,-3.8004797797429934,-10.012873826438131,6,2.643825707496966e-11,True,L-BFGS-B: CONVERGENCE: NORM OF PROJECTED GRADIENT <= PGTOL,0.031045958000049723,CG64x3-d2,f1185716ba36107fa52ac0147b2ad9ec518cf3676f5c7e5acbb7c168445cb352,,,,,False,newly_computed_nested_prefix,,81c87de48137dedc13f2fa6e3c3295210c7791fc9b74889812acb12af85c3c35,b1651ad7e73c008ece0142a5f2b55cf0ac26b5a7f88dbbe570fd4ad7dbef359b,,,,,prespecified_run
cga-experiments-v1,C3,06,rfm,rfm_relu3,202,32,,,32,1.8343249361902636,1.8343249361902636,0.42824463979362376,,0.28035038349229435,-8.178548890247868,-10.012873826438131,7,2.2768224875698828e-11,True,L-BFGS-B: CONVERGENCE: NORM OF PROJECTED GRADIENT <= PGTOL,0.05829441600008067,CG64x3-d2,f1185716ba36107fa52ac0147b2ad9ec518cf3676f5c7e5acbb7c168445cb352,,,,,False,newly_computed_nested_prefix,,81c87de48137dedc13f2fa6e3c3295210c7791fc9b74889812acb12af85c3c35,b1651ad7e73c008ece0142a5f2b55cf0ac26b5a7f88dbbe570fd4ad7dbef359b,,,,,prespecified_run
cga-experiments-v1,C3,06,rfm,rfm_relu3,202,64,,,64,0.08048798998628826,0.08048798998628826,0.08972282589523779,,0.03865344484885395,-9.932385836451843,-10.012873826438131,6,1.4368120238432848e-10,True,L-BFGS-B: CONVERGENCE: NORM OF PROJECTED GRADIENT <= PGTOL,0.1058650420000049,CG64x3-d2,f1185716ba36107fa52ac0147b2ad9ec518cf3676f5c7e5acbb7c168445cb352,,,,,False,newly_computed_nested_prefix,,81c87de48137dedc13f2fa6e3c3295210c7791fc9b74889812acb12af85c3c35,b1651ad7e73c008ece0142a5f2b55cf0ac26b5a7f88dbbe570fd4ad7dbef359b,,,,,prespecified_run
cga-experiments-v1,C3,06,rfm,rfm_relu3,202,128,,,128,0.0048672962816098675,0.0048672962816098675,0.02206698225494899,,0.006374249234483823,-10.008006530156521,-10.012873826438131,29,2.226153705559499e-09,True,L-BFGS-B: CONVERGENCE: RELATIVE REDUCTION OF F <= FACTR*EPSMCH,0.39493575000005876,CG64x3-d2,f1185716ba36107fa52ac0147b2ad9ec518cf3676f5c7e5acbb7c168445cb352,,,,,False,newly_computed_nested_prefix,,81c87de48137dedc13f2fa6e3c3295210c7791fc9b74889812acb12af85c3c35,b1651ad7e73c008ece0142a5f2b55cf0ac26b5a7f88dbbe570fd4ad7dbef359b,,,,,prespecified_run
cga-experiments-v1,C3,06,rfm,rfm_relu3,202,256,,,256,0.0007146377187119413,0.0007146377187119413,0.008453809144391826,,0.0018154551171318727,-10.01215918871942,-10.012873826438131,37,1.5933745046447697e-08,True,L-BFGS-B: CONVERGENCE: RELATIVE REDUCTION OF F <= FACTR*EPSMCH,0.9169085830001222,CG64x3-d2,f1185716ba36107fa52ac0147b2ad9ec518cf3676f5c7e5acbb7c168445cb352,,,,,False,newly_computed_nested_prefix,,81c87de48137dedc13f2fa6e3c3295210c7791fc9b74889812acb12af85c3c35,b1651ad7e73c008ece0142a5f2b55cf0ac26b5a7f88dbbe570fd4ad7dbef359b,,,,,prespecified_run
cga-experiments-v1,C3,06,rfm,rfm_relu3,202,512,,,512,7.929141444051879e-05,7.929141444051879e-05,0.0028191328675521415,,0.00044817606178658794,-10.01279453502369,-10.012873826438131,333,8.269766192542188e-08,True,L-BFGS-B: CONVERGENCE: RELATIVE REDUCTION OF F <= FACTR*EPSMCH,11.175414707999835,CG64x3-d2,f1185716ba36107fa52ac0147b2ad9ec518cf3676f5c7e5acbb7c168445cb352,0.0018306570017563267,0.0018306570017563267,0.0001386770528109048,,False,newly_computed_nested_prefix,,81c87de48137dedc13f2fa6e3c3295210c7791fc9b74889812acb12af85c3c35,b1651ad7e73c008ece0142a5f2b55cf0ac26b5a7f88dbbe570fd4ad7dbef359b,,,,data/raw/baseline/data/models/C3_rfm_seed202_n512.npz,prespecified_run
cga-experiments-v1,C3,06,rfm,rfm_relu3,203,8,,,8,8.914741215577138,8.914741215577138,0.9436045491285239,,0.994409250093762,-1.098132610860993,-10.012873826438131,5,3.606023538825899e-11,True,L-BFGS-B: CONVERGENCE: NORM OF PROJECTED GRADIENT <= PGTOL,0.03660158299999239,CG64x3-d2,f1185716ba36107fa52ac0147b2ad9ec518cf3676f5c7e5acbb7c168445cb352,,,,,False,newly_computed_nested_prefix,,81c87de48137dedc13f2fa6e3c3295210c7791fc9b74889812acb12af85c3c35,b1651ad7e73c008ece0142a5f2b55cf0ac26b5a7f88dbbe570fd4ad7dbef359b,,,,,prespecified_run
cga-experiments-v1,C3,06,rfm,rfm_relu3,203,16,,,16,4.847109883212292,4.847109883212292,0.6959533558436555,,0.5979149562792623,-5.165763943225839,-10.012873826438131,6,1.0723173564861308e-10,True,L-BFGS-B: CONVERGENCE: NORM OF PROJECTED GRADIENT <= PGTOL,0.030702582999992956,CG64x3-d2,f1185716ba36107fa52ac0147b2ad9ec518cf3676f5c7e5acbb7c168445cb352,,,,,False,newly_computed_nested_prefix,,81c87de48137dedc13f2fa6e3c3295210c7791fc9b74889812acb12af85c3c35,b1651ad7e73c008ece0142a5f2b55cf0ac26b5a7f88dbbe570fd4ad7dbef359b,,,,,prespecified_run
cga-experiments-v1,C3,06,rfm,rfm_relu3,203,32,,,32,1.3907070155959644,1.3907070155959644,0.3728999129754578,,0.24317290810733394,-8.622166810842167,-10.012873826438131,6,1.0209355212135295e-09,True,L-BFGS-B: CONVERGENCE: NORM OF PROJECTED GRADIENT <= PGTOL,0.04831691699996554,CG64x3-d2,f1185716ba36107fa52ac0147b2ad9ec518cf3676f5c7e5acbb7c168445cb352,,,,,False,newly_computed_nested_prefix,,81c87de48137dedc13f2fa6e3c3295210c7791fc9b74889812acb12af85c3c35,b1651ad7e73c008ece0142a5f2b55cf0ac26b5a7f88dbbe570fd4ad7dbef359b,,,,,prespecified_run
cga-experiments-v1,C3,06,rfm,rfm_relu3,203,64,,,64,0.14934790364253558,0.14934790364253558,0.12222398492768709,,0.05680715699203979,-9.863525922795596,-10.012873826438131,9,1.9157742801404658e-08,True,L-BFGS-B: CONVERGENCE: RELATIVE REDUCTION OF F <= FACTR*EPSMCH,0.1348252909999701,CG64x3-d2,f1185716ba36107fa52ac0147b2ad9ec518cf3676f5c7e5acbb7c168445cb352,,,,,False,newly_computed_nested_prefix,,81c87de48137dedc13f2fa6e3c3295210c7791fc9b74889812acb12af85c3c35,b1651ad7e73c008ece0142a5f2b55cf0ac26b5a7f88dbbe570fd4ad7dbef359b,,,,,prespecified_run
cga-experiments-v1,C3,06,rfm,rfm_relu3,203,128,,,128,0.015822468414654622,0.015822468414654622,0.039786434506537356,,0.01381098289482954,-9.997051358023477,-10.012873826438131,34,5.39010547737439e-09,True,L-BFGS-B: CONVERGENCE: RELATIVE REDUCTION OF F <= FACTR*EPSMCH,0.4717693750001217,CG64x3-d2,f1185716ba36107fa52ac0147b2ad9ec518cf3676f5c7e5acbb7c168445cb352,,,,,False,newly_computed_nested_prefix,,81c87de48137dedc13f2fa6e3c3295210c7791fc9b74889812acb12af85c3c35,b1651ad7e73c008ece0142a5f2b55cf0ac26b5a7f88dbbe570fd4ad7dbef359b,,,,,prespecified_run
cga-experiments-v1,C3,06,rfm,rfm_relu3,203,256,,,256,0.0003565832421834614,0.0003565832421834614,0.005991252000177315,,0.0012748216122143042,-10.012517243195948,-10.012873826438131,127,1.2659812495581358e-07,True,L-BFGS-B: CONVERGENCE: RELATIVE REDUCTION OF F <= FACTR*EPSMCH,2.2157193329999245,CG64x3-d2,f1185716ba36107fa52ac0147b2ad9ec518cf3676f5c7e5acbb7c168445cb352,,,,,False,newly_computed_nested_prefix,,81c87de48137dedc13f2fa6e3c3295210c7791fc9b74889812acb12af85c3c35,b1651ad7e73c008ece0142a5f2b55cf0ac26b5a7f88dbbe570fd4ad7dbef359b,,,,,prespecified_run
cga-experiments-v1,C3,06,rfm,rfm_relu3,203,512,,,512,3.760681918052455e-05,3.760681918052455e-05,0.002046535471152751,,0.00030186190918750084,-10.01283621961895,-10.012873826438131,416,3.849046564946755e-09,True,L-BFGS-B: STOP: TOTAL NO. OF ITERATIONS REACHED LIMIT; Newton-CG: Optimization terminated successfully.,25.501770708000095,CG64x3-d2,f1185716ba36107fa52ac0147b2ad9ec518cf3676f5c7e5acbb7c168445cb352,0.111829675563551,0.111829675563551,0.022161143628270766,,False,newly_computed_nested_prefix,,81c87de48137dedc13f2fa6e3c3295210c7791fc9b74889812acb12af85c3c35,b1651ad7e73c008ece0142a5f2b55cf0ac26b5a7f88dbbe570fd4ad7dbef359b,,,,data/raw/baseline/data/models/C3_rfm_seed203_n512.npz,prespecified_run
cga-experiments-v1,C3,06,rfm,rfm_relu3,204,8,,,8,8.401442075987905,8.401442075987905,0.9160096154139467,,1.0044224972746338,-1.611431750450226,-10.012873826438131,5,6.266279358127916e-11,True,L-BFGS-B: CONVERGENCE: NORM OF PROJECTED GRADIENT <= PGTOL,0.03658470799996394,CG64x3-d2,f1185716ba36107fa52ac0147b2ad9ec518cf3676f5c7e5acbb7c168445cb352,,,,,False,newly_computed_nested_prefix,,81c87de48137dedc13f2fa6e3c3295210c7791fc9b74889812acb12af85c3c35,b1651ad7e73c008ece0142a5f2b55cf0ac26b5a7f88dbbe570fd4ad7dbef359b,,,,,prespecified_run
cga-experiments-v1,C3,06,rfm,rfm_relu3,204,16,,,16,3.862118376589815,3.862118376589815,0.6197179856649426,,1.4044002287099897,-6.150755449848316,-10.012873826438131,7,5.058833699298677e-11,True,L-BFGS-B: CONVERGENCE: NORM OF PROJECTED GRADIENT <= PGTOL,0.03286379200017109,CG64x3-d2,f1185716ba36107fa52ac0147b2ad9ec518cf3676f5c7e5acbb7c168445cb352,,,,,False,newly_computed_nested_prefix,,81c87de48137dedc13f2fa6e3c3295210c7791fc9b74889812acb12af85c3c35,b1651ad7e73c008ece0142a5f2b55cf0ac26b5a7f88dbbe570fd4ad7dbef359b,,,,,prespecified_run
cga-experiments-v1,C3,06,rfm,rfm_relu3,204,32,,,32,0.48259829261116316,0.48259829261116316,0.21965516569213064,,0.13013503021541903,-9.530275533826968,-10.012873826438131,6,4.230247829639801e-10,True,L-BFGS-B: CONVERGENCE: NORM OF PROJECTED GRADIENT <= PGTOL,0.050465917000110494,CG64x3-d2,f1185716ba36107fa52ac0147b2ad9ec518cf3676f5c7e5acbb7c168445cb352,,,,,False,newly_computed_nested_prefix,,81c87de48137dedc13f2fa6e3c3295210c7791fc9b74889812acb12af85c3c35,b1651ad7e73c008ece0142a5f2b55cf0ac26b5a7f88dbbe570fd4ad7dbef359b,,,,,prespecified_run
cga-experiments-v1,C3,06,rfm,rfm_relu3,204,64,,,64,0.038245855346056956,0.038245855346056956,0.061848844669324346,,0.026488514872092757,-9.974627971092074,-10.012873826438131,5,1.0539389987218292e-08,True,L-BFGS-B: CONVERGENCE: RELATIVE REDUCTION OF F <= FACTR*EPSMCH,0.10003641699995569,CG64x3-d2,f1185716ba36107fa52ac0147b2ad9ec518cf3676f5c7e5acbb7c168445cb352,,,,,False,newly_computed_nested_prefix,,81c87de48137dedc13f2fa6e3c3295210c7791fc9b74889812acb12af85c3c35,b1651ad7e73c008ece0142a5f2b55cf0ac26b5a7f88dbbe570fd4ad7dbef359b,,,,,prespecified_run
cga-experiments-v1,C3,06,rfm,rfm_relu3,204,128,,,128,0.0032201946981960106,0.0032201946981960106,0.017945317910468342,,0.005000274962343141,-10.009653631739935,-10.012873826438131,24,1.4767608381259789e-09,True,L-BFGS-B: CONVERGENCE: RELATIVE REDUCTION OF F <= FACTR*EPSMCH,0.3737194170000748,CG64x3-d2,f1185716ba36107fa52ac0147b2ad9ec518cf3676f5c7e5acbb7c168445cb352,,,,,False,newly_computed_nested_prefix,,81c87de48137dedc13f2fa6e3c3295210c7791fc9b74889812acb12af85c3c35,b1651ad7e73c008ece0142a5f2b55cf0ac26b5a7f88dbbe570fd4ad7dbef359b,,,,,prespecified_run
cga-experiments-v1,C3,06,rfm,rfm_relu3,204,256,,,256,0.00041698001693646347,0.00041698001693646347,0.006457060377566157,,0.0013335861484498846,-10.012456846421195,-10.012873826438131,42,2.0649733171329672e-08,True,L-BFGS-B: CONVERGENCE: RELATIVE REDUCTION OF F <= FACTR*EPSMCH,0.968122208000068,CG64x3-d2,f1185716ba36107fa52ac0147b2ad9ec518cf3676f5c7e5acbb7c168445cb352,,,,,False,newly_computed_nested_prefix,,81c87de48137dedc13f2fa6e3c3295210c7791fc9b74889812acb12af85c3c35,b1651ad7e73c008ece0142a5f2b55cf0ac26b5a7f88dbbe570fd4ad7dbef359b,,,,,prespecified_run
cga-experiments-v1,C3,06,rfm,rfm_relu3,204,512,,,512,4.5627705748785274e-05,4.5627705748785274e-05,0.002133058837820886,,0.00031611255056279876,-10.012828198732382,-10.012873826438131,410,6.222452952817274e-09,True,L-BFGS-B: STOP: TOTAL NO. OF ITERATIONS REACHED LIMIT; Newton-CG: Optimization terminated successfully.,37.56100174999983,CG64x3-d2,f1185716ba36107fa52ac0147b2ad9ec518cf3676f5c7e5acbb7c168445cb352,0.0072710503804543115,0.0006134442371335267,0.0072710503804543115,,False,newly_computed_nested_prefix,,81c87de48137dedc13f2fa6e3c3295210c7791fc9b74889812acb12af85c3c35,b1651ad7e73c008ece0142a5f2b55cf0ac26b5a7f88dbbe570fd4ad7dbef359b,,,,data/raw/baseline/data/models/C3_rfm_seed204_n512.npz,prespecified_run
cga-experiments-v1,C3,06,rfm,rfm_relu3,205,8,,,8,9.802322542241232,9.802322542241232,0.9894388490935171,,1.0468587112931902,-0.21055128419689934,-10.012873826438131,5,1.50372901344248e-12,True,L-BFGS-B: CONVERGENCE: NORM OF PROJECTED GRADIENT <= PGTOL,0.03906995900001675,CG64x3-d2,f1185716ba36107fa52ac0147b2ad9ec518cf3676f5c7e5acbb7c168445cb352,,,,,False,newly_computed_nested_prefix,,81c87de48137dedc13f2fa6e3c3295210c7791fc9b74889812acb12af85c3c35,b1651ad7e73c008ece0142a5f2b55cf0ac26b5a7f88dbbe570fd4ad7dbef359b,,,,,prespecified_run
cga-experiments-v1,C3,06,rfm,rfm_relu3,205,16,,,16,3.8444307867374974,3.8444307867374974,0.6197856531681136,,0.5685135501006175,-6.168443039700634,-10.012873826438131,6,4.060496745748345e-11,True,L-BFGS-B: CONVERGENCE: NORM OF PROJECTED GRADIENT <= PGTOL,0.0317894580000484,CG64x3-d2,f1185716ba36107fa52ac0147b2ad9ec518cf3676f5c7e5acbb7c168445cb352,,,,,False,newly_computed_nested_prefix,,81c87de48137dedc13f2fa6e3c3295210c7791fc9b74889812acb12af85c3c35,b1651ad7e73c008ece0142a5f2b55cf0ac26b5a7f88dbbe570fd4ad7dbef359b,,,,,prespecified_run
cga-experiments-v1,C3,06,rfm,rfm_relu3,205,32,,,32,1.4369571723471974,1.4369571723471974,0.3790197950608375,,0.24894238285413306,-8.575916654090934,-10.012873826438131,6,1.5281392572895387e-10,True,L-BFGS-B: CONVERGENCE: NORM OF PROJECTED GRADIENT <= PGTOL,0.04895966599997337,CG64x3-d2,f1185716ba36107fa52ac0147b2ad9ec518cf3676f5c7e5acbb7c168445cb352,,,,,False,newly_computed_nested_prefix,,81c87de48137dedc13f2fa6e3c3295210c7791fc9b74889812acb12af85c3c35,b1651ad7e73c008ece0142a5f2b55cf0ac26b5a7f88dbbe570fd4ad7dbef359b,,,,,prespecified_run
cga-experiments-v1,C3,06,rfm,rfm_relu3,205,64,,,64,0.08463353141164198,0.08463353141164198,0.0920051506507876,,0.03527653305573091,-9.92824029502649,-10.012873826438131,6,6.449003860427882e-10,True,L-BFGS-B: CONVERGENCE: NORM OF PROJECTED GRADIENT <= PGTOL,0.10507141700009015,CG64x3-d2,f1185716ba36107fa52ac0147b2ad9ec518cf3676f5c7e5acbb7c168445cb352,,,,,False,newly_computed_nested_prefix,,81c87de48137dedc13f2fa6e3c3295210c7791fc9b74889812acb12af85c3c35,b1651ad7e73c008ece0142a5f2b55cf0ac26b5a7f88dbbe570fd4ad7dbef359b,,,,,prespecified_run
cga-experiments-v1,C3,06,rfm,rfm_relu3,205,128,,,128,0.011991478516904408,0.011991478516904408,0.0346346240718495,,0.0105821747593716,-10.000882347921227,-10.012873826438131,26,8.510217393214084e-09,True,L-BFGS-B: CONVERGENCE: RELATIVE REDUCTION OF F <= FACTR*EPSMCH,0.36759200000005876,CG64x3-d2,f1185716ba36107fa52ac0147b2ad9ec518cf3676f5c7e5acbb7c168445cb352,,,,,False,newly_computed_nested_prefix,,81c87de48137dedc13f2fa6e3c3295210c7791fc9b74889812acb12af85c3c35,b1651ad7e73c008ece0142a5f2b55cf0ac26b5a7f88dbbe570fd4ad7dbef359b,,,,,prespecified_run
cga-experiments-v1,C3,06,rfm,rfm_relu3,205,256,,,256,0.0010702232907693343,0.0010702232907693343,0.01034726950743296,,0.0023006269892821784,-10.011803603147362,-10.012873826438131,39,1.1156109503594625e-07,True,L-BFGS-B: CONVERGENCE: RELATIVE REDUCTION OF F <= FACTR*EPSMCH,0.9054039590000684,CG64x3-d2,f1185716ba36107fa52ac0147b2ad9ec518cf3676f5c7e5acbb7c168445cb352,,,,,False,newly_computed_nested_prefix,,81c87de48137dedc13f2fa6e3c3295210c7791fc9b74889812acb12af85c3c35,b1651ad7e73c008ece0142a5f2b55cf0ac26b5a7f88dbbe570fd4ad7dbef359b,,,,,prespecified_run
cga-experiments-v1,C3,06,rfm,rfm_relu3,205,512,,,512,2.7249590782929545e-05,2.7249590782929545e-05,0.0016753626653781503,,0.00022388801320875597,-10.012846576847348,-10.012873826438131,99,6.838361243653261e-08,True,L-BFGS-B: CONVERGENCE: RELATIVE REDUCTION OF F <= FACTR*EPSMCH,3.6992162920000737,CG64x3-d2,f1185716ba36107fa52ac0147b2ad9ec518cf3676f5c7e5acbb7c168445cb352,0.024395111946704774,0.024395111946704774,0.004757334799775655,,False,newly_computed_nested_prefix,,81c87de48137dedc13f2fa6e3c3295210c7791fc9b74889812acb12af85c3c35,b1651ad7e73c008ece0142a5f2b55cf0ac26b5a7f88dbbe570fd4ad7dbef359b,,,,data/raw/baseline/data/models/C3_rfm_seed205_n512.npz,prespecified_run
cga-experiments-v1,C3,06,rfm,rfm_relu3,206,8,,,8,9.894118297103264,9.894118297103264,0.9940590821282288,,0.9929629270372876,-0.11875552933486756,-10.012873826438131,3,7.814023420971864e-13,True,L-BFGS-B: CONVERGENCE: NORM OF PROJECTED GRADIENT <= PGTOL,0.03845404200001212,CG64x3-d2,f1185716ba36107fa52ac0147b2ad9ec518cf3676f5c7e5acbb7c168445cb352,,,,,False,newly_computed_nested_prefix,,81c87de48137dedc13f2fa6e3c3295210c7791fc9b74889812acb12af85c3c35,b1651ad7e73c008ece0142a5f2b55cf0ac26b5a7f88dbbe570fd4ad7dbef359b,,,,,prespecified_run
cga-experiments-v1,C3,06,rfm,rfm_relu3,206,16,,,16,6.470878748027667,6.470878748027667,0.8036344551588028,,1.262216957626592,-3.541995078410464,-10.012873826438131,7,9.568226828270478e-11,True,L-BFGS-B: CONVERGENCE: NORM OF PROJECTED GRADIENT <= PGTOL,0.03244937499994194,CG64x3-d2,f1185716ba36107fa52ac0147b2ad9ec518cf3676f5c7e5acbb7c168445cb352,,,,,False,newly_computed_nested_prefix,,81c87de48137dedc13f2fa6e3c3295210c7791fc9b74889812acb12af85c3c35,b1651ad7e73c008ece0142a5f2b55cf0ac26b5a7f88dbbe570fd4ad7dbef359b,,,,,prespecified_run
cga-experiments-v1,C3,06,rfm,rfm_relu3,206,32,,,32,0.7919912211836557,0.7919912211836557,0.2814199616283849,,0.16745786027303544,-9.220882605254475,-10.012873826438131,7,8.881462545752631e-12,True,L-BFGS-B: CONVERGENCE: NORM OF PROJECTED GRADIENT <= PGTOL,0.050349999999980355,CG64x3-d2,f1185716ba36107fa52ac0147b2ad9ec518cf3676f5c7e5acbb7c168445cb352,,,,,False,newly_computed_nested_prefix,,81c87de48137dedc13f2fa6e3c3295210c7791fc9b74889812acb12af85c3c35,b1651ad7e73c008ece0142a5f2b55cf0ac26b5a7f88dbbe570fd4ad7dbef359b,,,,,prespecified_run
cga-experiments-v1,C3,06,rfm,rfm_relu3,206,64,,,64,0.0295836234223259,0.0295836234223259,0.05439665684308444,,0.02182256338210258,-9.983290203015805,-10.012873826438131,7,3.772570183768507e-09,True,L-BFGS-B: CONVERGENCE: RELATIVE REDUCTION OF F <= FACTR*EPSMCH,0.11015825000004043,CG64x3-d2,f1185716ba36107fa52ac0147b2ad9ec518cf3676f5c7e5acbb7c168445cb352,,,,,False,newly_computed_nested_prefix,,81c87de48137dedc13f2fa6e3c3295210c7791fc9b74889812acb12af85c3c35,b1651ad7e73c008ece0142a5f2b55cf0ac26b5a7f88dbbe570fd4ad7dbef359b,,,,,prespecified_run
cga-experiments-v1,C3,06,rfm,rfm_relu3,206,128,,,128,0.00392171114076767,0.00392171114076767,0.01980713371323564,,0.005600102867467871,-10.008952115297364,-10.012873826438131,18,1.1059026350941685e-10,True,L-BFGS-B: CONVERGENCE: NORM OF PROJECTED GRADIENT <= PGTOL,0.30892004099996484,CG64x3-d2,f1185716ba36107fa52ac0147b2ad9ec518cf3676f5c7e5acbb7c168445cb352,,,,,False,newly_computed_nested_prefix,,81c87de48137dedc13f2fa6e3c3295210c7791fc9b74889812acb12af85c3c35,b1651ad7e73c008ece0142a5f2b55cf0ac26b5a7f88dbbe570fd4ad7dbef359b,,,,,prespecified_run
cga-experiments-v1,C3,06,rfm,rfm_relu3,206,256,,,256,0.0005261449074609459,0.0005261449074609459,0.007254241354206717,,0.0014355103745226094,-10.01234768153067,-10.012873826438131,17,1.2527417800180869e-08,True,L-BFGS-B: CONVERGENCE: RELATIVE REDUCTION OF F <= FACTR*EPSMCH,0.5897117920001165,CG64x3-d2,f1185716ba36107fa52ac0147b2ad9ec518cf3676f5c7e5acbb7c168445cb352,,,,,False,newly_computed_nested_prefix,,81c87de48137dedc13f2fa6e3c3295210c7791fc9b74889812acb12af85c3c35,b1651ad7e73c008ece0142a5f2b55cf0ac26b5a7f88dbbe570fd4ad7dbef359b,,,,,prespecified_run
cga-experiments-v1,C3,06,rfm,rfm_relu3,206,512,,,512,4.9047801542911884e-05,4.9047801542911884e-05,0.0029642145920427574,,0.00038154417528535024,-10.012824778636588,-10.012873826438131,86,3.9657693088048157e-08,True,L-BFGS-B: CONVERGENCE: RELATIVE REDUCTION OF F <= FACTR*EPSMCH,3.345197707999887,CG64x3-d2,f1185716ba36107fa52ac0147b2ad9ec518cf3676f5c7e5acbb7c168445cb352,0.9892984987657899,0.9892984987657899,0.8619350530960525,,False,newly_computed_nested_prefix,,81c87de48137dedc13f2fa6e3c3295210c7791fc9b74889812acb12af85c3c35,b1651ad7e73c008ece0142a5f2b55cf0ac26b5a7f88dbbe570fd4ad7dbef359b,,,,data/raw/baseline/data/models/C3_rfm_seed206_n512.npz,prespecified_run
cga-experiments-v1,C3,06,rfm,rfm_relu3,207,8,,,8,8.387097807410994,8.387097807410994,0.915061539675363,,1.3262818552305005,-1.6257760190271375,-10.012873826438131,6,9.794592892402158e-11,True,L-BFGS-B: CONVERGENCE: NORM OF PROJECTED GRADIENT <= PGTOL,0.04375387499999306,CG64x3-d2,f1185716ba36107fa52ac0147b2ad9ec518cf3676f5c7e5acbb7c168445cb352,,,,,False,newly_computed_nested_prefix,,81c87de48137dedc13f2fa6e3c3295210c7791fc9b74889812acb12af85c3c35,b1651ad7e73c008ece0142a5f2b55cf0ac26b5a7f88dbbe570fd4ad7dbef359b,,,,,prespecified_run
cga-experiments-v1,C3,06,rfm,rfm_relu3,207,16,,,16,7.015052390386872,7.015052390386872,0.8366682741089005,,1.3579867259355802,-2.9978214360512596,-10.012873826438131,6,7.493272467952629e-10,True,L-BFGS-B: CONVERGENCE: NORM OF PROJECTED GRADIENT <= PGTOL,0.03074658300010924,CG64x3-d2,f1185716ba36107fa52ac0147b2ad9ec518cf3676f5c7e5acbb7c168445cb352,,,,,False,newly_computed_nested_prefix,,81c87de48137dedc13f2fa6e3c3295210c7791fc9b74889812acb12af85c3c35,b1651ad7e73c008ece0142a5f2b55cf0ac26b5a7f88dbbe570fd4ad7dbef359b,,,,,prespecified_run
cga-experiments-v1,C3,06,rfm,rfm_relu3,207,32,,,32,2.760985805073166,2.760985805073166,0.5253164223952352,,0.4199769716651281,-7.251888021364965,-10.012873826438131,6,1.263121721972497e-09,True,L-BFGS-B: CONVERGENCE: NORM OF PROJECTED GRADIENT <= PGTOL,0.049163458000066385,CG64x3-d2,f1185716ba36107fa52ac0147b2ad9ec518cf3676f5c7e5acbb7c168445cb352,,,,,False,newly_computed_nested_prefix,,81c87de48137dedc13f2fa6e3c3295210c7791fc9b74889812acb12af85c3c35,b1651ad7e73c008ece0142a5f2b55cf0ac26b5a7f88dbbe570fd4ad7dbef359b,,,,,prespecified_run
cga-experiments-v1,C3,06,rfm,rfm_relu3,207,64,,,64,0.10301180851782021,0.10301180851782021,0.10150216568946856,,0.04923397186810431,-9.909862017920311,-10.012873826438131,6,2.7812733923819436e-10,True,L-BFGS-B: CONVERGENCE: NORM OF PROJECTED GRADIENT <= PGTOL,0.10314775000006193,CG64x3-d2,f1185716ba36107fa52ac0147b2ad9ec518cf3676f5c7e5acbb7c168445cb352,,,,,False,newly_computed_nested_prefix,,81c87de48137dedc13f2fa6e3c3295210c7791fc9b74889812acb12af85c3c35,b1651ad7e73c008ece0142a5f2b55cf0ac26b5a7f88dbbe570fd4ad7dbef359b,,,,,prespecified_run
cga-experiments-v1,C3,06,rfm,rfm_relu3,207,128,,,128,0.005348794711842686,0.005348794711842686,0.023131698473182652,,0.0068365836975918075,-10.007525031726288,-10.012873826438131,44,8.671650275705165e-08,True,L-BFGS-B: CONVERGENCE: RELATIVE REDUCTION OF F <= FACTR*EPSMCH,0.5044396670000424,CG64x3-d2,f1185716ba36107fa52ac0147b2ad9ec518cf3676f5c7e5acbb7c168445cb352,,,,,False,newly_computed_nested_prefix,,81c87de48137dedc13f2fa6e3c3295210c7791fc9b74889812acb12af85c3c35,b1651ad7e73c008ece0142a5f2b55cf0ac26b5a7f88dbbe570fd4ad7dbef359b,,,,,prespecified_run
cga-experiments-v1,C3,06,rfm,rfm_relu3,207,256,,,256,0.0005086631500024197,0.0005086631500024197,0.007136460509663631,,0.0014747111952386944,-10.012365163288129,-10.012873826438131,85,1.6823800016186998e-07,True,L-BFGS-B: CONVERGENCE: RELATIVE REDUCTION OF F <= FACTR*EPSMCH,1.5739934159998938,CG64x3-d2,f1185716ba36107fa52ac0147b2ad9ec518cf3676f5c7e5acbb7c168445cb352,,,,,False,newly_computed_nested_prefix,,81c87de48137dedc13f2fa6e3c3295210c7791fc9b74889812acb12af85c3c35,b1651ad7e73c008ece0142a5f2b55cf0ac26b5a7f88dbbe570fd4ad7dbef359b,,,,,prespecified_run
cga-experiments-v1,C3,06,rfm,rfm_relu3,207,512,,,512,5.716187759574609e-06,-5.716187759574609e-06,0.002301183627987245,,0.00030586978988961065,-10.01287954262589,-10.012873826438131,404,1.248721931238472e-09,True,L-BFGS-B: STOP: TOTAL NO. OF ITERATIONS REACHED LIMIT; Newton-CG: Optimization terminated successfully.,24.920624750000115,CG64x3-d2,f1185716ba36107fa52ac0147b2ad9ec518cf3676f5c7e5acbb7c168445cb352,0.9795091233231713,0.9795091233231713,0.5800158814216846,,False,newly_computed_nested_prefix,,81c87de48137dedc13f2fa6e3c3295210c7791fc9b74889812acb12af85c3c35,b1651ad7e73c008ece0142a5f2b55cf0ac26b5a7f88dbbe570fd4ad7dbef359b,,,,data/raw/baseline/data/models/C3_rfm_seed207_n512.npz,prespecified_run
cga-experiments-v1,C3,06,rfm,rfm_relu3,208,8,,,8,9.243201490118956,9.243201490118956,0.9608320521975228,,0.9690384330679397,-0.769672336319176,-10.012873826438131,4,2.908724068306622e-10,True,L-BFGS-B: CONVERGENCE: NORM OF PROJECTED GRADIENT <= PGTOL,0.03381074999992961,CG64x3-d2,f1185716ba36107fa52ac0147b2ad9ec518cf3676f5c7e5acbb7c168445cb352,,,,,False,newly_computed_nested_prefix,,81c87de48137dedc13f2fa6e3c3295210c7791fc9b74889812acb12af85c3c35,b1651ad7e73c008ece0142a5f2b55cf0ac26b5a7f88dbbe570fd4ad7dbef359b,,,,,prespecified_run
cga-experiments-v1,C3,06,rfm,rfm_relu3,208,16,,,16,7.800233456578084,7.800233456578084,0.8826217592397844,,1.06453995313942,-2.2126403698600474,-10.012873826438131,6,9.821161596805697e-09,True,L-BFGS-B: CONVERGENCE: RELATIVE REDUCTION OF F <= FACTR*EPSMCH,0.042875332999983584,CG64x3-d2,f1185716ba36107fa52ac0147b2ad9ec518cf3676f5c7e5acbb7c168445cb352,,,,,False,newly_computed_nested_prefix,,81c87de48137dedc13f2fa6e3c3295210c7791fc9b74889812acb12af85c3c35,b1651ad7e73c008ece0142a5f2b55cf0ac26b5a7f88dbbe570fd4ad7dbef359b,,,,,prespecified_run
cga-experiments-v1,C3,06,rfm,rfm_relu3,208,32,,,32,1.4591692289083493,1.4591692289083493,0.3819232103239916,,0.2512121660538917,-8.553704597529782,-10.012873826438131,6,1.2060865576833627e-10,True,L-BFGS-B: CONVERGENCE: NORM OF PROJECTED GRADIENT <= PGTOL,0.04883841699984259,CG64x3-d2,f1185716ba36107fa52ac0147b2ad9ec518cf3676f5c7e5acbb7c168445cb352,,,,,False,newly_computed_nested_prefix,,81c87de48137dedc13f2fa6e3c3295210c7791fc9b74889812acb12af85c3c35,b1651ad7e73c008ece0142a5f2b55cf0ac26b5a7f88dbbe570fd4ad7dbef359b,,,,,prespecified_run
cga-experiments-v1,C3,06,rfm,rfm_relu3,208,64,,,64,0.12859747589370052,0.12859747589370052,0.1134159108414642,,0.04739128048024572,-9.88427635054443,-10.012873826438131,6,1.2708154514242284e-10,True,L-BFGS-B: CONVERGENCE: NORM OF PROJECTED GRADIENT <= PGTOL,0.10737908300006893,CG64x3-d2,f1185716ba36107fa52ac0147b2ad9ec518cf3676f5c7e5acbb7c168445cb352,,,,,False,newly_computed_nested_prefix,,81c87de48137dedc13f2fa6e3c3295210c7791fc9b74889812acb12af85c3c35,b1651ad7e73c008ece0142a5f2b55cf0ac26b5a7f88dbbe570fd4ad7dbef359b,,,,,prespecified_run
cga-experiments-v1,C3,06,rfm,rfm_relu3,208,128,,,128,0.005204790686089922,0.005204790686089922,0.022819154721824813,,0.006715179267686253,-10.007669035752041,-10.012873826438131,13,4.580401575681305e-11,True,L-BFGS-B: CONVERGENCE: NORM OF PROJECTED GRADIENT <= PGTOL,0.25731500000006235,CG64x3-d2,f1185716ba36107fa52ac0147b2ad9ec518cf3676f5c7e5acbb7c168445cb352,,,,,False,newly_computed_nested_prefix,,81c87de48137dedc13f2fa6e3c3295210c7791fc9b74889812acb12af85c3c35,b1651ad7e73c008ece0142a5f2b55cf0ac26b5a7f88dbbe570fd4ad7dbef359b,,,,,prespecified_run
cga-experiments-v1,C3,06,rfm,rfm_relu3,208,256,,,256,0.0007625481318864757,0.0007625481318864757,0.008732359968968016,,0.0018968742178337745,-10.012111278306245,-10.012873826438131,55,1.315440195020399e-07,True,L-BFGS-B: CONVERGENCE: RELATIVE REDUCTION OF F <= FACTR*EPSMCH,1.123162916999945,CG64x3-d2,f1185716ba36107fa52ac0147b2ad9ec518cf3676f5c7e5acbb7c168445cb352,,,,,False,newly_computed_nested_prefix,,81c87de48137dedc13f2fa6e3c3295210c7791fc9b74889812acb12af85c3c35,b1651ad7e73c008ece0142a5f2b55cf0ac26b5a7f88dbbe570fd4ad7dbef359b,,,,,prespecified_run
cga-experiments-v1,C3,06,rfm,rfm_relu3,208,512,,,512,4.2976361704916144e-05,4.2976361704916144e-05,0.002106013560160515,,0.0003116705630416475,-10.012830850076426,-10.012873826438131,403,2.4759109108675513e-09,True,L-BFGS-B: STOP: TOTAL NO. OF ITERATIONS REACHED LIMIT; Newton-CG: Optimization terminated successfully.,15.608551375000161,CG64x3-d2,f1185716ba36107fa52ac0147b2ad9ec518cf3676f5c7e5acbb7c168445cb352,0.03122561161842581,0.03122561161842581,0.0021586252907011957,,False,newly_computed_nested_prefix,,81c87de48137dedc13f2fa6e3c3295210c7791fc9b74889812acb12af85c3c35,b1651ad7e73c008ece0142a5f2b55cf0ac26b5a7f88dbbe570fd4ad7dbef359b,,,,data/raw/baseline/data/models/C3_rfm_seed208_n512.npz,prespecified_run
cga-experiments-v1,C3,06,rfm,rfm_relu3,209,8,,,8,9.710912184692509,9.710912184692509,0.9848164241354712,,0.9913069415811676,-0.30196164174562173,-10.012873826438131,4,3.68936155447382e-11,True,L-BFGS-B: CONVERGENCE: NORM OF PROJECTED GRADIENT <= PGTOL,0.03564129099981983,CG64x3-d2,f1185716ba36107fa52ac0147b2ad9ec518cf3676f5c7e5acbb7c168445cb352,,,,,False,newly_computed_nested_prefix,,81c87de48137dedc13f2fa6e3c3295210c7791fc9b74889812acb12af85c3c35,b1651ad7e73c008ece0142a5f2b55cf0ac26b5a7f88dbbe570fd4ad7dbef359b,,,,,prespecified_run
cga-experiments-v1,C3,06,rfm,rfm_relu3,209,16,,,16,6.868945552271789,6.868945552271789,0.8279509369887155,,1.2599501483268574,-3.143928274166342,-10.012873826438131,6,5.63452004605459e-10,True,L-BFGS-B: CONVERGENCE: NORM OF PROJECTED GRADIENT <= PGTOL,0.03201349999994818,CG64x3-d2,f1185716ba36107fa52ac0147b2ad9ec518cf3676f5c7e5acbb7c168445cb352,,,,,False,newly_computed_nested_prefix,,81c87de48137dedc13f2fa6e3c3295210c7791fc9b74889812acb12af85c3c35,b1651ad7e73c008ece0142a5f2b55cf0ac26b5a7f88dbbe570fd4ad7dbef359b,,,,,prespecified_run
cga-experiments-v1,C3,06,rfm,rfm_relu3,209,32,,,32,1.0201269240520716,1.0201269240520716,0.31937545977773674,,0.20092410407772038,-8.99274690238606,-10.012873826438131,7,1.0401845403975569e-11,True,L-BFGS-B: CONVERGENCE: NORM OF PROJECTED GRADIENT <= PGTOL,0.0540133340000466,CG64x3-d2,f1185716ba36107fa52ac0147b2ad9ec518cf3676f5c7e5acbb7c168445cb352,,,,,False,newly_computed_nested_prefix,,81c87de48137dedc13f2fa6e3c3295210c7791fc9b74889812acb12af85c3c35,b1651ad7e73c008ece0142a5f2b55cf0ac26b5a7f88dbbe570fd4ad7dbef359b,,,,,prespecified_run
cga-experiments-v1,C3,06,rfm,rfm_relu3,209,64,,,64,0.21936646658650538,0.21936646658650538,0.1481134575375731,,0.07734841749854325,-9.793507359851626,-10.012873826438131,8,1.5373931420794712e-09,True,L-BFGS-B: CONVERGENCE: NORM OF PROJECTED GRADIENT <= PGTOL,0.11807358300006854,CG64x3-d2,f1185716ba36107fa52ac0147b2ad9ec518cf3676f5c7e5acbb7c168445cb352,,,,,False,newly_computed_nested_prefix,,81c87de48137dedc13f2fa6e3c3295210c7791fc9b74889812acb12af85c3c35,b1651ad7e73c008ece0142a5f2b55cf0ac26b5a7f88dbbe570fd4ad7dbef359b,,,,,prespecified_run
cga-experiments-v1,C3,06,rfm,rfm_relu3,209,128,,,128,0.006845137244770427,0.006845137244770427,0.026170087772388606,,0.007937352737834415,-10.00602868919336,-10.012873826438131,133,2.721624859745823e-08,True,L-BFGS-B: CONVERGENCE: RELATIVE REDUCTION OF F <= FACTR*EPSMCH; Newton-CG: Warning: Maximum number of iterations has been exceeded.,3.140015790999996,CG64x3-d2,f1185716ba36107fa52ac0147b2ad9ec518cf3676f5c7e5acbb7c168445cb352,,,,,False,newly_computed_nested_prefix,,81c87de48137dedc13f2fa6e3c3295210c7791fc9b74889812acb12af85c3c35,b1651ad7e73c008ece0142a5f2b55cf0ac26b5a7f88dbbe570fd4ad7dbef359b,,,,,prespecified_run
cga-experiments-v1,C3,06,rfm,rfm_relu3,209,256,,,256,0.0003810509773209958,0.0003810509773209958,0.006199934048697218,,0.0013591495625054578,-10.01249277546081,-10.012873826438131,65,8.88595830211909e-09,True,L-BFGS-B: CONVERGENCE: RELATIVE REDUCTION OF F <= FACTR*EPSMCH,1.6185146249999889,CG64x3-d2,f1185716ba36107fa52ac0147b2ad9ec518cf3676f5c7e5acbb7c168445cb352,,,,,False,newly_computed_nested_prefix,,81c87de48137dedc13f2fa6e3c3295210c7791fc9b74889812acb12af85c3c35,b1651ad7e73c008ece0142a5f2b55cf0ac26b5a7f88dbbe570fd4ad7dbef359b,,,,,prespecified_run
cga-experiments-v1,C3,06,rfm,rfm_relu3,209,512,,,512,3.3275300804547214e-05,3.3275300804547214e-05,0.0019248738181126628,,0.00023240747393267987,-10.012840551137327,-10.012873826438131,226,1.5541698218234164e-07,True,L-BFGS-B: CONVERGENCE: RELATIVE REDUCTION OF F <= FACTR*EPSMCH,8.451288292000072,CG64x3-d2,f1185716ba36107fa52ac0147b2ad9ec518cf3676f5c7e5acbb7c168445cb352,0.9765241453819655,0.9765241453819655,0.83933921110277,,False,newly_computed_nested_prefix,,81c87de48137dedc13f2fa6e3c3295210c7791fc9b74889812acb12af85c3c35,b1651ad7e73c008ece0142a5f2b55cf0ac26b5a7f88dbbe570fd4ad7dbef359b,,,,data/raw/baseline/data/models/C3_rfm_seed209_n512.npz,prespecified_run
cga-experiments-v1,C3,06,rfm,rfm_relu3,210,8,,,8,9.134736125501743,9.134736125501743,0.9551665412099292,,0.9604411552760729,-0.8781377009363888,-10.012873826438131,4,4.282575194650157e-10,True,L-BFGS-B: CONVERGENCE: NORM OF PROJECTED GRADIENT <= PGTOL,0.03786091700021643,CG64x3-d2,f1185716ba36107fa52ac0147b2ad9ec518cf3676f5c7e5acbb7c168445cb352,,,,,False,newly_computed_nested_prefix,,81c87de48137dedc13f2fa6e3c3295210c7791fc9b74889812acb12af85c3c35,b1651ad7e73c008ece0142a5f2b55cf0ac26b5a7f88dbbe570fd4ad7dbef359b,,,,,prespecified_run
cga-experiments-v1,C3,06,rfm,rfm_relu3,210,16,,,16,5.939995013865433,5.939995013865433,0.7701299459679279,,1.0845566245885132,-4.072878812572698,-10.012873826438131,7,3.250571424449818e-12,True,L-BFGS-B: CONVERGENCE: NORM OF PROJECTED GRADIENT <= PGTOL,0.03298595900014334,CG64x3-d2,f1185716ba36107fa52ac0147b2ad9ec518cf3676f5c7e5acbb7c168445cb352,,,,,False,newly_computed_nested_prefix,,81c87de48137dedc13f2fa6e3c3295210c7791fc9b74889812acb12af85c3c35,b1651ad7e73c008ece0142a5f2b55cf0ac26b5a7f88dbbe570fd4ad7dbef359b,,,,,prespecified_run
cga-experiments-v1,C3,06,rfm,rfm_relu3,210,32,,,32,1.7018695079409643,1.7018695079409643,0.412477753056762,,0.2782159360922657,-8.311004318497167,-10.012873826438131,7,7.526935582133471e-12,True,L-BFGS-B: CONVERGENCE: NORM OF PROJECTED GRADIENT <= PGTOL,0.05458700000008321,CG64x3-d2,f1185716ba36107fa52ac0147b2ad9ec518cf3676f5c7e5acbb7c168445cb352,,,,,False,newly_computed_nested_prefix,,81c87de48137dedc13f2fa6e3c3295210c7791fc9b74889812acb12af85c3c35,b1651ad7e73c008ece0142a5f2b55cf0ac26b5a7f88dbbe570fd4ad7dbef359b,,,,,prespecified_run
cga-experiments-v1,C3,06,rfm,rfm_relu3,210,64,,,64,0.02026978113015865,0.02026978113015865,0.04502874088781941,,0.016926150266030286,-9.992604045307973,-10.012873826438131,6,6.91685872742742e-10,True,L-BFGS-B: CONVERGENCE: NORM OF PROJECTED GRADIENT <= PGTOL,0.11020108299999265,CG64x3-d2,f1185716ba36107fa52ac0147b2ad9ec518cf3676f5c7e5acbb7c168445cb352,,,,,False,newly_computed_nested_prefix,,81c87de48137dedc13f2fa6e3c3295210c7791fc9b74889812acb12af85c3c35,b1651ad7e73c008ece0142a5f2b55cf0ac26b5a7f88dbbe570fd4ad7dbef359b,,,,,prespecified_run
cga-experiments-v1,C3,06,rfm,rfm_relu3,210,128,,,128,0.005375244044980576,0.005375244044980576,0.023188435235254212,,0.007283681778550279,-10.00749858239315,-10.012873826438131,10,1.1133519598829725e-09,True,L-BFGS-B: CONVERGENCE: RELATIVE REDUCTION OF F <= FACTR*EPSMCH,0.26250179199996637,CG64x3-d2,f1185716ba36107fa52ac0147b2ad9ec518cf3676f5c7e5acbb7c168445cb352,,,,,False,newly_computed_nested_prefix,,81c87de48137dedc13f2fa6e3c3295210c7791fc9b74889812acb12af85c3c35,b1651ad7e73c008ece0142a5f2b55cf0ac26b5a7f88dbbe570fd4ad7dbef359b,,,,,prespecified_run
cga-experiments-v1,C3,06,rfm,rfm_relu3,210,256,,,256,0.0004242513860326369,0.0004242513860326369,0.006515621181351907,,0.0013919250512347226,-10.012449575052099,-10.012873826438131,31,9.590116487265729e-08,True,L-BFGS-B: CONVERGENCE: RELATIVE REDUCTION OF F <= FACTR*EPSMCH,1.0061291670001538,CG64x3-d2,f1185716ba36107fa52ac0147b2ad9ec518cf3676f5c7e5acbb7c168445cb352,,,,,False,newly_computed_nested_prefix,,81c87de48137dedc13f2fa6e3c3295210c7791fc9b74889812acb12af85c3c35,b1651ad7e73c008ece0142a5f2b55cf0ac26b5a7f88dbbe570fd4ad7dbef359b,,,,,prespecified_run
cga-experiments-v1,C3,06,rfm,rfm_relu3,210,512,,,512,3.3890806822256536e-05,3.3890806822256536e-05,0.001865779344578283,,0.00026747911839445184,-10.012839935631309,-10.012873826438131,228,6.50683008169254e-08,True,L-BFGS-B: CONVERGENCE: RELATIVE REDUCTION OF F <= FACTR*EPSMCH,9.494825042000002,CG64x3-d2,f1185716ba36107fa52ac0147b2ad9ec518cf3676f5c7e5acbb7c168445cb352,0.03125517930128659,0.03125517930128659,0.007480444594905354,,False,newly_computed_nested_prefix,,81c87de48137dedc13f2fa6e3c3295210c7791fc9b74889812acb12af85c3c35,b1651ad7e73c008ece0142a5f2b55cf0ac26b5a7f88dbbe570fd4ad7dbef359b,,,,data/raw/baseline/data/models/C3_rfm_seed210_n512.npz,prespecified_run
cga-experiments-v1,C4,17,rfm,rfm_relu3,202,8,,,8,0.03246054606324833,0.03246054606324833,0.02264702301498113,0.0121150243353404,0.011976373889386646,-438.3084491069477,-438.34090965301095,20,7.287722602439292e-08,True,L-BFGS-B: CONVERGENCE: RELATIVE REDUCTION OF F <= FACTR*EPSMCH,0.0035361249999823485,CG2048x8-d1,033c5dea4503652a2ef35d4412195cc071bf6319de112f0017f4e46a25e52115,,,,,False,newly_computed_nested_prefix,,fa0a3e14c37bb38157d73088a3589d725f9b3228022a5797a0f25e79b611b0e0,b1651ad7e73c008ece0142a5f2b55cf0ac26b5a7f88dbbe570fd4ad7dbef359b,,,,,prespecified_run
cga-experiments-v1,C4,17,rfm,rfm_relu3,202,16,,,16,0.0003994404574996224,0.0003994404574996224,0.0028890281538078997,0.0013500128047200274,0.0006680581090320445,-438.34051021255345,-438.34090965301095,30,1.3860630618170553e-09,True,L-BFGS-B: CONVERGENCE: RELATIVE REDUCTION OF F <= FACTR*EPSMCH,0.0042912080000405695,CG2048x8-d1,033c5dea4503652a2ef35d4412195cc071bf6319de112f0017f4e46a25e52115,,,,,False,newly_computed_nested_prefix,,fa0a3e14c37bb38157d73088a3589d725f9b3228022a5797a0f25e79b611b0e0,b1651ad7e73c008ece0142a5f2b55cf0ac26b5a7f88dbbe570fd4ad7dbef359b,,,,,prespecified_run
cga-experiments-v1,C4,17,rfm,rfm_relu3,202,32,,,32,0.0001652326921544045,0.0001652326921544045,0.0014581296982962772,0.0008681990405452234,6.745543939175404e-05,-438.3407444203188,-438.34090965301095,80,3.519817377202494e-08,True,L-BFGS-B: CONVERGENCE: RELATIVE REDUCTION OF F <= FACTR*EPSMCH,0.015112540999780322,CG2048x8-d1,033c5dea4503652a2ef35d4412195cc071bf6319de112f0017f4e46a25e52115,,,,,False,newly_computed_nested_prefix,,fa0a3e14c37bb38157d73088a3589d725f9b3228022a5797a0f25e79b611b0e0,b1651ad7e73c008ece0142a5f2b55cf0ac26b5a7f88dbbe570fd4ad7dbef359b,,,,,prespecified_run
cga-experiments-v1,C4,17,rfm,rfm_relu3,202,64,,,64,7.068216063998989e-06,7.068216063998989e-06,0.00017673082522256912,0.00017957770666459416,1.3060308158680086e-05,-438.3409025847949,-438.34090965301095,149,6.369732976592787e-08,True,L-BFGS-B: CONVERGENCE: RELATIVE REDUCTION OF F <= FACTR*EPSMCH,0.03011849999984406,CG2048x8-d1,033c5dea4503652a2ef35d4412195cc071bf6319de112f0017f4e46a25e52115,,,,,False,newly_computed_nested_prefix,,fa0a3e14c37bb38157d73088a3589d725f9b3228022a5797a0f25e79b611b0e0,b1651ad7e73c008ece0142a5f2b55cf0ac26b5a7f88dbbe570fd4ad7dbef359b,,,,,prespecified_run
cga-experiments-v1,C4,17,rfm,rfm_relu3,202,128,,,128,8.240556326200021e-08,8.240556326200021e-08,7.831716494082727e-05,1.9392211269698713e-05,4.564173365283531e-06,-438.3409095706054,-438.34090965301095,67,2.1356508818020715e-08,True,L-BFGS-B: CONVERGENCE: RELATIVE REDUCTION OF F <= FACTR*EPSMCH,0.022672792000093978,CG2048x8-d1,033c5dea4503652a2ef35d4412195cc071bf6319de112f0017f4e46a25e52115,,,,,False,newly_computed_nested_prefix,,fa0a3e14c37bb38157d73088a3589d725f9b3228022a5797a0f25e79b611b0e0,b1651ad7e73c008ece0142a5f2b55cf0ac26b5a7f88dbbe570fd4ad7dbef359b,,,,,prespecified_run
cga-experiments-v1,C4,17,rfm,rfm_relu3,202,256,,,256,2.452225089655258e-10,2.452225089655258e-10,6.36060367416407e-05,9.951741208358338e-07,2.575518430907823e-07,-438.34090965276573,-438.34090965301095,69,6.960782538457283e-09,True,L-BFGS-B: CONVERGENCE: RELATIVE REDUCTION OF F <= FACTR*EPSMCH,0.05174258399983955,CG2048x8-d1,033c5dea4503652a2ef35d4412195cc071bf6319de112f0017f4e46a25e52115,0.13466596528143082,0.13466596528143082,2.3237656091972074e-08,6.460679610398619e-08,False,newly_computed_nested_prefix,,fa0a3e14c37bb38157d73088a3589d725f9b3228022a5797a0f25e79b611b0e0,b1651ad7e73c008ece0142a5f2b55cf0ac26b5a7f88dbbe570fd4ad7dbef359b,,,,data/raw/baseline/data/models/C4_rfm_seed202_n256.npz,prespecified_run
cga-experiments-v1,C4,17,rfm,rfm_relu3,203,8,,,8,0.2589016367205659,0.2589016367205659,0.06874922981647046,0.034448193100178846,0.014949578888829597,-438.0820080162904,-438.34090965301095,23,9.227123724896244e-10,True,L-BFGS-B: CONVERGENCE: RELATIVE REDUCTION OF F <= FACTR*EPSMCH,0.003579875000013999,CG2048x8-d1,033c5dea4503652a2ef35d4412195cc071bf6319de112f0017f4e46a25e52115,,,,,False,newly_computed_nested_prefix,,fa0a3e14c37bb38157d73088a3589d725f9b3228022a5797a0f25e79b611b0e0,b1651ad7e73c008ece0142a5f2b55cf0ac26b5a7f88dbbe570fd4ad7dbef359b,,,,,prespecified_run
cga-experiments-v1,C4,17,rfm,rfm_relu3,203,16,,,16,0.004156602167199708,0.004156602167199708,0.007614235935887524,0.004353775486885847,0.001382084071287688,-438.33675305084375,-438.34090965301095,37,8.727515355686598e-09,True,L-BFGS-B: CONVERGENCE: RELATIVE REDUCTION OF F <= FACTR*EPSMCH,0.005487124999945081,CG2048x8-d1,033c5dea4503652a2ef35d4412195cc071bf6319de112f0017f4e46a25e52115,,,,,False,newly_computed_nested_prefix,,fa0a3e14c37bb38157d73088a3589d725f9b3228022a5797a0f25e79b611b0e0,b1651ad7e73c008ece0142a5f2b55cf0ac26b5a7f88dbbe570fd4ad7dbef359b,,,,,prespecified_run
cga-experiments-v1,C4,17,rfm,rfm_relu3,203,32,,,32,0.0013415061348496238,0.0013415061348496238,0.0027691406293974662,0.002473237125588016,0.00019564196018492344,-438.3395681468761,-438.34090965301095,90,3.1078020613485405e-08,True,L-BFGS-B: CONVERGENCE: RELATIVE REDUCTION OF F <= FACTR*EPSMCH,0.01766999999995278,CG2048x8-d1,033c5dea4503652a2ef35d4412195cc071bf6319de112f0017f4e46a25e52115,,,,,False,newly_computed_nested_prefix,,fa0a3e14c37bb38157d73088a3589d725f9b3228022a5797a0f25e79b611b0e0,b1651ad7e73c008ece0142a5f2b55cf0ac26b5a7f88dbbe570fd4ad7dbef359b,,,,,prespecified_run
cga-experiments-v1,C4,17,rfm,rfm_relu3,203,64,,,64,8.466455483358004e-07,8.466455483358004e-07,0.0004744756838127695,6.215438971675087e-05,2.915448584988159e-06,-438.3409088063654,-438.34090965301095,70,2.3297918709136107e-08,True,L-BFGS-B: CONVERGENCE: RELATIVE REDUCTION OF F <= FACTR*EPSMCH,0.016950209000015093,CG2048x8-d1,033c5dea4503652a2ef35d4412195cc071bf6319de112f0017f4e46a25e52115,,,,,False,newly_computed_nested_prefix,,fa0a3e14c37bb38157d73088a3589d725f9b3228022a5797a0f25e79b611b0e0,b1651ad7e73c008ece0142a5f2b55cf0ac26b5a7f88dbbe570fd4ad7dbef359b,,,,,prespecified_run
cga-experiments-v1,C4,17,rfm,rfm_relu3,203,128,,,128,8.382096439163433e-08,8.382096439163433e-08,0.0004086096021245639,1.955892949726106e-05,1.877564228197357e-06,-438.34090956919,-438.34090965301095,56,1.1375194357897948e-08,True,L-BFGS-B: CONVERGENCE: RELATIVE REDUCTION OF F <= FACTR*EPSMCH,0.018561750000117172,CG2048x8-d1,033c5dea4503652a2ef35d4412195cc071bf6319de112f0017f4e46a25e52115,,,,,False,newly_computed_nested_prefix,,fa0a3e14c37bb38157d73088a3589d725f9b3228022a5797a0f25e79b611b0e0,b1651ad7e73c008ece0142a5f2b55cf0ac26b5a7f88dbbe570fd4ad7dbef359b,,,,,prespecified_run
cga-experiments-v1,C4,17,rfm,rfm_relu3,203,256,,,256,3.1872104955255054e-10,3.1872104955255054e-10,0.00014520424283273215,1.1580132332234553e-06,7.933867919579596e-07,-438.34090965269223,-438.34090965301095,121,2.8856877725761207e-08,True,L-BFGS-B: CONVERGENCE: RELATIVE REDUCTION OF F <= FACTR*EPSMCH,0.08631754200018804,CG2048x8-d1,033c5dea4503652a2ef35d4412195cc071bf6319de112f0017f4e46a25e52115,0.07764751105131655,0.07764751105131655,2.5418645995944614e-12,2.1377267497774204e-08,False,newly_computed_nested_prefix,,fa0a3e14c37bb38157d73088a3589d725f9b3228022a5797a0f25e79b611b0e0,b1651ad7e73c008ece0142a5f2b55cf0ac26b5a7f88dbbe570fd4ad7dbef359b,,,,data/raw/baseline/data/models/C4_rfm_seed203_n256.npz,prespecified_run
cga-experiments-v1,C4,17,rfm,rfm_relu3,204,8,,,8,0.12267574118845914,0.12267574118845914,0.08288302857508868,0.024003655888568492,0.010142267467219454,-438.2182339118225,-438.34090965301095,21,2.417994850429542e-09,True,L-BFGS-B: CONVERGENCE: RELATIVE REDUCTION OF F <= FACTR*EPSMCH,0.003085333000171886,CG2048x8-d1,033c5dea4503652a2ef35d4412195cc071bf6319de112f0017f4e46a25e52115,,,,,False,newly_computed_nested_prefix,,fa0a3e14c37bb38157d73088a3589d725f9b3228022a5797a0f25e79b611b0e0,b1651ad7e73c008ece0142a5f2b55cf0ac26b5a7f88dbbe570fd4ad7dbef359b,,,,,prespecified_run
cga-experiments-v1,C4,17,rfm,rfm_relu3,204,16,,,16,0.018327983757217226,0.018327983757217226,0.017965087569132718,0.009081314366230107,0.007210959492475567,-438.32258166925374,-438.34090965301095,36,4.454851014215965e-08,True,L-BFGS-B: CONVERGENCE: RELATIVE REDUCTION OF F <= FACTR*EPSMCH,0.005801041999802692,CG2048x8-d1,033c5dea4503652a2ef35d4412195cc071bf6319de112f0017f4e46a25e52115,,,,,False,newly_computed_nested_prefix,,fa0a3e14c37bb38157d73088a3589d725f9b3228022a5797a0f25e79b611b0e0,b1651ad7e73c008ece0142a5f2b55cf0ac26b5a7f88dbbe570fd4ad7dbef359b,,,,,prespecified_run
cga-experiments-v1,C4,17,rfm,rfm_relu3,204,32,,,32,7.953990132136823e-05,7.953990132136823e-05,0.004127334575157503,0.0006018116526085047,0.0001070261611974266,-438.34083011310963,-438.34090965301095,67,3.698065848576079e-08,True,L-BFGS-B: CONVERGENCE: RELATIVE REDUCTION OF F <= FACTR*EPSMCH,0.01153262499997254,CG2048x8-d1,033c5dea4503652a2ef35d4412195cc071bf6319de112f0017f4e46a25e52115,,,,,False,newly_computed_nested_prefix,,fa0a3e14c37bb38157d73088a3589d725f9b3228022a5797a0f25e79b611b0e0,b1651ad7e73c008ece0142a5f2b55cf0ac26b5a7f88dbbe570fd4ad7dbef359b,,,,,prespecified_run
cga-experiments-v1,C4,17,rfm,rfm_relu3,204,64,,,64,4.716456430742255e-06,4.716456430742255e-06,0.00024316097759648005,0.00014669155447086466,3.250683542141281e-05,-438.3409049365545,-438.34090965301095,119,4.470261162838124e-08,True,L-BFGS-B: CONVERGENCE: RELATIVE REDUCTION OF F <= FACTR*EPSMCH,0.024319083000136743,CG2048x8-d1,033c5dea4503652a2ef35d4412195cc071bf6319de112f0017f4e46a25e52115,,,,,False,newly_computed_nested_prefix,,fa0a3e14c37bb38157d73088a3589d725f9b3228022a5797a0f25e79b611b0e0,b1651ad7e73c008ece0142a5f2b55cf0ac26b5a7f88dbbe570fd4ad7dbef359b,,,,,prespecified_run
cga-experiments-v1,C4,17,rfm,rfm_relu3,204,128,,,128,1.2652708392124623e-07,1.2652708392124623e-07,0.00015415885293735074,2.402536890411701e-05,2.1777076942177634e-05,-438.34090952648387,-438.34090965301095,80,6.624018113188027e-08,True,L-BFGS-B: CONVERGENCE: RELATIVE REDUCTION OF F <= FACTR*EPSMCH,0.026510708999921917,CG2048x8-d1,033c5dea4503652a2ef35d4412195cc071bf6319de112f0017f4e46a25e52115,,,,,False,newly_computed_nested_prefix,,fa0a3e14c37bb38157d73088a3589d725f9b3228022a5797a0f25e79b611b0e0,b1651ad7e73c008ece0142a5f2b55cf0ac26b5a7f88dbbe570fd4ad7dbef359b,,,,,prespecified_run
cga-experiments-v1,C4,17,rfm,rfm_relu3,204,256,,,256,2.660272002685815e-10,2.660272002685815e-10,9.713528420600026e-05,1.1086285722052322e-06,6.113481977407254e-07,-438.3409096527449,-438.34090965301095,108,3.6502608525120564e-08,True,L-BFGS-B: CONVERGENCE: RELATIVE REDUCTION OF F <= FACTR*EPSMCH,0.08171420799999396,CG2048x8-d1,033c5dea4503652a2ef35d4412195cc071bf6319de112f0017f4e46a25e52115,0.03485254691689008,0.03485254691689008,4.209788955549309e-11,3.0898131030154626e-08,False,newly_computed_nested_prefix,,fa0a3e14c37bb38157d73088a3589d725f9b3228022a5797a0f25e79b611b0e0,b1651ad7e73c008ece0142a5f2b55cf0ac26b5a7f88dbbe570fd4ad7dbef359b,,,,data/raw/baseline/data/models/C4_rfm_seed204_n256.npz,prespecified_run
cga-experiments-v1,C4,17,rfm,rfm_relu3,205,8,,,8,0.5310703255202043,0.5310703255202043,0.16759781164239543,0.05112618910978084,0.017494637792103862,-437.80983932749075,-438.34090965301095,19,3.3732350290723403e-09,True,L-BFGS-B: CONVERGENCE: RELATIVE REDUCTION OF F <= FACTR*EPSMCH,0.0033420419999856676,CG2048x8-d1,033c5dea4503652a2ef35d4412195cc071bf6319de112f0017f4e46a25e52115,,,,,False,newly_computed_nested_prefix,,fa0a3e14c37bb38157d73088a3589d725f9b3228022a5797a0f25e79b611b0e0,b1651ad7e73c008ece0142a5f2b55cf0ac26b5a7f88dbbe570fd4ad7dbef359b,,,,,prespecified_run
cga-experiments-v1,C4,17,rfm,rfm_relu3,205,16,,,16,0.0009404183701917646,0.0009404183701917646,0.009150729597628365,0.0020711620919393603,0.0006424077487079585,-438.33996923464076,-438.34090965301095,24,6.481670412747922e-08,True,L-BFGS-B: CONVERGENCE: RELATIVE REDUCTION OF F <= FACTR*EPSMCH,0.004076582999914535,CG2048x8-d1,033c5dea4503652a2ef35d4412195cc071bf6319de112f0017f4e46a25e52115,,,,,False,newly_computed_nested_prefix,,fa0a3e14c37bb38157d73088a3589d725f9b3228022a5797a0f25e79b611b0e0,b1651ad7e73c008ece0142a5f2b55cf0ac26b5a7f88dbbe570fd4ad7dbef359b,,,,,prespecified_run
cga-experiments-v1,C4,17,rfm,rfm_relu3,205,32,,,32,7.760182370475377e-05,7.760182370475377e-05,0.0021790421529270174,0.0005955236640643205,0.00035437530558663513,-438.34083205118725,-438.34090965301095,38,3.4743882393370914e-08,True,L-BFGS-B: CONVERGENCE: RELATIVE REDUCTION OF F <= FACTR*EPSMCH,0.0062215000000378495,CG2048x8-d1,033c5dea4503652a2ef35d4412195cc071bf6319de112f0017f4e46a25e52115,,,,,False,newly_computed_nested_prefix,,fa0a3e14c37bb38157d73088a3589d725f9b3228022a5797a0f25e79b611b0e0,b1651ad7e73c008ece0142a5f2b55cf0ac26b5a7f88dbbe570fd4ad7dbef359b,,,,,prespecified_run
cga-experiments-v1,C4,17,rfm,rfm_relu3,205,64,,,64,3.314158959710767e-06,3.314158959710767e-06,0.001266548718142687,0.00012281160126762064,0.0002590085170692903,-438.340906338852,-438.34090965301095,95,1.0409561304759e-08,True,L-BFGS-B: CONVERGENCE: RELATIVE REDUCTION OF F <= FACTR*EPSMCH,0.023052333000123326,CG2048x8-d1,033c5dea4503652a2ef35d4412195cc071bf6319de112f0017f4e46a25e52115,,,,,False,newly_computed_nested_prefix,,fa0a3e14c37bb38157d73088a3589d725f9b3228022a5797a0f25e79b611b0e0,b1651ad7e73c008ece0142a5f2b55cf0ac26b5a7f88dbbe570fd4ad7dbef359b,,,,,prespecified_run
cga-experiments-v1,C4,17,rfm,rfm_relu3,205,128,,,128,4.0670897760719527e-08,4.0670897760719527e-08,0.00010373691741926527,1.3617320905274283e-05,3.4347235303607945e-06,-438.34090961234006,-438.34090965301095,105,6.6385170745756e-09,True,L-BFGS-B: CONVERGENCE: RELATIVE REDUCTION OF F <= FACTR*EPSMCH,0.035707874999843625,CG2048x8-d1,033c5dea4503652a2ef35d4412195cc071bf6319de112f0017f4e46a25e52115,,,,,False,newly_computed_nested_prefix,,fa0a3e14c37bb38157d73088a3589d725f9b3228022a5797a0f25e79b611b0e0,b1651ad7e73c008ece0142a5f2b55cf0ac26b5a7f88dbbe570fd4ad7dbef359b,,,,,prespecified_run
cga-experiments-v1,C4,17,rfm,rfm_relu3,205,256,,,256,3.708464646479115e-10,3.708464646479115e-10,0.0001037025975110913,1.25772650654874e-06,2.1311574307188523e-06,-438.3409096526401,-438.34090965301095,49,1.914005336540679e-08,True,L-BFGS-B: CONVERGENCE: RELATIVE REDUCTION OF F <= FACTR*EPSMCH,0.046480542000153946,CG2048x8-d1,033c5dea4503652a2ef35d4412195cc071bf6319de112f0017f4e46a25e52115,0.06479516892443284,0.06479516892443284,2.7471473706983192e-11,1.904212912972894e-08,False,newly_computed_nested_prefix,,fa0a3e14c37bb38157d73088a3589d725f9b3228022a5797a0f25e79b611b0e0,b1651ad7e73c008ece0142a5f2b55cf0ac26b5a7f88dbbe570fd4ad7dbef359b,,,,data/raw/baseline/data/models/C4_rfm_seed205_n256.npz,prespecified_run
cga-experiments-v1,C4,17,rfm,rfm_relu3,206,8,,,8,4.99516769134965,4.99516769134965,0.23200549996884345,0.14631226409743622,0.11409089338713835,-433.3457419616613,-438.34090965301095,21,2.0783578523353322e-10,True,L-BFGS-B: CONVERGENCE: RELATIVE REDUCTION OF F <= FACTR*EPSMCH,0.0033428330000333517,CG2048x8-d1,033c5dea4503652a2ef35d4412195cc071bf6319de112f0017f4e46a25e52115,,,,,False,newly_computed_nested_prefix,,fa0a3e14c37bb38157d73088a3589d725f9b3228022a5797a0f25e79b611b0e0,b1651ad7e73c008ece0142a5f2b55cf0ac26b5a7f88dbbe570fd4ad7dbef359b,,,,,prespecified_run
cga-experiments-v1,C4,17,rfm,rfm_relu3,206,16,,,16,0.004670090075705957,0.004670090075705957,0.008827244451197097,0.00461097915263644,0.0021511275374647694,-438.33623956293525,-438.34090965301095,44,3.2574010446213287e-09,True,L-BFGS-B: CONVERGENCE: RELATIVE REDUCTION OF F <= FACTR*EPSMCH,0.007033417000002373,CG2048x8-d1,033c5dea4503652a2ef35d4412195cc071bf6319de112f0017f4e46a25e52115,,,,,False,newly_computed_nested_prefix,,fa0a3e14c37bb38157d73088a3589d725f9b3228022a5797a0f25e79b611b0e0,b1651ad7e73c008ece0142a5f2b55cf0ac26b5a7f88dbbe570fd4ad7dbef359b,,,,,prespecified_run
cga-experiments-v1,C4,17,rfm,rfm_relu3,206,32,,,32,0.002318556700060981,0.002318556700060981,0.006702185092835761,0.0032500760707052157,0.00035234537530965423,-438.3385910963109,-438.34090965301095,50,2.8619381384107633e-09,True,L-BFGS-B: CONVERGENCE: RELATIVE REDUCTION OF F <= FACTR*EPSMCH,0.008291832999930193,CG2048x8-d1,033c5dea4503652a2ef35d4412195cc071bf6319de112f0017f4e46a25e52115,,,,,False,newly_computed_nested_prefix,,fa0a3e14c37bb38157d73088a3589d725f9b3228022a5797a0f25e79b611b0e0,b1651ad7e73c008ece0142a5f2b55cf0ac26b5a7f88dbbe570fd4ad7dbef359b,,,,,prespecified_run
cga-experiments-v1,C4,17,rfm,rfm_relu3,206,64,,,64,2.2513925159728387e-05,2.2513925159728387e-05,0.003963712330820824,0.0003188952812894409,9.350142353623761e-05,-438.3408871390858,-438.34090965301095,71,2.8969279162486412e-08,True,L-BFGS-B: CONVERGENCE: RELATIVE REDUCTION OF F <= FACTR*EPSMCH,0.014596125000025495,CG2048x8-d1,033c5dea4503652a2ef35d4412195cc071bf6319de112f0017f4e46a25e52115,,,,,False,newly_computed_nested_prefix,,fa0a3e14c37bb38157d73088a3589d725f9b3228022a5797a0f25e79b611b0e0,b1651ad7e73c008ece0142a5f2b55cf0ac26b5a7f88dbbe570fd4ad7dbef359b,,,,,prespecified_run
cga-experiments-v1,C4,17,rfm,rfm_relu3,206,128,,,128,2.164802026527468e-08,2.164802026527468e-08,7.801981229790412e-05,9.958125670602663e-06,7.763796127201037e-07,-438.34090963136293,-438.34090965301095,88,1.2717873518789293e-08,True,L-BFGS-B: CONVERGENCE: RELATIVE REDUCTION OF F <= FACTR*EPSMCH,0.02880462500002068,CG2048x8-d1,033c5dea4503652a2ef35d4412195cc071bf6319de112f0017f4e46a25e52115,,,,,False,newly_computed_nested_prefix,,fa0a3e14c37bb38157d73088a3589d725f9b3228022a5797a0f25e79b611b0e0,b1651ad7e73c008ece0142a5f2b55cf0ac26b5a7f88dbbe570fd4ad7dbef359b,,,,,prespecified_run
cga-experiments-v1,C4,17,rfm,rfm_relu3,206,256,,,256,1.6473222785862163e-10,1.6473222785862163e-10,7.833635166945792e-05,8.606387558526235e-07,3.2595554131134264e-07,-438.3409096528462,-438.34090965301095,51,8.950908395560006e-09,True,L-BFGS-B: CONVERGENCE: RELATIVE REDUCTION OF F <= FACTR*EPSMCH,0.04253625000001193,CG2048x8-d1,033c5dea4503652a2ef35d4412195cc071bf6319de112f0017f4e46a25e52115,0.016842105263157894,0.016842105263157894,2.750095681001756e-10,1.9750836857422256e-08,False,newly_computed_nested_prefix,,fa0a3e14c37bb38157d73088a3589d725f9b3228022a5797a0f25e79b611b0e0,b1651ad7e73c008ece0142a5f2b55cf0ac26b5a7f88dbbe570fd4ad7dbef359b,,,,data/raw/baseline/data/models/C4_rfm_seed206_n256.npz,prespecified_run
cga-experiments-v1,C4,17,rfm,rfm_relu3,207,8,,,8,0.1293938176362417,0.1293938176362417,0.0829343875951967,0.025526210108052595,0.010873380286479327,-438.2115158353747,-438.34090965301095,23,1.3993586763005436e-09,True,L-BFGS-B: CONVERGENCE: RELATIVE REDUCTION OF F <= FACTR*EPSMCH,0.0032267499998397398,CG2048x8-d1,033c5dea4503652a2ef35d4412195cc071bf6319de112f0017f4e46a25e52115,,,,,False,newly_computed_nested_prefix,,fa0a3e14c37bb38157d73088a3589d725f9b3228022a5797a0f25e79b611b0e0,b1651ad7e73c008ece0142a5f2b55cf0ac26b5a7f88dbbe570fd4ad7dbef359b,,,,,prespecified_run
cga-experiments-v1,C4,17,rfm,rfm_relu3,207,16,,,16,0.006123372394938542,0.006123372394938542,0.010195696585110183,0.005285762186912471,0.002911695375725262,-438.334786280616,-438.34090965301095,31,1.2504369137534224e-09,True,L-BFGS-B: CONVERGENCE: RELATIVE REDUCTION OF F <= FACTR*EPSMCH,0.004745707999973092,CG2048x8-d1,033c5dea4503652a2ef35d4412195cc071bf6319de112f0017f4e46a25e52115,,,,,False,newly_computed_nested_prefix,,fa0a3e14c37bb38157d73088a3589d725f9b3228022a5797a0f25e79b611b0e0,b1651ad7e73c008ece0142a5f2b55cf0ac26b5a7f88dbbe570fd4ad7dbef359b,,,,,prespecified_run
cga-experiments-v1,C4,17,rfm,rfm_relu3,207,32,,,32,0.0003936281235610295,0.0003936281235610295,0.0012503925359804236,0.0013400435975634583,0.00022080766764106966,-438.3405160248874,-438.34090965301095,62,2.0651150460352695e-08,True,L-BFGS-B: CONVERGENCE: RELATIVE REDUCTION OF F <= FACTR*EPSMCH,0.012469834000057745,CG2048x8-d1,033c5dea4503652a2ef35d4412195cc071bf6319de112f0017f4e46a25e52115,,,,,False,newly_computed_nested_prefix,,fa0a3e14c37bb38157d73088a3589d725f9b3228022a5797a0f25e79b611b0e0,b1651ad7e73c008ece0142a5f2b55cf0ac26b5a7f88dbbe570fd4ad7dbef359b,,,,,prespecified_run
cga-experiments-v1,C4,17,rfm,rfm_relu3,207,64,,,64,5.488781675921928e-05,5.488781675921928e-05,0.0006815507656111565,0.0005004273850026199,2.8881474043695858e-05,-438.3408547651942,-438.34090965301095,72,3.1794537357275436e-08,True,L-BFGS-B: CONVERGENCE: RELATIVE REDUCTION OF F <= FACTR*EPSMCH,0.017576375000089683,CG2048x8-d1,033c5dea4503652a2ef35d4412195cc071bf6319de112f0017f4e46a25e52115,,,,,False,newly_computed_nested_prefix,,fa0a3e14c37bb38157d73088a3589d725f9b3228022a5797a0f25e79b611b0e0,b1651ad7e73c008ece0142a5f2b55cf0ac26b5a7f88dbbe570fd4ad7dbef359b,,,,,prespecified_run
cga-experiments-v1,C4,17,rfm,rfm_relu3,207,128,,,128,4.298394742363598e-07,4.298394742363598e-07,0.00022559549672940342,4.4286136084322524e-05,1.1021049458259173e-06,-438.3409092231715,-438.34090965301095,155,1.2573689760533171e-08,True,L-BFGS-B: CONVERGENCE: RELATIVE REDUCTION OF F <= FACTR*EPSMCH,0.049112708000166094,CG2048x8-d1,033c5dea4503652a2ef35d4412195cc071bf6319de112f0017f4e46a25e52115,,,,,False,newly_computed_nested_prefix,,fa0a3e14c37bb38157d73088a3589d725f9b3228022a5797a0f25e79b611b0e0,b1651ad7e73c008ece0142a5f2b55cf0ac26b5a7f88dbbe570fd4ad7dbef359b,,,,,prespecified_run
cga-experiments-v1,C4,17,rfm,rfm_relu3,207,256,,,256,3.9608494262211025e-10,3.9608494262211025e-10,0.00021027805054345733,1.3226056867408639e-06,5.835274137045553e-07,-438.34090965261487,-438.34090965301095,46,8.623653068519225e-09,True,L-BFGS-B: CONVERGENCE: RELATIVE REDUCTION OF F <= FACTR*EPSMCH,0.03942466700004843,CG2048x8-d1,033c5dea4503652a2ef35d4412195cc071bf6319de112f0017f4e46a25e52115,0.03705908617353773,0.03705908617353773,3.6732638872247927e-10,8.529537794532133e-07,False,newly_computed_nested_prefix,,fa0a3e14c37bb38157d73088a3589d725f9b3228022a5797a0f25e79b611b0e0,b1651ad7e73c008ece0142a5f2b55cf0ac26b5a7f88dbbe570fd4ad7dbef359b,,,,data/raw/baseline/data/models/C4_rfm_seed207_n256.npz,prespecified_run
cga-experiments-v1,C4,17,rfm,rfm_relu3,208,8,,,8,0.14546026463415274,0.14546026463415274,0.07015714506102766,0.02574598092639649,0.022089768277205733,-438.1954493883768,-438.34090965301095,21,1.103434335260463e-08,True,L-BFGS-B: CONVERGENCE: RELATIVE REDUCTION OF F <= FACTR*EPSMCH,0.0030036249997920095,CG2048x8-d1,033c5dea4503652a2ef35d4412195cc071bf6319de112f0017f4e46a25e52115,,,,,False,newly_computed_nested_prefix,,fa0a3e14c37bb38157d73088a3589d725f9b3228022a5797a0f25e79b611b0e0,b1651ad7e73c008ece0142a5f2b55cf0ac26b5a7f88dbbe570fd4ad7dbef359b,,,,,prespecified_run
cga-experiments-v1,C4,17,rfm,rfm_relu3,208,16,,,16,0.012655163227123012,0.012655163227123012,0.03565127015349299,0.007827875893324817,0.008903996521937378,-438.32825448978383,-438.34090965301095,35,2.0224054975736242e-08,True,L-BFGS-B: CONVERGENCE: RELATIVE REDUCTION OF F <= FACTR*EPSMCH,0.005684500000143089,CG2048x8-d1,033c5dea4503652a2ef35d4412195cc071bf6319de112f0017f4e46a25e52115,,,,,False,newly_computed_nested_prefix,,fa0a3e14c37bb38157d73088a3589d725f9b3228022a5797a0f25e79b611b0e0,b1651ad7e73c008ece0142a5f2b55cf0ac26b5a7f88dbbe570fd4ad7dbef359b,,,,,prespecified_run
cga-experiments-v1,C4,17,rfm,rfm_relu3,208,32,,,32,0.00015351204046964995,0.00015351204046964995,0.0013759108705778801,0.0008367906188254049,0.00023029932263554038,-438.3407561409705,-438.34090965301095,58,7.701310054722597e-08,True,L-BFGS-B: CONVERGENCE: RELATIVE REDUCTION OF F <= FACTR*EPSMCH,0.009058999999979278,CG2048x8-d1,033c5dea4503652a2ef35d4412195cc071bf6319de112f0017f4e46a25e52115,,,,,False,newly_computed_nested_prefix,,fa0a3e14c37bb38157d73088a3589d725f9b3228022a5797a0f25e79b611b0e0,b1651ad7e73c008ece0142a5f2b55cf0ac26b5a7f88dbbe570fd4ad7dbef359b,,,,,prespecified_run
cga-experiments-v1,C4,17,rfm,rfm_relu3,208,64,,,64,7.588120809032262e-06,7.588120809032262e-06,0.0004950652299800659,0.00018603413959991603,2.0243174666091085e-05,-438.34090206489014,-438.34090965301095,85,1.765878553090011e-08,True,L-BFGS-B: CONVERGENCE: RELATIVE REDUCTION OF F <= FACTR*EPSMCH,0.01651179200007391,CG2048x8-d1,033c5dea4503652a2ef35d4412195cc071bf6319de112f0017f4e46a25e52115,,,,,False,newly_computed_nested_prefix,,fa0a3e14c37bb38157d73088a3589d725f9b3228022a5797a0f25e79b611b0e0,b1651ad7e73c008ece0142a5f2b55cf0ac26b5a7f88dbbe570fd4ad7dbef359b,,,,,prespecified_run
cga-experiments-v1,C4,17,rfm,rfm_relu3,208,128,,,128,3.509472890073084e-08,3.509472890073084e-08,3.5394920368117954e-05,1.2655749663895253e-05,1.5173937074790026e-06,-438.3409096179162,-438.34090965301095,108,1.5073968529256622e-08,True,L-BFGS-B: CONVERGENCE: RELATIVE REDUCTION OF F <= FACTR*EPSMCH,0.03232670800002779,CG2048x8-d1,033c5dea4503652a2ef35d4412195cc071bf6319de112f0017f4e46a25e52115,,,,,False,newly_computed_nested_prefix,,fa0a3e14c37bb38157d73088a3589d725f9b3228022a5797a0f25e79b611b0e0,b1651ad7e73c008ece0142a5f2b55cf0ac26b5a7f88dbbe570fd4ad7dbef359b,,,,,prespecified_run
cga-experiments-v1,C4,17,rfm,rfm_relu3,208,256,,,256,4.383196028356906e-10,4.383196028356906e-10,3.17277085319743e-05,1.1326768806489653e-06,2.890503431856859e-07,-438.34090965257263,-438.34090965301095,54,1.449258967188231e-08,True,L-BFGS-B: CONVERGENCE: RELATIVE REDUCTION OF F <= FACTR*EPSMCH,0.045840999999882115,CG2048x8-d1,033c5dea4503652a2ef35d4412195cc071bf6319de112f0017f4e46a25e52115,0.05040185260863642,0.05040185260863642,1.553426990766027e-10,2.6430503841679973e-07,False,newly_computed_nested_prefix,,fa0a3e14c37bb38157d73088a3589d725f9b3228022a5797a0f25e79b611b0e0,b1651ad7e73c008ece0142a5f2b55cf0ac26b5a7f88dbbe570fd4ad7dbef359b,,,,data/raw/baseline/data/models/C4_rfm_seed208_n256.npz,prespecified_run
cga-experiments-v1,C4,17,rfm,rfm_relu3,209,8,,,8,5.818024426420038,5.818024426420038,0.22016089144411224,0.16373182678578416,0.029749611832751276,-432.5228852265909,-438.34090965301095,18,3.850381562426496e-10,True,L-BFGS-B: CONVERGENCE: RELATIVE REDUCTION OF F <= FACTR*EPSMCH,0.0031854999999723077,CG2048x8-d1,033c5dea4503652a2ef35d4412195cc071bf6319de112f0017f4e46a25e52115,,,,,False,newly_computed_nested_prefix,,fa0a3e14c37bb38157d73088a3589d725f9b3228022a5797a0f25e79b611b0e0,b1651ad7e73c008ece0142a5f2b55cf0ac26b5a7f88dbbe570fd4ad7dbef359b,,,,,prespecified_run
cga-experiments-v1,C4,17,rfm,rfm_relu3,209,16,,,16,0.0020581323125838935,0.0020581323125838935,0.009443676395972746,0.0030612281091764674,0.0039858537001538595,-438.33885152069837,-438.34090965301095,27,1.7940875780227465e-09,True,L-BFGS-B: CONVERGENCE: RELATIVE REDUCTION OF F <= FACTR*EPSMCH,0.004306499999984226,CG2048x8-d1,033c5dea4503652a2ef35d4412195cc071bf6319de112f0017f4e46a25e52115,,,,,False,newly_computed_nested_prefix,,fa0a3e14c37bb38157d73088a3589d725f9b3228022a5797a0f25e79b611b0e0,b1651ad7e73c008ece0142a5f2b55cf0ac26b5a7f88dbbe570fd4ad7dbef359b,,,,,prespecified_run
cga-experiments-v1,C4,17,rfm,rfm_relu3,209,32,,,32,0.0001518672050906389,0.0001518672050906389,0.002253540715714873,0.0008324163497911022,8.151392733349953e-05,-438.34075778580586,-438.34090965301095,68,1.2105930127656789e-08,True,L-BFGS-B: CONVERGENCE: RELATIVE REDUCTION OF F <= FACTR*EPSMCH,0.011924207999982173,CG2048x8-d1,033c5dea4503652a2ef35d4412195cc071bf6319de112f0017f4e46a25e52115,,,,,False,newly_computed_nested_prefix,,fa0a3e14c37bb38157d73088a3589d725f9b3228022a5797a0f25e79b611b0e0,b1651ad7e73c008ece0142a5f2b55cf0ac26b5a7f88dbbe570fd4ad7dbef359b,,,,,prespecified_run
cga-experiments-v1,C4,17,rfm,rfm_relu3,209,64,,,64,1.624394553800812e-05,1.624394553800812e-05,0.0005352812855921092,0.00027224211486242167,1.0069444671051343e-05,-438.3408934090654,-438.34090965301095,92,4.9729765979429276e-08,True,L-BFGS-B: CONVERGENCE: RELATIVE REDUCTION OF F <= FACTR*EPSMCH,0.01969291700015674,CG2048x8-d1,033c5dea4503652a2ef35d4412195cc071bf6319de112f0017f4e46a25e52115,,,,,False,newly_computed_nested_prefix,,fa0a3e14c37bb38157d73088a3589d725f9b3228022a5797a0f25e79b611b0e0,b1651ad7e73c008ece0142a5f2b55cf0ac26b5a7f88dbbe570fd4ad7dbef359b,,,,,prespecified_run
cga-experiments-v1,C4,17,rfm,rfm_relu3,209,128,,,128,2.1868402200198034e-08,2.1868402200198034e-08,0.0004330679510884074,9.993606984638395e-06,8.852680847535764e-07,-438.34090963114255,-438.34090965301095,62,4.964139250824621e-08,True,L-BFGS-B: CONVERGENCE: RELATIVE REDUCTION OF F <= FACTR*EPSMCH,0.02192466700012119,CG2048x8-d1,033c5dea4503652a2ef35d4412195cc071bf6319de112f0017f4e46a25e52115,,,,,False,newly_computed_nested_prefix,,fa0a3e14c37bb38157d73088a3589d725f9b3228022a5797a0f25e79b611b0e0,b1651ad7e73c008ece0142a5f2b55cf0ac26b5a7f88dbbe570fd4ad7dbef359b,,,,,prespecified_run
cga-experiments-v1,C4,17,rfm,rfm_relu3,209,256,,,256,7.788685252307914e-10,7.788685252307914e-10,0.00039626503756019386,1.928984805776656e-06,1.7627337185823159e-06,-438.3409096522321,-438.34090965301095,51,2.3079102012177194e-08,True,L-BFGS-B: CONVERGENCE: RELATIVE REDUCTION OF F <= FACTR*EPSMCH,0.04530700000009347,CG2048x8-d1,033c5dea4503652a2ef35d4412195cc071bf6319de112f0017f4e46a25e52115,0.02303030303030303,0.02303030303030303,1.3405305697727047e-10,1.3453398796813025e-08,False,newly_computed_nested_prefix,,fa0a3e14c37bb38157d73088a3589d725f9b3228022a5797a0f25e79b611b0e0,b1651ad7e73c008ece0142a5f2b55cf0ac26b5a7f88dbbe570fd4ad7dbef359b,,,,data/raw/baseline/data/models/C4_rfm_seed209_n256.npz,prespecified_run
cga-experiments-v1,C4,17,rfm,rfm_relu3,210,8,,,8,0.8449998476233986,0.8449998476233986,0.07674987863281538,0.06306030052208306,0.047927934276084334,-437.49590980538756,-438.34090965301095,23,3.456796427221617e-09,True,L-BFGS-B: CONVERGENCE: RELATIVE REDUCTION OF F <= FACTR*EPSMCH,0.0034303330000966525,CG2048x8-d1,033c5dea4503652a2ef35d4412195cc071bf6319de112f0017f4e46a25e52115,,,,,False,newly_computed_nested_prefix,,fa0a3e14c37bb38157d73088a3589d725f9b3228022a5797a0f25e79b611b0e0,b1651ad7e73c008ece0142a5f2b55cf0ac26b5a7f88dbbe570fd4ad7dbef359b,,,,,prespecified_run
cga-experiments-v1,C4,17,rfm,rfm_relu3,210,16,,,16,0.0019648205458224766,0.0019648205458224766,0.004049723815539579,0.002993492449498165,0.0012082044841372531,-438.33894483246513,-438.34090965301095,33,1.1862398057427102e-08,True,L-BFGS-B: CONVERGENCE: RELATIVE REDUCTION OF F <= FACTR*EPSMCH,0.005122042000039073,CG2048x8-d1,033c5dea4503652a2ef35d4412195cc071bf6319de112f0017f4e46a25e52115,,,,,False,newly_computed_nested_prefix,,fa0a3e14c37bb38157d73088a3589d725f9b3228022a5797a0f25e79b611b0e0,b1651ad7e73c008ece0142a5f2b55cf0ac26b5a7f88dbbe570fd4ad7dbef359b,,,,,prespecified_run
cga-experiments-v1,C4,17,rfm,rfm_relu3,210,32,,,32,0.00045571626975515755,0.00045571626975515755,0.006041205544670697,0.0014418304284342562,0.00013094506080907936,-438.3404539367412,-438.34090965301095,83,2.8012095294517856e-08,True,L-BFGS-B: CONVERGENCE: RELATIVE REDUCTION OF F <= FACTR*EPSMCH,0.014139125000156127,CG2048x8-d1,033c5dea4503652a2ef35d4412195cc071bf6319de112f0017f4e46a25e52115,,,,,False,newly_computed_nested_prefix,,fa0a3e14c37bb38157d73088a3589d725f9b3228022a5797a0f25e79b611b0e0,b1651ad7e73c008ece0142a5f2b55cf0ac26b5a7f88dbbe570fd4ad7dbef359b,,,,,prespecified_run
cga-experiments-v1,C4,17,rfm,rfm_relu3,210,64,,,64,4.623652671398304e-06,4.623652671398304e-06,0.0014703624253347147,0.00014522827061623598,3.410416825303853e-05,-438.3409050293583,-438.34090965301095,133,4.904751477213206e-08,True,L-BFGS-B: CONVERGENCE: RELATIVE REDUCTION OF F <= FACTR*EPSMCH,0.03295495900010792,CG2048x8-d1,033c5dea4503652a2ef35d4412195cc071bf6319de112f0017f4e46a25e52115,,,,,False,newly_computed_nested_prefix,,fa0a3e14c37bb38157d73088a3589d725f9b3228022a5797a0f25e79b611b0e0,b1651ad7e73c008ece0142a5f2b55cf0ac26b5a7f88dbbe570fd4ad7dbef359b,,,,,prespecified_run
cga-experiments-v1,C4,17,rfm,rfm_relu3,210,128,,,128,7.978798066687887e-08,7.978798066687887e-08,2.218913905575834e-05,1.9079897109819385e-05,1.0622585868529182e-06,-438.340909573223,-438.34090965301095,169,3.665272651331297e-08,True,L-BFGS-B: CONVERGENCE: RELATIVE REDUCTION OF F <= FACTR*EPSMCH,0.057544582999980776,CG2048x8-d1,033c5dea4503652a2ef35d4412195cc071bf6319de112f0017f4e46a25e52115,,,,,False,newly_computed_nested_prefix,,fa0a3e14c37bb38157d73088a3589d725f9b3228022a5797a0f25e79b611b0e0,b1651ad7e73c008ece0142a5f2b55cf0ac26b5a7f88dbbe570fd4ad7dbef359b,,,,,prespecified_run
cga-experiments-v1,C4,17,rfm,rfm_relu3,210,256,,,256,5.845208761456888e-10,5.845208761456888e-10,1.0259846500268006e-05,1.7010224584048865e-06,2.3344343148997996e-07,-438.34090965242643,-438.34090965301095,43,8.124199088093944e-09,True,L-BFGS-B: CONVERGENCE: RELATIVE REDUCTION OF F <= FACTR*EPSMCH,0.03773087500007932,CG2048x8-d1,033c5dea4503652a2ef35d4412195cc071bf6319de112f0017f4e46a25e52115,0.05781564962433572,0.05781564962433572,1.3648731473594338e-07,6.719970875827027e-07,False,newly_computed_nested_prefix,,fa0a3e14c37bb38157d73088a3589d725f9b3228022a5797a0f25e79b611b0e0,b1651ad7e73c008ece0142a5f2b55cf0ac26b5a7f88dbbe570fd4ad7dbef359b,,,,data/raw/baseline/data/models/C4_rfm_seed210_n256.npz,prespecified_run
cga-experiments-v1,C5,08,rfm,rfm_relu3,202,8,,,8,272.502906674782,272.502906674782,0.9638114875547441,0.9077541295106718,1.211348437404162,-92.78118470272705,-365.28409137750907,16,1.7362621087545537e-09,True,L-BFGS-B: CONVERGENCE: RELATIVE REDUCTION OF F <= FACTR*EPSMCH,0.05433829200001128,CG64x3-d2,f1185716ba36107fa52ac0147b2ad9ec518cf3676f5c7e5acbb7c168445cb352,,,,,False,newly_computed_nested_prefix,,4788b09e54970c37054ead04b1ea3a8572bc3879b5309ada573515d303f3876f,b1651ad7e73c008ece0142a5f2b55cf0ac26b5a7f88dbbe570fd4ad7dbef359b,,,,,prespecified_run
cga-experiments-v1,C5,08,rfm,rfm_relu3,202,16,,,16,202.52954936910402,202.52954936910402,0.8234947194465854,0.8523302540506877,0.8926174084090235,-162.75454200840505,-365.28409137750907,18,6.733350713505314e-08,True,L-BFGS-B: CONVERGENCE: RELATIVE REDUCTION OF F <= FACTR*EPSMCH,0.056058457999824896,CG64x3-d2,f1185716ba36107fa52ac0147b2ad9ec518cf3676f5c7e5acbb7c168445cb352,,,,,False,newly_computed_nested_prefix,,4788b09e54970c37054ead04b1ea3a8572bc3879b5309ada573515d303f3876f,b1651ad7e73c008ece0142a5f2b55cf0ac26b5a7f88dbbe570fd4ad7dbef359b,,,,,prespecified_run
cga-experiments-v1,C5,08,rfm,rfm_relu3,202,32,,,32,59.60109873448789,59.60109873448789,0.4716692012354216,0.5372625106877638,0.31243039832543296,-305.6829926430212,-365.28409137750907,19,1.755074589647121e-07,True,L-BFGS-B: CONVERGENCE: RELATIVE REDUCTION OF F <= FACTR*EPSMCH,0.10140724999996564,CG64x3-d2,f1185716ba36107fa52ac0147b2ad9ec518cf3676f5c7e5acbb7c168445cb352,,,,,False,newly_computed_nested_prefix,,4788b09e54970c37054ead04b1ea3a8572bc3879b5309ada573515d303f3876f,b1651ad7e73c008ece0142a5f2b55cf0ac26b5a7f88dbbe570fd4ad7dbef359b,,,,,prespecified_run
cga-experiments-v1,C5,08,rfm,rfm_relu3,202,64,,,64,2.574438683655785,2.574438683655785,0.11028201157944427,0.11293245859124929,0.05192489551330039,-362.7096526938533,-365.28409137750907,31,1.2645354974377744e-07,True,L-BFGS-B: CONVERGENCE: RELATIVE REDUCTION OF F <= FACTR*EPSMCH,0.25066804199991566,CG64x3-d2,f1185716ba36107fa52ac0147b2ad9ec518cf3676f5c7e5acbb7c168445cb352,,,,,False,newly_computed_nested_prefix,,4788b09e54970c37054ead04b1ea3a8572bc3879b5309ada573515d303f3876f,b1651ad7e73c008ece0142a5f2b55cf0ac26b5a7f88dbbe570fd4ad7dbef359b,,,,,prespecified_run
cga-experiments-v1,C5,08,rfm,rfm_relu3,202,128,,,128,0.139316901190341,0.139316901190341,0.03077600627317682,0.026099610277851994,0.015671184258655154,-365.14477447631873,-365.28409137750907,108,5.817109875415404e-11,True,L-BFGS-B: CONVERGENCE: RELATIVE REDUCTION OF F <= FACTR*EPSMCH; Newton-CG: Warning: Desired error not necessarily achieved due to precision loss.,2.166173957999945,CG64x3-d2,f1185716ba36107fa52ac0147b2ad9ec518cf3676f5c7e5acbb7c168445cb352,,,,,False,newly_computed_nested_prefix,,4788b09e54970c37054ead04b1ea3a8572bc3879b5309ada573515d303f3876f,b1651ad7e73c008ece0142a5f2b55cf0ac26b5a7f88dbbe570fd4ad7dbef359b,,,,,prespecified_run
cga-experiments-v1,C5,08,rfm,rfm_relu3,202,256,,,256,0.02043066242799796,0.02043066242799796,0.011115240892685415,0.009951023163040125,0.003910505174002958,-365.2636607150811,-365.28409137750907,217,1.505413727597299e-07,True,L-BFGS-B: CONVERGENCE: RELATIVE REDUCTION OF F <= FACTR*EPSMCH,4.43374970900004,CG64x3-d2,f1185716ba36107fa52ac0147b2ad9ec518cf3676f5c7e5acbb7c168445cb352,,,,,False,newly_computed_nested_prefix,,4788b09e54970c37054ead04b1ea3a8572bc3879b5309ada573515d303f3876f,b1651ad7e73c008ece0142a5f2b55cf0ac26b5a7f88dbbe570fd4ad7dbef359b,,,,,prespecified_run
cga-experiments-v1,C5,08,rfm,rfm_relu3,202,512,,,512,0.002338807548994737,0.002338807548994737,0.003997149135921476,0.003383991207886423,0.0007714604243091043,-365.2817525699601,-365.28409137750907,400,1.2517271257540125e-07,True,L-BFGS-B: STOP: TOTAL NO. OF ITERATIONS REACHED LIMIT,15.70837541600008,CG64x3-d2,f1185716ba36107fa52ac0147b2ad9ec518cf3676f5c7e5acbb7c168445cb352,0.0033019957853582717,0.0033019957853582717,0.0015765800392407586,1.2386532309384643e-06,False,newly_computed_nested_prefix,,4788b09e54970c37054ead04b1ea3a8572bc3879b5309ada573515d303f3876f,b1651ad7e73c008ece0142a5f2b55cf0ac26b5a7f88dbbe570fd4ad7dbef359b,,,,data/raw/baseline/data/models/C5_rfm_seed202_n512.npz,prespecified_run
cga-experiments-v1,C5,08,rfm,rfm_relu3,203,8,,,8,312.12733325357095,312.12733325357095,1.0270749022783185,1.0061897873171635,1.1991640411883964,-53.15675812393813,-365.28409137750907,19,2.15464356915051e-09,True,L-BFGS-B: CONVERGENCE: RELATIVE REDUCTION OF F <= FACTR*EPSMCH,0.14405216600016502,CG64x3-d2,f1185716ba36107fa52ac0147b2ad9ec518cf3676f5c7e5acbb7c168445cb352,,,,,False,newly_computed_nested_prefix,,4788b09e54970c37054ead04b1ea3a8572bc3879b5309ada573515d303f3876f,b1651ad7e73c008ece0142a5f2b55cf0ac26b5a7f88dbbe570fd4ad7dbef359b,,,,,prespecified_run
cga-experiments-v1,C5,08,rfm,rfm_relu3,203,16,,,16,173.4239319378732,173.4239319378732,0.7898274271994807,0.8357885862541907,0.7497924137694436,-191.86015943963588,-365.28409137750907,20,2.8168270243100644e-08,True,L-BFGS-B: CONVERGENCE: RELATIVE REDUCTION OF F <= FACTR*EPSMCH,0.17109250000021348,CG64x3-d2,f1185716ba36107fa52ac0147b2ad9ec518cf3676f5c7e5acbb7c168445cb352,,,,,False,newly_computed_nested_prefix,,4788b09e54970c37054ead04b1ea3a8572bc3879b5309ada573515d303f3876f,b1651ad7e73c008ece0142a5f2b55cf0ac26b5a7f88dbbe570fd4ad7dbef359b,,,,,prespecified_run
cga-experiments-v1,C5,08,rfm,rfm_relu3,203,32,,,32,42.96773297413421,42.96773297413421,0.41954154819062206,0.4471764902942096,0.2975332932298626,-322.31635840337486,-365.28409137750907,21,7.555201256370083e-08,True,L-BFGS-B: CONVERGENCE: RELATIVE REDUCTION OF F <= FACTR*EPSMCH,0.2077919580001435,CG64x3-d2,f1185716ba36107fa52ac0147b2ad9ec518cf3676f5c7e5acbb7c168445cb352,,,,,False,newly_computed_nested_prefix,,4788b09e54970c37054ead04b1ea3a8572bc3879b5309ada573515d303f3876f,b1651ad7e73c008ece0142a5f2b55cf0ac26b5a7f88dbbe570fd4ad7dbef359b,,,,,prespecified_run
cga-experiments-v1,C5,08,rfm,rfm_relu3,203,64,,,64,5.281448531831302,5.281448531831302,0.13971839492417684,0.16104803614501212,0.11644553829457945,-360.00264284567777,-365.28409137750907,36,1.0178912617750371e-07,True,L-BFGS-B: CONVERGENCE: RELATIVE REDUCTION OF F <= FACTR*EPSMCH,0.5953901249999944,CG64x3-d2,f1185716ba36107fa52ac0147b2ad9ec518cf3676f5c7e5acbb7c168445cb352,,,,,False,newly_computed_nested_prefix,,4788b09e54970c37054ead04b1ea3a8572bc3879b5309ada573515d303f3876f,b1651ad7e73c008ece0142a5f2b55cf0ac26b5a7f88dbbe570fd4ad7dbef359b,,,,,prespecified_run
cga-experiments-v1,C5,08,rfm,rfm_relu3,203,128,,,128,7.515893185310688,7.515893185310688,0.16311187325618187,0.20593620643476135,0.3840828042954417,-357.7681981921984,-365.28409137750907,237,2.09645871814035,False,L-BFGS-B: CONVERGENCE: RELATIVE REDUCTION OF F <= FACTR*EPSMCH; Newton-CG: Optimization terminated successfully.,38.36753325000018,CG64x3-d2,f1185716ba36107fa52ac0147b2ad9ec518cf3676f5c7e5acbb7c168445cb352,,,,,False,newly_computed_nested_prefix,,4788b09e54970c37054ead04b1ea3a8572bc3879b5309ada573515d303f3876f,b1651ad7e73c008ece0142a5f2b55cf0ac26b5a7f88dbbe570fd4ad7dbef359b,,,,,prespecified_run
cga-experiments-v1,C5,08,rfm,rfm_relu3,203,256,,,256,114.05309543390558,114.05309543390558,0.5736062728246074,0.8483735078669272,14.825166460462968,-251.2309959436035,-365.28409137750907,197,7.533015772987548,False,L-BFGS-B: CONVERGENCE: RELATIVE REDUCTION OF F <= FACTR*EPSMCH; Newton-CG: Warning: Desired error not necessarily achieved due to precision loss.,155.2336676670002,CG64x3-d2,f1185716ba36107fa52ac0147b2ad9ec518cf3676f5c7e5acbb7c168445cb352,,,,,False,newly_computed_nested_prefix,,4788b09e54970c37054ead04b1ea3a8572bc3879b5309ada573515d303f3876f,b1651ad7e73c008ece0142a5f2b55cf0ac26b5a7f88dbbe570fd4ad7dbef359b,,,,,prespecified_run
cga-experiments-v1,C5,08,rfm,rfm_relu3,204,8,,,8,288.8911794232405,288.8911794232405,0.963561086551812,0.9459634530672049,1.1552914585378182,-76.39291195426856,-365.28409137750907,17,5.104506655115729e-09,True,L-BFGS-B: CONVERGENCE: RELATIVE REDUCTION OF F <= FACTR*EPSMCH,0.13158854100038297,CG64x3-d2,f1185716ba36107fa52ac0147b2ad9ec518cf3676f5c7e5acbb7c168445cb352,,,,,False,newly_computed_nested_prefix,,4788b09e54970c37054ead04b1ea3a8572bc3879b5309ada573515d303f3876f,b1651ad7e73c008ece0142a5f2b55cf0ac26b5a7f88dbbe570fd4ad7dbef359b,,,,,prespecified_run
cga-experiments-v1,C5,08,rfm,rfm_relu3,204,16,,,16,126.079496956306,126.079496956306,0.6373258180450192,0.7515761432947107,0.5619854646874008,-239.20459442120307,-365.28409137750907,16,1.5764071499167584e-07,True,L-BFGS-B: CONVERGENCE: RELATIVE REDUCTION OF F <= FACTR*EPSMCH,0.1519012499998098,CG64x3-d2,f1185716ba36107fa52ac0147b2ad9ec518cf3676f5c7e5acbb7c168445cb352,,,,,False,newly_computed_nested_prefix,,4788b09e54970c37054ead04b1ea3a8572bc3879b5309ada573515d303f3876f,b1651ad7e73c008ece0142a5f2b55cf0ac26b5a7f88dbbe570fd4ad7dbef359b,,,,,prespecified_run
cga-experiments-v1,C5,08,rfm,rfm_relu3,204,32,,,32,15.383035158771804,15.383035158771804,0.25973725258394703,0.27323668717266963,0.2351942107932062,-349.90105621873727,-365.28409137750907,23,2.422036982679323e-11,True,L-BFGS-B: CONVERGENCE: RELATIVE REDUCTION OF F <= FACTR*EPSMCH; Newton-CG: Optimization terminated successfully.,0.3642820000000029,CG64x3-d2,f1185716ba36107fa52ac0147b2ad9ec518cf3676f5c7e5acbb7c168445cb352,,,,,False,newly_computed_nested_prefix,,4788b09e54970c37054ead04b1ea3a8572bc3879b5309ada573515d303f3876f,b1651ad7e73c008ece0142a5f2b55cf0ac26b5a7f88dbbe570fd4ad7dbef359b,,,,,prespecified_run
cga-experiments-v1,C5,08,rfm,rfm_relu3,204,64,,,64,0.9771786986104303,0.9771786986104303,0.07050928989417675,0.0685065774886198,0.05558751391073496,-364.30691267889864,-365.28409137750907,33,4.458619919155471e-08,True,L-BFGS-B: CONVERGENCE: RELATIVE REDUCTION OF F <= FACTR*EPSMCH,0.5972098749998622,CG64x3-d2,f1185716ba36107fa52ac0147b2ad9ec518cf3676f5c7e5acbb7c168445cb352,,,,,False,newly_computed_nested_prefix,,4788b09e54970c37054ead04b1ea3a8572bc3879b5309ada573515d303f3876f,b1651ad7e73c008ece0142a5f2b55cf0ac26b5a7f88dbbe570fd4ad7dbef359b,,,,,prespecified_run
cga-experiments-v1,C5,08,rfm,rfm_relu3,204,128,,,128,0.08688899832850439,0.08688899832850439,0.024027355982992087,0.020531661111353478,0.009867959857284957,-365.19720237918057,-365.28409137750907,91,1.4371784377573543e-07,True,L-BFGS-B: CONVERGENCE: RELATIVE REDUCTION OF F <= FACTR*EPSMCH,2.3891221250000854,CG64x3-d2,f1185716ba36107fa52ac0147b2ad9ec518cf3676f5c7e5acbb7c168445cb352,,,,,False,newly_computed_nested_prefix,,4788b09e54970c37054ead04b1ea3a8572bc3879b5309ada573515d303f3876f,b1651ad7e73c008ece0142a5f2b55cf0ac26b5a7f88dbbe570fd4ad7dbef359b,,,,,prespecified_run
cga-experiments-v1,C5,08,rfm,rfm_relu3,204,256,,,256,106.11609070497747,106.11609070497747,0.5126947695510122,0.7348200596344886,4.87985472249272,-259.1680006725316,-365.28409137750907,218,6.384366251412049,False,L-BFGS-B: CONVERGENCE: RELATIVE REDUCTION OF F <= FACTR*EPSMCH; Newton-CG: Warning: Desired error not necessarily achieved due to precision loss.,71.58212220799987,CG64x3-d2,f1185716ba36107fa52ac0147b2ad9ec518cf3676f5c7e5acbb7c168445cb352,,,,,False,newly_computed_nested_prefix,,4788b09e54970c37054ead04b1ea3a8572bc3879b5309ada573515d303f3876f,b1651ad7e73c008ece0142a5f2b55cf0ac26b5a7f88dbbe570fd4ad7dbef359b,,,,,prespecified_run
cga-experiments-v1,C5,08,rfm,rfm_relu3,205,8,,,8,350.52590303722343,350.52590303722343,1.0582987777719304,1.006380286450222,1.0587060030943676,-14.758188340285635,-365.28409137750907,21,2.3933187987725858e-08,True,L-BFGS-B: CONVERGENCE: RELATIVE REDUCTION OF F <= FACTR*EPSMCH,0.13640674999987823,CG64x3-d2,f1185716ba36107fa52ac0147b2ad9ec518cf3676f5c7e5acbb7c168445cb352,,,,,False,newly_computed_nested_prefix,,4788b09e54970c37054ead04b1ea3a8572bc3879b5309ada573515d303f3876f,b1651ad7e73c008ece0142a5f2b55cf0ac26b5a7f88dbbe570fd4ad7dbef359b,,,,,prespecified_run
cga-experiments-v1,C5,08,rfm,rfm_relu3,205,16,,,16,109.55057313570529,109.55057313570529,0.6343771366757852,0.708859558753345,0.4965747359670006,-255.73351824180378,-365.28409137750907,19,2.686168280141098e-10,True,L-BFGS-B: CONVERGENCE: RELATIVE REDUCTION OF F <= FACTR*EPSMCH; Newton-CG: Warning: Desired error not necessarily achieved due to precision loss.,0.2609959159999562,CG64x3-d2,f1185716ba36107fa52ac0147b2ad9ec518cf3676f5c7e5acbb7c168445cb352,,,,,False,newly_computed_nested_prefix,,4788b09e54970c37054ead04b1ea3a8572bc3879b5309ada573515d303f3876f,b1651ad7e73c008ece0142a5f2b55cf0ac26b5a7f88dbbe570fd4ad7dbef359b,,,,,prespecified_run
cga-experiments-v1,C5,08,rfm,rfm_relu3,205,32,,,32,45.454527696479204,45.454527696479204,0.4471405714495453,0.46573110912253873,0.33667909742642077,-319.82956368102987,-365.28409137750907,20,1.023809525199478e-07,True,L-BFGS-B: CONVERGENCE: RELATIVE REDUCTION OF F <= FACTR*EPSMCH,0.21947608299979038,CG64x3-d2,f1185716ba36107fa52ac0147b2ad9ec518cf3676f5c7e5acbb7c168445cb352,,,,,False,newly_computed_nested_prefix,,4788b09e54970c37054ead04b1ea3a8572bc3879b5309ada573515d303f3876f,b1651ad7e73c008ece0142a5f2b55cf0ac26b5a7f88dbbe570fd4ad7dbef359b,,,,,prespecified_run
cga-experiments-v1,C5,08,rfm,rfm_relu3,205,64,,,64,2.4294500839466195,2.4294500839466195,0.12739069198640568,0.10999559104707907,0.05175590333863367,-362.85464129356245,-365.28409137750907,38,7.127899364128774e-09,True,L-BFGS-B: CONVERGENCE: RELATIVE REDUCTION OF F <= FACTR*EPSMCH; Newton-CG: Warning: Desired error not necessarily achieved due to precision loss.,1.7299836250003864,CG64x3-d2,f1185716ba36107fa52ac0147b2ad9ec518cf3676f5c7e5acbb7c168445cb352,,,,,False,newly_computed_nested_prefix,,4788b09e54970c37054ead04b1ea3a8572bc3879b5309ada573515d303f3876f,b1651ad7e73c008ece0142a5f2b55cf0ac26b5a7f88dbbe570fd4ad7dbef359b,,,,,prespecified_run
cga-experiments-v1,C5,08,rfm,rfm_relu3,205,128,,,128,0.37554840759889885,0.37554840759889885,0.04175238262310017,0.042973663542391405,0.017019645179283904,-364.9085429699102,-365.28409137750907,92,3.489258014588527e-11,True,L-BFGS-B: CONVERGENCE: RELATIVE REDUCTION OF F <= FACTR*EPSMCH; Newton-CG: Warning: Desired error not necessarily achieved due to precision loss.,6.196918832999927,CG64x3-d2,f1185716ba36107fa52ac0147b2ad9ec518cf3676f5c7e5acbb7c168445cb352,,,,,False,newly_computed_nested_prefix,,4788b09e54970c37054ead04b1ea3a8572bc3879b5309ada573515d303f3876f,b1651ad7e73c008ece0142a5f2b55cf0ac26b5a7f88dbbe570fd4ad7dbef359b,,,,,prespecified_run
cga-experiments-v1,C5,08,rfm,rfm_relu3,205,256,,,256,0.031034177024650944,0.031034177024650944,0.01385091949448228,0.012339258212552986,0.004378177781413137,-365.2530572004844,-365.28409137750907,157,1.1282022555806738e-07,True,L-BFGS-B: CONVERGENCE: RELATIVE REDUCTION OF F <= FACTR*EPSMCH,7.421622000000298,CG64x3-d2,f1185716ba36107fa52ac0147b2ad9ec518cf3676f5c7e5acbb7c168445cb352,,,,,False,newly_computed_nested_prefix,,4788b09e54970c37054ead04b1ea3a8572bc3879b5309ada573515d303f3876f,b1651ad7e73c008ece0142a5f2b55cf0ac26b5a7f88dbbe570fd4ad7dbef359b,,,,,prespecified_run
cga-experiments-v1,C5,08,rfm,rfm_relu3,206,8,,,8,356.54080866658717,356.54080866658717,1.0202113512127062,0.9977596142039737,1.0707424213855272,-8.743282710921914,-365.28409137750907,20,2.181732942725545e-10,True,L-BFGS-B: CONVERGENCE: RELATIVE REDUCTION OF F <= FACTR*EPSMCH,0.14175583299993377,CG64x3-d2,f1185716ba36107fa52ac0147b2ad9ec518cf3676f5c7e5acbb7c168445cb352,,,,,False,newly_computed_nested_prefix,,4788b09e54970c37054ead04b1ea3a8572bc3879b5309ada573515d303f3876f,b1651ad7e73c008ece0142a5f2b55cf0ac26b5a7f88dbbe570fd4ad7dbef359b,,,,,prespecified_run
cga-experiments-v1,C5,08,rfm,rfm_relu3,206,16,,,16,192.2475524465067,192.2475524465067,0.7775390099893047,0.8483076105848993,0.8649767779445031,-173.03653893100238,-365.28409137750907,20,3.441919152773095e-08,True,L-BFGS-B: CONVERGENCE: RELATIVE REDUCTION OF F <= FACTR*EPSMCH,0.1790189170001213,CG64x3-d2,f1185716ba36107fa52ac0147b2ad9ec518cf3676f5c7e5acbb7c168445cb352,,,,,False,newly_computed_nested_prefix,,4788b09e54970c37054ead04b1ea3a8572bc3879b5309ada573515d303f3876f,b1651ad7e73c008ece0142a5f2b55cf0ac26b5a7f88dbbe570fd4ad7dbef359b,,,,,prespecified_run
cga-experiments-v1,C5,08,rfm,rfm_relu3,206,32,,,32,25.71705419869147,25.71705419869147,0.33702625876302555,0.35016917846368967,0.2286538483052775,-339.5670371788176,-365.28409137750907,19,1.973098568430588e-07,True,L-BFGS-B: CONVERGENCE: RELATIVE REDUCTION OF F <= FACTR*EPSMCH,0.19297474999984843,CG64x3-d2,f1185716ba36107fa52ac0147b2ad9ec518cf3676f5c7e5acbb7c168445cb352,,,,,False,newly_computed_nested_prefix,,4788b09e54970c37054ead04b1ea3a8572bc3879b5309ada573515d303f3876f,b1651ad7e73c008ece0142a5f2b55cf0ac26b5a7f88dbbe570fd4ad7dbef359b,,,,,prespecified_run
cga-experiments-v1,C5,08,rfm,rfm_relu3,206,64,,,64,1.0042890236460948,1.0042890236460948,0.06760693068135941,0.07085634860353664,0.03471947362982188,-364.279802353863,-365.28409137750907,32,8.667360299291259e-08,True,L-BFGS-B: CONVERGENCE: RELATIVE REDUCTION OF F <= FACTR*EPSMCH,0.5820917089999966,CG64x3-d2,f1185716ba36107fa52ac0147b2ad9ec518cf3676f5c7e5acbb7c168445cb352,,,,,False,newly_computed_nested_prefix,,4788b09e54970c37054ead04b1ea3a8572bc3879b5309ada573515d303f3876f,b1651ad7e73c008ece0142a5f2b55cf0ac26b5a7f88dbbe570fd4ad7dbef359b,,,,,prespecified_run
cga-experiments-v1,C5,08,rfm,rfm_relu3,206,128,,,128,0.12087623855762786,0.12087623855762786,0.025250177147942605,0.024257141113426188,0.007596028642498156,-365.16321513895144,-365.28409137750907,85,1.8762551724608603e-07,True,L-BFGS-B: CONVERGENCE: RELATIVE REDUCTION OF F <= FACTR*EPSMCH,2.2873324590000266,CG64x3-d2,f1185716ba36107fa52ac0147b2ad9ec518cf3676f5c7e5acbb7c168445cb352,,,,,False,newly_computed_nested_prefix,,4788b09e54970c37054ead04b1ea3a8572bc3879b5309ada573515d303f3876f,b1651ad7e73c008ece0142a5f2b55cf0ac26b5a7f88dbbe570fd4ad7dbef359b,,,,,prespecified_run
cga-experiments-v1,C5,08,rfm,rfm_relu3,206,256,,,256,0.01458370248508345,0.01458370248508345,0.01011560668610278,0.008450456360920271,0.0021109075818278376,-365.269507675024,-365.28409137750907,90,7.598808124116583e-08,True,L-BFGS-B: CONVERGENCE: RELATIVE REDUCTION OF F <= FACTR*EPSMCH,4.773532917000011,CG64x3-d2,f1185716ba36107fa52ac0147b2ad9ec518cf3676f5c7e5acbb7c168445cb352,,,,,False,newly_computed_nested_prefix,,4788b09e54970c37054ead04b1ea3a8572bc3879b5309ada573515d303f3876f,b1651ad7e73c008ece0142a5f2b55cf0ac26b5a7f88dbbe570fd4ad7dbef359b,,,,,prespecified_run
cga-experiments-v1,C5,08,rfm,rfm_relu3,206,512,,,512,0.0012701808109341073,0.0012701808109341073,0.0028385947458875816,0.0025199562563561367,0.000395925530177361,-365.28282119669814,-365.28409137750907,254,7.580386987728608e-08,True,L-BFGS-B: CONVERGENCE: RELATIVE REDUCTION OF F <= FACTR*EPSMCH,26.01830883399998,CG64x3-d2,f1185716ba36107fa52ac0147b2ad9ec518cf3676f5c7e5acbb7c168445cb352,0.8030559970838593,0.00951577150914355,0.8030559970838593,0.0048637286527275884,False,newly_computed_nested_prefix,,4788b09e54970c37054ead04b1ea3a8572bc3879b5309ada573515d303f3876f,b1651ad7e73c008ece0142a5f2b55cf0ac26b5a7f88dbbe570fd4ad7dbef359b,,,,data/raw/baseline/data/models/C5_rfm_seed206_n512.npz,prespecified_run
cga-experiments-v1,C5,08,rfm,rfm_relu3,207,8,,,8,283.5572764270412,283.5572764270412,0.9913007296554175,0.9760374707827455,1.1170686444690636,-81.72681495046785,-365.28409137750907,19,7.720893041279849e-09,True,L-BFGS-B: CONVERGENCE: RELATIVE REDUCTION OF F <= FACTR*EPSMCH,0.19574516600005154,CG64x3-d2,f1185716ba36107fa52ac0147b2ad9ec518cf3676f5c7e5acbb7c168445cb352,,,,,False,newly_computed_nested_prefix,,4788b09e54970c37054ead04b1ea3a8572bc3879b5309ada573515d303f3876f,b1651ad7e73c008ece0142a5f2b55cf0ac26b5a7f88dbbe570fd4ad7dbef359b,,,,,prespecified_run
cga-experiments-v1,C5,08,rfm,rfm_relu3,207,16,,,16,231.85549688150132,231.85549688150132,0.8791207470200526,0.9366759019483613,0.9481864619036869,-133.42859449600775,-365.28409137750907,19,1.9004544669636594e-08,True,L-BFGS-B: CONVERGENCE: RELATIVE REDUCTION OF F <= FACTR*EPSMCH,0.19154729199999565,CG64x3-d2,f1185716ba36107fa52ac0147b2ad9ec518cf3676f5c7e5acbb7c168445cb352,,,,,False,newly_computed_nested_prefix,,4788b09e54970c37054ead04b1ea3a8572bc3879b5309ada573515d303f3876f,b1651ad7e73c008ece0142a5f2b55cf0ac26b5a7f88dbbe570fd4ad7dbef359b,,,,,prespecified_run
cga-experiments-v1,C5,08,rfm,rfm_relu3,207,32,,,32,89.42474294768061,89.42474294768061,0.5323281776740922,0.6227446571280221,0.4288127852780689,-275.85934842982846,-365.28409137750907,24,1.1713346715943757e-07,True,L-BFGS-B: CONVERGENCE: RELATIVE REDUCTION OF F <= FACTR*EPSMCH,0.29803208300018014,CG64x3-d2,f1185716ba36107fa52ac0147b2ad9ec518cf3676f5c7e5acbb7c168445cb352,,,,,False,newly_computed_nested_prefix,,4788b09e54970c37054ead04b1ea3a8572bc3879b5309ada573515d303f3876f,b1651ad7e73c008ece0142a5f2b55cf0ac26b5a7f88dbbe570fd4ad7dbef359b,,,,,prespecified_run
cga-experiments-v1,C5,08,rfm,rfm_relu3,207,64,,,64,3.068428093869443,3.068428093869443,0.12045569317791763,0.12199557236046331,0.12338530720604025,-362.2156632836396,-365.28409137750907,55,6.777039615169817e-08,True,L-BFGS-B: CONVERGENCE: RELATIVE REDUCTION OF F <= FACTR*EPSMCH,0.9690922079998927,CG64x3-d2,f1185716ba36107fa52ac0147b2ad9ec518cf3676f5c7e5acbb7c168445cb352,,,,,False,newly_computed_nested_prefix,,4788b09e54970c37054ead04b1ea3a8572bc3879b5309ada573515d303f3876f,b1651ad7e73c008ece0142a5f2b55cf0ac26b5a7f88dbbe570fd4ad7dbef359b,,,,,prespecified_run
cga-experiments-v1,C5,08,rfm,rfm_relu3,207,128,,,128,2.496745046275805,2.496745046275805,0.08289435579932009,0.08814371062764986,0.8048789380348131,-362.78734633123327,-365.28409137750907,181,0.3661089822565424,False,L-BFGS-B: CONVERGENCE: RELATIVE REDUCTION OF F <= FACTR*EPSMCH; Newton-CG: Warning: Desired error not necessarily achieved due to precision loss.,58.02108124999995,CG64x3-d2,f1185716ba36107fa52ac0147b2ad9ec518cf3676f5c7e5acbb7c168445cb352,,,,,False,newly_computed_nested_prefix,,4788b09e54970c37054ead04b1ea3a8572bc3879b5309ada573515d303f3876f,b1651ad7e73c008ece0142a5f2b55cf0ac26b5a7f88dbbe570fd4ad7dbef359b,,,,,prespecified_run
cga-experiments-v1,C5,08,rfm,rfm_relu3,207,256,,,256,258.2113724067517,258.2113724067517,0.800128492213795,1.21144901663922,8.546876623807266,-107.07271897075734,-365.28409137750907,430,11.245890994246759,False,L-BFGS-B: CONVERGENCE: RELATIVE REDUCTION OF F <= FACTR*EPSMCH; Newton-CG: Warning: Desired error not necessarily achieved due to precision loss.,410.0786867080001,CG64x3-d2,f1185716ba36107fa52ac0147b2ad9ec518cf3676f5c7e5acbb7c168445cb352,,,,,False,newly_computed_nested_prefix,,4788b09e54970c37054ead04b1ea3a8572bc3879b5309ada573515d303f3876f,b1651ad7e73c008ece0142a5f2b55cf0ac26b5a7f88dbbe570fd4ad7dbef359b,,,,,prespecified_run
cga-experiments-v1,C5,08,rfm,rfm_relu3,208,8,,,8,299.92380165669596,299.92380165669596,1.0146381731628087,0.946598773908166,1.481917801253983,-65.3602897208131,-365.28409137750907,17,3.3014602967533392e-09,True,L-BFGS-B: CONVERGENCE: RELATIVE REDUCTION OF F <= FACTR*EPSMCH,0.056753000000298925,CG64x3-d2,f1185716ba36107fa52ac0147b2ad9ec518cf3676f5c7e5acbb7c168445cb352,,,,,False,newly_computed_nested_prefix,,4788b09e54970c37054ead04b1ea3a8572bc3879b5309ada573515d303f3876f,3a389181f596806d9fd75de4a7e16fe3294415f902dd2d0d74a86d025f4ede14,,,,,prespecified_run
cga-experiments-v1,C5,08,rfm,rfm_relu3,208,16,,,16,212.73554505171373,212.73554505171373,0.8109425225166996,0.8802521279870317,0.8974792159245705,-152.54854632579534,-365.28409137750907,23,1.8136610022327815e-07,True,L-BFGS-B: CONVERGENCE: RELATIVE REDUCTION OF F <= FACTR*EPSMCH,0.08562079100011033,CG64x3-d2,f1185716ba36107fa52ac0147b2ad9ec518cf3676f5c7e5acbb7c168445cb352,,,,,False,newly_computed_nested_prefix,,4788b09e54970c37054ead04b1ea3a8572bc3879b5309ada573515d303f3876f,3a389181f596806d9fd75de4a7e16fe3294415f902dd2d0d74a86d025f4ede14,,,,,prespecified_run
cga-experiments-v1,C5,08,rfm,rfm_relu3,208,32,,,32,69.8664282746845,69.8664282746845,0.4989597442931519,0.557379121550457,0.3816453662915523,-295.4176631028246,-365.28409137750907,29,2.0706731562554779e-10,True,L-BFGS-B: CONVERGENCE: RELATIVE REDUCTION OF F <= FACTR*EPSMCH; Newton-CG: Warning: Desired error not necessarily achieved due to precision loss.,0.25694254200016076,CG64x3-d2,f1185716ba36107fa52ac0147b2ad9ec518cf3676f5c7e5acbb7c168445cb352,,,,,False,newly_computed_nested_prefix,,4788b09e54970c37054ead04b1ea3a8572bc3879b5309ada573515d303f3876f,3a389181f596806d9fd75de4a7e16fe3294415f902dd2d0d74a86d025f4ede14,,,,,prespecified_run
cga-experiments-v1,C5,08,rfm,rfm_relu3,208,64,,,64,10.257442614573506,10.257442614573506,0.21022054885653657,0.22251355884319685,0.11212648758656175,-355.02664876293557,-365.28409137750907,49,7.65465830216653e-08,True,L-BFGS-B: CONVERGENCE: RELATIVE REDUCTION OF F <= FACTR*EPSMCH,0.5918431250001959,CG64x3-d2,f1185716ba36107fa52ac0147b2ad9ec518cf3676f5c7e5acbb7c168445cb352,,,,,False,newly_computed_nested_prefix,,4788b09e54970c37054ead04b1ea3a8572bc3879b5309ada573515d303f3876f,3a389181f596806d9fd75de4a7e16fe3294415f902dd2d0d74a86d025f4ede14,,,,,prespecified_run
cga-experiments-v1,C5,08,rfm,rfm_relu3,208,128,,,128,59.5067433753772,59.5067433753772,0.40059722518035035,0.6127671081959493,1.4282721838480388,-305.7773480021319,-365.28409137750907,77,8.055875612843582,False,L-BFGS-B: CONVERGENCE: RELATIVE REDUCTION OF F <= FACTR*EPSMCH; Newton-CG: Warning: Desired error not necessarily achieved due to precision loss.,20.766694375000043,CG64x3-d2,f1185716ba36107fa52ac0147b2ad9ec518cf3676f5c7e5acbb7c168445cb352,,,,,False,newly_computed_nested_prefix,,4788b09e54970c37054ead04b1ea3a8572bc3879b5309ada573515d303f3876f,3a389181f596806d9fd75de4a7e16fe3294415f902dd2d0d74a86d025f4ede14,,,,,prespecified_run
cga-experiments-v1,C5,08,rfm,rfm_relu3,208,256,,,256,1004.8053289429532,1004.8053289429532,1.4738939759651837,2.657588258046899,13.625185578224292,639.5212375654442,-365.28409137750907,113,34.387909662213204,False,L-BFGS-B: CONVERGENCE: RELATIVE REDUCTION OF F <= FACTR*EPSMCH; Newton-CG: Warning: Desired error not necessarily achieved due to precision loss.,70.40538433399979,CG64x3-d2,f1185716ba36107fa52ac0147b2ad9ec518cf3676f5c7e5acbb7c168445cb352,0.008736399566339302,0.008736399566339302,0.0021117966936222876,0.003463348807611683,False,newly_computed_nested_prefix,,4788b09e54970c37054ead04b1ea3a8572bc3879b5309ada573515d303f3876f,3a389181f596806d9fd75de4a7e16fe3294415f902dd2d0d74a86d025f4ede14,,,,data/raw/baseline/data/models/C5_rfm_seed208_n256.npz,prespecified_run
cga-experiments-v1,C5,08,rfm,rfm_relu3,209,8,,,8,335.0374221221717,335.0374221221717,1.0155324658327178,0.9866256890960557,1.221951472731501,-30.246669255337387,-365.28409137750907,17,5.829796768262884e-09,True,L-BFGS-B: CONVERGENCE: RELATIVE REDUCTION OF F <= FACTR*EPSMCH,0.054932583999743656,CG64x3-d2,f1185716ba36107fa52ac0147b2ad9ec518cf3676f5c7e5acbb7c168445cb352,,,,,False,newly_computed_nested_prefix,,4788b09e54970c37054ead04b1ea3a8572bc3879b5309ada573515d303f3876f,3a389181f596806d9fd75de4a7e16fe3294415f902dd2d0d74a86d025f4ede14,,,,,prespecified_run
cga-experiments-v1,C5,08,rfm,rfm_relu3,209,16,,,16,184.0808826840991,184.0808826840991,0.8042553852205173,0.8251020927282071,0.9362250628026413,-181.20320869340998,-365.28409137750907,20,2.010296485726336e-08,True,L-BFGS-B: CONVERGENCE: RELATIVE REDUCTION OF F <= FACTR*EPSMCH,0.08008454200034976,CG64x3-d2,f1185716ba36107fa52ac0147b2ad9ec518cf3676f5c7e5acbb7c168445cb352,,,,,False,newly_computed_nested_prefix,,4788b09e54970c37054ead04b1ea3a8572bc3879b5309ada573515d303f3876f,3a389181f596806d9fd75de4a7e16fe3294415f902dd2d0d74a86d025f4ede14,,,,,prespecified_run
cga-experiments-v1,C5,08,rfm,rfm_relu3,209,32,,,32,34.23142920322749,34.23142920322749,0.38877921689669864,0.40998504681775416,0.2787438416371118,-331.0526621742816,-365.28409137750907,20,1.2529987627489924e-07,True,L-BFGS-B: CONVERGENCE: RELATIVE REDUCTION OF F <= FACTR*EPSMCH,0.1423979579999468,CG64x3-d2,f1185716ba36107fa52ac0147b2ad9ec518cf3676f5c7e5acbb7c168445cb352,,,,,False,newly_computed_nested_prefix,,4788b09e54970c37054ead04b1ea3a8572bc3879b5309ada573515d303f3876f,3a389181f596806d9fd75de4a7e16fe3294415f902dd2d0d74a86d025f4ede14,,,,,prespecified_run
cga-experiments-v1,C5,08,rfm,rfm_relu3,209,64,,,64,2.927836956277531,2.927836956277531,0.12474439357892433,0.12004086728822903,0.10358661097710152,-362.35625442123154,-365.28409137750907,34,2.092228755550403e-09,True,L-BFGS-B: CONVERGENCE: RELATIVE REDUCTION OF F <= FACTR*EPSMCH; Newton-CG: Warning: Desired error not necessarily achieved due to precision loss.,1.0583332500000324,CG64x3-d2,f1185716ba36107fa52ac0147b2ad9ec518cf3676f5c7e5acbb7c168445cb352,,,,,False,newly_computed_nested_prefix,,4788b09e54970c37054ead04b1ea3a8572bc3879b5309ada573515d303f3876f,3a389181f596806d9fd75de4a7e16fe3294415f902dd2d0d74a86d025f4ede14,,,,,prespecified_run
cga-experiments-v1,C5,08,rfm,rfm_relu3,209,128,,,128,0.2055790207772361,0.2055790207772361,0.03556061834564806,0.03179658410085353,0.013057452845136121,-365.07851235673184,-365.28409137750907,91,2.589709315131479e-09,True,L-BFGS-B: CONVERGENCE: RELATIVE REDUCTION OF F <= FACTR*EPSMCH; Newton-CG: Optimization terminated successfully.,19.588513249999778,CG64x3-d2,f1185716ba36107fa52ac0147b2ad9ec518cf3676f5c7e5acbb7c168445cb352,,,,,False,newly_computed_nested_prefix,,4788b09e54970c37054ead04b1ea3a8572bc3879b5309ada573515d303f3876f,3a389181f596806d9fd75de4a7e16fe3294415f902dd2d0d74a86d025f4ede14,,,,,prespecified_run
cga-experiments-v1,C5,08,rfm,rfm_relu3,209,256,,,256,439.9853457444566,439.9853457444566,0.9743576146702687,1.6853796882162768,10.988921975647731,74.7012543669475,-365.28409137750907,419,28.77570174800667,False,L-BFGS-B: STOP: TOTAL NO. OF ITERATIONS REACHED LIMIT; Newton-CG: Warning: Desired error not necessarily achieved due to precision loss.,105.18608233399982,CG64x3-d2,f1185716ba36107fa52ac0147b2ad9ec518cf3676f5c7e5acbb7c168445cb352,1.0,1.0,0.9999973522046405,0.9999999999889866,False,newly_computed_nested_prefix,,4788b09e54970c37054ead04b1ea3a8572bc3879b5309ada573515d303f3876f,3a389181f596806d9fd75de4a7e16fe3294415f902dd2d0d74a86d025f4ede14,,,,data/raw/baseline/data/models/C5_rfm_seed209_n256.npz,prespecified_run
cga-experiments-v1,C5,08,rfm,rfm_relu3,210,8,,,8,323.14894662348274,323.14894662348274,1.051445762317841,1.009882858793817,1.1804429175582283,-42.13514475402634,-365.28409137750907,18,1.2484092228066167e-09,True,L-BFGS-B: CONVERGENCE: RELATIVE REDUCTION OF F <= FACTR*EPSMCH,0.05825095899990629,CG64x3-d2,f1185716ba36107fa52ac0147b2ad9ec518cf3676f5c7e5acbb7c168445cb352,,,,,False,newly_computed_nested_prefix,,4788b09e54970c37054ead04b1ea3a8572bc3879b5309ada573515d303f3876f,3a389181f596806d9fd75de4a7e16fe3294415f902dd2d0d74a86d025f4ede14,,,,,prespecified_run
cga-experiments-v1,C5,08,rfm,rfm_relu3,210,16,,,16,218.0093269079738,218.0093269079738,0.9018396265422831,0.9112809914071108,0.8570781831342189,-147.27476446953528,-365.28409137750907,18,2.4257875524989923e-08,True,L-BFGS-B: CONVERGENCE: RELATIVE REDUCTION OF F <= FACTR*EPSMCH,0.07717512499993973,CG64x3-d2,f1185716ba36107fa52ac0147b2ad9ec518cf3676f5c7e5acbb7c168445cb352,,,,,False,newly_computed_nested_prefix,,4788b09e54970c37054ead04b1ea3a8572bc3879b5309ada573515d303f3876f,3a389181f596806d9fd75de4a7e16fe3294415f902dd2d0d74a86d025f4ede14,,,,,prespecified_run
cga-experiments-v1,C5,08,rfm,rfm_relu3,210,32,,,32,44.21398543428268,44.21398543428268,0.43846849217462897,0.4659945973474037,0.3036811329914683,-321.0701059432264,-365.28409137750907,22,1.1775402536558982e-07,True,L-BFGS-B: CONVERGENCE: RELATIVE REDUCTION OF F <= FACTR*EPSMCH,0.14334799999960524,CG64x3-d2,f1185716ba36107fa52ac0147b2ad9ec518cf3676f5c7e5acbb7c168445cb352,,,,,False,newly_computed_nested_prefix,,4788b09e54970c37054ead04b1ea3a8572bc3879b5309ada573515d303f3876f,3a389181f596806d9fd75de4a7e16fe3294415f902dd2d0d74a86d025f4ede14,,,,,prespecified_run
cga-experiments-v1,C5,08,rfm,rfm_relu3,210,64,,,64,5.421966224249104,5.421966224249104,0.17466136460324527,0.16495671943351456,0.07609844216986526,-359.86212515325997,-365.28409137750907,46,1.9384208847480538e-07,True,L-BFGS-B: CONVERGENCE: RELATIVE REDUCTION OF F <= FACTR*EPSMCH,0.5501743750000969,CG64x3-d2,f1185716ba36107fa52ac0147b2ad9ec518cf3676f5c7e5acbb7c168445cb352,,,,,False,newly_computed_nested_prefix,,4788b09e54970c37054ead04b1ea3a8572bc3879b5309ada573515d303f3876f,3a389181f596806d9fd75de4a7e16fe3294415f902dd2d0d74a86d025f4ede14,,,,,prespecified_run
cga-experiments-v1,C5,08,rfm,rfm_relu3,210,128,,,128,0.16467016031072035,0.16467016031072035,0.035804868530585954,0.02825637243107325,0.011232893063008459,-365.11942121719835,-365.28409137750907,112,6.503379152344853e-11,True,L-BFGS-B: CONVERGENCE: RELATIVE REDUCTION OF F <= FACTR*EPSMCH; Newton-CG: Warning: Desired error not necessarily achieved due to precision loss.,5.4189976249999745,CG64x3-d2,f1185716ba36107fa52ac0147b2ad9ec518cf3676f5c7e5acbb7c168445cb352,,,,,False,newly_computed_nested_prefix,,4788b09e54970c37054ead04b1ea3a8572bc3879b5309ada573515d303f3876f,3a389181f596806d9fd75de4a7e16fe3294415f902dd2d0d74a86d025f4ede14,,,,,prespecified_run
cga-experiments-v1,C5,08,rfm,rfm_relu3,210,256,,,256,140.99057754532058,140.99057754532058,0.6463345958180876,0.885550127785053,6.338107915437765,-224.2935138321885,-365.28409137750907,419,8.28513806955465,False,L-BFGS-B: STOP: TOTAL NO. OF ITERATIONS REACHED LIMIT; Newton-CG: Warning: Desired error not necessarily achieved due to precision loss.,103.61658404199989,CG64x3-d2,f1185716ba36107fa52ac0147b2ad9ec518cf3676f5c7e5acbb7c168445cb352,0.011374439500018473,0.011374439500018473,0.003351262600646767,0.005818408685871687,False,newly_computed_nested_prefix,,4788b09e54970c37054ead04b1ea3a8572bc3879b5309ada573515d303f3876f,3a389181f596806d9fd75de4a7e16fe3294415f902dd2d0d74a86d025f4ede14,,,,data/raw/baseline/data/models/C5_rfm_seed210_n256.npz,prespecified_run
