attempted_iteration,nominal_selected_count,accepted_atom_count,effective_rank,raw_winner_pool_index,nominal_pool_index,accepted_pool_index,candidate_score_rank,signed_score,dual_score_abs,atom_scale,innovation_abs,innovation_rel,rejected_candidate_count,oracle_pool_index,oracle_score,oracle_ratio,raw_oracle_pool_index,raw_oracle_score,raw_oracle_ratio,admissible_oracle_pool_index,admissible_oracle_score,admissible_oracle_ratio,coverage_warning,coverage_warning_streak,remaining_candidate_count,train_energy,validation_energy,accepted,rollback,acceptance_reason,method_chain,optimizer_success,projected_residual_abs,projected_residual_rel,projected_residual_target,energy_decrease,condition_estimate,zero_mean_residual,compatibility_residual,train_validation_gap,train_energy_drop,validation_energy_drop,train_validation_drop_gap,energy_drop_scale,energy_drop_gap_limit,quadrature_warning,quadrature_warning_streak,quadrature_warning_reason,trusted,elapsed_selection_s,elapsed_projection_s,energy_gap_raw,energy_gap_status,l2_abs,l2_rel,natural_abs,natural_rel,w1p_full_abs,w1p_full_rel,quasi_abs,quasi_rel,elapsed_total_s
1,1,1,1,659,659,659,1,12.551546179459692,12.551546179459692,0.2135739556505715,0.5920564158683801,1.0,0,4233,12.54874251076862,1.000223422282246,4233,12.54874251076862,1.0002234222822453,4233,12.54874251076862,1.000223422282246,False,0,4073,-17.367949367296955,-17.367946202253467,True,False,accepted,L-BFGS-B,True,3.6963160212621915e-06,1.7435522159386815e-07,2.120091582398462e-05,17.367949367296955,1.0,0.041511281651558235,-1.260025883544763e-15,3.165043487740604e-06,17.367949367296955,17.367946202253467,3.165043487740604e-06,17.367949367296955,0.3473589874459391,False,0,none,True,10.772837199969217,0.05146650003734976,348.02155536095205,ok,0.49584753930220127,0.9916950785329893,4.487258042393628,0.9806029995337298,4.487258042393628,0.9806029995337298,21.821298277448488,0.9886285549002468,45.6885066999821
2,2,2,2,807,807,807,1,12.537952734223934,12.537952734223934,0.21570206376605694,0.5931385799729865,1.0,0,4233,12.54874251076862,0.9991401706955556,4233,12.54874251076862,0.9991401706955525,4233,12.54874251076862,0.9991401706955556,False,0,4072,-34.71718639131407,-34.71718314844231,True,False,accepted,L-BFGS-B,True,3.586700731998395e-06,1.6967766780285693e-07,2.113931937014639e-05,17.349237024017118,1.0018278057218908,0.08342466301200245,-1.260025883544763e-15,3.2428717631205473e-06,17.349237024017118,17.349236946188842,7.782827537994308e-08,17.349237024017118,0.34698474058034234,False,0,none,True,10.783964900008868,0.06989629997406155,330.6723184147632,ok,0.4919341325040534,0.9838682649372571,4.393712614659078,0.9601604651034537,4.393712614659078,0.9601604651034537,21.565062333789466,0.9770196136048098,56.63356859999476
3,3,3,3,2681,2681,2681,1,12.524824459505094,12.524824459505094,0.20525308840397916,0.5870412744819914,0.9999999939442142,0,4023,12.536682927822925,0.9990540984097546,4023,12.536682927822925,0.9990540984097541,4023,12.536682927822925,0.9990540984097546,False,0,4071,-52.04049042801212,-52.040484476982,True,False,accepted,L-BFGS-B,True,4.221969511120787e-06,1.978846386729702e-07,2.133650910992204e-05,17.323304036698048,1.0103865022035723,0.12328718391297473,-1.260025883544763e-15,5.951030118467315e-06,17.323304036698048,17.323301328539692,2.708158355346768e-06,17.323304036698048,0.34646608083396097,False,0,none,True,10.75746930000605,0.07644580001942813,313.3490170862235,ok,0.486809932466961,0.9736198648638105,4.2896013025396975,0.9374089620730643,4.2896013025396975,0.9374089620730643,21.32692901313477,0.9662308237867561,67.5428161000018
4,4,4,4,2795,2795,2795,1,12.506332935211098,12.506332935211098,0.23123542217211668,0.6018652405958457,0.9999999386729601,0,4023,12.536682939608877,0.997579104094442,4023,12.536682939608877,0.9975791040944393,4023,12.536682939608877,0.997579104094442,False,0,4070,-69.3178001603499,-69.317796251936,True,False,accepted,L-BFGS-B,True,2.8736038706298806e-06,1.3829171939795124e-07,2.0780290930361027e-05,17.277309732337784,1.0252519997455631,0.16815603780930943,-1.260025883544763e-15,3.908413901854146e-06,17.277309732337784,17.277311774954,-2.042616216613169e-06,17.277311774954,0.34554623559908004,False,0,none,True,10.829827700043097,0.07832029997371137,296.0717053112695,ok,0.4850044326809619,0.9700088652920722,4.1865137737327665,0.914881186980221,4.1865137737327665,0.914881186980221,21.05910235394288,0.9540967573497339,78.53790739999386
5,5,5,5,330,330,330,1,-11.110719488280585,11.110719488280585,1.3303952227327065,0.5151671542790396,0.5917845217732829,0,8139,11.11809649390398,0.9993364866344306,8139,11.11809649390398,0.9993364866344282,8139,11.11809649390398,0.9993364866344306,False,0,4069,-100.56398916567206,-100.56399255464267,True,False,accepted,L-BFGS-B,True,6.947305699322784e-07,3.221235456652432e-08,2.1568208584443416e-05,31.24618900532215,1.1682911761681263,-0.3202447964691315,-1.260025883544763e-15,-3.3889706116951857e-06,31.24618900532215,31.246196302706664,-7.297384513549332e-06,31.246196302706664,0.6249239261541333,False,0,none,True,10.777934800018556,0.08398830000078306,264.82550900856285,ok,0.7295004728080311,1.4590009455109976,4.197246436702085,0.9172266017973025,4.197246436702085,0.9172266017973025,20.288635710492873,0.9191902492846286,89.47744380001677
6,6,6,6,3943,3943,3943,1,-16.137497145453363,16.137497145453363,2.5598748925119748,0.6655309605271921,0.6716922406208066,0,1542,16.13721784287881,1.0000173079757164,1542,16.13721784287881,1.0000173079757115,1542,16.13721784287881,1.0000173079757164,False,0,4068,-142.16056612054044,-142.16056663700763,True,False,accepted,L-BFGS-B,True,4.593582038725475e-06,1.8944518190504336e-07,2.4248552735481766e-05,41.59657695486838,1.2918738219220942,-1.3875677256330667,-1.260025883544763e-15,-5.164671961210843e-07,41.59657695486838,41.59657408236497,2.8725034155741014e-06,41.59657695486838,0.8319315391973676,False,0,none,True,10.76391620002687,0.1037468999857083,223.22893492619787,ok,1.4937058639209784,2.9874117276268293,4.028330065856399,0.8803132131852061,4.028330065856399,0.8803132131852061,20.034111962381775,0.9076588801569301,100.44844030000968
7,7,7,7,1240,1240,1240,1,-14.229493855133242,14.229493855133242,0.012754074933393155,0.25227961469717347,0.7543083281915397,0,1059,14.232654521314268,0.999777928553223,1059,14.232654521314268,0.9997779285532223,1059,14.232654521314268,0.999777928553223,False,0,4067,-168.11512913766438,-168.11502750525403,True,False,accepted,L-BFGS-B,True,1.0104181707824932e-06,1.7914052004858502e-08,5.640466403471731e-05,25.954563017123917,2.638068721192829,-1.4962127025152892,-1.260025883544763e-15,0.00010163241034888415,25.954563017123945,25.9544608682464,0.00010214887754500523,25.954563017123945,0.5190912604424789,False,0,none,True,10.86789689998841,0.11977920000208542,197.27447405795147,ok,1.5861983030882927,3.172396605948137,3.8147250787857376,0.8336339963766444,3.8147250787857376,0.8336339963766444,18.928267594222497,0.8575578593222652,111.54576639999868
8,8,8,8,897,897,897,1,-13.068070036513392,13.068070036513392,0.012782862113207144,0.2508435901940033,0.7498863477216424,0,7664,13.041438613106399,1.0020420617845205,7664,13.041438613106399,1.0020420617845214,7664,13.041438613106399,1.0020420617845205,False,0,4066,-191.11467241574354,-191.11453421747586,True,False,accepted,L-BFGS-B,True,5.787703839137949e-06,1.110958533801203e-07,5.209748842009446e-05,22.99954327807916,2.653171085665247,-1.62000477587555,-1.260025883544763e-15,0.0001381982676775806,22.99954327807916,22.99950671222183,3.656585732869644e-05,22.99954327807916,0.4599908656615832,False,0,none,True,10.708688000042457,0.11772000003838912,174.27496734572964,ok,1.6942342834963235,3.388468566748639,3.575933719799648,0.7814507876838838,3.575933719799648,0.7814507876838838,17.910728906775482,0.8114575865825141,122.4913217999856
9,9,9,9,4029,4029,4029,1,-12.412584907126098,12.412584907126098,1.3917211375338117,0.5417780559136075,0.6169771213763805,0,4785,12.440168863455586,0.9977826702649898,4785,12.440168863455586,0.997782670265,4785,12.440168863455586,0.9977826702649898,False,0,4065,-210.54464634564047,-210.54451738557742,True,False,accepted,L-BFGS-B,True,3.012880912691224e-06,1.3150463313499096e-07,2.29118347049527e-05,19.42997392989693,2.653171085665247,-1.8920145090977838,-1.260025883544763e-15,0.00012896006305140872,19.42997392989693,19.429983168101558,-9.238204626171864e-06,19.429983168101558,0.3885996634620312,False,0,none,True,10.625245500006713,0.12645550002343953,154.84498417762808,ok,1.9577952769001457,3.9155905535183244,3.435025366893476,0.7506580068333661,3.435025366893476,0.7506580068333661,17.493796927455257,0.7925682036060192,133.35796870000195
10,10,10,10,4067,4067,4067,1,-16.18554899838235,16.18554899838235,2.560926892680049,0.636224261722588,0.6434726950884186,0,2568,16.185460135721765,1.000005490277066,2568,16.185460135721765,1.0000054902770799,2568,16.185460135721765,1.000005490277066,False,0,4064,-234.0975803144159,-234.09746350158204,True,False,accepted,L-BFGS-B,True,9.607309282204208e-07,3.776457220435475e-08,2.5441005596293657e-05,23.552933968775392,2.653171085665247,-2.513254257020795,-1.260025883544763e-15,0.00011681283385200913,23.55293396877542,23.55294611600462,-1.214722919939959e-05,23.55294611600462,0.4710589224200924,False,0,none,True,10.840731199947186,0.1445790000143461,131.29203806162346,ok,2.526873323300873,5.053746646237819,3.154971736655362,0.6894577310196502,3.154971736655362,0.6894577310196502,17.510533586912114,0.7933264691886766,144.45998240000335
11,11,11,11,2680,2680,2680,1,-12.58315964749729,12.58315964749729,0.015026621005495839,0.24802168574788858,0.7183444043460376,0,1959,12.579450638094016,1.0002948466916386,1959,12.579450638094016,1.0002948466916373,1959,12.579450638094016,1.0002948466916386,False,0,4063,-256.403728720041,-256.40360165052783,True,False,accepted,L-BFGS-B,True,2.756582164587009e-06,5.433390120782838e-08,5.073511080943776e-05,22.306148405625095,2.683357943158637,-2.594458181960797,-1.260025883544763e-15,0.0001270695131552202,22.306148405625095,22.30613814894579,1.0256679303211058e-05,22.306148405625095,0.4461229682125019,False,0,none,True,10.912436600017827,0.14234820002457127,108.98589991267767,ok,2.6045977083157896,5.209195416256458,3.0501344237500128,0.6665475746331004,3.0501344237500128,0.6665475746331004,16.210055094909947,0.7344074188242137,155.6360634000157
12,12,12,12,398,398,398,1,-11.562620841682818,11.562620841682818,0.014945754800108206,0.2512727565881162,0.728929106965603,0,1433,11.605939605350438,0.9962675349742774,1433,11.605939605350438,0.9962675349742788,1433,11.605939605350438,0.9962675349742774,False,0,4062,-275.05602832241874,-275.05596891454434,True,False,accepted,L-BFGS-B,True,4.0211052215873374e-06,8.738453024956097e-08,4.601721374061846e-05,18.652299602377752,2.683357943158637,-2.6863670265515633,-1.260025883544763e-15,5.9407874402950256e-05,18.652299602377752,18.652367264016505,-6.766163875226994e-05,18.652367264016505,0.37304734538033013,False,0,none,True,10.82571010000538,0.14150229998631403,90.33353264866116,ok,2.693425733951877,5.38685146751584,2.9804064418342295,0.6513098799045892,2.9804064418342295,0.6513098799045892,15.04928172150784,0.681817802563884,166.72385110001778
13,13,13,13,3386,3386,3386,1,-4.292952085922424,4.292952085922424,0.19615094046810083,0.4544818989138111,0.7432030052425642,0,7280,4.289554788987204,1.000791992899576,7280,4.289554788987204,1.000791992899577,7280,4.289554788987204,1.000791992899576,False,0,4061,-276.5870824799739,-276.5870246472044,True,False,accepted,L-BFGS-B,True,2.907870032663827e-06,3.0784737029607686e-07,9.446817353798212e-06,1.531054157555161,2.683357943158637,-2.6588256379801756,-1.260025883544763e-15,5.783276952797678e-05,1.531054157555161,1.531055732660036,-1.5751048749734764e-06,1.531055732660036,0.030621114753200722,False,0,none,True,10.860992900037672,0.12268809997476637,88.80247691600113,ok,2.665215968182063,5.3304319359802745,2.9481328291360174,0.6442571093443353,2.9481328291360174,0.6442571093443353,14.947030903629841,0.6771852606761006,177.83041430002777
14,14,14,14,2592,2592,2592,1,-3.7629664422696814,3.7629664422696814,0.2597186846044416,0.41688668660485806,0.6597414328303162,0,2521,3.7839363718940655,0.994458170655262,2521,3.7839363718940655,0.994458170655259,2521,3.7839363718940655,0.994458170655262,False,0,4060,-278.0538703757236,-278.0538130983275,True,False,accepted,L-BFGS-B,True,2.034225020133294e-06,2.2536512617830617e-07,9.027352278319403e-06,1.4667878957498033,2.683357943158637,-2.5849720283644704,-1.260025883544763e-15,5.727739608119009e-05,1.4667878957496896,1.4667884511231364,-5.553734467866889e-07,1.4667884511231364,0.02933576912246273,False,0,none,True,10.97210139996605,0.15849110000999644,87.33568846487799,ok,2.591325723609931,5.182651446846653,2.8973225840450256,0.6331535181818595,2.8973225840450256,0.6331535181818595,14.796750135609022,0.6703766896814378,189.0879684999818
15,15,15,15,840,840,840,1,-4.6028234348206265,4.6028234348206265,0.255058226697901,0.3980071878565291,0.6357633441823403,0,624,4.613988344671631,0.9975802041494323,624,4.613988344671631,0.9975802041494273,624,4.613988344671631,0.9975802041494323,False,0,4059,-280.4452255857077,-280.4451707175414,True,False,accepted,L-BFGS-B,True,7.306876483857399e-07,6.318272944011835e-08,1.1565673683150262e-05,2.3913552099841127,2.683357943158637,-2.435080340301825,-1.260025883544763e-15,5.486816633037961e-05,2.3913552099841127,2.3913576192138635,-2.409229750810482e-06,2.3913576192138635,0.04782715248427727,False,0,none,True,10.860772899992298,0.16009259998099878,84.94433084566413,ok,2.442127127744603,4.884254255137485,2.800500184388333,0.6119948652520716,2.800500184388333,0.6119948652520716,14.50877659138731,0.6573298551047967,200.2313915999839
16,16,16,16,3933,3933,3933,1,-5.394233685436137,5.394233685436137,0.2771008511331282,0.36952894485434234,0.5817926442440136,0,5353,5.400265264482069,0.9988830957831641,5353,5.400265264482069,0.9988830957831761,5353,5.400265264482069,0.9988830957831641,False,0,4058,-284.1189777846307,-284.1189311460239,True,False,accepted,L-BFGS-B,True,4.440451842116765e-06,3.0419065487067175e-07,1.459859453821698e-05,3.6737521989230117,2.683357943158637,-2.2194666368610543,-1.260025883544763e-15,4.663860681830556e-05,3.6737521989230117,3.673760428482524,-8.229559512074047e-06,3.673760428482524,0.07347520866965047,False,0,none,True,10.973644000012428,0.18531849997816607,81.2705704171816,ok,2.225548273061537,4.451096545802544,2.650413505525423,0.5791963397176413,2.650413505525423,0.5791963397176413,14.129590022274394,0.6401505532551399,211.53219130000798
17,17,17,17,3593,3593,3593,1,-3.0383767742689125,3.0383767742689125,0.05935873749291344,0.10976567126375578,0.2409399947608123,0,950,3.0473199461209024,0.9970652337102397,950,3.0473199461209024,0.9970652337102445,950,3.0473199461209024,0.9970652337102397,False,0,4057,-296.07857128242193,-296.0785952575052,True,False,accepted,L-BFGS-B,True,9.43764495740335e-06,3.4094823880427124e-07,2.768157987482738e-05,11.959593497791218,6.063197654282901,-2.3273860889102216,-1.260025883544763e-15,-2.3975083252025797e-05,11.959593497791218,11.959664111481288,-7.061369007033136e-05,11.959664111481288,0.23919328232962578,False,0,none,True,10.837600499973632,0.17191010003443807,69.31090630570031,ok,2.3320920701276546,4.664184139919436,2.6314552431881086,0.5750533800887804,2.6314552431881086,0.5750533800887804,13.17783211218628,0.5970305227555013,222.68049769999925
18,18,18,18,3037,3037,3037,1,-2.7930405898355994,2.7930405898355994,0.055678337377968685,0.10649622180742599,0.23748831018450697,0,4780,2.782800460251277,1.0036797929749508,4780,2.782800460251277,1.0036797929749595,4780,2.782800460251277,1.0036797929749508,False,0,4056,-306.8336085869443,-306.8336457795791,True,False,accepted,L-BFGS-B,True,2.1584803212605302e-06,8.23009752722518e-08,2.6227667595618064e-05,10.755037304522375,6.249338701711431,-2.4311505420822517,-1.260025883544763e-15,-3.719263480661539e-05,10.755037304522375,10.75505052207393,-1.321755155458959e-05,10.75505052207393,0.2151010105414786,False,0,none,True,10.926175699976739,0.20769720000680536,58.555855783626384,ok,2.4344911996239595,4.868982398897297,2.6079624469001357,0.5699194862298187,2.6079624469001357,0.5699194862298187,12.308860583075282,0.5576611847742546,233.9533213999821
19,19,19,19,1405,1405,1405,1,-2.472175196553443,2.472175196553443,0.06133425781623113,0.10013149053713725,0.21833472915060007,0,2009,2.470231341219901,1.0007869122624693,2009,2.470231341219901,1.000786912262462,2009,2.470231341219901,1.0007869122624693,False,0,4055,-316.4638151176147,-316.4638607482696,True,False,accepted,L-BFGS-B,True,6.320816105023944e-06,2.5601453675653205e-07,2.4690285948770144e-05,9.630206530670364,6.6465699946847066,-2.5182517248852507,-1.260025883544763e-15,-4.563065493812246e-05,9.630206530670364,9.630214968690495,-8.438020131507074e-06,9.630214968690495,0.19260429947380991,False,0,none,True,10.987645099987276,0.2042663000174798,48.92564081493589,ok,2.520613876644141,5.0412277529252565,2.6235939163269344,0.5733354399508269,2.6235939163269344,0.5733354399508269,11.504919388007076,0.521238089695331,245.29424160002964
20,20,20,20,1181,1181,1181,1,2.749091263344833,2.749091263344833,2.567325858402997,0.09757695004951202,0.1005223305636884,0,1942,2.7489273152203126,1.0000596407637308,1942,2.7489273152203126,1.0000596407637279,1942,2.7489273152203126,1.0000596407637308,False,0,4054,-330.73700439645637,-330.7370299718768,True,False,accepted,L-BFGS-B,True,7.716119671219737e-06,2.738778375682533e-07,2.8174581841198802e-05,14.273189278841699,6.820575557951869,-1.6735781024012544,-1.260025883544763e-15,-2.5575420409040817e-05,14.273189278841699,14.27316922360717,2.0055234529081645e-05,14.273189278841699,0.285463785676834,False,0,none,True,10.844765299989376,0.19915800000308082,34.65247159132872,ok,1.6777090812980013,3.3554181623543746,1.939391171425731,0.4238162329873161,1.939391171425731,0.4238162329873161,9.172989701517865,0.41558845112797904,256.50753499998245
21,21,21,21,578,578,578,1,-2.378930630568581,2.378930630568581,0.9522889722386577,0.13314270638304812,0.17971348325531622,0,7786,2.38489843415334,0.9974976697123465,7786,2.38489843415334,0.9974976697123465,7786,2.38489843415334,0.9974976697123465,False,0,4053,-337.41941775855025,-337.4194292854216,True,False,accepted,L-BFGS-B,True,2.174412909426812e-06,1.216963543643733e-07,1.786852709876881e-05,6.682413362093882,6.820575557951869,-0.4691067131075608,-1.260025883544763e-15,-1.1526871332989685e-05,6.682413362093882,6.682399313544806,1.4048549076051131e-05,6.682413362093882,0.13364826734187765,False,0,none,True,11.044278700021096,0.2578413000446744,27.970072277783913,ok,0.48429627343094356,0.9685925467921376,1.4848413475454378,0.3244832067776672,1.4848413475454378,0.3244832067776672,8.100282933475475,0.3669887514933583,267.9667570000165
22,22,22,22,1755,1755,1755,1,-1.9610196864252014,1.9610196864252014,0.05806155080005681,0.0991042056861544,0.21854595081156086,0,5925,1.962989849500649,0.9989963457651354,5925,1.962989849500649,0.9989963457651495,5925,1.962989849500649,0.9989963457651354,False,0,4052,-343.9289878926047,-343.9289420146673,True,False,accepted,L-BFGS-B,True,2.6551332369902066e-06,1.3418267479504533e-07,1.978845200187533e-05,6.5095701340544,6.820575557951869,-0.921807359868121,-1.260025883544763e-15,4.5877937395744084e-05,6.5095701340544565,6.509512729245728,5.740480872873377e-05,6.5095701340544565,0.13019140278108915,False,0,none,True,10.794177100004163,0.2432062000152655,21.460559548538185,ok,0.9269936866852831,1.8539873732370582,1.330700106087388,0.2907986354208151,1.330700106087388,0.2907986354208151,7.125172062077326,0.3228106994177788,279.1521420000354
23,23,23,23,3630,3630,3630,1,-1.371341520063102,1.371341520063102,0.045249019730551,0.17492259694147527,0.4228773451035124,0,5043,1.3862482554343645,0.9892467057665717,5043,1.3862482554343645,0.989246705766572,5043,1.3862482554343645,0.9892467057665717,False,0,4051,-344.92286619279236,-344.9228174561795,True,False,accepted,L-BFGS-B,True,1.4133149138132542e-06,1.8027656170683472e-07,7.840704176916704e-06,0.993878300187589,6.820575557951869,-0.8727617742808205,-1.260025883544763e-15,4.873661288229414e-05,0.9938783001876459,0.9938754415121593,2.858675486550055e-06,0.9938783001876459,0.01987756610375292,False,0,none,True,10.920126800017897,0.27006900002015755,20.466684107026026,ok,0.877840126379307,1.755680252632185,1.2906490016515586,0.2820462452588571,1.2906490016515586,0.2820462452588571,6.959156338245767,0.3152892456960297,290.50263470003847
24,24,24,24,2727,2727,2727,1,-1.2666599971128898,1.2666599971128898,0.03399718975120606,0.16594368648106206,0.4220148064714727,0,3947,1.273903152557342,0.9943142024337472,3947,1.273903152557342,0.9943142024337439,3947,1.273903152557342,0.9943142024337472,False,0,4050,-345.8480284903865,-345.8479785983954,True,False,accepted,L-BFGS-B,True,2.506256154903213e-06,3.283418105328702e-07,7.63407039951987e-06,0.9251622975941132,6.820575557951869,-0.7975619195330899,-1.260025883544763e-15,4.9891991125150525e-05,0.92516229759417,0.9251611422159272,1.1553782428563864e-06,0.92516229759417,0.0185032460518834,False,0,none,True,11.037905900040641,0.25168039998970926,19.5415229648101,ok,0.8025728453452394,1.6051456905748902,1.2468339350265996,0.2724713143430753,1.2468339350265996,0.2724713143430753,6.810033457550281,0.30853313356328366,301.9401572000352
25,25,25,25,718,718,718,1,0.8396128659276076,0.8396128659276076,0.41655517467835984,0.04505374584081281,0.06622688129095204,0,3010,0.8338351777298765,1.0069290530695298,3010,0.8338351777298765,1.0069290530694952,3010,0.8338351777298765,1.0069290530695298,False,0,4049,-352.4142450978335,-352.4141821721631,True,False,accepted,L-BFGS-B,True,5.32187029174354e-06,2.8557241374309046e-07,1.8636799662817757e-05,6.566216607446904,14.77193401140706,0.19299717918329679,-1.260025883544763e-15,6.292567036325636e-05,6.566216607446961,6.566203573767723,1.3033679238105833e-05,6.566216607446961,0.13132433224893922,False,0,none,True,10.833663400029764,0.29944530001375824,12.975319391042376,ok,0.20490968429851653,0.40981936856752144,1.0029938890440486,0.2191848132687168,1.0029938890440486,0.2191848132687168,5.566559609180201,0.2521967168139268,313.2381034999853
26,26,26,26,3290,3290,3290,1,-0.964014976848635,0.964014976848635,0.04484529373935365,0.17634478180021487,0.39027408624790183,0,5729,0.9777671478747888,0.9859351267261898,5729,0.9777671478747888,0.9859351267261849,5729,0.9777671478747888,0.9859351267261898,False,0,4048,-352.88914566127744,-352.88908084951566,True,False,accepted,L-BFGS-B,True,2.413080208929984e-06,4.414188061901683e-07,5.467645677733995e-06,0.4749005634439527,14.77193401140706,0.2602667945416385,-1.260025883544763e-15,6.481176177430825e-05,0.4749005634439527,0.47489867735254165,1.8860914110518934e-06,0.4749005634439527,0.009498011368879055,False,0,none,True,10.998727200028952,0.27158160001272336,12.500420713689834,ok,0.269504151811538,0.5390083035842612,1.0074191214769268,0.2201518617772531,1.0074191214769268,0.2201518617772531,5.462804718887334,0.24749603191654476,324.6739235999994
27,27,27,27,516,516,516,1,-0.5920355465031654,0.5920355465031654,0.03333157553531992,0.2072717064028978,0.4265605863157586,0,226,0.60037141628393,0.9861154785943,226,0.60037141628393,0.9861154785942764,226,0.60037141628393,0.9861154785943,False,0,4047,-353.0134983454293,-353.0134317391821,True,False,accepted,L-BFGS-B,True,5.533844257651203e-07,1.9373998408941238e-07,2.8573253391707176e-06,0.12435268415185874,14.77193401140706,0.26705553838205015,-1.260025883544763e-15,6.660624717369501e-05,0.12435268415185874,0.12435088966645935,1.7944853993867582e-06,0.12435268415185874,0.002487053783037175,False,0,none,True,10.956641900003888,0.33004089997848496,12.376069824023375,ok,0.27591690660090584,0.5518338131620735,1.0144378288106763,0.22168566380051558,1.0144378288106763,0.22168566380051558,5.434597341915422,0.24621807778298674,336.13713049999205
28,28,28,28,3758,3758,3758,1,0.5075631058940342,0.5075631058940342,0.4342931317364428,0.039735859908749185,0.05790606448233166,0,4976,0.5083274361979493,0.9984963819587785,4976,0.5083274361979493,0.9984963819587174,4976,0.5083274361979493,0.9984963819587785,False,0,4046,-355.6389234648622,-355.63885869523256,True,False,accepted,L-BFGS-B,True,2.1571079255937827e-06,1.6887465144482537e-07,1.2774426367654424e-05,2.6254251194330323,16.74887524909592,-0.43540654525506095,-1.260025883544763e-15,6.47696296596223e-05,2.6254251194329186,2.6254269560504326,-1.8366175140727137e-06,2.6254269560504326,0.052508539221008656,False,0,none,True,10.913017000013497,0.35269359999801964,9.750642867972942,ok,0.4401946506710027,0.8803893012786075,0.897224651924838,0.1960710029646037,0.897224651924838,0.1960710029646037,4.816813079405989,0.21822894739673412,347.573114000028
29,29,29,29,4074,4074,4074,1,0.835770873943354,0.835770873943354,0.02625822630100327,0.1977563303281402,0.4552798023716153,0,1650,0.8258759935483878,1.0119810727909073,1650,0.8258759935483878,1.0119810727909109,1650,0.8258759935483878,1.0119810727909073,False,0,4045,-355.94679180491704,-355.94672621763954,True,False,accepted,L-BFGS-B,True,1.0597618397532983e-06,2.507560825711404e-07,4.227265735558538e-06,0.30786834005499486,16.74887524909592,-0.4346850275456539,-1.260025883544763e-15,6.558727750416438e-05,0.30786834005482433,0.3078675224069798,8.176478445420798e-07,0.30786834005482433,0.0061573669010964865,False,0,none,True,10.960449300007895,0.31573089997982606,9.442775345565963,ok,0.4392273307123918,0.878454661361525,0.8788578489378153,0.19205729527702167,0.8788578489378153,0.19205729527702167,4.745850103277415,0.21501392216544818,359.02521530003287
30,30,30,30,88,88,88,1,0.7191333874350189,0.7191333874350189,0.015384856919667969,0.2601266177544073,0.5723579302934106,0,8004,0.7589814757909965,0.9474979434584373,8004,0.7589814757909965,0.9474979434584401,8004,0.7589814757909965,0.9474979434584373,False,0,4044,-356.0779757598256,-356.0779150883517,True,False,accepted,L-BFGS-B,True,6.44783268886967e-07,2.3323250677973752e-07,2.7655514675014575e-06,0.13118395490863577,16.74887524909592,-0.3430393007853392,-1.260025883544763e-15,6.067147393196137e-05,0.13118395490857893,0.13118887071215113,-4.9158035722030036e-06,0.13118887071215113,0.0026237775142430226,False,0,none,True,10.888877500023227,0.3127976999967359,9.311586474853812,ok,0.34858063263162026,0.697161265213037,0.8431741855243419,0.1842593244344671,0.8431741855243419,0.1842593244344671,4.708918428518534,0.2133407078689069,370.40560639998876
31,31,31,31,122,122,122,1,0.6057422453202668,0.6057422453202668,0.009343869916772952,0.18988243040479105,0.4384261483332248,0,4647,0.5939761384818171,1.0198090564185347,4647,0.5939761384818171,1.019809056418534,4647,0.5939761384818171,1.0198090564185347,False,0,4043,-356.2544411152659,-356.25437926918084,True,False,accepted,L-BFGS-B,True,6.867605355602759e-07,2.1527928916730322e-07,3.191091058999008e-06,0.1764653554402571,16.74887524909592,-0.3419025851851077,-1.260025883544763e-15,6.184608503190248e-05,0.1764653554402571,0.17646418082915716,1.174611099941103e-06,0.1764653554402571,0.003529307208805142,False,0,none,True,10.853796699957456,0.2832594999927096,9.135122294024654,ok,0.34719171742512905,0.6943834348002547,0.8291204447858294,0.18118815264254948,0.8291204447858294,0.18118815264254948,4.670722695732485,0.2116102245755892,381.7275284000207
32,32,32,32,348,348,348,1,-0.4202046080742381,0.4202046080742381,0.12277984365797161,0.03987292111437608,0.07613927738937037,0,6408,0.4252679985770062,0.9880936479591439,6408,0.4252679985770062,0.9880936479591891,6408,0.4252679985770062,0.9880936479591439,False,0,4042,-357.8801248461467,-357.8800722677522,True,False,accepted,L-BFGS-B,True,2.9999163162571937e-06,2.846600097775731e-07,1.0539594158699216e-05,1.6256837308809509,16.74887524909592,-0.2867479710112882,-1.260025883544763e-15,5.2578394502234005e-05,1.6256837308808372,1.6256929985713668,-9.26769052966847e-06,1.6256929985713668,0.03251386007142734,False,0,none,True,10.870515100017656,0.3457818000460975,7.5094292954532875,ok,0.29294871994079325,0.5858974398393952,0.7742807011900118,0.16920399292726962,0.7742807011900118,0.16920399292726962,4.236984106159206,0.1919594068486963,393.1330103999935
33,33,33,33,3808,3808,3808,1,0.47959464273064145,0.47959464273064145,0.06976580422705972,0.1233440892434318,0.2448482129511592,0,6689,0.4906748813115946,0.9774183700797253,6689,0.4906748813115946,0.9774183700797119,6689,0.4906748813115946,0.9774183700797253,False,0,4041,-358.1090145187272,-358.10895647242046,True,False,accepted,L-BFGS-B,True,1.424194646757375e-06,3.6628023217195983e-07,3.88926510869074e-06,0.22888967258040793,16.74887524909592,-0.24151166558116388,-1.260025883544763e-15,5.804630671946143e-05,0.22888967258046478,0.22888420466824755,5.467912217227422e-06,0.22888967258046478,0.004577793551609295,False,0,none,True,10.943903299979866,0.336802700010594,7.28054509078504,ok,0.2484938352809845,0.4969876705261803,0.7583783189210526,0.16572883647195794,0.7583783189210526,0.16572883647195794,4.171063180685206,0.18897281510422617,404.6015491000144
34,34,34,34,2772,2772,2772,1,-0.41897090799486314,0.41897090799486314,0.05760494162213634,0.07392975675357169,0.17187285940346514,0,27,0.44104221971115937,0.949956465095902,27,0.44104221971115937,0.9499564650959197,27,0.44104221971115937,0.949956465095902,False,0,4040,-358.5694950302985,-358.56943044045227,True,False,accepted,L-BFGS-B,True,1.384083267888585e-06,2.4422909175449936e-07,5.668151517231511e-06,0.46048051157140435,16.74887524909592,-0.19325416739532306,-1.260025883544763e-15,6.458984626078745e-05,0.4604805115713475,0.4604739680318062,6.543539541326027e-06,0.4604805115713475,0.00920961033142695,False,0,none,True,10.995315600011963,0.33321240002987906,6.820071122753234,ok,0.20149121629790287,0.40298243256678645,0.718098267349733,0.15692641436495125,0.718098267349733,0.15692641436495125,4.03513861527249,0.1828146614980178,416.1189487000229
35,35,35,35,1266,1266,1266,1,-0.384202399941147,0.384202399941147,0.07306137054104467,0.07765545987505089,0.17215931503243553,0,3863,0.3841948169131538,1.0000197374552164,3863,0.3841948169131538,1.0000197374552326,3863,0.3841948169131538,1.0000197374552164,False,0,4039,-358.9384120442064,-358.9383498439389,True,False,accepted,L-BFGS-B,True,1.4999718508456976e-06,3.03176262838948e-07,4.9485240469024e-06,0.36891701390788967,16.74887524909592,-0.19822514675550154,-1.260025883544763e-15,6.220026750725083e-05,0.36891701390788967,0.3689194034866432,-2.3895787535366253e-06,0.3689194034866432,0.007378388169732864,False,0,none,True,10.555387599975802,0.36099379998631775,6.451151719266591,ok,0.20609011009623365,0.41218022016278566,0.7058340821196777,0.15424631513512974,0.7058340821196777,0.15424631513512974,3.927271960462887,0.17792769035127584,427.23011800000677
36,36,36,36,1001,1001,1001,1,0.43279230201797425,0.43279230201797425,0.3848606707879808,0.05048056113486208,0.07620293360833659,0,7913,0.43908540540640034,0.9856677008369216,7913,0.43908540540640034,0.9856677008371024,7913,0.43908540540640034,0.9856677008369216,False,0,4038,-360.0554654158331,-360.0554077168907,True,False,accepted,L-BFGS-B,True,2.326364757308722e-06,2.713451715344588e-07,8.57445182946545e-06,1.1170533716268096,16.74887524909592,-0.26969243821207345,-1.260025883544763e-15,5.769894238483175e-05,1.117053371626696,1.1170578729518184,-4.501325122419075e-06,1.1170578729518184,0.02234115755903637,False,0,none,True,10.948844799946528,0.3783310999860987,5.334093846314772,ok,0.27799598090248234,0.5559919617649269,0.6810194900151763,0.14882356850010448,0.6810194900151763,0.14882356850010448,3.5644333244889133,0.16148904257770855,438.74992020003265
37,37,37,37,2714,2714,2714,1,-0.42374153748323984,0.42374153748323984,0.033749065224237346,0.08973801443458393,0.22929076959383976,0,5793,0.421707031460692,1.0048244536390603,5793,0.421707031460692,1.0048244536390478,5793,0.421707031460692,1.0048244536390603,False,0,4037,-360.40358777611243,-360.40352477545315,True,False,accepted,L-BFGS-B,True,3.0802826520308626e-06,6.523275767707009e-07,4.722987482546073e-06,0.34812236027926247,16.74887524909592,-0.19765941736130763,-1.260025883544763e-15,6.30006592814425e-05,0.3481223602793193,0.3481170585624227,5.301716896610742e-06,0.3481223602793193,0.006962447305586386,False,0,none,True,10.89030669996282,0.541666500037536,4.9859767877523495,ok,0.20736246268803246,0.41472492534620004,0.6544208353493072,0.1430109496797703,0.6544208353493072,0.1430109496797703,3.4525660818304202,0.1564208221151141,450.3841880999971
38,38,38,38,2195,2195,2195,1,0.35597176178869283,0.35597176178869283,0.42679871919859735,0.02218409109142234,0.03252952092957105,0,1338,0.3683549944507838,0.9663823408162163,1338,0.3683549944507838,0.9663823408163005,1338,0.3683549944507838,0.9663823408162163,False,0,4036,-364.3714639079678,-364.37139010099065,True,False,accepted,L-BFGS-B,True,3.70995398775589e-06,2.312035540571303e-07,1.604726712113241e-05,3.967876131855405,30.000370886708314,-0.19467458731484077,-1.260025883544763e-15,7.380697712733308e-05,3.9678761318553484,3.9678653255375025,1.080631784589059e-05,3.9678761318553484,0.07935752273710696,False,0,none,True,10.849958300008439,0.4254763000062667,1.018111462214847,ok,0.1962749811904618,0.39254996235265555,0.3342885075973624,0.07305225377339068,0.3342885075973624,0.07305225377339068,1.5677567355964286,0.07102827046498972,461.85785620001843
39,39,39,39,3789,3789,3789,1,0.18656275092174834,0.18656275092174834,0.0066858068436054996,0.11982339276487555,0.3754390673099217,0,6722,0.2051541175633138,0.9093785352086444,6722,0.2051541175633138,0.9093785352086492,6722,0.2051541175633138,0.9093785352086444,False,0,4035,-364.4161834778739,-364.41610722211874,True,False,accepted,L-BFGS-B,True,9.305393763977813e-07,5.976555013033718e-07,1.5579828678368287e-06,0.04471956990613535,30.000370886708314,-0.19767391680204816,-1.260025883544763e-15,7.62557551752252e-05,0.04471956990613535,0.044717121128087456,2.4487780478921195e-06,0.04471956990613535,0.0008943914981227071,False,0,none,True,10.894063300045673,0.40693540003849193,0.9733943410867596,ok,0.19924372779807428,0.39848745556745296,0.338384951981096,0.0739474520464032,0.338384951981096,0.0739474520464032,1.5358748400043905,0.06958383980069642,473.3691112000379
40,40,40,40,3225,3225,3225,1,0.17795818173583577,0.17795818173583577,0.09392332774924758,0.06651709297229304,0.12550241336920376,0,628,0.18464115810674156,0.9638055976282258,628,0.18464115810674156,0.9638055976282365,628,0.18464115810674156,0.9638055976282258,False,0,4034,-364.51886882458416,-364.5187899250124,True,False,accepted,L-BFGS-B,True,5.580833450673038e-07,2.086002042760282e-07,2.6763729556699062e-06,0.10268534671013185,30.000370886708314,-0.09425097130999296,-1.260025883544763e-15,7.889957174711526e-05,0.10268534671024554,0.10268270289367365,2.6438165718900564e-06,0.10268534671024554,0.0020537070342049107,False,0,none,True,11.07225590001326,0.43167950003407896,0.870711638193086,ok,0.09658491390073162,0.19316982778755284,0.329074076244432,0.07191274118524929,0.329074076244432,0.07191274118524929,1.4521421746612768,0.06579027523439107,485.0835519999964
41,41,41,41,3403,3403,3403,1,-0.10319989692069095,0.10319989692069095,0.6514820476817124,0.03604041397128102,0.051208587847692125,0,3825,0.10688380098315604,0.9655335604780219,3825,0.10688380098315604,0.9655335604780507,3825,0.10688380098315604,0.9655335604780219,False,0,4033,-364.644987075787,-364.6449101416181,True,False,accepted,L-BFGS-B,True,8.788478123387603e-07,3.0691926241337714e-07,2.864449512514062e-06,0.12611825120285403,30.000370886708314,0.005409555033911882,-1.260025883544763e-15,7.693416893062022e-05,0.12611825120285403,0.12612021660567052,-1.9654028164950432e-06,0.12612021660567052,0.0025224044321134104,False,0,none,True,10.748299799975939,0.4967416999861598,0.7445914215874154,ok,0.017748127751948038,0.035496255501339946,0.3149942574183494,0.06883587053432876,0.3149942574183494,0.06883587053432876,1.3452481918560422,0.060947371645218025,496.5477948000189
42,42,42,42,1271,1271,1271,1,0.10616589059710718,0.10616589059710718,0.03903134794129289,0.06187400548241014,0.12161333451276746,0,2555,0.10728161266159696,0.9896000625194818,2555,0.10728161266159696,0.9896000625194883,2555,0.10728161266159696,0.9896000625194818,False,0,4032,-364.6849306913815,-364.6848454556995,True,False,accepted,L-BFGS-B,True,4.973516225103936e-07,2.89858972713175e-07,1.7168400095571285e-06,0.03994361559449544,30.000370886708314,0.004789672437616324,-1.260025883544763e-15,8.523568203600007e-05,0.03994361559449544,0.03993531408139006,8.301513105379854e-06,0.03994361559449544,0.0007988724118899088,False,0,none,True,10.646878100000322,0.5037426999770105,0.7046561075060254,ok,0.0169127118116967,0.033825423620957584,0.31174685572377897,0.06812621403311982,0.31174685572377897,0.06812621403311982,1.308651932176278,0.05928935355381279,507.90264919999754
43,43,43,43,2645,2645,2645,1,-0.09315894606898589,0.09315894606898589,0.015828137716949766,0.07502249949537518,0.2051496005704625,0,3825,0.09973373881772349,0.9340765439391188,3825,0.09973373881772349,0.9340765439391269,3825,0.09973373881772349,0.9340765439391188,False,0,4031,-364.7120406776936,-364.7119606020038,True,False,accepted,L-BFGS-B,False,1.1713959067604049e-06,9.433450421054996e-07,1.242747032608458e-06,0.027109986312098044,30.000370886708314,0.00286774998817183,-1.260025883544763e-15,8.007568982293378e-05,0.027109986312098044,0.02711514630431111,-5.159992213066289e-06,0.02711514630431111,0.0005423030260862222,False,0,none,True,10.860948199988343,1.3110428000218235,0.6775409612017143,ok,0.016550457683675017,0.03310091536496639,0.2832638192494466,0.06190180020652829,0.2832638192494466,0.06190180020652829,1.281894065272351,0.05807707044613073,520.2810237000231
44,44,44,44,2470,2470,2470,1,-0.07767715942963704,0.07767715942963704,0.11044690221760489,0.022496160601012016,0.0435937882905276,0,1998,0.07829801748749003,0.9920705775474815,1998,0.07829801748749003,0.9920705775476171,1998,0.07829801748749003,0.9920705775474815,False,0,4030,-364.9133243462152,-364.91325796082873,True,False,accepted,L-BFGS-B,True,6.826016076638489e-07,1.9768865793202978e-07,3.453912346132392e-06,0.20128366852168256,30.000370886708314,0.015284898790264748,-1.260025883544763e-15,6.638538644665459e-05,0.20128366852156887,0.20129735882494515,-1.369030337627919e-05,0.20129735882494515,0.004025947276498903,False,0,none,True,10.983754599990789,0.5401251000002958,0.4762436023767691,ok,0.022622709318062956,0.04524541863286773,0.23653416923956927,0.05168994376013509,0.23653416923956927,0.05168994376013509,1.074004619301057,0.04865849965641671,532.0255394999986
45,45,45,45,3081,3081,3081,1,0.07701797158492851,0.07701797158492851,0.10159468862468309,0.048834409159675185,0.08614416368906198,0,4932,0.07763961087481215,0.9919932714386477,4932,0.07763961087481215,0.9919932714384598,4932,0.07763961087481215,0.9919932714386477,False,0,4029,-364.944357526253,-364.9442963799864,True,False,accepted,L-BFGS-B>Newton-CG,True,8.918215970384909e-13,5.654733998566314e-13,1.5781238704855097e-06,0.031033180037923103,30.000370886708314,0.010342554545682406,-1.260025883544763e-15,6.114626660291833e-05,0.031033180037809416,0.031038419157653152,-5.239119843736262e-06,0.031038419157653152,0.0006207684831530631,False,0,none,True,10.80913559999317,1.3256618999876082,0.44520518321911595,ok,0.01788403311164919,0.03576806622072268,0.23606249877819105,0.05158686935147634,0.23606249877819105,0.05158686935147634,1.0404676497471903,0.04713908475615672,544.388168000034
46,46,46,46,3682,3682,3682,1,-0.07064192256168234,0.07064192256168234,0.13023672403135517,0.044259558833071797,0.08722000846935127,0,3630,0.07041700236584034,1.003194117731304,3630,0.07041700236584034,1.0031941177317774,3630,0.07041700236584034,1.003194117731304,False,0,4028,-364.98014313141607,-364.9800839110182,True,False,accepted,L-BFGS-B,True,8.241988126646762e-07,5.163884916547507e-07,1.5970828445722272e-06,0.03578560516302787,30.000370886708314,-0.0030953582867714125,-1.260025883544763e-15,5.922039787265021e-05,0.03578560516308471,0.03578753103181498,-1.925868730268121e-06,0.03578753103181498,0.0007157507206362996,False,0,none,True,10.903045500046574,0.6211405000067316,0.409417652187301,ok,0.01476327657168979,0.029526553141253336,0.23248567162123265,0.050805223320472485,0.23248567162123265,0.050805223320472485,0.9990472409031651,0.04526250535110978,556.1418877000106
47,47,47,47,2911,2911,2911,1,-0.06058037526580584,0.06058037526580584,0.11334593905859829,0.021536582601526275,0.04149449014771193,0,1978,0.0602611529992824,1.0052973142835027,1978,0.0602611529992824,1.005297314283198,1978,0.0602611529992824,1.0052973142835027,False,0,4027,-365.1152892413667,-365.11522767787756,True,False,accepted,L-BFGS-B,True,1.68676115941009e-06,5.996510781794175e-07,2.813904405227144e-06,0.13514610995071052,30.902347547007135,-0.0011172046545568535,-1.260025883544763e-15,6.156348916874776e-05,0.13514610995065368,0.13514376685935758,2.3430912960975547e-06,0.13514610995065368,0.002702922299013074,False,0,none,True,10.908104800037108,0.5965326000005007,0.2742738853279434,ok,0.010684618933944222,0.02136923786634962,0.18781370537739134,0.041043033653659106,0.18781370537739134,0.041043033653659106,0.8174379587379196,0.03703457500981336,567.884528500028
48,48,48,48,502,502,502,1,-0.053525269337550085,0.053525269337550085,0.12430666719825711,0.02090851233185264,0.03956139734169595,0,6469,0.0537740943326357,0.9953727719978614,6469,0.0537740943326357,0.9953727719978134,6469,0.0537740943326357,0.9953727719978614,False,0,4026,-365.22698710691174,-365.22692529878464,True,False,accepted,L-BFGS-B,True,1.546328712847897e-06,6.04039325925221e-07,2.5609801974471607e-06,0.111697865545068,31.83062237829818,0.00491490903525493,-1.260025883544763e-15,6.180812709999373e-05,0.11169786554501115,0.11169762090707991,2.4463793124596123e-07,0.11169786554501115,0.002233957410900223,False,0,none,True,11.06875829998171,0.6167463000165299,0.16257626442086348,ok,0.006997058723229106,0.013994117445450479,0.13955403227774202,0.030496820409191962,0.13955403227774202,0.030496820409191962,0.6272083039411452,0.028416092904407757,579.8109034000081
49,49,49,49,2026,2026,2026,1,-0.0456082013210537,0.0456082013210537,0.007148359407097631,0.09093487939783663,0.28031135281841846,0,2338,0.04645025613705095,0.9818719015560909,2338,0.04645025613705095,0.9818719015560892,2338,0.04645025613705095,0.9818719015560909,False,0,4025,-365.23173552671335,-365.23167430261896,True,False,accepted,L-BFGS-B>Newton-CG,True,1.3123162040217566e-12,2.6165217704188064e-12,5.025498891919039e-07,0.004748419801671844,31.83062237829818,0.004103970069425721,-1.260025883544763e-15,6.122409439512921e-05,0.004748419801615,0.004749003834319865,-5.840327048645122e-07,0.004749003834319865,9.498017668639729e-05,False,0,none,True,10.950331499974709,2.502498999994714,0.15782726058654362,ok,0.006363603113532459,0.012727206226148416,0.14305744209210647,0.031262422507423226,0.14305744209210647,0.031262422507423226,0.6179718454155416,0.027997628955633427,593.5020883000107
50,50,50,50,3235,3235,3235,1,-0.04019603415873352,0.04019603415873352,0.019799984320796795,0.07831561939880237,0.22510175581629494,0,7155,0.04066207786593024,0.9885386155441109,7155,0.04066207786593024,0.988538615544115,7155,0.04066207786593024,0.9885386155441109,False,0,4024,-365.23650077691093,-365.23643849267734,True,False,accepted,L-BFGS-B>Newton-CG,True,1.0174950232810823e-12,1.9824282333086725e-12,5.142569271286473e-07,0.004765250197692694,31.83062237829818,0.0035988031124500825,-1.260025883544763e-15,6.228423359289081e-05,0.004765250197579007,0.004764190058381246,1.0601391977616004e-06,0.004765250197579007,9.530510395158014e-05,False,0,none,True,10.606266799964942,2.373541400011163,0.15306307052816237,ok,0.006002702351425579,0.012005404701986633,0.13900993340257284,0.030377918178922804,0.13900993340257284,0.030377918178922804,0.6088865173786538,0.027586012075019792,606.7220144000021
51,51,51,51,3683,3683,3683,1,-0.03750663653859032,0.03750663653859032,0.10245938121731292,0.032444943343230004,0.06682671144237919,0,6999,0.036780572672974535,1.0197404176403506,6999,0.036780572672974535,1.0197404176401743,6999,0.036780572672974535,1.0197404176403506,False,0,4023,-365.2544832150426,-365.2544225268098,True,False,accepted,L-BFGS-B,True,3.3033575852621535e-07,2.857554278056169e-07,1.1570086926885038e-06,0.017982438131753042,31.83062237829818,0.0018096924207877917,-1.260025883544763e-15,6.068823284977043e-05,0.0179824381316962,0.01798403413243932,-1.5960007431203849e-06,0.01798403413243932,0.00035968078264878635,False,0,none,True,11.09718789998442,0.577628500002902,0.13507903639572305,ok,0.0049597654113946255,0.009919530822074933,0.1325804684694049,0.02897288362568408,0.1325804684694049,0.02897288362568408,0.5707744057037233,0.025859317292229393,618.6466168999905
52,52,52,52,852,852,852,1,0.0335176738233921,0.0335176738233921,0.00343770526998409,0.150313192897443,0.47613147786395293,0,4685,0.033015261980093684,1.0152175634287361,4685,0.033015261980093684,1.0152175634287797,4685,0.033015261980093684,1.0152175634287361,False,0,4022,-365.255514866162,-365.2554540280758,True,False,accepted,L-BFGS-B>Newton-CG,True,1.3127286083562284e-12,5.8870609854052325e-12,2.23985393154691e-07,0.0010316511194332634,31.83062237829818,0.0015346594535318432,-1.260025883544763e-15,6.08380861990554e-05,0.00103165111937642,0.001031501266027135,1.498533492849674e-07,0.00103165111937642,2.06331223875284e-05,False,0,none,True,11.112114099960309,2.102398600021843,0.13404753512969592,ok,0.004874997854044707,0.009749995707387304,0.1322000176581829,0.028889743497985888,0.1322000176581829,0.028889743497985888,0.5692762190533998,0.025791440941141205,632.0878304000362
53,53,53,53,1557,1557,1557,1,-0.031467122986076346,0.031467122986076346,0.007100805923162218,0.10188145375557807,0.35037445613212237,0,6798,0.031176375258457744,1.0093258990247664,6798,0.031176375258457744,1.0093258990247516,6798,0.031176375258457744,1.0093258990247664,False,0,4021,-365.25787647989944,-365.2578159765905,True,False,accepted,L-BFGS-B>Newton-CG,False,2.755318889770474e-07,8.920926586597429e-07,3.0986016861858215e-07,0.002361613737434709,31.83062237829818,0.0015986735030053896,-1.260025883544763e-15,6.050330893003775e-05,0.002361613737434709,0.0023619485147037267,-3.347772690176498e-07,0.0023619485147037267,4.7239070294074536e-05,False,0,none,True,10.853407800022978,4.854543199995533,0.1316855866149922,ok,0.004797434880456145,0.009594869760221352,0.1315345289161437,0.028744313872492037,0.1315345289161437,0.028744313872492037,0.5648580216674846,0.025591271545105976,648.0486776999896
54,54,54,54,3012,3012,3012,1,-0.027868969482874206,0.027868969482874206,0.11533445924185959,0.038217451862416776,0.07723243769157637,0,7655,0.028728440893004865,0.9700829079680432,7655,0.028728440893004865,0.9700829079667184,7655,0.028728440893004865,0.9700829079680432,False,0,4020,-365.2656265621427,-365.265566035813,True,False,accepted,L-BFGS-B,False,5.175732715091596e-07,7.097621634594971e-07,7.302207138605736e-07,0.007750082243376255,31.83062237829818,0.0019391740669593908,-1.260025883544763e-15,6.052632971886851e-05,0.007750082243262568,0.0077500592224737375,2.3020788830763195e-08,0.007750082243262568,0.00015500174486525136,False,0,none,True,10.756828600016888,1.3300063000060618,0.12393552739251845,ok,0.00487601780281252,0.009752035604922785,0.12912343083890143,0.028217415266622567,0.12912343083890143,0.028217415266622567,0.5479121325246841,0.024823526671187982,660.381777600036
55,55,54,54,2989,2989,,1,0.028929345933294437,0.028929345933294437,0.006837052914547652,0.08549665407724104,0.26193785943625014,0,8152,0.030340675421755666,0.9534839132997929,8152,0.030340675421755666,0.9534839132997184,8152,0.030340675421755666,0.9534839132997929,False,0,4019,-365.2656265621427,-365.265566035813,False,True,projected_residual,L-BFGS-B>Newton-CG>trust-krylov,False,6.750111377505618e-07,1.9949041799017663e-06,3.393676993367175e-07,0.00206648306527768,31.83062237829818,0.001997386667730785,-1.260025883544763e-15,6.052632971886851e-05,,,,,,False,0,none,False,11.07641539996257,5.0129606000264175,,,,,,,,,,,676.5510273000109
56,56,55,55,2284,2284,2284,1,0.028813491182487994,0.028813491182487994,0.012118424079019524,0.06792877483418375,0.17895812864997554,0,8152,0.030340675421755666,0.9496654501576254,8152,0.030340675421755666,0.9496654501575555,8152,0.030340675421755666,0.9496654501576254,False,0,4018,-365.2685974165012,-365.26853654301937,True,False,accepted,L-BFGS-B>Newton-CG,True,1.0935246001722478e-12,2.578025895496087e-12,4.251713018021574e-07,0.0029708543585797997,31.83062237829818,0.0019500843414262258,-1.260025883544763e-15,6.087348185701558e-05,0.0029708543585229563,0.0029705072063848093,3.471521381470666e-07,0.0029708543585229563,5.941718717045913e-05,False,0,none,True,11.060746199975256,1.9931334999855608,0.12096502018613364,ok,0.004870885378246742,0.009741770755791967,0.12309445655912522,0.02689990015895414,0.12309445655912522,0.02689990015895414,0.5418719032015248,0.024549870030272515,689.8616583999828
57,57,56,56,2937,2937,2937,1,-0.031653054361916844,0.031653054361916844,0.0023236422811854854,0.15810565057483014,0.5777372059257644,0,6979,0.030606480251112015,1.0341945268524237,6979,0.030606480251112015,1.0341945268524189,6979,0.030606480251112015,1.0341945268524237,False,0,4017,-365.2695853753345,-365.2695243911443,True,False,accepted,L-BFGS-B>Newton-CG,True,1.6257535508193188e-12,8.120569341833237e-12,2.012019171789131e-07,0.0009879588333205902,31.83062237829818,0.00202361278459766,-1.260025883544763e-15,6.0984190213275724e-05,0.0009879588332637468,0.0009878481249074866,1.1070835626014741e-07,0.0009879588332637468,1.9759276665274937e-05,False,0,none,True,11.01935009995941,4.229047400003765,0.11997717206122616,ok,0.004872407297816228,0.009744814594930718,0.12567676196882166,0.02746421279855214,0.12567676196882166,0.02746421279855214,0.5396212749789051,0.024447903809058,705.3709793000016
58,58,57,57,1577,1577,1577,1,-0.024250084545990452,0.024250084545990452,0.002635282589982509,0.13292462952072995,0.35710628262972116,0,7283,0.022928283482108562,1.0576493685152366,7283,0.022928283482108562,1.057649368515216,7283,0.022928283482108562,1.0576493685152366,False,0,4016,-365.2702659425749,-365.27020163559087,True,False,accepted,L-BFGS-B>Newton-CG,True,1.6189597037853092e-12,8.874180146742191e-12,1.8343484772840077e-07,0.0006805672404652796,31.83062237829818,0.0022127365569930913,-1.260025883544763e-15,6.430698402937196e-05,0.0006805672404084362,0.00067724444659234,3.3227938160962367e-06,0.0006805672404084362,1.3611444808168724e-05,False,0,none,True,11.024670100014191,1.750371800037101,0.11929992761463382,ok,0.00495573273112212,0.009911465461530503,0.12779705285253548,0.02792756114643202,0.12779705285253548,0.02792756114643202,0.538075624033923,0.02437787705626405,718.4134908000124
59,59,58,58,4018,4018,4018,1,-0.02138301556786637,0.02138301556786637,0.005888549289291429,0.07681189598333413,0.27897926462274036,0,4397,0.021590088164758967,0.9904089045254295,4397,0.021590088164758967,0.9904089045254542,4397,0.021590088164758967,0.9904089045254295,False,0,4015,-365.27216774307664,-365.2721023591354,True,False,accepted,L-BFGS-B>Newton-CG,True,8.973253146296463e-13,3.223364754702684e-12,2.793815617889678e-07,0.0019018005017414907,31.83062237829818,0.002371457815476121,-1.260025883544763e-15,6.538394126209823e-05,0.0019018005017414907,0.0019007235445087645,1.0769572327262722e-06,0.0019018005017414907,3.803611003482981e-05,False,0,none,True,10.910757400037255,2.0038806999800727,0.11739920407012505,ok,0.005040053403894558,0.010080106807063234,0.12798920062427796,0.02796955130602264,0.12798920062427796,0.02796955130602264,0.5346373285348724,0.024222102772473646,731.5940086999908
60,60,59,59,1908,1908,1908,1,-0.01868615317600586,0.01868615317600586,0.1546815713983284,0.02421478096739664,0.04500645438284612,0,1858,0.019918952421505685,0.9381092328847163,1858,0.019918952421505685,0.9381092328842587,1858,0.019918952421505685,0.9381092328847163,False,0,4014,-365.2803223685397,-365.2802576999911,True,False,accepted,L-BFGS-B>Newton-CG,True,6.357486340272452e-10,8.238460735214076e-10,7.726837579984233e-07,0.008154625463134835,31.83062237829818,0.00018005628852916234,-1.260025883544763e-15,6.466854858899751e-05,0.008154625463077991,0.008155340855751092,-7.153926731007232e-07,0.008155340855751092,0.00016310691711502186,False,0,none,True,10.8309516000445,9.523225500015542,0.10924386321437396,ok,0.003875491262001113,0.007750982523444068,0.13151536439262052,0.028740125838491334,0.13151536439262052,0.028740125838491334,0.516217165161378,0.023387564915677825,752.2172097000293
61,61,60,60,2848,2848,2848,1,-0.02039242740770142,0.02039242740770142,0.021658204980951872,0.05129068699287718,0.141657688324637,0,2966,0.0211573965825468,0.9638438892109995,2966,0.0211573965825468,0.9638438892109559,2966,0.0211573965825468,0.9638438892109995,False,0,4013,-365.28267753590063,-365.2826136949651,True,False,accepted,L-BFGS-B,True,3.7530586784643535e-07,9.439629423752302e-07,3.985853828563212e-07,0.002355167361031363,31.83062237829818,-6.268262595672398e-05,-1.260025883544763e-15,6.384093552469494e-05,0.002355167360917676,0.0023559949739819785,-8.276130643025681e-07,0.0023559949739819785,4.711999947963957e-05,False,0,none,True,10.70090130000608,0.9440266999881715,0.10688786824039198,ok,0.003792750280022077,0.007585500559497912,0.12345914420438943,0.026979595553215042,0.12345914420438943,0.026979595553215042,0.51069764060612,0.023137499153530184,764.1314870000351
62,62,61,61,3886,3886,3886,1,0.0180851573986624,0.0180851573986624,0.005254847486176685,0.07872045661634743,0.28186012737484706,0,2474,0.018894254320518174,0.9571776208719104,2474,0.018894254320518174,0.9571776208719152,2474,0.018894254320518174,0.9571776208719104,False,0,4012,-365.2842625021816,-365.28419887055895,True,False,accepted,L-BFGS-B>Newton-CG,True,1.1165963439505285e-12,4.86028701844576e-12,2.3073876639647459e-07,0.001584966281029665,31.83062237829818,-0.00025623207349358346,-1.260025883544763e-15,6.363162265188294e-05,0.0015849662809728216,0.0015851755938456336,-2.093128728120064e-07,0.0015851755938456336,3.1703611876912674e-05,False,0,none,True,10.94306850002613,3.363207100017462,0.10530269264654635,ok,0.003761778366915441,0.007523556733289101,0.11674734459773453,0.025512862246510826,0.11674734459773453,0.025512862246510826,0.5068242905997538,0.022962014433476924,778.7190996999852
63,63,62,62,500,500,500,1,0.015486527715494858,0.015486527715494858,0.004264415449411199,0.07406442124581865,0.2775376407839279,0,3134,0.01740229931398239,0.8899127314200227,3134,0.01740229931398239,0.8899127314200189,3134,0.01740229931398239,0.8899127314200227,False,0,4011,-365.28567839077505,-365.28561342773224,True,False,accepted,L-BFGS-B>Newton-CG,True,9.555821170325694e-10,4.570077796073031e-09,2.1009537204239292e-07,0.001415888593442105,31.83062237829818,-0.0001705673728071205,-1.260025883544763e-15,6.496304280290133e-05,0.001415888593442105,0.0014145571732910867,1.331420151018392e-06,0.001415888593442105,2.83178718688421e-05,False,0,none,True,11.269261300039943,22.57334780000383,0.10388813547325526,ok,0.0037289105141008905,0.007457821027664734,0.10853485691761677,0.023718182739187132,0.10853485691761677,0.023718182739187132,0.5033766860774762,0.022805818398145272,812.8287878999836
64,64,63,63,2044,2044,2044,1,0.017004849811004932,0.017004849811004932,0.002687876006948745,0.08648271730558053,0.2307646727610795,0,3134,0.017438235939100887,0.9751473641250492,3134,0.017438235939100887,0.9751473641250482,3134,0.017438235939100887,0.9751473641250492,False,0,4010,-365.28645874680126,-365.28640046842673,True,False,accepted,L-BFGS-B>Newton-CG,True,1.1069782093761843e-12,5.629834115918629e-12,1.9762714506030464e-07,0.0007803560262118481,31.83062237829818,-0.0001884052738756415,-1.260025883544763e-15,5.8278374524434184e-05,0.0007803560262118481,0.0007870406944903152,-6.684668278467143e-06,0.0007870406944903152,1.5740913889806304e-05,False,0,none,True,10.82432220003102,2.535197400022298,0.10310109477876495,ok,0.003725682488414177,0.007451364976291772,0.1078342139038737,0.023565070831115913,0.1078342139038737,0.023565070831115913,0.5017418566125829,0.022731751352691055,826.4731954000308
65,65,64,64,3738,3738,3738,1,0.014894262076697806,0.014894262076697806,0.004948562720945867,0.07485600845970594,0.2780166830026002,0,3134,0.017396512791743847,0.8561636607864551,3134,0.017396512791743847,0.8561636607864417,3134,0.017396512791743847,0.8561636607864551,False,0,4009,-365.2876882959008,-365.2876291874893,True,False,accepted,L-BFGS-B>Newton-CG,True,1.1094047141946348e-12,5.5756779519057276e-12,1.9997216513651903e-07,0.0012295490995484215,31.83062237829818,-0.00018770390855016707,-1.260025883544763e-15,5.9108411505803815e-05,0.0012295490995484215,0.0012287190625670519,8.300369813696307e-07,0.0012295490995484215,2.459108199096843e-05,False,0,none,True,10.910233400005382,2.8160143999848515,0.1018723757161979,ok,0.0037353421262841077,0.007470684252030242,0.09821697375088861,0.021463409983409724,0.09821697375088861,0.021463409983409724,0.4986152908018007,0.022590100191517547,840.4910088999895
66,66,65,65,3769,3769,3769,1,0.011677077907326527,0.011677077907326527,0.029623179057571468,0.026848061659046962,0.06240263192750238,0,3134,0.016526444157588496,0.7065692895567453,3134,0.016526444157588496,0.7065692895571122,3134,0.016526444157588496,0.7065692895567453,False,0,4008,-365.2898790190324,-365.2898164401739,True,False,accepted,L-BFGS-B>Newton-CG,False,2.6994305719296344e-09,6.206559467604633e-09,4.35931879090084e-07,0.002190723131775485,31.83062237829818,-0.00015138721476606423,-1.260025883544763e-15,6.257885848981459e-05,0.0021907231316049547,0.002187252684620944,3.4704469840107777e-06,0.0021907231316049547,4.38145626320991e-05,False,0,none,True,10.999252900015563,15.017216200008988,0.09968512303157695,ok,0.0036869208549168125,0.007373841709302625,0.09784728490033825,0.021382621672971825,0.09784728490033825,0.021382621672971825,0.4932658758220582,0.02234774135778811,866.8004316000151
67,67,66,66,2131,2131,2131,1,0.012120539001111479,0.012120539001111479,0.003380590922972804,0.09642981531125629,0.2588980453986125,0,3134,0.01600470509910375,0.75731098611684,3134,0.01600470509910375,0.7573109861168322,3134,0.01600470509910375,0.75731098611684,False,0,4007,-365.29019551730926,-365.2901345527918,True,False,accepted,L-BFGS-B>Newton-CG,True,7.902989494951418e-13,6.2875406100128465e-12,1.266928580686379e-07,0.0003164982770726965,31.83062237829818,-0.0002702471237652497,-1.260025883544763e-15,6.0964517444972444e-05,0.00031649827684532283,0.000318112617890165,-1.6143410448421491e-06,0.000318112617890165,6.3623523578033e-06,False,0,none,True,10.729918400000315,2.9730122000328265,0.09936701041368678,ok,0.003683786923729849,0.00736757384692915,0.09650895438598606,0.02109015556018255,0.09650895438598606,0.02109015556018255,0.4926775506889704,0.022321086893019752,880.7951999999932
68,68,67,67,831,831,831,1,-0.01825422491022427,0.01825422491022427,0.0014083759357344224,0.12353190767450314,0.4879393083091053,0,7683,0.017977393822133387,1.0153988442835387,7683,0.017977393822133387,1.0153988442835313,7683,0.017977393822133387,1.0153988442835387,False,0,4006,-365.2909135797449,-365.29085401033745,True,False,accepted,L-BFGS-B>Newton-CG,True,1.1640503334845144e-12,7.877483652767452e-12,1.4876931121597057e-07,0.0007180624356237786,31.83062237829818,-0.0003026573359134791,-1.260025883544763e-15,5.956940742635197e-05,0.0007180624356237786,0.0007194575456423991,-1.3951100186204712e-06,0.0007194575456423991,1.4389250912847981e-05,False,0,none,True,11.022136000043247,2.2441558000282384,0.09864755286804439,ok,0.0036978168395065173,0.007395633678480466,0.1006269433938787,0.021990061991913498,0.1006269433938787,0.021990061991913498,0.491128252454827,0.022250894897343967,894.341485699988
69,69,68,68,3200,3200,3200,1,-0.0123053743544706,0.0123053743544706,0.004329770205932216,0.0704115228370902,0.230026798646449,0,6350,0.01266559700835977,0.9715589676782381,6350,0.01266559700835977,0.9715589676782076,6350,0.01266559700835977,0.9715589676782381,False,0,4005,-365.291485749331,-365.2914298348142,True,False,accepted,L-BFGS-B>Newton-CG,True,1.1376774103563527e-12,6.50980593137082e-12,1.7576364462324045e-07,0.0005721695861780063,31.83062237829818,-0.0003689476268086453,-1.260025883544763e-15,5.591451679265447e-05,0.0005721695861211629,0.0005758244767548604,-3.654890633697505e-06,0.0005758244767548604,1.1516589535097209e-05,False,0,none,True,11.008225700003095,2.463549999985844,0.09807172839128953,ok,0.003699647178102133,0.007399294355671433,0.10079336285584305,0.022026429729636907,0.10079336285584305,0.022026429729636907,0.48985589929928436,0.022193250084212617,908.1028896000353
70,70,68,68,470,470,,1,0.011367299239906037,0.011367299239906037,0.0032949806835196036,0.09695383445669095,0.3803806362310659,0,759,0.011350714556771531,1.0014611135758507,759,0.011350714556771531,1.001461113575837,759,0.011350714556771531,1.0014611135758507,False,0,4004,-365.291485749331,-365.2914298348142,False,True,projected_residual,L-BFGS-B>Newton-CG>trust-krylov,False,2.965079077542778e-07,2.52897174577085e-06,1.1824445251320903e-07,0.0005987186630136421,31.83062237829818,-0.0005809361147090285,-1.260025883544763e-15,5.591451679265447e-05,,,,,,False,0,none,False,11.004047000024002,7.330739099998027,,,,,,,,,,,926.5559269000078
71,71,69,69,1300,1300,1300,1,0.011331343151154166,0.011331343151154166,0.0030054907683172466,0.09934830771544402,0.39700700400720834,0,759,0.011350714556771531,0.9982933756707142,759,0.011350714556771531,0.9982933756707328,759,0.011350714556771531,0.9982933756707142,False,0,4003,-365.2921090696985,-365.2920536280044,True,False,accepted,L-BFGS-B>Newton-CG,True,1.676440103823622e-12,1.4698300552648252e-11,1.150567304239517e-07,0.0006233203676515586,31.83062237829818,-0.000573800887337291,-1.260025883544763e-15,5.544169408722155e-05,0.0006233203674810284,0.0006237931901864613,-4.7282270543291816e-07,0.0006237931901864613,1.2475963803729226e-05,False,0,none,True,10.872912599996198,4.05235700000776,0.09744793520110306,ok,0.0037204379000932313,0.007440875799650635,0.09186993371201561,0.020076387788234267,0.09186993371201561,0.020076387788234267,0.48835306657440086,0.022125163239600176,941.7916391000035
72,72,70,70,1500,1500,1500,1,0.0115721809487358,0.0115721809487358,0.0716904831030314,0.035221197017690185,0.06465124073550506,0,180,0.01143905857115102,1.0116375291512634,180,0.01143905857115102,1.0116375291526183,180,0.01143905857115102,1.0116375291512634,False,0,4002,-365.2933086999516,-365.2932546958616,True,False,accepted,L-BFGS-B>Newton-CG,True,7.475066497025965e-13,2.2751181560265143e-12,3.2955728733144754e-07,0.0011996302531542824,31.83062237829818,0.00045350134862392317,-1.260025883544763e-15,5.400408997502382e-05,0.001199630253097439,0.0012010678572096367,-1.4376041121977323e-06,0.0012010678572096367,2.4021457144192735e-05,False,0,none,True,10.884277899982408,3.4744986000005156,0.09624686734389343,ok,0.0036738317150488303,0.007347663429568546,0.0920046077641128,0.020105818183856317,0.0920046077641128,0.020105818183856317,0.48464179972457705,0.0219570218056699,956.4488331000321
73,73,71,71,2665,2665,2665,1,0.01053538912811991,0.01053538912811991,0.07854211634113323,0.01841463020753898,0.035173890479172014,0,5355,0.01059955833586666,0.9939460489094517,5355,0.01059955833586666,0.9939460489092818,5355,0.01059955833586666,0.9939460489094517,False,0,4001,-365.29716065353466,-365.29710810618394,True,False,accepted,L-BFGS-B,True,3.034751605764227e-07,5.304391504914394e-07,5.731205915801277e-07,0.0038519535831369467,36.14142412996828,0.0008260633563526245,-1.260025883544763e-15,5.254735071957839e-05,0.0038519535830801033,0.0038534103223355487,-1.4567392554454273e-06,0.0038534103223355487,7.706830644671097e-05,False,0,none,True,10.791781799984165,1.1173018000554293,0.09239345702155788,ok,0.0037685597792430346,0.0075371195579433115,0.09147631376964502,0.019990369802970597,0.09147631376964502,0.019990369802970597,0.4741707997092501,0.021482626126646,968.6568540000007
74,74,72,72,2298,2298,2298,1,0.011029153534533882,0.011029153534533882,0.0071364864289439715,0.048676937231920445,0.11565225172340723,0,898,0.011414040085339461,0.9662795515060492,898,0.011414040085339461,0.9662795515060774,898,0.011414040085339461,0.9662795515060492,False,0,4000,-365.29804445331047,-365.2979930499809,True,False,accepted,L-BFGS-B>Newton-CG,True,9.361907422206017e-13,4.1318556851000284e-12,2.2757876111128923e-07,0.0008837997759201244,36.14142412996828,0.0008211387468928277,-1.260025883544763e-15,5.140332956443672e-05,0.0008837997758064375,0.0008849437969615792,-1.1440211551416724e-06,0.0008849437969615792,1.7698975939231585e-05,False,0,none,True,11.113432899990585,2.644753700005822,0.0915085132245963,ok,0.0037408543959962476,0.007481708791453727,0.09088830483752987,0.019861871883497893,0.09088830483752987,0.019861871883497893,0.47216315362493594,0.021391668374185515,982.7214821000234
75,75,73,73,791,791,791,1,-0.010521068826663205,0.010521068826663205,0.0016923556758979457,0.09763874642044347,0.40805809299589546,0,3344,0.010870803057132596,0.9678281145715429,3344,0.010870803057132596,0.9678281145715382,3344,0.010870803057132596,0.9678281145715429,False,0,3999,-365.2984027582893,-365.298353401039,True,False,accepted,L-BFGS-B>Newton-CG,True,9.124680651889692e-13,8.467983576711144e-12,1.0875505844135801e-07,0.0003583049787607706,36.14142412996828,0.00080362287922673,-1.260025883544763e-15,4.9357250304638e-05,0.00035830497881761403,0.00036035105807741274,-2.0460792597987165e-06,0.00036035105807741274,7.207121161548256e-06,False,0,none,True,10.982451099960599,3.4107675999985076,0.09114816216651889,ok,0.0037369473165947183,0.007473894632651232,0.09051217270341544,0.019779675518713645,0.09051217270341544,0.019779675518713645,0.4713441249254077,0.02135456172959722,997.4393689000281
76,76,74,74,3309,3309,3309,1,0.009398485173451654,0.009398485173451654,0.24566868849808562,0.027914965680117768,0.04832715616496464,0,1954,0.009984792965350323,0.9412799249886,1954,0.009984792965350323,0.9412799249817733,1954,0.009984792965350323,0.9412799249886,False,0,3998,-365.30004397953553,-365.29999473163525,True,False,accepted,L-BFGS-B>Newton-CG,True,1.295840901559556e-12,3.848849429036241e-12,3.3768266983466715e-07,0.0016412212463592368,36.14142412996828,-0.0013497589654932053,-1.260025883544763e-15,4.924790027871495e-05,0.00164122124624555,0.001641330596271473,-1.0935002592304954e-07,0.001641330596271473,3.2826711925429464e-05,False,0,none,True,10.896578000043519,4.0719278999604285,0.08950683157024741,ok,0.0038303471363114643,0.007660694272071272,0.09012817351778468,0.019695759962779363,0.09012817351778468,0.019695759962779363,0.4669381751355529,0.021154947219116475,1012.7289078999893
77,77,74,74,1801,1801,,1,-0.008766733046445374,0.008766733046445374,0.038739278333831846,0.016464651584673903,0.04033925267271723,0,1954,0.011672837173403039,0.7510370372012621,1954,0.011672837173403039,0.7510370372006377,1954,0.011672837173403039,0.7510370372012621,False,0,3997,-365.30004397953553,-365.29999473163525,False,True,projected_residual,L-BFGS-B>Newton-CG>trust-krylov,False,8.846046786404896e-07,1.6613609364922024e-06,5.334578538052327e-07,0.0036823912007548643,40.42180650495517,-0.0007268967734179097,-1.260025883544763e-15,4.924790027871495e-05,,,,,,False,0,none,False,10.991433700022753,6.588651700003538,,,,,,,,,,,1030.4149146000273
78,78,75,75,115,115,115,1,-0.00862649473094379,0.00862649473094379,0.0351726580964611,0.017994756720304483,0.044639879202917856,0,1954,0.011672837173403039,0.7390229644083064,1954,0.011672837173403039,0.7390229644078977,1954,0.011672837173403039,0.7390229644083064,False,0,3996,-365.30305048008074,-365.3030043392738,True,False,accepted,L-BFGS-B>Newton-CG,True,9.392105419128043e-10,1.9591810738932743e-09,4.803893501872239e-07,0.0030065005452115656,36.9847156519897,-0.0008587984969203486,-1.260025883544763e-15,4.614080694409495e-05,0.0030065005452115656,0.0030096076385461856,-3.1070933346200036e-06,0.0030096076385461856,6.0192252770923715e-05,False,0,none,True,10.865007099986542,8.251442500040866,0.08649722393170123,ok,0.0035904735618854503,0.007180947123253792,0.08899173859598591,0.019447414206292337,0.08899173859598591,0.019447414206292337,0.45820705628327285,0.020759378023194133,1049.858980000019
79,79,76,76,1186,1186,1186,1,0.008302723938758305,0.008302723938758305,0.03133700431255895,0.01909621293676061,0.04860318067697198,0,1954,0.01393859950105743,0.5956641438853618,1954,0.01393859950105743,0.595664143884466,1954,0.01393859950105743,0.5956641438853618,False,0,3995,-365.3056646888234,-365.30561847728904,True,False,accepted,L-BFGS-B>Newton-CG,True,8.504228312801665e-13,1.955967147903655e-12,4.3578380104268276e-07,0.0026142087426705984,36.9847156519897,-0.00035941629909267927,-1.260025883544763e-15,4.621153436801251e-05,0.0026142087426705984,0.002614138015246681,7.072742391756037e-08,0.0026142087426705984,5.228427485341197e-05,False,0,none,True,10.886936999973841,2.761224800022319,0.08388308591645455,ok,0.003443835100344909,0.006887670200193828,0.08810122499555995,0.019252809773150026,0.08810122499555995,0.019252809773150026,0.4508107044166101,0.020424281340838183,1063.829271399998
80,80,77,77,3477,3477,3477,1,-0.009120906747979607,0.009120906747979607,0.02165512037966782,0.028258934075534148,0.07918767754512834,0,1954,0.009995563530224323,0.9124955006688765,1954,0.009995563530224323,0.9124955006684805,1954,0.009995563530224323,0.9124955006688765,False,0,3994,-365.30715462581486,-365.3071040777494,True,False,accepted,L-BFGS-B>Newton-CG,True,9.546710910837752e-10,2.9578185779447733e-09,3.2376188208511557e-07,0.0014899369914473937,36.9847156519897,0.00024981839126398157,-1.260025883544763e-15,5.054806547377666e-05,0.0014899369914473937,0.0014856004603416295,4.336531105764152e-06,0.0014899369914473937,2.9798839828947876e-05,False,0,none,True,10.986835999996401,9.894920899998397,0.08239748545611292,ok,0.003477674156815484,0.006955348313130104,0.0876860904850598,0.019162090197328785,0.0876860904850598,0.019162090197328785,0.44677955813437537,0.020241647554666262,1085.04696170002
81,81,78,78,3556,3556,3556,1,-0.007728416671292315,0.007728416671292315,0.029230189001314258,0.0186459691221465,0.04721494143208809,0,1954,0.011951864385316506,0.6466285444793937,1954,0.011951864385316506,0.6466285444796759,1954,0.011951864385316506,0.6466285444793937,False,0,3993,-365.3093638968223,-365.309312751741,True,False,accepted,L-BFGS-B>Newton-CG,True,1.4377377037191016e-12,3.468758746426466e-12,4.154818964997974e-07,0.002209271007473035,36.9847156519897,0.0002333596471661167,-1.260025883544763e-15,5.11450812723524e-05,0.0022092710074161914,0.0022086739916176157,5.970157985757396e-07,0.0022092710074161914,4.418552014832383e-05,False,0,none,True,10.92302639997797,3.744608299981337,0.0801888114644953,ok,0.003480879245341851,0.006961758490182377,0.08766378276606517,0.019157215279070855,0.08766378276606517,0.019157215279070855,0.4403977320092221,0.01995251464151346,1100.0493410000345
82,82,79,79,378,378,378,1,-0.006581727426323791,0.006581727426323791,0.036931256900518135,0.02281931382788993,0.0577715286907853,0,1954,0.012089186300526963,0.5444309701834024,1954,0.012089186300526963,0.5444309701825069,1954,0.012089186300526963,0.5444309701834024,False,0,3992,-365.31045107464234,-365.3103987449396,True,False,accepted,L-BFGS-B>Newton-CG,True,1.036353480845975e-12,3.593110711549186e-12,2.894279289015135e-07,0.0010871778200680637,36.9847156519897,-7.091576009981957e-05,-1.260025883544763e-15,5.2329702725728566e-05,0.0010871778200680637,0.0010859931986146876,1.1846214533761668e-06,0.0010871778200680637,2.1743656401361276e-05,False,0,none,True,10.893909099977463,4.16687269997783,0.07910281826588061,ok,0.0034864845953837147,0.006972969190265297,0.08738413508749474,0.019096103716101206,0.08738413508749474,0.019096103716101206,0.43714382851449357,0.01980509436115815,1115.454736499989
83,83,80,80,3905,3905,3905,1,0.006229840252536256,0.006229840252536256,0.41571417496730556,0.009835747032327046,0.014972817579455785,0,1954,0.01211635589011255,0.5141678165478833,1954,0.01211635589011255,0.5141678165484088,1954,0.01211635589011255,0.5141678165478833,False,0,3991,-365.3169105819002,-365.3168664801104,True,False,accepted,L-BFGS-B,True,2.6610284788000454e-07,4.2012639011850883e-07,6.343876046323642e-07,0.0064595072578867985,67.66450563844296,0.0010530487962104244,-1.260025883544763e-15,4.410178979696866e-05,0.006459507257829955,0.006467735170758715,-8.227912928759906e-06,0.006467735170758715,0.0001293548034151743,False,0,none,True,10.894547300005797,1.3348234000150114,0.0726350830951219,ok,0.0037395286026703956,0.007479057204802215,0.08574484100408644,0.01873786786692089,0.08574484100408644,0.01873786786692089,0.4188320479116124,0.018975466858481733,1128.016025800025
84,84,81,81,1402,1402,1402,1,-0.006920772313708579,0.006920772313708579,0.028387849758952206,0.023787708996866698,0.06324731213641327,0,1954,0.016999789494937127,0.4071092948397815,1954,0.016999789494937127,0.40710929483938,1954,0.016999789494937127,0.4071092948397815,True,1,3990,-365.3180583395181,-365.3180105488807,True,False,accepted,L-BFGS-B>Newton-CG,True,9.923441898023532e-13,3.4108416751192636e-12,2.9193821535051313e-07,0.0011477576179004245,67.66450563844296,0.0002165841622648267,-1.260025883544763e-15,4.779063738169498e-05,0.0011477576179004245,0.0011440687703156982,3.688847584726318e-06,0.0011477576179004245,2.2955252358008493e-05,False,0,none,True,10.870072900026571,2.875716399983503,0.0714910143248062,ok,0.003504644781450884,0.00700928956239702,0.0849787733516081,0.018570458676103484,0.0849787733516081,0.018570458676103484,0.41528241968405855,0.018814648570751054,1142.1103952000267
85,85,82,82,947,947,947,1,-0.0069156462508499494,0.0069156462508499494,0.007120015533907879,0.042690234853570465,0.15067549225666055,0,1954,0.01542180802941483,0.4484329099194706,1954,0.01542180802941483,0.44843290991927737,1954,0.01542180802941483,0.4484329099194706,True,2,3989,-365.3185415113645,-365.3184899501713,True,False,accepted,L-BFGS-B>Newton-CG,True,1.2615025601633986e-12,7.787246282950628e-12,1.6299597576942292e-07,0.0004831718464970436,67.66450563844296,0.00012219085957146275,-1.260025883544763e-15,5.156119323146413e-05,0.00048317184644020017,0.000479401290590431,3.7705558497691527e-06,0.00048317184644020017,9.663536928804004e-06,False,0,none,True,10.987578100000974,5.994554500037339,0.07101161303421577,ok,0.003492247315507172,0.006984494630511382,0.08477235798777015,0.01852535061166479,0.08477235798777015,0.01852535061166479,0.41385854186061866,0.018750138830906808,1159.439750700025
86,86,83,83,140,140,140,1,-0.0059482852462722224,0.0059482852462722224,0.01517989464894623,0.027060379603366602,0.08164695014551263,0,1954,0.013376267143500804,0.4446894774497941,1954,0.013376267143500804,0.4446894774493871,1954,0.013376267143500804,0.4446894774497941,True,3,3988,-365.3192398779639,-365.3191881741835,True,False,accepted,L-BFGS-B>Newton-CG,True,1.5965087605342617e-12,7.262955845502937e-12,2.2081529207874572e-07,0.0006983665994084731,67.66450563844296,5.646671456384486e-05,-1.260025883544763e-15,5.170378040020296e-05,0.0006983665994084731,0.0006982240122397343,1.4258716873882804e-07,0.0006983665994084731,1.3967431988169462e-05,False,0,none,True,10.860080300015397,3.0326315000420436,0.07031338902197604,ok,0.0034810242602438556,0.006962048519986365,0.08427004827335918,0.018415580589973866,0.08427004827335918,0.018415580589973866,0.4121819940445421,0.01867418170757002,1173.6887614000007
87,87,84,84,2879,2879,2879,1,-0.0056419328582362205,0.0056419328582362205,0.013532596573469438,0.028307528551748805,0.08795672448557146,0,1954,0.009849402199679084,0.5728198264073374,1954,0.009849402199679084,0.5728198264070269,1954,0.009849402199679084,0.5728198264073374,False,0,3987,-365.31987551477266,-365.31982295895733,True,False,accepted,L-BFGS-B>Newton-CG,True,1.022900048665898e-12,5.132243339398591e-12,2.003085637256171e-07,0.000635636808738127,67.66450563844296,8.348914233389989e-05,-1.260025883544763e-15,5.255581532992437e-05,0.000635636808738127,0.0006347847738084056,8.520349297214125e-07,0.000635636808738127,1.2712836174762541e-05,False,0,none,True,11.03199610003503,2.8973261000355706,0.06967860424816763,ok,0.003514016615103003,0.007028033229699908,0.08401670383392697,0.018360217088504736,0.08401670383392697,0.018360217088504736,0.4103402908429063,0.01859074210871398,1187.9695626000175
88,88,85,85,1040,1040,1040,1,-0.005184539525590948,0.005184539525590948,0.001925847620352232,0.0463016997561711,0.17852262270665173,0,1954,0.010403345158253934,0.4983531207245944,1954,0.010403345158253934,0.4983531207245826,1954,0.010403345158253934,0.4983531207245944,True,1,3986,-365.32021542053656,-365.32016303315345,True,False,accepted,L-BFGS-B>Newton-CG,True,7.277833704263038e-10,6.499633562167109e-09,1.1297298485603334e-07,0.0003399057639512648,67.66450563844296,6.177024608864255e-05,-1.260025883544763e-15,5.238738310708868e-05,0.0003399057638944214,0.0003400741961172571,-1.6843222283569048e-07,0.0003400741961172571,6.801583922345142e-06,False,0,none,True,11.03117170004407,5.549965799960773,0.06933853005205037,ok,0.0035058056337205863,0.007011611266936257,0.0837097300283202,0.018293133931772412,0.0837097300283202,0.018293133931772412,0.40944881414271017,0.01855035315886158,1204.9085727999918
89,89,85,85,1797,1797,,1,0.005801942661762316,0.005801942661762316,0.0003981309047383179,0.07070275562634634,0.3093266352379811,0,1954,0.013980679170898415,0.41499719654817574,1954,0.013980679170898415,0.4149971965481799,1954,0.013980679170898415,0.41499719654817574,True,2,3985,-365.32021542053656,-365.32016303315345,False,True,projected_residual,L-BFGS-B>Newton-CG>trust-krylov,False,6.220625109623945e-07,7.5804840514836215e-06,8.306105398251539e-08,0.00019333562715928565,67.66450563844296,5.038490274162917e-05,-1.260025883544763e-15,5.238738310708868e-05,,,,,,False,0,none,False,11.037401499983389,6.797184800030664,,,,,,,,,,,1222.8581027000328
90,90,86,86,3710,3710,3710,1,0.004485624651054287,0.004485624651054287,0.4024743070547501,0.01030211475341586,0.015725894110037913,0,1954,0.013980679170898415,0.3208445452629635,1954,0.013980679170898415,0.3208445452632542,1954,0.013980679170898415,0.3208445452629635,True,3,3984,-365.3232516530366,-365.32320357742736,True,False,accepted,L-BFGS-B>Newton-CG,True,1.117956938735715e-12,2.5676068384653808e-12,4.364081481586569e-07,0.003036232500164715,67.66450563844296,-0.0024022584592472396,-1.260025883544763e-15,4.807560924291465e-05,0.003036232500051028,0.003040544273915202,-4.311773864174029e-06,0.003040544273915202,6.0810985478304045e-05,False,0,none,True,10.981947500025854,7.679689800017513,0.06629798577813517,ok,0.004211234421560793,0.008422468842515072,0.08288660433002261,0.01811325581441918,0.08288660433002261,0.01811325581441918,0.4010523549673667,0.01816994594407283,1241.8765042999876
91,91,87,87,3383,3383,3383,1,0.006975261510309361,0.006975261510309361,0.05809626795716185,0.01948626788289068,0.03896623523037034,0,1954,0.014388978890233424,0.48476417704968955,1954,0.014388978890233424,0.4847641770513058,1954,0.014388978890233424,0.48476417704968955,True,4,3983,-365.32483299579496,-365.3247866545067,True,False,accepted,L-BFGS-B,True,2.375089519054949e-07,6.635110460786207e-07,3.589577963459436e-07,0.0015813427584134843,67.66450563844296,-0.0021942478339922033,-1.260025883544763e-15,4.6341288282292226e-05,0.0015813427583566408,0.0015830770793172633,-1.7343209606224264e-06,0.0015830770793172633,3.1661641586345263e-05,False,0,none,True,11.012249000021257,1.3663005999987945,0.06471490869881791,ok,0.004026279416711467,0.00805255883284306,0.08273420480208994,0.01807995186068921,0.08273420480208994,0.01807995186068921,0.3962182694572005,0.017950934457615177,1254.6176728000282
92,92,88,88,42,42,42,1,-0.006062201298427411,0.006062201298427411,0.0005122028392050237,0.10398744034600504,0.4712044323635366,0,1954,0.015015692612643246,0.40372438720029635,1954,0.015015692612643246,0.40372438720028253,1954,0.015015692612643246,0.40372438720029635,True,5,3982,-365.32494311820426,-365.32489735153985,True,False,accepted,L-BFGS-B>Newton-CG,True,1.3512513286921e-12,2.3178580369895688e-11,5.929741542096787e-08,0.00011012240929630934,67.66450563844296,-0.0021995252162983607,-1.260025883544763e-15,4.576666441380439e-05,0.00011012240929630934,0.00011069703316479718,-5.746238684878335e-07,0.00011069703316479718,2.2140406632959433e-06,False,0,none,True,11.052957299980335,3.09160729998257,0.06460421166565311,ok,0.0040295406607521915,0.008059081320924038,0.08276674591173301,0.01808706308750583,0.08276674591173301,0.01808706308750583,0.39591138374656115,0.017937030794653818,1269.1167605000082
93,93,89,89,653,653,653,1,0.004883076231336436,0.004883076231336436,0.1434993259832652,0.012532470973083848,0.021426209004296422,0,1954,0.01506509429150219,0.3241318067349135,1954,0.01506509429150219,0.32413180673605296,1954,0.01506509429150219,0.3241318067349135,True,6,3981,-365.3266697099152,-365.3266218908592,True,False,accepted,L-BFGS-B>Newton-CG,True,1.0084369844510292e-12,2.588165049531496e-12,3.9063395500359385e-07,0.0017265917107920359,67.66450563844296,-0.0014001714052161158,-1.260025883544763e-15,4.7819056021580764e-05,0.0017265917109625661,0.0017245393193547898,2.0523916077763715e-06,0.0017265917109625661,3.453193421925132e-05,False,0,none,True,10.865473299985752,3.2761773000238463,0.06287967234629832,ok,0.003469694635750206,0.006939389271000698,0.08146141225715454,0.01780180779686309,0.08146141225715454,0.01780180779686309,0.39026590359599905,0.01768125852977734,1283.632085899997
94,94,90,90,2808,2808,2808,1,-0.0054473079274401925,0.0054473079274401925,0.05719153342438935,0.019406613065767225,0.04521019843841898,0,1954,0.015500778883199345,0.35142156200578445,1954,0.015500778883199345,0.3514215620073703,1954,0.015500778883199345,0.35142156200578445,True,7,3980,-365.3277391492888,-365.32769143791006,True,False,accepted,L-BFGS-B>Newton-CG,True,7.729198430766747e-13,2.7536090349677908e-12,2.816933857571816e-07,0.0010694393736798702,67.66450563844296,-0.0017653235954358832,-1.260025883544763e-15,4.771137872694453e-05,0.0010694393735661833,0.0010695470508608196,-1.0767729463623255e-07,0.0010695470508608196,2.1391041017216393e-05,False,0,none,True,11.085969600011595,3.5969495000317693,0.0618101252954375,ok,0.0035124619243082694,0.007024923848110665,0.08107436548793137,0.017717226250788767,0.08107436548793137,0.017717226250788767,0.3868611605985467,0.017527004364576878,1298.6841222000076
95,95,90,90,1036,1036,,1,-0.004817148481841893,0.004817148481841893,0.0011251819863301103,0.09960077036256149,0.437398969818899,0,1954,0.01582347365682516,0.304430530635358,1954,0.01582347365682516,0.3044305306353687,1954,0.01582347365682516,0.304430530635358,True,8,3979,-365.3277391492888,-365.32769143791006,False,True,projected_residual,L-BFGS-B>Newton-CG>trust-krylov,False,7.388106628593693e-07,1.5275865265593616e-05,4.936457051787563e-08,8.61562353975387e-05,67.66450563844296,-0.0017647163748101102,-1.260025883544763e-15,4.771137872694453e-05,,,,,,False,0,none,False,10.820492500031833,13.162764800013974,,,,,,,,,,,1322.7923961000051
96,96,91,91,1499,1499,1499,1,-0.004795661416412911,0.004795661416412911,0.0008354662804863714,0.1076229867960119,0.4939015473208264,0,1954,0.01582347365682516,0.30307260721759355,1954,0.01582347365682516,0.3030726072175927,1954,0.01582347365682516,0.30307260721759355,True,9,3978,-365.32781887064317,-365.3277715101907,True,False,accepted,L-BFGS-B>Newton-CG,True,7.220683434570717e-13,1.6204470050332352e-11,4.555982461717482e-08,7.972135432510186e-05,67.66450563844296,-0.0017649524725485185,-1.260025883544763e-15,4.73604524700022e-05,7.972135438194528e-05,8.00722806388876e-05,-3.5092625694232993e-07,8.00722806388876e-05,1.6015456127777521e-06,False,0,none,True,10.745012300030794,3.1200347000267357,0.061730053014798614,ok,0.0035111503386521005,0.007022300676798516,0.08113870148410302,0.017731285631869122,0.08113870148410302,0.017731285631869122,0.3866672387063042,0.017518218603177458,1337.025552599982
97,97,92,92,1389,1389,1389,1,-0.004061010922549402,0.004061010922549402,0.00469972938129257,0.03893904472771283,0.14202053425938277,0,1954,0.01580104404520087,0.25700902490571953,1954,0.01580104404520087,0.25700902490570987,1954,0.01580104404520087,0.25700902490571953,True,10,3977,-365.3280410682209,-365.32799436964035,True,False,accepted,L-BFGS-B>Newton-CG,True,1.1255129502323812e-12,1.0791992424113558e-11,1.05291488170205e-07,0.00022219757772745652,67.66450563844296,-0.0018197064536661924,-1.260025883544763e-15,4.6698580547399615e-05,0.00022219757772745652,0.0002228594496500591,-6.61871922602586e-07,0.0002228594496500591,4.457288993001182e-06,False,0,none,True,10.79827720002504,3.1792196999886073,0.061507193565148555,ok,0.0035488742208855746,0.007097748441260031,0.08103626945675017,0.017708901103874176,0.08103626945675017,0.017708901103874176,0.38613127447746526,0.0174939363842967,1351.3714870000258
98,98,93,93,1677,1677,1677,1,0.003952401268701777,0.003952401268701777,0.26250278010524974,0.005100052379243749,0.008261247762121053,0,1954,0.011428145708938454,0.34584799401099964,1954,0.011428145708938454,0.34584799399999644,1954,0.011428145708938454,0.34584799401099964,True,11,3976,-365.3360987923361,-365.33605241480393,True,False,accepted,L-BFGS-B,True,7.69965763920502e-07,9.935392333151575e-07,7.759726816034687e-07,0.008057724115190013,130.49492652973086,-0.002656187653135029,-1.260025883544763e-15,4.6377532157748647e-05,0.008057724115190013,0.008058045163579663,-3.210483896509686e-07,0.008058045163579663,0.00016116100327159328,False,0,none,True,10.902094000019133,1.5793822999694385,0.05344914840156889,ok,0.004028173316444369,0.008056346632308592,0.07780670837309614,0.017003143321306532,0.07780670837309614,0.017003143321306532,0.35955375023318786,0.016289823821773287,1364.2352118000272
99,99,93,93,508,508,,1,0.0046803134423250015,0.0046803134423250015,0.29020931778887404,0.004948925581678091,0.007857273274347949,0,1954,0.0090203186391898,0.5188634270624153,1954,0.0090203186391898,0.5188634270589413,1954,0.0090203186391898,0.5188634270624153,False,0,3975,-365.3360987923361,-365.33605241480393,False,True,projected_residual,L-BFGS-B>Newton-CG>trust-krylov,False,1.5192817300228047e-06,1.6064715732641475e-06,9.467258723450772e-07,0.013889279611305483,134.47988852188854,-0.0016465355325459591,-1.260025883544763e-15,4.6377532157748647e-05,,,,,,False,0,none,False,10.897806200024206,7.680486899975222,,,,,,,,,,,1382.9648035999853
100,100,94,94,26,26,26,1,0.004477204632774345,0.004477204632774345,0.27169983030171396,0.0043562086814491405,0.007001708717878408,0,1954,0.0090203186391898,0.49634661610761965,1954,0.0090203186391898,0.4963466161074664,1954,0.0090203186391898,0.49634661610761965,True,1,3974,-365.35100330598414,-365.35095278569275,True,False,accepted,L-BFGS-B,True,9.388324452194394e-07,9.134587428223378e-07,1.0287776118478037e-06,0.014904513648048123,152.7775662725588,-0.0015071935320363815,-1.260025883544763e-15,5.052029138141734e-05,0.014904513648048123,0.014900370888824455,4.1427592236686905e-06,0.014904513648048123,0.00029809037296096245,False,0,none,True,10.898791599960532,1.5543384000193328,0.03854877751274444,ok,0.002985903745811586,0.005971807491193134,0.06726929263223179,0.0147003959898173,0.06726929263223179,0.0147003959898173,0.30630298736473416,0.01387726229254558,1395.796103200002
101,101,95,95,1968,1968,1968,1,0.005189024480361848,0.005189024480361848,0.03967098430834125,0.018429619959314355,0.04137539525297967,0,1954,0.007678672845326104,0.6757710069026226,1954,0.007678672845326104,0.6757710069022829,1954,0.007678672845326104,0.6757710069026226,False,0,3973,-365.35189936265454,-365.3518451770992,True,False,accepted,L-BFGS-B>Newton-CG,False,4.184395901336339e-09,1.4861561692890904e-08,2.825582902931368e-07,0.000896056670399048,152.7775662725588,-0.0012818313579140398,-1.260025883544763e-15,5.418555531377933e-05,0.000896056670399048,0.000892391406466686,3.665263932361995e-06,0.000896056670399048,1.7921233407980962e-05,False,0,none,True,10.945239299966488,43.534463300020434,0.03765638610627775,ok,0.002871212248867156,0.005742424497320793,0.06671092196645613,0.014578374937197117,0.06671092196645613,0.014578374937197117,0.3026047149631799,0.013709709580810064,1450.6611991000245
102,102,96,96,1570,1570,1570,1,0.005016706632902435,0.005016706632902435,0.004788032900757461,0.0532665724312622,0.20187628700373794,0,1954,0.00919385583937693,0.5456586138120715,1954,0.00919385583937693,0.5456586138120367,1954,0.00919385583937693,0.5456586138120715,False,0,3972,-365.3521436768188,-365.35209172070034,True,False,accepted,L-BFGS-B>Newton-CG,True,8.209902757762495e-13,8.717141183780474e-12,9.518113788311963e-08,0.0002443141642629598,152.7775662725588,-0.0013378890587398492,-1.260025883544763e-15,5.195611845465464e-05,0.0002443141642629598,0.0002465436011220845,-2.2294368591246894e-06,0.0002465436011220845,4.930972022441691e-06,False,0,none,True,10.863340700045228,3.508959600003436,0.037409842505155666,ok,0.0028812260464796406,0.00576245209254432,0.06592057297509646,0.01440565953186858,0.06592057297509646,0.01440565953186858,0.30171719623059257,0.013669499949334949,1465.4226627000025
103,103,97,97,647,647,647,1,-0.005141195422645024,0.005141195422645024,0.00034619709788027,0.10377663898401444,0.5445722780747297,0,1954,0.009280016628355696,0.5540071347432467,1954,0.009280016628355696,0.5540071347432571,1954,0.009280016628355696,0.5540071347432467,False,0,3971,-365.3522557262961,-365.3522040532582,True,False,accepted,L-BFGS-B>Newton-CG,True,1.2384071364465616e-12,2.499763571479378e-11,5.054097061721975e-08,0.00011204947725218517,152.7775662725588,-0.001357163164130854,-1.260025883544763e-15,5.1673037887667306e-05,0.00011204947730902859,0.00011233255787601593,-2.830805669873371e-07,0.00011233255787601593,2.2467511575203183e-06,False,0,none,True,10.792706100037321,4.635953600052744,0.03729750994727965,ok,0.0028872708975391905,0.005774541794662549,0.06570194789077377,0.014357883270411197,0.06570194789077377,0.014357883270411197,0.301332055712005,0.013652050899810786,1481.2412663000287
104,104,97,97,3945,3945,,1,-0.0036510952934953878,0.0036510952934953878,0.19014720009574598,0.005889361461812985,0.010278014894208513,0,1954,0.009330609669321975,0.39130297192688174,1954,0.009330609669321975,0.3913029719303709,1954,0.009330609669321975,0.39130297192688174,True,1,3970,-365.3522557262961,-365.3522040532582,False,True,projected_residual,L-BFGS-B>Newton-CG>trust-krylov,False,9.697568666617634e-07,1.5642562735095126e-06,6.209475642734994e-07,0.004674662248305594,152.7775662725588,-0.0008504526477670982,-1.260025883544763e-15,5.1673037887667306e-05,,,,,,False,0,none,False,10.731621199985966,8.583604599989485,,,,,,,,,,,1500.6913391000126
105,105,98,98,517,517,517,1,-0.0035842375005286087,0.0035842375005286087,0.08760236861082733,0.012387117733795711,0.026138119707290516,0,1954,0.009330609669321975,0.3841375459433471,1954,0.009330609669321975,0.38413754594371746,1954,0.009330609669321975,0.3841375459433471,True,2,3969,-365.3535056653069,-365.3534557530629,True,False,accepted,L-BFGS-B>Newton-CG,True,1.3800824272426806e-12,4.76956214708531e-12,2.903520169531814e-07,0.0012499390107336694,152.7775662725588,-0.0013242408506619254,-1.260025883544763e-15,4.991224398054328e-05,0.0012499390107905128,0.0012516998046976369,-1.7607939071240253e-06,0.0012516998046976369,2.503409609395274e-05,False,0,none,True,10.954148899996653,9.717332700034603,0.03604581014258201,ok,0.0029285559555787665,0.005857111910735755,0.06476729499178548,0.014153633051767226,0.06476729499178548,0.014153633051767226,0.295851677110666,0.013403758671362244,1521.7513917000033
106,106,99,99,206,206,206,1,-0.0032931101146616015,0.0032931101146616015,0.09975231778835987,0.009470922511001042,0.019115212493034925,0,1954,0.009616437634640559,0.34244594929821853,1954,0.009616437634640559,0.3424459492991481,1954,0.009616437634640559,0.34244594929821853,True,3,3968,-365.3554680332471,-365.3554166484146,True,False,accepted,L-BFGS-B>Newton-CG,True,9.8858061611899e-10,2.843139186171979e-09,3.487074287910685e-07,0.0019623679402229754,152.7775662725588,-0.0011354857562678232,-1.260025883544763e-15,5.1384832545409154e-05,0.0019623679402229754,0.0019608953516581096,1.4725885648658732e-06,0.0019623679402229754,3.924745880445951e-05,False,0,none,True,10.757248700014316,5.447778100031428,0.034084914790923904,ok,0.002769124742550115,0.005538249484701414,0.06455411146353789,0.014107045936590035,0.06455411146353789,0.014107045936590035,0.2878589719625477,0.01304164380359133,1538.3735723000136
107,107,100,100,3724,3724,3724,1,-0.0036148704865417436,0.0036148704865417436,0.02747860870687716,0.016633870848839744,0.04400013980759346,0,3134,0.008018560740439317,0.45081288320373736,3134,0.008018560740439317,0.45081288320479557,3134,0.008018560740439317,0.45081288320373736,True,4,3967,-365.35610345154726,-365.35605287091556,True,False,accepted,L-BFGS-B>Newton-CG,True,1.6521992482395694e-12,7.60261524344444e-12,2.1831985577781576e-07,0.0006354183001349156,152.7775662725588,-0.0011330679641187698,-1.260025883544763e-15,5.0580631693719624e-05,0.0006354183001349156,0.0006362225009866052,-8.042008516895294e-07,0.0006362225009866052,1.2724550019732103e-05,False,0,none,True,10.992402700008824,3.7673669999931008,0.0334486922899373,ok,0.002783504199640913,0.005567008398880939,0.06500422682707249,0.01420540989771022,0.06500422682707249,0.01420540989771022,0.2850808819966604,0.012915780574307832,1553.5218622999964
108,108,101,101,2746,2746,2746,1,-0.003447803761274848,0.003447803761274848,0.05334106118043046,0.01379106053058392,0.03229890991279739,0,3134,0.00873439432694834,0.3947387342746016,3134,0.00873439432694834,0.39473873427349326,3134,0.00873439432694834,0.3947387342746016,True,5,3966,-365.35703795212646,-365.3569871206882,True,False,accepted,L-BFGS-B>Newton-CG,True,1.3098988564039681e-12,5.239536722146836e-12,2.5100280098566673e-07,0.0009345005793193195,152.7775662725588,-0.00126060398966876,-1.260025883544763e-15,5.083143827278036e-05,0.0009345005792056327,0.0009342497726265719,2.508065790607361e-07,0.0009345005792056327,1.8690111584112653e-05,False,0,none,True,10.818937600008212,8.074926200031769,0.03251444251731073,ok,0.0027850400477956744,0.00557008009519024,0.06323999787880029,0.01381987196291895,0.06323999787880029,0.01381987196291895,0.28097109812866855,0.01272958405956773,1572.8177529000095
109,109,102,102,3356,3356,3356,1,0.0031654011707213936,0.0031654011707213936,0.012678384356990447,0.020335676567570238,0.05465959411529903,0,3134,0.008427508492939996,0.3756034388304865,3134,0.008427508492939996,0.37560343883056224,3134,0.008427508492939996,0.3756034388304865,True,6,3965,-365.35739690474685,-365.3573443163472,True,False,accepted,L-BFGS-B>Newton-CG,True,1.240414319407219e-12,7.968868098748592e-12,1.566575292797242e-07,0.0003589526206155824,152.7775662725588,-0.0012955643038806432,-1.260025883544763e-15,5.2588399626074533e-05,0.00035895262038820874,0.00035719565903491457,1.756961353294173e-06,0.00035895262038820874,7.179152407764175e-06,False,0,none,True,11.039594500034582,3.736013899964746,0.03215724685827581,ok,0.002806945194279014,0.005613890388153764,0.06336269693333156,0.013846685455652506,0.06336269693333156,0.013846685455652506,0.2793976956124452,0.012658300003224581,1587.995662500034
110,110,103,103,2958,2958,2958,1,0.002888858299280983,0.002888858299280983,0.27922669545528017,0.003842280299439256,0.006139905906338035,0,3134,0.008708338112458433,0.3317347422636344,3134,0.008708338112458433,0.3317347422585308,3134,0.008708338112458433,0.3317347422636344,True,7,3964,-365.36553418515973,-365.36547663754345,True,False,accepted,L-BFGS-B>Newton-CG,True,1.1148767629548182e-12,1.482824209038939e-12,7.528603730359931e-07,0.008137280412881864,173.2124958775964,-0.0013245925305833343,-1.260025883544763e-15,5.754761627940752e-05,0.008137280412881864,0.008132321196228531,4.959216653332987e-06,0.008137280412881864,0.0001627457082576373,False,0,none,True,10.811560900008772,6.919971399998758,0.02402492566204728,ok,0.002096210170346246,0.00419242034039059,0.05493484453555792,0.012004942176615244,0.05493484453555792,0.012004942176615244,0.24185695361305723,0.010957491506825732,1606.1348358999821
111,111,104,104,67,67,67,1,0.0029753558834588745,0.0029753558834588745,0.25806365356274374,0.0038802896652347573,0.006302387165506206,0,3134,0.008585644650787715,0.34655008499401285,3134,0.008585644650787715,0.34655008499783985,3134,0.008585644650787715,0.34655008499401285,True,8,3963,-365.37304710952526,-365.3729881842835,True,False,accepted,L-BFGS-B>Newton-CG,True,1.040197405918334e-12,1.3565662065837227e-12,7.677870546015525e-07,0.007512924365641993,173.2124958775964,-0.0012994909126130317,-1.260025883544763e-15,5.892524177397718e-05,0.007512924365528306,0.007511546740033737,1.3776254945696564e-06,0.007512924365528306,0.00015025858731056613,False,0,none,True,10.921049199998379,4.06933480000589,0.016513378922013544,ok,0.002058103791184905,0.004116207582073397,0.05042999821922776,0.011020495601780998,0.05042999821922776,0.011020495601780998,0.20007771885576306,0.009064655253098877,1621.5313038000022
112,112,105,105,1917,1917,1917,1,0.003323192072700376,0.003323192072700376,0.05712110772875189,0.01736906394059,0.03857325417671664,0,3134,0.005796442121773556,0.573315838040934,3134,0.005796442121773556,0.5733158380415836,3134,0.005796442121773556,0.573315838040934,False,0,3962,-365.3735897493982,-365.3735308361375,True,False,accepted,L-BFGS-B>Newton-CG,True,9.139786702421237e-13,4.777019689662251e-12,1.923282191865415e-07,0.0005426398729468929,173.2124958775964,-0.0012183644032206407,-1.260025883544763e-15,5.891326071605363e-05,0.0005426398729468929,0.0005426518540048164,-1.1981057923549088e-08,0.0005426518540048164,1.0853137080096329e-05,False,0,none,True,10.940651100012474,8.750816100044176,0.015970727068008728,ok,0.0020133228982097545,0.004026645796129545,0.04955095774569687,0.010828398397449927,0.04955095774569687,0.010828398397449927,0.19651675178401667,0.008903323251426625,1641.641866400023
113,113,106,106,1044,1044,1044,1,-0.0023617640575821497,0.0023617640575821497,0.05649992053257678,0.009010952573511564,0.02011456769655373,0,3134,0.005477402740413321,0.4311832029725703,3134,0.005477402740413321,0.4311832029752189,3134,0.005477402740413321,0.4311832029725703,True,1,3961,-365.3748986569311,-365.3748381891184,True,False,accepted,L-BFGS-B>Newton-CG,True,9.209319832431399e-13,3.5136763122088105e-12,2.6309926624237404e-07,0.001308907532916237,173.2124958775964,-0.0012212946250980176,-1.260025883544763e-15,6.04678127160696e-05,0.001308907532916237,0.001307352980916221,1.554552000015974e-06,0.001308907532916237,2.617825065832474e-05,False,0,none,True,10.825960599991959,3.8149948000209406,0.014663374087092507,ok,0.002002209654723081,0.004004419309157799,0.04509197304849883,0.009853973987790839,0.04509197304849883,0.009853973987790839,0.18816604544816035,0.008524988899719149,1656.693539400003
114,114,107,107,2359,2359,2359,1,0.0025333133747882375,0.0025333133747882375,0.02988157336865531,0.01748786039352163,0.037951802262186356,0,3134,0.002731708388039056,0.9273732825511308,3134,0.002731708388039056,0.9273732825518595,3134,0.002731708388039056,0.9273732825511308,False,0,3960,-365.3752093488889,-365.37514712705564,True,False,accepted,L-BFGS-B>Newton-CG,True,1.294065742001249e-12,8.93313920831369e-12,1.4586125334271266e-07,0.00031069195779309666,173.2124958775964,-0.0011876975823911296,-1.260025883544763e-15,6.222183327508901e-05,0.00031069195779309666,0.00030893793723407725,1.7540205590194091e-06,0.00031069195779309666,6.213939155861934e-06,False,0,none,True,10.941258699982427,3.9181995000108145,0.01435443614985843,ok,0.001965945966330287,0.003931891932377433,0.04470865234652228,0.009770206701267447,0.04470865234652228,0.009770206701267447,0.18616848376661926,0.008434488027890317,1671.9736331999884
115,115,108,108,1417,1417,1417,1,0.0019121397405026386,0.0019121397405026386,0.1325784956404924,0.00962077608547219,0.018672041975613243,0,4376,0.0022152480936919786,0.8631718252901537,4376,0.0022152480936919786,0.8631718252941614,4376,0.0022152480936919786,0.8631718252901537,False,0,3959,-365.375746261257,-365.37568159392265,True,False,accepted,L-BFGS-B>Newton-CG,True,1.1134365154376687e-12,5.602165560008804e-12,1.99751090718554e-07,0.0005369123680907251,173.2124958775964,-0.0011011900415247738,-1.260025883544763e-15,6.466733435672722e-05,0.0005369123680907251,0.0005344668670090869,2.4455010816382128e-06,0.0005369123680907251,1.0738347361814501e-05,False,0,none,True,10.870365700044204,4.567022200033534,0.013819969282849343,ok,0.0018440068269445049,0.003688013653623431,0.04376298309191696,0.009563549072294066,0.04376298309191696,0.009563549072294066,0.18287265648687576,0.008285168362334899,1687.8278628999833
116,116,109,109,2207,2207,2207,1,0.0019601798943990056,0.0019601798943990056,0.008155991485210073,0.018306805449004235,0.05992857777233854,0,3330,0.0020461574936189676,0.9579809474646566,3330,0.0020461574936189676,0.9579809474649281,3330,0.0020461574936189676,0.9579809474646566,False,0,3958,-365.3758832872254,-365.3758189084647,True,False,accepted,L-BFGS-B>Newton-CG,True,1.157400803562911e-12,1.0809370812537649e-11,1.0807383654749422e-07,0.0001370259685131714,173.2124958775964,-0.0010991127081441193,-1.260025883544763e-15,6.437876072595827e-05,0.00013702596839948455,0.0001373145420302535,-2.8857363076895126e-07,0.0001373145420302535,2.74639084060507e-06,False,0,none,True,10.977059600001667,3.5795571000198834,0.013682654740819089,ok,0.001841992811031868,0.0036839856217984472,0.043534919130714556,0.009513710127814438,0.043534919130714556,0.009513710127814438,0.1819025848213369,0.008241218614860777,1702.8159530999837
117,117,110,110,3976,3976,3976,1,0.0016650776664526301,0.0016650776664526301,0.4885748365368154,0.009357731797201216,0.013853304999654955,0,7226,0.0019126388378542644,0.8705656465287684,7226,0.0019126388378542644,0.8705656465729006,7226,0.0019126388378542644,0.8705656465287684,False,0,3957,-365.3764010142976,-365.37633967449614,True,False,accepted,L-BFGS-B>Newton-CG,True,1.1724221993656662e-12,6.589009458528574e-12,1.7893603222835346e-07,0.0005177270722924732,173.2124958775964,-0.0004310222551614003,-1.260025883544763e-15,6.133980144795714e-05,0.0005177270721787863,0.0005207660314567875,-3.03895927800113e-06,0.0005207660314567875,1.041542062913575e-05,False,0,none,True,10.85623489995487,4.9159954999922775,0.013161888709362302,ok,0.0013674705383033886,0.0027349410764098306,0.04247202194195686,0.009281434613091468,0.04247202194195686,0.009281434613091468,0.17824023920021964,0.008075293590010524,1719.016725900001
118,118,111,111,1621,1621,1621,1,0.0015900675978081091,0.0015900675978081091,0.12819939340229802,0.007707420255201974,0.01360958354619301,0,4376,0.001970166957989943,0.8070725129967516,4376,0.001970166957989943,0.8070725129974775,4376,0.001970166957989943,0.8070725129967516,False,0,3956,-365.3768719287703,-365.37681011677654,True,False,accepted,L-BFGS-B>Newton-CG,True,1.1288355262207666e-12,5.471723222106582e-12,2.0730347705821482e-07,0.00047091447277125553,173.2124958775964,-0.0002215392428933461,-1.260025883544763e-15,6.18119937598749e-05,0.0004709144727144121,0.00047044228040249436,4.721923119177518e-07,0.0004709144727144121,9.418389454288243e-06,False,0,none,True,10.942604000039864,4.197277400002349,0.012691446428959807,ok,0.0013550423284231401,0.0027100846566511234,0.04251050801952219,0.009289844997059652,0.04251050801952219,0.009289844997059652,0.1749583866640828,0.00792660705958764,1734.5928638000041
119,119,112,112,650,650,650,1,-0.002146405191777001,0.002146405191777001,0.017303103853917194,0.018779277935239362,0.05416933047462428,0,1360,0.0020003156615809683,1.073033238204299,1360,0.0020003156615809683,1.0730332382040983,1360,0.0020003156615809683,1.073033238204299,False,0,3955,-365.37705904920256,-365.3769948036413,True,False,accepted,L-BFGS-B>Newton-CG,True,8.846776534553573e-13,7.740200965123225e-12,1.1529647078178583e-07,0.00018712043231516873,173.2124958775964,-0.0002479565678851439,-1.260025883544763e-15,6.424556124784431e-05,0.0001871204322583253,0.0001846868647703559,2.4335674879694125e-06,0.0001871204322583253,3.742508645166506e-06,False,0,none,True,10.929072899976745,36.13161740003852,0.012506759564189451,ok,0.0013512497406979783,0.0027024994812013463,0.041685033182840385,0.009109453521186781,0.041685033182840385,0.009109453521186781,0.17373860171788424,0.007871343884440283,1782.0872495000367
120,120,113,113,448,448,448,1,-0.0017085476034210956,0.0017085476034210956,0.13616983224114293,0.009872418482010368,0.01909612277602906,0,7226,0.001789435063020889,0.9547972087552364,7226,0.001789435063020889,0.9547972087588432,7226,0.001789435063020889,0.9547972087552364,False,0,3954,-365.3775142753341,-365.3774510378954,True,False,accepted,L-BFGS-B>Newton-CG,True,1.2623125881732596e-12,7.293960145496328e-12,1.7406272079820415e-07,0.0004552261315780015,173.2124958775964,-0.0002233556814063306,-1.260025883544763e-15,6.323743866687437e-05,0.0004552261315211581,0.00045623425410212803,-1.008122580969939e-06,0.00045623425410212803,9.124785082042561e-06,False,0,none,True,10.67007689998718,15.05303810001351,0.012050525310087323,ok,0.001329022841417299,0.0026580456826431884,0.042626812382962544,0.009315261054387087,0.042626812382962544,0.009315261054387087,0.17024219678674535,0.007712936913852733,1808.248794300016
121,121,114,114,858,858,858,1,-0.0023937550655237505,0.0023937550655237505,0.0054923470392379955,0.03519885305620925,0.13045529059244246,0,4376,0.0032705961611687704,0.7319017535531888,4376,0.0032705961611687704,0.7319017535533541,4376,0.0032705961611687704,0.7319017535531888,False,0,3953,-365.3776028120885,-365.3775384467107,True,False,accepted,L-BFGS-B>Newton-CG,True,8.913499946028673e-13,1.3106811943181014e-11,6.900662117278667e-08,8.853675444697728e-05,173.2124958775964,-0.0002374518158879515,-1.260025883544763e-15,6.43653778524822e-05,8.853675444697728e-05,8.740881526136945e-05,1.1279391856078291e-06,8.853675444697728e-05,1.7708350889395457e-06,False,0,none,True,10.623552499979269,3.9739627999952063,0.011963116494825954,ok,0.0013220897541965917,0.002644179508202773,0.04249776312515254,0.009287059848193786,0.04249776312515254,0.009287059848193786,0.1697167935592502,0.007689133168221555,1823.2826696999837
122,122,115,115,3596,3596,3596,1,-0.0017929679825730016,0.0017929679825730016,0.006257760124903906,0.029304699384884638,0.09723777885050307,0,4376,0.003246916428476101,0.5522063847558,4376,0.003246916428476101,0.552206384755889,4376,0.003246916428476101,0.5522063847558,False,0,3952,-365.37766991588103,-365.37760589421134,True,False,accepted,L-BFGS-B>Newton-CG,True,6.029140406800622e-10,9.854171902937471e-09,6.218363335029065e-08,6.71037926167628e-05,173.2124958775964,-0.00023453327996439727,-1.260025883544763e-15,6.402166968655365e-05,6.710379250307597e-05,6.744750066900451e-05,-3.437081659285468e-07,6.744750066900451e-05,1.3490500133800903e-06,False,0,none,True,10.535536300041713,9.198544099985156,0.01189566899415695,ok,0.00131681842540153,0.0026336368506134082,0.04177860023988436,0.009129900782282095,0.04177860023988436,0.009129900782282095,0.1692279079419437,0.007666983877413833,1843.4924681999837
123,123,115,115,2845,2845,,1,0.0016685810912918653,0.0016685810912918653,0.1316806937794896,0.009913598075360408,0.017471714616935162,0,4376,0.0032191695929027985,0.5183265569389489,4376,0.0032191695929027985,0.5183265569387574,4376,0.0032191695929027985,0.5183265569389489,False,0,3951,-365.37766991588103,-365.37760589421134,False,True,projected_residual,L-BFGS-B>Newton-CG>trust-krylov,False,3.214088712391368e-07,1.9095974729630206e-06,1.6931236728671606e-07,0.00035019091728827334,173.2124958775964,-0.0001970166659919859,-1.260025883544763e-15,6.402166968655365e-05,,,,,,False,0,none,False,10.868766100029461,17.058649599959608,,,,,,,,,,,1871.5734530999907
124,124,116,116,1509,1509,1509,1,-0.0015878011511860635,0.0015878011511860635,0.09092420115945823,0.009394524843764246,0.0199209827178895,0,4376,0.0032191695929027985,0.4932331476684666,4376,0.0032191695929027985,0.49323314767666093,4376,0.0032191695929027985,0.4932331476684666,True,1,3950,-365.3780500321266,-365.3779875008629,True,False,accepted,L-BFGS-B>Newton-CG,False,1.8266441760887327e-09,1.0807685236368971e-08,1.7001345071948315e-07,0.0003801162457079954,173.2124958775964,-0.000206356679652736,-1.260025883544763e-15,6.253126372257611e-05,0.00038011624559430857,0.0003816066515582861,-1.4904059639775369e-06,0.0003816066515582861,7.632233031165722e-06,False,0,none,True,10.875638899975456,33.77533080003923,0.011514062342598663,ok,0.001285536929505699,0.002571073858826252,0.04127907329797076,0.009020738881415103,0.04127907329797076,0.009020738881415103,0.1659774716581333,0.007519720681374769,1916.6651148000383
125,125,117,117,2402,2402,2402,1,0.0012798806019939102,0.0012798806019939102,0.00902163761741472,0.013050488126673275,0.0357710788817141,0,4376,0.00486371559078862,0.26314873435812597,4376,0.00486371559078862,0.26314873435810116,4376,0.00486371559078862,0.26314873435812597,True,2,3949,-365.3781902050401,-365.3781213003674,True,False,accepted,L-BFGS-B>Newton-CG,True,1.0942542781010023e-12,1.1157722870916426e-11,9.907146948892871e-08,0.0001401729135750429,173.2124958775964,-0.0002229963818388076,-1.260025883544763e-15,6.890467267339773e-05,0.00014017291346135607,0.00013379950451053446,6.373408950821613e-06,0.00014017291346135607,2.803558269227121e-06,True,1,train_valid_drop_disagreed,False,10.793466300005093,4.128221299964935,0.011380262838088129,ok,0.0012834300624926336,0.002566860124800424,0.04134814758957058,0.009035833724834743,0.04134814758957058,0.009035833724834743,0.1649372220282664,0.007472591474155524,1932.030081200006
126,126,118,118,2705,2705,2705,1,-0.0014269190369658458,0.0014269190369658458,0.0009442312428294934,0.059224534274876235,0.2982672795473976,0,3134,0.004221137093098696,0.33804138683360274,3134,0.004221137093098696,0.33804138683361074,3134,0.004221137093098696,0.33804138683360274,True,3,3948,-365.37821318513517,-365.37814357507074,True,False,accepted,L-BFGS-B>Newton-CG,True,7.868929093296979e-13,3.2660133385918045e-11,2.509337708550142e-08,2.298009519563493e-05,173.2124958775964,-0.00022854595449849866,-1.260025883544763e-15,6.961006442907092e-05,2.2980095081948093e-05,2.2274703326274903e-05,7.053917556731903e-07,2.2980095081948093e-05,4.597019016389619e-07,True,2,train_valid_drop_disagreed,False,10.804745199973695,4.867922200006433,0.011357988134761854,ok,0.0012859123587587737,0.002571824717332347,0.04176207568990719,0.009126289663170943,0.04176207568990719,0.009126289663170943,0.1647881876815982,0.007465839373116266,1948.1274314000038
127,127,119,119,3172,3172,3172,1,-0.0014703263261577615,0.0014703263261577615,0.0014259688456533858,0.04935840068369574,0.23960599511191383,0,4376,0.0037212137435085465,0.39512009454513736,4376,0.0037212137435085465,0.3951200945451461,4376,0.0037212137435085465,0.39512009454513736,True,4,3947,-365.37824697271526,-365.37817787261633,True,False,accepted,L-BFGS-B>Newton-CG,True,7.682326872050504e-13,2.5789334053572707e-11,3.078877568568405e-08,3.378758015060157e-05,173.2124958775964,-0.0002334934675175493,-1.260025883544763e-15,6.910009892635571e-05,3.378758009375815e-05,3.4297545596473356e-05,-5.099655027152039e-07,3.4297545596473356e-05,6.860509119294671e-07,False,0,none,True,11.066236499988008,4.4296304999734275,0.01132369058916538,ok,0.0012845334078308024,0.002569066815476603,0.04190932950326532,0.009158469121028627,0.04190932950326532,0.009158469121028627,0.16459942599450653,0.007457287398272366,1964.0744088999927
128,128,120,120,2905,2905,2905,1,0.0012290455210053584,0.0012290455210053584,0.0012106041811237949,0.07270401242952051,0.3550674889410833,0,4376,0.003605561309982775,0.3408749471552406,4376,0.003605561309982775,0.3408749471552246,4376,0.003605561309982775,0.3408749471552406,True,5,3946,-365.37826743853805,-365.3781982115721,True,False,accepted,L-BFGS-B>Newton-CG,True,8.030988189427454e-13,4.7507196044983635e-11,1.7904782555095585e-08,2.0465822785808996e-05,173.2124958775964,-0.00023499631847073222,-1.260025883544763e-15,6.922696593392175e-05,2.0465822785808996e-05,2.0338955778242962e-05,1.2686700756603386e-07,2.0465822785808996e-05,4.0941645571617994e-07,False,0,none,True,10.983395799994469,4.631833199993707,0.011303351633387138,ok,0.001284268189800895,0.0025685363794168263,0.04154395158364536,0.009078622880728257,0.04154395158364536,0.009078622880728257,0.16443852137251613,0.007449997506447757,1980.141295199981
129,129,121,121,2029,2029,2029,1,-0.0011645435764098266,0.0011645435764098266,0.10811800551830657,0.006225593090920882,0.012353633939053272,0,4376,0.0036174369297329373,0.32192505329893917,4376,0.0036174369297329373,0.32192505330046745,4376,0.0036174369297329373,0.32192505329893917,True,6,3945,-365.37877276879277,-365.37870484910655,True,False,accepted,L-BFGS-B>Newton-CG,True,1.1092708688803477e-12,5.930107895620628e-12,1.8805745129857448e-07,0.0005053302547253224,173.2124958775964,-0.0001748664193741051,-1.260025883544763e-15,6.791968621655542e-05,0.0005053302547253224,0.0005066375344426888,-1.3072797173663275e-06,0.0005066375344426888,1.0132850688853775e-05,False,0,none,True,10.79811009997502,10.52434559998801,0.010796714098944449,ok,0.0012303969384734248,0.0024607938767696445,0.04143160658209119,0.009054072064959288,0.04143160658209119,0.009054072064959288,0.16047625789305747,0.0072704845018581295,2001.9202506000292
130,130,122,122,347,347,347,1,0.0013484367258600471,0.0013484367258600471,0.07356803635581016,0.009432476052212825,0.020789463347397005,0,3134,0.005216918123844182,0.2584738142040126,3134,0.005216918123844182,0.2584738142013851,3134,0.005216918123844182,0.2584738142040126,True,7,3944,-365.37907141579774,-365.37900328639483,True,False,accepted,L-BFGS-B>Newton-CG,True,1.1665389582777115e-12,8.160079429068379e-12,1.4395681413616987e-07,0.00029864700496773366,173.2124958775964,-0.00012922381260339132,-1.260025883544763e-15,6.812940290501501e-05,0.00029864700496773366,0.00029843728827927407,2.0971668845959357e-07,0.00029864700496773366,5.973040099354674e-06,False,0,none,True,10.662072399980389,6.914569999964442,0.010498276810665175,ok,0.0011678703346995895,0.0023357406692309794,0.04086636780453087,0.00893055012004507,0.04086636780453087,0.00893055012004507,0.15833310243085458,0.00717338740614069,2019.9419219000265
131,131,123,123,1150,1150,1150,1,0.0010280611822456806,0.0010280611822456806,0.001354760260882918,0.0665319058717475,0.3117404713480372,0,4376,0.004822653975187719,0.21317332479895862,4376,0.004822653975187719,0.2131733247989558,4376,0.004822653975187719,0.21317332479895862,True,8,3943,-365.37908684268024,-365.37901869371063,True,False,accepted,L-BFGS-B>Newton-CG,True,7.988948377206988e-10,5.170119936684303e-08,1.645215289982316e-08,1.54268825554027e-05,173.2124958775964,-0.00013026643181067216,-1.260025883544763e-15,6.81489696034987e-05,1.542688249855928e-05,1.5407315800075594e-05,1.9566698483686196e-08,1.542688249855928e-05,3.086376499711856e-07,False,0,none,True,10.930813600018155,8.220880900043994,0.010482869494865099,ok,0.0011679497625597679,0.002335899524951325,0.03901680175172286,0.00852636342026441,0.03901680175172286,0.00852636342026441,0.15822645262842194,0.00716855556530708,2039.5557019999833
132,132,124,124,1586,1586,1586,1,-0.001040976299404195,0.001040976299404195,0.004273245913655547,0.01641134644850191,0.06423605978393288,0,4376,0.004785684785100224,0.2175187765490063,4376,0.004785684785100224,0.2175187765488628,4376,0.004785684785100224,0.2175187765490063,True,9,3942,-365.3791568205497,-365.37908951189706,True,False,accepted,L-BFGS-B>Newton-CG,True,1.1230888110642866e-12,1.7705879304374056e-11,6.443027599803185e-08,6.99778695434361e-05,173.2124958775964,-0.00013086639983119662,-1.260025883544763e-15,6.730865266035835e-05,6.997786948659268e-05,7.081818642973303e-05,-8.403169431403512e-07,7.081818642973303e-05,1.4164637285946606e-06,False,0,none,True,10.71692360000452,4.579847099957988,0.010412051308435366,ok,0.001168464503218265,0.0023369290062682448,0.03896867753733572,0.008515846808887843,0.03896867753733572,0.008515846808887843,0.15780166836550777,0.007149310429355512,2055.295670500025
133,133,125,125,894,894,894,1,0.0011054846673781427,0.0011054846673781427,0.029482642588796036,0.013008140680862075,0.03348314061689212,0,3134,0.0032846107581864957,0.33656489269629764,3134,0.0032846107581864957,0.3365648926986009,3134,0.0032846107581864957,0.33656489269629764,True,10,3941,-365.3792562726668,-365.37918834378775,True,False,accepted,L-BFGS-B>Newton-CG,False,3.649277140699717e-09,4.2940722593569076e-08,8.598406454963202e-08,9.945211706963164e-05,173.2124958775964,-0.0001346356934308263,-1.260025883544763e-15,6.792887904794043e-05,9.945211706963164e-05,9.883189068204956e-05,6.20226387582079e-07,9.945211706963164e-05,1.9891423413926327e-06,False,0,none,True,10.979774900013581,5.843310899974313,0.010313219417753317,ok,0.0011663191597742176,0.002332638319380459,0.03894912508404662,0.008511574000379307,0.03894912508404662,0.008511574000379307,0.15712584183369988,0.00711869165502736,2072.5849700000254
134,134,126,126,1548,1548,1548,1,0.001030548433327283,0.001030548433327283,0.27624394435592103,0.008217303298268442,0.013736790035576108,0,3134,0.002862473031822125,0.3600203117621272,3134,0.002862473031822125,0.36002031175254934,3134,0.002862473031822125,0.3600203117621272,True,11,3940,-365.3794808686877,-365.3794125396164,True,False,accepted,L-BFGS-B>Newton-CG,True,1.0978872344897121e-12,8.754243841719186e-12,1.2641200066390946e-07,0.00022459602115532107,173.2124958775964,-0.00023233584879306255,-1.260025883544763e-15,6.832907132547916e-05,0.0002245960209279474,0.00022419582865040866,4.0019227753873565e-07,0.0002245960209279474,4.492020418558948e-06,False,0,none,True,10.768305199977476,7.10880669998005,0.010089023589102908,ok,0.001148209723949348,0.002296419447733328,0.0389160664828163,0.00850434968583787,0.0389160664828163,0.00850434968583787,0.15538992393310205,0.007040044730189386,2090.9150118000107
135,135,127,127,1947,1947,1947,1,0.0010602910013797207,0.0010602910013797207,0.13570432597300286,0.009108929401919614,0.015920219590067845,0,3134,0.0025186269086849124,0.4209797797853855,3134,0.0025186269086849124,0.4209797797837984,3134,0.0025186269086849124,0.4209797797853855,True,12,3939,-365.3796613176741,-365.3795930658189,True,False,accepted,L-BFGS-B>Newton-CG,False,2.55233944064862e-09,2.192707449578434e-08,1.1740127556183237e-07,0.00018044898644120622,173.2124958775964,-0.00023071024007209438,-1.260025883544763e-15,6.825185522529864e-05,0.0001804489863843628,0.00018052620248454332,-7.721610018052161e-08,0.00018052620248454332,3.6106240496908664e-06,False,0,none,True,10.854656799987424,35.25273569999263,0.009908497386618365,ok,0.001110617152758405,0.002221234305356856,0.0388627937153619,0.008492707958291625,0.0388627937153619,0.008492707958291625,0.15392239962860188,0.006973557557245218,2137.4932820000104
136,136,128,128,1705,1705,1705,1,-0.001120918790893377,0.001120918790893377,0.053353386269413654,0.01336655944379202,0.031179713796416226,0,3134,0.0025465661357569223,0.4401687335562575,3134,0.0025465661357569223,0.44016873355930863,3134,0.0025465661357569223,0.4401687335562575,True,13,3938,-365.3797682010163,-365.3797005031579,True,False,accepted,L-BFGS-B>Newton-CG,True,1.2999121791893969e-12,1.5500993842069805e-11,8.485992488181152e-08,0.0001068833423119031,173.2124958775964,-0.00024938603785427385,-1.260025883544763e-15,6.769785841242992e-05,0.00010688334219821627,0.00010743733901108499,-5.539968128687178e-07,0.00010743733901108499,2.1488467802216994e-06,False,0,none,True,10.873265800008085,7.041597899980843,0.00980106004760728,ok,0.0010915999246287832,0.0021831998491003515,0.03820894297301603,0.008349821591353454,0.03820894297301603,0.008349821591353454,0.15310029394396082,0.0069363115077825275,2155.9808327000355
137,137,129,129,603,603,603,1,0.0012695183322173065,0.0012695183322173065,0.09066230811795081,0.00842361138076995,0.01513807721501189,0,3134,0.0024625316733433954,0.5155338085433326,3134,0.0024625316733433954,0.5155338085437681,3134,0.0024625316733433954,0.5155338085433326,False,0,3937,-365.3800570736918,-365.37998767005536,True,False,accepted,L-BFGS-B>Newton-CG,False,1.4731990717351796e-07,9.77509040449544e-07,1.5170950863612208e-07,0.00028887267552590856,173.2124958775964,-0.00030533149327159164,-1.260025883544763e-15,6.940363641660952e-05,0.00028887267546906514,0.00028716689746488555,1.7057780041795922e-06,0.00028887267546906514,5.777553509381303e-06,False,0,none,True,10.81779220001772,8.040564200025983,0.009513893150142394,ok,0.0010850274438839662,0.002170054887611664,0.03689495786794248,0.00806267569441492,0.03689495786794248,0.00806267569441492,0.15065039417825998,0.006825317155649119,2175.3177620000206
138,138,130,130,160,160,160,1,-0.0011526413802247504,0.0011526413802247504,0.1846726745395937,0.008966230691896742,0.01629707216934054,0,3134,0.0022817148801004385,0.5051645103765167,3134,0.0022817148801004385,0.5051645103755255,3134,0.0022817148801004385,0.5051645103765167,False,0,3936,-365.38028408424054,-365.3802161198336,True,False,accepted,L-BFGS-B>Newton-CG,True,1.0361778266311142e-12,8.060251478456303e-12,1.2955403201756713e-07,0.00022701054882645622,173.2124958775964,-0.0002555189091349953,-1.260025883544763e-15,6.796440692369288e-05,0.0002270105487696128,0.00022844977826252943,-1.4392294929166383e-06,0.00022844977826252943,4.569095565250589e-06,False,0,none,True,10.911102099984419,7.008941100037191,0.009285443371879865,ok,0.0010423965043958772,0.0020847930086416258,0.036218105492766835,0.007914762767841898,0.036218105492766835,0.007914762767841898,0.148737218267282,0.006738639437756649,2193.698228000023
139,139,131,131,184,184,184,1,-0.0010875598632549277,0.0010875598632549277,0.020842458617919103,0.009469535619809002,0.02592596520278224,0,3134,0.002586747657828146,0.4204352364884527,3134,0.002586747657828146,0.42043523648607434,3134,0.002586747657828146,0.4204352364884527,True,1,3935,-365.3804475931322,-365.3803794955812,True,False,accepted,L-BFGS-B>Newton-CG,True,9.62053025731336e-13,8.37673005749786e-12,1.1584827840073701e-07,0.00016350889160321458,173.2124958775964,-0.00024776416134963773,-1.260025883544763e-15,6.809755097947345e-05,0.000163508891660058,0.00016337574760427742,1.331440557805763e-07,0.000163508891660058,3.27027783320116e-06,False,0,none,True,10.72077710001031,7.261632600042503,0.009122067624275587,ok,0.0010244281730458988,0.0020488563459442567,0.036355006607947674,0.007944679844800155,0.036355006607947674,0.007944679844800155,0.1473361868295252,0.006675164768739784,2212.1641456999932
140,140,132,132,309,309,309,1,0.0009303628187656496,0.0009303628187656496,0.0013093114450317073,0.06823689169272051,0.3298571059212066,0,3134,0.002617225348306894,0.3554767721348524,3134,0.002617225348306894,0.35547677213485634,3134,0.002617225348306894,0.3554767721348524,True,2,3934,-365.3804605663297,-365.38039257419604,True,False,accepted,L-BFGS-B>Newton-CG,True,1.0525501080827671e-12,7.719864366732844e-11,1.4634308299748293e-08,1.297319749937742e-05,173.2124958775964,-0.00024732219192695134,-1.260025883544763e-15,6.799213366548429e-05,1.297319749937742e-05,1.3078614813366585e-05,-1.0541731398916454e-07,1.3078614813366585e-05,2.616722962673317e-07,False,0,none,True,10.70478260004893,4.951637300022412,0.00910898900946222,ok,0.0010250919245913702,0.002050183849035104,0.035811593228311185,0.007825927416251594,0.035811593228311185,0.007825927416251594,0.1472131855868307,0.006669592114937527,2228.284782600007
141,141,133,133,2984,2984,2984,1,0.0009253207256172888,0.0009253207256172888,0.0678247541909536,0.004852605407465439,0.008987676659676359,0,3134,0.0026192094626087993,0.353282446030737,3134,0.0026192094626087993,0.35328244603063375,3134,0.0026192094626087993,0.353282446030737,True,3,3933,-365.3808772216028,-365.3808115533986,True,False,accepted,L-BFGS-B>Newton-CG,True,1.039063271844384e-12,5.4490987958701194e-12,1.9168534280051806e-07,0.0004166552731703632,173.2124958775964,-0.0001124291636852913,-1.260025883544763e-15,6.56682042290413e-05,0.0004166552731135198,0.0004189792025499628,-2.323929436442995e-06,0.0004189792025499628,8.379684050999256e-06,False,0,none,True,10.681071500002872,6.021872100012843,0.008690009806912258,ok,0.0010048469557809802,0.0020096939114172398,0.03549741978861542,0.0077572709194714,0.03549741978861542,0.0077572709194714,0.14355090698325176,0.0065036701263618,2245.4777184000122
142,142,134,134,2120,2120,2120,1,-0.000931710149908227,0.000931710149908227,0.16433409983146471,0.004296744826086895,0.007685323171666628,0,3134,0.0023009325197929724,0.4049271944715954,3134,0.0023009325197929724,0.4049271944996537,3134,0.0023009325197929724,0.4049271944715954,True,4,3932,-365.3814851702335,-365.3814183718487,True,False,accepted,L-BFGS-B>Newton-CG,True,1.1087997120590973e-12,5.1134244127327645e-12,2.1784093135279612e-07,0.0006079486306589388,173.2124958775964,-0.0001104442271068476,-1.260025883544763e-15,6.67983847506548e-05,0.0006079486306589388,0.0006068184501373253,1.1301805216135108e-06,0.0006079486306589388,1.2159072613178775e-05,False,0,none,True,10.929463299980853,5.1477565000532195,0.008083191356774933,ok,0.0010251834766293036,0.0020503669531109574,0.03608828073416881,0.007886392091029416,0.03608828073416881,0.007886392091029416,0.13798730939862833,0.006251607606057169,2262.031644700037
143,143,135,135,418,418,418,1,-0.000854269127238183,0.000854269127238183,0.17899531091390425,0.005088680485431437,0.009104621348656736,0,3134,0.0022699599257750493,0.3763366557876583,3134,0.0022699599257750493,0.37633665578615555,3134,0.0022699599257750493,0.3763366557876583,True,5,3931,-365.3818759848816,-365.38180882382994,True,False,accepted,L-BFGS-B>Newton-CG,True,1.0909036193597557e-12,6.498256559557325e-12,1.6887635412075362e-07,0.000390814648255855,173.2124958775964,-8.977497408401482e-05,-1.260025883544763e-15,6.716105167470232e-05,0.00039081464814216815,0.00039045198121812064,3.6266692404751666e-07,0.00039081464814216815,7.816392962843363e-06,False,0,none,True,10.906103099987376,5.49108399997931,0.007692739375556812,ok,0.0010087562513584453,0.002017512502571607,0.03566987353981082,0.007794957333781741,0.03566987353981082,0.007794957333781741,0.13434952604658645,0.0060867953912823,2278.928303499997
144,144,136,136,1824,1824,1824,1,0.0008664030221960939,0.0008664030221960939,0.016939064733123267,0.012172409453617694,0.032253347738048575,0,3134,0.002504263354054791,0.3459712097744244,3134,0.002504263354054791,0.34597120977455637,3134,0.002504263354054791,0.3459712097744244,True,6,3930,-365.3819573000343,-365.38188978150833,True,False,accepted,L-BFGS-B>Newton-CG,False,1.6105313522466877e-09,2.262693752766526e-08,7.217761076935579e-08,8.131515278364532e-05,173.2124958775964,-0.00011238106423861797,-1.260025883544763e-15,6.75185259524369e-05,8.131515266995848e-05,8.09576783922239e-05,3.5747427773458185e-07,8.131515266995848e-05,1.6264030533991695e-06,False,0,none,True,10.828156000003219,39.91048960003536,0.007611781697164588,ok,0.0010006893660989952,0.0020013787320538688,0.035263393572470644,0.0077061290400980715,0.035263393572470644,0.0077061290400980715,0.13366469469597658,0.006055768647598422,2330.1539197000093
145,145,137,137,3348,3348,3348,1,0.0007854629460649631,0.0007854629460649631,0.0010413134656843104,0.03453634813808126,0.13572922472611684,0,3134,0.002468872173195387,0.318146461608161,3134,0.002468872173195387,0.3181464616081129,3134,0.002468872173195387,0.318146461608161,True,7,3929,-365.3819687907015,-365.3819004749281,True,False,accepted,L-BFGS-B>Newton-CG,True,1.0776098810584106e-12,4.738188299771123e-11,2.3743078427475418e-08,1.1490667361613305e-05,173.2124958775964,-0.00011355444977052421,-1.260025883544763e-15,6.831577337607087e-05,1.1490667191083048e-05,1.0693419767449086e-05,7.972474236339622e-07,1.1490667191083048e-05,2.2991334382166098e-07,True,1,train_valid_drop_disagreed,False,10.695877199992537,5.029867200006265,0.007601088277397139,ok,0.0009998127302496727,0.00199962546035535,0.03522708393189801,0.007698194274118239,0.03522708393189801,0.007698194274118239,0.13356714203833453,0.006051348959011378,2346.381229999999
146,146,138,138,2259,2259,2259,1,0.0007597710532836199,0.0007597710532836199,0.001977652754192725,0.016366931596945883,0.060883886471976324,0,3134,0.0024622663540591,0.30856574555028166,3134,0.0024622663540591,0.30856574555019506,3134,0.0024622663540591,0.30856574555028166,True,8,3928,-365.3820161979431,-365.3819443917449,True,False,accepted,L-BFGS-B>Newton-CG,False,3.3179600096135836e-09,7.147524808355254e-08,4.7421105187840444e-08,4.740724153862175e-05,173.2124958775964,-0.00012594526205360427,-1.260025883544763e-15,7.180619815017053e-05,4.7407241595465166e-05,4.39168168213655e-05,3.4904247740996652e-06,4.7407241595465166e-05,9.482448319093034e-07,True,2,train_valid_drop_disagreed,False,10.723298999946564,11.685441600042395,0.007557171460575773,ok,0.0009886064819719794,0.001977212963801577,0.0349678109479389,0.007641535204511281,0.0349678109479389,0.007641535204511281,0.1331939396255155,0.006034440773376435,2369.2825592000154
147,147,139,139,2791,2791,2791,1,0.000818218099925494,0.000818218099925494,0.002262891697245475,0.05359178232606264,0.23652003193195434,0,3134,0.0024624477029264115,0.3322783663397646,3134,0.0024624477029264115,0.33227836633976365,3134,0.0024624477029264115,0.3322783663397646,True,9,3927,-365.38202333288046,-365.38195130510616,True,False,accepted,L-BFGS-B>Newton-CG,True,9.222196119850506e-13,6.040367002122028e-11,1.6267608932719943e-08,7.134937504815753e-06,173.2124958775964,-0.00012754790513439082,-1.260025883544763e-15,7.202777430848073e-05,7.134937391128915e-06,6.9133612328187155e-06,2.215761583101994e-07,7.134937391128915e-06,1.427987478225783e-07,True,3,train_valid_drop_disagreed,False,10.80479170003673,4.908070500008762,0.007550258099342955,ok,0.000987697699925546,0.001975395399708841,0.03483785208906719,0.007613135222691291,0.03483785208906719,0.007613135222691291,0.13313728512494347,0.006031874003227519,2385.5073961000307
148,148,139,139,2071,2071,,1,-0.0009344464910492137,0.0009344464910492137,0.00013440861815602423,0.09846960220761604,0.5616405943266082,0,3134,0.0024557503962035535,0.38051362731888927,3134,0.0024557503962035535,0.3805136273188875,3134,0.0024557503962035535,0.38051362731888927,True,10,3926,-365.38202333288046,-365.38195130510616,False,True,projected_residual,L-BFGS-B>Newton-CG>trust-krylov,False,4.946707446546642e-07,5.2127148977269605e-05,1.0489694993109422e-08,4.204612025660026e-06,173.2124958775964,-0.00012786427445645652,-1.260025883544763e-15,7.202777430848073e-05,,,,,,False,3,none,False,10.924684999976307,14.359000500000548,,,,,,,,,,,2410.9752347000176
149,149,140,140,1272,1272,1272,1,0.0007258416236497478,0.0007258416236497478,0.01532133110530605,0.008198561161526603,0.0245011174632143,0,3134,0.0024557503962035535,0.2955681590327162,3134,0.0024557503962035535,0.2955681590337448,3134,0.0024557503962035535,0.2955681590327162,True,11,3925,-365.382128105122,-365.3820568041003,True,False,accepted,L-BFGS-B>Newton-CG,True,1.6332821057012996e-12,1.8448326471191304e-11,8.953280584836863e-08,0.00010477224145688524,173.2124958775964,-0.00010511075454429743,-1.260025883544763e-15,7.130102170549435e-05,0.00010477224151372866,0.00010549899411671504,-7.267526029863802e-07,0.00010549899411671504,2.1100798823343006e-06,False,0,none,True,10.835755200008862,5.6144147999584675,0.00744475910522624,ok,0.0009977514885903761,0.0019955029770370534,0.03458779342859649,0.007558489764328893,0.03458779342859649,0.007558489764328893,0.13217073214647407,0.005988083672231207,2427.9343634999823
150,150,141,141,2117,2117,2117,1,0.0007559013128312607,0.0007559013128312607,5.5819766254492436e-05,0.09179112677198459,0.5886272479037272,0,3134,0.002275535063280917,0.33218618558282526,3134,0.002275535063280917,0.3321861855828209,3134,0.002275535063280917,0.33218618558282526,True,12,3924,-365.38213249242983,-365.382059152424,True,False,accepted,L-BFGS-B>Newton-CG,True,1.2692986555824954e-12,1.541343450905773e-10,9.23501507620894e-09,4.387307967590459e-06,173.2124958775964,-0.00010544627317262046,-1.260025883544763e-15,7.334000582659428e-05,4.3873078539036214e-06,2.348323732803692e-06,2.0389841210999293e-06,4.3873078539036214e-06,8.784615707807242e-08,True,1,train_valid_drop_disagreed,False,10.620027300028596,7.36362930003088,0.007442410781493436,ok,0.000997840014139455,0.0019956800281351987,0.034596449991924925,0.007560381487935007,0.034596449991924925,0.007560381487935007,0.13215482750935592,0.005987363101978676,2446.434885900002
151,151,142,142,2104,2104,2104,1,-0.0006635822899303534,0.0006635822899303534,0.09308847037713007,0.007122442889853737,0.01494967227294385,0,3134,0.0016923632261217022,0.3921039406245249,3134,0.0016923632261217022,0.3921039406321827,3134,0.0016923632261217022,0.3921039406245249,True,13,3923,-365.3822805579282,-365.3822075313692,True,False,accepted,L-BFGS-B>Newton-CG,True,8.808738206696552e-13,9.454703017847008e-12,9.416779374316558e-08,0.00014806549847889983,173.2124958775964,-9.218357471521905e-05,-1.260025883544763e-15,7.302655899366073e-05,0.000148065498365213,0.00014837894519814654,-3.1344683293355047e-07,0.00014837894519814654,2.9676789039629306e-06,False,0,none,True,10.842379999987315,10.214559300045948,0.007294031836295289,ok,0.0009745542899483526,0.0019491085797563475,0.034771027714331826,0.007598532054857308,0.034771027714331826,0.007598532054857308,0.13085428791130763,0.005928441283163807,2467.992590699985
152,152,143,143,1062,1062,1062,1,0.0007917214188034594,0.0007917214188034594,0.012822381863921891,0.01463580372706365,0.037108607135585024,0,3134,0.0017616034943437556,0.44943224814525967,3134,0.0017616034943437556,0.4494322481452214,3134,0.0017616034943437556,0.44943224814525967,True,14,3922,-365.38232092577783,-365.38224869919026,True,False,accepted,L-BFGS-B>Newton-CG,True,1.1739708339596472e-12,2.1702086490446335e-11,5.5094837124368255e-08,4.0367849692302116e-05,173.2124958775964,-8.299253670541039e-05,-1.260025883544763e-15,7.222658757655154e-05,4.03678496354587e-05,4.116782105256789e-05,-7.99971417109191e-07,4.116782105256789e-05,8.234564210513578e-07,False,0,none,True,10.645050099992659,5.7154646999551915,0.0072528640152427215,ok,0.0009762461638848576,0.0019524923276291136,0.034531623987903576,0.007546215025166306,0.034531623987903576,0.007546215025166306,0.13046998953502373,0.00591103038746157,2484.871723100019
153,153,144,144,1970,1970,1970,1,0.0006202832140479193,0.0006202832140479193,6.516088148045839e-05,0.09885589522128181,0.6282897048805086,0,3134,0.0017357397781257607,0.3573595661428562,3134,0.0017357397781257607,0.35735956614280606,3134,0.0017357397781257607,0.3573595661428562,True,15,3921,-365.3823235421389,-365.3822505420614,True,False,accepted,L-BFGS-B>Newton-CG,True,1.1835371544322855e-12,1.8862291011523652e-10,7.274620371985673e-09,2.6163610300500295e-06,173.2124958775964,-8.342189115381615e-05,-1.260025883544763e-15,7.30000775206463e-05,2.6163610868934484e-06,1.8428711427986855e-06,7.734899440947629e-07,2.6163610868934484e-06,5.242722173786897e-08,True,1,train_valid_drop_disagreed,False,10.769458100025076,8.646723999991082,0.007251021144099923,ok,0.0009756148944604692,0.0019512297887804278,0.034574942450981916,0.007555681433032423,0.034574942450981916,0.007555681433032423,0.13045578690782822,0.005910386927910193,2504.814918600023
154,154,145,145,1563,1563,1563,1,-0.0006129684622528941,0.0006129684622528941,0.08718046228672698,0.005045207062720624,0.010237087375030634,0,3134,0.0017344078850521911,0.3534165564719218,3134,0.0017344078850521911,0.353416556459552,3134,0.0017344078850521911,0.3534165564719218,True,16,3920,-365.38266370408996,-365.3825908296338,True,False,accepted,L-BFGS-B>Newton-CG,True,1.1949767728405242e-12,9.835588004596322e-12,1.224952041791597e-07,0.0003401619510441378,173.2124958775964,-7.997020301582359e-05,-1.260025883544763e-15,7.287445617976118e-05,0.0003401619510441378,0.00034028757238502294,-1.2562134088511812e-07,0.00034028757238502294,6.805851447700459e-06,False,0,none,True,10.753480199957266,8.4296002999763,0.0069107335717149,ok,0.0009352116752322334,0.0018704233503297754,0.032737178800249234,0.007154073918751558,0.032737178800249234,0.007154073918751558,0.12765715050662882,0.005783592828593545,2524.5228661000147
155,155,146,146,3675,3675,3675,1,0.0006960917181469406,0.0006960917181469406,0.0009298933888152454,0.05500894056613828,0.26882189434114484,0,3134,0.00158375211503454,0.43952062418035637,3134,0.00158375211503454,0.4395206241803885,3134,0.00158375211503454,0.43952062418035637,True,17,3919,-365.38266886304274,-365.3825958377806,True,False,accepted,L-BFGS-B>Newton-CG,True,1.1138987410881974e-12,8.802631614068147e-11,1.3654156051560672e-08,5.158952774309e-06,173.2124958775964,-7.911283000885196e-05,-1.260025883544763e-15,7.302526211105942e-05,5.158952774309e-06,5.008146843010763e-06,1.5080593129823683e-07,5.158952774309e-06,1.0327905548618e-07,True,1,train_valid_drop_disagreed,False,10.793442299996968,10.250742300006095,0.006905725424871889,ok,0.0009350092894317041,0.0018700185787287457,0.03270143890490412,0.00714626365951366,0.03270143890490412,0.00714626365951366,0.12760783770473566,0.005781358679027656,2546.0839005000307
156,156,147,147,1656,1656,1656,1,-0.0006127296288731543,0.0006127296288731543,0.09668612598756016,0.003957270805429637,0.007878755399178589,0,3134,0.0015813905404416149,0.3874625610837694,3134,0.0015813905404416149,0.3874625610805978,3134,0.0015813905404416149,0.3874625610837694,True,18,3918,-365.3831622572116,-365.3830893289171,True,False,accepted,L-BFGS-B>Newton-CG,False,5.048684988337596e-09,3.2606573551133894e-08,1.558364160502853e-07,0.0004933941689273524,173.2124958775964,-5.676340680098727e-05,-1.260025883544763e-15,7.29282945144405e-05,0.000493394168870509,0.0004934911364671279,-9.696759661892429e-08,0.0004934911364671279,9.86992272934256e-06,False,0,none,True,10.656051199999638,28.438095300050918,0.006412234288404761,ok,0.0007681376808247815,0.001536275361538934,0.03159692955942806,0.006904894617003879,0.03159692955942806,0.006904894617003879,0.12303905611623892,0.005574366964691466,2585.7270368000027
157,157,148,148,2004,2004,2004,1,0.0005946737982925887,0.0005946737982925887,0.0008386581519069913,0.04471342065068006,0.2404987581360701,0,3134,0.0017969208181469857,0.33094045785825227,3134,0.0017969208181469857,0.3309404578582581,3134,0.0017969208181469857,0.33094045785825227,True,19,3917,-365.3831748959444,-365.38310120891066,True,False,accepted,L-BFGS-B>Newton-CG,True,1.425254970147163e-12,1.0716468761245972e-10,1.429966989967181e-08,1.2638732926006924e-05,173.2124958775964,-5.655328974638004e-05,-1.260025883544763e-15,7.368703376187113e-05,1.2638732812320086e-05,1.1879993564889446e-05,7.587392474306398e-07,1.2638732812320086e-05,2.5287465624640174e-07,True,1,train_valid_drop_disagreed,False,10.653435299987905,7.74472010001773,0.006400354294839872,ok,0.0007671018428137757,0.0015342036855170713,0.030284090047075777,0.006617999067080852,0.030284090047075777,0.006617999067080852,0.12292641720243172,0.005569263783149888,2604.6308349000174
158,158,149,149,1529,1529,1529,1,-0.000536640989880599,0.000536640989880599,0.023078256553917594,0.006699300912155114,0.017807338303229066,0,3134,0.0017914901044037786,0.2995500720665143,3134,0.0017914901044037786,0.2995500720678354,3134,0.0017914901044037786,0.2995500720665143,True,20,3916,-365.3832499889289,-365.3831746273439,True,False,accepted,L-BFGS-B>Newton-CG,True,1.0137921338605861e-12,1.2655944472469645e-11,8.110402827429263e-08,7.509298450258939e-05,173.2124958775964,-6.67885414248021e-05,-1.260025883544763e-15,7.53615850044298e-05,7.509298450258939e-05,7.341843326003072e-05,1.674551242558664e-06,7.509298450258939e-05,1.5019596900517879e-06,True,2,train_valid_drop_disagreed,False,10.711087800038513,19.678694299946073,0.006326935861579841,ok,0.000771757428973933,0.0015435148578367155,0.029997854081237417,0.0065554477620246784,0.029997854081237417,0.0065554477620246784,0.12213775820263074,0.005533533058177943,2635.553126099985
159,159,150,150,2160,2160,2160,1,0.0006916736187322359,0.0006916736187322359,0.006974338376651946,0.015612132408848393,0.055264014126309255,0,3134,0.001660682797405039,0.4164995385109281,3134,0.001660682797405039,0.41649953851100396,3134,0.001660682797405039,0.4164995385109281,True,21,3915,-365.38328070079433,-365.3832063697866,True,False,accepted,L-BFGS-B>Newton-CG,True,1.2235978602891257e-12,2.7618476821145477e-11,4.530359676288538e-08,3.071186546321769e-05,173.2124958775964,-7.530313248656456e-05,-1.260025883544763e-15,7.433100773823753e-05,3.071186540637427e-05,3.174244267256654e-05,-1.0305772661922674e-06,3.174244267256654e-05,6.349488534513308e-07,False,0,none,True,10.702502999978606,6.903603100043256,0.0062951934189072745,ok,0.0007698582258202223,0.0015397164515295676,0.029863979157491016,0.006526192000366264,0.029863979157491016,0.006526192000366264,0.12181766192899551,0.005519030881799189,2653.680442299985
160,160,151,151,272,272,272,1,-0.0005277121594668976,0.0005277121594668976,0.0537187252204533,0.0073564637208414635,0.016008611088918653,0,3134,0.001800237029472317,0.293134821041638,3134,0.001800237029472317,0.29313482103962274,3134,0.001800237029472317,0.293134821041638,True,22,3914,-365.3833391520068,-365.383265453715,True,False,accepted,L-BFGS-B>Newton-CG,True,1.5245610857220235e-12,2.1252832849116244e-11,7.27344881289752e-08,5.845121251013552e-05,173.2124958775964,-5.573644843764968e-05,-1.260025883544763e-15,7.369829177150677e-05,5.84512124532921e-05,5.908392842002286e-05,-6.327159667307569e-07,5.908392842002286e-05,1.181778568400457e-06,False,0,none,True,10.840105600014795,8.303493099985644,0.006236109490487252,ok,0.0007610743073137721,0.0015221486145179323,0.02955632352457823,0.006458959843532957,0.02955632352457823,0.006458959843532957,0.12121147069726737,0.005491566981448404,2673.375032400014
161,161,152,152,991,991,991,1,0.00044029481460095,0.00044029481460095,0.18295034365652926,0.005408063860837777,0.009629208491376082,0,3134,0.0014008575901693005,0.3143037648443181,3134,0.0014008575901693005,0.3143037648409677,3134,0.0014008575901693005,0.3143037648443181,True,23,3913,-365.38342780506156,-365.3833552107114,True,False,accepted,L-BFGS-B>Newton-CG,True,1.3477224661497883e-12,1.6553838294535564e-11,8.241449989847204e-08,8.865305483141128e-05,173.2124958775964,-9.899427010968173e-05,-1.260025883544763e-15,7.259435017203941e-05,8.865305477456786e-05,8.975699637403523e-05,-1.1039415994673618e-06,8.975699637403523e-05,1.7952399274807046e-06,False,0,none,True,10.966623899992555,6.3981031000148505,0.006146352494113216,ok,0.0007472395921933815,0.0014944791842791435,0.029408688458313365,0.006426697070265195,0.029408688458313365,0.006426697070265195,0.12033354772619004,0.005451792092384773,2691.2825164000387
162,162,153,153,480,480,480,1,0.00046666051631208405,0.00046666051631208405,0.0002279159457554031,0.058865488056312844,0.2848252852919101,0,3134,0.0013806643021092185,0.33799708995095645,3134,0.0013806643021092185,0.337997089950967,3134,0.0013806643021092185,0.33799708995095645,True,24,3912,-365.38342983392477,-365.3833574833265,True,False,accepted,L-BFGS-B>Newton-CG,True,1.0905484820023149e-12,1.3756396008998645e-10,8.927574062922736e-09,2.0288632640586e-06,173.2124958775964,-9.818276596278711e-05,-1.260025883544763e-15,7.235059825916323e-05,2.0288632072151813e-06,2.272615120091359e-06,-2.437519128761778e-07,2.272615120091359e-06,4.555230240182718e-08,False,0,none,True,10.8073057999718,6.620860599970911,0.006144079878993125,ok,0.0007469075978201182,0.0014938151955326648,0.02941529246388993,0.00642814024728246,0.02941529246388993,0.00642814024728246,0.12031159803565925,0.005450797646932717,2709.2576356999925
163,163,154,154,1777,1777,1777,1,0.0004335446478909155,0.0004335446478909155,0.06673161102425294,0.00845957726126331,0.01588967555665938,0,3134,0.0013802017611205565,0.3141168632757937,3134,0.0013802017611205565,0.31411686326879656,3134,0.0013802017611205565,0.3141168632757937,True,25,3911,-365.38346055361956,-365.38338757422764,True,False,accepted,L-BFGS-B>Newton-CG,True,1.1541497051662895e-12,2.2520445468538323e-11,5.2248973151027055e-08,3.071969490520132e-05,173.2124958775964,-9.828598564972507e-05,-1.260025883544763e-15,7.297939191630576e-05,3.0719694791514485e-05,3.009090113437196e-05,6.287936571425234e-07,3.0719694791514485e-05,6.144938958302897e-07,True,1,train_valid_drop_disagreed,False,10.696556499984581,6.1705864000250585,0.006113988977858753,ok,0.0007494872567604703,0.0014989745134129974,0.029216802007984356,0.0063847640173886255,0.029216802007984356,0.0063847640173886255,0.11997330848360716,0.0054354712118723095,2726.6660966000054
164,164,155,155,294,294,294,1,-0.0004693142675522566,0.0004693142675522566,0.108149185163147,0.009646466158403205,0.0197261081122542,0,3134,0.0012718714814188403,0.36899503952137647,3134,0.0012718714814188403,0.3689950395172754,3134,0.0012718714814188403,0.36899503952137647,True,26,3910,-365.38349499477795,-365.3834223139919,True,False,accepted,L-BFGS-B>Newton-CG,True,1.0317894943829165e-12,2.1207798541690765e-11,4.965141906900905e-08,3.444115839101869e-05,173.2124958775964,-0.00010839721160609275,-1.260025883544763e-15,7.268078604738548e-05,3.444115839101869e-05,3.4739764259938966e-05,-2.986058689202764e-07,3.4739764259938966e-05,6.948952851987793e-07,False,0,none,True,10.827382899995428,9.151098000002094,0.006079249213598814,ok,0.0007487941546402968,0.0014975883091727503,0.02918158945709875,0.006377068999029208,0.02918158945709875,0.006377068999029208,0.11964503294845226,0.005420598468564241,2747.2217408000142
165,165,156,156,1895,1895,1895,1,0.0004927026789062205,0.0004927026789062205,0.004239197007724898,0.020421637331223166,0.07916022134691561,0,3134,0.0014117340230696412,0.34900531605443597,3134,0.0014117340230696412,0.34900531605455115,3134,0.0014117340230696412,0.34900531605443597,True,27,3909,-365.3835057365578,-365.3834327491658,True,False,accepted,L-BFGS-B>Newton-CG,True,9.321417319445533e-13,3.863559344289771e-11,2.512650224519605e-08,1.0741779931322526e-05,173.2124958775964,-0.00010479336522565279,-1.260025883544763e-15,7.298739200223281e-05,1.0741779874479107e-05,1.043517391963178e-05,3.0660595484732767e-07,1.0741779874479107e-05,2.1493559748958217e-07,True,1,train_valid_drop_disagreed,False,10.819587700010743,5.994508199975826,0.006068814039679182,ok,0.0007442108721617453,0.0014884217442163075,0.02908353946136254,0.006355642078844358,0.02908353946136254,0.006355642078844358,0.11953732061765242,0.005415718489170272,2764.5665341999847
166,166,157,157,2902,2902,2902,1,-0.0004144803810399722,0.0004144803810399722,0.021814972170178224,0.008483775254667928,0.02372995302973823,0,3134,0.0014037461512530188,0.29526733210986666,3134,0.0014037461512530188,0.2952673321116122,3134,0.0014037461512530188,0.29526733210986666,True,28,3908,-365.383543839448,-365.38347078908095,True,False,accepted,L-BFGS-B>Newton-CG,True,1.6604822682551674e-12,3.3987515501614463e-11,4.985565313464269e-08,3.810289030070635e-05,173.2124958775964,-0.00010767177075883996,-1.260025883544763e-15,7.305036706384271e-05,3.810289018701951e-05,3.803991512540961e-05,6.297506160990451e-08,3.810289018701951e-05,7.621578037403902e-07,False,0,none,True,10.920936100010294,7.254719299962744,0.006030774124553773,ok,0.0007531049730793227,0.0015062099460501814,0.02917586899961126,0.00637581890426801,0.02917586899961126,0.00637581890426801,0.11915957971217571,0.00539860468408132,2783.2994604000123
167,167,158,158,2442,2442,2442,1,-0.00042688863137740896,0.00042688863137740896,0.1389589395505342,0.004850315238880171,0.009063953059188697,0,3134,0.0014166859722265523,0.30132904521281034,3134,0.0014166859722265523,0.3013290452175161,3134,0.0014166859722265523,0.30132904521281034,True,29,3907,-365.38366658413014,-365.38359375388563,True,False,accepted,L-BFGS-B>Newton-CG,True,9.844662437528778e-13,1.1185520706308679e-11,8.901255387222472e-08,0.00012274468230089042,173.2124958775964,-0.00012252000428452828,-1.260025883544763e-15,7.283024450543962e-05,0.00012274468213036016,0.00012296480468876325,-2.201225584030908e-07,0.00012296480468876325,2.459396093775265e-06,False,0,none,True,10.786827100033406,11.875530800025444,0.0059078093198650095,ok,0.0007165170622675898,0.001433034124431985,0.029072340371591836,0.006353194735518557,0.029072340371591836,0.006353194735518557,0.11793808613212502,0.005343264098131241,2806.5065264999866
168,168,159,159,3079,3079,3079,1,0.0004845586783489564,0.0004845586783489564,0.00044433095015734657,0.04730861317173494,0.18602533735539592,0,3134,0.0013641064646604663,0.3552205717825447,3134,0.0013641064646604663,0.3552205717825583,3134,0.0013641064646604663,0.3552205717825447,True,30,3906,-365.3836692279266,-365.38359696148206,True,False,accepted,L-BFGS-B>Newton-CG,True,8.801205509865356e-13,8.592825709192402e-11,1.1242504395789193e-08,2.6437965061631985e-06,173.2124958775964,-0.0001212600895710901,-1.260025883544763e-15,7.226644453339759e-05,2.6437964493197796e-06,3.2075964213618136e-06,-5.637999720420339e-07,3.2075964213618136e-06,6.425192842723626e-08,False,0,none,True,10.8493253000197,5.931095200008713,0.005904601723443648,ok,0.0007166379744402136,0.0014332759487772151,0.02906458491574246,0.006351499931431784,0.02906458491574246,0.006351499931431784,0.11790751937656703,0.005341879250768309,2823.8501577000134
169,169,160,160,2406,2406,2406,1,-0.000473230527884283,0.000473230527884283,0.058642751457288395,0.006031065842170884,0.013663566558857651,0,3134,0.0013672443511056267,0.3461199364265821,3134,0.0013672443511056267,0.3461199364369174,3134,0.0013672443511056267,0.3461199364265821,True,31,3905,-365.38378134366314,-365.38371061265366,True,False,accepted,L-BFGS-B>Newton-CG,True,9.827732367047212e-10,1.2524910692508322e-08,7.946548856372758e-08,0.00011211573661285001,173.2124958775964,-0.00012065682541202031,-1.260025883544763e-15,7.073100948673527e-05,0.0001121157365560066,0.00011365117160266891,-1.5354350466623146e-06,0.00011365117160266891,2.273123432053378e-06,False,0,none,True,10.68536010000389,35.42117240000516,0.005790950551840979,ok,0.0007319040262636732,0.0014638080524219358,0.029204684700138078,0.006382116015355295,0.029204684700138078,0.006382116015355295,0.11669664274003495,0.005287019672565561,2870.5561435000272
170,170,161,161,2598,2598,2598,1,-0.0004231429606467163,0.0004231429606467163,0.010068360867207218,0.013127229287846496,0.042713326069566585,0,3134,0.00137496189112461,0.30774886444352206,3134,0.00137496189112461,0.30774886444274374,3134,0.00137496189112461,0.30774886444352206,True,32,3904,-365.3837936459001,-365.38372227104895,True,False,accepted,L-BFGS-B>Newton-CG,True,1.1396560461996669e-12,3.53557232775284e-11,3.323399044205146e-08,1.2302237109906855e-05,173.2124958775964,-0.00011679726071362663,-1.260025883544763e-15,7.137485113162256e-05,1.2302236939376598e-05,1.165839529448931e-05,6.438416448872886e-07,1.2302236939376598e-05,2.46144738787532e-07,True,1,train_valid_drop_disagreed,False,10.671318400010932,6.443465399963316,0.005779292156546489,ok,0.0007304097978102987,0.0014608195955154019,0.02929790483974407,0.006402487464389643,0.02929790483974407,0.006402487464389643,0.11658715120465854,0.005282059085114865,2888.2366672999924
171,171,162,162,3103,3103,3103,1,-0.0004218880954307558,0.0004218880954307558,0.05066096344788053,0.006286938272601316,0.01472910854653617,0,3134,0.0012985422341453127,0.32489362635820485,3134,0.0012985422341453127,0.32489362637515423,3134,0.0012985422341453127,0.32489362635820485,True,33,3903,-365.3838629753568,-365.38379239057883,True,False,accepted,L-BFGS-B>Newton-CG,True,9.075846601364234e-13,1.3524744589628725e-11,6.810549349910776e-08,6.932945672133428e-05,173.2124958775964,-0.00010860130442789763,-1.260025883544763e-15,7.058477797272644e-05,6.932945672133428e-05,7.01195298802304e-05,-7.900731588961207e-07,7.01195298802304e-05,1.402490597604608e-06,False,0,none,True,10.73838200001046,6.616915000020526,0.005709172626666259,ok,0.0007164537819549698,0.001432907563806754,0.028793081198738267,0.006292168072919621,0.028793081198738267,0.006292168072919621,0.11588223116491413,0.005250122209895439,2906.1762787000043
172,172,163,163,2350,2350,2350,1,-0.00040056337758720417,0.00040056337758720417,0.15048196281489523,0.005428713175866382,0.010220212317638143,0,3134,0.0010350453520055502,0.3870007983814957,3134,0.0010350453520055502,0.38700079837074863,3134,0.0010350453520055502,0.3870007983814957,True,34,3902,-365.38395205639034,-365.3838823682313,True,False,accepted,L-BFGS-B>Newton-CG,True,1.4851063827052016e-12,2.0127193443065024e-11,7.478606395900199e-08,8.908103365001807e-05,173.2124958775964,-0.0001469006980665211,-1.260025883544763e-15,6.968815904428993e-05,8.908103353633123e-05,8.997765246476774e-05,-8.9661892843651e-07,8.997765246476774e-05,1.7996530492953548e-06,False,0,none,True,10.689475399965886,7.008289600024,0.005619194974201491,ok,0.0007503596543689792,0.0015007193086298896,0.029027326171302586,0.0063433577572551665,0.029027326171302586,0.0063433577572551665,0.11495707406441978,0.005208207346916701,2924.455111499992
173,173,164,164,286,286,286,1,0.00041316504820443356,0.00041316504820443356,0.03642009322788121,0.004357070294566577,0.010568268600376947,0,3134,0.0016211520597994643,0.254858910801706,3134,0.0016211520597994643,0.25485891080855233,3134,0.0016211520597994643,0.254858910801706,True,35,3901,-365.38408190032237,-365.384008212244,True,False,accepted,L-BFGS-B>Newton-CG,True,7.578667466172764e-13,7.992153992050729e-12,9.58263443586143e-08,0.0001298439321431033,173.2124958775964,-8.456867211516979e-05,-1.260025883544763e-15,7.368807837337954e-05,0.00012984393202941646,0.00012584401270032686,3.999919329089607e-06,0.00012984393202941646,2.596978640588329e-06,True,1,train_valid_drop_disagreed,False,10.85218069999246,12.061068000039086,0.005493350961501164,ok,0.0007344146342946138,0.0014688292684834551,0.02853366813898472,0.006235478392471279,0.02853366813898472,0.006235478392471279,0.11361219978707482,0.005147276915719207,2947.918264100037
174,174,165,165,3034,3034,3034,1,-0.00045325116298666757,0.00045325116298666757,0.04611321167537361,0.005891179650549083,0.01417878044427519,0,3134,0.001126096690145776,0.4024975536763127,3134,0.001126096690145776,0.4024975536810751,3134,0.001126096690145776,0.4024975536763127,True,36,3900,-365.3842068798575,-365.3841336741016,True,False,accepted,L-BFGS-B>Newton-CG,True,1.0750786921182097e-12,1.3973448344153096e-11,7.793725025061937e-08,0.00012497953520096416,173.2124958775964,-7.963898304524147e-05,-1.260025883544763e-15,7.320575593894318e-05,0.00012497953514412075,0.0001254618575785571,-4.823224344363553e-07,0.0001254618575785571,2.509337151571142e-06,False,0,none,True,10.688276599976234,6.55622059997404,0.005367889103922607,ok,0.000710638090518472,0.0014212761809345963,0.027743941750521858,0.0060628990449005885,0.027743941750521858,0.0060628990449005885,0.1121961171537318,0.005083120342190855,2965.78630420001
175,175,166,166,2500,2500,2500,1,0.0004334948318240883,0.0004334948318240883,0.007128611771625892,0.01236435067386104,0.0417927703283446,0,3741,0.001003265434052179,0.4320838903750597,3741,0.001003265434052179,0.4320838903719963,3741,0.001003265434052179,0.4320838903750597,True,37,3899,-365.3842309574728,-365.38415865294553,True,False,accepted,L-BFGS-B>Newton-CG,False,1.5936566789495232e-09,4.545505178842636e-08,3.606005639081233e-08,2.4077615421447263e-05,173.2124958775964,-7.839067900783553e-05,-1.260025883544763e-15,7.230452729345416e-05,2.4077615307760425e-05,2.4978843953249452e-05,-9.012286454890273e-07,2.4978843953249452e-05,4.996768790649891e-07,False,0,none,True,10.555678999982774,29.90703439997742,0.005342910259969358,ok,0.0007089993297782638,0.0014179986594544157,0.027817283718914187,0.006078926506106912,0.027817283718914187,0.006078926506106912,0.11196601719621706,0.0050726955092781625,3006.8172638000106
176,176,167,167,2427,2427,2427,1,0.00039508146365330177,0.00039508146365330177,0.0010989756020588302,0.017676304248921887,0.08587721805906987,0,3741,0.0010047588381249183,0.393210239773161,3741,0.0010047588381249183,0.39321023977315445,3741,0.0010047588381249183,0.393210239773161,True,38,3898,-365.38424277556413,-365.38417140787794,True,False,accepted,L-BFGS-B>Newton-CG,True,1.0983069766929094e-12,4.913924880283307e-11,2.335091100191152e-08,1.1818091479653958e-05,173.2124958775964,-7.662729403386748e-05,-1.260025883544763e-15,7.136768618920541e-05,1.1818091309123702e-05,1.2754932413372444e-05,-9.368411042487423e-07,1.2754932413372444e-05,2.551986482674489e-07,False,0,none,True,10.745390800002497,6.678295899997465,0.005330155327555985,ok,0.0007085110158349638,0.0014170220315678859,0.02781051653938129,0.006077447670594077,0.02781051653938129,0.006077447670594077,0.11185511058823114,0.005067670811013746,3024.842746899987
177,177,168,168,3132,3132,3132,1,0.00037407248627174816,0.00037407248627174816,0.012644237952973899,0.010235768766695009,0.03120618403064143,0,937,0.0009139356603185148,0.40929849059766477,937,0.0009139356603185148,0.40929849059941636,937,0.0009139356603185148,0.40929849059766477,True,39,3897,-365.38425763545257,-365.384186547616,True,False,accepted,L-BFGS-B>Newton-CG,True,1.3532210142539252e-12,3.702827099064286e-11,3.754561712038587e-08,1.4859888494811457e-05,173.2124958775964,-8.022382946092484e-05,-1.260025883544763e-15,7.108783654530271e-05,1.4859888437968038e-05,1.5139738081870746e-05,-2.798496439027076e-07,1.5139738081870746e-05,3.0289476163741494e-07,False,0,none,True,10.689397600013763,21.763796899991576,0.005315015589474115,ok,0.0007108656800339383,0.0014217313599654959,0.027839735019917017,0.006083832801421068,0.027839735019917017,0.006083832801421068,0.11167301767964521,0.005059420969653073,3057.883448700013
178,178,169,169,2658,2658,2658,1,0.00043887360556608274,0.00043887360556608274,0.005310052001204435,0.015475588230466077,0.03820015772487818,0,937,0.0009544194383415107,0.4598330544573892,937,0.0009544194383415107,0.4598330544576127,937,0.0009544194383415107,0.4598330544573892,True,40,3896,-365.3842711701574,-365.38419719439787,True,False,accepted,L-BFGS-B>Newton-CG,False,2.1144887322863546e-09,7.456123249314847e-08,2.935909039567791e-08,1.353470486264996e-05,173.2124958775964,-8.162812642545506e-05,-1.260025883544763e-15,7.397575950562896e-05,1.3534704805806541e-05,1.0646781845480291e-05,2.88792296032625e-06,1.3534704805806541e-05,2.7079409611613085e-07,True,1,train_valid_drop_disagreed,False,10.582980100007262,76.31651360000251,0.005304368807628634,ok,0.0007103436995279297,0.001420687398953554,0.027822458864803886,0.00608005743362089,0.027822458864803886,0.00608005743362089,0.1115742832796809,0.005054947741437475,3145.378482900036
179,179,170,170,2653,2653,2653,1,-0.00035849836995294204,0.00035849836995294204,0.022721300888242885,0.008623546583521172,0.022181283983705197,0,937,0.0009583613962422116,0.37407430157207305,937,0.0009583613962422116,0.37407430157550176,937,0.0009583613962422116,0.37407430157207305,True,41,3895,-365.38429869892525,-365.3842241791925,True,False,accepted,L-BFGS-B>Newton-CG,True,1.2277724541630146e-12,2.953361395174014e-11,4.2572035720696944e-08,2.7528768100637535e-05,173.2124958775964,-8.104543244637943e-05,-1.260025883544763e-15,7.451973277738944e-05,2.752876787326386e-05,2.698479460150338e-05,5.439732717604784e-07,2.752876787326386e-05,5.506753574652773e-07,False,0,none,True,10.559610900003463,10.301571799966041,0.005277384013027131,ok,0.0007074112212579092,0.0014148224424139352,0.027793081705704683,0.006073637626679034,0.027793081705704683,0.006073637626679034,0.11132374863806034,0.005043597101454988,3166.8241309000296
180,180,171,171,2761,2761,2761,1,-0.0003539106700400918,0.0003539106700400918,0.022954605627696394,0.007677284589379307,0.019809782627120603,0,937,0.001015379262120248,0.34855022477126313,937,0.001015379262120248,0.3485502247680657,937,0.001015379262120248,0.34855022477126313,True,42,3894,-365.38432836379474,-365.38425465489615,True,False,accepted,L-BFGS-B>Newton-CG,True,1.163824137564567e-12,2.524650956591603e-11,4.709841746741039e-08,2.9664869543921668e-05,173.2124958775964,-7.993532978144223e-05,-1.260025883544763e-15,7.370889858293594e-05,2.966486948707825e-05,3.047570368153174e-05,-8.108341944534914e-07,3.047570368153174e-05,6.096140736306348e-07,False,0,none,True,10.590300299983937,7.025496499962173,0.005246908309345599,ok,0.0007042434542615806,0.0014084869084217343,0.027751361132201967,0.006064520406511948,0.027751361132201967,0.006064520406511948,0.11100743477252137,0.0050292662896120515,3185.037090900005
181,181,172,172,1692,1692,1692,1,0.00033802099459379065,0.00033802099459379065,0.3185121397959309,0.0021882664808375216,0.0034023754613303416,0,937,0.0009983988299441368,0.33856309167820625,937,0.0009983988299441368,0.33856309158436554,937,0.0009983988299441368,0.33856309167820625,True,43,3893,-365.384724633927,-365.3846520401902,True,False,accepted,L-BFGS-B>Newton-CG,False,1.9111438671458685e-09,1.237228494821082e-08,1.554697584274635e-07,0.0003962701323416695,304.13615816683875,-0.0002479869538116212,-1.260025883544763e-15,7.25937368315499e-05,0.0003962701322848261,0.00039738529403621214,-1.1151617513860401e-06,0.00039738529403621214,7.947805880724242e-06,False,0,none,True,10.812471500015818,50.10744300001534,0.004849523015309387,ok,0.0007568471281084198,0.0015136942561078364,0.027118663885539348,0.005926256724768532,0.027118663885539348,0.005926256724768532,0.1065495303153025,0.00482729793807825,3246.5468628000235
182,182,173,173,1474,1474,1474,1,0.00046021541763163754,0.00046021541763163754,0.24760467797042782,0.005350072279839027,0.009231560058553573,0,937,0.0008365253593306288,0.5501511848964064,937,0.0008365253593306288,0.5501511847666882,937,0.0008365253593306288,0.5501511848964064,False,0,3892,-365.3848289169744,-365.3847544047297,True,False,accepted,L-BFGS-B>Newton-CG,True,9.032638417109081e-13,1.0500572568782884e-11,8.702043705656756e-08,0.00010428304744891648,304.13615816683875,-0.00020568428156827773,-1.260025883544763e-15,7.451224473697948e-05,0.00010428304739207306,0.00010236453948664348,1.9185079054295784e-06,0.00010428304739207306,2.085760947841461e-06,False,0,none,True,10.66988840000704,7.075291400018614,0.004747158475822744,ok,0.0007378680962357163,0.001475736192365163,0.02709816067151769,0.0059217761459875095,0.02709816067151769,0.0059217761459875095,0.10539905502327226,0.004775174883301819,3264.898494800029
183,183,174,174,2917,2917,2917,1,-0.00039387683655744965,0.00039387683655744965,0.01405401377787442,0.008900318686651882,0.027304071733392783,0,5716,0.0007478077912070202,0.5267086558722551,5716,0.0007478077912070202,0.5267086558755544,5716,0.0007478077912070202,0.5267086558722551,False,0,3891,-365.38485308134136,-365.3847776482235,True,False,accepted,L-BFGS-B>Newton-CG,True,1.234375664590328e-12,2.789282276481154e-11,4.5254239701675744e-08,2.4164366891454847e-05,304.13615816683875,-0.00020953776155593613,-1.260025883544763e-15,7.54331178427492e-05,2.4164366948298266e-05,2.324349384252855e-05,9.20873105769715e-07,2.4164366948298266e-05,4.833873389659653e-07,True,1,train_valid_drop_disagreed,False,10.773536599997897,9.915462599950843,0.004723914981980215,ok,0.0007397153438906217,0.0014794306876747077,0.02704234529552476,0.005909578780781034,0.02704234529552476,0.005909578780781034,0.10509965466462996,0.004761610349233419,3286.1790207999875
184,184,175,175,1252,1252,1252,1,-0.0003936257514612074,0.0003936257514612074,0.0027062813683405526,0.017640128991158376,0.0744742947926605,0,4376,0.0010003552954984192,0.3934859476753071,4376,0.0010003552954984192,0.39348594767544326,4376,0.0010003552954984192,0.3934859476753071,True,1,3890,-365.3848632558602,-365.38478817854843,True,False,accepted,L-BFGS-B>Newton-CG,True,5.401601002413911e-10,2.4206988005156663e-08,2.331422183240328e-08,1.0174518990879733e-05,304.13615816683875,-0.0002103732291499148,-1.260025883544763e-15,7.507731174882792e-05,1.0174518820349476e-05,1.053032491427075e-05,-3.558060939212737e-07,1.053032491427075e-05,2.1070649828541502e-07,False,0,none,True,10.589986799983308,50.38935690000653,0.004713384657065944,ok,0.0007407388136690296,0.0014814776272313761,0.027040754360241136,0.005909231112807308,0.027040754360241136,0.005909231112807308,0.10497062167580297,0.00475576442312689,3347.7653778000386
185,185,176,176,3918,3918,3918,1,-0.00036988129038384443,0.00036988129038384443,0.19010142929773582,0.003097615343115271,0.005412138688362895,0,3134,0.0011768828655447025,0.3142889587509208,3134,0.0011768828655447025,0.31428895874323887,3134,0.0011768828655447025,0.3142889587509208,True,2,3889,-365.3850419086209,-365.3849663502955,True,False,accepted,L-BFGS-B>Newton-CG,True,9.958317138712986e-10,8.339713002620253e-09,1.2040839133893676e-07,0.00017865276072370762,304.13615816683875,-0.00019092488949966173,-1.260025883544763e-15,7.555832542038843e-05,0.00017865276072370762,0.0001781717470521471,4.81013671560504e-07,0.00017865276072370762,3.573155214474152e-06,False,0,none,True,10.638332900009118,17.32552770001348,0.004535212910013797,ok,0.0007649369868904702,0.0015298739736707722,0.027028922342161515,0.0059066454553056,0.027028922342161515,0.0059066454553056,0.1026552598660682,0.004650865403328653,3376.348466399999
186,186,177,177,1790,1790,1790,1,-0.0004117517146688954,0.0004117517146688954,0.07780279508704079,0.004835356807224529,0.010095512044054573,0,4934,0.00075414800413011,0.5459826352571737,4934,0.00075414800413011,0.5459826352605072,4934,0.00075414800413011,0.5459826352571737,False,0,3888,-365.3852195413021,-365.3851438734838,True,False,accepted,L-BFGS-B>Newton-CG,True,1.3398501535586472e-12,1.5734369777411674e-11,8.615435778572722e-08,0.00017763268118642372,304.13615816683875,-0.0001804217769364871,-1.260025883544763e-15,7.566781829382307e-05,0.00017763268118642372,0.00017752318831298908,1.0949287343464675e-07,0.00017763268118642372,3.5527536237284743e-06,False,0,none,True,10.52947489998769,7.098719400004484,0.004357689721700808,ok,0.0007562006318910531,0.0015124012636731961,0.025915905480300393,0.005663417260501265,0.025915905480300393,0.005663417260501265,0.1007885168941025,0.004566291360882612,3394.5949082000297
187,187,178,178,1655,1655,1655,1,0.00041361348205892767,0.00041361348205892767,0.40437739379379783,0.003010811141423136,0.004701849943366338,0,4376,0.0007208190358777273,0.5738104315673054,4376,0.0007208190358777273,0.5738104316124488,4376,0.0007208190358777273,0.5738104315673054,False,0,3887,-365.38551218452193,-365.3854336217608,True,False,accepted,L-BFGS-B>Newton-CG,True,9.788645587204197e-13,7.125435815828098e-12,1.383760965674573e-07,0.0002926432198933071,304.13615816683875,-0.0002100390612858235,-1.260025883544763e-15,7.856276113216154e-05,0.0002926432198364637,0.0002897482769981252,2.8949428383384657e-06,0.0002926432198364637,5.852964396729274e-06,False,0,none,True,10.670963200042024,7.6630871999659576,0.004067941444702683,ok,0.0007049847557935084,0.001409969511485483,0.02500637485742296,0.0054646570268496175,0.02500637485742296,0.0054646570268496175,0.09766580802557318,0.004424814941064877,3413.535364500014
188,188,179,179,3598,3598,3598,1,-0.0003717865638295237,0.0003717865638295237,0.0612950596446604,0.004416694580069475,0.010136782095396082,0,937,0.0007717506632198889,0.48174440469977725,937,0.0007717506632198889,0.48174440472720564,937,0.0007717506632198889,0.48174440469977725,True,1,3886,-365.3856023052542,-365.385525704114,True,False,accepted,L-BFGS-B>Newton-CG,True,1.049279515553971e-12,1.246507432078847e-11,8.517755791508184e-08,9.012073229541784e-05,304.13615816683875,-0.0002173279865112027,-1.260025883544763e-15,7.660114022201014e-05,9.012073229541784e-05,9.208235320556923e-05,-1.961620910151396e-06,9.208235320556923e-05,1.8417470641113848e-06,False,0,none,True,10.700109100027476,7.447399800003041,0.003975859091497114,ok,0.0007001296420409644,0.0014002592839810943,0.02475258583565097,0.005409196370554132,0.02475258583565097,0.005409196370554132,0.09649892643031191,0.0043719485877161835,3432.3070312000345
189,189,180,180,2836,2836,2836,1,-0.00037673853697528514,0.00037673853697528514,0.025252029983416115,0.009129247621655295,0.025075714924641338,0,937,0.0007320908791483509,0.514606243166899,937,0.0007320908791483509,0.5146062431674697,937,0.0007320908791483509,0.514606243166899,False,0,3885,-365.38563250397794,-365.3855561649403,True,False,accepted,L-BFGS-B>Newton-CG,True,1.0663561212334966e-12,2.5840279471556727e-11,4.2267205426600395e-08,3.019872383447364e-05,304.13615816683875,-0.00021820714467414364,-1.260025883544763e-15,7.633903766190997e-05,3.0198723720786802e-05,3.0460826280886977e-05,-2.6210256010017474e-07,3.0460826280886977e-05,6.093165256177396e-07,False,0,none,True,10.792817500012461,7.574353399977554,0.003945398265216227,ok,0.0007025182206352827,0.001405036441169387,0.024635666914161337,0.005383646013513862,0.024635666914161337,0.005383646013513862,0.09613604144016467,0.004355507839835704,3451.2677115999977
190,190,181,181,477,477,477,1,0.00033323170701696214,0.00033323170701696214,0.013200618370993358,0.011875274615564061,0.02717608341496637,0,3741,0.0006434484086452705,0.517884110893296,3741,0.0006434484086452705,0.5178841108927015,3741,0.0006434484086452705,0.517884110893296,False,0,3884,-365.3856435187981,-365.3855672526605,True,False,accepted,L-BFGS-B>Newton-CG,True,8.473731296877684e-13,3.0197572460598254e-11,2.906096850312784e-08,1.101482013154964e-05,304.13615816683875,-0.00022137602166723367,-1.260025883544763e-15,7.626613756883671e-05,1.101482013154964e-05,1.1087720224622899e-05,-7.290009307325818e-08,1.1087720224622899e-05,2.21854404492458e-07,False,0,none,True,10.6952001999598,6.88650919997599,0.003934310544991604,ok,0.0007033581555622066,0.0014067163110231139,0.02462653544487291,0.005381650508443776,0.02462653544487291,0.005381650508443776,0.09599975750580303,0.004349333404778222,3469.4829053999856
191,191,182,182,2078,2078,2078,1,-0.0003413743364415467,0.0003413743364415467,0.041907018402062554,0.007988062652446068,0.01971453111283135,0,3741,0.0006763250693123685,0.504748902459919,3741,0.0006763250693123685,0.5047489024515607,3741,0.0006763250693123685,0.504748902459919,False,0,3883,-365.3856706832877,-365.3855952511726,True,False,accepted,L-BFGS-B>Newton-CG,True,8.773253369589085e-13,2.052916406534028e-11,4.373556069631257e-08,2.7164489665665315e-05,304.13615816683875,-0.0002247352964026464,-1.260025883544763e-15,7.543211506799707e-05,2.7164489608821896e-05,2.7998512109661533e-05,-8.340225008396374e-07,2.7998512109661533e-05,5.600702421932307e-07,False,0,none,True,10.748831200005952,30.926666799990926,0.003906312032881942,ok,0.0007006562411439702,0.00140131248218703,0.02459080344015011,0.005373841973547966,0.02459080344015011,0.005373841973547966,0.09562121171815323,0.004332183133962549,3511.7887804000056
192,192,183,183,1216,1216,1216,1,-0.00040582043483605723,0.00040582043483605723,0.011287064595066256,0.011585199695336964,0.037334407348746865,0,3741,0.0006484066146221953,0.6258733727948089,3741,0.0006484066146221953,0.6258733727900334,3741,0.0006484066146221953,0.6258733727948089,False,0,3882,-365.3856865766345,-365.38561160409796,True,False,accepted,L-BFGS-B>Newton-CG,False,9.635079201189392e-09,2.7505839296100183e-07,3.6029213606128594e-08,1.5893346926532104e-05,304.13615816683875,-0.00022826038176263516,-1.260025883544763e-15,7.497253653809821e-05,1.5893346812845266e-05,1.635292534274413e-05,-4.5957852989886305e-07,1.635292534274413e-05,3.271585068548826e-07,False,0,none,True,10.636480099987239,39.396954700001515,0.003889959107539198,ok,0.0007044320775682021,0.00140886415503495,0.02460416666982394,0.005376762247572285,0.02460416666982394,0.005376762247572285,0.09541391942705822,0.004322791617675042,3562.4562962999917
193,193,184,184,3703,3703,3703,1,0.0003275924675349984,0.0003275924675349984,0.34010080779934115,0.0013163085901300477,0.002018845014160765,0,3741,0.000682668950996835,0.4798701728804965,3741,0.000682668950996835,0.4798701729156474,3741,0.000682668950996835,0.4798701728804965,True,1,3881,-365.3869651561434,-365.3868935769477,True,False,accepted,L-BFGS-B>Newton-CG,True,1.2546334277439235e-12,5.0412793084878615e-12,2.498720324683324e-07,0.0012785795090053398,505.60405479192343,-8.242559714283524e-05,-1.260025883544763e-15,7.157919566225246e-05,0.001278579508891653,0.0012819728497674987,-3.3933408758457517e-06,0.0012819728497674987,2.5639556995349975e-05,False,0,none,True,10.506776699970942,7.715262699988671,0.0026079862577716995,ok,0.0005646293859380401,0.0011292587717947609,0.02047854508998709,0.00447518786564281,0.02047854508998709,0.00447518786564281,0.07817032656885246,0.0035415590772485107,3581.3079241000232
194,194,185,185,3806,3806,3806,1,-0.000338219537174958,0.000338219537174958,0.0011805398261770983,0.031743529310006305,0.15638235551114363,0,3741,0.0006724927364646288,0.5029341119028539,3741,0.0006724927364646288,0.5029341119029318,3741,0.0006724927364646288,0.5029341119028539,False,0,3880,-365.38696862844785,-365.38689669006254,True,False,accepted,L-BFGS-B>Newton-CG,True,1.0300845866993687e-12,9.667838984912468e-11,1.1654755300609664e-08,3.472304513252311e-06,505.60405479192343,-8.30419156996988e-05,-1.260025883544763e-15,7.1938385303838e-05,3.4723044564088923e-06,3.113114814823348e-06,3.5918964158554445e-07,3.4723044564088923e-06,6.954608912817784e-08,True,1,train_valid_drop_disagreed,False,10.57422830001451,13.788079399964772,0.002604873142956876,ok,0.0005645573349625963,0.0011291146698438836,0.020531808266111493,0.004486827497190369,0.020531808266111493,0.004486827497190369,0.07812948591218852,0.0035397087639048455,3606.3076586999814
195,195,186,186,3481,3481,3481,1,-0.00033149872786765976,0.00033149872786765976,9.477743301460816e-05,0.02850754789699889,0.19148984940652228,0,3741,0.0006712578820510388,0.49384705451019845,3741,0.0006712578820510388,0.4938470545102236,3741,0.0006712578820510388,0.49384705451019845,True,1,3879,-365.38697498922585,-365.386900496916,True,False,accepted,L-BFGS-B>Newton-CG,False,1.7154615299984668e-09,1.4752274329099246e-07,1.2628454648614242e-08,6.360778002090228e-06,505.60405479192343,-8.448102162454267e-05,-1.260025883544763e-15,7.449230986367184e-05,6.360778002090228e-06,3.806853442256397e-06,2.553924559833831e-06,6.360778002090228e-06,1.273155600418046e-07,True,2,train_valid_drop_disagreed,False,10.64905569999246,80.97684979997575,0.0026010662895146197,ok,0.0005652116734455863,0.0011304233468097695,0.020371598786634415,0.0044518168303990385,0.020371598786634415,0.0044518168303990385,0.07808181232679105,0.003537548880141783,3698.5742937999894
196,196,187,187,3817,3817,3817,1,-0.0003182122215953376,0.0003182122215953376,0.0030696973524040718,0.01403974440912096,0.05865221938644769,0,3741,0.0006719897969560355,0.47353728142416485,3741,0.0006719897969560355,0.47353728142399476,3741,0.0006719897969560355,0.47353728142416485,True,2,3878,-365.38698541431444,-365.3869105308043,True,False,accepted,L-BFGS-B>Newton-CG,True,1.0005157325471356e-09,4.41434414428746e-08,2.3665104936186014e-08,1.0425088646570657e-05,505.60405479192343,-8.526629143018838e-05,-1.260025883544763e-15,7.48835101376244e-05,1.0425088589727238e-05,1.0033888315774675e-05,3.912002739525633e-07,1.0425088589727238e-05,2.0860177179454477e-07,True,3,train_valid_drop_disagreed,False,10.715666100033559,28.888947399973404,0.002591032401198845,ok,0.0005643945062594013,0.0011287890124375172,0.020314633981769355,0.004439368279860872,0.020314633981769355,0.004439368279860872,0.07792107056515597,0.0035302663668148083,3738.814901100006
197,197,188,188,3311,3311,3311,1,0.0002998749730256378,0.0002998749730256378,0.08548494456999432,0.0038733626658324525,0.007719745296220743,0,4685,0.0006250277882679917,0.47977862529379434,4685,0.0006250277882679917,0.4797786252826089,4685,0.0006250277882679917,0.47977862529379434,True,3,3877,-365.3870551780461,-365.38698375906864,True,False,accepted,L-BFGS-B>Newton-CG,True,1.6401027659184285e-12,2.1184544400115228e-11,7.841977995568823e-08,6.976373168754435e-05,505.60405479192343,-9.722463586416165e-05,-1.260025883544763e-15,7.141897748397241e-05,6.976373168754435e-05,7.322826434119634e-05,-3.464532653651986e-06,7.322826434119634e-05,1.4646652868239267e-06,False,0,none,True,10.641652300022542,8.80870919994777,0.0025178041368576487,ok,0.0005608667622538527,0.001121733524426928,0.01999383691396514,0.004369264317940592,0.01999383691396514,0.004369264317940592,0.07676865753562163,0.0034780555215410337,3758.8918993999832
198,198,189,189,3159,3159,3159,1,0.00032891524436484687,0.00032891524436484687,0.02511833733256821,0.009130045085155776,0.02047262232195291,0,4685,0.0006906436837569776,0.47624448337181197,4685,0.0006906436837569776,0.476244483375075,4685,0.0006906436837569776,0.47624448337181197,True,4,3876,-365.3870717117177,-365.38700249039607,True,False,accepted,L-BFGS-B>Newton-CG,True,1.0139281714328986e-12,2.8144666671559076e-11,3.7025588196342e-08,1.6533671612251055e-05,505.60405479192343,-9.702079962001156e-05,-1.260025883544763e-15,6.922132160980254e-05,1.6533671555407636e-05,1.8731327429577505e-05,-2.197655874169868e-06,1.8731327429577505e-05,3.747265485915501e-07,False,0,none,True,10.72107629996026,7.379175700014457,0.002499072809428071,ok,0.0005606963501928412,0.0011213927003049294,0.019984988216459353,0.004367330607145677,0.019984988216459353,0.004367330607145677,0.07644380824630234,0.0034633380065986707,3777.6417289000237
199,199,190,190,1648,1648,1648,1,-0.0003433562240526822,0.0003433562240526822,0.0019658839500945285,0.0126782118382796,0.04675436578848751,0,4685,0.0006888142056741941,0.49847436540106443,4685,0.0006888142056741941,0.49847436540138396,4685,0.0006888142056741941,0.49847436540106443,True,5,3875,-365.38708751737227,-365.38701937957086,True,False,accepted,L-BFGS-B>Newton-CG,True,9.937312500078673e-13,3.669289914528265e-11,2.8082385779146704e-08,1.5805654697942373e-05,505.60405479192343,-9.39436948939057e-05,-1.260025883544763e-15,6.813780140646486e-05,1.5805654584255535e-05,1.688917478759322e-05,-1.0835202033376845e-06,1.688917478759322e-05,3.3788349575186443e-07,False,0,none,True,10.585933200025465,11.42901099997107,0.002482183634640478,ok,0.0005601557824702287,0.0011203115648597823,0.01992571229725333,0.004354377007503224,0.01992571229725333,0.004354377007503224,0.07617713950052236,0.0034512564002054354,3800.312883800012
200,200,191,191,1284,1284,1284,1,0.0002821091648550489,0.0002821091648550489,0.0061391098806960675,0.015790044003135783,0.03830960150059694,0,4685,0.0006992066705664975,0.40347035680664195,4685,0.0006992066705664975,0.40347035680675986,4685,0.0006992066705664975,0.40347035680664195,True,6,3874,-365.3870930109388,-365.3870249348487,True,False,accepted,L-BFGS-B>Newton-CG,True,8.628294947238325e-13,4.829377200646528e-11,1.8866268441577146e-08,5.493566675340844e-06,505.60405479192343,-9.334208284364971e-05,-1.260025883544763e-15,6.807609014458649e-05,5.493566561654006e-06,5.5552778235323785e-06,-6.171126187837217e-08,5.5552778235323785e-06,1.1120555647064757e-07,False,0,none,True,10.838364200026263,7.70655360003002,0.0024766283568169456,ok,0.0005592152680090627,0.0011184305359375859,0.01994922082479495,0.004359514339121808,0.01994922082479495,0.004359514339121808,0.07610362148169374,0.0034479256170508515,3819.507076799986
201,201,192,192,2241,2241,2241,1,-0.00026328770990735606,0.00026328770990735606,0.036267374394863966,0.005985879828831704,0.014860118496092898,0,4685,0.0007136267600903645,0.36894315716806453,4685,0.0007136267600903645,0.36894315718147386,4685,0.0007136267600903645,0.36894315716806453,True,7,3873,-365.38711831089336,-365.3870510829963,True,False,accepted,L-BFGS-B>Newton-CG,True,1.8322507272687706e-12,4.165645511679782e-11,4.4984797125234066e-08,2.5299954529600654e-05,505.60405479192343,-9.31541867145229e-05,-1.260025883544763e-15,6.72278970341722e-05,2.5299954529600654e-05,2.614814764001494e-05,-8.481931104142859e-07,2.614814764001494e-05,5.230629528002988e-07,False,0,none,True,10.681623800017405,12.936730200017337,0.0024504802091769307,ok,0.0005583941020631229,0.0011167882040458244,0.019949864605407173,0.004359655024857601,0.019949864605407173,0.004359655024857601,0.07572975616617574,0.0034309873981644952,3843.8192100999877
202,202,193,193,2457,2457,2457,1,0.000245365449934809,0.000245365449934809,0.2995484413390289,0.002145317883826942,0.0034128412228564384,0,3134,0.0008176685591844403,0.3000793502192889,3134,0.0008176685591844403,0.3000793502209455,3134,0.0008176685591844403,0.3000793502192889,True,8,3872,-365.3873303856585,-365.3872640805438,True,False,accepted,L-BFGS-B>Newton-CG,True,1.0136101609362052e-12,8.862356151033138e-12,1.1537253746770744e-07,0.00021207476515883172,505.60405479192343,-6.828078805631753e-05,-1.260025883544763e-15,6.630511472849321e-05,0.00021207476515883172,0.00021299754746451072,-9.22782305678993e-07,0.00021299754746451072,4.260050949290215e-06,False,0,none,True,10.59509270003764,19.194718900020234,0.00223748266171242,ok,0.00046302467370444144,0.0009260493473421969,0.017978401254102525,0.003928830040536235,0.017978401254102525,0.003928830040536235,0.07260108070036689,0.0032892406576549692,3874.273965600005
203,203,194,194,743,743,743,1,0.00027013347085791395,0.00027013347085791395,0.31893723654896083,0.001923890839074562,0.003053518529249081,0,3134,0.0005782634746555659,0.46714600298560266,3134,0.0005782634746555659,0.4671460030359461,3134,0.0005782634746555659,0.46714600298560266,True,9,3871,-365.3876106881653,-365.38754398520996,True,False,accepted,L-BFGS-B>Newton-CG,False,1.4750400212976526e-09,1.0505236449671282e-08,1.4140997823935774e-07,0.0002803025068374154,505.60405479192343,-8.99163114671623e-05,-1.260025883544763e-15,6.670295533695025e-05,0.000280302506780572,0.00027990466617211496,3.9784060845704516e-07,0.000280302506780572,5.606150135611441e-06,False,0,none,True,10.483031700016,38.74064540001564,0.001957577995540305,ok,0.00038014684337476926,0.0007602936866947888,0.016205295455794588,0.0035413522427619995,0.016205295455794588,0.0035413522427619995,0.06816063234453525,0.0030880631665030395,3924.1427183999913
204,204,195,195,2852,2852,2852,1,0.00024429300258312775,0.00024429300258312775,0.0016142684713425126,0.027130920270211297,0.12700856904729002,0,3741,0.0007568513059852668,0.3227754258349437,3741,0.0007568513059852668,0.32277542583498847,3741,0.0007568513059852668,0.3227754258349437,True,10,3870,-365.3876133257078,-365.38754747726784,True,False,accepted,L-BFGS-B>Newton-CG,True,8.165898273843009e-13,9.068957463729364e-11,1.0004230427259061e-08,2.6375426500635513e-06,505.60405479192343,-8.901945521064474e-05,-1.260025883544763e-15,6.584843993096001e-05,2.6375424795332947e-06,3.4920578855235362e-06,-8.545154059902416e-07,3.4920578855235362e-06,6.994115771047073e-08,False,0,none,True,10.692292000050656,11.66601859999355,0.0019540859376547814,ok,0.00037928856067764307,0.00075857712130066,0.01613984721250789,0.003527049801700037,0.01613984721250789,0.003527049801700037,0.0680971562602441,0.003085187339928214,3947.1727805000264
205,205,196,196,1996,1996,1996,1,-0.00023793962864163132,0.00023793962864163132,0.0012333948416150375,0.027121301921289972,0.13208161946531435,0,3741,0.0007578105015232836,0.3139830183975363,3741,0.0007578105015232836,0.31398301839751536,3741,0.0007578105015232836,0.3139830183975363,True,11,3869,-365.38761561098715,-365.3875502608291,True,False,accepted,L-BFGS-B>Newton-CG,True,1.1567165535512218e-12,1.3184713726443575e-10,9.773163965109716e-09,2.285279492753034e-06,505.60405479192343,-8.955249821656962e-05,-1.260025883544763e-15,6.535015808140088e-05,2.2852793790661963e-06,2.783561228625331e-06,-4.982818495591346e-07,2.783561228625331e-06,5.577122457250662e-08,False,0,none,True,10.59040649997769,11.008393099997193,0.0019513023764261561,ok,0.00037967091999592566,0.0007593418399371701,0.016098598381123097,0.0035180356716007547,0.016098598381123097,0.0035180356716007547,0.06805561084741885,0.003083305097133952,3969.397607800027
206,206,197,197,3720,3720,3720,1,0.00022220903942571368,0.00022220903942571368,0.2445377890431869,0.003998246362481661,0.006928747028421763,0,3741,0.0007524199180504128,0.2953258334806941,3741,0.0007524199180504128,0.29532583350193686,3741,0.0007524199180504128,0.2953258334806941,True,12,3868,-365.38765816000466,-365.3875914106429,True,False,accepted,L-BFGS-B>Newton-CG,True,1.1359976693083868e-12,2.044020605784747e-11,5.6576625112947477e-08,4.254901756439722e-05,505.60405479192343,-7.260082856946829e-05,-1.260025883544763e-15,6.674936173567403e-05,4.25490175075538e-05,4.114981385328065e-05,1.3992036542731512e-06,4.25490175075538e-05,8.51080350151076e-07,True,1,train_valid_drop_disagreed,False,10.783480299985968,8.167437200027052,0.0019101525625728755,ok,0.0003483033385593438,0.0006966066770685241,0.015832660873629632,0.003459920199953506,0.015832660873629632,0.003459920199953506,0.067281117382654,0.0030482161512282234,3989.0494781000307
207,207,198,198,3396,3396,3396,1,0.00022087048959867905,0.00022087048959867905,0.003991685622868903,0.01629779514203432,0.064359267830871,0,3741,0.0008209781982735682,0.2690333191102355,3741,0.0008209781982735682,0.2690333191098772,3741,0.0008209781982735682,0.2690333191102355,True,13,3867,-365.3876613106694,-365.3875943051052,True,False,accepted,L-BFGS-B>Newton-CG,True,8.801102975404423e-13,6.494238934050827e-11,1.4552169953677196e-08,3.1506647246715147e-06,505.60405479192343,-7.078488160430984e-05,-1.260025883544763e-15,6.700556417627013e-05,3.1506647246715147e-06,2.8944622840754164e-06,2.562024405960983e-07,3.1506647246715147e-06,6.31132944934303e-08,True,2,train_valid_drop_disagreed,False,10.860412800044287,8.520687900017947,0.0019072581002888,ok,0.00034736325544536804,0.000694726510840708,0.01583185950163777,0.0034597450756857374,0.01583185950163777,0.0034597450756857374,0.06723235793843918,0.003046007071903111,4009.0875020000385
208,208,199,199,3402,3402,3402,1,-0.0002201876839835748,0.0002201876839835748,0.039934524746690465,0.005812553875049355,0.014309914118030115,0,3741,0.0007957605594626848,0.2767009263845024,3741,0.0007957605594626848,0.2767009264056231,3741,0.0007957605594626848,0.2767009263845024,True,14,3866,-365.38768168841676,-365.3876146133241,True,False,accepted,L-BFGS-B>Newton-CG,True,1.0127167049301496e-12,2.6733876770673184e-11,3.888140095121148e-08,2.0377747262045887e-05,505.60405479192343,-6.631180473345985e-05,-1.260025883544763e-15,6.707509265879708e-05,2.0377747375732724e-05,2.0308218893205776e-05,6.952848252694821e-08,2.0377747375732724e-05,4.076549475146545e-07,False,0,none,True,10.845246899989434,7.8555071000009775,0.0018869498813955943,ok,0.0003488825245330502,0.0006977650490158535,0.015728188596854934,0.003437089815115923,0.015728188596854934,0.003437089815115923,0.0668789924157262,0.003029997609879839,4028.4933998000342
209,209,200,200,3562,3562,3562,1,0.0002113004792555495,0.0002113004792555495,0.009935564275610969,0.007783543250710946,0.025455307912799086,0,3741,0.0008200907270715127,0.2576550036239148,3741,0.0008200907270715127,0.25765500362442134,3741,0.0008200907270715127,0.2576550036239148,True,15,3865,-365.3876899118828,-365.38762340790225,True,False,accepted,L-BFGS-B>Newton-CG,True,9.028095911955666e-13,3.325623076205237e-11,2.8147081028368794e-08,8.223466011259006e-06,505.60405479192343,-6.54760552602664e-05,-1.260025883544763e-15,6.650398051988304e-05,8.223466011259006e-06,8.794578150173038e-06,-5.711121389140317e-07,8.794578150173038e-06,1.7599156300346077e-07,False,0,none,True,10.843395999982022,7.975833899981808,0.0018781553032454212,ok,0.00034766815448540914,0.0006953363089207463,0.015667245058240523,0.0034237717896752435,0.015667245058240523,0.0034237717896752435,0.06671541417385997,0.003022586587913448,4047.98156450002
210,210,201,201,861,861,861,1,-0.00021638730419581975,0.00021638730419581975,0.008666120164480236,0.010219706981286146,0.03420780356944812,0,3741,0.0008270637219818104,0.26163317099353894,3741,0.0008270637219818104,0.2616331709949882,3741,0.0008270637219818104,0.26163317099353894,True,16,3864,-365.38769750554025,-365.3876301008058,True,False,accepted,L-BFGS-B>Newton-CG,True,1.3745225616021307e-12,6.491701477623491e-11,2.2173533107460784e-08,7.593657471716142e-06,505.60405479192343,-6.565871617419096e-05,-1.260025883544763e-15,6.740473446598116e-05,7.593657471716142e-06,6.692903525618021e-06,9.007539460981207e-07,7.593657471716142e-06,1.5197314943432286e-07,True,1,train_valid_drop_disagreed,False,10.826589000003878,12.59275070001604,0.0018714623997198032,ok,0.0003471140443741848,0.0006942280886983774,0.01563474080751732,0.003416668617658917,0.01563474080751732,0.003416668617658917,0.06661309448529933,0.003017950925793193,4072.0847465000115
211,211,202,202,468,468,468,1,0.00021448298777260177,0.00021448298777260177,0.06110743073108304,0.004335351520415464,0.009335444262866071,0,3741,0.0008262992898749213,0.2595705822342756,3741,0.0008262992898749213,0.2595705822416604,3741,0.0008262992898749213,0.2595705822342756,True,17,3863,-365.38772478419503,-365.38765547954864,True,False,accepted,L-BFGS-B>Newton-CG,True,1.1756913288542622e-12,2.3764286581372145e-11,5.047303277245607e-08,2.7278654897600063e-05,505.60405479192343,-6.62623212075707e-05,-1.260025883544763e-15,6.930464638799094e-05,2.7278654783913225e-05,2.5378742861903447e-05,1.8999119220097782e-06,2.7278654783913225e-05,5.456730956782645e-07,True,2,train_valid_drop_disagreed,False,10.723603699996602,8.449333900003694,0.0018460836568578998,ok,0.00034210557604197214,0.0006842111520346734,0.015422341778312436,0.003370252939494516,0.015422341778312436,0.003370252939494516,0.06615546580120107,0.002997217751309779,4091.9209202000056
212,212,203,203,1081,1081,1081,1,-0.00021127291573819207,0.00021127291573819207,0.14597558430784965,0.0054740279905579866,0.009563226616450784,0,3741,0.0007310360362917667,0.2890047894354008,3741,0.0007310360362917667,0.2890047894332641,3741,0.0007310360362917667,0.2890047894354008,True,18,3862,-365.38774384037185,-365.3876740883567,True,False,accepted,L-BFGS-B>Newton-CG,False,3.2881309561115795e-09,8.519464424615174e-08,3.959551249033011e-08,1.9056176824960858e-05,505.60405479192343,-7.138378644196279e-05,-1.260025883544763e-15,6.975201517889218e-05,1.9056176824960858e-05,1.860880803405962e-05,4.4736879090123693e-07,1.9056176824960858e-05,3.8122353649921717e-07,True,3,train_valid_drop_disagreed,False,10.68887369998265,61.98731609998504,0.0018274748488238401,ok,0.0003401988490143667,0.0006803976979797371,0.015360543169230297,0.0033567480550282256,0.015360543169230297,0.0033567480550282256,0.06580362067206603,0.002981277171737346,4165.291284899984
213,213,204,204,3981,3981,3981,1,0.00021692235326881137,0.00021692235326881137,0.0018291328389088996,0.00920537770928909,0.03933322841664466,0,1954,0.000850544554694249,0.255039376916345,1954,0.000850544554694249,0.2550393769160387,1954,0.000850544554694249,0.255039376916345,True,19,3861,-365.38775429425175,-365.3876845188342,True,False,accepted,L-BFGS-B>Newton-CG,True,1.0893920680842802e-12,4.622973489160017e-11,2.4564748330023843e-08,1.0453880008753913e-05,505.60405479192343,-7.384581320179282e-05,-1.260025883544763e-15,6.977541755759376e-05,1.0453879895067075e-05,1.04304775163655e-05,2.34023787015758e-08,1.0453879895067075e-05,2.091775979013415e-07,False,0,none,True,10.6223112999578,66.34607899998082,0.0018170443713074746,ok,0.00033983679388830215,0.0006796735877276602,0.01514616862588373,0.0033099006666580254,0.01514616862588373,0.0033099006666580254,0.06563728765636846,0.0029737413428947866,4242.908085700008
214,214,205,205,2886,2886,2886,1,-0.00018898117265031544,0.00018898117265031544,0.08357402534500105,0.004701716706070567,0.010141889844825797,0,3741,0.0007316563106514202,0.25829227452717335,3741,0.0007316563106514202,0.25829227449023867,3741,0.0007316563106514202,0.25829227452717335,True,20,3860,-365.3877791454081,-365.3877097524148,True,False,accepted,L-BFGS-B>Newton-CG,True,1.0313751859654788e-12,2.5659878583084877e-11,4.119407896362248e-08,2.4851156524619e-05,505.60405479192343,-7.877534856439316e-05,-1.260025883544763e-15,6.939299328223569e-05,2.4851156354088744e-05,2.5233580629446806e-05,-3.82424275358062e-07,2.5233580629446806e-05,5.047716125889361e-07,False,0,none,True,10.581056600029115,9.11361969995778,0.0017918107906780278,ok,0.00033844406105656863,0.0006768881220643937,0.015126884992543575,0.003305686603522673,0.015126884992543575,0.003305686603522673,0.06520499272373656,0.002954155931013943,4263.301836300001
215,215,206,206,2349,2349,2349,1,0.00018326208851005,0.00018326208851005,0.015489279180227687,0.005629868286267696,0.016836896985100835,0,3741,0.0007015342646752385,0.2612304170130415,3741,0.0007015342646752385,0.26123041701097627,3741,0.0007015342646752385,0.2612304170130415,True,21,3859,-365.38779081737584,-365.3877212182754,True,False,accepted,L-BFGS-B>Newton-CG,True,9.796082931266468e-13,3.009387108006975e-11,3.355175416018219e-08,1.1671967683923867e-05,505.60405479192343,-8.061893694824328e-05,-1.260025883544763e-15,6.959910047044104e-05,1.1671967740767286e-05,1.1465860552561935e-05,2.0610718820535112e-07,1.1671967740767286e-05,2.3353935481534573e-07,False,0,none,True,10.632317999959923,7.847765400016215,0.001780344930125466,ok,0.00033932480355169963,0.0006786496070545289,0.015109234150834577,0.0033018293552519885,0.015109234150834577,0.0033018293552519885,0.06498906987483648,0.002944373401516207,4282.460707399994
216,216,207,207,2859,2859,2859,1,0.00018522585408661807,0.00018522585408661807,0.003146218200389758,0.010828946441654951,0.0428720930785648,0,937,0.0007247127379198074,0.25558520555093944,937,0.0007247127379198074,0.2555852055508778,937,0.0007247127379198074,0.25558520555093944,True,22,3858,-365.3877960793227,-365.38772556822585,True,False,accepted,L-BFGS-B>Newton-CG,True,9.16587250408452e-13,5.3586872589643146e-11,1.8104697589416755e-08,5.2619468533521285e-06,505.60405479192343,-8.117805991894908e-05,-1.260025883544763e-15,7.051109685107804e-05,5.2619468533521285e-06,4.349950472715136e-06,9.119963806369924e-07,5.2619468533521285e-06,1.0533893706704256e-07,True,1,train_valid_drop_disagreed,False,10.527118700032588,8.166520400031004,0.0017759949796527508,ok,0.0003394928541162553,0.000678985708183616,0.015250829904292214,0.003332772354127919,0.015250829904292214,0.003332772354127919,0.06490237796127411,0.0029404457662244392,4301.858459800016
217,217,208,208,2086,2086,2086,1,-0.00017398780089017407,0.00017398780089017407,0.17857655463773156,0.004279468893492872,0.007897146058118016,0,3741,0.0006942506703905605,0.2506123628116841,3741,0.0006942506703905605,0.2506123627140798,3741,0.0006942506703905605,0.2506123628116841,True,23,3857,-365.3878195649279,-365.3877497659786,True,False,accepted,L-BFGS-B>Newton-CG,True,1.0702936654513022e-12,2.632534248844498e-11,4.165640042180221e-08,2.3485605254336406e-05,505.60405479192343,-8.666479064509114e-05,-1.260025883544763e-15,6.979894931191666e-05,2.3485605197492987e-05,2.4197752736654365e-05,-7.121475391613785e-07,2.4197752736654365e-05,4.840550547330873e-07,False,0,none,True,10.817243699973915,8.451214900007471,0.0017517972269160964,ok,0.000333982121696465,0.000667964243344829,0.015074430636887294,0.0032942237239625485,0.015074430636887294,0.0032942237239625485,0.0644055319039294,0.002917935822341393,4321.844301300007
218,218,209,209,109,109,109,1,0.00016615041479473014,0.00016615041479473014,0.04537845037393105,0.005977709061154571,0.012911945342978588,0,3741,0.000746900361868025,0.22245325250503548,3741,0.000746900361868025,0.2224532525012023,3741,0.000746900361868025,0.22245325250503548,True,24,3856,-365.3878288444697,-365.38775993221367,True,False,accepted,L-BFGS-B>Newton-CG,True,8.898111838662703e-13,3.201335596944731e-11,2.879499858482448e-08,9.279541757223342e-06,505.60405479192343,-8.972728504212272e-05,-1.260025883544763e-15,6.891225604022111e-05,9.27954181406676e-06,1.016623508576231e-05,-8.866932716955489e-07,1.016623508576231e-05,2.034247017152462e-07,False,0,none,True,10.726749500026926,8.152359500003513,0.001741630991830334,ok,0.000335435583048669,0.0006708711660490277,0.015023035025937319,0.0032829922124728438,0.015023035025937319,0.0032829922124728438,0.06421562017970432,0.0029093317442937866,4341.432416399999
219,219,210,210,563,563,563,1,-0.0001658296912943058,0.0001658296912943058,0.0869755711104645,0.0030448252338879777,0.006182899037858357,0,3741,0.0007278958782638417,0.22782062139139797,3741,0.0007278958782638417,0.22782062138130998,3741,0.0007278958782638417,0.22782062139139797,True,25,3855,-365.38790301857915,-365.3878342155507,True,False,accepted,L-BFGS-B>Newton-CG,True,1.3656447195805925e-12,2.5074819064983257e-11,5.546279456858383e-08,7.417410944299263e-05,505.60405479192343,-9.000095546506578e-05,-1.260025883544763e-15,6.880302845502229e-05,7.417410944299263e-05,7.428333702819145e-05,-1.0922758519882336e-07,7.428333702819145e-05,1.485766740563829e-06,False,0,none,True,10.73685280000791,8.46964530000696,0.0016673476548021426,ok,0.00030139258571016406,0.0006027851713769208,0.014417896952189634,0.003150751052137766,0.014417896952189634,0.003150751052137766,0.06293271505775458,0.0028512088672467293,4361.351711400028
220,220,211,211,1585,1585,1585,1,0.0001949909089193902,0.0001949909089193902,0.024669561860944718,0.0046154006428458325,0.012128353418894025,0,3741,0.0006902165765009127,0.2825068472100545,3741,0.0006902165765009127,0.2825068472112508,3741,0.0006902165765009127,0.2825068472100545,True,26,3854,-365.38792671350774,-365.38785779640716,True,False,accepted,L-BFGS-B>Newton-CG,True,1.246650405431219e-12,2.950799661561386e-11,4.3247883571044146e-08,2.3694928529494064e-05,505.60405479192343,-8.949605027296262e-05,-1.260025883544763e-15,6.891710057743694e-05,2.3694928586337483e-05,2.3580856463922828e-05,1.1407212241465459e-07,2.3694928586337483e-05,4.7399857172674965e-07,False,0,none,True,10.73710949998349,12.480653400009032,0.0016437667983382198,ok,0.0002994613686086801,0.0005989227371742309,0.014404726271529115,0.0031478728559565816,0.014404726271529115,0.0031478728559565816,0.0624948342454001,0.0028313703833383755,4385.294963299995
221,221,212,212,1145,1145,1145,1,-0.00017591597368582512,0.00017591597368582512,0.08477899729565526,0.004369098699007211,0.009312418332355145,0,3741,0.0007443550630523377,0.23633341454608467,3741,0.0007443550630523377,0.23633341453279588,3741,0.0007443550630523377,0.23633341454608467,True,27,3853,-365.38795073415946,-365.387881885752,True,False,accepted,L-BFGS-B>Newton-CG,True,8.676402507102586e-13,2.1548957799850696e-11,4.1263675801354535e-08,2.4020651665068726e-05,505.60405479192343,-9.04774354706367e-05,-1.260025883544763e-15,6.884840746579357e-05,2.4020651721912145e-05,2.4089344833555515e-05,-6.869311164336978e-08,2.4089344833555515e-05,4.818868966711103e-07,False,0,none,True,10.931918399990536,8.604346499952953,0.0016196774535046643,ok,0.000297078913163477,0.0005941578262841679,0.014261325189991226,0.0031165353377296547,0.014261325189991226,0.0031165353377296547,0.06204584368741235,0.0028110285649523437,4405.5144216000335
222,222,213,213,3370,3370,3370,1,-0.00017086195378131913,0.00017086195378131913,0.2835592615396409,0.004137079509057525,0.0064897601070043895,0,3741,0.0007455957053712489,0.2291616656995672,3741,0.0007455957053712489,0.22916166570077534,3741,0.0007455957053712489,0.2291616656995672,True,28,3852,-365.3879785620591,-365.38791020145084,True,False,accepted,L-BFGS-B>Newton-CG,True,1.0276867555812465e-12,2.488337354483735e-11,4.2300137769883084e-08,2.7827899600652017e-05,505.60405479192343,-8.409596391153107e-05,-1.260025883544763e-15,6.836060828163681e-05,2.7827899657495436e-05,2.8315698841652193e-05,-4.877991841567564e-07,2.8315698841652193e-05,5.664139768330439e-07,False,0,none,True,10.639076600025874,8.680831400037277,0.001591361754663012,ok,0.00028945812096204564,0.0005789162418824027,0.014073883624085133,0.003075573627921951,0.014073883624085133,0.003075573627921951,0.06146546744044357,0.002784734229801252,4425.561985100037
223,223,214,214,389,389,389,1,-0.00017316085045138152,0.00017316085045138152,0.20301844183511328,0.002300406357905721,0.00402694788127524,0,3741,0.0007770738377842082,0.2228370613340195,3741,0.0007770738377842082,0.22283706135273565,3741,0.0007770738377842082,0.2228370613340195,True,29,3851,-365.38805080540783,-365.3879810411014,True,False,accepted,L-BFGS-B>Newton-CG,True,1.210486111065308e-12,1.6081059550676327e-11,7.627402701611151e-08,7.224334876809735e-05,505.60405479192343,-8.233552552216434e-05,-1.260025883544763e-15,6.976430643135245e-05,7.224334871125393e-05,7.083965056153829e-05,1.4036981497156376e-06,7.224334871125393e-05,1.4449669742250787e-06,False,0,none,True,10.69353459996637,22.416379100002814,0.0015205221041014738,ok,0.00028094769339531586,0.0005618953867501689,0.014069035776763368,0.0030745142251463373,0.014069035776763368,0.0030745142251463373,0.06003767000776782,0.002720046909431533,4459.378745099995
224,224,215,215,853,853,853,1,-0.00015842652449471473,0.00015842652449471473,0.038339646982591964,0.004181620140933162,0.010035635184241973,0,3741,0.0007751786106514462,0.20437422075097753,3741,0.0007751786106514462,0.20437422074594191,3741,0.0007751786106514462,0.20437422075097753,True,30,3850,-365.38806968238964,-365.38799911239323,True,False,accepted,L-BFGS-B>Newton-CG,True,9.308846004686103e-13,2.457041714086722e-11,3.8886397904099826e-08,1.8876981812354643e-05,505.60405479192343,-7.624719816225034e-05,-1.260025883544763e-15,7.056999641008588e-05,1.8876981812354643e-05,1.8071291833621217e-05,8.05689978733426e-07,1.8876981812354643e-05,3.776396362470929e-07,True,1,train_valid_drop_disagreed,False,10.650101899984293,8.639424099994358,0.0015024508122678526,ok,0.00027885799126917534,0.0005577159824981888,0.014221467954159786,0.003107825313781804,0.014221467954159786,0.003107825313781804,0.05968246607168035,0.0027039541568572305,4479.396678099991
225,225,216,216,3162,3162,3162,1,-0.00014676151105619262,0.00014676151105619262,0.014493744831112411,0.00912707396666164,0.026199852379372203,0,3741,0.0007479222699809341,0.1962256198895292,3741,0.0007479222699809341,0.19622561989072132,3741,0.0007479222699809341,0.1962256198895292,True,31,3849,-365.38807394162166,-365.3880036908182,True,False,accepted,L-BFGS-B>Newton-CG,True,1.1642408946201326e-12,7.240394764823275e-11,1.7079798580548107e-08,4.259231957348675e-06,505.60405479192343,-7.626259768207544e-05,-1.260025883544763e-15,7.025080344646994e-05,4.259232014192094e-06,4.578424977808027e-06,-3.1919296361593297e-07,4.578424977808027e-06,9.166849955616053e-08,False,0,none,True,10.837094100017566,7.919316500017885,0.0014978723872900446,ok,0.0002787857641012184,0.0005575715281622854,0.014170554142558862,0.0030966990901722235,0.014170554142558862,0.0030966990901722235,0.059587153178983686,0.0026996359423233384,4498.8745719
226,226,217,217,4024,4024,4024,1,-0.00015256787814932338,0.00015256787814932338,0.032940028180946275,0.004704437008927651,0.01194073987376703,0,3741,0.0007531793389780889,0.20256513987269878,3741,0.0007531793389780889,0.20256513988241837,3741,0.0007531793389780889,0.20256513987269878,True,32,3848,-365.38808914594836,-365.3880190109852,True,False,accepted,L-BFGS-B>Newton-CG,True,5.32908719975347e-10,1.6432263021418984e-08,3.343063473854549e-08,1.5204326700768434e-05,505.60405479192343,-7.878208902044717e-05,-1.260025883544763e-15,7.01349631526682e-05,1.5204326700768434e-05,1.5320166994570172e-05,-1.1584029380173888e-07,1.5320166994570172e-05,3.065033398914035e-07,False,0,none,True,10.6276270999806,21.037594599998556,0.0014825522202954744,ok,0.000283120387075241,0.0005662407741097062,0.014262727712637284,0.0031168418317847426,0.014262727712637284,0.0031168418317847426,0.059260328360290444,0.0026848289246976203,4531.284620099992
227,227,218,218,1386,1386,1386,1,-0.00016089106974359613,0.00016089106974359613,0.002288204928797267,0.018961349366980986,0.07513711088936259,0,937,0.0008411453627264512,0.19127617754687604,937,0.0008411453627264512,0.19127617754640966,937,0.0008411453627264512,0.19127617754687604,True,33,3847,-365.3880908748878,-365.3880206857972,True,False,accepted,L-BFGS-B>Newton-CG,True,9.829911528265044e-10,1.1584754430972325e-07,9.485213550996268e-09,1.7289393099417794e-06,505.60405479192343,-7.84635176886116e-05,-1.260025883544763e-15,7.018909059297584e-05,1.728939423628617e-06,1.6748119833209785e-06,5.412744030763861e-08,1.728939423628617e-06,3.467878847257234e-08,True,1,train_valid_drop_disagreed,False,10.56163229997037,20.43644859996857,0.0014808774083121534,ok,0.0002825942167690751,0.0005651884334974502,0.014234288016847726,0.0031106268892221365,0.014234288016847726,0.0031106268892221365,0.05922507764920215,0.002683231867587666,4562.988220600004
228,228,219,219,1421,1421,1421,1,-0.00014703758245682153,0.00014703758245682153,0.03426126025221329,0.004478283228757568,0.010879814107066508,0,937,0.0008410478473188433,0.17482665573137032,937,0.0008410478473188433,0.17482665572836256,937,0.0008410478473188433,0.17482665573137032,True,34,3846,-365.3881036431315,-365.3880335232639,True,False,accepted,L-BFGS-B>Newton-CG,True,1.3851581715667411e-12,4.2187384643483516e-11,3.383346866065327e-08,1.2768243777827593e-05,505.60405479192343,-7.579576646646239e-05,-1.260025883544763e-15,7.011986758698185e-05,1.2768243720984174e-05,1.2837466726978164e-05,-6.922300599399023e-08,1.2837466726978164e-05,2.568493345395633e-07,False,0,none,True,10.584648000018205,9.573186399997212,0.0014680399415851753,ok,0.0002809006546190141,0.0005618013091975722,0.014239273355191958,0.0031117163379874757,0.014239273355191958,0.0031117163379874757,0.05895870257553764,0.0026711635662065997,4583.8735446000355
229,229,220,220,3324,3324,3324,1,0.00013873386699070345,0.00013873386699070345,0.007830863738010844,0.009344974845703456,0.031412706136066136,0,3741,0.0007623834696314165,0.18197386553747816,3741,0.0007623834696314165,0.18197386553714978,3741,0.0007623834696314165,0.18197386553747816,True,35,3845,-365.38810624759157,-365.388036620485,True,False,accepted,L-BFGS-B>Newton-CG,True,1.2133927071627262e-12,8.173292194234965e-11,1.5845825627261844e-08,2.604460121347074e-06,505.60405479192343,-7.714045082685052e-05,-1.260025883544763e-15,6.962710654079274e-05,2.6044600645036553e-06,3.0972211106927716e-06,-4.927610461891163e-07,3.0972211106927716e-06,6.204442221385543e-08,False,0,none,True,10.653262900013942,8.180654300027527,0.0014649427204744825,ok,0.00028110367158054556,0.0005622073431206058,0.014171282144404442,0.0030968581808210557,0.014171282144404442,0.0030968581808210557,0.05890028541747484,0.0026685169376777793,4603.408399800013
230,230,221,221,222,222,222,1,0.00014300896389794066,0.00014300896389794066,0.0013420971076678668,0.02971517955518997,0.14642279712398235,0,3741,0.0007613550874498482,0.18783477808882562,3741,0.0007613550874498482,0.18783477808881954,3741,0.0007613550874498482,0.18783477808882562,True,36,3844,-365.38810717568936,-365.3880376811035,True,False,accepted,L-BFGS-B>Newton-CG,True,1.1271699549865734e-12,2.3420949771809335e-10,5.812656898924284e-09,9.280978474635049e-07,505.60405479192343,-7.764810845529754e-05,-1.260025883544763e-15,6.949458582994339e-05,9.28097790620086e-07,1.0606185014694347e-06,-1.325207108493487e-07,1.0606185014694347e-06,2.1312370029388696e-08,False,0,none,True,10.709299400041346,8.287899799994193,0.001463882101973013,ok,0.0002814529313093943,0.000562905862578253,0.014148428923664389,0.0030918640537628424,0.014148428923664389,0.0030918640537628424,0.05888056547693033,0.0026676235125444366,4623.144800500013
231,231,222,222,5,5,5,1,-0.00013658420140849614,0.00013658420140849614,0.14668393731635418,0.004185091083133139,0.007994318330518864,0,3741,0.0007638411716659803,0.1788123061114896,3741,0.0007638411716659803,0.17881230610160198,3741,0.0007638411716659803,0.1788123061114896,True,37,3843,-365.38812624041293,-365.3880568557012,True,False,accepted,L-BFGS-B>Newton-CG,True,8.797512118005275e-10,2.695655073843492e-08,3.36358969415983e-08,1.9064723574047093e-05,505.60405479192343,-7.465210464946496e-05,-1.260025883544763e-15,6.938471170769844e-05,1.9064723574047093e-05,1.917459769629204e-05,-1.0987412224494619e-07,1.917459769629204e-05,3.835919539258408e-07,False,0,none,True,10.791821499995422,52.53791019995697,0.001444707504276721,ok,0.0002756912178553768,0.0005513824356710478,0.01409959341186156,0.003081192002165811,0.01409959341186156,0.003081192002165811,0.058449542181690815,0.002648095713048594,4687.199756100017
232,232,223,223,2821,2821,2821,1,-0.00014476781348271572,0.00014476781348271572,0.16810369436111847,0.002594147582693282,0.0046394781441335365,0,3741,0.0007588036378256023,0.19078429025137075,3741,0.0007588036378256023,0.19078429018404106,3741,0.0007588036378256023,0.19078429025137075,True,38,3842,-365.3881654750377,-365.38809740775406,True,False,accepted,L-BFGS-B>Newton-CG,True,1.2141985419088997e-12,2.1757674756511457e-11,5.680552864664568e-08,3.9234624864548096e-05,505.60405479192343,-6.673773217743833e-05,-1.260025883544763e-15,6.806728362107606e-05,3.923462475086126e-05,4.055205283748364e-05,-1.3174280866223853e-06,4.055205283748364e-05,8.111410567496729e-07,False,0,none,True,10.445541099994443,9.232197100005578,0.0014041554514392374,ok,0.0002657571747527304,0.0005315143494671857,0.013854160511770278,0.003027557413795807,0.013854160511770278,0.003027557413795807,0.05763523959039024,0.002611203187963549,4707.639076600026
233,233,224,224,979,979,979,1,0.00013712206629646825,0.00013712206629646825,0.0006390490868570565,0.032358327228620413,0.18325647669504017,0,3741,0.0007625597934777069,0.17981811717493462,3741,0.0007625597934777069,0.1798181171749298,3741,0.0007625597934777069,0.17981811717493462,True,39,3841,-365.3881669545879,-365.38809867374715,True,False,accepted,L-BFGS-B>Newton-CG,True,1.2415060055447146e-12,2.929729595674321e-10,5.237612943453109e-09,1.4795501783737564e-06,505.60405479192343,-6.683408507381991e-05,-1.260025883544763e-15,6.828084076460073e-05,1.4795502352171752e-06,1.2659930916925077e-06,2.1355714352466748e-07,1.4795502352171752e-06,2.9691004704343506e-08,True,1,train_valid_drop_disagreed,False,10.625233599974308,8.927987300034147,0.0014028894583475449,ok,0.0002656148350534058,0.0005312296700685571,0.013540850594575313,0.0029590896230687193,0.013540850594575313,0.0029590896230687193,0.05760294931211273,0.002609740255247772,4727.953963000036
234,234,225,225,3693,3693,3693,1,0.0001249172467829851,0.0001249172467829851,0.17524865544164864,0.0024300236802991693,0.004164150250773902,0,3741,0.0007627878218278313,0.1637640811879403,3741,0.0007627878218278313,0.16376408118834787,3741,0.0007627878218278313,0.1637640811879403,True,40,3840,-365.38819849115487,-365.388130275139,True,False,accepted,L-BFGS-B>Newton-CG,True,1.2820074816615044e-12,2.4938978568576066e-11,5.2405773421565714e-08,3.153656689391937e-05,505.60405479192343,-3.861354355059668e-05,-1.260025883544763e-15,6.821601584761083e-05,3.153656695076279e-05,3.160139186775268e-05,-6.482491698989179e-08,3.160139186775268e-05,6.321278373550537e-07,False,0,none,True,10.590521599981003,24.38890540000284,0.0013712880664797922,ok,0.0002585158874890888,0.0005170317749409454,0.013466631942615893,0.0029428705797141423,0.013466631942615893,0.0029428705797141423,0.05692399531671167,0.002578979789083813,4763.6985513999825
235,235,226,226,1572,1572,1572,1,0.0001545770861105366,0.0001545770861105366,0.020592919938038853,0.0056217529975934035,0.011888199351697938,0,3741,0.0007644271306040602,0.20221297743368657,3741,0.0007644271306040602,0.20221297743334515,3741,0.0007644271306040602,0.20221297743368657,True,41,3839,-365.38820871765995,-365.3881375450888,True,False,accepted,L-BFGS-B>Newton-CG,True,1.1803553243379455e-12,4.2927876630885615e-11,2.8496242930606704e-08,1.0226505139598885e-05,505.60405479192343,-4.0685159380548284e-05,-1.260025883544763e-15,7.117257115396569e-05,1.0226505082755466e-05,7.269949776400608e-06,2.9565553063548577e-06,1.0226505082755466e-05,2.0463010165510933e-07,True,1,train_valid_drop_disagreed,False,10.659245699993335,9.392861599975731,0.0013640181167033916,ok,0.0002569000993737244,0.0005138001987104494,0.013459352287293483,0.0029412797525815624,0.013459352287293483,0.0029412797525815624,0.05677299770452044,0.002572138740983193,4784.509487300005
236,236,227,227,1045,1045,1045,1,0.00013412138610990887,0.00013412138610990887,0.011642593234016297,0.006109210424269469,0.01935851576000131,0,3741,0.0007760537513134963,0.17282486668340183,3741,0.0007760537513134963,0.17282486668321811,3741,0.0007760537513134963,0.17282486668340183,True,42,3838,-365.3882139358973,-365.38814139888603,True,False,accepted,L-BFGS-B>Newton-CG,True,8.603987402205893e-13,3.9191042568517445e-11,2.2953964065037555e-08,5.218237220105948e-06,505.60405479192343,-4.3094707226696806e-05,-1.260025883544763e-15,7.25370112490964e-05,5.218237333792786e-06,3.853797238662082e-06,1.3644400951307034e-06,5.218237333792786e-06,1.0446474667585571e-07,True,2,train_valid_drop_disagreed,False,10.714120099961292,96.22905319998972,0.0013601643194647295,ok,0.0002572580223284598,0.0005145160446198686,0.013454281141181332,0.0029401715521969025,0.013454281141181332,0.0029401715521969025,0.05668072743008028,0.0025679583743102212,4892.213304600038
237,237,228,228,2792,2792,2792,1,0.0001192683727229138,0.0001192683727229138,0.2993572278677864,0.0012536065805929856,0.0019745376729455744,0,3741,0.0007753774407734291,0.15381976112684567,3741,0.0007753774407734291,0.15381976102210318,3741,0.0007753774407734291,0.15381976112684567,True,43,3837,-365.3883447060372,-365.388274453742,True,False,accepted,L-BFGS-B>Newton-CG,True,9.36383933175951e-10,9.84214872979823e-09,9.61401933544188e-08,0.0001307701400037331,530.893001704235,-5.0341018655396467e-05,-1.260025883544763e-15,7.025229518831111e-05,0.00013077013989004627,0.00013305485595083155,-2.2847160607852857e-06,0.00013305485595083155,2.661197119016631e-06,False,0,none,True,10.477030200010631,57.0942055999767,0.001227109463513898,ok,0.0002700469785990047,0.0005400939571591166,0.012497378571838127,0.002731059100696578,0.012497378571838127,0.002731059100696578,0.053865745870081694,0.0024404237466108076,4960.485804900003
238,238,229,229,3815,3815,3815,1,0.00011624226058054576,0.00011624226058054576,0.003998239150955725,0.013471151756784884,0.0443453896749097,0,3741,0.0008128304755403602,0.1430092301882127,3741,0.0008128304755403602,0.14300923018818704,3741,0.0008128304755403602,0.1430092301882127,True,44,3836,-365.38834617975516,-365.3882758261664,True,False,accepted,L-BFGS-B>Newton-CG,True,1.3479914141293384e-12,1.562168374407241e-10,9.6289764676668e-09,1.4737181004420563e-06,530.893001704235,-5.084296255813078e-05,-1.260025883544763e-15,7.03535887396356e-05,1.4737179867552186e-06,1.3724244354307302e-06,1.0129355132448836e-07,1.4737179867552186e-06,2.9574359735104372e-08,True,1,train_valid_drop_disagreed,False,10.37270800000988,17.854317799967248,0.0012257370390784672,ok,0.0002695071275275794,0.0005390142550163437,0.012463542466429825,0.002723664877734035,0.012463542466429825,0.002723664877734035,0.05383784601846298,0.0024391597251196464,4989.477125699981
239,239,230,230,3962,3962,3962,1,-0.00012529096514091176,0.00012529096514091176,0.023647505430488033,0.007847547659964971,0.018174960487517718,0,3741,0.0006754859386886847,0.1854827139468485,3741,0.0006754859386886847,0.18548271394881766,3741,0.0006754859386886847,0.1854827139468485,True,45,3835,-365.3883496273149,-365.3882792109361,True,False,accepted,L-BFGS-B>Newton-CG,True,8.397716616662402e-13,5.259874986884813e-11,1.696562016702224e-08,3.4475597203709185e-06,530.893001704235,-5.2518803335899566e-05,-1.260025883544763e-15,7.041637877591711e-05,3.4475597203709185e-06,3.384769684089406e-06,6.279003628151258e-08,3.4475597203709185e-06,6.905119440741836e-08,False,0,none,True,10.625125400023535,9.335449500009418,0.0012223522693943778,ok,0.0002693126584722623,0.0005386253169057375,0.012458222403451647,0.0027225022814079884,0.012458222403451647,0.0027225022814079884,0.05375449763107942,0.0024353835705240496,5010.179520200007
240,240,231,231,1506,1506,1506,1,-0.00013899611235512754,0.00013899611235512754,0.009693635430682362,0.007121838026425948,0.021515463803142527,0,3741,0.0006206941529481157,0.22393655827904396,3741,0.0006206941529481157,0.2239365582698885,3741,0.0006206941529481157,0.22393655827904396,True,46,3834,-365.38835646057265,-365.38828503864124,True,False,accepted,L-BFGS-B>Newton-CG,True,1.1597530556008526e-12,5.942305346461671e-11,2.0516887604764774e-08,6.83325771433374e-06,530.893001704235,-5.329455752490881e-05,-1.260025883544763e-15,7.142193140907693e-05,6.833257771177159e-06,5.827705138017336e-06,1.005552633159823e-06,6.833257771177159e-06,1.3676515542354318e-07,True,1,train_valid_drop_disagreed,False,10.564150499994867,22.154303100018296,0.0012165245642563605,ok,0.00026731981611528697,0.0005346396321920738,0.012413724292305238,0.0027127780843924595,0.012413724292305238,0.0027127780843924595,0.05359615810334815,0.0024282098920153637,5043.6705547000165
241,241,232,232,3168,3168,3168,1,-0.00011786833554472409,0.00011786833554472409,0.3048074632564301,0.0027253459184503302,0.004438311045436095,0,3741,0.0006445268399002165,0.18287575977902187,3741,0.0006445268399002165,0.1828757599005601,3741,0.0006445268399002165,0.18287575977902187,True,47,3833,-365.3883869975946,-365.3883153115533,True,False,accepted,L-BFGS-B>Newton-CG,True,1.1355085513648713e-12,2.6255173481864434e-11,4.424894490410491e-08,3.053702198485553e-05,530.893001704235,-3.2484916640297773e-05,-1.260025883544763e-15,7.168604128082734e-05,3.053702192801211e-05,3.0272912056261703e-05,2.6410987175040646e-07,3.053702192801211e-05,6.108404385602422e-07,False,0,none,True,10.662637899979018,10.123476499982644,0.0011862516522000988,ok,0.0002610836962430727,0.0005221673924485434,0.012461247439936726,0.0027231633443161036,0.012461247439936726,0.0027231633443161036,0.05293660879860364,0.0023983285683771226,5065.220357400016
242,242,233,233,2763,2763,2763,1,0.00012475195064592937,0.00012475195064592937,0.00674287420638452,0.007831245936715952,0.020483626969334916,0,937,0.0007023468039913753,0.17762158229663033,937,0.0007023468039913753,0.17762158229742384,937,0.0007023468039913753,0.17762158229663033,True,48,3832,-365.3883911824822,-365.3883193450217,True,False,accepted,L-BFGS-B>Newton-CG,True,8.947612956975109e-13,5.6168226026142896e-11,1.6930025906124465e-08,4.184887586689001e-06,530.893001704235,-3.376220711244661e-05,-1.260025883544763e-15,7.183746049577167e-05,4.18488764353242e-06,4.033468428588094e-06,1.5141921494432609e-07,4.18488764353242e-06,8.379775287064839e-08,True,1,train_valid_drop_disagreed,False,10.72652869997546,9.539629300008528,0.0011822181837715107,ok,0.0002591616956387439,0.0005183233912401627,0.012397538665695207,0.0027092410303935183,0.012397538665695207,0.0027092410303935183,0.052842181772778433,0.0023940504886360296,5086.263757000037
243,243,234,234,3063,3063,3063,1,0.00012125861591538722,0.00012125861591538722,0.11705194810949271,0.004061634288063843,0.00769336855267048,0,937,0.0006514446020169554,0.1861380315992413,937,0.0006514446020169554,0.18613803155672065,937,0.0006514446020169554,0.1861380315992413,True,49,3831,-365.3884036009614,-365.38833035251247,True,False,accepted,L-BFGS-B>Newton-CG,True,1.1518729193496228e-12,3.858271440441429e-11,3.0854636645726406e-08,1.241847928667994e-05,530.893001704235,-3.3321039485063604e-05,-1.260025883544763e-15,7.324844892764304e-05,1.2418479172993102e-05,1.1007490741121728e-05,1.410988431871374e-06,1.2418479172993102e-05,2.4846958345986205e-07,True,2,train_valid_drop_disagreed,False,10.551406099984888,18.072279300016817,0.001171210693030389,ok,0.0002580301804388274,0.0005160603608404926,0.012377155448023714,0.002704786674481739,0.012377155448023714,0.002704786674481739,0.0525765646413759,0.0023820165263375255,5115.6502830000245
244,244,235,235,3552,3552,3552,1,-0.0001192258063657109,0.0001192258063657109,0.00012461007435174784,0.025406578900446664,0.13932391639769676,0,3741,0.0006659581177002771,0.1790289857527797,3741,0.0006659581177002771,0.1790289857528137,3741,0.0006659581177002771,0.1790289857527797,True,50,3830,-365.3884043198734,-365.3883306312111,True,False,accepted,L-BFGS-B>Newton-CG,True,5.929253471416001e-10,1.2635020114398258e-07,5.692713915555472e-09,7.189120765360713e-07,530.893001704235,-3.33534708214918e-05,-1.260025883544763e-15,7.36886623258215e-05,7.189120196926524e-07,2.786986215141951e-07,4.402133981784573e-07,7.189120196926524e-07,1.4478240393853047e-08,True,3,train_valid_drop_disagreed,False,10.583867100009229,31.5220836000517,0.0011709319944088747,ok,0.0002579611407858675,0.0005159222815345828,0.012356695521696003,0.0027003155553845877,0.012356695521696003,0.0027003155553845877,0.05257349771560291,0.002381877577208267,5158.541322699981
245,245,236,236,863,863,863,1,-0.00010349339412130121,0.00010349339412130121,0.12917335584541934,0.0018220392238549807,0.003473958219927499,0,3741,0.0006663730029660016,0.1553085038869461,3741,0.0006663730029660016,0.1553085038788734,3741,0.0006663730029660016,0.1553085038869461,True,51,3829,-365.38844719880586,-365.38837423844336,True,False,accepted,L-BFGS-B>Newton-CG,True,1.0730143440335826e-12,1.8890810382662955e-11,5.780086361029497e-08,4.2878932447365514e-05,530.893001704235,-2.743769653778165e-05,-1.260025883544763e-15,7.296036250181714e-05,4.2878932447365514e-05,4.360723227136987e-05,-7.282998240043526e-07,4.360723227136987e-05,8.722446454273973e-07,False,0,none,True,10.700085199961904,14.918547500041313,0.0011273247621375049,ok,0.00025594711295103293,0.0005118942258652038,0.012078150870639438,0.0026394450376319594,0.012078150870639438,0.0026394450376319594,0.051487759122704105,0.0023326874620075463,5184.916259400023
246,246,237,237,952,952,952,1,-0.00012056726019471498,0.00012056726019471498,0.00802265560303789,0.007442362426930958,0.02553482126620306,0,3741,0.0007098826262549575,0.1698411198352285,3741,0.0007098826262549575,0.16984111983670186,3741,0.0007098826262549575,0.1698411198352285,True,52,3828,-365.388451319133,-365.38837819785243,True,False,accepted,L-BFGS-B>Newton-CG,True,1.5449623430231882e-12,9.536726362466254e-11,1.7200132878968873e-08,4.120327218970488e-06,530.893001704235,-2.6951447991420802e-05,-1.260025883544763e-15,7.312128059311362e-05,4.120327162127069e-06,3.9594090708305885e-06,1.6091809129648027e-07,4.120327162127069e-06,8.250654324254137e-08,True,1,train_valid_drop_disagreed,False,10.578703199978918,9.962591100018471,0.0011233653530666743,ok,0.00025633106982720304,0.0005126621396174887,0.012185691505084393,0.002662945952380386,0.012185691505084393,0.002662945952380386,0.05140656787130759,0.0023290090379047223,5206.263243500027
247,247,237,237,89,89,,1,-0.00014404443895829622,0.00014404443895829622,0.002176405454660676,0.012068609574249132,0.05361297974564937,0,3741,0.0007116016586308143,0.20242285443158,3741,0.0007116016586308143,0.20242285443149652,3741,0.0007116016586308143,0.20242285443158,True,53,3827,-365.388451319133,-365.38837819785243,False,True,projected_residual,L-BFGS-B>Newton-CG>trust-krylov,False,4.0423265050671305e-07,3.386820117055169e-05,1.2935462662191588e-08,2.3890681291049987e-06,530.893001704235,-2.758558659487436e-05,-1.260025883544763e-15,7.312128059311362e-05,,,,,,False,1,none,False,10.735841499990784,14.77426730003208,,,,,,,,,,,5232.064686900005
248,248,238,238,1800,1800,1800,1,-0.00014109302096473875,0.00014109302096473875,0.0023212718436440567,0.011818731777046168,0.05183636752680036,0,3741,0.0007116016586308143,0.19827528400680575,3741,0.0007116016586308143,0.19827528400684152,3741,0.0007116016586308143,0.19827528400680575,True,54,3826,-365.3884536660263,-365.38837989968204,True,False,accepted,L-BFGS-B>Newton-CG,True,1.3489264820775645e-12,1.1299354262675671e-10,1.2938084696869578e-08,2.346893211324641e-06,530.893001704235,-2.7650983142232834e-05,-1.260025883544763e-15,7.376634425781958e-05,2.34689326816806e-06,1.7018296034621017e-06,6.450636647059582e-07,2.34689326816806e-06,4.70378653633612e-08,True,2,train_valid_drop_disagreed,False,10.567990600015037,13.768456000019796,0.0011216635234632122,ok,0.0002565273430650466,0.0005130546860931474,0.012103698136024629,0.0026450278957671335,0.012103698136024629,0.0026450278957671335,0.05136965287266564,0.002327336579130844,5257.169972100004
249,249,239,239,2451,2451,2451,1,-0.00010447497367316316,0.00010447497367316316,0.008031941588163494,0.005658334021006414,0.018972189519793452,0,3741,0.0007110292698846619,0.14693484234497176,3741,0.0007110292698846619,0.14693484234511447,3741,0.0007110292698846619,0.14693484234497176,True,55,3825,-365.3884576348461,-365.3883838200051,True,False,accepted,L-BFGS-B>Newton-CG,True,1.0231375050488964e-12,5.541282805790973e-11,1.9463910630579192e-08,3.968819896726927e-06,530.893001704235,-2.643061293850982e-05,-1.260025883544763e-15,7.381484095958513e-05,3.9688197830400895e-06,3.920323081274546e-06,4.849670176554355e-08,3.9688197830400895e-06,7.947639566080179e-08,False,0,none,True,10.700316999980714,9.30396460002521,0.0011177432003819376,ok,0.00025552421271162205,0.0005110484253864428,0.012071819601636839,0.0026380614618901257,0.012071819601636839,0.0026380614618901257,0.05127802298719923,0.0023231852257098633,5277.970774799993
250,250,240,240,3895,3895,3895,1,0.00010879037019601023,0.00010879037019601023,0.0047683832032385,0.006716813929226827,0.024629673366863027,0,3741,0.0008239208723685706,0.13203982790636748,3741,0.0008239208723685706,0.13203982790632654,3741,0.0008239208723685706,0.13203982790636748,True,56,3824,-365.3884609560304,-365.38838826221547,True,False,accepted,L-BFGS-B>Newton-CG,True,9.37991603186355e-13,5.7912433386741e-11,1.7196722332878303e-08,3.3211844652214495e-06,530.893001704235,-2.6914453964820108e-05,-1.260025883544763e-15,7.269381495689231e-05,3.3211843515346118e-06,4.442210354227427e-06,-1.1210260026928154e-06,4.442210354227427e-06,8.894420708454854e-08,False,0,none,True,10.635110199975315,19.098628900013864,0.0011133009900277102,ok,0.0002550114011723815,0.0005100228023080356,0.012193027346881657,0.002664549057974613,0.012193027346881657,0.002664549057974613,0.05119558841917643,0.002319450472313342,5308.5183865000145
251,251,241,241,3227,3227,3227,1,0.0001264469176265881,0.0001264469176265881,0.0012057528176443416,0.016846963936280546,0.08123824742493535,0,3741,0.0008459648027407562,0.14947066026497258,3741,0.0008459648027407562,0.14947066026494413,3741,0.0008459648027407562,0.14947066026497258,True,57,3823,-365.38846287967124,-365.3883909312588,True,False,accepted,L-BFGS-B>Newton-CG,True,9.161304611525344e-13,1.220592572089615e-10,8.505620483861776e-09,1.9236408661527093e-06,530.893001704235,-2.744705374098157e-05,-1.260025883544763e-15,7.194841242608163e-05,1.9236408093092905e-06,2.66904334011997e-06,-7.454025308106793e-07,2.66904334011997e-06,5.34808668023994e-08,False,0,none,True,10.633269799989648,13.646111299982294,0.0011106319466875902,ok,0.0002547007529109912,0.0005094015057852997,0.01192636799052858,0.002606275840293983,0.01192636799052858,0.002606275840293983,0.05115145851749864,0.0023174511375180927,5333.589218000008
252,252,242,242,2824,2824,2824,1,-0.00010310116873490927,0.00010310116873490927,0.03882273511101049,0.0038264708889420404,0.009199437643918592,0,3741,0.0008193046501262048,0.12583984323661251,3741,0.0008193046501262048,0.12583984321298192,3741,0.0008193046501262048,0.12583984323661251,True,58,3822,-365.38847536444996,-365.38840470841336,True,False,accepted,L-BFGS-B>Newton-CG,True,9.812960849763676e-10,3.6419576487736674e-08,2.7944192646138894e-08,1.2484778835641919e-05,530.893001704235,-2.3844911905990407e-05,-1.260025883544763e-15,7.065603659839326e-05,1.2484778721955081e-05,1.3777154549643456e-05,-1.2923758276883746e-06,1.3777154549643456e-05,2.7564309099286914e-07,False,0,none,True,10.737635200028308,14.769401899946388,0.0010968547921379468,ok,0.00025164567621688803,0.0005032913523975334,0.011780288790642673,0.002574353071372676,0.011780288790642673,0.002574353071372676,0.0508357752792251,0.002303148896666405,5359.876653900021
253,253,243,243,1606,1606,1606,1,-0.0001099225044249863,0.0001099225044249863,0.18535491450121233,0.002378606194686615,0.004190273511715005,0,3741,0.0008265756672047525,0.13298541051506324,3741,0.0008265756672047525,0.1329854104492591,3741,0.0008265756672047525,0.13298541051506324,True,59,3821,-365.3885032883252,-365.3884325270374,True,False,accepted,L-BFGS-B>Newton-CG,True,8.736468181949739e-10,1.8904790717069028e-08,4.721298544215901e-08,2.7923875222768402e-05,530.893001704235,-2.874006701466158e-05,-1.260025883544763e-15,7.076128775906909e-05,2.7923875222768402e-05,2.7818624062092567e-05,1.052511606758344e-07,2.7923875222768402e-05,5.58577504455368e-07,False,0,none,True,10.63875119999284,14.297001399972942,0.0010690361680758542,ok,0.00025131792007773024,0.000502635840119265,0.0117104031419459,0.002559080921634691,0.0117104031419459,0.002559080921634691,0.050107707029831326,0.0022701632762823602,5385.644964899984
254,254,244,244,1301,1301,1301,1,-0.00010472876251302332,0.00010472876251302332,0.0036788390259760387,0.00545669040743002,0.02143097496246533,0,3741,0.0008251077751189347,0.12692737321245973,3741,0.0008251077751189347,0.12692737321263944,3741,0.0008251077751189347,0.12692737321245973,True,60,3820,-365.3885088586047,-365.38843944536075,True,False,accepted,L-BFGS-B>Newton-CG,True,1.0000679089155552e-12,5.210661495897721e-11,2.019272456487327e-08,5.570279540734191e-06,530.893001704235,-2.9559060463464513e-05,-1.260025883544763e-15,6.941324397757853e-05,5.570279540734191e-06,6.918323322224751e-06,-1.34804378149056e-06,6.918323322224751e-06,1.3846646644449503e-07,False,0,none,True,10.541181000007782,10.333536300051492,0.0010621178447536295,ok,0.00024863288337583905,0.0004972657667158694,0.011606566736231363,0.0025363894940540824,0.011606566736231363,0.0025363894940540824,0.0500085029264624,0.002265668767838967,5407.2811860000365
255,255,245,245,3742,3742,3742,1,-0.0001013942163625714,0.0001013942163625714,0.013879631901478888,0.007411871875583038,0.020664798399644132,0,3741,0.0007288768513154522,0.1391102161902639,3741,0.0007288768513154522,0.13911021618322142,3741,0.0007288768513154522,0.1391102161902639,True,61,3819,-365.38851183121426,-365.38844251930556,True,False,accepted,L-BFGS-B>Newton-CG,True,1.117763020203234e-12,8.170797700675806e-11,1.4679974234471427e-08,2.9726095931437158e-06,530.893001704235,-3.025116856793986e-05,-1.260025883544763e-15,6.93119087031846e-05,2.972609536300297e-06,3.073944810694229e-06,-1.013352743939322e-07,3.073944810694229e-06,6.157889621388457e-08,False,0,none,True,10.714419799973257,9.594137599982787,0.0010590438999429352,ok,0.0002473936161964466,0.000494787232357263,0.01159669021797964,0.0025342311730190336,0.01159669021797964,0.0025342311730190336,0.04994630199679081,0.0022628507129994787,5428.413863599999
256,256,246,246,3619,3619,3619,1,9.217571522274204e-05,9.217571522274204e-05,0.00900045136533941,0.004417608426994128,0.011157583063935123,0,937,0.0007195959726923348,0.128093706358404,937,0.0007195959726923348,0.12809370635783443,937,0.0007195959726923348,0.128093706358404,True,62,3818,-365.38851798486513,-365.3884487256984,True,False,accepted,L-BFGS-B>Newton-CG,True,1.1402565607710232e-12,5.4647875327389454e-11,2.1865524120377423e-08,6.153650986107095e-06,530.893001704235,-3.009969039934915e-05,-1.260025883544763e-15,6.925916670752486e-05,6.153650872420258e-06,6.206392868080002e-06,-5.2741995659744134e-08,6.206392868080002e-06,1.2422785736160004e-07,False,0,none,True,10.868037500011269,9.379573599959258,0.0010528375070748552,ok,0.0002476368095842445,0.0004952736191328237,0.011590087820442446,0.002532788347407509,0.011590087820442446,0.002532788347407509,0.04978855087837121,0.0022557036927693284,5449.455238200026
257,257,247,247,2759,2759,2759,1,-8.628508139774116e-05,8.628508139774116e-05,0.004092572972028566,0.006014946142239513,0.020999274499204034,0,3741,0.0007138683573576382,0.12086973810846967,3741,0.0007138683573576382,0.12086973811075014,3741,0.0007138683573576382,0.12086973810846967,True,63,3817,-365.3885220732401,-365.3884522664718,True,False,accepted,L-BFGS-B>Newton-CG,True,1.9326555706430958e-12,1.3472571366968135e-10,1.5345112881580677e-08,4.08837490795122e-06,530.893001704235,-3.0286531164756314e-05,-1.260025883544763e-15,6.980676829471122e-05,4.088374964794639e-06,3.540773377608275e-06,5.476015871863638e-07,4.088374964794639e-06,8.186749929589277e-08,True,1,train_valid_drop_disagreed,False,10.945917200006079,18.776841999962926,0.001049296733697247,ok,0.00024634204254103914,0.0004926840850465995,0.011554724213590937,0.002525060318703721,0.011554724213590937,0.002525060318703721,0.04970089937681593,0.0022517325826999068,5480.000280899985
258,258,248,248,1436,1436,1436,1,8.365955955369486e-05,8.365955955369486e-05,0.32885541779177235,0.0008698489702496605,0.0013466398209876949,0,3741,0.0007651465007074837,0.109337962699091,3741,0.0007651465007074837,0.10933796273261974,3741,0.0007651465007074837,0.109337962699091,True,64,3816,-365.3886726365373,-365.388605570069,True,False,accepted,L-BFGS-B>Newton-CG,True,9.439056445440676e-13,9.814244246430441e-12,9.717710960142217e-08,0.00015056329726803597,765.1109368286935,-1.835307872441788e-05,-1.260025883544763e-15,6.70664683184441e-05,0.00015056329721119255,0.00015330359718745967,-2.7402999762671243e-06,0.00015330359718745967,3.0661719437491934e-06,False,0,none,True,10.632388400030322,10.15152339998167,0.0008959931365097873,ok,0.0002071526060365618,0.00041430521204328897,0.010491190083990565,0.002292645612943607,0.010491190083990565,0.002292645612943607,0.04607546334065797,0.0020874797713530094,5501.585174700012
259,259,249,249,2827,2827,2827,1,0.00010886301039114699,0.00010886301039114699,0.24383881099138194,0.001698686724876506,0.0028187201334383054,0,3741,0.0006524233960692016,0.16685945207826366,3741,0.0006524233960692016,0.16685945208380262,3741,0.0006524233960692016,0.16685945207826366,True,65,3815,-365.3887233785358,-365.38865613024814,True,False,accepted,L-BFGS-B>Newton-CG,True,1.056740367461055e-12,1.648926322590009e-11,6.508657275852125e-08,5.074199850696459e-05,765.1109368286935,-2.2442782709681715e-05,-1.260025883544763e-15,6.724828767801228e-05,5.074199850696459e-05,5.056017914739641e-05,1.8181935956818052e-07,5.074199850696459e-05,1.0149399701392918e-06,False,0,none,True,10.655422499985434,14.53596170002129,0.0008454329573623909,ok,0.00019535251340095392,0.0003907050267737727,0.01025638858053814,0.002241334309603081,0.01025638858053814,0.002241334309603081,0.04465524753994865,0.002023135941904841,5527.6631814999855
260,260,250,250,4028,4028,4028,1,-8.96851630771689e-05,8.96851630771689e-05,0.008331823904084799,0.005707973854194948,0.018885124196713537,0,3741,0.0006363515599704373,0.14093650227137866,3741,0.0006363515599704373,0.14093650226694923,3741,0.0006363515599704373,0.14093650227137866,True,66,3814,-365.388727650918,-365.3886601204707,True,False,accepted,L-BFGS-B>Newton-CG,True,1.0770345237776341e-12,6.854740173302637e-11,1.6712258912050274e-08,4.272382284398191e-06,765.1109368286935,-2.2238530669118748e-05,-1.260025883544763e-15,6.753044726792723e-05,4.272382170711353e-06,3.990222580796399e-06,2.8215958991495427e-07,4.272382170711353e-06,8.554764341422706e-08,True,1,train_valid_drop_disagreed,False,10.710633800015785,23.311116400000174,0.0008414427347815945,ok,0.0001938109499250382,0.0003876218998221632,0.010212846138027554,0.002231818955386872,0.010212846138027554,0.002231818955386872,0.04454779143391529,0.0020182675709457787,5562.5071627
261,261,251,251,264,264,264,1,-8.566073563720522e-05,8.566073563720522e-05,0.158267922084702,0.002901500201663779,0.0053680790462661354,0,3741,0.0006364125045961414,0.13459939114735708,3741,0.0006364125045961414,0.1345993911385899,3741,0.0006364125045961414,0.13459939114735708,True,67,3813,-365.38874104203137,-365.3886740492772,True,False,accepted,L-BFGS-B>Newton-CG,True,1.2163854426730723e-12,4.120140437085999e-11,3.052291217367751e-08,1.3391113498073537e-05,765.1109368286935,-2.2712568866747435e-05,-1.260025883544763e-15,6.699275417076933e-05,1.33911133843867e-05,1.3928806481544598e-05,-5.376930971578986e-07,1.3928806481544598e-05,2.78676129630892e-07,False,0,none,True,10.560485499969218,9.700970600009896,0.0008275139283000499,ok,0.00018561571934164786,0.00037123143865656287,0.01009228583876591,0.002205472846033734,0.01009228583876591,0.002205472846033734,0.04421526511697237,0.00200320224311763,5583.591744999983
262,262,252,252,446,446,446,1,-8.444883137137538e-05,8.444883137137538e-05,0.2639378320779982,0.0029323439698334163,0.004993969578128417,0,3741,0.0006486482127593461,0.1301920358527321,3741,0.0006486482127593461,0.1301920358329638,3741,0.0006486482127593461,0.1301920358527321,True,68,3812,-365.3887525714004,-365.3886851682548,True,False,accepted,L-BFGS-B>Newton-CG,True,1.1813601318260158e-12,4.1020748240873026e-11,2.979908783938051e-08,1.152936897597101e-05,765.1109368286935,-2.1466959743703653e-05,-1.260025883544763e-15,6.740314557873717e-05,1.152936903281443e-05,1.1118977624846593e-05,4.1039140796783613e-07,1.152936903281443e-05,2.306873806562886e-07,True,1,train_valid_drop_disagreed,False,10.573769900016487,9.747642700036522,0.0008163949506752033,ok,0.00018010119934306902,0.0003602023986601994,0.010040545874420805,0.0021941660828047765,0.010040545874420805,0.0021941660828047765,0.043909609113325906,0.0019893542928563993,5604.688211900007
263,263,252,252,3449,3449,,1,-8.467751200313955e-05,8.467751200313955e-05,0.03428330664419082,0.00459350501596921,0.011833051897561396,0,3741,0.0006948305156769003,0.12186786574945857,3741,0.0006948305156769003,0.12186786574597475,3741,0.0006948305156769003,0.12186786574945857,True,69,3811,-365.3887525714004,-365.3886851682548,False,True,projected_residual,L-BFGS-B>Newton-CG>trust-krylov,False,1.038615329423999e-06,5.6341815121096205e-05,1.943418298100069e-08,5.596438313659746e-06,765.1109368286935,-2.2561082619700316e-05,-1.260025883544763e-15,6.740314557873717e-05,,,,,,False,1,none,False,10.919189399981406,21.636186100018676,,,,,,,,,,,5637.561785100028
264,264,253,253,2100,2100,2100,1,-8.20688947613668e-05,8.20688947613668e-05,0.02033255339691244,0.003903754894531703,0.010874524766149868,0,3741,0.0006948305156769003,0.11811354410854526,3741,0.0006948305156769003,0.11811354410941018,3741,0.0006948305156769003,0.11811354410854526,True,70,3810,-365.3887580206175,-365.38869105576293,True,False,accepted,L-BFGS-B>Newton-CG,True,1.435258615151844e-12,6.827066283654464e-11,2.202306547965085e-08,5.4492170988851285e-06,765.1109368286935,-2.1952315590998968e-05,-1.260025883544763e-15,6.696485456814116e-05,5.4492170988851285e-06,5.887508109481132e-06,-4.382910105960036e-07,5.887508109481132e-06,1.1785016218962264e-07,False,0,none,True,10.855785300023854,10.569592099986039,0.0008105074425657222,ok,0.0001781478392373439,0.0003562956784490305,0.01001977020760919,0.002189625964763801,0.01001977020760919,0.002189625964763801,0.04376073002662092,0.001982609225973915,5659.9111548000365
265,265,254,254,179,179,179,1,-8.72414455930226e-05,8.72414455930226e-05,0.033548684306351835,0.0037608821041012286,0.009756783717863475,0,3741,0.0006956584919177405,0.1254084390640036,3741,0.0006956584919177405,0.12540843906778634,3741,0.0006956584919177405,0.1254084390640036,True,71,3809,-365.3887662700871,-365.38869969411087,True,False,accepted,L-BFGS-B>Newton-CG,True,1.3698062684974715e-12,5.90508312445292e-11,2.4197070043351474e-08,8.249469544807653e-06,765.1109368286935,-2.3173146688313385e-05,-1.260025883544763e-15,6.657597623416223e-05,8.249469601651072e-06,8.638347935630009e-06,-3.88878333978937e-07,8.638347935630009e-06,1.7286695871260018e-07,False,0,none,True,10.71743299998343,10.230580999981612,0.0008018690946300921,ok,0.00017877986151336277,0.0003575597230009772,0.010054093897810128,0.002197126739902677,0.010054093897810128,0.002197126739902677,0.04353467835249394,0.001972367803255456,5681.707530900021
266,266,255,255,3026,3026,3026,1,7.736920314460605e-05,7.736920314460605e-05,0.006043045024787513,0.003910698759900991,0.013923828426052984,0,3741,0.0006988670914114216,0.11070660515485478,3741,0.0006988670914114216,0.11070660515476533,3741,0.0006988670914114216,0.11070660515485478,True,72,3808,-365.38877066479563,-365.3887043091303,True,False,accepted,L-BFGS-B>Newton-CG,True,9.733206067406333e-10,4.9197400704153354e-08,2.078398437335457e-08,4.394708582822204e-06,765.1109368286935,-2.345751292396827e-05,-1.260025883544763e-15,6.635566535351245e-05,4.3947085259787855e-06,4.615019406628562e-06,-2.2031088064977666e-07,4.615019406628562e-06,9.240038813257124e-08,False,0,none,True,10.366862300026696,46.07326880004257,0.0007972540752234636,ok,0.00017823344333874516,0.0003564668866518207,0.010062917958041947,0.002199055066700387,0.010062917958041947,0.002199055066700387,0.043423148381984134,0.00196731486313378,5739.023250600032
267,267,256,256,3384,3384,3384,1,7.52482048258507e-05,7.52482048258507e-05,0.008950485722501046,0.0069525788021076096,0.023148055916167254,0,3741,0.0006976779904546294,0.10785520806929362,3741,0.0006976779904546294,0.10785520806927236,3741,0.0006976779904546294,0.10785520806929362,True,73,3807,-365.38877200906677,-365.38870577532884,True,False,accepted,L-BFGS-B>Newton-CG,True,1.045741325077739e-12,9.662155357566834e-11,1.1823064692897693e-08,1.344271140624187e-06,765.1109368286935,-2.327241754724478e-05,-1.260025883544763e-15,6.623373792535858e-05,1.344271140624187e-06,1.4661985687780543e-06,-1.2192742815386737e-07,1.4661985687780543e-06,2.9423971375561088e-08,False,0,none,True,11.23156669997843,9.526879400014877,0.0007957878766546855,ok,0.00017801047177921694,0.00035602094353279635,0.010024293430907529,0.0021906144272707505,0.010024293430907529,0.0021906144272707505,0.043393188962380584,0.0019659575315336287,5760.951506400015
268,268,256,256,956,956,,1,-7.552752330401702e-05,7.552752330401702e-05,0.0018057026240768954,0.010022888989592237,0.04669631342946763,0,3741,0.0006941185378415851,0.10881069901817585,3741,0.0006941185378415851,0.10881069901815706,3741,0.0006941185378415851,0.10881069901817585,True,74,3806,-365.38877200906677,-365.38870577532884,False,True,projected_residual,L-BFGS-B>Newton-CG>trust-krylov,False,8.680010529986849e-07,0.00011518818324716207,8.535504324572896e-09,1.2953603345522424e-06,765.1109368286935,-2.3362402977298975e-05,-1.260025883544763e-15,6.623373792535858e-05,,,,,,False,0,none,False,10.830871200014371,22.202530600014143,,,,,,,,,,,5794.297159800015
269,269,257,257,2794,2794,2794,1,7.353057727130241e-05,7.353057727130241e-05,0.0021103165180489224,0.01277829169311027,0.057065964606790705,0,3741,0.0006941185378415851,0.10593374656143226,3741,0.0006941185378415851,0.10593374656138232,3741,0.0006941185378415851,0.10593374656143226,True,75,3805,-365.38877274755885,-365.38870645779417,True,False,accepted,L-BFGS-B>Newton-CG,True,1.4350061216668355e-12,2.4937825160210593e-10,6.7543354821351916e-09,7.384921332231897e-07,765.1109368286935,-2.2606304836877952e-05,-1.260025883544763e-15,6.628976467482062e-05,7.384920763797709e-07,6.824653269177361e-07,5.6026749462034786e-08,7.384920763797709e-07,1.4869841527595418e-08,True,1,train_valid_drop_disagreed,False,10.79883740004152,18.887737400014885,0.0007951054113277678,ok,0.00017713143093818926,0.00035426286185086763,0.010077866695476634,0.002202321822618858,0.010077866695476634,0.002202321822618858,0.04337558251585412,0.001965159859664381,5824.852594199998
270,270,258,258,1188,1188,1188,1,-7.280092141750266e-05,7.280092141750266e-05,0.0016906879469255835,0.010136146531810443,0.047179595461439607,0,3741,0.0006963046603687739,0.10455325888375665,3741,0.0006963046603687739,0.10455325888380865,3741,0.0006963046603687739,0.10455325888375665,True,76,3804,-365.38877401446894,-365.38870803616106,True,False,accepted,L-BFGS-B>Newton-CG,True,1.3325320053785827e-12,1.8552978997900078e-10,8.182307517997005e-09,1.2669100897255703e-06,765.1109368286935,-2.27944332765244e-05,-1.260025883544763e-15,6.597830787313796e-05,1.2669100897255703e-06,1.5783668914082227e-06,-3.1145680168265244e-07,1.5783668914082227e-06,3.1667337828164454e-08,False,0,none,True,10.80526670004474,10.903880600002594,0.0007935270444363596,ok,0.00017697221519897484,0.0003539444303724617,0.01000781981944033,0.0021870144397805563,0.01000781981944033,0.0021870144397805563,0.0433461587371828,0.0019638267956359405,5847.409965900006
271,271,259,259,293,293,293,1,-7.349890294292005e-05,7.349890294292005e-05,0.0005566051658725918,0.026137328927072965,0.15380195356106782,0,3741,0.0006500393477701597,0.11306839069826236,3741,0.0006500393477701597,0.11306839069826483,3741,0.0006500393477701597,0.11306839069826236,True,77,3803,-365.38877454378905,-365.3887084983582,True,False,accepted,L-BFGS-B>Newton-CG,True,1.1271393124021887e-12,4.0082790058293424e-10,3.812028081785128e-09,5.293201184031204e-07,765.1109368286935,-2.2888164077624332e-05,-1.260025883544763e-15,6.604543085586556e-05,5.293201184031204e-07,4.621971356755239e-07,6.712298272759654e-08,5.293201184031204e-07,1.0686402368062407e-08,True,1,train_valid_drop_disagreed,False,10.834850399987772,10.165867600007914,0.000793064847300684,ok,0.00017693563403928562,0.00035387126805308853,0.010001989163074676,0.00218574026319713,0.010001989163074676,0.00218574026319713,0.04333426049250677,0.001963287737680252,5869.301468899997
272,272,260,260,4083,4083,4083,1,-7.237466711806917e-05,7.237466711806917e-05,0.1633042000644312,0.0015963824996340886,0.0028535106401968565,0,3741,0.0006360011515460835,0.1137964403714213,3741,0.0006360011515460835,0.1137964403641684,3741,0.0006360011515460835,0.1137964403714213,True,78,3802,-365.3888007429443,-365.38873403934036,True,False,accepted,L-BFGS-B>Newton-CG,True,1.1877267908994538e-12,2.6197927308767972e-11,4.6336670222072994e-08,2.619915534296524e-05,765.1109368286935,-1.9530494726272377e-05,-1.260025883544763e-15,6.670360392035946e-05,2.6199155229278404e-05,2.554098216478451e-05,6.581730644938943e-07,2.6199155229278404e-05,5.240831045855681e-07,True,2,train_valid_drop_disagreed,False,10.865393699961714,10.50511850003386,0.0007675238651358995,ok,0.0001775761453396491,0.0003551522906537232,0.00999477037346898,0.0021841627370835274,0.00999477037346898,0.0021841627370835274,0.04262584830335606,0.0019311926482896463,5891.489260500006
273,273,261,261,390,390,390,1,7.35494386301383e-05,7.35494386301383e-05,0.2183110355803147,0.002745039763267162,0.00483489960605616,0,3741,0.0006163704337912727,0.11932668181005747,3741,0.0006163704337912727,0.1193266818013784,3741,0.0006163704337912727,0.11932668181005747,True,79,3801,-365.3888098032671,-365.3887434250208,True,False,accepted,L-BFGS-B>Newton-CG,True,9.1407802496339e-13,3.411556320647388e-11,2.7793578620737278e-08,9.060322724963044e-06,765.1109368286935,-2.397978474110973e-05,-1.260025883544763e-15,6.637824634481149e-05,9.060322838649881e-06,9.38568041419785e-06,-3.2535757554796874e-07,9.38568041419785e-06,1.8781360828395702e-07,False,0,none,True,11.284153299988247,20.693275500030722,0.0007581381847217017,ok,0.0001805114578768884,0.0003610229157277791,0.010002881330968421,0.002185935229143913,0.010002881330968421,0.002185935229143913,0.04236878685236005,0.0019195463068306053,5924.355143600027
274,274,262,262,2354,2354,2354,1,-6.848290617611497e-05,6.848290617611497e-05,0.18130914979460339,0.0018347585567216533,0.003308936389065991,0,3741,0.0006343300028869428,0.10796100746368249,3741,0.0006343300028869428,0.10796100748039486,3741,0.0006343300028869428,0.10796100746368249,True,80,3800,-365.38883011723215,-365.3887629941533,True,False,accepted,L-BFGS-B>Newton-CG,True,9.33339854357696e-10,2.500555803625379e-08,3.832529596038259e-08,2.0313965080731577e-05,765.1109368286935,-2.74339506283196e-05,-1.260025883544763e-15,6.712307884981783e-05,2.031396502388816e-05,1.9569132518881815e-05,7.448325050063431e-07,2.031396502388816e-05,4.063793004777632e-07,True,1,train_valid_drop_disagreed,False,10.765068999957293,20.646059999999125,0.0007385690522028199,ok,0.00017800172677844462,0.00035600345353125294,0.010034771849206637,0.0021929042818584293,0.010034771849206637,0.0021929042818584293,0.04176345470757122,0.0018921213279898311,5956.693365200015
275,275,263,263,4007,4007,4007,1,7.996852233826957e-05,7.996852233826957e-05,0.15475365112690784,0.004084891055502692,0.006909250650792081,0,3741,0.0006257978210102333,0.12778651451546344,3741,0.0006257978210102333,0.12778651451801537,3741,0.0006257978210102333,0.12778651451546344,True,81,3799,-365.38883425383085,-365.3887674447589,True,False,accepted,L-BFGS-B>Newton-CG,True,1.3360433410414037e-12,6.82467774235646e-11,2.05766509640364e-08,4.136598761306232e-06,765.1109368286935,-2.7087047768359824e-05,-1.260025883544763e-15,6.680907193867824e-05,4.136598704462813e-06,4.450605615602399e-06,-3.14006911139586e-07,4.450605615602399e-06,8.911211231204798e-08,False,0,none,True,11.332270700018853,12.248516999999993,0.0007341184465872175,ok,0.00017619478137840725,0.0003523895627314385,0.010019302303543582,0.002189523713427708,0.010019302303543582,0.002189523713427708,0.041634568769506344,0.0018862820641167128,5981.221339199983
276,276,264,264,3287,3287,3287,1,-7.076603684907923e-05,7.076603684907923e-05,0.08710877912369407,0.002360641636371157,0.0049388821078133974,0,3741,0.0006217768780887398,0.11381258992229608,3741,0.0006217768780887398,0.11381258992597215,3741,0.0006217768780887398,0.11381258992229608,True,82,3798,-365.38884657802026,-365.38877961121653,True,False,accepted,L-BFGS-B>Newton-CG,True,1.33676618502797e-12,4.459237872137172e-11,3.0977458555878746e-08,1.232418946983671e-05,765.1109368286935,-2.477949953733823e-05,-1.260025883544763e-15,6.69668037289739e-05,1.2324189412993292e-05,1.2166457622697635e-05,1.5773179029565654e-07,1.2324189412993292e-05,2.4658378825986585e-07,False,0,none,True,11.485680499987211,11.089008200040553,0.0007219519889645198,ok,0.0001738277228186326,0.0003476554456122301,0.009937436117924666,0.002171633450282629,0.009937436117924666,0.002171633450282629,0.0412726311077936,0.001869884235586371,6004.7428889999865
277,277,265,265,79,79,79,1,7.703531943618544e-05,7.703531943618544e-05,0.00010984413708717137,0.03975945383820128,0.24340686492303884,0,3741,0.000632177272869796,0.12185714789536846,3741,0.000632177272869796,0.12185714789536885,3741,0.000632177272869796,0.12185714789536846,True,83,3797,-365.38884678855845,-365.38877958206484,True,False,accepted,L-BFGS-B>Newton-CG,True,1.5697463322138195e-12,8.101771668147819e-10,2.937534648606909e-09,2.1053824639238883e-07,765.1109368286935,-2.472896038589853e-05,-1.260025883544763e-15,6.720649361113828e-05,2.1053818954896997e-07,-2.9151692615414504e-08,2.3968988216438447e-07,2.1053818954896997e-07,4.3107637909794e-09,True,1,validation_energy_increased,False,11.178695900016464,9.176843799999915,0.0007219811406571353,ok,0.00017374129822206235,0.000347482596419102,0.009939031415231232,0.0021719820714916588,0.009939031415231232,0.0021719820714916588,0.041271223339873604,0.0018698204557165078,6026.013480400026
278,278,266,266,1369,1369,1369,1,-6.572681305172523e-05,6.572681305172523e-05,0.22079758187198162,0.0019652692536850946,0.0033534983563356553,0,3741,0.0006323619184589906,0.10393860087573836,3741,0.0006323619184589906,0.10393860084687803,3741,0.0006323619184589906,0.10393860087573836,True,84,3796,-365.3888614781066,-365.38879576766595,True,False,accepted,L-BFGS-B>Newton-CG,True,8.35344762509697e-13,2.49772854959269e-11,3.444417721637199e-08,1.4689548208934866e-05,765.1109368286935,-2.6475941274447214e-05,-1.260025883544763e-15,6.571044065140086e-05,1.4689548152091447e-05,1.6185601111828873e-05,-1.4960529597374261e-06,1.6185601111828873e-05,3.238120222365775e-07,False,0,none,True,10.853137800004333,10.119063500023913,0.0007057955395453064,ok,0.0001700245546078473,0.0003400491091912072,0.00985826157417025,0.00215433139313352,0.00985826157417025,0.00215433139313352,0.040828005647047895,0.00184974018085874,6047.892087000015
279,279,267,267,939,939,939,1,6.57142983168102e-05,6.57142983168102e-05,0.04742272566303394,0.0028788312363582282,0.005539004718106398,0,3741,0.0006344458278579058,0.10357747727443162,3741,0.0006344458278579058,0.10357747728012491,3741,0.0006344458278579058,0.10357747727443162,True,85,3795,-365.38886716281286,-365.38879930902687,True,False,accepted,L-BFGS-B>Newton-CG,True,1.0991440957557194e-12,4.815162654766289e-11,2.3826728286483353e-08,5.684706252395699e-06,765.1109368286935,-2.7413399549204387e-05,-1.260025883544763e-15,6.785378599261094e-05,5.684706252395699e-06,3.5413609111856204e-06,2.143345341210079e-06,5.684706252395699e-06,1.1379412504791398e-07,True,1,train_valid_drop_disagreed,False,11.066836899961345,11.079785000008997,0.0007022541786341208,ok,0.00016999320669640948,0.0003399864133683361,0.009838823153446525,0.0021500835042250147,0.009838823153446525,0.0021500835042250147,0.04072509137050904,0.0018450775805313176,6071.241889500001
280,280,268,268,3458,3458,3458,1,-6.65319434225431e-05,6.65319434225431e-05,0.06274807515613862,0.004216949834436216,0.009251511740989305,0,3741,0.0006320067181117224,0.10527094335535524,3741,0.0006320067181117224,0.10527094335769412,3741,0.0006320067181117224,0.10527094335535524,True,86,3794,-365.388870237167,-365.3888019423311,True,False,accepted,L-BFGS-B>Newton-CG,True,1.2957836561996527e-12,8.212979236067896e-11,1.6777266920499742e-08,3.0743542538402835e-06,765.1109368286935,-2.6695392052573566e-05,-1.260025883544763e-15,6.829483589854135e-05,3.0743541401534458e-06,2.633304234223033e-06,4.4104990593041293e-07,3.0743541401534458e-06,6.158708280306891e-08,True,2,train_valid_drop_disagreed,False,10.440369300020393,9.932446899998467,0.0006996208743998977,ok,0.0001695503096594379,0.00033910061929445676,0.00980014234365207,0.0021416305653143295,0.00980014234365207,0.0021416305653143295,0.04065077854220464,0.0018417107880003226,6092.453825200035
281,281,269,269,3207,3207,3207,1,6.527160481594428e-05,6.527160481594428e-05,0.0006167165773997041,0.031717955943720774,0.18050019729744654,0,3741,0.0006329947056132681,0.10311556200569923,3741,0.0006329947056132681,0.10311556200567733,3741,0.0006329947056132681,0.10311556200569923,True,87,3793,-365.38887058816863,-365.3888021052147,True,False,accepted,L-BFGS-B>Newton-CG,True,9.246471604756385e-10,4.493212320806153e-07,3.057875511900453e-09,3.510015744723205e-07,765.1109368286935,-2.6543613810162586e-05,-1.260025883544763e-15,6.848295390682324e-05,3.5100163131573936e-07,1.628836230338493e-07,1.8811800828189007e-07,3.5100163131573936e-07,7.120032626314787e-09,True,3,train_valid_drop_disagreed,False,10.164362999959849,15.168563299987,0.0006994579907768639,ok,0.00016914878873070682,0.0003382975774370524,0.009636972039270686,0.002105972867807398,0.009636972039270686,0.002105972867807398,0.04064556966983991,0.0018414747965440341,6118.710633600014
282,282,270,270,344,344,344,1,-6.273847903974852e-05,6.273847903974852e-05,0.00022195142206747647,0.03985019411549938,0.24852342067773237,0,3741,0.0006337017461364607,0.09900316579881804,3741,0.0006337017461364607,0.09900316579883092,3741,0.0006337017461364607,0.09900316579881804,True,88,3792,-365.38887075072284,-365.3888022361124,True,False,accepted,L-BFGS-B>Newton-CG,True,1.4714277113537496e-12,9.346207567935248e-10,2.5743580491427237e-09,1.6255427226496977e-07,765.1109368286935,-2.6483154133557653e-05,-1.260025883544763e-15,6.851461046153418e-05,1.625542154215509e-07,1.3089766071061604e-07,3.165655471093487e-08,1.625542154215509e-07,3.3510843084310182e-09,True,4,train_valid_drop_disagreed,False,10.171263399999589,8.99596210004529,0.0006993270931161533,ok,0.0001689919140688574,0.00033798382811337614,0.009635162019198654,0.0021055773231128247,0.009635162019198654,0.0021055773231128247,0.04064257430398854,0.001841339089485023,6138.72222950001
283,283,271,271,2870,2870,2870,1,-5.711922665740943e-05,5.711922665740943e-05,0.0197292633376819,0.0034068620997934154,0.009825939905530474,0,3741,0.0006338867496637927,0.09010951354907624,3741,0.0006338867496637927,0.09010951355739963,3741,0.0006338867496637927,0.09010951354907624,True,89,3791,-365.3888736846902,-365.3888047367952,True,False,accepted,L-BFGS-B>Newton-CG,True,1.2221779421679734e-12,7.289650016688357e-11,1.7765934432654712e-08,2.9339674370021385e-06,765.1109368286935,-2.716244459577587e-05,-1.260025883544763e-15,6.894789504485743e-05,2.9339673801587196e-06,2.500682796835463e-06,4.332845833232568e-07,2.9339673801587196e-06,5.877934760317439e-08,True,5,train_valid_drop_disagreed,False,10.744715799984988,15.523930799972732,0.0006968264103193178,ok,0.0001686904539372093,0.0003373809078501234,0.009630294867017027,0.002104513701635432,0.009630294867017027,0.002104513701635432,0.04055687490641537,0.0018374564207958668,6165.922826400027
284,284,272,272,592,592,592,1,5.7647321289877596e-05,5.7647321289877596e-05,0.1697294901409203,0.0025914655714132165,0.004755237809348342,0,3741,0.0006230539162618573,0.09252380859066707,3741,0.0006230539162618573,0.09252380864317993,3741,0.0006230539162618573,0.09252380859066707,True,90,3790,-365.388880658305,-365.38881198900805,True,False,accepted,L-BFGS-B>Newton-CG,True,1.1931874183621676e-12,5.36382965125465e-11,2.3245065483820314e-08,6.973614915750659e-06,765.1109368286935,-2.775765518989962e-05,-1.260025883544763e-15,6.86692969793512e-05,6.973614802063821e-06,7.2522128675700515e-06,-2.7859806550623034e-07,7.2522128675700515e-06,1.4514425735140104e-07,False,0,none,True,10.56385080004111,19.45988819998456,0.0006895741974517478,ok,0.00016701103528084653,0.0003340220705376397,0.009605029782486306,0.0020989925086395684,0.009605029782486306,0.0020989925086395684,0.040319418618011645,0.0018266983043780565,6196.845269099984
285,285,273,273,297,297,297,1,-5.698295552214461e-05,5.698295552214461e-05,0.13310453888956664,0.0012211894709914883,0.002277021105121102,0,3741,0.0006430553941014266,0.08861282565208824,3741,0.0006430553941014266,0.08861282569925241,3741,0.0006430553941014266,0.08861282565208824,True,91,3789,-365.3889101664558,-365.38884204407515,True,False,accepted,L-BFGS-B>Newton-CG,True,1.3145820171521678e-12,2.8172524677946762e-11,4.766184632651019e-08,2.950815070335011e-05,765.1109368286935,-2.8335100573478794e-05,-1.260025883544763e-15,6.81223806395792e-05,2.950815076019353e-05,3.0055067099965527e-05,-5.469163397719967e-07,3.0055067099965527e-05,6.012013419993106e-07,False,0,none,True,10.203668200003449,10.23792250000406,0.0006595191303517822,ok,0.00016438978965179054,0.00032877957927990526,0.009478302048315547,0.0020712986263003055,0.009478302048315547,0.0020712986263003055,0.03942730816191484,0.0017862806417894897,6218.1961811000365
286,286,274,274,2428,2428,2428,1,-5.383509207756987e-05,5.383509207756987e-05,0.024031384792680577,0.003234037983885027,0.00862432418367609,0,3741,0.0006287951007946758,0.08561627151600369,3741,0.0006287951007946758,0.08561627152534916,3741,0.0006287951007946758,0.08561627151600369,True,92,3788,-365.388912964293,-365.3888452384695,True,False,accepted,L-BFGS-B>Newton-CG,True,1.3169444057685219e-12,7.911286233882888e-11,1.7646400684230594e-08,2.7978372258985473e-06,765.1109368286935,-2.6035896828547173e-05,-1.260025883544763e-15,6.772582349867662e-05,2.7978372258985473e-06,3.1943943668011343e-06,-3.96557140902587e-07,3.1943943668011343e-06,6.398788733602269e-08,False,0,none,True,10.35181050002575,12.362749000021722,0.0006563247359849811,ok,0.000164399079349857,0.0003287981586760368,0.009457021133516349,0.002066648096135166,0.009457021133516349,0.002066648096135166,0.03933894600286191,0.00178227733490547,6241.8396614000085
287,287,275,275,3980,3980,3980,1,5.330654868007656e-05,5.330654868007656e-05,0.44010444343083477,0.0009935847137301141,0.0015006079707766636,0,3741,0.0006260570282064682,0.0851464743280488,3741,0.0006260570282064682,0.08514647428178429,3741,0.0006260570282064682,0.0851464743280488,True,93,3787,-365.38895884627385,-365.38888972880596,True,False,accepted,L-BFGS-B>Newton-CG,True,1.19433809407196e-12,2.2261356322099452e-11,5.46507334409947e-08,4.588198078181449e-05,765.1109368286935,-2.5706583119809875e-05,-1.260025883544763e-15,6.911746788773598e-05,4.588198083865791e-05,4.4490336449598544e-05,1.3916443890593655e-06,4.588198083865791e-05,9.177396167731583e-07,True,1,train_valid_drop_disagreed,False,10.769667099986691,9.950253200018778,0.0006118343995353825,ok,0.00016604556954238317,0.00033209113906085204,0.009554476070279868,0.00208794497775125,0.009554476070279868,0.00208794497775125,0.03794078483772462,0.0017189327055148417,6263.494695000001
288,288,276,276,2974,2974,2974,1,5.9325870935933445e-05,5.9325870935933445e-05,0.02066115960141424,0.005100228726742136,0.011530110221406735,0,3741,0.0007640554282057822,0.07764603030862216,3741,0.0007640554282057822,0.07764603030616837,3741,0.0007640554282057822,0.07764603030862216,True,94,3786,-365.3889606031269,-365.38889128622594,True,False,accepted,L-BFGS-B>Newton-CG,True,1.2113190712376748e-12,1.041367657995102e-10,1.2632002030577488e-08,1.7568530665812432e-06,765.1109368286935,-2.59997499680827e-05,-1.260025883544763e-15,6.931690097644605e-05,1.7568530665812432e-06,1.5574199778711773e-06,1.9943308871006593e-07,1.7568530665812432e-06,3.523706133162486e-08,True,2,train_valid_drop_disagreed,False,10.406339399982244,14.514642700029071,0.0006102769795575114,ok,0.00016640635923825776,0.00033281271845254923,0.009558131518828112,0.0020887438049586858,0.009558131518828112,0.0020887438049586858,0.03789116337362909,0.001716684571800841,6289.290246799996
289,289,277,277,2534,2534,2534,1,-5.063011234351933e-05,5.063011234351933e-05,0.07271886636194191,0.00285838135049724,0.006254673102285447,0,3741,0.0007662607541777388,0.06607426005766096,3741,0.0007662607541777388,0.06607426006322627,3741,0.0007662607541777388,0.06607426005766096,True,95,3785,-365.38896586335,-365.38889667281353,True,False,accepted,L-BFGS-B>Newton-CG,True,9.01189971731239e-10,5.0877718573718375e-08,1.8712861287706436e-08,5.260223133518593e-06,765.1109368286935,-3.0891238647312875e-05,-1.260025883544763e-15,6.919053646470275e-05,5.2602230766751745e-06,5.386587588418479e-06,-1.2636451174330432e-07,5.386587588418479e-06,1.0783175176836957e-07,False,0,none,True,10.097083899949212,19.93094290001318,0.0006048903919690929,ok,0.0001650824891244203,0.000330164978225065,0.009509514018563646,0.0020781193955445713,0.009509514018563646,0.0020781193955445713,0.03773531729776925,0.001709623860801651,6320.227145800018
290,290,278,278,2373,2373,2373,1,5.677990689800794e-05,5.677990689800794e-05,0.11615066491175682,0.002643037959365984,0.004999363422458543,0,3741,0.000752076500652801,0.07549751501173496,3741,0.000752076500652801,0.0754975150106582,3741,0.000752076500652801,0.07549751501173496,True,96,3784,-365.38897097132156,-365.3889021039725,True,False,accepted,L-BFGS-B>Newton-CG,True,1.5612469403433781e-12,7.26742491387345e-11,2.2482807993832474e-08,5.107971730922145e-06,765.1109368286935,-3.141565908011809e-05,-1.260025883544763e-15,6.886734905720004e-05,5.1079715603918885e-06,5.431158967894589e-06,-3.231874075027008e-07,5.431158967894589e-06,1.0872317935789178e-07,False,0,none,True,10.379422499972861,15.483948200009763,0.0005994592330011983,ok,0.00016488436665210133,0.0003297687332804556,0.009521967615286137,0.0020808408869733425,0.009521967615286137,0.0020808408869733425,0.037529385067980155,0.0017002939630038566,6346.985528499994
291,291,279,279,3110,3110,3110,1,-6.616798762215659e-05,6.616798762215659e-05,0.015221290222440235,0.005968498832106502,0.015427756722244829,0,3741,0.0007610059804852463,0.08694805207702226,3741,0.0007610059804852463,0.08694805207094664,3741,0.0007610059804852463,0.08694805207702226,True,97,3783,-365.3889731389543,-365.38890520352174,True,False,accepted,L-BFGS-B>Newton-CG,True,1.0053875563393046e-12,9.068818134366603e-11,1.2086202650038304e-08,2.1676328856301552e-06,765.1109368286935,-3.0488394970036925e-05,-1.260025883544763e-15,6.793543258254431e-05,2.1676327719433175e-06,3.0995492465990537e-06,-9.319164746557362e-07,3.0995492465990537e-06,6.209098493198107e-08,False,0,none,True,10.051521399989724,10.33693679998396,0.0005963596837545992,ok,0.00016369388406426195,0.0003273877681049483,0.009521637019075456,0.002080768641599271,0.009521637019075456,0.002080768641599271,0.03744108480388472,0.0016962934603124017,6368.2860549000325
292,292,280,280,3674,3674,3674,1,-5.5352396933883163e-05,5.5352396933883163e-05,0.10719799178511517,0.0030809319857470537,0.0054012985383319135,0,3741,0.0007543610548768717,0.07337653047706431,3741,0.0007543610548768717,0.07337653048459522,3741,0.0007543610548768717,0.07337653047706431,True,98,3782,-365.38897667523383,-365.3889077879666,True,False,accepted,L-BFGS-B>Newton-CG,True,8.663322460980634e-10,4.8220327890933175e-08,1.8966121011403553e-08,3.536279564286815e-06,765.1109368286935,-2.9321190541782445e-05,-1.260025883544763e-15,6.888726721854255e-05,3.536279507443396e-06,2.5844448714451573e-06,9.518346359982388e-07,3.536279507443396e-06,7.082559014886792e-08,True,1,train_valid_drop_disagreed,False,9.938134600000922,20.32162960001733,0.0005937752388831541,ok,0.00016434622245512325,0.00032869244488657696,0.009540228658289516,0.002084831482872788,0.009540228658289516,0.002084831482872788,0.03735620954982065,0.001692448129997712,6399.4802176000085
293,293,281,281,2331,2331,2331,1,5.318192525782979e-05,5.318192525782979e-05,0.00012789026910030714,0.018288327026219766,0.11636792248424924,0,3741,0.0007508612553589013,0.07082789913352176,3741,0.0007508612553589013,0.07082789913351825,3741,0.0007508612553589013,0.07082789913352176,True,99,3781,-365.388977150339,-365.38890814757326,True,False,accepted,L-BFGS-B>Newton-CG,True,9.68346394662164e-10,3.329972876266069e-07,3.907970817311822e-09,4.7510530976069276e-07,765.1109368286935,-2.9266707582786655e-05,-1.260025883544763e-15,6.900276571286668e-05,4.751051392304362e-07,3.5960664490630734e-07,1.1549849432412884e-07,4.751051392304362e-07,9.602102784608723e-09,True,2,train_valid_drop_disagreed,False,10.39315949997399,19.382360299990978,0.0005934156322382478,ok,0.0001641637853952939,0.0003283275707669445,0.00953931361917382,0.0020846315188651323,0.00953931361917382,0.0020846315188651323,0.03734605742306186,0.001691988181085457,6430.1859777999925
294,294,282,282,775,775,775,1,5.5257811150732916e-05,5.5257811150732916e-05,0.0023666411852479303,0.006900135902665465,0.023476670145657484,0,3741,0.0007512556506802644,0.07355393746549099,3741,0.0007512556506802644,0.07355393746705353,3741,0.0007512556506802644,0.07355393746549099,True,100,3780,-365.3889784467721,-365.38890786074603,True,False,accepted,L-BFGS-B>Newton-CG,True,1.1031337386839692e-12,1.3775022923164295e-10,9.008217081286465e-09,1.2964332540832402e-06,765.1109368286935,-2.934503702692504e-05,-1.260025883544763e-15,7.058602608367437e-05,1.2964331403964025e-06,-2.8682723041129066e-07,1.5832603708076931e-06,1.2964331403964025e-06,2.602866280792805e-08,True,3,validation_energy_increased,False,10.757286700012628,16.077667200006545,0.0005937024594686591,ok,0.00016411046967637245,0.0003282209393291093,0.009535268301711135,0.0020837474933866553,0.009535268301711135,0.0020837474933866553,0.037355983131759474,0.0016924378719755826,6457.925721900014
295,295,283,283,1486,1486,1486,1,-5.024251072601078e-05,5.024251072601078e-05,0.030524274035032255,0.002364312465554713,0.004778787371506333,0,3741,0.0007510792054204944,0.06689375815947711,3741,0.0007510792054204944,0.06689375815956032,3741,0.0007510792054204944,0.06689375815947711,True,101,3779,-365.3889836631372,-365.3889031501296,True,False,accepted,L-BFGS-B>Newton-CG,True,1.5539457648658996e-12,7.31255920480633e-11,2.225036832309729e-08,5.216365082105767e-06,765.1109368286935,-2.9232889346330013e-05,-1.260025883544763e-15,8.051300761735547e-05,5.216365082105767e-06,-4.7106164515753335e-06,9.9269815336811e-06,5.216365082105767e-06,1.0442730164211534e-07,True,4,validation_energy_increased,False,10.494595199998002,52.509413499967195,0.0005984130759202344,ok,0.0001643419310728095,0.0003286838621219501,0.009540497620746817,0.002084890259388401,0.009540497620746817,0.002084890259388401,0.0375203080216508,0.0016998827213315579,6521.918313700007
296,296,284,284,374,374,374,1,-5.003353134950053e-05,5.003353134950053e-05,0.00029475488567908616,0.027637239399331694,0.18450510638710052,0,3741,0.0007497711112922318,0.06673174065518163,3741,0.0007497711112922318,0.06673174065518407,3741,0.0007497711112922318,0.06673174065518163,True,102,3778,-365.3889840446871,-365.3889033009526,True,False,accepted,L-BFGS-B>Newton-CG,True,8.357030929469426e-13,4.6162095357815704e-10,2.8103664629371066e-09,3.815500235759828e-07,765.1109368286935,-2.926442388232536e-05,-1.260025883544763e-15,8.07437344860773e-05,3.8154990988914506e-07,1.5082304116731393e-07,2.3072686872183112e-07,3.8154990988914506e-07,7.7309981977829e-09,True,5,train_valid_drop_disagreed,False,10.43611549999332,10.44399339996744,0.0005982622528790671,ok,0.00016437459447969874,0.0003287491889357238,0.009800718270580357,0.0021417564229467756,0.009800718270580357,0.0021417564229467756,0.03751413110429105,0.001699602871947462,6543.667980500031
297,297,285,285,2948,2948,2948,1,5.241583809580943e-05,5.241583809580943e-05,0.0002452399077246936,0.03896994082532718,0.2570363568509562,0,3741,0.000746692946879753,0.07019731244930381,3741,0.000746692946879753,0.07019731244930262,3741,0.000746692946879753,0.07019731244930381,True,103,3777,-365.38898437230455,-365.38890351968473,True,False,accepted,L-BFGS-B>Newton-CG,True,2.4977633477341225e-12,1.8570282062355499e-09,2.345032530656834e-09,3.27617442508199e-07,765.1109368286935,-2.9456898466591677e-05,-1.260025883544763e-15,8.085261981705116e-05,3.27617442508199e-07,2.1873211153433658e-07,1.0888533097386244e-07,3.27617442508199e-07,6.6523488501639804e-09,True,6,train_valid_drop_disagreed,False,10.43722759996308,13.00446780002676,0.0005980435207675328,ok,0.0001643005177924897,0.0003286010355613164,0.00935080898945659,0.0020434374971306235,0.00935080898945659,0.0020434374971306235,0.03750476105639752,0.0016991783556427702,6568.02987530001
298,298,286,286,3453,3453,3453,1,4.713166928666662e-05,4.713166928666662e-05,0.00033906852302542336,0.015993844768746077,0.09991891117373619,0,3741,0.0007682463304185833,0.06134968358519417,3741,0.0007682463304185833,0.06134968358519114,3741,0.0007682463304185833,0.06134968358519417,True,104,3776,-365.388985068655,-365.3889040807142,True,False,accepted,L-BFGS-B>Newton-CG,True,1.3337850929775463e-12,4.526118412336333e-10,3.946863010349437e-09,6.963504688428657e-07,765.1109368286935,-2.948030560377188e-05,-1.260025883544763e-15,8.098794080524385e-05,6.963504688428657e-07,5.61029480650177e-07,1.3532098819268867e-07,6.963504688428657e-07,1.4027009376857313e-08,True,7,train_valid_drop_disagreed,False,10.471118799992837,11.312672799977008,0.0005974824912868826,ok,0.00016421823921768358,0.00032843647841171604,0.009436202144831199,0.0020620985109410356,0.009436202144831199,0.0020620985109410356,0.03748380804894828,0.0016982290655862403,6590.743087999988
299,299,287,287,3700,3700,3700,1,4.609773128017025e-05,4.609773128017025e-05,0.25199282176992494,0.0010912800166074951,0.0017845254292235603,0,3741,0.0005896279772411414,0.078181044759546,3741,0.0005896279772411414,0.0781810449012622,3741,0.0005896279772411414,0.078181044759546,True,105,3775,-365.3890068972431,-365.38892584888896,True,False,accepted,L-BFGS-B>Newton-CG,True,1.0143773504886806e-12,2.4013540396105635e-11,4.324189077314006e-08,2.1828588103289803e-05,765.1109368286935,-3.267976912908137e-05,-1.260025883544763e-15,8.104835416133938e-05,2.1828588103289803e-05,2.176817474719428e-05,6.041335609552334e-08,2.1828588103289803e-05,4.366717620657961e-07,False,0,none,True,10.583774700004142,11.83393199997954,0.0005757143165396883,ok,0.00017268054019703585,0.0003453610803692018,0.009664488344935855,0.0021119860214117666,0.009664488344935855,0.0021119860214117666,0.03674816332255693,0.0016649001878299666,6614.101178499986
300,300,288,288,1937,1937,1937,1,6.315099468739982e-05,6.315099468739982e-05,0.007289988774903053,0.007164078179265232,0.02019358178013729,0,3741,0.0006099589788650565,0.10353318317389824,3741,0.0006099589788650565,0.10353318316637182,3741,0.0006099589788650565,0.10353318317389824,True,106,3774,-365.3890084056662,-365.38892724586594,True,False,accepted,L-BFGS-B>Newton-CG,True,1.3133506385713217e-12,1.4899126596674841e-10,9.814950527800958e-09,1.5084231108630775e-06,765.1109368286935,-3.243868942228919e-05,-1.260025883544763e-15,8.11598002314895e-05,1.5084230540196586e-06,1.3969769838695356e-06,1.1144607015012298e-07,1.5084230540196586e-06,3.0268461080393176e-08,True,1,train_valid_drop_disagreed,False,10.609425200033002,11.011793199984822,0.0005743173395558188,ok,0.0001722435240451288,0.00034448704806545064,0.009640160838017369,0.0021066697177737617,0.009640160838017369,0.0021066697177737617,0.036702703737087984,0.0016628406108186858,6636.679590000014
301,301,289,289,145,145,145,1,5.313780213233449e-05,5.313780213233449e-05,0.0010343252849300526,0.01263275619155743,0.06519348534022043,0,3741,0.0005876968004659479,0.0904170349237989,3741,0.0005876968004659479,0.09041703492375515,3741,0.0005876968004659479,0.0904170349237989,True,107,3773,-365.3890087903829,-365.3889276168349,True,False,accepted,L-BFGS-B>Newton-CG,True,1.2072922580820805e-12,2.870165520662968e-10,5.2063506421163224e-09,3.8471671359729953e-07,765.1109368286935,-3.223120765063837e-05,-1.260025883544763e-15,8.117354798287124e-05,3.8471671359729953e-07,3.7096896221555653e-07,1.3747751381743e-08,3.8471671359729953e-07,7.79433427194599e-09,True,2,train_valid_drop_disagreed,False,10.445198900008108,12.018056700006127,0.0005739463705936032,ok,0.00017213525929660414,0.0003442705185684169,0.009579986253583115,0.002093519732318401,0.009579986253583115,0.002093519732318401,0.03669625430496574,0.0016625484149704888,6660.081782800029
302,302,290,290,1031,1031,1031,1,-5.8914777566956324e-05,5.8914777566956324e-05,0.00011762099259232696,0.06221551667353882,0.42787022552657034,0,3741,0.0005949151027763559,0.09903056300304403,3741,0.0005949151027763559,0.0990305630030381,3741,0.0005949151027763559,0.09903056300304403,True,108,3772,-365.3890089116542,-365.38892777268785,True,False,accepted,L-BFGS-B>Newton-CG,True,1.4220954093671703e-12,1.5017692387301843e-09,1.946946689738843e-09,1.2127134141337592e-07,765.1109368286935,-3.225333484561701e-05,-1.260025883544763e-15,8.113896632266915e-05,1.2127128456995706e-07,1.5585294477205025e-07,-3.458166020209319e-08,1.5585294477205025e-07,3.2170588954410053e-09,False,0,none,True,10.482814899994992,11.595833200030029,0.0005737905176488312,ok,0.00017204111791060218,0.00034408223579642655,0.009767751163429879,0.0021345521026575717,0.009767751163429879,0.0021345521026575717,0.036692638541091456,0.001662384600362923,6683.087796900014
303,303,291,291,778,778,778,1,4.873155059570422e-05,4.873155059570422e-05,0.0978597945441493,0.0023776339624938052,0.0049682447678483545,0,3741,0.0005941233764627285,0.08202261100352669,3741,0.0005941233764627285,0.08202261101957643,3741,0.0005941233764627285,0.08202261100352669,True,109,3771,-365.38901462163074,-365.3889336806373,True,False,accepted,L-BFGS-B>Newton-CG,True,1.0848548469435464e-12,5.293054908378932e-11,2.1495816985125467e-08,5.709976619527879e-06,765.1109368286935,-3.178241531562366e-05,-1.260025883544763e-15,8.094099342770278e-05,5.70997656268446e-06,5.9079494576508296e-06,-1.979728949663695e-07,5.9079494576508296e-06,1.182589891530166e-07,False,0,none,True,10.449097999953665,18.05220560001908,0.0005678825681911803,ok,0.0001720835076595332,0.00034416701529428254,0.00979547572939285,0.0021406107675008257,0.00979547572939285,0.0021406107675008257,0.036537830530338114,0.0016553709195996557,6712.543668100028
304,304,292,292,2579,2579,2579,1,5.1773306728918056e-05,5.1773306728918056e-05,0.0008051814345585904,0.022370053212584225,0.12001130818936007,0,3741,0.000594749186772508,0.08705065577285334,3741,0.000594749186772508,0.08705065577283248,3741,0.000594749186772508,0.08705065577285334,True,110,3770,-365.3890148586446,-365.38893389399396,True,False,accepted,L-BFGS-B>Newton-CG,True,1.2704510989030425e-12,5.489326541336474e-10,3.3144024851429743e-09,2.370140350649308e-07,765.1109368286935,-3.1638568304484395e-05,-1.260025883544763e-15,8.096465063545111e-05,2.370138645346742e-07,2.133566567863454e-07,2.36572077483288e-08,2.370138645346742e-07,4.840277290693484e-09,True,1,train_valid_drop_disagreed,False,10.43813779996708,57.72343409998575,0.000567669211534394,ok,0.00017179524706534816,0.0003435904941059539,0.009737708822345377,0.0021279869331259434,0.009737708822345377,0.0021279869331259434,0.03653352983804966,0.0016551760738508765,6781.61741810001
305,305,293,293,2222,2222,2222,1,-4.815488831556858e-05,4.815488831556858e-05,0.0011045871685172576,0.013640019275525701,0.07010776943598332,0,3741,0.000594258141596673,0.08103361981071792,3741,0.000594258141596673,0.0810336198107399,3741,0.000594258141596673,0.08103361981071792,True,111,3769,-365.3890152882718,-365.38893433146836,True,False,accepted,L-BFGS-B>Newton-CG,True,9.640693030482615e-13,2.7307557644032363e-10,4.530412040561759e-09,4.2962739144059015e-07,765.1109368286935,-3.178224832010108e-05,-1.260025883544763e-15,8.095680345832079e-05,4.2962722091033356e-07,4.3747439804064925e-07,-7.847177130315686e-09,4.3747439804064925e-07,8.849487960812984e-09,False,0,none,True,10.41260500001954,10.75217029999476,0.0005672317371363533,ok,0.0001718318682066151,0.00034366373638848255,0.00970662725645901,0.0021211946612194853,0.00970662725645901,0.0021211946612194853,0.036514921397090915,0.0016543330059517955,6803.729134100024
306,306,294,294,3053,3053,3053,1,4.798472915128367e-05,4.798472915128367e-05,0.0003167633888731962,0.03458843818885976,0.2279786242371355,0,3741,0.0005933847617168148,0.08086612978137743,3741,0.0005933847617168148,0.08086612978137799,3741,0.0005933847617168148,0.08086612978137743,True,112,3768,-365.3890155047003,-365.3889344815063,True,False,accepted,L-BFGS-B>Newton-CG,True,1.4694545781195477e-12,1.0592148742394134e-09,2.387305459786631e-09,2.1642853198500234e-07,765.1109368286935,-3.1811721711924426e-05,-1.260025883544763e-15,8.102319401359637e-05,2.1642847514158348e-07,1.5003791986600845e-07,6.639055527557503e-08,2.1642847514158348e-07,4.42856950283167e-09,True,1,train_valid_drop_disagreed,False,10.443949800042901,11.03043919999618,0.0005670816992164873,ok,0.00017170909105439854,0.0003434181820840671,0.009445458713735071,0.0020641213540997694,0.009445458713735071,0.0020641213540997694,0.036508556047483536,0.001654044619518332,6826.123880700034
307,307,295,295,708,708,708,1,-4.786501177278524e-05,4.786501177278524e-05,0.19143873145819632,0.0025542189724291732,0.0045498155949960425,0,3741,0.0005930959768044187,0.0807036527724911,3741,0.0005930959768044187,0.08070365293527264,3741,0.0005930959768044187,0.0807036527724911,True,113,3767,-365.3890201630051,-365.3889389475898,True,False,accepted,L-BFGS-B>Newton-CG,False,3.085534009897702e-09,1.646532449592558e-07,1.973958822166688e-08,4.6583048174397845e-06,765.1109368286935,-2.9928263065386778e-05,-1.260025883544763e-15,8.121541532091214e-05,4.6583048174397845e-06,4.466083510124008e-06,1.9222130731577636e-07,4.6583048174397845e-06,9.326609634879569e-08,True,2,train_valid_drop_disagreed,False,10.318014700023923,26.984842800011393,0.0005626156157063633,ok,0.0001686795162704336,0.00033735903251657355,0.009412124945950418,0.002056836907257939,0.009412124945950418,0.002056836907257939,0.036354159681652155,0.0016470495886043613,6864.415873799997
308,308,296,296,1938,1938,1938,1,4.294327571677248e-05,4.294327571677248e-05,0.0012836855100492634,0.005750859388169138,0.024974960898942883,0,3741,0.0005923210166034716,0.07250000339853008,3741,0.0005923210166034716,0.07250000339880926,3741,0.0005923210166034716,0.07250000339853008,True,114,3766,-365.3890214713072,-365.38893932198425,True,False,accepted,L-BFGS-B>Newton-CG,True,1.123525204940891e-12,1.5045975458384886e-10,8.467280589739153e-09,1.3083022167847957e-06,765.1109368286935,-3.0183080197081695e-05,-1.260025883544763e-15,8.214932296368715e-05,1.308302103097958e-06,3.7439446032294654e-07,9.339076427750115e-07,1.308302103097958e-06,2.626604206195916e-08,True,3,train_valid_drop_disagreed,False,10.495061199995689,11.421552599989809,0.0005622412212460404,ok,0.00016878945254957786,0.00033757890507484623,0.009399017011865149,0.0020539724231207956,0.009399017011865149,0.0020539724231207956,0.036321829588044405,0.0016455848520283412,6887.282684500038
309,309,297,297,1922,1922,1922,1,5.1727441776651395e-05,5.1727441776651395e-05,0.0006244367658808698,0.017795146929447888,0.09880862693353869,0,3741,0.0005914984222797246,0.08745152958698688,3741,0.0005914984222797246,0.08745152958707665,3741,0.0005914984222797246,0.08745152958698688,True,115,3765,-365.38902174053067,-365.388939244662,True,False,accepted,L-BFGS-B>Newton-CG,True,1.2345486532581312e-12,4.2470638273801583e-10,3.906828584254346e-09,2.692237330848002e-07,765.1109368286935,-3.0154009661337725e-05,-1.260025883544763e-15,8.24958686393984e-05,2.692234488677059e-07,-7.732222684353474e-08,3.465456757112406e-07,2.692234488677059e-07,5.484468977354118e-09,True,4,validation_energy_increased,False,10.49999460001709,10.460480899957474,0.0005623185434728839,ok,0.00016869252822500247,0.0003373850564257094,0.009403149361796355,0.0020548754678530977,0.009403149361796355,0.0020548754678530977,0.03631680030620046,0.0016453569970410553,6909.239119200036
310,310,298,298,1535,1535,1535,1,4.184377327298705e-05,4.184377327298705e-05,0.3044562144911457,0.001041396813803931,0.0016454723969731536,0,3741,0.0005912819248226008,0.07076788840711006,3741,0.0005912819248226008,0.07076788831138671,3741,0.0005912819248226008,0.07076788840711006,True,116,3764,-365.3890477087707,-365.38896507178447,True,False,accepted,L-BFGS-B>Newton-CG,True,1.230874952126224e-12,3.063369184766114e-11,4.118043134491478e-08,2.5968240038309887e-05,765.1109368286935,-2.3075954193673716e-05,-1.260025883544763e-15,8.263698623522941e-05,2.5968240038309887e-05,2.5827122442478867e-05,1.4111759583101957e-07,2.5968240038309887e-05,5.194648007661978e-07,False,0,none,True,10.520205900014844,33.505674300016835,0.000536491421030405,ok,0.000172071712818069,0.00034414342561135577,0.009150754261871888,0.0019997194260754055,0.009150754261871888,0.0019997194260754055,0.03550799628659682,0.0016087135884348582,6954.239388499991
311,311,299,299,3727,3727,3727,1,-5.602840429475009e-05,5.602840429475009e-05,0.16875783386999052,0.0015690019880349813,0.0027871937585111765,0,3741,0.0005735465446480258,0.09768763288275692,3741,0.0005735465446480258,0.09768763306099901,3741,0.0005735465446480258,0.09768763288275692,True,117,3763,-365.38906300525446,-365.38898201160714,True,False,accepted,L-BFGS-B>Newton-CG,True,1.1024522030186649e-12,3.087272822256755e-11,3.6709581449066334e-08,1.5296483809379424e-05,765.1109368286935,-2.3731265699045516e-05,-1.260025883544763e-15,8.099364731606329e-05,1.5296483752536005e-05,1.693982267170213e-05,-1.6433389191661263e-06,1.693982267170213e-05,3.3889645343404265e-07,False,0,none,True,10.391457199992146,11.72578620002605,0.0005195515983587029,ok,0.00016402219996088622,0.0003280443998981495,0.009062724443904845,0.0019804822209199733,0.009062724443904845,0.0019804822209199733,0.034896444402122966,0.001581006820115819,6977.331644500024
312,312,300,300,1893,1893,1893,1,4.61238991942281e-05,4.61238991942281e-05,0.28030263560423235,0.0019119985945025425,0.0031649020103415464,0,3741,0.0005675525938645988,0.08126806166131609,3741,0.0005675525938645988,0.08126806162723023,3741,0.0005675525938645988,0.08126806166131609,True,118,3762,-365.3890705417914,-365.38899110509857,True,False,accepted,L-BFGS-B>Newton-CG,True,1.2809723100084919e-12,5.310082864872837e-11,2.512339586039902e-08,7.536536884344969e-06,765.1109368286935,-2.396620406942345e-05,-1.260025883544763e-15,7.943669282894916e-05,7.5365369411883876e-06,9.093491428302514e-06,-1.556954487114126e-06,9.093491428302514e-06,1.8196982856605027e-07,False,0,none,True,10.544065000023693,24.792260199959856,0.0005104581069304004,ok,0.00016356447003701473,0.00032712894005047246,0.009037740823225861,0.001975022536376413,0.009037740823225861,0.001975022536376413,0.034585417037031434,0.001566915516721527,7013.586021199997
313,313,301,301,931,931,931,1,-4.4561607931647984e-05,4.4561607931647984e-05,0.06230595389907596,0.003073339940927976,0.00695244084793351,0,3741,0.0005634621546887409,0.07908536103239093,3741,0.0005634621546887409,0.07908536103533596,3741,0.0005634621546887409,0.07908536103239093,True,119,3761,-365.38907418085705,-365.3889945024508,True,False,accepted,L-BFGS-B>Newton-CG,True,9.297184283984072e-12,6.412113278846481e-10,1.549940741791855e-08,3.6390657669471693e-06,765.1109368286935,-2.4627538848626967e-05,-1.260025883544763e-15,7.967840622313815e-05,3.6390656532603316e-06,3.39735225907134e-06,2.417133941889915e-07,3.6390656532603316e-06,7.288131306520663e-08,True,1,train_valid_drop_disagreed,False,10.327939999988303,13.787915299995802,0.000507060754671329,ok,0.00016156129075288754,0.0003231225814825066,0.008920829463518921,0.0019494738318167261,0.008920829463518921,0.0019494738318167261,0.03447144597023753,0.0015617519810953565,7038.683343400015
314,314,301,301,335,335,,1,-4.351512155442716e-05,4.351512155442716e-05,0.001799637716825859,0.009050965610880486,0.03996288553592667,0,3741,0.0005463286708375431,0.0796500785648258,3741,0.0005463286708375431,0.07965007856472879,3741,0.0005463286708375431,0.0796500785648258,True,120,3760,-365.38907418085705,-365.3889945024508,False,True,projected_residual,L-BFGS-B>Newton-CG>trust-krylov,False,1.1084512011038272e-08,2.3055327357001143e-06,5.807787735736604e-09,5.35085803221591e-07,765.1109368286935,-2.4450179724783773e-05,-1.260025883544763e-15,7.967840622313815e-05,,,,,,False,1,none,False,10.509330100030638,161.0737836000044,,,,,,,,,,,7210.640339400037
315,315,302,302,3521,3521,3521,1,4.204762513992932e-05,4.204762513992932e-05,0.044058968330652995,0.0029540086194922693,0.007103321813263367,0,3741,0.0005463286708375431,0.07696397312531425,3741,0.0005463286708375431,0.07696397308835343,3741,0.0005463286708375431,0.07696397312531425,True,121,3759,-365.3890774542622,-365.3889969523291,True,False,accepted,L-BFGS-B>Newton-CG,True,1.6310851435082788e-12,1.145900497836488e-10,1.5234090539168464e-08,3.2734050137150916e-06,765.1109368286935,-2.299006914188131e-05,-1.260025883544763e-15,8.050193309827591e-05,3.2734051274019293e-06,2.4498782522641704e-06,8.235268751377589e-07,3.2734051274019293e-06,6.556810254803858e-08,True,2,train_valid_drop_disagreed,False,10.473337499948684,12.145410900004208,0.0005046108764190649,ok,0.0001616798772760009,0.0003233597545287162,0.00892870449196625,0.0019511947661699342,0.00892870449196625,0.0019511947661699342,0.03438517195999514,0.001557843279193805,7234.2396340999985
316,316,303,303,3647,3647,3647,1,-4.345165902375214e-05,4.345165902375214e-05,0.018334581117052155,0.004605228568444068,0.013468283535011439,0,3741,0.0005190163755836177,0.08371924484057389,3741,0.0005190163755836177,0.08371924484189232,3741,0.0005190163755836177,0.08371924484057389,True,122,3758,-365.38907908752066,-365.3889986908131,True,False,accepted,L-BFGS-B>Newton-CG,True,8.501980689292955e-13,9.010833014942351e-11,1.0435288252700295e-08,1.6332584209521883e-06,765.1109368286935,-2.28374180692821e-05,-1.260025883544763e-15,8.039670757398198e-05,1.6332584777956072e-06,1.7384840020895354e-06,-1.0522552429392817e-07,1.7384840020895354e-06,3.486968004179071e-08,False,0,none,True,10.382145299983677,17.51948740001535,0.0005028723924169753,ok,0.00016082028701800718,0.0003216405740128526,0.008893696984713567,0.0019435445561098352,0.008893696984713567,0.0019435445561098352,0.03432420557940427,0.0015550811564284818,7263.1513453000225
317,317,304,304,3077,3077,3077,1,-4.393599474816767e-05,4.393599474816767e-05,0.10553579937991549,0.0012183320771810356,0.002464228874661125,0,3741,0.0005025749899312183,0.08742176914569644,3741,0.0005025749899312183,0.08742176916783985,3741,0.0005025749899312183,0.08742176914569644,True,123,3757,-365.3890955353072,-365.38901421618664,True,False,accepted,L-BFGS-B>Newton-CG,True,1.1673429023450962e-12,3.23700718496707e-11,3.706241307607637e-08,1.6447786720164004e-05,765.1109368286935,-2.4510827585922014e-05,-1.260025883544763e-15,8.131912056796864e-05,1.6447786549633747e-05,1.5525373555647093e-05,9.224129939866543e-07,1.6447786549633747e-05,3.2905573099267495e-07,True,1,train_valid_drop_disagreed,False,10.364627000002656,20.50209939997876,0.00048734701886132825,ok,0.0001610103003429055,0.00032202060066262187,0.008972431401300988,0.001960750432023978,0.008972431401300988,0.001960750432023978,0.03373479748964149,0.00152837762758158,7295.021097499994
318,318,305,305,2246,2246,2246,1,-4.4431548841150637e-05,4.4431548841150637e-05,0.005397280464552193,0.006689938151554397,0.025022859006939714,0,3741,0.0004371746231030535,0.1016334125841448,3741,0.0004371746231030535,0.10163341258378225,3741,0.0004371746231030535,0.1016334125841448,True,124,3756,-365.38909615161504,-365.38901458287586,True,False,accepted,L-BFGS-B>Newton-CG,True,1.9619577754384693e-12,2.9540667662764737e-10,7.641548518253254e-09,6.163078865029092e-07,765.1109368286935,-2.4433986325201134e-05,-1.260025883544763e-15,8.15687391764186e-05,6.163078296594904e-07,3.666892212095263e-07,2.496186084499641e-07,6.163078296594904e-07,1.2426156593189807e-08,True,2,train_valid_drop_disagreed,False,10.31338250002591,13.69239539996488,0.0004869803296401187,ok,0.0001608208302772391,0.0003216416605313164,0.008968391155695452,0.0019598675149012693,0.008968391155695452,0.0019598675149012693,0.03372494266889954,0.0015279311483178332,7320.031882399984
319,319,306,306,2749,2749,2749,1,4.362542996894092e-05,4.362542996894092e-05,0.34709009341354946,0.0011099217949421655,0.001704680773889678,0,3741,0.0004351221216588304,0.10026019776385135,3741,0.0004351221216588304,0.10026019770481394,3741,0.0004351221216588304,0.10026019776385135,True,125,3755,-365.38912389422137,-365.38904236261874,True,False,accepted,L-BFGS-B>Newton-CG,False,5.3472894322510056e-09,1.3604618175147455e-07,4.030495779748738e-08,2.7742606391711888e-05,765.1109368286935,-2.753010374446423e-05,-1.260025883544763e-15,8.153160263191239e-05,2.774260633486847e-05,2.777974287937468e-05,-3.7136544506211067e-08,2.777974287937468e-05,5.556948575874936e-07,False,0,none,True,10.32777920004446,80.37107749999268,0.00045920058676074405,ok,0.0001681626182193984,0.0003363252364145776,0.00869414206913987,0.0018999357092517916,0.00869414206913987,0.0018999357092517916,0.03278001442865585,0.0014851205405914361,7411.698763600027
320,320,307,307,2513,2513,2513,1,6.340930046372373e-05,6.340930046372373e-05,0.003751283870737349,0.006879830293902555,0.027559423244131184,0,3741,0.0004244072024257084,0.14940674922882205,3741,0.0004244072024257084,0.14940674922756367,3741,0.0004244072024257084,0.14940674922882205,True,126,3754,-365.38912520641304,-365.38904393582135,True,False,accepted,L-BFGS-B>Newton-CG,True,1.1969474036982148e-12,1.2986723987830358e-10,1.0216700107123661e-08,1.3121917845637654e-06,765.1109368286935,-2.7174837174492945e-05,-1.260025883544763e-15,8.127059169282802e-05,1.3121916708769277e-06,1.5732026099612995e-06,-2.610109390843718e-07,1.5732026099612995e-06,3.156405219922599e-08,False,0,none,True,10.544931399985217,13.58832209999673,0.00045762738415078275,ok,0.00016791877257839633,0.00033583754513260856,0.008677771312180766,0.0018963581986145448,0.008677771312180766,0.0018963581986145448,0.03273111817908921,0.001482905263208098,7436.8656985000125
321,321,308,308,1567,1567,1567,1,-6.117638567904038e-05,6.117638567904038e-05,0.033017458787135544,0.0045236228464216295,0.011684106112582075,0,3741,0.00042537201052085023,0.14381854980099057,3741,0.00042537201052085023,0.1438185498061192,3741,0.00042537201052085023,0.14381854980099057,True,127,3753,-365.3891279434038,-365.3890466835409,True,False,accepted,L-BFGS-B>Newton-CG,True,1.1083847591512858e-12,8.195833342284608e-11,1.4523759120781742e-08,2.7369907797947235e-06,765.1109368286935,-2.7376040893410366e-05,-1.260025883544763e-15,8.125986289542197e-05,2.7369907797947235e-06,2.747719577200769e-06,-1.0728797406045487e-08,2.747719577200769e-06,5.505439154401538e-08,False,0,none,True,10.329101899988018,25.10594310000306,0.000454879664573582,ok,0.00016752792683031884,0.0003350558536365099,0.008666676004313088,0.0018939335348058214,0.008666676004313088,0.0018939335348058214,0.03260714205789283,0.0014772884418814225,7473.301405200036
322,322,309,309,2140,2140,2140,1,4.9923068985305644e-05,4.9923068985305644e-05,0.00036604310991663756,0.031045825412940892,0.18850956942601443,0,3741,0.0004248324186787279,0.11751238085966102,3741,0.0004248324186787279,0.11751238085967891,3741,0.0004248324186787279,0.11751238085966102,True,128,3752,-365.3891280920072,-365.3890469384926,True,False,accepted,L-BFGS-B>Newton-CG,True,1.0571793394669636e-12,6.574316412991522e-10,2.6080445069207028e-09,1.486034193476371e-07,765.1109368286935,-2.7320634694699456e-05,-1.260025883544763e-15,8.115351459991871e-05,1.4860336250421824e-07,2.549516580074851e-07,-1.0634829550326685e-07,2.549516580074851e-07,5.199033160149702e-09,False,0,none,True,10.522643500007689,13.510387699992862,0.0004546247129155745,ok,0.00016749835590626645,0.00033499671178840936,0.008693541114753137,0.0018998043823549103,0.008693541114753137,0.0018998043823549103,0.03260047052689038,0.001476986183694487,7498.336164200038
323,323,310,310,1059,1059,1059,1,4.464048827299005e-05,4.464048827299005e-05,0.005138464671076157,0.005486942249103745,0.01528313796811998,0,3741,0.000425071847173079,0.10501868935773939,3741,0.000425071847173079,0.10501868936045404,3741,0.000425071847173079,0.10501868935773939,True,129,3751,-365.38912937769777,-365.3890469147556,True,False,accepted,L-BFGS-B>Newton-CG,True,1.4086445805409067e-12,1.7314218015144982e-10,9.135767837211858e-09,1.2856907005698304e-06,765.1109368286935,-2.7142429923073276e-05,-1.260025883544763e-15,8.246294214586669e-05,1.2856905868829926e-06,-2.3736959064990515e-08,1.3094275459479832e-06,1.2856905868829926e-06,2.5813811737659856e-08,True,1,validation_energy_increased,False,10.703057799953967,12.626221399987116,0.0004546484498746395,ok,0.0001675937924808952,0.00033518758493765314,0.0086769566995254,0.0018961801808572056,0.0086769566995254,0.0018961801808572056,0.03260506042240387,0.0014771941319893568,7522.636043300037
324,324,311,311,235,235,235,1,4.4589162804697935e-05,4.4589162804697935e-05,0.014352993951257595,0.006097882578370471,0.018260534686920547,0,3741,0.00044500290755354225,0.10019971116555686,3741,0.00044500290755354225,0.10019971117054705,3741,0.00044500290755354225,0.10019971116555686,True,130,3750,-365.3891301313614,-365.389047536612,True,False,accepted,L-BFGS-B>Newton-CG,True,1.3257935459768716e-12,1.8131162089137042e-10,8.312237017456244e-09,7.536635280303017e-07,765.1109368286935,-2.6638278363915717e-05,-1.260025883544763e-15,8.259474941496592e-05,7.536636417171394e-07,6.218563726179127e-07,1.318072690992267e-07,7.536636417171394e-07,1.517327283434279e-08,True,2,train_valid_drop_disagreed,False,10.672679600014817,23.12334590003593,0.00045402659350202157,ok,0.0001673939803474094,0.00033478796067071026,0.008668483172840585,0.0018943284563507792,0.008668483172840585,0.0018943284563507792,0.032593924176473325,0.0014766895968979365,7557.43507300003
325,325,312,312,3747,3747,3747,1,-5.425650349821787e-05,5.425650349821787e-05,0.003799701470629455,0.00632391965553428,0.024106070233253046,0,3741,0.00044909228417256374,0.12081370669323235,3741,0.00044909228417256374,0.12081370669417339,3741,0.00044909228417256374,0.12081370669323235,True,131,3749,-365.3891311952014,-365.3890480492573,True,False,accepted,L-BFGS-B>Newton-CG,False,1.7272846659636717e-09,2.013253481345377e-07,9.579568752611303e-09,1.0638399885465333e-06,765.1109368286935,-2.6223463197928434e-05,-1.260025883544763e-15,8.314594407465847e-05,1.0638399885465333e-06,5.126453288539778e-07,5.511946596925554e-07,1.0638399885465333e-06,2.1376799770930666e-08,True,3,train_valid_drop_disagreed,False,10.560006099985912,163.43951150000794,0.0004535139481731676,ok,0.0001669281357200996,0.0003338562714161578,0.008711961058378837,0.0019038297028958636,0.008711961058378837,0.0019038297028958636,0.032583265539850186,0.00147620670021654,7732.450478599989
326,326,313,313,1854,1854,1854,1,-5.977487074344985e-05,5.977487074344985e-05,0.0004563121547216289,0.026112621770626485,0.15586952155935233,0,3741,0.00045069084428256894,0.1326294321301386,3741,0.00045069084428256894,0.1326294321301494,3741,0.00045069084428256894,0.1326294321301386,True,132,3748,-365.3891315912635,-365.38904847714474,True,False,accepted,L-BFGS-B>Newton-CG,True,6.285518457908024e-10,2.7458248058642824e-07,3.289118535342818e-09,3.960622052545659e-07,765.1109368286935,-2.5970450740354184e-05,-1.260025883544763e-15,8.311411875183694e-05,3.960620915677282e-07,4.278874143892608e-07,-3.182532282153261e-08,4.278874143892608e-07,8.657748287785215e-09,False,0,none,True,10.479779399989638,103.82039459998487,0.00045308606075877833,ok,0.00016658376470537667,0.0003331675293867615,0.008612532709021289,0.0018821015703263599,0.008612532709021289,0.0018821015703263599,0.03257054446626139,0.0014756303634450535,7847.819808
327,327,314,314,1594,1594,1594,1,4.49067210599452e-05,4.49067210599452e-05,0.29334291020965525,0.0009243908541963508,0.001469022361535088,0,3741,0.0004508243991400664,0.09961022771971388,3741,0.0004508243991400664,0.09961022798560037,3741,0.0004508243991400664,0.09961022771971388,True,133,3747,-365.3891675823739,-365.38908451201024,True,False,accepted,L-BFGS-B>Newton-CG,True,9.524346176058669e-13,1.9605582724094088e-11,4.957976582534228e-08,3.599111050789361e-05,765.1109368286935,-2.040101648765408e-05,-1.260025883544763e-15,8.307036364385567e-05,3.599111039420677e-05,3.603486550218804e-05,-4.375510798126925e-08,3.603486550218804e-05,7.207973100437608e-07,False,0,none,True,10.448627400037367,12.643880699994043,0.0004170511952565903,ok,0.0001458444085100598,0.0002916888169991147,0.008073596756719795,0.0017643275964673694,0.008073596756719795,0.0017643275964673694,0.03133543188346082,0.0014196727594405674,7871.904548200022
328,328,315,315,953,953,953,1,-4.6331264659582594e-05,4.6331264659582594e-05,0.007546869421907398,0.004060750287529312,0.014169730561498941,0,3741,0.0004365613003502,0.10612774110397935,3741,0.0004365613003502,0.10612774110439352,3741,0.0004365613003502,0.10612774110397935,True,134,3746,-365.3891693621373,-365.38908626361376,True,False,accepted,L-BFGS-B>Newton-CG,True,9.642468021273607e-10,8.451238082019353e-08,1.2409533050297905e-08,1.7797634654925787e-06,765.1109368286935,-2.078440428519298e-05,-1.260025883544763e-15,8.30985235324988e-05,1.7797634086491598e-06,1.7516035200060287e-06,2.8159888643131126e-08,1.7797634086491598e-06,3.5695268172983195e-08,False,0,none,True,10.46043879998615,31.326434899994638,0.00041529959173658426,ok,0.00014563035355312937,0.0002912607070852847,0.008069195827701605,0.0017633658589975827,0.008069195827701605,0.0017633658589975827,0.031272009183577774,0.0014167993514821577,7914.747722700005
329,329,316,316,1912,1912,1912,1,4.392526533858465e-05,4.392526533858465e-05,0.017632916999431363,0.0037552759767020276,0.0106280196387691,0,3741,0.00046217791681715917,0.09503973197395711,3741,0.00046217791681715917,0.09503973196945713,3741,0.00046217791681715917,0.09503973197395711,True,135,3745,-365.3891706541251,-365.3890877570496,True,False,accepted,L-BFGS-B>Newton-CG,True,8.331850083830752e-13,7.123098739558764e-11,1.2696945933879983e-08,1.2919879281980684e-06,765.1109368286935,-2.0825522920304956e-05,-1.260025883544763e-15,8.289707551512038e-05,1.2919878145112307e-06,1.4934358318896557e-06,-2.01448017378425e-07,1.4934358318896557e-06,2.9968716637793115e-08,False,0,none,True,10.331746999989264,43.82891270000255,0.0004138061559046946,ok,0.00014538246982392903,0.00029076493962691967,0.008061871605467895,0.0017617652926330512,0.008061871605467895,0.0017617652926330512,0.03120254264972305,0.0014136521235718139,7969.873214400024
330,330,317,317,1101,1101,1101,1,3.9941705446189246e-05,3.9941705446189246e-05,0.08398788920631195,0.002913724180401034,0.006148830511802086,0,3741,0.0004585044432744067,0.08711301718462268,3741,0.0004585044432744067,0.08711301715983087,3741,0.0004585044432744067,0.08711301718462268,True,136,3744,-365.3891734683278,-365.38909055595167,True,False,accepted,L-BFGS-B>Newton-CG,False,1.1017358359561338e-09,8.037098839970603e-08,1.4708128491302263e-08,2.814202787249087e-06,765.1109368286935,-2.110859155210621e-05,-1.260025883544763e-15,8.291237611501856e-05,2.8142026735622494e-06,2.798902073664067e-06,1.5300599898182554e-08,2.8142026735622494e-06,5.638405347124499e-08,False,0,none,True,10.566704299999401,112.79938939999556,0.00041100725383103054,ok,0.00014508115458507608,0.0002901623091492572,0.007996655008127148,0.0017475134732886917,0.007996655008127148,0.0017475134732886917,0.031070780622659215,0.0014076825565574869,8094.295153299987
331,331,318,318,3052,3052,3052,1,-3.680599412803076e-05,3.680599412803076e-05,0.1361719311744259,0.003220250851110944,0.00628558582725615,0,3741,0.0004766349647350805,0.07722050804327371,3741,0.0004766349647350805,0.07722050794844887,3741,0.0004766349647350805,0.07722050804327371,True,137,3743,-365.3891753512934,-365.38909261436913,True,False,accepted,L-BFGS-B>Newton-CG,True,1.698634711991596e-12,1.486178730564493e-10,1.2429545296657598e-08,1.8829656482921564e-06,765.1109368286935,-1.9952212139540423e-05,-1.260025883544763e-15,8.273692424154433e-05,1.8829655914487375e-06,2.058417464922968e-06,-1.7545187347423052e-07,2.058417464922968e-06,4.126834929845936e-08,False,0,none,True,10.524300899996888,13.077522400009912,0.00040894883636610757,ok,0.00014287127945490372,0.00028574255888923076,0.007960087847703464,0.001739522431352363,0.007960087847703464,0.001739522431352363,0.030999751862100026,0.0014044645509184476,8118.9236832000315
332,332,319,319,2813,2813,2813,1,3.584237974463278e-05,3.584237974463278e-05,0.008687382162600732,0.0035563503703045242,0.01206297700283377,0,3741,0.00048202053552145227,0.07435861566739747,3741,0.00048202053552145227,0.07435861566740451,3741,0.00048202053552145227,0.07435861566739747,True,138,3742,-365.389176500396,-365.38909357918516,True,False,accepted,L-BFGS-B>Newton-CG,True,1.0725866813134797e-12,1.0642412870010708e-10,1.1078416374316067e-08,1.1491026157273154e-06,765.1109368286935,-1.972917768458621e-05,-1.260025883544763e-15,8.292121083286474e-05,1.1491026157273154e-06,9.648160244069004e-07,1.8428659132041503e-07,1.1491026157273154e-06,2.308205231454631e-08,True,1,train_valid_drop_disagreed,False,10.582100600004196,12.201121599995531,0.00040798402034170067,ok,0.00014250674505203608,0.000285013490083548,0.007957272882694343,0.0017389072754809046,0.007957272882694343,0.0017389072754809046,0.030974067998459646,0.0014033009262489986,8142.720371200005
333,333,320,320,103,103,103,1,-3.587450114528323e-05,3.587450114528323e-05,0.026185607518441643,0.0027154335525523886,0.007315451641749784,0,3741,0.00048224355343326974,0.07439083610320849,3741,0.00048224355343326974,0.07439083610018264,3741,0.00048224355343326974,0.07439083610320849,True,139,3741,-365.389178984254,-365.38909505809465,True,False,accepted,L-BFGS-B>Newton-CG,False,7.648441052239707e-09,5.789302369464283e-07,1.4211334568706351e-08,2.4838579406605277e-06,765.1109368286935,-2.0458609486930912e-05,-1.260025883544763e-15,8.392615933416891e-05,2.4838579975039465e-06,1.4789094961997762e-06,1.0049485013041703e-06,2.4838579975039465e-06,4.977715995007893e-08,True,2,train_valid_drop_disagreed,False,10.599804500001483,32.016518699994776,0.0004065051108455009,ok,0.00014244844103330023,0.00028489688204608464,0.007941423203701687,0.0017354436363019208,0.007941423203701687,0.0017354436363019208,0.030906024193543682,0.001400218156027508,8186.433345600031
334,334,321,321,2332,2332,2332,1,-4.91479163489128e-05,4.91479163489128e-05,0.012496770963260932,0.003113962171278339,0.009599752757874964,0,3741,0.000485042661708518,0.10132699704350501,3741,0.000485042661708518,0.10132699703888311,3741,0.000485042661708518,0.10132699704350501,True,140,3740,-365.3891830928205,-365.3890976563264,True,False,accepted,L-BFGS-B>Newton-CG,True,8.83319425296466e-10,5.5966296940406175e-08,1.6783060048390173e-08,4.1085666566687e-06,765.1109368286935,-2.1092106867048773e-05,-1.260025883544763e-15,8.543649408920828e-05,4.108566486138443e-06,2.5982317310990766e-06,1.5103347550393664e-06,4.108566486138443e-06,8.227132972276886e-08,True,3,train_valid_drop_disagreed,False,10.545021500030998,25.45847319997847,0.0004039068791144018,ok,0.00014303546785422518,0.00028607093568785004,0.007919986583159507,0.001730759079674035,0.007919986583159507,0.001730759079674035,0.030811687498449914,0.001395944168780791,8223.545856199984
335,335,322,322,65,65,65,1,-3.635222585793296e-05,3.635222585793296e-05,0.0020522665336064273,0.0060520569139932865,0.027069342147878747,0,3741,0.00048549016212047415,0.07487736867655038,3741,0.00048549016212047415,0.07487736867686218,3741,0.00048549016212047415,0.07487736867655038,True,141,3739,-365.3891837611048,-365.3890987072124,True,False,accepted,L-BFGS-B>Newton-CG,True,1.1977421889596072e-12,1.9940453136452802e-10,7.0065946383637345e-09,6.682844855276926e-07,765.1109368286935,-2.0973882367545455e-05,-1.260025883544763e-15,8.505389240553995e-05,6.68284314997436e-07,1.0508859986657626e-06,-3.826016836683266e-07,1.0508859986657626e-06,2.1117719973315254e-08,False,0,none,True,10.614048300019931,55.44625619996805,0.00040285599311573606,ok,0.00014333884894168235,0.0002866776978627207,0.0079319510626848,0.0017333736840492503,0.0079319510626848,0.0017333736840492503,0.03079870232277314,0.0013953558666870646,8290.655691299995
336,336,323,323,1133,1133,1133,1,3.529091104084508e-05,3.529091104084508e-05,0.0003954321274370547,0.02902469606965224,0.17411550574207266,0,3741,0.000486842197426524,0.07248942517184188,3741,0.000486842197426524,0.07248942517185329,3741,0.000486842197426524,0.07248942517184188,True,142,3738,-365.3891839212059,-365.38909895947296,True,False,accepted,L-BFGS-B>Newton-CG,True,1.1599258969885122e-12,9.539707432035602e-10,2.215892526319337e-09,1.601011945240316e-07,765.1109368286935,-2.104147255637842e-05,-1.260025883544763e-15,8.496173296634879e-05,1.6010113768061274e-07,2.522605768717767e-07,-9.215943919116398e-08,2.522605768717767e-07,5.145211537435535e-09,False,0,none,True,10.732645999989472,12.801071599998977,0.0004026037325388643,ok,0.00014331081818210018,0.00028662163634356034,0.007885199362747395,0.001723157009019912,0.007885199362747395,0.001723157009019912,0.030793459790949423,0.0013951183502664097,8315.231619900034
337,337,324,324,2634,2634,2634,1,-3.526638000295179e-05,3.526638000295179e-05,0.12532704211096007,0.001473839599424802,0.0028649605480514516,0,3741,0.0004867019642744703,0.07245990892090112,3741,0.0004867019642744703,0.07245990903098062,3741,0.0004867019642744703,0.07245990892090112,True,143,3737,-365.38919049358907,-365.3891046138304,True,False,accepted,L-BFGS-B>Newton-CG,True,1.2407689865956781e-12,5.185376162375156e-11,2.4928234861698924e-08,6.5723831994546345e-06,765.1109368286935,-2.0539733465956036e-05,-1.260025883544763e-15,8.587975867158093e-05,6.572383142611216e-06,5.654357437379076e-06,9.180257052321394e-07,6.572383142611216e-06,1.3154766285222433e-07,True,1,train_valid_drop_disagreed,False,10.680287099967245,20.710024999978486,0.0003969493751014852,ok,0.00014101719103341737,0.0002820343820465251,0.007872648161108876,0.0017204141879344726,0.007872648161108876,0.0017204141879344726,0.03053599481155227,0.0013834537266824922,8347.618845299992
338,338,325,325,3208,3208,3208,1,3.824342657665625e-05,3.824342657665625e-05,0.06978474829250164,0.0033245619286974334,0.00679054896991332,0,3741,0.0004936555802765702,0.07746985571444445,3741,0.0004936555802765702,0.0774698557084458,3741,0.0004936555802765702,0.07746985571444445,True,144,3736,-365.3891924416167,-365.38910641800715,True,False,accepted,L-BFGS-B>Newton-CG,False,4.515238963450899e-09,3.9251690952035366e-07,1.2503297957197344e-08,1.9480277728689543e-06,765.1109368286935,-1.9586834426497277e-05,-1.260025883544763e-15,8.602360952636445e-05,1.9480276023386978e-06,1.804176747555175e-06,1.4385085478352266e-07,1.9480276023386978e-06,3.906055204677396e-08,True,2,train_valid_drop_disagreed,False,10.593818099994678,56.612793700012844,0.00039514519835393003,ok,0.00014026232822024186,0.00028052465642028275,0.007854506029653529,0.0017164495778418563,0.007854506029653529,0.0017164495778418563,0.03046201761512974,0.0013801021401790273,8415.866833200038
339,339,326,326,2507,2507,2507,1,-3.703928607512452e-05,3.703928607512452e-05,0.037902785579832274,0.0021508653068772095,0.005444434050723316,0,3741,0.0004886747165470036,0.07579538048713814,3741,0.0004886747165470036,0.07579538052036346,3741,0.0004886747165470036,0.07579538048713814,True,145,3735,-365.3891965269766,-365.3891108165644,True,False,accepted,L-BFGS-B>Newton-CG,True,1.084016733826433e-12,6.294882355221438e-11,1.822060354197517e-08,4.0853599898582615e-06,765.1109368286935,-1.8552047969860236e-05,-1.260025883544763e-15,8.571041217919628e-05,4.085359933014843e-06,4.398557280183013e-06,-3.131973471681704e-07,4.398557280183013e-06,8.807114560366026e-08,False,0,none,True,10.571959700027946,12.938026699994225,0.000390746641073747,ok,0.00013956371075749872,0.0002791274214948971,0.00783100474260247,0.0017113138284917079,0.00783100474260247,0.0017113138284917079,0.030273206096973367,0.0013715479077053175,8440.431215999997
340,340,327,327,3525,3525,3525,1,3.350980922725566e-05,3.350980922725566e-05,0.009367101384280766,0.004496249560986615,0.011210669804811056,0,3741,0.0004974817286799389,0.06735887429709929,3741,0.0004974817286799389,0.06735887429746557,3741,0.0004974817286799389,0.06735887429709929,True,146,3734,-365.38919741117047,-365.38911101239773,True,False,accepted,L-BFGS-B>Newton-CG,True,1.0210285418086274e-12,1.3699866494551412e-10,8.452835706207078e-09,8.841937528814015e-07,765.1109368286935,-1.8579848602369906e-05,-1.260025883544763e-15,8.639877273708407e-05,8.841938665682392e-07,1.9583330868044868e-07,6.883605578877905e-07,8.841938665682392e-07,1.7783877331364784e-08,True,1,train_valid_drop_disagreed,False,10.770837699994445,13.10039009997854,0.00039055080776506657,ok,0.0001396181960830432,0.00027923639214597827,0.007837967358808127,0.0017128353728895038,0.007837967358808127,0.0017128353728895038,0.030271604903458517,0.001371475364559141,8465.372066400014
341,341,328,328,2528,2528,2528,1,-2.957807899228726e-05,2.957807899228726e-05,0.09136802581005127,0.002549391194224789,0.005337548999936541,0,3741,0.0004975153739102339,0.059451587917409766,3741,0.0004975153739102339,0.05945158789082171,3741,0.0004975153739102339,0.059451587917409766,True,147,3733,-365.3891991205223,-365.38911247250076,True,False,accepted,L-BFGS-B>Newton-CG,True,1.0239733627623128e-12,8.825822236122537e-11,1.2602016620857941e-08,1.709351863610209e-06,765.1109368286935,-1.916887988784919e-05,-1.260025883544763e-15,8.664802152225093e-05,1.70935180676679e-06,1.4601030215999344e-06,2.4924878516685567e-07,1.70935180676679e-06,3.428703613533581e-08,True,2,train_valid_drop_disagreed,False,10.805535899999086,12.6099217000301,0.00038909070474346663,ok,0.00013959957286074014,0.0002791991457013748,0.007853810859762734,0.0017162976619783917,0.007853810859762734,0.0017162976619783917,0.03020697854673336,0.0013685474241201575,8489.823290900036
342,342,329,329,643,643,643,1,2.910438115977243e-05,2.910438115977243e-05,0.011444440006385193,0.0022456975025868893,0.006873413456137247,0,3741,0.0004998595419970675,0.05822511868732752,3741,0.0004998595419970675,0.05822511869033716,3741,0.0004998595419970675,0.05822511868732752,True,148,3732,-365.3892005124115,-365.38911461043216,True,False,accepted,L-BFGS-B>Newton-CG,True,1.530484235080684e-12,1.180923451929858e-10,1.3960063013225591e-08,1.3918893841946556e-06,765.1109368286935,-1.9162398114026307e-05,-1.260025883544763e-15,8.590197933244781e-05,1.391889213664399e-06,2.137931403467519e-06,-7.4604218980312e-07,2.137931403467519e-06,4.285862806935038e-08,False,0,none,True,10.737884400004987,13.064076699956786,0.0003869527733399991,ok,0.00013930304678149154,0.0002786060935429203,0.007848445638273848,0.0017151251971378454,0.007848445638273848,0.0017151251971378454,0.03014227623113041,0.001365616042313267,8514.685008100001
343,343,330,330,3686,3686,3686,1,-2.858063428923252e-05,2.858063428923252e-05,0.32438096716990183,0.00179133790811214,0.0027634730526012257,0,3741,0.0005031219105784446,0.05680657846201344,3741,0.0005031219105784446,0.05680657856239756,3741,0.0005031219105784446,0.05680657846201344,True,149,3731,-365.38920523226545,-365.38911953790097,True,False,accepted,L-BFGS-B>Newton-CG,True,1.2269289014672622e-12,7.689977178296887e-11,1.695490952729969e-08,4.719853961887566e-06,765.1109368286935,-1.574539016248982e-05,-1.260025883544763e-15,8.569436448624401e-05,4.719853961887566e-06,4.927468808091362e-06,-2.0761484620379633e-07,4.927468808091362e-06,9.864937616182723e-08,False,0,none,True,10.73121259995969,12.848110600025393,0.00038202530453190775,ok,0.00013840496620287252,0.0002768099323858116,0.0077419556466639195,0.0016918538799533952,0.0077419556466639195,0.0016918538799533952,0.02996270955079062,0.0013574806534177297,8539.297016400029
344,344,331,331,3430,3430,3430,1,-3.0490019224393983e-05,3.0490019224393983e-05,0.18895829831801458,0.002028583546393214,0.0033464785613396726,0,3741,0.0005175940195230005,0.058907209268941496,3741,0.0005175940195230005,0.058907209317063655,3741,0.0005175940195230005,0.058907209268941496,True,150,3730,-365.3892086049225,-365.38912232905494,True,False,accepted,L-BFGS-B>Newton-CG,False,1.7006270346577206e-09,1.131473219482247e-07,1.603020138148664e-08,3.372657147338032e-06,765.1109368286935,-1.4161390325406962e-05,-1.260025883544763e-15,8.627586754528238e-05,3.372657033651194e-06,2.7911539746128256e-06,5.815030590383685e-07,3.372657033651194e-06,6.755314067302387e-08,True,1,train_valid_drop_disagreed,False,10.575850199966226,35.89705319999484,0.0003792341505572949,ok,0.0001356009576671895,0.00027120191531484935,0.007690286989356494,0.0016805626994911022,0.007690286989356494,0.0016805626994911022,0.02984163999741552,0.001351995516095752,8586.883187800006
345,345,332,332,2106,2106,2106,1,-3.9267082236671413e-05,3.9267082236671413e-05,0.07462246308403302,0.003106481260125531,0.0060859522955957444,0,3741,0.0005253033312473542,0.0747512530397059,3741,0.0005253033312473542,0.07475125304461448,3741,0.0005253033312473542,0.0747512530397059,True,151,3729,-365.38921062834623,-365.38912400211274,True,False,accepted,L-BFGS-B>Newton-CG,True,8.860315110817145e-10,7.009544381134492e-08,1.3640358101824454e-08,2.0234238604643906e-06,765.1109368286935,-1.3787126975346861e-05,-1.260025883544763e-15,8.6626233496645e-05,2.023423746777553e-06,1.673057795414934e-06,3.5036595136261894e-07,2.023423746777553e-06,4.056847493555106e-08,True,2,train_valid_drop_disagreed,False,10.618593899998814,168.2795476000174,0.00037756109276188,ok,0.00013627846450717717,0.0002725569289947272,0.00770398108790018,0.0016835552784738536,0.00770398108790018,0.0016835552784738536,0.029757601965513237,0.0013481881166926616,8766.804161000007
346,346,333,333,2601,2601,2601,1,-3.5342386936143555e-05,3.5342386936143555e-05,0.02442670804185913,0.004190403257332546,0.011583671516037987,0,3741,0.0005122900077498219,0.06898902262681472,3741,0.0005122900077498219,0.06898902261219875,3741,0.0005122900077498219,0.06898902262681472,True,152,3728,-365.38921165181125,-365.38912504578417,True,False,accepted,L-BFGS-B>Newton-CG,True,8.078072112950499e-10,9.577839850303055e-08,9.434127359829366e-09,1.023465074467822e-06,765.1109368286935,-1.3782206184136563e-05,-1.260025883544763e-15,8.660602708232545e-05,1.0234650176244031e-06,1.0436714319439488e-06,-2.020641431954573e-08,1.0436714319439488e-06,2.0973428638878977e-08,False,0,none,True,10.380481200001668,40.39912880002521,0.00037651742132993604,ok,0.0001357429365677834,0.00027148587311601674,0.0077226235942271714,0.0016876292357658935,0.0077226235942271714,0.0016876292357658935,0.029704039259447774,0.0013457614223676602,8818.657323100022
347,347,333,333,2578,2578,,1,-3.2219836309632655e-05,3.2219836309632655e-05,0.005470749763396092,0.006786634456398224,0.022807877421300873,0,3741,0.0005319616833090598,0.06056796442407212,3741,0.0005319616833090598,0.0605679644236546,3741,0.0005319616833090598,0.06056796442407212,True,153,3727,-365.38921165181125,-365.38912504578417,False,True,projected_residual,L-BFGS-B>Newton-CG>trust-krylov,False,2.3067905192955834e-08,4.858914521210669e-06,5.747542911540689e-09,5.215221108301193e-07,765.1109368286935,-1.390348075475302e-05,-1.260025883544763e-15,8.660602708232545e-05,,,,,,False,0,none,False,10.376801599981263,23.81396290002158,,,,,,,,,,,8853.257486200018
348,348,334,334,2695,2695,2695,1,3.215696102376597e-05,3.215696102376597e-05,0.07220752548857767,0.0027119030961073065,0.005843231106435052,0,3741,0.0005319616833090598,0.0604497692836335,3741,0.0005319616833090598,0.0604497693490925,3741,0.0005319616833090598,0.0604497692836335,True,154,3726,-365.3892136834212,-365.3891270298818,True,False,accepted,L-BFGS-B>Newton-CG,True,6.792180239689525e-10,5.728068652000479e-08,1.2857714445020513e-08,2.031610051744792e-06,765.1109368286935,-1.3960443023599897e-05,-1.260025883544763e-15,8.665353936976317e-05,2.0316099380579544e-06,1.9840976506202423e-06,4.7512287437712075e-08,2.0316099380579544e-06,4.0732198761159093e-08,True,1,train_valid_drop_disagreed,False,10.343986799998675,51.555651400005445,0.0003745333236793158,ok,0.00013506020506870336,0.000270120410117955,0.007710571180007235,0.0016849954149728756,0.007710571180007235,0.0016849954149728756,0.029618467293028937,0.0013418845270324244,8916.1926447
349,349,335,335,3302,3302,3302,1,3.0977605783633066e-05,3.0977605783633066e-05,0.15724667359092823,0.001725402105188433,0.0032092741270501484,0,3741,0.0005336326097731345,0.05805043622953011,3741,0.0005336326097731345,0.058050436376806826,3741,0.0005336326097731345,0.05805043622953011,True,155,3725,-365.3892187503503,-365.38913195344367,True,False,accepted,L-BFGS-B>Newton-CG,True,1.0426184060014017e-12,5.807215105569474e-11,1.895384512279331e-08,5.0669292477323324e-06,765.1109368286935,-1.3098452878839274e-05,-1.260025883544763e-15,8.679690665758244e-05,5.066929134045495e-06,4.923561846226221e-06,1.4336728781927377e-07,5.066929134045495e-06,1.0143858268090989e-07,True,2,train_valid_drop_disagreed,False,10.500305699999444,27.706677599984687,0.0003696097618330896,ok,0.00013257107997333996,0.0002651421599275867,0.007675295794515268,0.0016772866653319302,0.007675295794515268,0.0016772866653319302,0.0294224911290414,0.0013330056954737118,8955.47582230001
350,350,336,336,2056,2056,2056,1,-3.059944326977426e-05,3.059944326977426e-05,0.007994181899142506,0.003931573083542006,0.01302428915742796,0,3741,0.0005363103384162799,0.05705547903501948,3741,0.0005363103384162799,0.05705547904266493,3741,0.0005363103384162799,0.05705547903501948,True,156,3724,-365.3892197379989,-365.3891333989765,True,False,accepted,L-BFGS-B>Newton-CG,True,1.0957490846233913e-12,1.407874503829696e-10,8.783002544919579e-09,9.876487183646532e-07,765.1109368286935,-1.3229407825570923e-05,-1.260025883544763e-15,8.633902240262614e-05,9.876486046778155e-07,1.4455328596341133e-06,-4.578842549562978e-07,1.4455328596341133e-06,2.9010657192682268e-08,False,0,none,True,10.66511379997246,13.627166099962778,0.00036816422897345547,ok,0.000132551627227754,0.00026510325443641756,0.007655864957902272,0.0016730404337833675,0.007655864957902272,0.0016730404337833675,0.029375258232650876,0.0013308657774216968,8980.876381399983
351,351,337,337,2760,2760,2760,1,3.0408789089442223e-05,3.0408789089442223e-05,0.009557562937202769,0.0033211082395918053,0.01064017886566207,0,3741,0.000524100289585045,0.05802093548453923,3741,0.000524100289585045,0.05802093548528854,3741,0.000524100289585045,0.05802093548453923,True,157,3723,-365.38922062996073,-365.389134181747,True,False,accepted,L-BFGS-B>Newton-CG,True,1.1807888498999002e-12,1.2896033339772164e-10,1.0156217410343338e-08,8.919619745029195e-07,765.1109368286935,-1.3414310103742178e-05,-1.260025883544763e-15,8.644821372172373e-05,8.919618039726629e-07,7.827704848750727e-07,1.0919131909759017e-07,8.919618039726629e-07,1.793923607945326e-08,True,1,train_valid_drop_disagreed,False,10.573607099999208,12.834864100033883,0.0003673814584885804,ok,0.00013259782732771394,0.0002651956546363308,0.007649699925799872,0.001671693185883933,0.007649699925799872,0.001671693185883933,0.029344105240488368,0.0013294543702161838,9005.35659520002
352,352,338,338,287,287,287,1,-2.901647194164525e-05,2.901647194164525e-05,0.11553030560294374,0.0014134013350978539,0.002710589172519614,0,3741,0.0005272227937285639,0.05503645192659126,3741,0.0005272227937285639,0.055036451927338303,3741,0.0005272227937285639,0.05503645192659126,True,158,3722,-365.3892277507931,-365.3891411788663,True,False,accepted,L-BFGS-B>Newton-CG,True,9.300527707053874e-13,4.530315785302802e-11,2.1529535131362226e-08,7.120832435703051e-06,765.1109368286935,-1.4003427431362798e-05,-1.260025883544763e-15,8.657192682903769e-05,7.120832378859632e-06,6.997119271545671e-06,1.237131073139608e-07,7.120832378859632e-06,1.4251664757719265e-07,False,0,none,True,10.42283649998717,13.427249100001063,0.0003603843392170347,ok,0.0001289077617026942,0.0002578155233868228,0.007648286926931157,0.0016713844024540724,0.007648286926931157,0.0016713844024540724,0.029047628022861514,0.00131602227101216,9030.279801000026
353,353,339,339,613,613,613,1,-2.8061467202800117e-05,2.8061467202800117e-05,0.013271199851915022,0.003472705732082573,0.010551037762716774,0,3741,0.0005260387566519854,0.05334486641516589,3741,0.0005260387566519854,0.05334486642325201,3741,0.0005260387566519854,0.05334486641516589,True,159,3721,-365.38922853861385,-365.38914202814544,True,False,accepted,L-BFGS-B>Newton-CG,True,9.104574365459424e-13,1.1267232502796239e-10,9.080577340708911e-09,7.878207952671801e-07,765.1109368286935,-1.4019872367249087e-05,-1.260025883544763e-15,8.651046840668641e-05,7.878207384237612e-07,8.492791607750405e-07,-6.14584223512793e-08,8.492791607750405e-07,1.708558321550081e-08,False,0,none,True,10.494447400036734,36.804452100011986,0.0003595350600562597,ok,0.0001290446399019391,0.00025808927978529284,0.007651502436113297,0.0016720870894667748,0.007651502436113297,0.0016720870894667748,0.029007842619923643,0.0013142197666463568,9078.662981900037
354,354,340,340,3551,3551,3551,1,3.264251432638643e-05,3.264251432638643e-05,0.027965210893508948,0.004165271347593677,0.00853466301026985,0,3741,0.0005278369004387779,0.06184204685055461,3741,0.0005278369004387779,0.06184204685158754,3741,0.0005278369004387779,0.06184204685055461,True,160,3720,-365.3892293505105,-365.3891417699053,True,False,accepted,L-BFGS-B>Newton-CG,True,1.0932260669910953e-12,1.3949854442614533e-10,8.836827771130483e-09,8.118967116388376e-07,765.1109368286935,-1.3952987910014776e-05,-1.260025883544763e-15,8.758060522495725e-05,8.118966547954187e-07,-2.5824016347542056e-07,1.0701368182708393e-06,8.118966547954187e-07,1.6337933095908375e-08,True,1,validation_energy_increased,False,10.31415819999529,12.351522999990266,0.0003597933002197351,ok,0.0001295740447945088,0.00025914808957035597,0.007664678564705147,0.0016749664761874276,0.007664678564705147,0.0016749664761874276,0.02901609950421801,0.0013145938503275445,9102.41969780001
355,355,341,341,4080,4080,4080,1,-2.8431937345918534e-05,2.8431937345918534e-05,0.004098194867750823,0.009194863268450211,0.03120058302777932,0,3741,0.000527361832317765,0.05391352882130215,3741,0.000527361832317765,0.05391352882081284,3741,0.000527361832317765,0.05391352882130215,True,161,3719,-365.38922956211104,-365.3891424052768,True,False,accepted,L-BFGS-B>Newton-CG,True,1.2558070690476273e-12,4.061268900184533e-10,4.0921544470758065e-09,2.116005362040596e-07,765.1109368286935,-1.404371371288505e-05,-1.260025883544763e-15,8.715683424043164e-05,2.116005362040596e-07,6.353715207296773e-07,-4.237709845256177e-07,6.353715207296773e-07,1.2807430414593546e-08,False,0,none,True,10.46922920003999,12.18071589997271,0.0003591579286990054,ok,0.0001294377849920583,0.0002588755699654746,0.007649551472046848,0.0016716607442025916,0.007649551472046848,0.0016716607442025916,0.02899213345587918,0.0013135080524325415,9126.182498000038
356,356,342,342,3204,3204,3204,1,2.9731376054775716e-05,2.9731376054775716e-05,0.003672509526689568,0.007539559144559881,0.027836809424386405,0,3741,0.0005275076675051359,0.05636197895547414,3741,0.0005275076675051359,0.05636197895601603,3741,0.0005275076675051359,0.05636197895547414,True,162,3718,-365.38922984116664,-365.3891421912817,True,False,accepted,L-BFGS-B>Newton-CG,True,1.2876506412482363e-12,3.2653443783053406e-10,4.943383888704889e-09,2.7905576871489757e-07,765.1109368286935,-1.3970742678318802e-05,-1.260025883544763e-15,8.764988496068327e-05,2.79055598184641e-07,-2.1399512206699e-07,4.93050720251631e-07,2.79055598184641e-07,5.68111196369282e-09,True,1,validation_energy_increased,False,10.390788699965924,13.988184200017713,0.0003593719238210724,ok,0.00012930552544773065,0.0002586110508768384,0.007647620747193232,0.0016712388218248627,0.007647620747193232,0.0016712388218248627,0.029000931400973904,0.0013139066492362007,9151.630109900027
357,357,343,343,2628,2628,2628,1,-2.7633446575414666e-05,2.7633446575414666e-05,0.06714913425466876,0.0021830669712554355,0.0048290458967111035,0,3741,0.0005278373595324167,0.05235219916963377,3741,0.0005278373595324167,0.052352199153244704,3741,0.0005278373595324167,0.05235219916963377,True,163,3717,-365.3892328208044,-365.3891451014831,True,False,accepted,L-BFGS-B>Newton-CG,True,1.1827374464135725e-12,9.34373144369332e-11,1.365808476560911e-08,2.979637770295085e-06,765.1109368286935,-1.5445230573541602e-05,-1.260025883544763e-15,8.771932130002824e-05,2.979637770295085e-06,2.91020143095011e-06,6.943633934497484e-08,2.979637770295085e-06,5.96927554059017e-08,True,2,train_valid_drop_disagreed,False,10.584776400006376,12.923454399977345,0.0003564617223901223,ok,0.00012903946394006118,0.0002580789278615378,0.00761762206983444,0.0016646831941515357,0.00761762206983444,0.0016646831941515357,0.028899650947726372,0.001309318070368864,9176.253476299986
358,358,344,344,403,403,403,1,-2.784642043351937e-05,2.784642043351937e-05,0.04430710029084426,0.002310693690344057,0.005591925418995346,0,3741,0.0005299115729114858,0.052549183405305094,3741,0.0005299115729114858,0.05254918341791525,3741,0.0005299115729114858,0.052549183405305094,True,164,3716,-365.3892350826136,-365.38914773569854,True,False,accepted,L-BFGS-B>Newton-CG,True,1.1165856982239167e-12,9.265419030804748e-11,1.3051108476708967e-08,2.2618091293225007e-06,765.1109368286935,-1.542316430844247e-05,-1.260025883544763e-15,8.734691505196679e-05,2.2618091861659195e-06,2.6342154342273716e-06,-3.7240624806145206e-07,2.6342154342273716e-06,5.2784308684547435e-08,False,0,none,True,10.456045099999756,13.257671799976379,0.00035382750695589493,ok,0.00012777690232533334,0.0002555538046322639,0.007595724205100511,0.001659897841573501,0.007595724205100511,0.001659897841573501,0.028807429044290293,0.0013051398951766766,9201.048277300026
359,359,345,345,1085,1085,1085,1,-2.953257929536046e-05,2.953257929536046e-05,0.0012577724831916092,0.007172329186018296,0.031437760712065554,0,3741,0.0005296359904517639,0.055760144377971825,3741,0.0005296359904517639,0.05576014437826331,3741,0.0005296359904517639,0.055760144377971825,True,165,3715,-365.3892354409851,-365.3891477747148,True,False,accepted,L-BFGS-B>Newton-CG,True,1.0493930702896543e-12,2.548572704880449e-10,5.1175716442387315e-09,3.58371437414462e-07,765.1109368286935,-1.5449131017280853e-05,-1.260025883544763e-15,8.766627030354357e-05,3.5837149425788084e-07,3.9016242681100266e-08,3.193552515767806e-07,3.5837149425788084e-07,7.267429885157617e-09,True,1,train_valid_drop_disagreed,False,10.551265900023282,13.204600900004152,0.00035378849071321383,ok,0.00012780027664135405,0.00025560055326430197,0.007594657336070082,0.001659664698090005,0.007594657336070082,0.001659664698090005,0.028808071994568325,0.0013051690244702758,9225.903161399998
360,360,346,346,3718,3718,3718,1,-2.9381844946385627e-05,2.9381844946385627e-05,0.11296998137529106,0.0013743495570182932,0.002661727620614068,0,3741,0.0005296666692786711,0.055472331280349244,3741,0.0005296666692786711,0.055472331228025286,3741,0.0005296666692786711,0.055472331280349244,True,166,3714,-365.3892434160314,-365.3891571332772,True,False,accepted,L-BFGS-B>Newton-CG,True,6.9746598727352445e-12,3.2624298169657395e-10,2.2378727709220446e-08,7.975046287356236e-06,765.1109368286935,-1.4645744696246298e-05,-1.260025883544763e-15,8.628275418232079e-05,7.975046287356236e-06,9.358562408579019e-06,-1.3835161212227831e-06,9.358562408579019e-06,1.8727124817158038e-07,False,0,none,True,10.66796869999962,16.78505409997888,0.0003444299283046348,ok,0.00013106795513799762,0.0002621359102571185,0.007580080454623073,0.0016564792040676555,0.007580080454623073,0.0016564792040676555,0.028422871281894815,0.0012877172478126734,9254.491057000007
361,361,347,347,2934,2934,2934,1,2.9865944338069994e-05,2.9865944338069994e-05,0.004222885974207712,0.00564380883447489,0.020331593713477276,0,3741,0.000523786090440891,0.057019353669607135,3741,0.000523786090440891,0.05701935367162565,3741,0.000523786090440891,0.057019353669607135,True,167,3713,-365.3892439039213,-365.38915666546006,True,False,accepted,L-BFGS-B>Newton-CG,True,8.378057323996016e-13,1.5832130540171783e-10,6.29180662244913e-09,4.878899630966771e-07,765.1109368286935,-1.4931655898384369e-05,-1.260025883544763e-15,8.72384612193855e-05,4.878899062532582e-07,-4.6781713081145426e-07,9.557070370647125e-07,4.878899062532582e-07,9.857798125065164e-09,True,1,validation_energy_increased,False,10.446033699961845,13.666113600018434,0.00034489774543544627,ok,0.0001313495195541949,0.00026269903908947246,0.007587125059496057,0.0016580186654945926,0.007587125059496057,0.0016580186654945926,0.02843663484025468,0.0012883408150559507,9279.726600199996
362,362,348,348,892,892,892,1,2.8120392734365396e-05,2.8120392734365396e-05,0.14746041244793667,0.002429490022983393,0.004337367690041344,0,3741,0.0005141736870123805,0.0546904546939375,3741,0.0005141736870123805,0.05469045475051616,3741,0.0005141736870123805,0.0546904546939375,True,168,3712,-365.3892457479833,-365.38915814454464,True,False,accepted,L-BFGS-B>Newton-CG,True,1.3700402978531485e-12,1.1836602957492798e-10,1.257460719746358e-08,1.8440620124238194e-06,765.1109368286935,-1.5985988732544653e-05,-1.260025883544763e-15,8.760343865787945e-05,1.8440620124238194e-06,1.4790845739298675e-06,3.649774384939519e-07,1.8440620124238194e-06,3.698124024847639e-08,True,2,train_valid_drop_disagreed,False,10.547925199964084,26.41110920003848,0.0003434186608615164,ok,0.00013207231907493082,0.0002641446381308402,0.007612684683496707,0.001663604224364887,0.007612684683496707,0.001663604224364887,0.028365766637722632,0.0012851300836060238,9317.739295599982
363,363,349,349,2757,2757,2757,1,-2.740712998194894e-05,2.740712998194894e-05,0.019286863299603507,0.004116278260616844,0.011585708874943666,0,3741,0.000508882348945067,0.05385749778660037,3741,0.000508882348945067,0.05385749776681177,3741,0.000508882348945067,0.05385749778660037,True,169,3711,-365.38924643169355,-365.38915879290056,True,False,accepted,L-BFGS-B>Newton-CG,True,1.4965016343844546e-12,2.247596570261691e-10,7.658230637049844e-09,6.837102546342066e-07,765.1109368286935,-1.618511174140941e-05,-1.260025883544763e-15,8.763879299067412e-05,6.837102546342066e-07,6.483559218395385e-07,3.535433279466815e-08,6.837102546342066e-07,1.3774205092684132e-08,True,3,train_valid_drop_disagreed,False,10.277313799946569,19.832412000047043,0.00034277030493967686,ok,0.00013191562272923642,0.000263831245439474,0.007609336931936432,0.001662872638351628,0.007609336931936432,0.001662872638351628,0.028333454413976333,0.001283666156636063,9348.9651647
364,364,350,350,171,171,171,1,2.5281981187411096e-05,2.5281981187411096e-05,0.0020353237783970273,0.004137123693457127,0.017870081577875372,0,3741,0.000512115456493508,0.04936773703437633,3741,0.000512115456493508,0.04936773703439804,3741,0.000512115456493508,0.04936773703437633,True,170,3710,-365.3892471086648,-365.3891599410323,True,False,accepted,L-BFGS-B>Newton-CG,True,9.646858292865844e-13,1.578604369587812e-10,7.111004428161266e-09,6.769713536414201e-07,765.1109368286935,-1.624192979698589e-05,-1.260025883544763e-15,8.716763250049553e-05,6.769712399545824e-07,1.1481317301331728e-06,-4.711604901785904e-07,1.1481317301331728e-06,2.3062634602663457e-08,False,0,none,True,10.206584100029431,14.582497299998067,0.0003416221732095437,ok,0.00013181261734555698,0.00026362523467212995,0.007637128361813222,0.001668945915003214,0.007637128361813222,0.001668945915003214,0.028307131333594155,0.0012824735718233778,9374.842660300026
365,365,351,351,2600,2600,2600,1,2.48349219846844e-05,2.48349219846844e-05,0.03271063940497147,0.0009686434746685864,0.0023965277652453197,0,3741,0.000510430166152147,0.048654886861216,3741,0.000510430166152147,0.048654886854362714,3741,0.000510430166152147,0.048654886861216,True,171,3709,-365.3892556994786,-365.3891694833436,True,False,accepted,L-BFGS-B>Newton-CG,True,1.2414786356824533e-12,4.842174190787892e-11,2.6638867722774893e-08,8.590813877162873e-06,765.1109368286935,-1.2476808094762618e-05,-1.260025883544763e-15,8.621613500281455e-05,8.590813820319454e-06,9.54231131800043e-06,-9.514974976809754e-07,9.54231131800043e-06,1.909462263600086e-07,False,0,none,True,10.464760500006378,14.242320899968036,0.00033207986189154326,ok,0.00013014240102276445,0.00026028480202678543,0.007606436365893251,0.0016622387760385144,0.007606436365893251,0.0016622387760385144,0.027908652255096908,0.001264420209895786,9400.669249600032
366,366,352,352,2912,2912,2912,1,2.3089728079739302e-05,2.3089728079739302e-05,0.0837164052691646,0.0016720427623892408,0.0032765048952033654,0,3741,0.0005004082974480248,0.04614177701986952,3741,0.0005004082974480248,0.046141777030422694,3741,0.0005004082974480248,0.04614177701986952,True,172,3708,-365.389257888034,-365.38917062933075,True,False,accepted,L-BFGS-B>Newton-CG,True,1.4926588637124652e-12,1.0809089816028824e-10,1.4809292818522036e-08,2.1885554133405094e-06,765.1109368286935,-1.2818972216358673e-05,-1.260025883544763e-15,8.725870327452867e-05,2.1885554133405094e-06,1.1459871416263923e-06,1.0425682717141171e-06,2.1885554133405094e-06,4.387110826681019e-08,True,1,train_valid_drop_disagreed,False,10.447128500032704,14.228704400011338,0.00033093387474991687,ok,0.00013092710390047834,0.00026185420778210023,0.007617104942968011,0.0016645701861293606,0.007617104942968011,0.0016645701861293606,0.027849138615715543,0.0012617239045453726,9426.556369600003
367,367,353,353,1120,1120,1120,1,2.6722657030964214e-05,2.6722657030964214e-05,0.12654779460670196,0.0022067256184836242,0.004066056044028293,0,3741,0.0005038756473149395,0.05303423011880874,3741,0.0005038756473149395,0.05303423013044553,3741,0.0005038756473149395,0.05303423011880874,True,173,3707,-365.3892599183095,-365.3891721256642,True,False,accepted,L-BFGS-B>Newton-CG,True,1.3849168000301665e-12,1.1436480284892158e-10,1.3109641826250267e-08,2.030275538800197e-06,765.1109368286935,-1.295109070273559e-05,-1.260025883544763e-15,8.779264533131936e-05,2.030275481956778e-06,1.4963334251660854e-06,5.339420567906927e-07,2.030275481956778e-06,4.0705509639135566e-08,True,2,train_valid_drop_disagreed,False,10.524764999980107,20.77611410000827,0.0003294375413247508,ok,0.00012939595726680082,0.00025879191451496573,0.0076122018051441,0.0016634987006895149,0.0076122018051441,0.0016634987006895149,0.027779333579262988,0.0012585613405477862,9458.97208169999
368,368,354,354,1163,1163,1163,1,-2.4170862467087773e-05,2.4170862467087773e-05,0.04112272510772033,0.001881723476648894,0.004475377082908453,0,3741,0.0005081106228849837,0.04757007899155674,3741,0.0005081106228849837,0.04757007900555628,3741,0.0005081106228849837,0.04757007899155674,True,174,3706,-365.38926217992264,-365.38917410544417,True,False,accepted,L-BFGS-B>Newton-CG,True,1.0016527741560761e-12,7.797957285455618e-11,1.3845066181938591e-08,2.2616131900576875e-06,765.1109368286935,-1.240621800409581e-05,-1.260025883544763e-15,8.80744784694798e-05,2.2616131332142686e-06,1.979779995053832e-06,2.8183313816043665e-07,2.2616131332142686e-06,4.533226266428537e-08,True,3,train_valid_drop_disagreed,False,10.524135000014212,22.067876200017054,0.00032745776132969695,ok,0.00012976871085804365,0.00025953742169739766,0.007605824632819786,0.0016621050936692177,0.007605824632819786,0.0016621050936692177,0.02768162312801729,0.0012541345030156897,9492.671681999986
369,369,355,355,3801,3801,3801,1,-2.347336787797416e-05,2.347336787797416e-05,0.0031073770597954417,0.004717618370195121,0.019516040614428215,0,3741,0.000512189359754361,0.045829471914902074,3741,0.000512189359754361,0.045829471913509834,3741,0.000512189359754361,0.045829471914902074,True,175,3705,-365.38926258393644,-365.38917417707444,True,False,accepted,L-BFGS-B>Newton-CG,True,1.3029992538155765e-12,2.6187350934967734e-10,5.9756817978701815e-09,4.0401391743216664e-07,765.1109368286935,-1.2478115481059207e-05,-1.260025883544763e-15,8.84068620052858e-05,4.040138037453289e-07,7.163026793932659e-08,3.3238353580600233e-07,4.040138037453289e-07,8.180276074906578e-09,True,4,train_valid_drop_disagreed,False,10.485555499966722,13.289648799982388,0.0003273861310617576,ok,0.00013017854424581164,0.0002603570884728746,0.007606699961402162,0.0016622963797119068,0.007606699961402162,0.0016622963797119068,0.027678089764537627,0.0012539744216132716,9517.572878799983
370,370,356,356,119,119,119,1,-2.291887662764225e-05,2.291887662764225e-05,0.04219584794615802,0.001934644725415305,0.00479256933049082,0,3741,0.0005129850297418201,0.04467747653216523,3741,0.0005129850297418201,0.04467747651506415,3741,0.0005129850297418201,0.04467747653216523,True,176,3704,-365.3892643988525,-365.38917607772163,True,False,accepted,L-BFGS-B>Newton-CG,True,8.89442228444884e-10,7.508023883034223e-08,1.2846555662332726e-08,1.8149161746805476e-06,765.1109368286935,-1.2313073872513735e-05,-1.260025883544763e-15,8.832113087464677e-05,1.8149160609937098e-06,1.9006471916327428e-06,-8.573113063903293e-08,1.9006471916327428e-06,3.811294383265486e-08,False,0,none,True,10.615890000015497,73.34116650000215,0.0003254854838701249,ok,0.00013049901601006576,0.0002609980320013367,0.007632888496650213,0.0016680193749074174,0.007632888496650213,0.0016680193749074174,0.027581093743882058,0.0012495799518382586,9602.659728400002
371,371,357,357,3276,3276,3276,1,-2.5763651261279108e-05,2.5763651261279108e-05,0.06532880220827618,0.0024066688675731225,0.00542568785126068,0,3741,0.0005073185341803085,0.050783974023157465,3741,0.0005073185341803085,0.050783974035265224,3741,0.0005073185341803085,0.050783974023157465,True,177,3703,-365.3892663460835,-365.38917841347836,True,False,accepted,L-BFGS-B>Newton-CG,False,2.4056710192751776e-09,2.2472174928559826e-07,1.1705109883324274e-08,1.94723111235362e-06,765.1109368286935,-1.2454143472929193e-05,-1.260025883544763e-15,8.793260514039503e-05,1.9472309986667824e-06,2.335756732918526e-06,-3.885257342517434e-07,2.335756732918526e-06,4.6815134658370515e-08,False,0,none,True,10.578388999972958,63.95737389998976,0.00032314972713720636,ok,0.0001304276029263047,0.0002608552058338249,0.007589175793998522,0.0016584668136477335,0.007589175793998522,0.0016584668136477335,0.0274570798781332,0.0012439614204693165,9678.332187200023
372,372,358,358,2268,2268,2268,1,-2.4571663669037402e-05,2.4571663669037402e-05,0.005551121716167201,0.001840482951582209,0.006815582651343436,0,3741,0.0005010183442574837,0.04904344112480144,3741,0.0005010183442574837,0.04904344112451306,3741,0.0005010183442574837,0.04904344112480144,True,178,3702,-365.3892684380695,-365.3891774937819,True,False,accepted,L-BFGS-B>Newton-CG,True,2.6708019735408035e-12,2.0005041689542832e-10,1.4350644377496614e-08,2.0919861754009617e-06,765.1109368286935,-1.2714204985428788e-05,-1.260025883544763e-15,9.094428759226503e-05,2.091986004870705e-06,-9.196964469992963e-07,3.0116824518700014e-06,2.091986004870705e-06,4.19397200974141e-08,True,1,validation_energy_increased,False,10.465432700002566,16.41548480000347,0.00032406942358420565,ok,0.00013103322818291496,0.0002620664563469582,0.0075984767729641725,0.0016604993617620049,0.0075984767729641725,0.0016604993617620049,0.02744002767274627,0.0012431888588666476,9706.329612300033
373,373,359,359,1929,1929,1929,1,-2.2629735583645783e-05,2.2629735583645783e-05,0.014411133679547421,0.0034656981827234207,0.010645298554389303,0,3741,0.000504198966052515,0.04488255055502985,3741,0.000504198966052515,0.04488255055407983,3741,0.000504198966052515,0.04488255055502985,True,179,3701,-365.389268961516,-365.38917817080016,True,False,accepted,L-BFGS-B>Newton-CG,True,9.426626780607905e-13,1.443668806530521e-10,7.529632515412122e-09,5.234464310888143e-07,765.1109368286935,-1.2668795406718617e-05,-1.260025883544763e-15,9.079071583073528e-05,5.234464879322331e-07,6.770182494619803e-07,-1.5357176152974716e-07,6.770182494619803e-07,1.3640364989239605e-08,False,0,none,True,10.389458399964496,14.460312800016254,0.00032339240533474367,ok,0.00013116377718675536,0.0002623275543546202,0.007603501053953109,0.0016615973206851836,0.007603501053953109,0.0016615973206851836,0.027417487885586064,0.001242167678690994,9732.321149900032
374,374,360,360,3029,3029,3029,1,-2.3326659984002074e-05,2.3326659984002074e-05,0.0025370069466465555,0.007461134178217318,0.029443138414217595,0,3741,0.0005044578040502198,0.04624105286253012,3741,0.0005044578040502198,0.046241052862992404,3741,0.0005044578040502198,0.04624105286253012,True,180,3700,-365.3892691806468,-365.3891784019203,True,False,accepted,L-BFGS-B>Newton-CG,True,7.737980798689003e-13,2.475026987874612e-10,4.126422797245482e-09,2.191308112742263e-07,765.1109368286935,-1.2628104217108557e-05,-1.260025883544763e-15,9.0778726530516e-05,2.191308112742263e-07,2.311201114935102e-07,-1.1989300219283905e-08,2.311201114935102e-07,4.722402229870204e-09,False,0,none,True,10.56108310003765,19.867949099978432,0.00032316128522325016,ok,0.00013114576766316922,0.0002622915353074505,0.007604272761684595,0.0016617659624056083,0.007604272761684595,0.0016617659624056083,0.027409182510928647,0.001241791398121384,9763.881358199986
375,375,361,361,3728,3728,3728,1,-2.2710489893516816e-05,2.2710489893516816e-05,0.08566284374647258,0.002464838327653858,0.004442857174113734,0,3741,0.0005245393866241731,0.04329606216928118,3741,0.0005245393866241731,0.04329606216930857,3741,0.0005245393866241731,0.04329606216928118,True,181,3699,-365.3892702184369,-365.3891789283385,True,False,accepted,L-BFGS-B>Newton-CG,True,1.2573551623123246e-12,1.364645680802178e-10,1.0213784794110183e-08,1.0377900707680965e-06,765.1109368286935,-1.2187310966518893e-05,-1.260025883544763e-15,9.129009839625724e-05,1.0377900707680965e-06,5.264182050268573e-07,5.113718657412392e-07,1.0377900707680965e-06,2.085580141536193e-08,True,1,train_valid_drop_disagreed,False,10.517206499993335,13.327441499975976,0.0003226348670182233,ok,0.00013095174492546883,0.00026190348983207764,0.0076004030969993724,0.001660920322426434,0.0076004030969993724,0.001660920322426434,0.02739001788855761,0.0012409231320503653,9788.892311000032
376,376,362,362,1981,1981,1981,1,-2.20877662666652e-05,2.20877662666652e-05,0.021628412171099978,0.00267079897182285,0.007568328222179991,0,3741,0.0005217977285720181,0.04233013111634629,3741,0.0005217977285720181,0.04233013112383844,3741,0.0005217977285720181,0.04233013111634629,True,182,3698,-365.38927131964186,-365.3891796396441,True,False,accepted,L-BFGS-B>Newton-CG,True,1.0803862730887478e-12,1.3063767950938941e-10,9.270096936398019e-09,1.101204986753146e-06,765.1109368286935,-1.1749699449286815e-05,-1.260025883544763e-15,9.167999775172575e-05,1.101204986753146e-06,7.113056312846311e-07,3.8989935546851484e-07,1.101204986753146e-06,2.212409973506292e-08,True,2,train_valid_drop_disagreed,False,10.397639899980277,13.78206160000991,0.00032192356138693867,ok,0.00013030768284592114,0.000260615365673075,0.007533221668262454,0.0016462391273826022,0.007533221668262454,0.0016462391273826022,0.02734630178042694,0.001238942544449317,9814.180047100002
377,377,363,363,2722,2722,2722,1,2.3733134924097676e-05,2.3733134924097676e-05,0.007166770069597786,0.003703682957109264,0.012548246620045113,0,3741,0.0005254165273239555,0.045170133960145804,3741,0.0005254165273239555,0.04517013396236077,3741,0.0005254165273239555,0.045170133960145804,True,183,3697,-365.38927180041026,-365.38917983535816,True,False,accepted,L-BFGS-B>Newton-CG,True,1.7250618646118787e-12,2.6920515341644287e-10,7.407982323961384e-09,4.807684490515385e-07,765.1109368286935,-1.1879649937018232e-05,-1.260025883544763e-15,9.196505209274619e-05,4.807683922081196e-07,1.957140511876787e-07,2.850543410204409e-07,4.807683922081196e-07,9.715367844162391e-09,True,3,train_valid_drop_disagreed,False,10.801146399986465,12.695154600020032,0.000321727847335751,ok,0.00013038339867468547,0.0002607667973305928,0.007531726735116334,0.0016459124388094606,0.007531726735116334,0.0016459124388094606,0.027316332029712224,0.001237584744791245,9838.871983300021
378,378,364,364,1471,1471,1471,1,2.1582434957423402e-05,2.1582434957423402e-05,0.3167318308558505,0.0015539111599538122,0.0025362424746098377,0,3741,0.0005230429613768408,0.04126321650636598,3741,0.0005230429613768408,0.041263216546006044,3741,0.0005230429613768408,0.04126321650636598,True,184,3696,-365.38927463236905,-365.389182516302,True,False,accepted,L-BFGS-B>Newton-CG,True,2.8502159080279955e-12,2.052123552955892e-10,1.4889104795481374e-08,2.831958795468381e-06,765.1109368286935,-1.407226771710585e-05,-1.260025883544763e-15,9.211606703729558e-05,2.831958795468381e-06,2.680943850918993e-06,1.5101494454938802e-07,2.831958795468381e-06,5.6739175909367626e-08,True,4,train_valid_drop_disagreed,False,10.416965899989009,17.380206800007727,0.000319046903484832,ok,0.0001265368256222736,0.00025307365122632307,0.007523606678819679,0.001644137958383852,0.007523606678819679,0.001644137958383852,0.02721084695730147,0.001232805672832508,9867.796510100015
379,379,364,364,2358,2358,,1,2.2064584607406346e-05,2.2064584607406346e-05,0.27273813116199536,0.0014660669971330652,0.0024119544097564293,0,3741,0.0005118995351081809,0.0431033495717932,3741,0.0005118995351081809,0.04310334959958007,3741,0.0005118995351081809,0.0431033495717932,True,185,3695,-365.38927463236905,-365.389182516302,False,True,projected_residual,L-BFGS-B>Newton-CG>trust-krylov,False,2.2495220474490932e-07,1.4946803138306359e-05,1.605018850274353e-08,3.158578181228222e-06,765.1109368286935,-1.2555986769959285e-05,-1.260025883544763e-15,9.211606703729558e-05,,,,,,False,4,none,False,10.483305399946403,46.514383400033694,,,,,,,,,,,9925.227148400038
380,380,365,365,247,247,247,1,2.1704573510916703e-05,2.1704573510916703e-05,0.040383169001533555,0.0020400321214290524,0.0048389349572904895,0,3741,0.0005118995351081809,0.042400064900097685,3741,0.0005118995351081809,0.04240006489782954,3741,0.0005118995351081809,0.042400064900097685,True,186,3694,-365.38927641541505,-365.38918439169487,True,False,accepted,L-BFGS-B>Newton-CG,True,1.2732093575864696e-12,1.196700768500492e-10,1.1639329321914332e-08,1.7830460592449526e-06,765.1109368286935,-1.4479312405476874e-05,-1.260025883544763e-15,9.202372018535243e-05,1.7830460024015338e-06,1.8753928543446818e-06,-9.234685194314807e-08,1.8753928543446818e-06,3.760785708689364e-08,False,0,none,True,10.458956899994519,13.540420299977995,0.0003171715106304873,ok,0.00012589148087799475,0.0002517829617378583,0.0074830833809843775,0.0016352823795352822,0.0074830833809843775,0.0016352823795352822,0.027158227206197892,0.0012304216997145335,9950.432253300038
381,381,366,366,1523,1523,1523,1,2.223299089532116e-05,2.223299089532116e-05,0.02601281095961111,0.00330949811950621,0.007422738487578082,0,3741,0.0005119653449619353,0.04342674970895576,3741,0.0005119653449619353,0.043426749709898974,3741,0.0005119653449619353,0.04342674970895576,True,187,3693,-365.3892770298351,-365.38918406722183,True,False,accepted,L-BFGS-B>Newton-CG,True,9.777383076569208e-13,1.4554150988568116e-10,7.717934343438563e-09,6.144201165625418e-07,765.1109368286935,-1.4462926704152312e-05,-1.260025883544763e-15,9.296261328017863e-05,6.144200597191229e-07,-3.244730351070757e-07,9.388930948261986e-07,6.144200597191229e-07,1.2388401194382458e-08,True,1,validation_energy_increased,False,10.171614699997008,13.57638370001223,0.0003174959836655944,ok,0.00012591688944544712,0.0002518337788727594,0.007487239047288571,0.0016361905196075612,0.007487239047288571,0.0016361905196075612,0.0271761821967682,0.0012312351626054703,9975.313352700032
382,382,367,367,625,625,625,1,-2.1005009324150115e-05,2.1005009324150115e-05,0.02193165088398148,0.0010118532357559365,0.002126215051099042,0,3741,0.0005196667773154385,0.040420150452296556,3741,0.0005196667773154385,0.04042015045223365,3741,0.0005196667773154385,0.040420150452296556,True,188,3692,-365.3892819849424,-365.38917840730886,True,False,accepted,L-BFGS-B>Newton-CG,True,9.271137102353118e-13,4.466091839637393e-11,2.1758948618275282e-08,4.955107272053283e-06,765.1109368286935,-1.4468485594587769e-05,-1.260025883544763e-15,0.00010357763352430993,4.955107272053283e-06,-5.659912972078018e-06,1.0615020244131301e-05,5.659912972078018e-06,1.1329825944156037e-07,True,2,validation_energy_increased,False,10.461387299990747,13.784900600032415,0.0003231558966376724,ok,0.00012608104486951934,0.00025216208972088014,0.007530262587971949,0.001645592477918427,0.007530262587971949,0.001645592477918427,0.027428428430608612,0.0012426633474215132,10000.763042000006
383,383,368,368,3061,3061,3061,1,3.569791474761219e-05,3.569791474761219e-05,0.027831486299636235,0.0016336502604754682,0.00346116165559836,0,3741,0.0005159040426114046,0.06919487307545873,3741,0.0005159040426114046,0.06919487307509463,3741,0.0005159040426114046,0.06919487307545873,True,189,3691,-365.38928738382975,-365.3891723385346,True,False,accepted,L-BFGS-B>Newton-CG,True,1.270197598552474e-12,5.8128286876549255e-11,2.285162623577869e-08,5.398887424234999e-06,765.1109368286935,-1.4409279449358567e-05,-1.260025883544763e-15,0.00011504529516059847,5.3988873673915805e-06,-6.068774268896959e-06,1.146766163628854e-05,6.068774268896959e-06,1.214754853779392e-07,True,3,validation_energy_increased,False,10.443432800006121,22.81829690001905,0.00032922467090656937,ok,0.00012628508581735042,0.0002525701716165129,0.007592889491494351,0.0016592783700301312,0.007592889491494351,0.0016592783700301312,0.027695926247178138,0.001254782515422961,10035.218463100027
384,384,369,369,1728,1728,1728,1,4.1570028074942866e-05,4.1570028074942866e-05,0.03193741079714639,0.000903667133312059,0.0018298655019048811,0,3741,0.0005196563418201394,0.07999522901874034,3741,0.0005196563418201394,0.07999522901848977,3741,0.0005196563418201394,0.07999522901874034,True,190,3690,-365.38931078003014,-365.3891517485558,True,False,accepted,L-BFGS-B>Newton-CG,True,3.0316331249843945e-12,6.590294353141721e-11,4.7001482825105627e-08,2.3396200447223237e-05,765.1109368286935,-1.472590431655956e-05,-1.260025883544763e-15,0.000159031474368021,2.3396200390379818e-05,-2.058997881704272e-05,4.398617920742254e-05,2.3396200390379818e-05,4.6802400780759637e-07,True,4,validation_energy_increased,False,10.36846789997071,16.794292800012045,0.0003498146497236121,ok,0.00012745019367831786,0.00025490038733828,0.007656400107297611,0.0016731573802788243,0.007656400107297611,0.0016731573802788243,0.028617154199004402,0.0012965193656858504,10063.617626200023
385,385,370,370,1546,1546,1546,1,-6.470418230619668e-05,6.470418230619668e-05,0.010831819203479164,0.0037335450298492806,0.01038117892644402,0,3741,0.0005169190409974158,0.12517275854522092,3741,0.0005169190409974158,0.12517275854570073,3741,0.0005169190409974158,0.12517275854522092,True,191,3689,-365.3893158574589,-365.38914439333496,True,False,accepted,L-BFGS-B>Newton-CG,False,4.684810234149635e-09,2.703217837553885e-07,1.833049467588921e-08,5.077428795630112e-06,765.1109368286935,-1.4317989180683704e-05,-1.260025883544763e-15,0.00017146412392321508,5.0774287387866934e-06,-7.355220816407382e-06,1.2432649555194075e-05,7.355220816407382e-06,1.4720441632814766e-07,True,5,validation_energy_increased,False,10.4279530000058,55.11175430001458,0.0003571698705400195,ok,0.00012713583851633287,0.0002542716770143553,0.007674347614200684,0.001677079458959621,0.007674347614200684,0.001677079458959621,0.028912374980130114,0.0013098945411914463,10130.325683300034
386,386,371,371,1935,1935,1935,1,4.687487604673052e-05,4.687487604673052e-05,0.007152089626898493,0.003147926852970971,0.0076129080920415,0,3741,0.0005174572739633932,0.09058694969673306,3741,0.0005174572739633932,0.09058694969650878,3741,0.0005174572739633932,0.09058694969673306,True,192,3688,-365.389319467943,-365.3891410131156,True,False,accepted,L-BFGS-B>Newton-CG,True,1.010946681376205e-12,6.78910605123641e-11,1.589071865642892e-08,3.6104842138229287e-06,765.1109368286935,-1.4376914997168378e-05,-1.260025883544763e-15,0.00017845482739176077,3.610484100136091e-06,-3.3802193684095982e-06,6.990703468545689e-06,3.610484100136091e-06,7.230968200272181e-08,True,6,validation_energy_increased,False,10.31220080005005,13.473725699994247,0.00036055008990842907,ok,0.00012705809151380057,0.0002541161830093019,0.007694069422873209,0.0016813892767944321,0.007694069422873209,0.0016813892767944321,0.029066177641146367,0.0013168626739105457,10155.298947700008
387,387,372,372,1390,1390,1390,1,2.5681944876954077e-05,2.5681944876954077e-05,0.12174405553782784,0.0024167749149122926,0.004522289885511201,0,3741,0.0005171966444035761,0.04965605472280303,3741,0.0005171966444035761,0.04965605475309905,3741,0.0005171966444035761,0.04965605472280303,True,193,3687,-365.3893211633332,-365.389142869539,True,False,accepted,L-BFGS-B>Newton-CG,True,9.831141392381468e-13,9.251501763939108e-11,1.1626535716289548e-08,1.6953901535998739e-06,765.1109368286935,-1.4605693609136874e-05,-1.260025883544763e-15,0.0001782937941925411,1.6953902104432927e-06,1.8564234096629662e-06,-1.610331992196734e-07,1.8564234096629662e-06,3.7228468193259326e-08,False,0,none,True,10.350146599987056,13.98005449998891,0.0003586936664987661,ok,0.00012771061443161231,0.0002554212288448314,0.007691657628941494,0.0016808622261230972,0.007691657628941494,0.0016808622261230972,0.029004576846758376,0.0013140718086026163,10180.791759099986
388,388,373,373,3371,3371,3371,1,3.116153367943575e-05,3.116153367943575e-05,0.019737602945080656,0.0028989977607475834,0.007523638949748713,0,3741,0.0005172018536034918,0.060250235884354464,3741,0.0005172018536034918,0.0602502358897908,3741,0.0005172018536034918,0.060250235884354464,True,194,3686,-365.3893228386526,-365.3891419435645,True,False,accepted,L-BFGS-B>Newton-CG,False,1.2852228117445023e-09,1.1956593940225832e-07,1.1749071333940672e-08,1.6753194813645678e-06,765.1109368286935,-1.4664612876094325e-05,-1.260025883544763e-15,0.00018089508813545763,1.675319424521149e-06,-9.259745183953783e-07,2.601293942916527e-06,1.675319424521149e-06,3.360638849042298e-08,True,1,validation_energy_increased,False,10.505007500003558,142.7980107999756,0.0003596196410171615,ok,0.00012761113099070764,0.0002552222619630364,0.007691023957603046,0.0016807237495725335,0.007691023957603046,0.0016807237495725335,0.02901335463954853,0.0013144694923926002,10335.291383800039
389,389,374,374,1327,1327,1327,1,2.3577241917482894e-05,2.3577241917482894e-05,0.040532827592095644,0.003310264070151473,0.007867809205599702,0,3741,0.0005174579994559271,0.04556358572535898,3741,0.0005174579994559271,0.04556358575584201,3741,0.0005174579994559271,0.04556358572535898,True,195,3685,-365.3893235874488,-365.3891422197681,True,False,accepted,L-BFGS-B>Newton-CG,True,1.1694254474315806e-12,1.64188112971256e-10,8.122473279392089e-09,7.48796310290345e-07,765.1109368286935,-1.4361744110518022e-05,-1.260025883544763e-15,0.000181367680738731,7.487961966035073e-07,2.7620359333013766e-07,4.725926032733696e-07,7.487961966035073e-07,1.5075923932070146e-08,True,2,train_valid_drop_disagreed,False,10.495189299981575,22.70621510001365,0.00035934343742383135,ok,0.0001268386357000697,0.0002536772713818718,0.007688814405302604,0.0016802408948775349,0.007688814405302604,0.0016802408948775349,0.02900906114497603,0.00131427497274117,10369.6514112
390,390,375,375,17,17,17,1,2.380173093596838e-05,2.380173093596838e-05,0.041835231618866354,0.0022445824353244516,0.005243225784802078,0,3741,0.0005163640507984598,0.04609486446464173,3741,0.0005163640507984598,0.046094864465643925,3741,0.0005163640507984598,0.04609486446464173,True,196,3684,-365.3893250122523,-365.3891402850716,True,False,accepted,L-BFGS-B>Newton-CG,True,1.3376114363484414e-12,1.2614121047869702e-10,1.1604079596765404e-08,1.424803485861048e-06,765.1109368286935,-1.399905880687001e-05,-1.260025883544763e-15,0.00018472718068096583,1.424803485861048e-06,-1.9346964563737856e-06,3.3594999422348337e-06,1.9346964563737856e-06,3.8793929127475716e-08,True,3,validation_energy_increased,False,10.589509600016754,37.117798699997365,0.00036127813388020513,ok,0.00012636695686997308,0.0002527339137217465,0.007688106055322631,0.0016800860987618404,0.007688106055322631,0.0016800860987618404,0.029061407913191357,0.0013166465781862915,10418.624925600016
391,391,376,376,127,127,127,1,2.250842445072898e-05,2.250842445072898e-05,0.07545860224470535,0.0016194360171713936,0.0032665228025038264,0,3741,0.0005183951798763005,0.04341943236451377,3741,0.0005183951798763005,0.04341943237064783,3741,0.0005183951798763005,0.04341943236451377,True,197,3683,-365.3893276590235,-365.3891347601947,True,False,accepted,L-BFGS-B>Newton-CG,True,1.0628100678280475e-12,7.646705374967102e-11,1.4898927913547604e-08,2.64677134964586e-06,765.1109368286935,-1.4012411286451501e-05,-1.260025883544763e-15,0.0001928988288000255,2.6467711791156034e-06,-5.524876939944079e-06,8.171648119059682e-06,5.524876939944079e-06,1.1059753879888157e-07,True,4,validation_energy_increased,False,10.540527099976316,19.219474499986973,0.0003668030108201492,ok,0.00012632082672365126,0.00025264165342910944,0.007720246240140005,0.0016871097112529717,0.007720246240140005,0.0016871097112529717,0.02930205218929667,0.0013275491285252364,10449.560258499987
392,392,377,377,2971,2971,2971,1,-2.3397964739491073e-05,2.3397964739491073e-05,0.009149645050010681,0.002005562091790669,0.006265928046350606,0,3741,0.0005127377419734633,0.04563339661604632,3741,0.0005127377419734633,0.04563339661572962,3741,0.0005127377419734633,0.04563339661604632,True,198,3682,-365.38933003887774,-365.38913079932365,True,False,accepted,L-BFGS-B>Newton-CG,True,1.7261660828029485e-12,1.4795873496901606e-10,1.2666537181224371e-08,2.379854436185269e-06,765.1109368286935,-1.3937950172207791e-05,-1.260025883544763e-15,0.0001992395540924008,2.3798542656550126e-06,-3.96087102672027e-06,6.340725292375282e-06,3.96087102672027e-06,7.931742053440539e-08,True,5,validation_energy_increased,False,10.512100299994927,17.320045900007244,0.0003707638818468695,ok,0.00012643561444986002,0.0002528712288815104,0.007780485209692185,0.0017002737668240166,0.007780485209692185,0.0017002737668240166,0.02945753290576982,0.0013345932866723508,10478.581481000001
393,393,378,378,1299,1299,1299,1,2.2431384436139012e-05,2.2431384436139012e-05,0.19956720983603785,0.0015782080532794876,0.002841309428591956,0,3741,0.0005122757197469499,0.043787717378484185,3741,0.0005122757197469499,0.043787717357515694,3741,0.0005122757197469499,0.043787717378484185,True,199,3681,-365.3893330348111,-365.3891321456166,True,False,accepted,L-BFGS-B>Newton-CG,True,1.117149469134599e-12,7.85994417779476e-11,1.521319851470032e-08,2.995933300553588e-06,765.1109368286935,-1.530873776540102e-05,-1.260025883544763e-15,0.00020088919450245157,2.995933357397007e-06,1.3462929473462282e-06,1.6496404100507789e-06,2.995933357397007e-06,6.001866714794014e-08,True,6,train_valid_drop_disagreed,False,10.341829300043173,15.748635899974033,0.00036941758889952325,ok,0.00012515162777490413,0.0002503032555317836,0.007779627449442056,0.0017000863199987594,0.007779627449442056,0.0017000863199987594,0.029431030438671877,0.001333392574624186,10505.85962090001
394,394,379,379,1064,1064,1064,1,2.2015787718210333e-05,2.2015787718210333e-05,0.021278259544594537,0.002056812263683978,0.005585553955427292,0,3741,0.0005139862351987559,0.04283341889437358,3741,0.0005139862351987559,0.04283341887730654,3741,0.0005139862351987559,0.04283341889437358,True,200,3680,-365.3893342227043,-365.38913342933114,True,False,accepted,L-BFGS-B>Newton-CG,False,3.539811323990783e-09,3.307048300543968e-07,1.1703839201285717e-08,1.1878931331921194e-06,765.1109368286935,-1.5557538394973197e-05,-1.260025883544763e-15,0.00020079337315337398,1.1878931900355383e-06,1.2837145391131344e-06,-9.58213490775961e-08,1.2837145391131344e-06,2.577429078226269e-08,False,0,none,True,10.554119500040542,177.5078526000143,0.0003681338743604101,ok,0.00012539498215593004,0.00025078996429380037,0.0077568634817703555,0.0016951116974632898,0.0077568634817703555,0.0016951116974632898,0.02941771979029487,0.0013327895267714674,10695.117482700036
395,395,380,380,2919,2919,2919,1,-2.1903712630333416e-05,2.1903712630333416e-05,0.14697930194478778,0.0011049459624418061,0.0020435258688598604,0,3741,0.0005147203565672038,0.042554587847301484,3741,0.0005147203565672038,0.042554587900726575,3741,0.0005147203565672038,0.042554587847301484,True,201,3679,-365.38933898983987,-365.389138057604,True,False,accepted,L-BFGS-B>Newton-CG,True,9.744047800072909e-13,4.915413774890183e-11,2.0823453825696706e-08,4.767135692418378e-06,765.1109368286935,-1.584078842441979e-05,-1.260025883544763e-15,0.00020093223588446563,4.767135578731541e-06,4.6282728476398916e-06,1.3886273109164904e-07,4.767135578731541e-06,9.54427115746308e-08,True,1,train_valid_drop_disagreed,False,10.410539300006349,13.980215499992482,0.0003635056015127702,ok,0.00012267849763897948,0.0002453569952602905,0.007661162214677526,0.0016741980462571854,0.007661162214677526,0.0016741980462571854,0.029231801642657575,0.0013243663803898268,10720.676611300034
396,396,381,381,2689,2689,2689,1,-2.615301418096294e-05,2.615301418096294e-05,0.13989651450020169,0.0014115174654981853,0.002611616970100456,0,3741,0.0005330417154901071,0.04906372882451884,3741,0.0005330417154901071,0.049063728798572424,3741,0.0005330417154901071,0.04906372882451884,True,202,3678,-365.38934386559714,-365.3891432122184,True,False,accepted,L-BFGS-B>Newton-CG,False,1.3614273254928343e-09,7.347827847886758e-08,1.9528296439122238e-08,4.875757213085308e-06,765.1109368286935,-1.6138255464577003e-05,-1.260025883544763e-15,0.00020065337872665623,4.875757269928727e-06,5.1546144277381245e-06,-2.788571578093979e-07,5.1546144277381245e-06,1.0319228855476248e-07,False,0,none,True,10.465716300008353,30.549048500019126,0.0003583509870850321,ok,0.00012483522171319913,0.00024967044340841915,0.00767672081498139,0.0016775980758481687,0.00767672081498139,0.0016775980758481687,0.02901297561775175,0.0013144523205558716,10762.902866600023
397,397,382,382,3231,3231,3231,1,-2.283640386657737e-05,2.283640386657737e-05,0.0697485864291637,0.001556772105894841,0.0033091751662798615,0,3741,0.0005071982870166894,0.04502460763599924,3741,0.0005071982870166894,0.045024607626838,3741,0.0005071982870166894,0.04502460763599924,True,203,3677,-365.38935028404416,-365.38915033579906,True,False,accepted,L-BFGS-B>Newton-CG,True,1.2175076828278084e-12,8.299854002282628e-11,1.5669025292408384e-08,6.418447185296827e-06,765.1109368286935,-1.534709563726401e-05,-1.260025883544763e-15,0.00019994824509694809,6.418447014766571e-06,7.123580644474714e-06,-7.051336297081434e-07,7.123580644474714e-06,1.425716128894943e-07,False,0,none,True,10.428422200027853,36.67057199997362,0.0003512274064405574,ok,0.000120939002549329,0.00024187800508124004,0.007533334489063603,0.0016462637821751218,0.007533334489063603,0.0016462637821751218,0.02873334488975729,0.0013017834628642755,10811.167176800023
398,398,383,383,36,36,36,1,-2.112161074041552e-05,2.112161074041552e-05,0.023961392417701875,0.001900702397371306,0.00523458423017846,0,3741,0.0005038306106921488,0.041922047394856034,3741,0.0005038306106921488,0.04192204739182383,3741,0.0005038306106921488,0.041922047394856034,True,204,3676,-365.3893519826802,-365.38915261700896,True,False,accepted,L-BFGS-B>Newton-CG,True,7.939696810617616e-13,7.144815304963953e-11,1.2112529116185002e-08,1.6986360265036637e-06,765.1109368286935,-1.547048070638525e-05,-1.260025883544763e-15,0.00019936567122158522,1.6986360265036637e-06,2.281209901866532e-06,-5.825738753628684e-07,2.281209901866532e-06,4.5724198037330644e-08,False,0,none,True,10.64391829998931,21.599603199982084,0.00034894619653869086,ok,0.00012066087826036721,0.00024132175650335653,0.007495582909490308,0.0016380139084622737,0.007495582909490308,0.0016380139084622737,0.028646092973078942,0.001297830456255721,10844.609451600001
399,399,384,384,2498,2498,2498,1,-2.1112474828832717e-05,2.1112474828832717e-05,0.0834004629180515,0.0014482554128211367,0.0030650868412381506,0,3741,0.0005227785816927032,0.04038511822820418,3741,0.0005227785816927032,0.04038511821001842,3741,0.0005227785816927032,0.04038511822820418,True,205,3675,-365.38935486933013,-365.38915146388166,True,False,accepted,L-BFGS-B>Newton-CG,True,1.384438998471493e-12,9.496855760523922e-11,1.5577866963361315e-08,2.8866499519608624e-06,765.1109368286935,-1.5359929618349523e-05,-1.260025883544763e-15,0.000203405448473859,2.8866499519608624e-06,-1.1531273003129172e-06,4.03977725227378e-06,2.8866499519608624e-06,5.783299903921725e-08,True,1,validation_energy_increased,False,10.618758899974637,14.052120200009085,0.0003500993238390038,ok,0.0001208390959340057,0.00024167819185060783,0.0075067629058957345,0.0016404570793043252,0.0075067629058957345,0.0016404570793043252,0.0287417190100413,0.0013021628580006086,10870.522395699983
400,400,385,385,1779,1779,1779,1,-2.1378761306461297e-05,2.1378761306461297e-05,0.0012401505809332117,0.006994008856579544,0.034497630180377145,0,3741,0.000523523669595695,0.04083628410339424,3741,0.000523523669595695,0.04083628410333292,3741,0.000523523669595695,0.04083628410339424,True,206,3674,-365.38935510957845,-365.38915193159215,True,False,accepted,L-BFGS-B>Newton-CG,True,8.833836427994843e-13,2.8899677319301593e-10,4.056724935158662e-09,2.402483687546919e-07,765.1109368286935,-1.5326697614384718e-05,-1.260025883544763e-15,0.0002031779862932126,2.4024831191127305e-07,4.677104925576714e-07,-2.2746218064639834e-07,4.677104925576714e-07,9.454209851153427e-09,False,0,none,True,10.444137800019234,36.55493400001433,0.0003496316133464461,ok,0.0001207441813324064,0.0002414883626474229,0.007501202753398529,0.0016392420160819489,0.007501202753398529,0.0016392420160819489,0.028727215331120617,0.0013015057590988945,10918.735098200035
401,401,386,386,2471,2471,2471,1,1.973206072491962e-05,1.973206072491962e-05,0.4390593358796888,0.0007824966594204215,0.0011404973866711928,0,3741,0.0005243265079403679,0.03763315496374592,3741,0.0005243265079403679,0.037633154846246915,3741,0.0005243265079403679,0.03763315496374592,True,207,3673,-365.38936666717154,-365.38916660212374,True,False,accepted,L-BFGS-B>Newton-CG,True,1.311901550346492e-12,5.2024905520225816e-11,2.62167983243422e-08,1.1557593211364292e-05,850.522430370676,-2.0425672827879283e-05,-1.260025883544763e-15,0.00020006504780667456,1.1557593097677454e-05,1.4670531584215496e-05,-3.1129384865380416e-06,1.4670531584215496e-05,2.935106316843099e-07,False,0,none,True,10.537331699975766,14.654087200004142,0.0003349610817622306,ok,0.00011555274904144136,0.00023110549806624052,0.007165328827584305,0.001565843299982505,0.007165328827584305,0.001565843299982505,0.028159687776899034,0.00127579354259086,10945.127373400028
402,402,387,387,1243,1243,1243,1,2.3610420569308843e-05,2.3610420569308843e-05,0.3688838545572436,0.001470808874795193,0.002275513281665122,0,3741,0.00046578611929379727,0.05068940355093844,3741,0.00046578611929379727,0.05068940341343511,3741,0.00046578611929379727,0.05068940355093844,True,208,3672,-365.38937121426295,-365.3891708811062,True,False,accepted,L-BFGS-B>Newton-CG,True,1.5140516029628389e-12,9.43177001373741e-11,1.7052677289179196e-08,4.54709135055964e-06,850.522430370676,-1.7460683774130973e-05,-1.260025883544763e-15,0.00020033315672662866,4.547091407403059e-06,4.278982487448957e-06,2.68108919954102e-07,4.547091407403059e-06,9.104182814806117e-08,True,1,train_valid_drop_disagreed,False,10.48772169998847,15.048616699990816,0.00033068209927478165,ok,0.00011116304557365102,0.00022232609113129206,0.007115890525622125,0.0015550395203161793,0.007115890525622125,0.0015550395203161793,0.027989187290938876,0.0012680689037127607,10971.894026599999
403,403,388,388,1197,1197,1197,1,2.2483075462556568e-05,2.2483075462556568e-05,0.00987527357032612,0.003110344223635154,0.007176167468572861,0,3741,0.0004671679417108882,0.04812632343781512,3741,0.0004671679417108882,0.04812632343798795,3741,0.0004671679417108882,0.04812632343781512,True,209,3671,-365.38937197892426,-365.38917060061254,True,False,accepted,L-BFGS-B>Newton-CG,True,1.1436021721614899e-12,1.5820773421509267e-10,8.228484611294008e-09,7.646613653378154e-07,850.522430370676,-1.7337878551691626e-05,-1.260025883544763e-15,0.00020137831171496146,7.646613084943965e-07,-2.8049367983840057e-07,1.045154988332797e-06,7.646613084943965e-07,1.5393226169887933e-08,True,2,validation_energy_increased,False,10.639924299961422,16.453108899993822,0.00033096259295462005,ok,0.00011106675037350046,0.0002221335007310048,0.007109853953338303,0.0015537203448124544,0.007109853953338303,0.0015537203448124544,0.02800240793259871,0.0012686678737507864,11000.133254999993
404,404,389,389,1739,1739,1739,1,-2.2862711225535293e-05,2.2862711225535293e-05,0.053773947345610515,0.0019112168879493142,0.0044966958640796145,0,3741,0.000449735444112261,0.050835911478278775,3741,0.000449735444112261,0.0508359115030836,3741,0.000449735444112261,0.050835911478278775,True,210,3670,-365.3893741584293,-365.3891727131342,True,False,accepted,L-BFGS-B>Newton-CG,True,9.59920567645051e-13,8.02449185536461e-11,1.2962384471775812e-08,2.179505088406586e-06,850.522430370676,-1.734431987594995e-05,-1.260025883544763e-15,0.00020144529509025233,2.179505031563167e-06,2.1125216562722926e-06,6.698337529087439e-08,2.179505031563167e-06,4.369010063126334e-08,True,3,train_valid_drop_disagreed,False,10.655123699980322,55.06161769997561,0.00032885007129834776,ok,0.00011160557509932079,0.00022321115018256784,0.007105403277715142,0.001552747736189373,0.007105403277715142,0.001552747736189373,0.02790239448171864,0.0012641366972755382,11067.07605470001
405,405,390,390,741,741,741,1,-2.1292306032094643e-05,2.1292306032094643e-05,0.1697920990100344,0.0008237498071423782,0.0014703867810532006,0,3741,0.00044950244792170906,0.047368609738479506,3741,0.00044950244792170906,0.047368609805865484,3741,0.00044950244792170906,0.047368609738479506,True,211,3669,-365.3893816912407,-365.3891808945595,True,False,accepted,L-BFGS-B>Newton-CG,True,1.0102542028843492e-12,3.90843856426465e-11,2.684802565713151e-08,7.532811480359669e-06,850.522430370676,-1.7505158886183943e-05,-1.260025883544763e-15,0.000200796681212978,7.53281142351625e-06,8.181425300790579e-06,-6.486138772743288e-07,8.181425300790579e-06,1.637285060158116e-07,False,0,none,True,10.464073400013149,14.843452400004026,0.0003206686459975572,ok,0.00010759741057314946,0.00021519482113080247,0.006968489652461239,0.0015228279253978818,0.006968489652461239,0.0015228279253978818,0.027546047355406864,0.0012479921517013386,11093.648943900014
406,406,391,391,3,3,3,1,2.017284476785175e-05,2.017284476785175e-05,0.009354119521908646,0.0025363832893404185,0.008104745651868946,0,3741,0.00045436447681119016,0.044397935572402854,3741,0.00045436447681119016,0.044397935573444534,3741,0.00045436447681119016,0.044397935572402854,True,212,3668,-365.38938237416187,-365.38918011911016,True,False,accepted,L-BFGS-B>Newton-CG,True,1.0538032087547857e-12,1.3249736858105161e-10,8.953389716642943e-09,6.829212679804186e-07,850.522430370676,-1.7519403647718046e-05,-1.260025883544763e-15,0.00020225505170401448,6.829211542935809e-07,-7.75449336742895e-07,1.4583704910364759e-06,7.75449336742895e-07,1.56089867348579e-08,True,1,validation_energy_increased,False,10.392862499982584,14.888570399954915,0.00032144409533430007,ok,0.00010766143316505647,0.00021532286631460729,0.006978587515629034,0.001525034617060735,0.006978587515629034,0.001525034617060735,0.027565200710215544,0.0012488599072878871,11120.17538119998
407,407,392,392,985,985,985,1,1.9799834035438835e-05,1.9799834035438835e-05,0.2737593851681501,0.000941917051967229,0.0015230760263720323,0,3741,0.0004547584664326077,0.043539231255572554,3741,0.0004547584664326077,0.043539231078119925,3741,0.0004547584664326077,0.043539231255572554,True,213,3667,-365.38938857644547,-365.3891875396429,True,False,accepted,L-BFGS-B>Newton-CG,True,1.9160168924758775e-12,9.114869232821021e-11,2.202078311312072e-08,6.202283543643716e-06,850.522430370676,-1.4106863159072272e-05,-1.260025883544763e-15,0.00020103680259353496,6.202283600487135e-06,7.420532710966654e-06,-1.218249110479519e-06,7.420532710966654e-06,1.4851065421933308e-07,False,0,none,True,10.55315370002063,29.015363800048362,0.0003140235626233334,ok,0.00010073109367141827,0.000201462187328329,0.006843384711897358,0.0014954886730494722,0.006843384711897358,0.0014954886730494722,0.027285132482881686,0.001236171228395271,11160.972641900007
408,408,393,393,375,375,375,1,2.1128488327804007e-05,2.1128488327804007e-05,0.17452030463674306,0.0011415905301298639,0.002080815146116434,0,3741,0.00046338825489917047,0.0455956492302581,3741,0.00046338825489917047,0.04559564924276557,3741,0.00046338825489917047,0.0455956492302581,True,214,3666,-365.3893934413792,-365.3891915735656,True,False,accepted,L-BFGS-B>Newton-CG,True,9.57099863021168e-13,5.1712935687814453e-11,1.9507939073485963e-08,4.864933885073697e-06,850.522430370676,-1.4516167539990317e-05,-1.260025883544763e-15,0.00020186781358688677,4.86493371454344e-06,4.0339227211916295e-06,8.310109933518106e-07,4.86493371454344e-06,9.73986742908688e-08,True,1,train_valid_drop_disagreed,False,10.588902100047562,21.956094099965412,0.0003099896399021418,ok,9.82807815908362e-05,0.00019656156316751776,0.006813632490976312,0.0014889869036387685,0.006813632490976312,0.0014889869036387685,0.027124005684482363,0.0012288712707194322,11194.825938299997
409,409,394,394,4056,4056,4056,1,-2.0687043072786793e-05,2.0687043072786793e-05,0.31625288801466533,0.0015489028896467606,0.0024539034884888664,0,3741,0.00045894862480441387,0.04507485577847152,3741,0.00045894862480441387,0.04507485580656312,3741,0.00045894862480441387,0.04507485577847152,True,215,3665,-365.38939626919984,-365.38919466536936,True,False,accepted,L-BFGS-B>Newton-CG,True,1.2334580731481464e-12,9.235282039221928e-11,1.4355932909354496e-08,2.827820651418733e-06,850.522430370676,-1.3889147607660028e-05,-1.260025883544763e-15,0.00020160383047596042,2.827820651418733e-06,3.09180376234508e-06,-2.6398311092634685e-07,3.09180376234508e-06,6.19360752469016e-08,False,0,none,True,10.584145599976182,15.064515600039158,0.0003068978361397967,ok,9.749473724119432e-05,0.0001949894744683472,0.006747446302253254,0.0014745231989495425,0.006747446302253254,0.0014745231989495425,0.02698758574274334,0.0012226906737564912,11221.68973340001
410,410,395,395,2891,2891,2891,1,-2.10433846750957e-05,2.10433846750957e-05,0.003306020905805044,0.004435524748308714,0.018106973366438527,0,3741,0.0004751506233987192,0.044287818722774354,3741,0.0004751506233987192,0.044287818722800965,3741,0.0004751506233987192,0.044287818722774354,True,216,3664,-365.38939660072504,-365.3891938413209,True,False,accepted,L-BFGS-B>Newton-CG,True,1.5821230644469066e-12,3.3347990908918066e-10,5.744283002739478e-09,3.31525257024623e-07,850.522430370676,-1.3823747923362083e-05,-1.260025883544763e-15,0.00020275940414649085,3.3152520018120413e-07,-8.240484703492257e-07,1.1555736705304298e-06,8.240484703492257e-07,1.6580969406984516e-08,True,1,validation_energy_increased,False,10.409825899987482,16.66690180002479,0.00030772188461014593,ok,9.752769636888353e-05,0.00019505539272372086,0.006751716353580071,0.001475456335644531,0.006751716353580071,0.001475456335644531,0.027008226474010057,0.0012236258159311155,11250.031288800004
411,411,396,396,1228,1228,1228,1,-3.2577003279641095e-05,3.2577003279641095e-05,0.0006298112292234028,0.024371579097187096,0.1335510947077524,0,3741,0.0004767781367357584,0.06832738493983426,3741,0.0004767781367357584,0.06832738493984504,3741,0.0004767781367357584,0.06832738493983426,True,217,3663,-365.3893967184635,-365.3891937532806,True,False,accepted,L-BFGS-B>Newton-CG,True,9.420213154687707e-10,7.047470516333565e-07,2.3366800375900767e-09,1.1773846608775784e-07,850.522430370676,-1.3726540608809314e-05,-1.260025883544763e-15,0.00020296518289342202,1.1773846608775784e-07,-8.804028084341553e-08,2.0577874693117337e-07,1.1773846608775784e-07,2.454769321755157e-09,True,2,validation_energy_increased,False,10.450194100034423,59.11282380000921,0.00030780992489098935,ok,9.741912946247021e-05,0.00019483825891090988,0.006769151198724064,0.001479266382065549,0.006769151198724064,0.001479266382065549,0.027009277732752718,0.001223673443913574,11320.783389799995
412,412,397,397,2023,2023,2023,1,-1.9868373468678868e-05,1.9868373468678868e-05,0.033757316839304996,0.001887355460813155,0.0048902039037616914,0,3741,0.00047663866629815704,0.0416843510053177,3741,0.00047663866629815704,0.04168435101155834,3741,0.00047663866629815704,0.0416843510053177,True,218,3662,-365.3893988148585,-365.3891946773255,True,False,accepted,L-BFGS-B>Newton-CG,True,1.2424707535563133e-12,1.1802589064003348e-10,1.15271033907782e-08,2.0963950646546436e-06,850.522430370676,-1.3820715303304112e-05,-1.260025883544763e-15,0.00020413753298953452,2.0963950078112248e-06,9.240449116987293e-07,1.1723500961124955e-06,2.0963950078112248e-06,4.20279001562245e-08,True,3,train_valid_drop_disagreed,False,10.529142800020054,14.613840300007723,0.0003068858799792906,ok,9.787139961088477e-05,0.00019574279920767386,0.006811599731041903,0.0014885426834779975,0.006811599731041903,0.0014885426834779975,0.02697426732831999,0.0012220872740578341,11347.183733700018
413,413,398,398,1057,1057,1057,1,1.8339243154086304e-05,1.8339243154086304e-05,0.009629351554785554,0.001650143919988731,0.00545459030205089,0,3741,0.00047465427341052385,0.038637054760539094,3741,0.00047465427341052385,0.0386370547598659,3741,0.00047465427341052385,0.038637054760539094,True,219,3661,-365.3894002667261,-365.3891918760705,True,False,accepted,L-BFGS-B>Newton-CG,True,8.449294954714288e-13,7.602578003050879e-11,1.2113723465018874e-08,1.4518674902319617e-06,850.522430370676,-1.377173051179081e-05,-1.260025883544763e-15,0.0002083906555867543,1.4518676039187994e-06,-2.8012549933009723e-06,4.253122597219772e-06,2.8012549933009723e-06,5.6125099866019445e-08,True,4,validation_energy_increased,False,10.407624699990265,15.14655770000536,0.0003096871349725916,ok,9.777902647846361e-05,0.00019555805294284485,0.006822994155670614,0.0014910327134391261,0.006822994155670614,0.0014910327134391261,0.02706325265750422,0.0012261188140826385,11374.037758200022
414,414,399,399,2770,2770,2770,1,1.89084825421848e-05,1.89084825421848e-05,0.002535115638577402,0.005606205813251927,0.024404002710419974,0,3741,0.000471863174961584,0.040071960571460584,3741,0.000471863174961584,0.04007196057159171,3741,0.000471863174961584,0.040071960571460584,True,220,3660,-365.3894004756329,-365.3891918817051,True,False,accepted,L-BFGS-B>Newton-CG,True,1.2638042582412131e-12,3.7470731857843283e-10,4.372777086489376e-09,2.0890684027108364e-07,850.522430370676,-1.3759099558896907e-05,-1.260025883544763e-15,0.0002085939278231308,2.0890678342766478e-07,5.634547051158734e-09,2.0327223637650604e-07,2.0890678342766478e-07,4.278135668553296e-09,True,5,train_valid_drop_disagreed,False,10.475626799976453,14.161654800001998,0.00030968150042554043,ok,9.775494150605606e-05,0.0001955098829980332,0.0067860249739417665,0.0014829538175630428,0.0067860249739417665,0.0014829538175630428,0.027056245727441162,0.001225801360416296,11400.041816200013
415,415,400,400,1143,1143,1143,1,-1.902807069187329e-05,1.902807069187329e-05,0.001562537832393486,0.004323050713337722,0.01995096628480478,0,3741,0.00048013997421814624,0.039630257245001015,3741,0.00048013997421814624,0.03963025724502077,3741,0.00048013997421814624,0.039630257245001015,True,221,3659,-365.38940091845626,-365.3891917287944,True,False,accepted,L-BFGS-B>Newton-CG,True,1.29975487669464e-12,2.952956363859232e-10,5.40153770168139e-09,4.4282342059887014e-07,850.522430370676,-1.3705748646612675e-05,-1.260025883544763e-15,0.00020918966185945465,4.428233637554513e-07,-1.5291067256839597e-07,5.957340363238472e-07,4.428233637554513e-07,8.956467275109025e-09,True,6,validation_energy_increased,False,10.748714699991979,45.94871999998577,0.00030983441109810883,ok,9.758843406536613e-05,0.00019517686811667732,0.006787588615339593,0.0014832955209887022,0.006787588615339593,0.0014832955209887022,0.02705542646292653,0.0012257642430879463,11458.040320300031
416,416,401,401,1868,1868,1868,1,1.9018830717240642e-05,1.9018830717240642e-05,0.002732791870520807,0.004584366914317585,0.018668007283592875,0,3741,0.00048624288929784886,0.03911384852270945,3741,0.00048624288929784886,0.03911384852273251,3741,0.00048624288929784886,0.03911384852270945,True,222,3658,-365.3894012075449,-365.38919138617473,True,False,accepted,L-BFGS-B>Newton-CG,True,1.2402767658182948e-12,2.9896074321053374e-10,5.148627517108052e-09,2.8908868898724904e-07,850.522430370676,-1.3708968611165376e-05,-1.260025883544763e-15,0.00020982137016289926,2.890886321438302e-07,-3.426196713007812e-07,6.317083034446114e-07,3.426196713007812e-07,6.952393426015624e-09,True,7,validation_energy_increased,False,10.511452300008386,14.238359100010712,0.0003101770307694096,ok,9.762342748665375e-05,0.00019524685495924752,0.006779882954596837,0.001481611598654317,0.006779882954596837,0.001481611598654317,0.02705606391873232,0.0012257931234507954,11484.075596400013
417,417,402,402,948,948,948,1,-1.822379960358944e-05,1.822379960358944e-05,0.1692294450988368,0.0008808965210874174,0.0015653184376033975,0,3741,0.0004843746655430887,0.03762335419247541,3741,0.0004843746655430887,0.03762335422857112,3741,0.0004843746655430887,0.03762335419247541,True,223,3657,-365.3894063365139,-365.3891958564926,True,False,accepted,L-BFGS-B>Newton-CG,True,1.1020897307309483e-12,5.3272481537510775e-11,2.1687786619343672e-08,5.12896906457172e-06,850.522430370676,-1.4032561377684837e-05,-1.260025883544763e-15,0.00021048002128054577,5.128969007728301e-06,4.4703178900817875e-06,6.586511176465137e-07,5.128969007728301e-06,1.0267938015456602e-07,True,8,train_valid_drop_disagreed,False,10.473046500002965,15.080514499975834,0.0003057067128793278,ok,0.00010062110105817235,0.000201242202101853,0.006821020963039027,0.0014906015105542213,0.006821020963039027,0.0014906015105542213,0.026808392471566536,0.001214572202413544,11510.862840000016
418,418,403,403,2953,2953,2953,1,1.813385501669984e-05,1.813385501669984e-05,0.35206790739276755,0.0011017679682290052,0.001716410286637499,0,3741,0.0004435036574462569,0.040887723725023105,3741,0.0004435036574462569,0.04088772374447283,3741,0.0004435036574462569,0.040887723725023105,True,224,3656,-365.3894112397405,-365.38920048959125,True,False,accepted,L-BFGS-B>Newton-CG,True,1.1550838711651484e-12,7.01800271106415e-11,1.7458868979120147e-08,4.903226624719537e-06,850.522430370676,-1.3429785273983216e-05,-1.260025883544763e-15,0.0002107501492787378,4.903226624719537e-06,4.633098626527499e-06,2.701279981920379e-07,4.903226624719537e-06,9.816453249439073e-08,True,9,train_valid_drop_disagreed,False,10.619685799989384,15.218261000001803,0.0003010736142528003,ok,0.00010485268492979229,0.00020970536984448343,0.006790841601353665,0.0014840063978343624,0.006790841601353665,0.0014840063978343624,0.026604801702386074,0.0012053483860591375,11537.979893099982
419,419,404,404,85,85,85,1,2.1968435730101987e-05,2.1968435730101987e-05,0.32185520101118476,0.0010422296837222641,0.0016678760892188203,0,3741,0.0004372559732358529,0.0502415909096166,3741,0.0004372559732358529,0.050241590646922386,3741,0.0004372559732358529,0.0502415909096166,True,225,3655,-365.3894183118586,-365.38920767659937,True,False,accepted,L-BFGS-B>Newton-CG,True,1.1804388330426627e-12,5.600254869976899e-11,2.2078305549467463e-08,7.07211802364327e-06,850.522430370676,-1.2256900439427774e-05,-1.260025883544763e-15,0.00021063525923636917,7.072118080486689e-06,7.187008122855332e-06,-1.1489004236864275e-07,7.187008122855332e-06,1.4384016245710665e-07,False,0,none,True,10.430049099959433,15.513082200021017,0.000293886606129945,ok,9.81363776368683e-05,0.00019627275525960276,0.006692918063551295,0.0014626071125722346,0.006692918063551295,0.0014626071125722346,0.02627479272971744,0.0011903971082018214,11565.127724300022
420,420,405,405,3781,3781,3781,1,2.0841547859085097e-05,2.0841547859085097e-05,0.0323281660022478,0.00256043037253195,0.0066784960705354125,0,3741,0.00045057480732245696,0.04625546639621531,3741,0.00045057480732245696,0.04625546637758333,3741,0.00045057480732245696,0.04625546639621531,True,226,3654,-365.38941941248925,-365.389208873305,True,False,accepted,L-BFGS-B>Newton-CG,True,1.0849852182436648e-12,1.3329283994002354e-10,9.139861216340389e-09,1.1006306408489763e-06,850.522430370676,-1.2158102874051132e-05,-1.260025883544763e-15,0.0002105391842519566,1.1006306408489763e-06,1.1967056252615293e-06,-9.607498441255302e-08,1.1967056252615293e-06,2.4034112505230587e-08,False,0,none,True,10.499696300015785,14.956689200014807,0.00029268990050468346,ok,9.748971369100709e-05,0.00019497942736797347,0.006669830162463762,0.001457561700686963,0.006669830162463762,0.001457561700686963,0.02622063746346062,0.001187943567539896,11591.865145599993
421,421,406,406,4026,4026,4026,1,1.8805943436672745e-05,1.8805943436672745e-05,0.037134449602763644,0.0013582004748644951,0.0027875645068255067,0,3741,0.00042026532848648044,0.04474778708107899,3741,0.00042026532848648044,0.04474778707706938,3741,0.00042026532848648044,0.04474778708107899,True,227,3653,-365.38942152827565,-365.38920707451086,True,False,accepted,L-BFGS-B>Newton-CG,True,1.5062658437831123e-12,1.0878534171416941e-10,1.4846220640100444e-08,2.115786458034563e-06,850.522430370676,-1.2021623584174392e-05,-1.260025883544763e-15,0.00021445376478368416,2.1157864011911443e-06,-1.7987941305364075e-06,3.914580531727552e-06,2.1157864011911443e-06,4.241572802382289e-08,True,1,validation_energy_increased,False,10.404600599955302,14.647057899972424,0.00029448869463521987,ok,9.748713941496904e-05,0.00019497427881589774,0.006659245334809391,0.0014552485924036055,0.006659245334809391,0.0014552485924036055,0.026298420455676562,0.001191467578174485,11618.264008800033
422,422,407,407,2667,2667,2667,1,-1.907522560669339e-05,1.907522560669339e-05,0.0012699573787874749,0.004262018358441352,0.02000544433420627,0,3741,0.00041501926489566994,0.04596226541794063,3741,0.00041501926489566994,0.04596226541783621,3741,0.00041501926489566994,0.04596226541794063,True,228,3652,-365.38942189025033,-365.3892068623411,True,False,accepted,L-BFGS-B>Newton-CG,False,4.355105073118378e-09,9.730704188726679e-07,5.475631967277252e-09,3.619747417360486e-07,850.522430370676,-1.2158220215208178e-05,-1.260025883544763e-15,0.00021502790923477733,3.6197468489262974e-07,-2.1216976620053174e-07,5.741444510931615e-07,3.6197468489262974e-07,7.339493697852595e-09,True,2,validation_energy_increased,False,10.616566799988504,45.310244199994486,0.0002947008644014204,ok,9.757002817951653e-05,0.00019514005634498077,0.006659707630760447,0.0014553496181953017,0.006659707630760447,0.0014553496181953017,0.026298048441234182,0.0011914507238106476,11675.478501600039
423,423,408,408,2453,2453,2453,1,-1.776711625461487e-05,1.776711625461487e-05,6.015398673813139e-06,0.05793778535878397,0.5995368791618161,0,3741,0.00041748033098883884,0.042557972042735266,3741,0.00041748033098883884,0.04255797204273525,3741,0.00041748033098883884,0.042557972042735266,True,229,3651,-365.3894219939472,-365.3892066938835,True,False,accepted,L-BFGS-B>Newton-CG,True,1.0182063829443122e-12,3.320321045558381e-09,1.3066590154907987e-09,1.0369700476076105e-07,850.522430370676,-1.2181863214481061e-05,-1.260025883544763e-15,0.00021530006370085175,1.0369689107392333e-07,-1.684575750005024e-07,2.7215446607442573e-07,1.684575750005024e-07,3.469151500010048e-09,True,3,validation_energy_increased,False,10.437088300008327,26.77110030001495,0.0002948693219764209,ok,9.757158432688091e-05,0.00019514316863970932,0.011467913277542874,0.0025060894764929948,0.011467913277542874,0.0025060894764929948,0.026303367317850917,0.0011916916990833575,11713.941560300009
424,424,409,409,2107,2107,2107,1,-1.7432953086427005e-05,1.7432953086427005e-05,0.18254818474402754,0.0014359848246144613,0.002637163726811188,0,3741,0.0004181826137490392,0.04168741720307127,3741,0.0004181826137490392,0.04168741718476088,3741,0.0004181826137490392,0.04168741720307127,True,230,3650,-365.38942427071277,-365.3892094923489,True,False,accepted,L-BFGS-B>Newton-CG,True,9.454887100210309e-13,7.788166589142874e-11,1.3140067873472216e-08,2.2767655991629e-06,850.522430370676,-1.1818481686096997e-05,-1.260025883544763e-15,0.00021477836384065085,2.276765542319481e-06,2.798465402520378e-06,-5.216998602008971e-07,2.798465402520378e-06,5.606930805040756e-08,False,0,none,True,10.47254950000206,100.33665930002462,0.00029207085657390053,ok,9.780585793626432e-05,0.0001956117158584424,0.011450005698749464,0.0025021761233242437,0.011450005698749464,0.0025021761233242437,0.026180633898236848,0.0011861311791853998,11826.081565700006
425,425,410,410,3990,3990,3990,1,-1.7876750598111446e-05,1.7876750598111446e-05,0.030870453381181818,0.0013383970074346764,0.0028032894531444005,0,3741,0.00041769864022840234,0.04279820156545455,3741,0.00041769864022840234,0.04279820158203408,3741,0.00041769864022840234,0.04279820156545455,True,231,3649,-365.3894264130399,-365.3892094376682,True,False,accepted,L-BFGS-B>Newton-CG,True,1.3043170713908328e-12,9.765164311058448e-11,1.4356836913781104e-08,2.142327275578282e-06,850.522430370676,-1.1592399341063529e-05,-1.260025883544763e-15,0.0002169753716998457,2.142327161891444e-06,-5.468069730341085e-08,2.197007859194855e-06,2.142327161891444e-06,4.294654323782888e-08,True,1,validation_energy_increased,False,10.298765200015623,16.48869550001109,0.00029212553727120394,ok,9.755509033036227e-05,0.00019511018064667442,0.01145633723848399,0.0025035597582292765,0.01145633723848399,0.0025035597582292765,0.026193005543926343,0.0011866916848915332,11854.134326800006
426,426,411,411,334,334,334,1,2.3502583527346133e-05,2.3502583527346133e-05,0.03404497872541518,0.00317253565548466,0.0075091044486807965,0,3741,0.00041763951934345326,0.05627480743271895,3741,0.00041763951934345326,0.056274807434699155,3741,0.00041763951934345326,0.05627480743271895,True,232,3648,-365.3894271992203,-365.38921075669657,True,False,accepted,L-BFGS-B>Newton-CG,False,1.3596202097561515e-09,1.8353061389287252e-07,8.4081385166061e-09,7.861804647291137e-07,850.522430370676,-1.1206457958660783e-05,-1.260025883544763e-15,0.00021644252370833783,7.86180351042276e-07,1.3190283425501548e-06,-5.328479915078788e-07,1.3190283425501548e-06,2.6480566851003098e-08,False,0,none,True,10.376728400005959,160.16497119999258,0.0002908065089286538,ok,9.698510997750637e-05,0.0001939702199410447,0.01145622711514288,0.002503535692914202,0.01145622711514288,0.002503535692914202,0.02614705193867824,0.0011846097259827985,12025.9821504
427,427,412,412,3104,3104,3104,1,-1.7169198780919714e-05,1.7169198780919714e-05,0.030002361894146925,0.0024749401144962533,0.006441145118239876,0,3741,0.00041546389534037495,0.041325368999521835,3741,0.00041546389534037495,0.04132536903217479,3741,0.00041546389534037495,0.041325368999521835,True,233,3647,-365.38942792161686,-365.389212257825,True,False,accepted,L-BFGS-B>Newton-CG,True,1.1113216122160546e-12,1.601965476192558e-10,7.937238216003055e-09,7.223965781122388e-07,850.522430370676,-1.1145814995695784e-05,-1.260025883544763e-15,0.00021566379183468598,7.223965781122388e-07,1.5011284517640888e-06,-7.7873187365185e-07,1.5011284517640888e-06,3.012256903528178e-08,False,0,none,True,10.373972700035665,15.749327500001527,0.0002893053804768897,ok,9.656586800147267e-05,0.00019313173598903768,0.011416428518897445,0.0024948384835077448,0.011416428518897445,0.0024948384835077448,0.026102415624232846,0.0011825874478174417,12053.383030100027
428,428,413,413,265,265,265,1,1.693436405703075e-05,1.693436405703075e-05,0.011340903713727828,0.001663041438660782,0.005131899505814785,0,3741,0.00041625654590573175,0.04068251712458552,3741,0.00041625654590573175,0.040682517121989184,3741,0.00041625654590573175,0.04068251712458552,True,234,3646,-365.38942880874765,-365.389210574969,True,False,accepted,L-BFGS-B>Newton-CG,False,7.482836325304865e-09,7.348529188538075e-07,1.1182767371974621e-08,8.871307954905205e-07,850.522430370676,-1.1133729125943222e-05,-1.260025883544763e-15,0.0002182337786393873,8.871307954905205e-07,-1.6828560092108091e-06,2.5699868047013297e-06,1.6828560092108091e-06,3.375712018421619e-08,True,1,validation_energy_increased,False,10.415418600023258,123.10253519995604,0.0002909882364861005,ok,9.669585027945793e-05,0.00019339170054498948,0.011426120179163666,0.0024969564074242504,0.011426120179163666,0.0024969564074242504,0.02610867282091404,0.0011828709343100418,12188.214416000003
429,429,414,414,1776,1776,1776,1,2.3014806178611735e-05,2.3014806178611735e-05,0.016808573708615233,0.0020681043653776937,0.005852581405929255,0,3741,0.00041288300481219693,0.05574171353718035,3741,0.00041288300481219693,0.05574171353953295,3741,0.00041288300481219693,0.05574171353718035,True,235,3645,-365.38942995646084,-365.38921055102276,True,False,accepted,L-BFGS-B>Newton-CG,True,9.154633199052774e-13,8.226385453804636e-11,1.2128378618362492e-08,1.1477133625703573e-06,850.522430370676,-1.1184685272111512e-05,-1.260025883544763e-15,0.00021940543808796065,1.1477131920401007e-06,-2.394625653323601e-08,1.1716594485733367e-06,1.1477131920401007e-06,2.3054263840802014e-08,True,2,validation_energy_increased,False,10.567870400031097,23.833508000010625,0.00029101218274263374,ok,9.676200050260911e-05,0.00019352400099128232,0.011429984861957874,0.0024978009587080063,0.011429984861957874,0.0024978009587080063,0.026100042221605793,0.0011824799192194843,12224.000773100008
430,430,415,415,926,926,926,1,-1.7241526546696306e-05,1.7241526546696306e-05,0.03828778934725091,0.0014439316985880345,0.0032904026403723845,0,3741,0.0004184131991397237,0.04120693750136386,3741,0.0004184131991397237,0.041206937501300424,3741,0.0004184131991397237,0.04120693750136386,True,236,3644,-365.38943164136174,-365.38920825725694,True,False,accepted,L-BFGS-B>Newton-CG,True,7.929935355429313e-10,6.641108613684491e-08,1.2940680113391158e-08,1.6849008943609078e-06,850.522430370676,-1.1191708357813236e-05,-1.260025883544763e-15,0.00022338410479960658,1.6849008943609078e-06,-2.2937658172850206e-06,3.9786667116459284e-06,2.2937658172850206e-06,4.597531634570041e-08,True,3,validation_energy_increased,False,10.364683800027706,57.9931791999843,0.00029330594855991876,ok,9.687727012051927e-05,0.00019375454022708602,0.011418126978642496,0.0024952096488619208,0.011418126978642496,0.0024952096488619208,0.02619260211098273,0.0011866734070914236,12293.684192900022
431,431,416,416,3820,3820,3820,1,-1.7050070833413145e-05,1.7050070833413145e-05,0.008592687002947552,0.002116861217385347,0.007082338253565945,0,3741,0.0004207654809151681,0.04052155323276308,3741,0.0004207654809151681,0.04052155323558355,3741,0.0004207654809151681,0.04052155323276308,True,237,3643,-365.38943233296476,-365.3892078121483,True,False,accepted,L-BFGS-B>Newton-CG,True,8.636994414473928e-10,1.0723314576194247e-07,9.05440738785007e-09,6.916029633430298e-07,850.522430370676,-1.1241965871230814e-05,-1.260025883544763e-15,0.00022452081645951694,6.916030201864487e-07,-4.4510863972391235e-07,1.136711659910361e-06,6.916030201864487e-07,1.3932060403728973e-08,True,4,validation_energy_increased,False,10.370966900023632,34.245741999999154,0.0002937510571996427,ok,9.691216607214175e-05,0.00019382433213032597,0.011413120861676259,0.0024941156593327406,0.011413120861676259,0.0024941156593327406,0.02619337840421987,0.001186708577577224,12339.6548434
432,432,417,417,2577,2577,2577,1,1.69837937136208e-05,1.69837937136208e-05,0.046220657602170964,0.0019589493275466423,0.004742636885507837,0,3741,0.00042276321134487497,0.04017330093503815,3741,0.00042276321134487497,0.04017330092708604,3741,0.00042276321134487497,0.04017330093503815,True,238,3642,-365.3894333692233,-365.3892093707056,True,False,accepted,L-BFGS-B>Newton-CG,True,1.3904264739118305e-12,1.6037505214521694e-10,9.669842692570554e-09,1.0362585953771486e-06,850.522430370676,-1.1184801887874863e-05,-1.260025883544763e-15,0.00022399851769705492,1.0362585385337297e-06,1.5585573009957443e-06,-5.222987624620146e-07,1.5585573009957443e-06,3.1271146019914886e-08,False,0,none,True,10.601508499996271,24.147833600000013,0.00029219249989864693,ok,9.643628768567628e-05,0.00019287257535746354,0.011472763805435236,0.0025071494650551938,0.011472763805435236,0.0025071494650551938,0.02612121195606196,0.001183439028238431,12375.712551400007
433,433,418,418,434,434,434,1,1.639806803659105e-05,1.639806803659105e-05,0.0006911879449405003,0.006110969068322391,0.032816504439680615,0,3741,0.00040444723701108665,0.0405443937700619,3741,0.00040444723701108665,0.040544393770113166,3741,0.00040444723701108665,0.0405443937700619,True,239,3641,-365.38943362179833,-365.38920940512537,True,False,accepted,L-BFGS-B>Newton-CG,True,1.3720946915835667e-12,5.113302494463534e-10,3.6833825948478735e-09,2.5257514835175243e-07,850.522430370676,-1.1194050865247762e-05,-1.260025883544763e-15,0.00022421667296157466,2.525750346649147e-07,3.441977014517761e-08,2.181552645197371e-07,2.525750346649147e-07,5.151500693298294e-09,True,1,train_valid_drop_disagreed,False,10.341828500037082,15.821648100041784,0.00029215808012850175,ok,9.64966785663602e-05,0.0001929933571188227,0.01148520464903611,0.002509868169537194,0.01148520464903611,0.002509868169537194,0.026124705738218127,0.0011835973163824391,12403.147611699998
434,434,419,419,765,765,765,1,-1.6286557418282444e-05,1.6286557418282444e-05,0.034861638934738405,0.0015498390861703923,0.0030857959551642365,0,3741,0.00040408695431665983,0.04030458604095296,3741,0.00040408695431665983,0.040304586030834394,3741,0.00040408695431665983,0.04030458604095296,True,240,3640,-365.3894348027968,-365.38920748500146,True,False,accepted,L-BFGS-B>Newton-CG,True,8.848407567606438e-13,8.420200507304186e-11,1.1508547343891395e-08,1.1809985380750732e-06,850.522430370676,-1.1227575329880907e-05,-1.260025883544763e-15,0.00022731779534979069,1.1809984812316543e-06,-1.9201239069843723e-06,3.1011223882160266e-06,1.9201239069843723e-06,3.850247813968745e-08,True,2,validation_energy_increased,False,10.430481700052042,16.265955800015945,0.0002940782040354861,ok,9.653638257773094e-05,0.00019307276514155845,0.011476251651429322,0.00250791166598311,0.011476251651429322,0.00250791166598311,0.026214018728000582,0.0011876437012904215,12431.222440199985
435,435,420,420,1883,1883,1883,1,1.5047126020739654e-05,1.5047126020739654e-05,0.007161126172808304,0.0034554843963530172,0.012221566022160376,0,3741,0.0004044694823323893,0.03720212940162952,3741,0.0004044694823323893,0.037202129401928026,3741,0.0004044694823323893,0.03720212940162952,True,241,3639,-365.3894350231442,-365.389207697661,True,False,accepted,L-BFGS-B>Newton-CG,True,1.1866820155929587e-12,2.725145787619567e-10,5.354563418163155e-09,2.2034743096810416e-07,850.522430370676,-1.1190975238131248e-05,-1.260025883544763e-15,0.00022732548319481793,2.203473741246853e-07,2.1265952909743646e-07,7.68784502724884e-09,2.203473741246853e-07,4.506947482493706e-09,True,3,train_valid_drop_disagreed,False,10.339776999957394,24.675801500037778,0.0002938655445063887,ok,9.645608926676729e-05,0.00019291217851964273,0.011466067868365033,0.0025056861981974164,0.011466067868365033,0.0025056861981974164,0.026210909652301013,0.001187502842530468,12467.489693199983
436,436,421,421,3735,3735,3735,1,-1.492248464174395e-05,1.492248464174395e-05,0.10901137673135945,0.0012377974026334879,0.0024379355361516222,0,3741,0.0004063618499332311,0.03672215943547813,3741,0.0004063618499332311,0.0367221593317245,3741,0.0004063618499332311,0.03672215943547813,True,242,3638,-365.38943788382153,-365.38921038385485,True,False,accepted,L-BFGS-B>Newton-CG,True,1.2555728764231359e-12,1.0414785939563531e-10,1.3055676263623284e-08,2.860677454918914e-06,850.522430370676,-1.0160892081263812e-05,-1.260025883544763e-15,0.00022749996668380845,2.8606773412320763e-06,2.6861938522415585e-06,1.744834889905178e-07,2.8606773412320763e-06,5.7313546824641526e-08,True,4,train_valid_drop_disagreed,False,10.436612699995749,16.923613199964166,0.00029117935065414713,ok,9.564613049331032e-05,0.00019129226097284544,0.01152569417304134,0.002518716367771865,0.01152569417304134,0.002518716367771865,0.026096864868686162,0.0011823359671142796,12496.171475299983
437,437,422,422,687,687,687,1,-1.7926927646350066e-05,1.7926927646350066e-05,0.05504768760101407,0.0017843753441388898,0.0041218967833125605,0,3741,0.0004025547891771181,0.04453288876029863,3741,0.0004025547891771181,0.044532888809780374,3741,0.0004025547891771181,0.04453288876029863,True,243,3637,-365.38943982823787,-365.3892127500527,True,False,accepted,L-BFGS-B>Newton-CG,True,1.34732406620013e-12,1.341072984001662e-10,1.1046612542889465e-08,1.944416226251633e-06,850.522430370676,-9.900296587937047e-06,-1.260025883544763e-15,0.00022707818516209954,1.9444163399384706e-06,2.366197861647379e-06,-4.2178152170890826e-07,2.366197861647379e-06,4.742395723294758e-08,False,0,none,True,10.502685400017072,54.12142949999543,0.00028881315279249975,ok,9.42654195248272e-05,0.00018853083903607804,0.011552887064786369,0.002524658845552115,0.011552887064786369,0.002524658845552115,0.026009540524888894,0.0011783796791465225,12562.118372800003
438,438,423,423,185,185,185,1,1.5275949097733055e-05,1.5275949097733055e-05,0.00020975242400632742,0.018643344327960637,0.13110223378328703,0,3741,0.0003996041619158202,0.03822770269582692,3741,0.0003996041619158202,0.038227702695820945,3741,0.0003996041619158202,0.03822770269582692,True,244,3636,-365.38943987227117,-365.3892125952085,True,False,accepted,L-BFGS-B>Newton-CG,True,1.3035052862497166e-12,1.5908470073428503e-09,1.8193781553054101e-09,4.40333565165929e-08,850.522430370676,-9.880525749635408e-06,-1.260025883544763e-15,0.00022727706266323366,4.403329967317404e-08,-1.5484420146094635e-07,1.988775011341204e-07,1.5484420146094635e-07,3.196884029218927e-09,True,1,validation_energy_increased,False,10.514868500002194,27.517449300037697,0.0002889679969939607,ok,9.425678493967733e-05,0.00018851356986577955,0.011550659720025093,0.0025241721026607396,0.011550659720025093,0.0025241721026607396,0.026013944315581006,0.0011785791958376318,12601.48645700002
439,439,424,424,3767,3767,3767,1,1.5062645966512633e-05,1.5062645966512633e-05,0.2463229444726771,0.0015371611008088571,0.00263555988064184,0,3741,0.0003999194946454531,0.037664195339780465,3741,0.0003999194946454531,0.0376641953304541,3741,0.0003999194946454531,0.037664195339780465,True,245,3635,-365.3894413417946,-365.3892138273946,True,False,accepted,L-BFGS-B>Newton-CG,True,1.5611989551465128e-12,1.5932222694816087e-10,1.0799002845061189e-08,1.4695234540340607e-06,850.522430370676,-9.261603293661979e-06,-1.260025883544763e-15,0.00022751440002366508,1.4695234540340607e-06,1.2321860936026496e-06,2.3733736043141107e-07,1.4695234540340607e-06,2.9490469080681217e-08,True,2,train_valid_drop_disagreed,False,10.497325000003912,17.31108379998477,0.00028773581090035805,ok,9.262592895269615e-05,0.0001852518578920521,0.011551271113028326,0.002524305710714299,0.011551271113028326,0.002524305710714299,0.02595781933867635,0.0011760364161136408,12630.604468000005
440,440,425,425,1519,1519,1519,1,-1.5710573204152922e-05,1.5710573204152922e-05,0.020189431501387196,0.00181237860227012,0.005184920397836776,0,3741,0.00040744002068059045,0.03855922935088674,3741,0.00040744002068059045,0.03855922935831282,3741,0.00040744002068059045,0.03855922935088674,True,246,3634,-365.389442507583,-365.38921286170245,True,False,accepted,L-BFGS-B>Newton-CG,True,1.0306829205116327e-12,1.1890003318560724e-10,9.668483034842382e-09,1.1657883192128793e-06,850.522430370676,-9.253725659469176e-06,-1.260025883544763e-15,0.00022964588055174318,1.1657883760562981e-06,-9.65692152021802e-07,2.1314805280781e-06,1.1657883760562981e-06,2.3415767521125964e-08,True,3,validation_energy_increased,False,10.392517900036182,18.22012429998722,0.00028870150305237985,ok,9.286907764704778e-05,0.00018573815528072032,0.011547690910033992,0.002523523326959673,0.011547690910033992,0.002523523326959673,0.02595540988639304,0.0011759272542618269,12660.600827699993
441,441,426,426,640,640,640,1,-1.487496739321914e-05,1.487496739321914e-05,0.01061048936363594,0.0012335122330421292,0.0032238918369349,0,3741,0.00041071812807891593,0.03621697309245879,3741,0.00041071812807891593,0.03621697309442858,3741,0.00041071812807891593,0.03621697309245879,True,247,3633,-365.3894454051566,-365.38921067749413,True,False,accepted,L-BFGS-B>Newton-CG,True,9.522402015239291e-13,7.896487507664632e-11,1.3059035116558451e-08,2.8975736086067627e-06,850.522430370676,-9.283893302281614e-06,-1.260025883544763e-15,0.00023472766247323307,2.8975736086067627e-06,-2.184208312883129e-06,5.081781921489892e-06,2.8975736086067627e-06,5.805147217213526e-08,True,4,validation_energy_increased,False,10.519546600000467,72.2096770000062,0.000290885711365263,ok,9.286435728160622e-05,0.00018572871454983789,0.011553925003533031,0.002524885666884584,0.011553925003533031,0.002524885666884584,0.026081605173698764,0.0011816446163975718,12744.654883600015
442,442,427,427,1084,1084,1084,1,1.4547121432784138e-05,1.4547121432784138e-05,0.012674624285396362,0.0010919039927303011,0.0032718630567072373,0,3741,0.00040843813886343584,0.03561646195251142,3741,0.00040843813886343584,0.03561646195284427,3741,0.00040843813886343584,0.03561646195251142,True,248,3632,-365.3894468392945,-365.3892120191781,True,False,accepted,L-BFGS-B>Newton-CG,True,1.051149684241483e-12,7.889908273259744e-11,1.4322711086566242e-08,1.4341379710458568e-06,850.522430370676,-9.322971544306617e-06,-1.260025883544763e-15,0.00023482011641817735,1.434137914202438e-06,1.3416839692581561e-06,9.245394494428183e-08,1.434137914202438e-06,2.878275828404876e-08,True,5,train_valid_drop_disagreed,False,10.330471099994611,16.375027300033253,0.0002895440273960048,ok,9.282281527896588e-05,0.00018564563054456317,0.011552675015452936,0.0025246125062931626,0.011552675015452936,0.0025246125062931626,0.02608346547950249,0.001181728898799793,12772.724228899984
443,443,428,428,2593,2593,2593,1,1.4410157965438763e-05,1.4410157965438763e-05,0.010159962845745127,0.0008515833979855212,0.00232185499691649,0,3741,0.000409317855054624,0.03520530020249351,3741,0.000409317855054624,0.035205300202241566,3741,0.000409317855054624,0.03520530020249351,True,249,3631,-365.38945221973984,-365.38920314648374,True,False,accepted,L-BFGS-B>Newton-CG,False,6.205852993209004e-09,3.667413901195077e-07,1.79216051430321e-08,5.380445429636893e-06,850.522430370676,-9.22710921800724e-06,-1.260025883544763e-15,0.0002490732561000186,5.380445315950055e-06,-8.87269436589122e-06,1.4253139681841276e-05,8.87269436589122e-06,1.7755388731782443e-07,True,6,validation_energy_increased,False,10.396772000007331,56.6671120999963,0.00029841672176189604,ok,9.346503393563712e-05,0.00018693006785781317,0.011576834344371543,0.002529892057899174,0.011576834344371543,0.002529892057899174,0.026481142759721722,0.0011997459347186004,12841.0488014
444,444,429,429,3218,3218,3218,1,1.586329359470895e-05,1.586329359470895e-05,0.01382980235208725,0.0012417953300670366,0.003517294090364271,0,3741,0.0004121344801311338,0.038490576157718066,3741,0.0004121344801311338,0.03849057615799965,3741,0.0004121344801311338,0.038490576157718066,True,250,3630,-365.3894553312441,-365.3892002227619,True,False,accepted,L-BFGS-B>Newton-CG,True,1.2221607425535426e-12,9.56720578316061e-11,1.3774479511088671e-08,3.1115043839236023e-06,850.522430370676,-9.233563077542175e-06,-1.260025883544763e-15,0.0002551084822357552,3.1115042702367646e-06,-2.9237218654998287e-06,6.035226135736593e-06,3.1115042702367646e-06,6.233008540473529e-08,True,7,validation_energy_increased,False,10.383375199977309,16.867442999966443,0.00030134044362739587,ok,9.321699249196562e-05,0.00018643398497050588,0.011600777301777209,0.0025351243257179376,0.011600777301777209,0.0025351243257179376,0.026544821521584532,0.0012026309437367544,12869.653477600019
445,445,429,429,1837,1837,,1,1.4466242247657135e-05,1.4466242247657135e-05,0.029772621284312687,0.0017041577286191075,0.004336088900954577,0,3741,0.0004093881552714887,0.035336250112228434,3741,0.0004093881552714887,0.03533625010638656,3741,0.0004093881552714887,0.035336250112228434,True,251,3629,-365.3894553312441,-365.3892002227619,False,True,projected_residual,L-BFGS-B>Newton-CG>trust-krylov,False,6.054947264567184e-07,7.132871833783097e-05,9.488793021471958e-09,1.029463760460203e-06,850.522430370676,-9.02668312583617e-06,-1.260025883544763e-15,0.0002551084822357552,,,,,,False,7,none,False,10.265203199989628,26.725178299995605,,,,,,,,,,,12907.167365800007
446,446,430,430,3891,3891,3891,1,1.4384018584223668e-05,1.4384018584223668e-05,0.36728216791554164,0.0007350510186833271,0.0011425831478341676,0,3741,0.0004093881552714887,0.035135404869456474,3741,0.0004093881552714887,0.03513540489546938,3741,0.0004093881552714887,0.035135404869456474,True,252,3628,-365.3894627120807,-365.38920570198314,True,False,accepted,L-BFGS-B>Newton-CG,True,9.674731390364885e-13,4.943973826691699e-11,2.0568735048985505e-08,7.38083656415256e-06,905.4214518596763,-9.769736760572988e-06,-1.260025883544763e-15,0.0002570100975276546,7.38083656415256e-06,5.4792212722531985e-06,1.9016152918993612e-06,7.38083656415256e-06,1.477167312830512e-07,True,8,train_valid_drop_disagreed,False,10.159618899982888,16.957551300001796,0.00029586122235514267,ok,8.567595206129088e-05,0.0001713519041102425,0.011733563660022928,0.002564142202551126,0.011733563660022928,0.002564142202551126,0.02630268698195742,0.0011916608760093735,12935.591289400007
447,447,431,431,2816,2816,2816,1,-2.097628100505844e-05,2.097628100505844e-05,0.04669266756072684,0.0025613814267639273,0.0049884799777516085,0,3741,0.00038642826363021295,0.05428247097663486,3741,0.00038642826363021295,0.054282471000932066,3741,0.00038642826363021295,0.05428247097663486,True,253,3627,-365.3894635504106,-365.38920561305684,True,False,accepted,L-BFGS-B>Newton-CG,False,4.270695858049893e-09,5.214881030911697e-07,9.18944062718774e-09,8.383299814340717e-07,905.4214518596763,-9.545896191885396e-06,-1.260025883544763e-15,0.00025793735375145843,8.383299245906528e-07,-8.892629921319894e-08,9.272562238038518e-07,8.383299245906528e-07,1.6866598491813057e-08,True,9,validation_energy_increased,False,10.291662100004032,97.57886989996769,0.00029595014865435587,ok,8.528203762991852e-05,0.0001705640752475545,0.011685363841785871,0.0025536090694231223,0.011685363841785871,0.0025536090694231223,0.026306572678581525,0.0011918369201012247,13044.819972100027
448,448,432,432,318,318,318,1,1.5825615016173966e-05,1.5825615016173966e-05,0.06446156073527289,0.0007846980393588824,0.0014573918284328776,0,3741,0.00037447900999242967,0.0422603526336333,3741,0.00037447900999242967,0.04226035267616114,3741,0.00037447900999242967,0.0422603526336333,True,254,3626,-365.3894674429015,-365.3892023703515,True,False,accepted,L-BFGS-B>Newton-CG,True,8.806148071418705e-13,4.366413278760278e-11,2.1167921608004467e-08,3.892491008627985e-06,905.4214518596763,-9.761365985936612e-06,-1.260025883544763e-15,0.00026507255000751684,3.892490894941147e-06,-3.2427053611172596e-06,7.135196256058407e-06,3.892490894941147e-06,7.794981789882294e-08,True,10,validation_energy_increased,False,10.367007299966644,18.9795984000084,0.00029919285401547313,ok,8.577583111297189e-05,0.00017155166221359013,0.01168046066144168,0.002552537574691296,0.01168046066144168,0.002552537574691296,0.026509617924948863,0.0012010360211786781,13075.57041450002
449,449,433,433,970,970,970,1,-2.0170712739742136e-05,2.0170712739742136e-05,0.05806207697025099,0.0011382281133517315,0.0021799458194245577,0,3741,0.0003660219050798698,0.055107938786725555,3741,0.0003660219050798698,0.05510793879268037,3741,0.0003660219050798698,0.055107938786725555,True,255,3625,-365.3894708040864,-365.3891988293832,True,False,accepted,L-BFGS-B>Newton-CG,True,1.0209314235531123e-12,5.7610896735181005e-11,1.8721151403804903e-08,3.361184781169868e-06,905.4214518596763,-9.616786919866455e-06,-1.260025883544763e-15,0.0002719747031960651,3.361184894856706e-06,-3.5409682936915488e-06,6.9021531885482545e-06,3.5409682936915488e-06,7.091936587383097e-08,True,11,validation_energy_increased,False,10.377859900007024,21.178841900022235,0.0003027338223091647,ok,8.551685920909619e-05,0.00017103371840587603,0.011717726063644174,0.0025606812037924885,0.011717726063644174,0.0025606812037924885,0.026658443484771168,0.0012077786629898393,13108.530781799986
450,450,434,434,457,457,457,1,1.8604237991048933e-05,1.8604237991048933e-05,0.0901802042359434,0.0011309675051271093,0.0020495548947817048,0,3741,0.0003612980573740097,0.05149277061235383,3741,0.0003612980573740097,0.05149277063938777,3741,0.0003612980573740097,0.05149277061235383,True,256,3624,-365.3894733645585,-365.3891968302128,True,False,accepted,L-BFGS-B>Newton-CG,True,1.0639305285936387e-12,6.467724473980644e-11,1.7449843107475925e-08,2.560472182722151e-06,905.4214518596763,-9.374439758297079e-06,-1.260025883544763e-15,0.00027653434568719604,2.560472125878732e-06,-1.999170365252212e-06,4.559642491130944e-06,2.560472125878732e-06,5.130944251757465e-08,True,12,validation_energy_increased,False,10.406177199969534,16.996808299969416,0.0003047329926744169,ok,8.568183559848272e-05,0.00017136367118462533,0.011690500469625172,0.002554731579566091,0.011690500469625172,0.002554731579566091,0.026773087468864677,0.0012129726855856218,13137.25262600003
451,451,435,435,995,995,995,1,2.0828911095449598e-05,2.0828911095449598e-05,0.1890611413847024,0.0014522088996505116,0.002543897896241599,0,3741,0.0003471393241790005,0.060001589116159264,3741,0.0003471393241790005,0.06000158895333724,3741,0.0003471393241790005,0.060001589116159264,True,257,3623,-365.3894762753714,-365.38919545290287,True,False,accepted,L-BFGS-B>Newton-CG,True,1.4021097981706188e-12,9.775625426297335e-11,1.534291656059994e-08,2.9108129524502147e-06,905.4214518596763,-9.397440293003322e-06,-1.260025883544763e-15,0.0002808224685395544,2.910812895606796e-06,-1.37730995675156e-06,4.288122852358356e-06,2.910812895606796e-06,5.8316257912135916e-08,True,13,validation_energy_increased,False,10.200992099998984,16.709301399998367,0.00030611030263116845,ok,8.614634525413309e-05,0.00017229269049585916,0.01169001850467716,0.002554626255497534,0.01169001850467716,0.002554626255497534,0.026847599647540556,0.001216348509818909,13165.586500600039
452,452,436,436,3017,3017,3017,1,-2.0256450736610976e-05,2.0256450736610976e-05,0.032168722706228385,0.0012679029570694363,0.0026581990082456424,0,3741,0.0003434615178058018,0.058977351716195094,3741,0.0003434615178058018,0.05897735172664674,3741,0.0003434615178058018,0.058977351716195094,True,258,3622,-365.38947957364354,-365.38919299727473,True,False,accepted,L-BFGS-B>Newton-CG,True,1.0131685697912619e-12,6.341680720787926e-11,1.697634151574537e-08,3.2982722473207104e-06,905.4214518596763,-9.019020807636363e-06,-1.260025883544763e-15,0.00028657636880780046,3.2982721336338727e-06,-2.4556281346121978e-06,5.7539002682460705e-06,3.2982721336338727e-06,6.606544267267745e-08,True,14,validation_energy_increased,False,10.483168300008401,17.440318800043315,0.00030856593076578065,ok,8.637419580354247e-05,0.0001727483915946451,0.011613887048463202,0.002537989205963727,0.011613887048463202,0.002537989205963727,0.026936314301349976,0.0012203677867143046,13194.822282499983
453,453,437,437,2781,2781,2781,1,1.856595495008939e-05,1.856595495008939e-05,0.1137573267418429,0.0006577329784954536,0.0011545582879287954,0,3741,0.0003774999330451234,0.0491813463391268,3741,0.0003774999330451234,0.04918134627462427,3741,0.0003774999330451234,0.0491813463391268,True,259,3621,-365.38949011843096,-365.3891876148107,True,False,accepted,L-BFGS-B>Newton-CG,True,9.065272611247431e-13,3.211538968357562e-11,2.9227191700194663e-08,1.0544787414801249e-05,1011.8558477173764,-9.010630412354343e-06,-1.260025883544763e-15,0.0003025036202757292,1.0544787414801249e-05,-5.382464053127478e-06,1.5927251467928727e-05,1.0544787414801249e-05,2.10995748296025e-07,True,15,validation_energy_increased,False,10.284252499986906,17.304373099992517,0.00031394839481890813,ok,8.853352717450159e-05,0.00017706705433625237,0.011475055890689732,0.002507650355722615,0.011475055890689732,0.002507650355722615,0.02724985805579806,0.0012345730968162409,13223.799969899992
454,454,438,438,2606,2606,2606,1,-1.9514062533088072e-05,1.9514062533088072e-05,0.09889025158379249,0.000521109825903316,0.0009582915580622096,0,3741,0.0003658488742675252,0.053339135106422415,3741,0.0003658488742675252,0.05333913505712258,3741,0.0003658488742675252,0.053339135106422415,True,260,3620,-365.38950516092524,-365.3891700150707,True,False,accepted,L-BFGS-B>Newton-CG,True,1.0483558219394049e-12,2.7995632431534554e-11,3.8447120528648124e-08,1.5042494339922996e-05,1277.1414535765657,-9.213862955220731e-06,-1.260025883544763e-15,0.00033514585453531254,1.5042494283079577e-05,-1.759973997650377e-05,3.264223425958335e-05,1.759973997650377e-05,3.520947995300754e-07,True,16,validation_energy_increased,False,10.457022699993104,47.005868699983694,0.0003315481347954119,ok,8.939816502475702e-05,0.00017879633003663867,0.011527244741171146,0.002519055214288982,0.011527244741171146,0.002519055214288982,0.02803019026446552,0.0012699265709307625,13282.592113599996
455,455,439,439,2476,2476,2476,1,2.3741810010413644e-05,2.3741810010413644e-05,0.056410018538771076,0.0015797328388816355,0.003690678651002413,0,3741,0.0003752387457155398,0.06327121141272492,3741,0.0003752387457155398,0.06327121141448905,3741,0.0003752387457155398,0.06327121141272492,True,261,3619,-365.38950796328794,-365.38916866339434,True,False,accepted,L-BFGS-B>Newton-CG,True,1.328817601908608e-12,8.841688184083834e-11,1.6029003220229468e-08,2.8023628146911506e-06,1277.1414535765657,-9.39631903645207e-06,-1.260025883544763e-15,0.0003392998935964897,2.802362701004313e-06,-1.3516763601728599e-06,4.154039061177173e-06,2.802362701004313e-06,5.6147254020086256e-08,True,17,validation_energy_increased,False,10.132274299976416,17.941898299963214,0.00033289981115558476,ok,8.881535365255437e-05,0.00017763070729231732,0.011440372104995633,0.0025000708887150352,0.011440372104995633,0.0025000708887150352,0.02809566561729538,0.001272892975707726,13312.083618799981
456,456,440,440,1772,1772,1772,1,2.13198775775858e-05,2.13198775775858e-05,0.06102147410394485,0.0017829914886291806,0.0040236333797487745,0,3741,0.0004121152784987038,0.051732800723263785,3741,0.0004121152784987038,0.051732800707752644,3741,0.0004121152784987038,0.051732800723263785,True,262,3618,-365.38951006967125,-365.38916457851803,True,False,accepted,L-BFGS-B>Newton-CG,True,9.481044396726609e-13,7.929042472933086e-11,1.295736361495288e-08,2.1063832491563517e-06,1277.1414535765657,-9.098751303146281e-06,-1.260025883544763e-15,0.00034549115321169666,2.1063833059997705e-06,-4.084876309207175e-06,6.1912596152069455e-06,4.084876309207175e-06,8.17975261841435e-08,True,18,validation_energy_increased,False,10.250501099973917,18.089296300022397,0.00033698468746479193,ok,8.925994136318905e-05,0.00017851988271352267,0.011696667154384773,0.0025560791886216246,0.011696667154384773,0.0025560791886216246,0.02826464433136767,0.0012805486696897308,13341.789125300013
457,457,441,441,1850,1850,1850,1,-2.2083802591055246e-05,2.2083802591055246e-05,0.04215603203934656,0.0015816966130758547,0.003643543561012561,0,3741,0.0004326925805679799,0.05103808935680532,3741,0.0004326925805679799,0.0510380893465999,3741,0.0004326925805679799,0.05103808935680532,True,263,3617,-365.3895128498759,-365.3891632992914,True,False,accepted,L-BFGS-B>Newton-CG,True,1.105307435596405e-12,7.916485508312351e-11,1.4962097630770957e-08,2.780204681585019e-06,1277.1414535765657,-9.049710963934973e-06,-1.260025883544763e-15,0.0003495505845307889,2.780204681585019e-06,-1.2792266375072359e-06,4.059431319092255e-06,2.780204681585019e-06,5.5704093631700384e-08,True,19,validation_energy_increased,False,10.219735699996818,17.559601800050586,0.00033826391410229917,ok,8.924619839677854e-05,0.00017849239678070363,0.011580881488876088,0.002530776482642126,0.011580881488876088,0.002530776482642126,0.028348197436551863,0.0012843340991625977,13370.956276200013
458,458,442,442,1391,1391,1391,1,-2.1314668982030938e-05,2.1314668982030938e-05,0.1823748616017319,0.001250268853933213,0.0021112953803124547,0,3741,0.0003825720582961624,0.0557141289328833,3741,0.0003825720582961624,0.05571412884735945,3741,0.0003825720582961624,0.0557141289328833,True,264,3616,-365.3895168344926,-365.3891607526591,True,False,accepted,L-BFGS-B>Newton-CG,True,9.311311399394141e-13,5.4617984635899665e-11,1.8048068436552932e-08,3.984616682828346e-06,1277.1414535765657,-9.616320785308751e-06,-1.260025883544763e-15,0.0003560818335017757,3.984616682828346e-06,-2.5466322881584347e-06,6.5312489709867805e-06,3.984616682828346e-06,7.979233365656692e-08,True,20,validation_energy_increased,False,10.470290899975225,18.318787300027907,0.0003408105463904576,ok,8.93476292671571e-05,0.00017869525852144612,0.01153390052287123,0.0025205097059713597,0.01153390052287123,0.0025205097059713597,0.028488206722806785,0.0012906773137863522,13401.129551300022
459,459,443,443,2983,2983,2983,1,-2.378155985049979e-05,2.378155985049979e-05,0.14743546877798935,0.0014364598522309587,0.002589735002699783,0,3741,0.00037093272790617043,0.06411286484409505,3741,0.00037093272790617043,0.06411286474772714,3741,0.00037093272790617043,0.06411286484409505,True,265,3615,-365.38952054357634,-365.38915862088095,True,False,accepted,L-BFGS-B>Newton-CG,True,1.6655796963565215e-12,1.0060477015324256e-10,1.755567319342301e-08,3.709083784997347e-06,1277.1414535765657,-9.242117491464524e-06,-1.260025883544763e-15,0.0003619226953901489,3.709083728153928e-06,-2.1317781602192554e-06,5.840861888373183e-06,3.709083728153928e-06,7.428167456307856e-08,True,21,validation_energy_increased,False,10.383985199965537,20.030054099974222,0.00034294232455067686,ok,8.814810989338517e-05,0.00017629621977407502,0.01150949116058491,0.0025151755144342263,0.01150949116058491,0.0025151755144342263,0.028599449288433384,0.0012957172328370201,13432.986193499994
460,460,444,444,1212,1212,1212,1,-2.2420855676497098e-05,2.2420855676497098e-05,0.03650140831943743,0.0017456840037555076,0.0039192912553002585,0,3741,0.0003817746940535569,0.05872797758918984,3741,0.0003817746940535569,0.058727977590099054,3741,0.0003817746940535569,0.05872797758918984,True,266,3614,-365.38952253423156,-365.38915720909523,True,False,accepted,L-BFGS-B>Newton-CG,True,9.525128360352701e-13,7.416248707887003e-11,1.384359348712639e-08,1.9906553916371195e-06,1277.1414535765657,-9.301454708808688e-06,-1.260025883544763e-15,0.00036532513632892005,1.990655221106863e-06,-1.4117857176643156e-06,3.4024409387711785e-06,1.990655221106863e-06,3.991310442213726e-08,True,22,validation_energy_increased,False,10.490727199998219,97.43036040000152,0.0003443541102683412,ok,8.79161475496432e-05,0.0001758322950866245,0.011515458822585372,0.0025164796309353433,0.011515458822585372,0.0025164796309353433,0.02865138105154549,0.0012980700361975791,13542.205650400021
461,461,445,445,2684,2684,2684,1,-2.1949106235652494e-05,2.1949106235652494e-05,0.07151496280578573,0.0010578721197144867,0.0021835576527629037,0,3741,0.0003925331345922242,0.05591656933230341,3741,0.0003925331345922242,0.05591656929569377,3741,0.0003925331345922242,0.05591656933230341,True,267,3613,-365.38952764348414,-365.3891491395991,True,False,accepted,L-BFGS-B>Newton-CG,False,1.2565325286505743e-09,6.056058565035675e-08,2.1748354976371868e-08,5.109252697366173e-06,1277.1414535765657,-9.660960070146114e-06,-1.260025883544763e-15,0.00037850388503102295,5.109252583679336e-06,-8.069496118423558e-06,1.3178748702102894e-05,8.069496118423558e-06,1.6148992236847117e-07,True,23,validation_energy_increased,False,10.476593300001696,150.1789368999889,0.00035242360638676473,ok,8.753821358804202e-05,0.00017507642716347655,0.011516331123006766,0.0025166702552323265,0.011516331123006766,0.0025166702552323265,0.02897119985187908,0.0013125596414622894,13704.284873900004
462,462,446,446,2610,2610,2610,1,1.7881840300049134e-05,1.7881840300049134e-05,0.15699073086507692,0.0010164130822886783,0.0018031076014825447,0,3741,0.00041888233945943667,0.042689410881168836,3741,0.00041888233945943667,0.04268941095041591,3741,0.00041888233945943667,0.042689410881168836,True,268,3612,-365.3895317246522,-365.3891468096039,True,False,accepted,L-BFGS-B>Newton-CG,False,1.7522381391268037e-09,9.95986850979793e-08,1.8592984660420516e-08,4.08116812877779e-06,1277.1414535765657,-9.329991679480116e-06,-1.260025883544763e-15,0.00038491504830062695,4.081168071934371e-06,-2.329995197669632e-06,6.411163269604003e-06,4.081168071934371e-06,8.172336143868743e-08,True,24,validation_energy_increased,False,10.40748509997502,125.88186759996461,0.00035475360158443436,ok,8.814494140732823e-05,0.0001762898828019616,0.011663599255256044,0.00254885284220527,0.011663599255256044,0.00254885284220527,0.029056215365785266,0.001316411326343204,13841.93275560002
463,463,447,447,4046,4046,4046,1,1.595222336092661e-05,1.595222336092661e-05,0.2985833447789542,0.0007985837092506996,0.001281313851301166,0,3741,0.00041181334211069353,0.03873653845007947,3741,0.00041181334211069353,0.03873653867826785,3741,0.00041181334211069353,0.03873653845007947,True,269,3611,-365.3895379228542,-365.3891527198604,True,False,accepted,L-BFGS-B>Newton-CG,True,1.1135756502960657e-12,5.574694335471666e-11,2.0975546340010188e-08,6.198202015639254e-06,1277.1414535765657,-8.851512644986366e-06,-1.260025883544763e-15,0.00038520299375477407,6.198201958795835e-06,5.910256504648714e-06,2.8794545414712047e-07,6.198201958795835e-06,1.240640391759167e-07,True,25,train_valid_drop_disagreed,False,10.406593099993188,19.286530899989884,0.00034884334507978565,ok,8.803253232197854e-05,0.00017606506463127843,0.011500738610339995,0.002513262814753787,0.011500738610339995,0.002513262814753787,0.02882258618667071,0.001305826599678739,13873.074733000016
464,464,448,448,2997,2997,2997,1,1.7732571709894174e-05,1.7732571709894174e-05,0.014209228297391492,0.002385698088679618,0.006794815398568105,0,3741,0.00042818329822648924,0.041413506279533725,3741,0.00042818329822648924,0.041413506289081976,3741,0.00042818329822648924,0.041413506279533725,True,270,3610,-365.3895388436468,-365.38915263343256,True,False,accepted,L-BFGS-B>Newton-CG,False,2.2967361875235506e-09,3.089974319401508e-07,8.4328649694681e-09,9.20792672332027e-07,1277.1414535765657,-8.763680564937246e-06,-1.260025883544763e-15,0.0003862102142306867,9.207926154886081e-07,-8.642786042400985e-08,1.007220475912618e-06,9.207926154886081e-07,1.8515852309772166e-08,True,26,validation_energy_increased,False,10.31495760002872,139.8124014000059,0.00034892977294020966,ok,8.831828159795112e-05,0.00017663656318318242,0.011491906887017813,0.0025113328133366713,0.011491906887017813,0.0025113328133366713,0.028823916093632083,0.001305886852005647,14024.660867600003
465,465,449,449,2739,2739,2739,1,-1.6819327263051242e-05,1.6819327263051242e-05,0.004777918766376319,0.002832550718367652,0.010856685205315433,0,3741,0.00042902908840771094,0.039203232875127704,3741,0.00042902908840771094,0.039203232876317946,3741,0.00042902908840771094,0.039203232875127704,True,271,3609,-365.38953930063747,-365.3891530724499,True,False,accepted,L-BFGS-B>Newton-CG,True,1.0157704035887246e-12,1.7106619797393404e-10,6.937879111240322e-09,4.5699073325522477e-07,1277.1414535765657,-8.782862026950386e-06,-1.260025883544763e-15,0.0003862281875512963,4.569906764118059e-07,4.39017355802207e-07,1.7973320609598886e-08,4.569906764118059e-07,9.239813528236118e-09,True,27,train_valid_drop_disagreed,False,10.39799490000587,18.497576499998104,0.00034849075558440745,ok,8.828800785144044e-05,0.0001765760156901654,0.011363905189737053,0.0024833605311293467,0.011363905189737053,0.0024833605311293467,0.028818118181365773,0.001305624173701524,14054.944994600024
466,466,450,450,3195,3195,3195,1,1.585730333359542e-05,1.585730333359542e-05,0.0010471607350784227,0.0054222068612166385,0.027974113228557255,0,3741,0.0003993618490105481,0.03970660535773057,3741,0.0003993618490105481,0.03970660535768396,3741,0.0003993618490105481,0.03970660535773057,True,272,3608,-365.38953958703706,-365.38915281476994,True,False,accepted,L-BFGS-B>Newton-CG,True,1.4321042918223808e-12,4.896901799118259e-10,3.924510947065034e-09,2.8639965421461966e-07,1277.1414535765657,-8.776267036297419e-06,-1.260025883544763e-15,0.00038677226712025004,2.863995973712008e-07,-2.576799715825473e-07,5.440795689537481e-07,2.863995973712008e-07,5.8279919474240165e-09,True,28,validation_energy_increased,False,10.242403700016439,15.917056699981913,0.00034874843555599,ok,8.820239952137245e-05,0.00017640479903004177,0.011365616447770644,0.0024837344933006465,0.011365616447770644,0.0024837344933006465,0.028811012277452707,0.0013053022359585213,14082.58152549999
467,467,451,451,1504,1504,1504,1,2.550305142904382e-05,2.550305142904382e-05,0.00013613036766234335,0.030550888866212354,0.21846829943371748,0,3741,0.0003996300227275319,0.06381665535282324,3741,0.0003996300227275319,0.06381665535284686,3741,0.0003996300227275319,0.06381665535282324,True,273,3607,-365.3895396625808,-365.3891526811043,True,False,accepted,L-BFGS-B>Newton-CG,True,1.3006550741514143e-12,1.5580946750114548e-09,1.8347728125968034e-09,7.554370995421777e-08,1277.1414535765657,-8.751944837548793e-06,-1.260025883544763e-15,0.0003869814764811963,7.554370995421777e-08,-1.3366565099204308e-07,2.0920936094626086e-07,1.3366565099204308e-07,2.7733130198408616e-09,True,29,validation_energy_increased,False,10.492308400047477,18.5946765000117,0.00034888210120698204,ok,8.81813197879516e-05,0.0001763626395632031,0.011362139291549707,0.002482974628414811,0.011362139291549707,0.002482974628414811,0.02881308449982944,0.0013053961193832237,14113.163613200013
468,468,452,452,165,165,165,1,-1.547498664500324e-05,1.547498664500324e-05,0.2311959709043601,0.0011637436709771548,0.0020042772469777734,0,3741,0.0003996927469592969,0.03871720656111669,3741,0.0003996927469592969,0.038717206698555634,3741,0.0003996927469592969,0.03871720656111669,True,274,3606,-365.3895421066261,-365.38915500224016,True,False,accepted,L-BFGS-B>Newton-CG,True,1.0189472676738048e-12,7.662645948675138e-11,1.4297590342797705e-08,2.4440453216811875e-06,1277.1414535765657,-8.770723380051944e-06,-1.260025883544763e-15,0.0003871043859362544,2.4440453216811875e-06,2.321135866623081e-06,1.229094550581067e-07,2.4440453216811875e-06,4.898090643362375e-08,True,30,train_valid_drop_disagreed,False,10.392924999992829,27.54372980003245,0.00034656096534035896,ok,8.769324094121072e-05,0.00017538648186979163,0.01131352252542108,0.00247235037943181,0.01131352252542108,0.00247235037943181,0.02872236299590876,0.0013012859207974607,14152.453518400027
469,469,453,453,4092,4092,4092,1,1.5761465143704356e-05,1.5761465143704356e-05,0.18342660861112123,0.0014073545380979488,0.0024921328485318583,0,3741,0.0004079809903808614,0.03863284200813032,3741,0.0004079809903808614,0.03863284207789185,3741,0.0004079809903808614,0.03863284200813032,True,275,3605,-365.38954424667435,-365.3891547221141,True,False,accepted,L-BFGS-B>Newton-CG,True,6.887027895262036e-10,6.149485372313151e-08,1.2199356496186697e-08,2.1400482523858955e-06,1277.1414535765657,-8.946165397342752e-06,-1.260025883544763e-15,0.0003895245602620889,2.1400482523858955e-06,-2.801260734486277e-07,2.420174325834523e-06,2.1400482523858955e-06,4.290096504771791e-08,True,31,validation_energy_increased,False,10.303483200026676,27.624608299985994,0.0003468410914138076,ok,8.615420555948622e-05,0.0001723084111065643,0.011325719785848528,0.002475015853547239,0.011325719785848528,0.002475015853547239,0.028727406385337897,0.0013015144149383562,14191.812948200037
470,470,454,454,2491,2491,2491,1,-1.5507738896580747e-05,1.5507738896580747e-05,0.018819041276451717,0.0022461677830482897,0.006521222405481078,0,3741,0.00040890612989020965,0.037924936221290055,3741,0.00040890612989020965,0.03792493621840161,3741,0.00040890612989020965,0.037924936221290055,True,276,3604,-365.3895449892538,-365.3891547821178,True,False,accepted,L-BFGS-B>Newton-CG,True,6.562165781372479e-10,9.504748640961885e-08,7.904091869501964e-09,7.425794592563761e-07,1277.1414535765657,-8.85458886042913e-06,-1.260025883544763e-15,0.0003902071359789261,7.425794592563761e-07,6.000374241921236e-08,6.825757168371638e-07,7.425794592563761e-07,1.4951589185127523e-08,True,32,train_valid_drop_disagreed,False,10.453382799983956,288.06997110001976,0.0003467810876713884,ok,8.548208174528923e-05,0.0001709641634782671,0.011316206826897253,0.00247293698132863,0.011316206826897253,0.00247293698132863,0.028707900312682902,0.001300630679233198,14491.723189799988
471,471,455,455,2522,2522,2522,1,-1.5389236460383593e-05,1.5389236460383593e-05,0.1931496506860825,0.0015851834782603274,0.002630148257842478,0,3741,0.00041060177566440046,0.03747971239403935,3741,0.00041060177566440046,0.03747971232489654,3741,0.00041060177566440046,0.03747971239403935,True,277,3603,-365.3895461647976,-365.3891556489514,True,False,accepted,L-BFGS-B>Newton-CG,False,1.1523185151953057e-09,1.1869587562249465e-07,1.0708159690907778e-08,1.1755439004446089e-06,1277.1414535765657,-8.934256753838947e-06,-1.260025883544763e-15,0.0003905158462202962,1.1755437867577712e-06,8.668335453876352e-07,3.087102413701359e-07,1.1755437867577712e-06,2.3610875735155425e-08,True,33,train_valid_drop_disagreed,False,10.087379200034775,151.93633039999986,0.00034591425412600074,ok,8.543319503881471e-05,0.0001708663900653251,0.011305806973234356,0.002470664295514665,0.011305806973234356,0.002470664295514665,0.028671377080116158,0.0012989759696841305,14655.186870000034
472,472,456,456,779,779,779,1,1.6333793606215785e-05,1.6333793606215785e-05,0.009249347515666768,0.004890216225241644,0.014852095827929845,0,3741,0.00040951421901900945,0.039885778924461664,3741,0.00040951421901900945,0.039885778916518386,3741,0.00040951421901900945,0.039885778924461664,True,278,3602,-365.38954637319864,-365.3891554565233,True,False,accepted,L-BFGS-B>Newton-CG,True,9.142251625249266e-13,2.7371195431006235e-10,4.34009950288575e-09,2.084011612168979e-07,1277.1414535765657,-8.86060715726224e-06,-1.260025883544763e-15,0.00039091667531465646,2.0840104753006017e-07,-1.9242804683017312e-07,4.008290943602333e-07,2.0840104753006017e-07,4.268020950601204e-09,True,34,validation_energy_increased,False,10.455315200029872,17.252436200040393,0.0003461066821728309,ok,8.532422228134586e-05,0.0001706484445504031,0.011314660868042474,0.0024725991420789526,0.011314660868042474,0.0024725991420789526,0.028677715475121626,0.0012992631349212748,14684.324044000008
473,473,457,457,1760,1760,1760,1,1.624866965710403e-05,1.624866965710403e-05,0.024045158031992964,0.002578360913641036,0.006359476420645838,0,3741,0.00040853479533318836,0.039773037309715854,3741,0.00040853479533318836,0.03977303728787679,3741,0.00040853479533318836,0.039773037309715854,True,279,3601,-365.38954698683165,-365.3891558317911,True,False,accepted,L-BFGS-B>Newton-CG,True,1.2819763667661764e-12,2.034257478848182e-10,7.301937587035663e-09,6.136330057415762e-07,1277.1414535765657,-8.862905994899307e-06,-1.260025883544763e-15,0.00039115504057463113,6.136330057415762e-07,3.7526774576690514e-07,2.3836525997467106e-07,6.136330057415762e-07,1.2372660114831524e-08,True,35,train_valid_drop_disagreed,False,10.42879689997062,28.418192200013436,0.000345731414427064,ok,8.510242915077554e-05,0.00017020485828929443,0.011323209955146482,0.002474467378845874,0.011323209955146482,0.002474467378845874,0.028656072461712024,0.0012982825836818953,14724.595758799987
474,474,458,458,1665,1665,1665,1,1.503241090716756e-05,1.503241090716756e-05,0.19791382814005415,0.00131364403778737,0.002376474234326689,0,3741,0.00040896931811608173,0.036756818277748564,3741,0.00040896931811608173,0.03675681821960499,3741,0.00040896931811608173,0.036756818277748564,True,280,3600,-365.3895495721406,-365.38915583850735,True,False,accepted,L-BFGS-B>Newton-CG,True,1.2889010041610524e-12,1.1263377026354026e-10,1.2443290952129939e-08,2.585309061942098e-06,1277.1414535765657,-9.681773283143242e-06,-1.260025883544763e-15,0.0003937336332455743,2.5853089482552605e-06,6.71627731207991e-09,2.5785926709431806e-06,2.5853089482552605e-06,5.180617896510521e-08,True,36,train_valid_drop_disagreed,False,10.255095599975903,23.471703900024295,0.00034572469814975193,ok,8.471308965281321e-05,0.0001694261792934258,0.011289518961428106,0.0024671048672217626,0.011289518961428106,0.0024671048672217626,0.028676145344419843,0.0012991919990966796,14759.72940110002
475,475,459,459,1244,1244,1244,1,1.4860875250377603e-05,1.4860875250377603e-05,0.14028461809752946,0.0012769370303196469,0.0024787567186452665,0,3741,0.0004288658048345454,0.03465157418207046,3741,0.0004288658048345454,0.03465157418193508,3741,0.0004288658048345454,0.03465157418207046,True,281,3599,-365.3895516258955,-365.3891566440584,True,False,accepted,L-BFGS-B>Newton-CG,True,1.0761930342104857e-12,9.247306905707749e-11,1.2637907611201087e-08,2.0537548834909103e-06,1277.1414535765657,-9.720124858002862e-06,-1.260025883544763e-15,0.0003949818370756475,2.0537548834909103e-06,8.055510534177301e-07,1.2482038300731801e-06,2.0537548834909103e-06,4.117509766981821e-08,True,37,train_valid_drop_disagreed,False,10.352739499998279,96.96694079996087,0.0003449191470963342,ok,8.384044905354902e-05,0.00016768089809502312,0.011273080251924705,0.002463512506877159,0.011273080251924705,0.002463512506877159,0.02866058409132438,0.0012984869860876184,14868.4847189
476,476,460,460,3893,3893,3893,1,1.4904742690724504e-05,1.4904742690724504e-05,0.16048453680297015,0.0012460440425689793,0.0023498487637169914,0,3741,0.0004298143881322624,0.03467716089145443,3741,0.0004298143881322624,0.03467716085510537,3741,0.0004298143881322624,0.03467716089145443,True,282,3598,-365.3895538344472,-365.38915545445934,True,False,accepted,L-BFGS-B>Newton-CG,True,1.1130108984685317e-12,9.304827466768138e-11,1.2961650040730049e-08,2.2085518480707833e-06,1277.1414535765657,-1.0606504078275223e-05,-1.260025883544763e-15,0.000398379987871067,2.2085517343839456e-06,-1.1895990610355511e-06,3.3981507954194967e-06,2.2085517343839456e-06,4.4271034687678916e-08,True,38,validation_energy_increased,False,10.199454899993725,19.159931599977426,0.00034610874615736975,ok,8.382211348871926e-05,0.00016764422696536626,0.011404193923514194,0.0024921648505636276,0.011404193923514194,0.0024921648505636276,0.028706248069581625,0.0013005558232512674,14899.232921399991
477,477,461,461,70,70,70,1,-1.493428389265361e-05,1.493428389265361e-05,0.023958956872811122,0.0019019203328696358,0.005265857909540767,0,3741,0.0004795348765860929,0.031143269492667228,3741,0.0004795348765860929,0.031143269479367325,3741,0.0004795348765860929,0.031143269492667228,True,283,3597,-365.3895546259514,-365.38915575999783,True,False,accepted,L-BFGS-B>Newton-CG,True,1.2052174895746723e-12,1.534876168165622e-10,8.852213191993627e-09,7.915041919659416e-07,1277.1414535765657,-1.0509442296927526e-05,-1.260025883544763e-15,0.0003988659535707484,7.915041919659416e-07,3.0553849228454055e-07,4.85965699681401e-07,7.915041919659416e-07,1.5930083839318834e-08,True,39,train_valid_drop_disagreed,False,10.391237400006503,20.35001449997071,0.0003458032076650852,ok,8.356292614197818e-05,0.00016712585227192142,0.011427177036828788,0.0024971873631185093,0.011427177036828788,0.0024971873631185093,0.028702403874714066,0.0013003816594243335,14931.411585099995
478,478,462,462,2371,2371,2371,1,-1.5267701496401997e-05,1.5267701496401997e-05,0.010030534940196314,0.0021232828947174505,0.007013441448064428,0,3741,0.0004782002940085205,0.03192741971867119,3741,0.0004782002940085205,0.031927419719976695,3741,0.0004782002940085205,0.03192741971867119,True,284,3596,-365.3895552582776,-365.38915574089214,True,False,accepted,L-BFGS-B>Newton-CG,True,8.551445935715308e-13,1.1892516218302114e-10,8.19061111941556e-09,6.323261914076284e-07,1277.1414535765657,-1.0541388285388239e-05,-1.260025883544763e-15,0.00039951738546051274,6.323261914076284e-07,-1.9105698356725043e-08,6.514318897643534e-07,6.323261914076284e-07,1.2746523828152566e-08,True,40,validation_energy_increased,False,10.120375900005456,16.94217460002983,0.00034582231336344194,ok,8.343977137402863e-05,0.00016687954273604004,0.01142995270435064,0.002497793931288185,0.01142995270435064,0.002497793931288185,0.028700420356364196,0.0013002917947950653,14959.867027900007
479,479,463,463,1538,1538,1538,1,1.4436707843401564e-05,1.4436707843401564e-05,0.20833674458961798,0.0004908010694138745,0.0008339441965706161,0,3741,0.0004787630920984603,0.030154178719425127,3741,0.0004787630920984603,0.03015417880957977,3741,0.0004787630920984603,0.030154178719425127,True,285,3595,-365.38956386987024,-365.38915708096863,True,False,accepted,L-BFGS-B>Newton-CG,True,1.382447305037514e-12,4.6998708356373315e-11,3.041458081262452e-08,8.611592704710347e-06,1356.0095973751318,-1.0962348790408728e-05,-1.260025883544763e-15,0.0004067889016141635,8.611592647866928e-06,1.3400764942161913e-06,7.271516153650737e-06,8.611592647866928e-06,1.7233185295733858e-07,True,41,train_valid_drop_disagreed,False,10.261525199981406,18.546892899961676,0.00034448223686922574,ok,8.320873503971591e-05,0.0001664174700674479,0.011420201929582855,0.0024956630890467235,0.011420201929582855,0.0024956630890467235,0.02861627937355324,0.001296479731132004,14990.177396000014
480,480,464,464,2729,2729,2729,1,1.4226202454059589e-05,1.4226202454059589e-05,0.024713130142511378,0.0016196116436726377,0.0042096541405460125,0,3741,0.0004775104434136088,0.02979244255342322,3741,0.0004775104434136088,0.029792442561781127,3741,0.0004775104434136088,0.02979244255342322,True,286,3594,-365.38956498336324,-365.3891564649924,True,False,accepted,L-BFGS-B>Newton-CG,True,9.685026533589344e-13,1.1026120143731628e-10,9.783712137487729e-09,1.1134929991385434e-06,1356.0095973751318,-1.0630869155634285e-05,-1.260025883544763e-15,0.0004085183708184559,1.1134929991385434e-06,-6.159762051538564e-07,1.7294692042923998e-06,1.1134929991385434e-06,2.236985998277087e-08,True,42,validation_energy_increased,False,10.132739199965727,18.54157599998871,0.0003450982130743796,ok,8.300883220826996e-05,0.00016601766440458478,0.011461447322205304,0.002504676467671356,0.011461447322205304,0.002504676467671356,0.028632063977996478,0.0012971948632236872,15020.332311300037
481,481,465,465,1337,1337,1337,1,1.3482292814614993e-05,1.3482292814614993e-05,0.011088713746322545,0.0013764490263814151,0.004460458322736817,0,3741,0.00048340331298774686,0.027890360807181182,3741,0.00048340331298774686,0.027890360806538318,3741,0.00048340331298774686,0.027890360807181182,True,287,3593,-365.38956622585846,-365.38915561340036,True,False,accepted,L-BFGS-B>Newton-CG,True,1.1526176279393918e-12,1.1767430295406286e-10,1.0794981563556364e-08,1.2424952160472458e-06,1356.0095973751318,-1.0503134607747441e-05,-1.260025883544763e-15,0.0004106124580971482,1.2424952160472458e-06,-8.515920626450679e-07,2.0940872786923137e-06,1.2424952160472458e-06,2.4949904320944917e-08,True,43,validation_energy_increased,False,10.240529100003187,25.51000720000593,0.00034594980513702467,ok,8.304750885526091e-05,0.0001660950176985611,0.01145638411295983,0.002503570001734592,0.01145638411295983,0.002503570001734592,0.028658997304086588,0.0012984150956274869,15057.542461999983
482,482,466,466,1121,1121,1121,1,1.3380623242797984e-05,1.3380623242797984e-05,0.006799002685558998,0.0021136797828987595,0.007321605019854135,0,3741,0.0004846699723705363,0.02760770009611474,3741,0.0004846699723705363,0.02760770009594699,3741,0.0004846699723705363,0.02760770009611474,True,288,3592,-365.3895666394247,-365.3891557483404,True,False,accepted,L-BFGS-B>Newton-CG,True,1.1264474824084492e-12,1.7794008723295974e-10,7.330487412505876e-09,4.135661697546311e-07,1356.0095973751318,-1.0528361317934483e-05,-1.260025883544763e-15,0.00041089108430014676,4.1356622659805e-07,1.3494002359948354e-07,2.7862620299856644e-07,4.1356622659805e-07,8.371324531960998e-09,True,44,train_valid_drop_disagreed,False,10.476825500023551,18.967238900018856,0.0003458148651134252,ok,8.301598116532069e-05,0.0001660319623186852,0.01123576872230823,0.0024553587975264953,0.01123576872230823,0.0024553587975264953,0.028654262113731007,0.0012982005646523407,15088.39785290003
483,483,467,467,675,675,675,1,1.2726433149923277e-05,1.2726433149923277e-05,0.005965638888679629,0.0013863273657379273,0.004875933727434745,0,3741,0.0004929412168784358,0.025817344369200402,3741,0.0004929412168784358,0.02581734436868067,3741,0.0004929412168784358,0.025817344369200402,True,289,3591,-365.3895675287589,-365.3891557055366,True,False,accepted,L-BFGS-B>Newton-CG,True,9.147750064974215e-13,9.964910129070874e-11,1.0179962434670899e-08,8.893342737792409e-07,1356.0095973751318,-1.053471673427099e-05,-1.260025883544763e-15,0.0004118232222936058,8.89334216935822e-07,-4.2803776523214765e-08,9.321379934590368e-07,8.89334216935822e-07,1.7886684338716444e-08,True,45,validation_energy_increased,False,10.314171999983955,18.446732899989,0.0003458576688899484,ok,8.304867253241539e-05,0.00016609734505286988,0.011237326485767918,0.0024556992164430588,0.011237326485767918,0.0024556992164430588,0.028690711445341566,0.00129985192606902,15118.6679152
484,484,468,468,1010,1010,1010,1,-1.2404590996384357e-05,1.2404590996384357e-05,0.014939172300770432,0.0012305571973461858,0.0037171148235593233,0,3741,0.0004921090941197523,0.025206994027559593,3741,0.0004921090941197523,0.025206994018831978,3741,0.0004921090941197523,0.025206994027559593,True,290,3590,-365.3895686102266,-365.38915615093043,True,False,accepted,L-BFGS-B>Newton-CG,True,3.537521888458202e-12,3.5092838111624986e-10,1.1080466781301308e-08,1.0814677011694585e-06,1356.0095973751318,-1.0574424725425207e-05,-1.260025883544763e-15,0.0004124592961716189,1.0814677011694585e-06,4.45393823156337e-07,6.360738780131214e-07,1.0814677011694585e-06,2.172935402338917e-08,True,46,train_valid_drop_disagreed,False,10.327519299986307,19.927071599988267,0.00034541227506679206,ok,8.312222959952946e-05,0.00016624445918708743,0.011252127060843088,0.002458933594358574,0.011252127060843088,0.002458933594358574,0.028710870687659585,0.001300765254063869,15150.314569499984
485,485,469,469,1759,1759,1759,1,1.2440457151541295e-05,1.2440457151541295e-05,0.17873264682923365,0.0015981260698552894,0.002941340438937433,0,3741,0.0004892736856767911,0.025426376925080183,3741,0.0004892736856767911,0.025426376817092734,3741,0.0004892736856767911,0.025426376925080183,True,291,3589,-365.38956958170553,-365.3891564554712,True,False,accepted,L-BFGS-B>Newton-CG,True,1.0509879177571823e-12,1.3501201487424238e-10,8.784402882485164e-09,9.7147892574867e-07,1356.0095973751318,-1.0866744179648106e-05,-1.260025883544763e-15,0.0004131262343207709,9.7147892574867e-07,3.0454077659669565e-07,6.669381491519744e-07,9.7147892574867e-07,1.95295785149734e-08,True,47,train_valid_drop_disagreed,False,10.495702099986374,18.006581099994946,0.00034510773429019537,ok,8.380965778144624e-05,0.000167619315550822,0.011256617809191048,0.0024599149600965276,0.011256617809191048,0.0024599149600965276,0.028692345130638553,0.0012999259412771796,15180.298992600001
486,486,470,470,1333,1333,1333,1,-1.2499600252180443e-05,1.2499600252180443e-05,0.012148325132109977,0.002512861648983852,0.007953729155636132,0,3741,0.0004936735215586084,0.02531956790535808,3741,0.0004936735215586084,0.02531956790738176,3741,0.0004936735215586084,0.02531956790535808,True,292,3588,-365.3895699036701,-365.38915698757876,True,False,accepted,L-BFGS-B>Newton-CG,True,1.001806110698028e-12,2.0139845365093247e-10,5.97424926824104e-09,3.2196464871958597e-07,1356.0095973751318,-1.0836443087389098e-05,-1.260025883544763e-15,0.00041291609136351326,3.219645918761671e-07,5.321075491337979e-07,-2.1014295725763077e-07,5.321075491337979e-07,1.0742150982675957e-08,False,0,none,True,10.427979000029154,17.730916700034868,0.00034457562674106157,ok,8.358426872439982e-05,0.0001671685374367616,0.01126555667291247,0.002461868374964769,0.01126555667291247,0.002461868374964769,0.028672396276706452,0.0012990221450692708,15209.901976099994
487,487,471,471,3979,3979,3979,1,1.2514494384222724e-05,1.2514494384222724e-05,0.10377026231572994,0.0009998559670978872,0.0017594450639998218,0,3741,0.0004929465085792841,0.025387124498133917,3741,0.0004929465085792841,0.025387124496823694,3741,0.0004929465085792841,0.025387124498133917,True,293,3587,-365.389571422368,-365.389156145371,True,False,accepted,L-BFGS-B>Newton-CG,True,9.909237922144631e-13,7.917068271181901e-11,1.3516297173051067e-08,1.5186978998826817e-06,1356.0095973751318,-1.0806212742225455e-05,-1.260025883544763e-15,0.0004152769970460213,1.5186978998826817e-06,-8.422077826253371e-07,2.360905682508019e-06,1.5186978998826817e-06,3.047395799765364e-08,True,1,validation_energy_increased,False,10.428200099966489,17.862184500030708,0.0003454178345236869,ok,8.356930635050429e-05,0.00016713861268897272,0.011238741767493293,0.002456008498746857,0.011238741767493293,0.002456008498746857,0.028716274534083517,0.001301010078950687,15239.6733197
488,488,472,472,2613,2613,2613,1,1.2938086198760468e-05,1.2938086198760468e-05,0.0031852740520194726,0.004486240827658447,0.018533132838987713,0,3741,0.0004928117478146223,0.02625360750049997,3741,0.0004928117478146223,0.026253607500735826,3741,0.0004928117478146223,0.02625360750049997,True,294,3586,-365.3895715548291,-365.38915615960036,True,False,accepted,L-BFGS-B>Newton-CG,True,1.1062010425051458e-12,3.835717433091742e-10,3.8839482099532636e-09,1.3246119578980142e-07,1356.0095973751318,-1.0767428067006818e-05,-1.260025883544763e-15,0.0004153952287424545,1.324610821029637e-07,1.4229385669750627e-08,1.1823169643321307e-07,1.324610821029637e-07,2.749221642059274e-09,True,2,train_valid_drop_disagreed,False,10.188170499983244,19.873009599978104,0.00034540360513801716,ok,8.346620401979066e-05,0.00016693240802756031,0.011249949273041505,0.0024584576811772047,0.011249949273041505,0.0024584576811772047,0.02871623783649917,0.0013010084163420136,15271.178129200009
489,489,473,473,1891,1891,1891,1,1.2327538161827079e-05,1.2327538161827079e-05,0.03136396126019197,0.0014195215822358463,0.00356284607689292,0,3741,0.0004923393843618664,0.025038700037790223,3741,0.0004923393843618664,0.025038700056564597,3741,0.0004923393843618664,0.025038700037790223,True,295,3585,-365.38957275665507,-365.38915737241905,True,False,accepted,L-BFGS-B>Newton-CG,False,2.500846489637373e-09,2.8797360297633485e-07,9.684290725920766e-09,1.2018259099022544e-06,1356.0095973751318,-1.0616251275275873e-05,-1.260025883544763e-15,0.0004153842360210547,1.2018259667456732e-06,1.2128186881454894e-06,-1.0992721399816219e-08,1.2128186881454894e-06,2.435637376290979e-08,False,0,none,True,10.588704599998891,129.20808160002343,0.00034419078644987167,ok,8.332377280665432e-05,0.00016664754560130816,0.011251941147861115,0.0024588929666910647,0.011251941147861115,0.0024588929666910647,0.028675186242885564,0.0012991485463583602,15412.4411386
490,490,474,474,1008,1008,1008,1,-1.2289830214483929e-05,1.2289830214483929e-05,6.5860323991394365e-06,0.05519485180216572,0.5931365046284399,0,3741,0.0004987409580036959,0.024641710325288453,3741,0.0004987409580036959,0.024641710325288432,3741,0.0004987409580036959,0.024641710325288453,True,296,3584,-365.389572827222,-365.3891572671779,True,False,accepted,L-BFGS-B>Newton-CG,True,1.2151536258629764e-12,5.457347740382378e-09,1.2226637706941934e-09,7.056706863295403e-08,1356.0095973751318,-1.0627454315728133e-05,-1.260025883544763e-15,0.0004155600441322349,7.056695494611631e-08,-1.052411562341149e-07,1.758081111802312e-07,1.052411562341149e-07,2.204823124682298e-09,True,1,validation_energy_increased,False,10.465812000038568,28.977141900046263,0.0003442960276061058,ok,8.333537899354293e-05,0.0001666707579750837,0.013836640928517064,0.0030237288495085796,0.013836640928517064,0.0030237288495085796,0.02867879916341796,0.0012993122321464147,15453.319857900031
491,491,475,475,599,599,599,1,-1.1786977493377648e-05,1.1786977493377648e-05,0.012998968585113553,0.0010720265726156125,0.0033290260280125932,0,3741,0.0004987825494355162,0.023631495341441364,3741,0.0004987825494355162,0.023631495342451077,3741,0.0004987825494355162,0.023631495341441364,True,297,3583,-365.38957404979783,-365.3891554025896,True,False,accepted,L-BFGS-B>Newton-CG,True,1.2784557184252017e-12,1.1627565253587407e-10,1.1995042302865295e-08,1.2225758041495283e-06,1356.0095973751318,-1.0510679895326478e-05,-1.260025883544763e-15,0.00041864720822104573,1.2225758041495283e-06,-1.8645882846612949e-06,3.087164088810823e-06,1.8645882846612949e-06,3.73917656932259e-08,True,2,validation_energy_increased,False,10.434318299987353,24.92343789996812,0.0003461606158907671,ok,8.332202281437525e-05,0.00016664404561675026,0.013828548337700185,0.003021960371129565,0.013828548337700185,0.003021960371129565,0.028698689359401643,0.0013002133708166263,15490.244074099988
492,492,476,476,2755,2755,2755,1,-1.2051757908748684e-05,1.2051757908748684e-05,0.005935989186340736,0.0024846341576313796,0.008863531736248856,0,3741,0.0004993086010823228,0.024136892259866496,3741,0.0004993086010823228,0.024136892261077177,3741,0.0004993086010823228,0.024136892259866496,True,298,3582,-365.3895743704571,-365.38915505112857,True,False,accepted,L-BFGS-B>Newton-CG,True,7.893963090527041e-13,1.627448083576056e-10,5.850516074946811e-09,3.2065929644886637e-07,1356.0095973751318,-1.0520867563731398e-05,-1.260025883544763e-15,0.00041931932855732157,3.2065929644886637e-07,-3.514610398269724e-07,6.721203362758388e-07,3.514610398269724e-07,7.129220796539448e-09,True,3,validation_energy_increased,False,10.57300989999203,19.117353199981153,0.00034651207693059405,ok,8.341210882169824e-05,0.00016682421763138325,0.013826622634691825,0.003021539546178477,0.013826622634691825,0.003021539546178477,0.028705173458860807,0.0013005071372917752,15521.333284199995
493,493,477,477,3753,3753,3753,1,-1.2344352735282893e-05,1.2344352735282893e-05,0.0024165859558797106,0.0027971344352025053,0.011747308188464827,0,3741,0.0005000416991516119,0.024686646646123214,3741,0.0005000416991516119,0.02468664664613721,3741,0.0005000416991516119,0.024686646646123214,True,299,3581,-365.38957470107744,-365.3891539808818,True,False,accepted,L-BFGS-B>Newton-CG,True,9.516756136717794e-13,2.1564230111039666e-10,5.413213960207999e-09,3.306203666397778e-07,1356.0095973751318,-1.0540786013328733e-05,-1.260025883544763e-15,0.00042072019562056084,3.306203097963589e-07,-1.070246753442916e-06,1.400867063239275e-06,1.070246753442916e-06,2.1504935068858325e-08,True,4,validation_energy_increased,False,10.469164500012994,19.342725299997255,0.00034758232368403696,ok,8.348365630305002e-05,0.0001669673125940765,0.013718013665807738,0.002997805167709975,0.013718013665807738,0.002997805167709975,0.028721590272584373,0.0013012509120489523,15552.615563700034
494,494,478,478,2571,2571,2571,1,-1.1902529188267258e-05,1.1902529188267258e-05,0.0006757701902125996,0.006223140343727118,0.033520317291343436,0,3741,0.0005011560580364759,0.023750145283888698,3741,0.0005011560580364759,0.023750145283860446,3741,0.0005011560580364759,0.023750145283888698,True,300,3580,-365.38957486751195,-365.38915373007336,True,False,accepted,L-BFGS-B>Newton-CG,True,1.0919076338405568e-12,5.708950040320048e-10,2.9126242586269747e-09,1.6643446087982738e-07,1356.0095973751318,-1.055268247291919e-05,-1.260025883544763e-15,0.00042113743859317765,1.6643451772324624e-07,-2.508084548935585e-07,4.1724297261680476e-07,2.508084548935585e-07,5.116169097871171e-09,True,5,validation_energy_increased,False,10.491422199993394,72.47573179996107,0.0003478331321389305,ok,8.34874006425912e-05,0.00016697480127315833,0.013814148890674149,0.003018813651950067,0.013814148890674149,0.003018813651950067,0.028728846027647036,0.0013015796388987989,15637.014184800035
495,495,479,479,74,74,74,1,-1.1817458354629329e-05,1.1817458354629329e-05,0.0023875534777657538,0.00270085438085934,0.011565330342842472,0,3741,0.0005015595953500752,0.02356142413421691,3741,0.0005015595953500752,0.023561424134064462,3741,0.0005015595953500752,0.02356142413421691,True,301,3579,-365.38957521306094,-365.38915351886425,True,False,accepted,L-BFGS-B>Newton-CG,True,1.0555504286098462e-12,2.412437527531998e-10,5.375451867927576e-09,3.4554909689177293e-07,1356.0095973751318,-1.0569471884161229e-05,-1.260025883544763e-15,0.00042169419668880437,3.455489832049352e-07,-2.1120911242178408e-07,5.567580956267193e-07,3.455489832049352e-07,7.010979664098705e-09,True,6,validation_energy_increased,False,10.47642719995929,21.282305600005202,0.0003480443412513523,ok,8.346392470719334e-05,0.000166927849402366,0.013811486540241865,0.0030182318470270953,0.013811486540241865,0.0030182318470270953,0.028743727987237566,0.001302253876059989,15670.304233700037
496,496,480,480,2275,2275,2275,1,-1.178981918695295e-05,1.178981918695295e-05,1.5026856324730998e-05,0.053675635163197344,0.5298613551874317,0,3741,0.000507331449970645,0.023238888871634368,3741,0.000507331449970645,0.02323888887163234,3741,0.000507331449970645,0.023238888871634368,True,302,3578,-365.38957525118553,-365.3891534265803,True,False,accepted,L-BFGS-B>Newton-CG,True,1.3158966782093083e-12,5.9908967961850065e-09,1.2196493651914133e-09,3.812453996943077e-08,1356.0095973751318,-1.0575247151799385e-05,-1.260025883544763e-15,0.0004218246052118957,3.812459681284963e-08,-9.228392627846915e-08,1.3040852309131878e-07,9.228392627846915e-08,1.945678525569383e-09,True,7,validation_energy_increased,False,10.364682399958838,21.748769800004084,0.0003481366251776308,ok,8.346718188485344e-05,0.00016693436375768574,0.014077044777574972,0.0030762644365549367,0.014077044777574972,0.0030762644365549367,0.028746026833335755,0.001302358026824398,15703.983886800008
497,497,481,481,3000,3000,3000,1,1.1783361459904995e-05,1.1783361459904995e-05,0.06482135001500293,0.0019443718381715494,0.004344969490826093,0,3741,0.0005072810415003488,0.023228468040229124,3741,0.0005072810415003488,0.023228468056652577,3741,0.0005072810415003488,0.023228468040229124,True,303,3577,-365.3895758039618,-365.38915365052117,True,False,accepted,L-BFGS-B>Newton-CG,True,1.6702931584360604e-12,2.756149838403438e-10,7.06024075746047e-09,5.527762709789386e-07,1356.0095973751318,-1.038077966128379e-05,-1.260025883544763e-15,0.0004221534406383398,5.527762709789386e-07,2.23940844534809e-07,3.2883542644412955e-07,5.527762709789386e-07,1.1155525419578771e-08,True,8,train_valid_drop_disagreed,False,10.454825799970422,32.90940820000833,0.00034791268433309597,ok,8.350940200288522e-05,0.0001670188039937432,0.014056548173896276,0.0030717853023358443,0.014056548173896276,0.0030717853023358443,0.028738896226528476,0.0013020349699002034,15748.847869799996
498,498,482,482,3202,3202,3202,1,-1.212253920945816e-05,1.212253920945816e-05,0.020136091762392106,0.0017764043934970308,0.004356049236812616,0,3741,0.0005075864788392703,0.023882707114617253,3741,0.0005075864788392703,0.023882707118839934,3741,0.0005075864788392703,0.023882707114617253,True,304,3576,-365.38957647804926,-365.3891530518966,True,False,accepted,L-BFGS-B>Newton-CG,True,1.5192438172842645e-12,2.2262591596352814e-10,7.824200186707623e-09,6.740875164723548e-07,1356.0095973751318,-1.0251652519163453e-05,-1.260025883544763e-15,0.0004234261526789851,6.740874596289359e-07,-5.986245810163382e-07,1.272712040645274e-06,6.740874596289359e-07,1.3581749192578717e-08,True,9,validation_energy_increased,False,10.476858000038192,23.169899399974383,0.0003485113089141123,ok,8.33087200035676e-05,0.00016661743999513688,0.014050921790672485,0.003070555765675895,0.014050921790672485,0.003070555765675895,0.028761681974859583,0.0013030672935116809,15783.947098000033
499,499,483,483,113,113,113,1,-1.173650498076384e-05,1.173650498076384e-05,0.39048600629608415,0.0005728298675777671,0.0009028517237342488,0,3741,0.0005073050614469763,0.023135004699712705,3741,0.0005073050614469763,0.02313500463485126,3741,0.0005073050614469763,0.023135004699712705,True,305,3575,-365.38958329532045,-365.38915416387755,True,False,accepted,L-BFGS-B>Newton-CG,True,9.59389692236351e-13,4.682544455291855e-11,2.1488640340661834e-08,6.817271241743583e-06,1356.0095973751318,-6.810904406898497e-06,-1.260025883544763e-15,0.0004291314428996884,6.817271184900164e-06,1.1119809641968459e-06,5.7052902207033185e-06,6.817271184900164e-06,1.364454236980033e-07,True,10,train_valid_drop_disagreed,False,10.412946299999021,99.345513999986,0.00034739932794991546,ok,7.918102425483771e-05,0.00015836204849827156,0.014121868672223986,0.003086059827220761,0.014121868672223986,0.003086059827220761,0.028706262932214895,0.0013005564966128368,15895.289821300015
500,500,484,484,3620,3620,3620,1,-1.175956152188462e-05,1.175956152188462e-05,0.08824722291580023,0.0012093018602549407,0.0025129246775523464,0,3741,0.0005148507563611624,0.02284071913382878,3741,0.0005148507563611624,0.02284071916561656,3741,0.0005148507563611624,0.02284071913382878,True,306,3574,-365.38958507473154,-365.38915619370556,True,False,accepted,L-BFGS-B>Newton-CG,True,9.438837808826027e-13,9.706487947419434e-11,1.0724256456049518e-08,1.7794110931390605e-06,1356.0095973751318,-7.0888224862410015e-06,-1.260025883544763e-15,0.00042888102598226396,1.7794110931390605e-06,2.029828010563506e-06,-2.5041691742444527e-07,2.029828010563506e-06,4.0696560211270117e-08,False,0,none,True,10.592403799993917,160.73130069999024,0.00034536949993935195,ok,7.938099535184771e-05,0.00015876199069226276,0.01408903817214158,0.0030788853597502374,0.01408903817214158,0.0030788853597502374,0.02865409131340655,0.0012981928264290785,16068.028896100004
501,501,485,485,665,665,665,1,1.295614052446159e-05,1.295614052446159e-05,0.0006234250369684876,0.007902385651159279,0.04514229836651828,0,3741,0.0005188005416250236,0.024973259441633297,3741,0.0005188005416250236,0.024973259441644906,3741,0.0005188005416250236,0.024973259441633297,True,307,3573,-365.38958517755896,-365.389156334099,True,False,accepted,L-BFGS-B>Newton-CG,True,6.180449029892177e-10,3.7696636250678913e-07,2.639522685470608e-09,1.0282747098244727e-07,1356.0095973751318,-7.065450251292535e-06,-1.260025883544763e-15,0.00042884345992888484,1.028274141390284e-07,1.4039346751815174e-07,-3.756605337912333e-08,1.4039346751815174e-07,2.9078693503630347e-09,False,0,none,True,10.616605899995193,71.69091489998391,0.0003452291064718338,ok,7.937091130374376e-05,0.00015874182259605632,0.014088859872295835,0.0030788463957856288,0.014088859872295835,0.0030788463957856288,0.02865404970204707,0.0012981909411985267,16151.857521600032
502,502,486,486,3527,3527,3527,1,-1.4058108009384483e-05,1.4058108009384483e-05,0.00012977491936415345,0.04524465945081729,0.3568035534150251,0,3741,0.0005198780555678625,0.02704116447852145,3741,0.0005198780555678625,0.027041164478521205,3741,0.0005198780555678625,0.02704116447852145,True,308,3572,-365.3895852101395,-365.3891563127758,True,False,accepted,L-BFGS-B>Newton-CG,True,6.845560126912974e-10,2.2031747229730883e-06,1.3107134470785498e-09,3.2580715014773887e-08,1356.0095973751318,-7.05664467048842e-06,-1.260025883544763e-15,0.00042889736369033926,3.2580544484517304e-08,-2.1323216969904024e-08,5.390376145442133e-08,3.2580544484517304e-08,7.516108896903461e-10,True,1,validation_energy_increased,False,10.323797899996862,60.12564599997131,0.0003452504296888037,ok,7.93722950331807e-05,0.00015874459005493002,0.01409062782650764,0.003079232747804335,0.01409062782650764,0.003079232747804335,0.028656208577473176,0.0012982887504977528,16223.772688900004
503,503,487,487,621,621,621,1,1.2696150615609803e-05,1.2696150615609803e-05,0.0010975871115886785,0.002663123339639503,0.013572539326997755,0,3741,0.0005196613636327202,0.024431584689800084,3741,0.0005196613636327202,0.024431584689777356,3741,0.0005196613636327202,0.024431584689800084,True,309,3571,-365.3895857810421,-365.38915619193256,True,False,accepted,L-BFGS-B>Newton-CG,True,2.369271246611138e-12,4.969743994565434e-10,5.767390934426417e-09,5.709026709155296e-07,1356.0095973751318,-7.041069871585215e-06,-1.260025883544763e-15,0.0004295891095580373,5.709026140721107e-07,-1.2084325362593518e-07,6.917458676980459e-07,5.709026140721107e-07,1.1518052281442214e-08,True,2,validation_energy_increased,False,10.499026200035587,26.769668799999636,0.00034537127294242964,ok,7.945327696377063e-05,0.00015890655391609818,0.014093721154712753,0.003079908734540069,0.014093721154712753,0.003079908734540069,0.028680538937692,0.0012993910537868378,16262.573535400035
504,504,488,488,2180,2180,2180,1,-1.679385669788036e-05,1.679385669788036e-05,0.002027632586751305,0.0026158510621426606,0.011913340749731246,0,3741,0.0005181452838194581,0.032411482304897314,3741,0.0005181452838194581,0.03241148230496696,3741,0.0005181452838194581,0.032411482304897314,True,310,3570,-365.38958655863286,-365.38915657232616,True,False,accepted,L-BFGS-B>Newton-CG,True,1.209963159825785e-12,1.884667423105477e-10,7.420035413102529e-09,7.77590855705057e-07,1356.0095973751318,-6.9965827376910014e-06,-1.260025883544763e-15,0.00042998630669899285,7.775907420182193e-07,3.803936010626785e-07,3.971971409555408e-07,7.775907420182193e-07,1.5651814840364386e-08,True,3,train_valid_drop_disagreed,False,10.512475800001994,22.82876209996175,0.00034499087934136696,ok,7.953449353679348e-05,0.0001590689870621322,0.014097560901841947,0.0030807478366190596,0.014097560901841947,0.0030807478366190596,0.028703300807264496,0.0013004222955551401,16297.447905900015
505,505,489,489,3009,3009,3009,1,-1.2174028842071305e-05,1.2174028842071305e-05,0.014562964779612027,0.0009677252870363306,0.002161108750076893,0,3741,0.0005158024042590508,0.023602117286675457,3741,0.0005158024042590508,0.02360211728587274,3741,0.0005158024042590508,0.023602117286675457,True,311,3569,-365.3895887063152,-365.38915263408114,True,False,accepted,L-BFGS-B>Newton-CG,True,1.1757413551475463e-12,9.346081396269935e-11,1.358004617439765e-08,2.147682380382321e-06,1356.0095973751318,-6.814809581647694e-06,-1.260025883544763e-15,0.00043607223403796525,2.147682323538902e-06,-3.938245015433495e-06,6.085927338972397e-06,3.938245015433495e-06,7.886490030866989e-08,True,4,validation_energy_increased,False,10.424879400001373,34.49504619999789,0.00034892912435680046,ok,7.9902918221827e-05,0.00015980583643214618,0.014176465021905074,0.003097990797928278,0.014176465021905074,0.003097990797928278,0.028848597029286497,0.0013070050383499868,16343.886514100013
506,506,490,490,2014,2014,2014,1,1.3028817253069036e-05,1.3028817253069036e-05,0.10221673519809815,0.0010835457431481448,0.0021823189533491196,0,3741,0.0004963954159786652,0.026246852476230376,3741,0.0004963954159786652,0.026246852469276334,3741,0.0004963954159786652,0.026246852476230376,True,312,3568,-365.3895905804534,-365.38915157635995,True,False,accepted,L-BFGS-B>Newton-CG,True,1.0913905649805733e-12,9.076584472333788e-11,1.3024242911055649e-08,1.874138263247005e-06,1356.0095973751318,-6.750390488713318e-06,-1.260025883544763e-15,0.00043900409343677893,1.874138206403586e-06,-1.0577211924100993e-06,2.9318593988136854e-06,1.874138206403586e-06,3.758276412807172e-08,True,5,validation_energy_increased,False,10.381262899958529,22.912302699987777,0.00034998684554921056,ok,8.009955420065694e-05,0.00016019910838977773,0.014195002233592829,0.003102041745124153,0.014195002233592829,0.003102041745124153,0.028882818043947524,0.0013085554443726438,16378.661812799983
507,507,491,491,3776,3776,3776,1,-1.1550566583196087e-05,1.1550566583196087e-05,0.19248580570636004,0.000870284470784784,0.0015454152159740996,0,3741,0.0004993136597939499,0.023132887227564777,3741,0.0004993136597939499,0.023132887209009946,3741,0.0004993136597939499,0.023132887227564777,True,313,3567,-365.3895928601752,-365.3891511425926,True,False,accepted,L-BFGS-B>Newton-CG,True,1.2458515703603242e-12,9.386944489129665e-11,1.4272173621598105e-08,2.279721911691013e-06,1356.0095973751318,-6.298473675218619e-06,-1.260025883544763e-15,0.00044171758258926275,2.279721798004175e-06,-4.3376735447964165e-07,2.7134891524838167e-06,2.279721798004175e-06,4.5694435960083505e-08,True,6,validation_energy_increased,False,10.348491499957163,37.922515400045086,0.0003504206129036902,ok,8.133570461401082e-05,0.00016267140921630746,0.01419506271473745,0.003102054962102377,0.01419506271473745,0.003102054962102377,0.028893143594622524,0.0013090232503717453,16428.47273420001
508,508,492,492,3433,3433,3433,1,-1.181989499876579e-05,1.181989499876579e-05,0.23564940290289352,0.0012377611951804553,0.002034532095377252,0,3741,0.0005062933881635254,0.02334593987419037,3741,0.0005062933881635254,0.023345939987178217,3741,0.0005062933881635254,0.02334593987419037,True,314,3566,-365.38959413006137,-365.3891517127761,True,False,accepted,L-BFGS-B>Newton-CG,True,1.1477770739015917e-12,1.2019344641552075e-10,1.0549414782014085e-08,1.2698861837634468e-06,1356.0095973751318,-6.069771895649425e-06,-1.260025883544763e-15,0.0004424172852850461,1.2698861837634468e-06,5.701834879801027e-07,6.997026957833441e-07,1.2698861837634468e-06,2.5497723675268935e-08,True,7,train_valid_drop_disagreed,False,10.474194299953524,24.007845099957194,0.0003498504294157101,ok,8.085126720293301e-05,0.00016170253439422161,0.014176399501273985,0.003097976479668269,0.014176399501273985,0.003097976479668269,0.028861620587509466,0.0013075950793907136,16464.432981799997
509,509,493,493,2612,2612,2612,1,1.1579699612018768e-05,1.1579699612018768e-05,0.08507915274150833,0.0010948815637295132,0.0020082689423003217,0,3741,0.0005157872277117171,0.022450535782733406,3741,0.0005157872277117171,0.02245053576452791,3741,0.0005157872277117171,0.022450535782733406,True,315,3565,-365.38959525183134,-365.3891509650104,True,False,accepted,L-BFGS-B>Newton-CG,False,4.367707707576841e-09,4.1297468040734514e-07,1.1576211847342973e-08,1.1217699693588656e-06,1356.0095973751318,-6.129418415647124e-06,-1.260025883544763e-15,0.00044428682093666794,1.1217699693588656e-06,-7.477656822629797e-07,1.8695356516218453e-06,1.1217699693588656e-06,2.2535399387177315e-08,True,8,validation_energy_increased,False,10.371528699994087,75.90241969999624,0.0003505981950979731,ok,8.097543544221609e-05,0.00016195087087276987,0.014161829492378205,0.0030947924875083677,0.014161829492378205,0.0030947924875083677,0.028895183401911582,0.0013091156652091586,16552.255680400005
510,510,494,494,593,593,593,1,-1.1330888763609839e-05,1.1330888763609839e-05,0.03864410908147115,0.00011402452675644542,0.00022430318947421483,0,3741,0.000517197252027636,0.021908253996300007,3741,0.000517197252027636,0.02190825399681809,3741,0.000517197252027636,0.021908253996300007,True,316,3564,-365.3896858762828,-365.3890687172583,True,False,accepted,L-BFGS-B>Newton-CG,True,1.0229991569214953e-12,1.0294606252248618e-11,1.0037234429903958e-07,9.06244515022081e-05,5836.735125844948,-5.589537346051998e-06,-1.260025883544763e-15,0.0006171590245003244,9.062445144536468e-05,-8.224775211829183e-05,0.0001728722035636565,9.062445144536468e-05,1.8125890289072937e-06,True,9,validation_energy_increased,False,10.067868799960706,25.821102300018538,0.0004328459472162649,ok,8.554600841464494e-05,0.00017109201681696933,0.014497867392217983,0.003168227036942955,0.014497867392217983,0.003168227036942955,0.03227673477798302,0.001462319118447384,16589.65121520002
511,511,495,495,3537,3537,3537,1,-4.662781332243071e-05,4.662781332243071e-05,0.02574430857329341,0.0011029891517015439,0.002853379892323756,0,3741,0.0005473497745851233,0.08518833018205473,3741,0.0005473497745851233,0.08518833017564584,3741,0.0005473497745851233,0.08518833018205473,True,317,3563,-365.3897108276783,-365.38903829969445,True,False,accepted,L-BFGS-B>Newton-CG,True,1.0987624121292058e-12,2.5991418741652858e-11,4.327404525511226e-08,2.495139563052362e-05,5836.735125844948,-5.773602488818518e-06,-1.260025883544763e-15,0.0006725279838519782,2.4951395516836783e-05,-3.0417563834816974e-05,5.536895935165376e-05,3.0417563834816974e-05,6.084512766963395e-07,True,10,validation_energy_increased,False,10.439761399989948,26.097829699981958,0.0004632635110510819,ok,8.650957945932261e-05,0.0001730191589061859,0.014011748782824431,0.0030619952664503883,0.014011748782824431,0.0030619952664503883,0.033370105763284766,0.0015118550243052786,16627.71431760001
512,512,496,496,271,271,271,1,-3.128200590296615e-05,3.128200590296615e-05,0.061775823473232475,0.00092258797917828,0.0019390903454733423,0,3741,0.0005479225014248563,0.057092026375296166,3741,0.0005479225014248563,0.057092026384506,3741,0.0005479225014248563,0.057092026375296166,True,318,3562,-365.38972393252294,-365.38902218307925,True,False,accepted,L-BFGS-B>Newton-CG,True,8.108882511945569e-13,2.3915210405612916e-11,3.490679979149341e-08,1.3104844640565716e-05,5836.735125844948,-6.0159996074254516e-06,-1.260025883544763e-15,0.0007017494436922789,1.3104844640565716e-05,-1.611661519973495e-05,2.9221459840300668e-05,1.611661519973495e-05,3.2243230399469906e-07,True,11,validation_energy_increased,False,10.42617320001591,36.478432600037195,0.00047938012625081683,ok,8.675167707490914e-05,0.00017350335413732408,0.013944813918792896,0.0030473679533289675,0.013944813918792896,0.0030473679533289675,0.03400488996413907,0.001540614348300802,16676.182179900003
513,513,497,497,3719,3719,3719,1,2.05581496228735e-05,2.05581496228735e-05,0.02385626135740242,0.00110952976593846,0.0028086623180774884,0,3741,0.0005557309878394427,0.036992987745381935,3741,0.0005557309878394427,0.036992987738293175,3741,0.0005557309878394427,0.036992987745381935,True,319,3561,-365.38972891219345,-365.3890177554225,True,False,accepted,L-BFGS-B>Newton-CG,True,9.4447001875466e-13,5.097334210603888e-11,1.9528705000152765e-08,4.979670620741672e-06,5836.735125844948,-6.040906085429401e-06,-1.260025883544763e-15,0.0007111567709330302,4.979670507054834e-06,-4.4276567336964945e-06,9.407327240751329e-06,4.979670507054834e-06,9.969341014109668e-08,True,12,validation_energy_increased,False,10.443627600034233,26.106990100000985,0.0004838077829845133,ok,8.666830094127538e-05,0.00017333660187006855,0.01376759436771282,0.0030086400661151437,0.01376759436771282,0.0030086400661151437,0.034183380250566546,0.0015487009704481603,16714.294428199995
514,514,498,498,234,234,234,1,-2.042246563371819e-05,2.042246563371819e-05,0.03739320514953755,0.0007000581822755888,0.0016276714547603913,0,3741,0.0005487969113914304,0.03721315701638822,3741,0.0005487969113914304,0.03721315701867347,3741,0.0005487969113914304,0.03721315701638822,True,320,3560,-365.38973848021357,-365.38900643976297,True,False,accepted,L-BFGS-B>Newton-CG,True,9.582317061576197e-13,3.284705929617373e-11,3.017252645107386e-08,9.568020175265701e-06,5836.735125844948,-6.280530346828378e-06,-1.260025883544763e-15,0.0007320404506003797,9.568020118422282e-06,-1.1315659548927215e-05,2.0883679667349497e-05,1.1315659548927215e-05,2.2641319097854432e-07,True,13,validation_energy_increased,False,10.182530599995516,27.68562360003125,0.0004951234425334405,ok,8.692115255188135e-05,0.0001738423050912441,0.014122070604871369,0.003086103955674676,0.014122070604871369,0.003086103955674676,0.034609903864001895,0.0015680249088417435,16753.662306500017
515,515,499,499,605,605,605,1,-1.9909977241161503e-05,1.9909977241161503e-05,0.021206086355141304,0.000452341374301769,0.0009773659145282923,0,3741,0.0005550526896267125,0.035870427462573844,3741,0.0005550526896267125,0.03587042746270597,3741,0.0005550526896267125,0.035870427462573844,True,321,3559,-365.38976077671356,-365.3889835940669,True,False,accepted,L-BFGS-B>Newton-CG,True,9.496446941508698e-13,2.1575292547609574e-11,4.501537972453057e-08,2.229649993523708e-05,5836.735125844948,-6.342102821250088e-06,-1.260025883544763e-15,0.0007771826466864695,2.22964999920805e-05,-2.2845696094009327e-05,4.5142196086089825e-05,2.2845696094009327e-05,4.5701392188018653e-07,True,14,validation_energy_increased,False,10.362542199960444,25.993399999977555,0.0005179691386274499,ok,8.688424677083871e-05,0.00017376849352916413,0.013990225883049772,0.003057291855173769,0.013990225883049772,0.003057291855173769,0.035434873575354124,0.001605400714955604,16791.664550099988
516,516,500,500,3457,3457,3457,1,1.6959776542257998e-05,1.6959776542257998e-05,0.010849708365003985,0.0007058679642300596,0.0022878274491117657,0,3741,0.0005504985577499447,0.03080803083586226,3741,0.0005504985577499447,0.030808030834329782,3741,0.0005504985577499447,0.03080803083586226,True,322,3558,-365.3897674020162,-365.38897070868296,True,False,accepted,L-BFGS-B>Newton-CG,True,7.993263563793144e-13,3.326806016643314e-11,2.5026839929363237e-08,6.625302660268062e-06,5836.735125844948,-6.147442039784668e-06,-1.260025883544763e-15,0.000796693333256826,6.625302660268062e-06,-1.2885383910088422e-05,1.9510686570356484e-05,1.2885383910088422e-05,2.5780767820176843e-07,True,15,validation_energy_increased,False,10.751482799998485,24.264965599984862,0.0005308545225375383,ok,8.740738615651739e-05,0.00017481477230044614,0.01397636935780026,0.0030542637809925174,0.01397636935780026,0.0030542637809925174,0.03573811308396703,0.001619139184288497,16828.18532380002
517,517,501,501,731,731,731,1,-1.6657431495203934e-05,1.6657431495203934e-05,0.0039058778662856082,0.001566495219819528,0.006249302780816505,0,3741,0.0005555252761821082,0.02998501096058754,3741,0.0005555252761821082,0.02998501096016049,3741,0.0005555252761821082,0.02998501096058754,True,323,3557,-365.3897689577528,-365.38897190537034,True,False,accepted,L-BFGS-B>Newton-CG,True,9.521759952095154e-13,8.954436611507752e-11,1.1633566761596492e-08,1.5557366168650333e-06,5836.735125844948,-6.1374613811730595e-06,-1.260025883544763e-15,0.0007970523824383235,1.5557365600216144e-06,1.196687378524075e-06,3.590491814975394e-07,1.5557365600216144e-06,3.121473120043229e-08,True,16,train_valid_drop_disagreed,False,10.362457599956542,49.91956960002426,0.0005296578351590142,ok,8.725967791706106e-05,0.00017451935582155474,0.014125653278951407,0.003086886879437037,0.014125653278951407,0.003086886879437037,0.035757958172232235,0.0016200382793232673,16890.026658000017
518,518,502,502,3640,3640,3640,1,2.0084586939833615e-05,2.0084586939833615e-05,0.0007109304697900091,0.002920460791722108,0.016256333766407022,0,3741,0.0005560117969741342,0.03612259137150638,3741,0.0005560117969741342,0.0361225913715089,3741,0.0005560117969741342,0.03612259137150638,True,324,3556,-365.3897701017331,-365.38896971545796,True,False,accepted,L-BFGS-B>Newton-CG,True,9.89287018092321e-13,1.4385030443474617e-10,7.877197945320195e-09,1.1439802847235114e-06,5836.735125844948,-6.0595109622169505e-06,-1.260025883544763e-15,0.000800386275159326,1.1439803415669303e-06,-2.1899123794355546e-06,3.333892721002485e-06,2.1899123794355546e-06,4.3898247588711096e-08,True,17,validation_energy_increased,False,10.505890000029467,25.66300160001265,0.0005318477475384498,ok,8.705074713752419e-05,0.0001741014942625111,0.012744723462387334,0.002785111517406385,0.012744723462387334,0.002785111517406385,0.035791818660874594,0.001621572351472829,16927.70638390002
519,519,503,503,419,419,419,1,1.6798392066252887e-05,1.6798392066252887e-05,0.01177051459400217,0.0006552029693706809,0.0016356526638524951,0,3741,0.0005567883983953836,0.03017015461289138,3741,0.0005567883983953836,0.030170154612466877,3741,0.0005567883983953836,0.03017015461289138,True,325,3555,-365.3897796976168,-365.38896052534324,True,False,accepted,L-BFGS-B>Newton-CG,True,1.0680168642798303e-12,4.1656833520414086e-11,2.663845530305237e-08,9.595883739166311e-06,5836.735125844948,-6.03015464656262e-06,-1.260025883544763e-15,0.0008191722735659823,9.595883682322892e-06,-9.190114724333398e-06,1.878599840665629e-05,9.595883682322892e-06,1.9201767364645785e-07,True,18,validation_energy_increased,False,10.295811199990567,25.212490700010676,0.0005410378622627832,ok,8.707739353365715e-05,0.0001741547870547732,0.012936399527174737,0.002826998594613357,0.012936399527174737,0.002826998594613357,0.0361262721938281,0.0016367249931150004,16964.782783800038
520,520,504,504,860,860,860,1,1.717752818822249e-05,1.717752818822249e-05,0.0029232465622193505,0.0020407018314301736,0.00838664848929224,0,3741,0.0005606075378050059,0.030640915488719826,3741,0.0005606075378050059,0.0306409154883087,3741,0.0005606075378050059,0.030640915488719826,True,326,3554,-365.3897807511641,-365.38896153086887,True,False,accepted,L-BFGS-B>Newton-CG,True,1.130767508714517e-12,1.343359357824929e-10,9.41746106228325e-09,1.053547293849988e-06,5836.735125844948,-5.9782961815809515e-06,-1.260025883544763e-15,0.0008192202952272964,1.053547293849988e-06,1.0055256325358641e-06,4.8021661314123776e-08,1.053547293849988e-06,2.117094587699976e-08,True,19,train_valid_drop_disagreed,False,10.257345699996222,24.66162590001477,0.0005400323366302473,ok,8.675191554004416e-05,0.0001735038310675941,0.012794510660196223,0.0027959915414764364,0.012794510660196223,0.0027959915414764364,0.03614377964735652,0.0016375181800400733,17001.228261500015
521,521,505,505,1086,1086,1086,1,-1.6465276265531514e-05,1.6465276265531514e-05,0.0754889135738846,0.0009832232912121072,0.0020340984615895507,0,3741,0.0005581811894049444,0.029498085170309156,3741,0.0005581811894049444,0.029498085161415936,3741,0.0005581811894049444,0.029498085170309156,True,327,3553,-365.38978416845,-365.3889567265011,True,False,accepted,L-BFGS-B>Newton-CG,True,8.281782671969768e-10,4.945463085489383e-08,1.7746222808273646e-08,3.4172859386671917e-06,5836.735125844948,-5.8301580616584e-06,-1.260025883544763e-15,0.0008274419488998319,3.417285881823773e-06,-4.804367790711694e-06,8.221653672535467e-06,4.804367790711694e-06,9.618735581423389e-08,True,20,validation_energy_increased,False,10.38518770004157,67.48222609999357,0.000544836704420959,ok,8.69486629552136e-05,0.00017389732589790464,0.012746609269109168,0.002785523623799755,0.012746609269109168,0.002785523623799755,0.0363041868373627,0.0016447855353749897,17080.68000739999
522,522,506,506,3536,3536,3536,1,-1.5932764735104854e-05,1.5932764735104854e-05,0.04574001191293497,0.001632015057012098,0.0039202587752322545,0,3741,0.0005517498312243808,0.028876791316362824,3741,0.0005517498312243808,0.028876791299206492,3741,0.0005517498312243808,0.028876791316362824,True,328,3552,-365.38978597717346,-365.38895578688107,True,False,accepted,L-BFGS-B>Newton-CG,True,1.314716513114547e-12,1.3466849201356868e-10,1.0762614056613043e-08,1.8087235957864323e-06,5836.735125844948,-5.518570630236824e-06,-1.260025883544763e-15,0.0008301902923903981,1.8087234820995945e-06,-9.396200084665907e-07,2.748343490566185e-06,1.8087234820995945e-06,3.627446964199189e-08,True,21,validation_energy_increased,False,10.31665090000024,24.56516830000328,0.0005457763244294256,ok,8.776261772480037e-05,0.00017552523543696094,0.012766801633369964,0.002789936272409384,0.012766801633369964,0.002789936272409384,0.036334931278326724,0.001646178432894423,17117.114659500017
523,523,507,507,1465,1465,1465,1,1.555149640175557e-05,1.555149640175557e-05,0.02156732191613912,0.0011850634875378416,0.0031885807627864624,0,3741,0.0005517041090778322,0.028188110521325895,3741,0.0005517041090778322,0.028188110517022812,3741,0.0005517041090778322,0.028188110521325895,True,329,3551,-365.38978755816436,-365.3889540057947,True,False,accepted,L-BFGS-B>Newton-CG,True,8.218359703459094e-13,6.26259869176329e-11,1.4122922460715975e-08,1.5809909541530942e-06,5836.735125844948,-5.499849530326499e-06,-1.260025883544763e-15,0.0008335523696700875,1.5809908973096753e-06,-1.7810863823797263e-06,3.3620772796894016e-06,1.7810863823797263e-06,3.572172764759453e-08,True,22,validation_energy_increased,False,10.459221400029492,23.884611100016627,0.0005475574108118053,ok,8.807317720809044e-05,0.00017614635440349637,0.012751142877129147,0.0027865143556857087,0.012751142877129147,0.0027865143556857087,0.0363871155337367,0.001648542675587894,17153.03616379999
524,524,508,508,3136,3136,3136,1,1.4967524239573038e-05,1.4967524239573038e-05,0.1270166671381332,0.0009774576539579962,0.0018982237465524638,0,3741,0.0005615646487691289,0.026653252252220216,3741,0.0005615646487691289,0.026653252232816987,3741,0.0005615646487691289,0.026653252252220216,True,330,3550,-365.38979033893224,-365.38895289667937,True,False,accepted,L-BFGS-B>Newton-CG,True,1.2550809745867188e-12,8.196335597271585e-11,1.6312708462114615e-08,2.7807679430225107e-06,5836.735125844948,-5.545690591958341e-06,-1.260025883544763e-15,0.0008374422528731884,2.780767886179092e-06,-1.109115316921816e-06,3.889883203100908e-06,2.780767886179092e-06,5.571535772358184e-08,True,23,validation_energy_increased,False,10.29693920002319,36.96280259999912,0.0005486665261287271,ok,8.80126806750159e-05,0.000176025361337356,0.012739665187123033,0.0027840061296952752,0.012739665187123033,0.0027840061296952752,0.036418543449062035,0.0016499665383717013,17201.77234949998
525,525,509,509,1483,1483,1483,1,1.764958444372411e-05,1.764958444372411e-05,0.04439024599077798,0.0010573648804542367,0.002505467174108684,0,3741,0.0005508146306374669,0.03204269360691809,3741,0.0005508146306374669,0.03204269363377902,3741,0.0005508146306374669,0.03204269360691809,True,331,3549,-365.3897937086171,-365.38894956644356,True,False,accepted,L-BFGS-B>Newton-CG,True,1.2404313396481906e-12,7.431271518516288e-11,1.769204706835759e-08,3.369684861809219e-06,5836.735125844948,-5.843944239625078e-06,-1.260025883544763e-15,0.0008441421735483345,3.369684861809219e-06,-3.3302358133369125e-06,6.6999206751461315e-06,3.369684861809219e-06,6.749369723618437e-08,True,24,validation_energy_increased,False,10.078735000046436,23.69190240005264,0.000551996761942064,ok,8.835241194086339e-05,0.00017670482386900204,0.012765210945666313,0.002789588658539447,0.012765210945666313,0.002789588658539447,0.036503352850273826,0.0016538088851787481,17237.135937199986
526,526,510,510,13,13,13,1,-2.2904388130129405e-05,2.2904388130129405e-05,0.04728723286751839,0.0007799038585077124,0.0017239619783705601,0,3741,0.0005505753248411102,0.041600825712157286,3741,0.0005505753248411102,0.041600825703856585,3741,0.0005505753248411102,0.041600825712157286,True,332,3548,-365.3898034072684,-365.3889394635506,True,False,accepted,L-BFGS-B>Newton-CG,True,1.0079701333482677e-12,3.4321798510002124e-11,3.0368220113946626e-08,9.698651354028698e-06,5836.735125844948,-5.8152463965190194e-06,-1.260025883544763e-15,0.0008639437177748732,9.698651297185279e-06,-1.0102892929353402e-05,1.980154422653868e-05,1.0102892929353402e-05,2.0215785858706804e-07,True,25,validation_energy_increased,False,10.251037900045048,162.87055849999888,0.0005620996548714174,ok,8.830417175487809e-05,0.00017660834349703838,0.012751193157957464,0.0027865253435831287,0.012751193157957464,0.0027865253435831287,0.03678577739977992,0.0016666043188278596,17411.79285289999
527,527,511,511,183,183,183,1,-1.8844049710864397e-05,1.8844049710864397e-05,0.11178103690250817,0.0010251582397775292,0.0017941212333228112,0,3741,0.0005575056801568725,0.03380064164648871,3741,0.0005575056801568725,0.033800641646581184,3741,0.0005575056801568725,0.03380064164648871,True,333,3547,-365.3898079838623,-365.3889371975557,True,False,accepted,L-BFGS-B>Newton-CG,True,7.596910816206258e-13,4.132888540560527e-11,1.9381601007744376e-08,4.57659405128652e-06,5836.735125844948,-6.043723161415967e-06,-1.260025883544763e-15,0.0008707863065637866,4.576593880756263e-06,-2.265994908157154e-06,6.842588788913417e-06,4.576593880756263e-06,9.163187761512527e-08,True,26,validation_energy_increased,False,10.172035299998242,48.33562379999785,0.0005643656497795746,ok,8.816866241402795e-05,0.00017633732481535762,0.01271459052857359,0.0027785265505951727,0.01271459052857359,0.0027785265505951727,0.03685943039386792,0.0016699412171271028,17471.884944799996
528,528,512,512,2517,2517,2517,1,-1.5950142925547084e-05,1.5950142925547084e-05,0.01742283546860473,0.0009793496551270253,0.002762052987686416,0,3741,0.0005708473288776833,0.027941171165512726,3741,0.0005708473288776833,0.02794117115887396,3741,0.0005708473288776833,0.027941171165512726,True,334,3546,-365.38981216031345,-365.3889325663864,True,False,accepted,L-BFGS-B>Newton-CG,True,8.37049880393297e-13,5.13954337055105e-11,1.7286463991908108e-08,4.176451284365612e-06,5836.735125844948,-5.9798019333083895e-06,-1.260025883544763e-15,0.0008795939270385134,4.176451170678774e-06,-4.631169304047944e-06,8.807620474726718e-06,4.631169304047944e-06,9.272338608095888e-08,True,27,validation_energy_increased,False,10.150004299997818,89.49038450000808,0.0005689968190836225,ok,8.834601156137279e-05,0.00017669202311002176,0.012607630458346399,0.0027551525068686446,0.012607630458346399,0.0027551525068686446,0.03698664036327524,0.0016757045501160492,17573.444900600007
