attempted_iteration,nominal_selected_count,accepted_atom_count,effective_rank,raw_winner_pool_index,nominal_pool_index,accepted_pool_index,candidate_score_rank,signed_score,dual_score_abs,atom_scale,innovation_abs,innovation_rel,rejected_candidate_count,oracle_pool_index,oracle_score,oracle_ratio,raw_oracle_pool_index,raw_oracle_score,raw_oracle_ratio,admissible_oracle_pool_index,admissible_oracle_score,admissible_oracle_ratio,coverage_warning,coverage_warning_streak,remaining_candidate_count,train_energy,validation_energy,accepted,rollback,acceptance_reason,method_chain,optimizer_success,projected_residual_abs,projected_residual_rel,projected_residual_target,energy_decrease,condition_estimate,zero_mean_residual,compatibility_residual,train_validation_gap,train_energy_drop,validation_energy_drop,train_validation_drop_gap,energy_drop_scale,energy_drop_gap_limit,quadrature_warning,quadrature_warning_streak,quadrature_warning_reason,trusted,elapsed_selection_s,elapsed_projection_s,energy_gap_raw,energy_gap_status,l2_abs,l2_rel,natural_abs,natural_rel,w1p_full_abs,w1p_full_rel,quasi_abs,quasi_rel,elapsed_total_s
1,1,1,1,100,100,100,1,346.3483169472377,346.3483169472377,0.8357300428352429,0.7785644110913014,1.0,0,3676,346.3485384703852,0.9999993604039777,3676,346.3485384703852,0.9999993604039772,3676,346.3485384703852,0.9999993604039777,False,0,1844,-1195.3121635833818,-1195.312163583381,True,False,accepted,L-BFGS-B,True,0.00011152368301736715,2.5069667251877177e-07,0.000444856058892002,1195.3121635833818,1.0,1.124100812432971e-15,2.2737367544323206e-13,6.821210263296962e-13,1195.3121635833818,1195.312163583381,6.821210263296962e-13,1195.3121635833818,23.906243271767636,False,0,none,True,2.6379500000039116,0.017972700006794184,1464.605415585111,ok,0.6614997906122221,0.9355019753907672,4.453363141610792,0.8796957054470329,4.453680915416172,0.8797405102732521,46.382991192135364,0.8043955438861073,7.136436700006016
2,2,2,2,710,710,710,1,346.34799578357246,346.34799578357246,0.835442746741825,0.7780213573369299,0.9998676023233289,0,3676,346.3485384703852,0.9999984331193797,3676,346.3485384703852,0.9999984331193804,3676,346.3485384703852,0.9999984331193797,False,0,1843,-2390.622941672823,-2390.6229416728224,True,False,accepted,L-BFGS-B,True,0.00019813542713765912,4.450829662834496e-07,0.00044516615379624125,1195.310778089441,1.0006979933767246,2.2620794126737565e-15,2.2737367544323206e-13,4.547473508864641e-13,1195.310778089441,1195.3107780894413,-2.2737367544323206e-13,1195.3107780894413,23.906215561888825,False,0,none,True,2.6972152999951504,0.023952800023835152,269.2946374956696,ok,0.08463692130200476,0.11969468198279945,2.821616544039132,0.5573684151236135,2.821616614630968,0.5573570463385965,31.264284284235835,0.5421998520287749,9.874664600007236
3,3,3,3,474,474,474,1,-120.86551178102611,120.86551178102611,0.6781694250090977,0.45131784494324806,0.8056567945550255,0,878,120.8691908041157,0.9999695619448999,878,120.8691908041157,0.9999695619448976,878,120.8691908041157,0.9999695619448999,False,0,1842,-2468.628340704174,-2468.6283407041738,True,False,accepted,L-BFGS-B,True,1.2878788188357701e-05,4.8090062328051396e-08,0.0002678066040040809,78.00539903135132,1.7250911299312874,2.4841240175987878e-15,2.2737367544323206e-13,4.547473508864641e-13,78.00539903135132,78.00539903135132,0.0,78.00539903135132,1.5601079807270264,False,0,none,True,2.6593969999812543,0.02759060001699254,191.28923846431826,ok,0.06922978670109063,0.09790570327287891,2.537413782393883,0.5012283832094223,2.5374138321023443,0.5012181568062631,25.85502295918334,0.4483899101998083,12.581717499997467
4,4,4,4,21,21,21,1,-120.66162467350208,120.66162467350208,0.6788929031206957,0.45160020259709016,0.8048478749254869,0,1071,120.66180155435717,0.9999985340774561,1071,120.66180155435717,0.9999985340774522,1071,120.66180155435717,0.9999985340774561,False,0,1841,-2546.193241560628,-2546.1932415606284,True,False,accepted,L-BFGS-B,True,4.6832251066567406e-05,1.7527904097187176e-07,0.0002671878285386323,77.56490085645419,1.7250911299312874,2.463307335887066e-15,2.2737367544323206e-13,-4.547473508864641e-13,77.56490085645373,77.56490085645464,-9.094947017729282e-13,77.56490085645464,1.5512980172290929,False,0,none,True,2.663900099985767,0.04552960000000894,113.72433760786362,ok,0.043737938889180185,0.06185478636732425,1.998696416420037,0.3948127736515823,1.9986964283425404,0.3948047130329916,19.011723952295224,0.329710215657935,15.314848000009079
5,5,5,5,1815,1815,1815,1,53.364645875800306,53.364645875800306,0.7961491469333181,0.3045458706180116,0.423256450435815,0,2525,53.36432345848233,1.0000060418140262,2525,53.36432345848233,1.0000060418140502,2525,53.36432345848233,1.0000060418140262,False,0,1840,-2569.3147310034155,-2569.314731003415,True,False,accepted,L-BFGS-B,True,4.580178491508327e-06,2.6138558603154577e-08,0.0001752278960598141,23.121489442787606,2.5564766631423015,2.345346139520643e-15,2.2737367544323206e-13,4.547473508864641e-13,23.121489442787606,23.121489442786697,9.094947017729282e-13,23.121489442787606,0.46242978895575215,False,0,none,True,2.659190699981991,0.04617079999297857,90.60284816507692,ok,0.04856738673227532,0.06868465700580288,1.991438260296921,0.39337903277576863,1.9914382826298191,0.39337100349380016,16.745366941261373,0.2904059915517549,18.04073700000299
6,6,6,6,1117,1117,1117,1,52.71001511976988,52.71001511976988,0.7958448602924766,0.30460351577963907,0.42359658557836527,0,1201,52.710694604564836,0.9999871091663646,1201,52.710694604564836,0.9999871091663528,1201,52.710694604564836,0.9999871091663646,False,0,1839,-2591.8175786130573,-2591.8175786130564,True,False,accepted,L-BFGS-B,True,3.718982179643147e-06,2.1491457358011237e-08,0.00017304567154977952,22.502847609641776,2.5564766631423015,2.130240428499519e-15,2.2737367544323206e-13,9.094947017729282e-13,22.502847609641776,22.50284760964132,4.547473508864641e-13,22.502847609641776,0.45005695229283554,False,0,none,True,2.6397848000051454,0.05045260000042617,68.1000005554356,ok,0.04991989776192603,0.07059739644719411,1.9844973981102196,0.392007968601664,1.98449743668384,0.391999970527988,14.20098761810137,0.2462801743739078,20.75265759998001
7,7,7,7,1126,1126,1126,1,-25.234475248836006,25.234475248836006,0.7221713796801384,0.2666560061497795,0.4321381236499248,0,177,25.23587054575521,0.9999447097766383,177,25.23587054575521,0.9999447097766317,177,25.23587054575521,0.9999447097766383,False,0,1838,-2597.362349134231,-2597.3623491342305,True,False,accepted,L-BFGS-B,True,1.002395592570096e-05,1.0592445816666894e-07,9.463406302618578e-05,5.5447705211745415,2.919733263588989,2.1094237467877974e-15,2.2737367544323206e-13,4.547473508864641e-13,5.544770521173632,5.544770521174087,-4.547473508864641e-13,5.544770521174087,0.11089541052348173,False,0,none,True,2.694108099967707,0.05417479999596253,62.55523003426151,ok,0.04920076712943181,0.06958039215360284,1.9843888602015844,0.39198652855083754,1.9843888969117947,0.3919785305469347,13.54487693338001,0.2349015957716849,23.522884599980898
8,8,8,8,177,177,177,1,-24.687557581040124,24.687557581040124,0.7226113030296548,0.26620153629285676,0.43099468409600183,0,26,24.687229041200922,1.0000133080889173,26,24.687229041200922,1.0000133080889602,26,24.687229041200922,1.0000133080889173,False,0,1837,-2602.675671390494,-2602.6756713904942,True,False,accepted,L-BFGS-B,True,3.7327554356875746e-06,4.024963581141693e-08,9.274110461055569e-05,5.313322256262836,2.9247179484147603,2.1510571102112408e-15,2.2737367544323206e-13,-4.547473508864641e-13,5.313322256262836,5.313322256263746,-9.094947017729282e-13,5.313322256263746,0.10626644522527491,False,0,none,True,2.6707251999760047,0.05911339999875054,57.24190777799777,ok,0.04852950749851253,0.06863108767968323,1.9842897261299977,0.39196694608826593,1.9842897610854995,0.391958948137672,12.885555505354345,0.22346733495621607,26.273047199996654
9,9,9,9,374,374,374,1,-16.709141424602215,16.709141424602215,0.6146300203565119,0.3018236906492391,0.6256234778836732,0,1480,16.709369900867955,0.9999863264583227,1480,16.709369900867955,0.9999863264583196,1480,16.709369900867955,0.9999863264583227,False,0,1836,-2612.108005955574,-2612.1080059555734,True,False,accepted,L-BFGS-B,True,3.829920823950372e-06,6.918134159280017e-08,5.536160353517282e-05,9.432334565080055,2.9247179484147603,2.1788126858268697e-15,2.2737367544323206e-13,4.547473508864641e-13,9.432334565080055,9.432334565079145,9.094947017729282e-13,9.432334565080055,0.18864669140160112,False,0,none,True,2.7010445999912918,0.06528769998112693,47.80957321291862,ok,0.04602252752527264,0.06508568260092965,1.8889124819119267,0.3731265889316605,1.8889125225797883,0.3731189768723243,11.486090305507528,0.1991971544084092,29.06269719998818
10,10,10,10,491,491,491,1,-16.363971536117603,16.363971536117603,0.6150162147010659,0.3001032503422801,0.6214669842954434,0,2126,16.364373246806725,0.9999754521188766,2126,16.364373246806725,0.9999754521188796,2126,16.364373246806725,0.9999754521188766,False,0,1835,-2621.32173710744,-2621.32173710744,True,False,accepted,L-BFGS-B,True,8.599389249790088e-06,1.5770650311562844e-07,5.452880373606486e-05,9.213731151866341,2.9247179484147603,2.1718737919229625e-15,2.2737367544323206e-13,0.0,9.213731151866341,9.213731151866796,-4.547473508864641e-13,9.213731151866796,0.18427462313733592,False,0,none,True,2.647748200048227,0.08224710001377389,38.595842061051826,ok,0.043408779448366214,0.061389284621941986,1.7730774784893297,0.3502451054749928,1.7730775285231637,0.35023796255759504,9.93173988181341,0.1722408818110302,31.8165157000185
11,11,11,11,1224,1224,1224,1,12.72205482029517,12.72205482029517,0.815003493081356,0.18117425941981533,0.2424530618883793,0,2337,12.723060225844257,0.9999209776947338,2337,12.723060225844257,0.9999209776945511,2337,12.723060225844257,0.9999209776947338,False,0,1834,-2626.8169318528026,-2626.816931852801,True,False,accepted,L-BFGS-B,True,1.924195065957447e-05,2.74023832804419e-07,7.022098949014104e-05,5.495194745362369,4.297323546868869,1.9290125052862095e-15,2.2737367544323206e-13,1.3642420526593924e-12,5.495194745362369,5.495194745361005,1.3642420526593924e-12,5.495194745362369,0.10990389500724737,False,0,none,True,2.6854980000061914,0.09081789996707812,33.10064731569082,ok,0.045180073769483096,0.06389427307381992,1.7723547526852659,0.35010234173311194,1.7723548114445156,0.35009520345481504,8.987523652423635,0.15586584199870213,34.61732720001601
12,12,12,12,1158,1158,1158,1,12.675256778699065,12.675256778699065,0.8156770068076996,0.18136436664724745,0.24238194646260425,0,2505,12.67680964327741,0.9998775035184686,2505,12.67680964327741,0.9998775035183736,2505,12.67680964327741,0.9998775035184686,False,0,1833,-2632.3364291883827,-2632.336429188383,True,False,accepted,L-BFGS-B,True,2.460365620025942e-05,3.5204238064114976e-07,6.988933604479817e-05,5.519497335580127,4.297323546868869,1.7694179454963432e-15,2.2737367544323206e-13,-4.547473508864641e-13,5.519497335580127,5.519497335581946,-1.8189894035458565e-12,5.519497335581946,0.11038994681163891,False,0,none,True,2.6434491999680176,0.10881800000788644,27.581149980108876,ok,0.04637394785511254,0.06558266599748286,1.7716047366071475,0.34995418720316307,1.7716048054470817,0.34994705394176695,7.926232223129501,0.13746042926987687,37.394730300002266
13,13,13,13,1123,1123,1123,1,7.399617320195318,7.399617320195318,0.7780155626022823,0.20309292018451894,0.29284415734731206,0,2867,7.399736640275368,0.9999838750909864,2867,7.399736640275368,0.9999838750904944,2867,7.399736640275368,0.9999838750909864,False,0,1832,-2633.072733196794,-2633.0727331967946,True,False,accepted,L-BFGS-B,True,1.134961001244798e-05,3.115057191796835e-07,3.6435676198998683e-05,0.73630400841148,4.297323546868869,1.7486012637846216e-15,2.2737367544323206e-13,-4.547473508864641e-13,0.73630400841148,0.73630400841148,0.0,0.73630400841148,0.0147260802682296,False,0,none,True,2.693449700018391,0.10189489996992052,26.844845971697396,ok,0.04656722812906031,0.06585600558223899,1.7716033240335234,0.3499539081702364,1.7716033942299045,0.3499467751824793,7.777067800869545,0.13487355003918594,40.213510199973825
14,14,14,14,1631,1631,1631,1,7.160363947625314,7.160363947625314,0.77786037587521,0.202548449905249,0.2921517247882098,0,3214,7.160862086296727,0.9999304359355885,3214,7.160862086296727,0.999930435935569,3214,7.160862086296727,0.9999304359355885,False,0,1831,-2633.765313878207,-2633.7653138782052,True,False,accepted,L-BFGS-B,True,8.063750783260684e-06,2.2810302744110546e-07,3.535235361297511e-05,0.6925806814124371,4.297323546868869,1.8596235662471372e-15,2.2737367544323206e-13,1.8189894035458565e-12,0.6925806814128919,0.6925806814106181,2.2737367544323206e-12,0.6925806814128919,0.013851613728257836,False,0,none,True,2.6571255999733694,0.11040920001687482,26.152265290286778,ok,0.04677299967516446,0.06614701049348996,1.771602068496664,0.3499536601575889,1.771602140019514,0.3499465274369156,7.634230701120793,0.13239640219713403,43.005584899976384
15,15,15,15,664,664,664,1,-6.235212071492505,6.235212071492505,0.701147823402406,0.16413196764616872,0.27840182059334206,0,2530,6.234279119723314,1.0001496487005594,2530,6.234279119723314,1.0001496487006603,2530,6.234279119723314,1.0001496487005594,False,0,1830,-2634.8541532609347,-2634.8541532609347,True,False,accepted,L-BFGS-B,True,9.48878298422265e-06,2.4977704342995374e-07,3.799001153573642e-05,1.088839382727656,4.7435269451573845,1.8318679906315083e-15,2.2737367544323206e-13,0.0,1.088839382727656,1.088839382729475,-1.8189894035458565e-12,1.088839382729475,0.0217767877545895,False,0,none,True,2.683081499999389,0.10844869998982176,25.063425907557303,ok,0.04674981967875895,0.06611422902819752,1.7715956291633674,0.3499523881629936,1.7715957006258256,0.34994525545636807,7.405635541419136,0.12843199793833487,45.8229915999691
16,16,16,16,1040,1040,1040,1,-6.186288027415593,6.186288027415593,0.7015683459805157,0.1637499796092653,0.27749778905999734,0,398,6.186138394137112,1.0000241884789747,398,6.186138394137112,1.0000241884790142,398,6.186138394137112,1.0000241884789747,False,0,1829,-2635.9241916197197,-2635.9241916197193,True,False,accepted,L-BFGS-B,True,1.3952340278835253e-05,3.693159842419922e-07,3.777986924518561e-05,1.070038358785041,4.754592415517154,1.7486012637846216e-15,2.2737367544323206e-13,4.547473508864641e-13,1.070038358785041,1.0700383587845863,4.547473508864641e-13,1.070038358785041,0.021400767275700824,False,0,none,True,2.647345300007146,0.11888490000274032,23.993387548772716,ok,0.04672791339587026,0.06608324886583516,1.7715895560148402,0.3499511885027575,1.7715896274156044,0.3499440558084453,7.173926078283415,0.12441358397166037,48.6258749999688
17,17,17,17,1469,1469,1469,1,-5.272206818389499,5.272206818389499,0.6508462761148367,0.18255140468503275,0.3469514038335401,0,2406,5.273348876559514,0.9997834282925805,2406,5.273348876559514,0.9997834282925353,2406,5.273348876559514,0.9997834282925805,False,0,1828,-2637.304848490494,-2637.3048484904934,True,False,accepted,L-BFGS-B,True,2.0042853147351364e-06,6.939884204198043e-08,2.88816737369294e-05,1.3806568707741462,4.754592415517154,1.8665624601510444e-15,2.2737367544323206e-13,4.547473508864641e-13,1.3806568707741462,1.3806568707741462,0.0,1.3806568707741462,0.027613137515482927,False,0,none,True,2.615838600031566,0.11891170003218576,22.61273067799857,ok,0.04670989984723596,0.06605777386105006,1.7715000092067765,0.3499334998616148,1.771500080788271,0.34992636756424467,6.859254390305779,0.11895640026938874,51.38903249998111
18,18,18,18,1550,1550,1550,1,-5.063393381553507,5.063393381553507,0.6516946969371487,0.1803048727676126,0.34200393098924026,0,2977,5.065280177834145,0.9996275040640604,2977,5.065280177834145,0.9996275040640562,2977,5.065280177834145,0.9996275040640604,False,0,1827,-2638.6088223617476,-2638.608822361747,True,False,accepted,L-BFGS-B,True,7.478739539521354e-06,2.663141334403483e-07,2.808339819234572e-05,1.3039738712536746,4.754592415517154,1.8388068845354155e-15,2.2737367544323206e-13,4.547473508864641e-13,1.3039738712536746,1.3039738712536746,0.0,1.3039738712536746,0.026079477525073495,False,0,none,True,2.6819427000009455,0.15967230004025623,21.308756806744896,ok,0.04669718359100503,0.06603979035902567,1.7714200957982993,0.34991771415539463,1.7714201675522054,0.34991058221446114,6.548440528239765,0.11356612078982112,54.27045299997553
19,19,19,19,1369,1369,1369,1,-3.8699389159957036,3.8699389159957036,0.7404305892291074,0.18323560470773476,0.2856387660837003,0,3368,3.8701031379199464,0.9999575665251311,3368,3.8701031379199464,0.9999575665250116,3368,3.8701031379199464,0.9999575665251311,False,0,1826,-2638.8462135247187,-2638.846213524718,True,False,accepted,L-BFGS-B,True,4.935168493327046e-06,2.3367243744076733e-07,2.1121028307052865e-05,0.2373911629711074,4.754592415517154,1.7277845820728999e-15,2.2737367544323206e-13,4.547473508864641e-13,0.2373911629711074,0.2373911629711074,0.0,0.2373911629711074,0.004747823359422147,False,0,none,True,2.605312200030312,0.13787129998672754,21.071365643773788,ok,0.046646006743508626,0.06596741536721676,1.771420010098457,0.34991769722666444,1.771420081557265,0.3499105652277856,6.49087558209409,0.11256780254915802,57.042919599974994
20,20,20,20,247,247,247,1,-3.7312052257619257,3.7312052257619257,0.7408090722199283,0.18294415365014083,0.2849570017008066,0,1606,3.7312441964552745,0.9999895555768272,1606,3.7312441964552745,0.9999895555770199,1606,3.7312441964552745,0.9999895555768272,False,0,1825,-2639.0673391005234,-2639.067339100524,True,False,accepted,L-BFGS-B,True,1.0765526954473112e-05,5.278429086962448e-07,2.0396323641012094e-05,0.22112557580476278,4.754592415517154,1.762479051592436e-15,2.2737367544323206e-13,-4.547473508864641e-13,0.22112557580476278,0.22112557580567227,-9.094947017729282e-13,0.22112557580567227,0.0044225116161134455,False,0,none,True,2.6841821999987587,0.13612870004726574,20.850240067968116,ok,0.04660168463452529,0.06590473443957955,1.7714199303934945,0.34991768148213365,1.771420001568498,0.3499105494275161,6.436809541294557,0.1116301639627513,59.8935190999764
21,21,21,21,1022,1022,1022,1,3.3294834265284408,3.3294834265284408,0.8609921520642005,0.30094942346781406,0.3679464819305956,0,540,3.3294822427527233,1.0000003555434842,540,3.3294822427527233,1.000000355542672,540,3.3294822427527233,1.0000003555434842,False,0,1824,-2644.951250258158,-2644.951250258157,True,False,accepted,L-BFGS-B,True,6.6044366619755504e-06,5.969696795064781e-07,1.1064269858924018e-05,5.883911157633975,4.754592415517154,1.096345236817342e-15,2.2737367544323206e-13,9.094947017729282e-13,5.883911157634429,5.883911157633065,1.3642420526593924e-12,5.883911157634429,0.11767822325268859,False,0,none,True,2.657780700013973,0.23159639997174963,14.96632891033505,ok,0.0808471947345146,0.11433519927336923,1.5568801480070331,0.3075385358316293,1.556880296457348,0.30753228451970793,5.979129632699179,0.10369286476022063,62.81417789997067
22,22,22,22,1506,1506,1506,1,5.770518824058001,5.770518824058001,0.9203713359616553,0.39525015938450925,0.43206804486265116,0,2084,5.770128960709414,1.0000675657946716,2084,5.770128960709414,1.0000675657952531,2084,5.770128960709414,1.0000675657946716,False,0,1823,-2647.2929219292937,-2647.292921929292,True,False,accepted,L-BFGS-B,True,6.652299169129467e-06,4.5564751992242066e-07,1.4600660654933662e-05,2.3416716711358276,4.754592415517154,1.5612511283791264e-15,2.2737367544323206e-13,1.8189894035458565e-12,2.3416716711358276,2.341671671134918,9.094947017729282e-13,2.3416716711358276,0.04683343352271656,False,0,none,True,2.6370009999955073,0.19786389998625964,12.624657239200133,ok,0.03182211239758648,0.045003262936027806,1.2213446471232807,0.24125848415686457,1.2213446528284235,0.2412535582375421,5.931657928177892,0.10286958824018293,65.67868979997002
23,23,23,23,84,84,84,1,5.660065078727712,5.660065078727712,0.9083778084095553,0.1599167350026415,0.17870424970615936,0,3572,5.661658986465303,0.9997184733765488,3572,5.661658986465303,0.9997184733771007,3572,5.661658986465303,0.9997184733765488,False,0,1822,-2650.3209681308595,-2650.320968130859,True,False,accepted,L-BFGS-B,True,9.81358498568751e-06,2.772682744365632e-07,3.539482572935795e-05,3.028046201566667,4.86856119891668,7.632783294297951e-16,2.2737367544323206e-13,4.547473508864641e-13,3.0280462015657577,3.028046201567122,-1.3642420526593924e-12,3.028046201567122,0.06056092413134244,False,0,none,True,2.6735141000244766,0.23333600000478327,9.59661103763301,ok,0.030583098210337556,0.0432510322684477,1.2887333731129378,0.25457012548580543,1.2887333776426082,0.25456492748033727,5.482025533222428,0.09507185278602058,68.6165381000028
24,24,24,24,987,987,987,1,3.304770092090422,3.304770092090422,0.930437566824614,0.12630419737715906,0.1355861103649508,0,2818,3.3041956653967106,1.000173847662754,2818,3.3041956653967106,1.0001738476646878,2818,3.3041956653967106,1.000173847662754,False,0,1821,-2650.881758649301,-2650.8817586493005,True,False,accepted,L-BFGS-B,True,8.875013120141936e-06,3.391916602400543e-07,2.6166186708484722e-05,0.5607905184415358,6.1642006145402855,1.0894063429134349e-15,2.2737367544323206e-13,4.547473508864641e-13,0.5607905184415358,0.5607905184415358,0.0,0.5607905184415358,0.011215810468830717,False,0,none,True,2.684090099995956,0.2202751999720931,9.035820519191475,ok,0.03743119415342473,0.05293570242759376,1.3397625134957047,0.26465017380433015,1.3397625210632749,0.2646447705414582,5.371606164271568,0.09315690840533458,71.55401329998858
25,25,25,25,1689,1689,1689,1,3.286796689082621,3.286796689082621,0.8061798895264609,0.1258977854247982,0.17147802264364226,0,941,3.2874390631309436,0.9998045974279716,941,3.2874390631309436,0.9998045974290983,941,3.2874390631309436,0.9998045974279716,False,0,1820,-2651.456470535486,-2651.4564705354856,True,False,accepted,L-BFGS-B,True,8.661144447453963e-06,3.317575846403516e-07,2.6107846831680573e-05,0.574711886185014,6.1840993347445075,1.1032841307212493e-15,2.2737367544323206e-13,4.547473508864641e-13,0.574711886185014,0.574711886185014,0.0,0.574711886185014,0.01149423782370028,False,0,none,True,2.707527000049595,0.1968965000123717,8.46110863300646,ok,0.037181772047392626,0.052582966302487495,1.3397553132391478,0.26464875150065315,1.3397553206801758,0.26464334824183183,5.200532738234062,0.09019007297611732,74.48969770001713
26,26,26,26,1129,1129,1129,1,2.8225579795075646,2.8225579795075646,0.8253152440829395,0.13056079263138476,0.17117753517281412,0,1139,2.822543191368176,1.0000052392960483,1139,2.822543191368176,1.0000052392959777,1139,2.822543191368176,1.0000052392960483,False,0,1819,-2652.238157465215,-2652.2381574652136,True,False,accepted,L-BFGS-B,True,2.429246383618421e-06,1.1236770147215704e-07,2.1619724524861355e-05,0.7816869297284939,6.1840993347445075,8.881784197001252e-16,2.2737367544323206e-13,1.3642420526593924e-12,0.7816869297289486,0.7816869297280391,9.094947017729282e-13,0.7816869297289486,0.015633738694578972,False,0,none,True,2.644905400054995,0.2721426999778487,7.679421703278422,ok,0.03637421927537193,0.05144091421996384,1.339672951037314,0.2646324820716979,1.3396729580940658,0.2646270790692288,4.956111649993955,0.08595120805691235,77.44101160002174
27,27,27,27,1533,1533,1533,1,2.4484437382125748,2.4484437382125748,0.8924398461245943,0.15531712687809401,0.17881225139608403,0,1796,2.448737002613499,0.9998802385063764,1796,2.448737002613499,0.9998802385053384,1796,2.448737002613499,0.9998802385063764,False,0,1818,-2653.2934836633563,-2653.293483663356,True,False,accepted,L-BFGS-B>Newton-CG,True,7.199802066965339e-12,4.567198777328625e-13,1.5765153079355424e-05,1.0553261981413016,6.1840993347445075,1.4988010832439613e-15,2.2737367544323206e-13,4.547473508864641e-13,1.0553261981413016,1.055326198142211,-9.094947017729282e-13,1.055326198142211,0.021106524062844224,False,0,none,True,2.6255701000336558,0.8057018000399694,6.624095505136211,ok,0.05369426711193008,0.07593516077137516,1.445967921177431,0.28562947373159203,1.4459679467556907,0.2856236455814324,4.708722093491048,0.08166086257163367,80.90866559999995
28,28,28,28,774,774,774,1,-2.0603163315814843,2.0603163315814843,0.5610380730923796,0.255090075412028,0.6067235415600908,0,2448,2.060391627679871,0.9999634554434337,2448,2.060391627679871,0.9999634554434287,2448,2.060391627679871,0.9999634554434337,False,0,1817,-2654.011277819607,-2654.0112778196067,True,False,accepted,L-BFGS-B>Newton-CG,True,4.3218121325208623e-10,5.3508840652391385e-11,8.077818858021202e-06,0.717794156250875,6.1840993347445075,1.4363510381087963e-15,2.2737367544323206e-13,4.547473508864641e-13,0.717794156250875,0.717794156250875,0.0,0.717794156250875,0.0143558832250175,False,0,none,True,2.6376416999846697,0.5830596999730915,5.906301348885336,ok,0.05341498930710327,0.0755402023121193,1.4222518896793004,0.2809447241623921,1.4222519155864257,0.28093899175042125,4.428820325350061,0.07680667509403459,84.16364579997025
29,29,29,29,65,65,65,1,2.0476175996475945,2.0476175996475945,0.7877303687341932,0.11828408716926443,0.1672151941675639,0,2235,2.0481590062501844,0.999735661830484,2235,2.0481590062501844,0.9997356618315459,2235,2.0481590062501844,0.999735661830484,False,0,1816,-2654.190714401414,-2654.190714401414,True,False,accepted,L-BFGS-B,True,6.420419782064674e-06,3.7088638684984237e-07,1.7312014935320487e-05,0.17943658180638522,6.582156820276055,1.4779844015322396e-15,2.2737367544323206e-13,0.0,0.17943658180683997,0.17943658180729471,-4.547473508864641e-13,0.17943658180729471,0.003588731736145894,False,0,none,True,2.6575259000528604,0.27814730000682175,5.726864767078041,ok,0.05335029402800006,0.07544870937099003,1.422251709242668,0.2809446885198169,1.4222517350265755,0.28093895608423464,4.364826295892286,0.07569686068129186,87.13504700001795
30,30,30,30,48,48,48,1,-2.031626326280862,2.031626326280862,0.5598664643976478,0.2558753136201608,0.610508657149268,0,1980,2.0316323295558454,0.9999970450977296,1980,2.0316323295558454,0.9999970450977422,1980,2.0316323295558454,0.9999970450977296,False,0,1815,-2654.894437935827,-2654.8944379358268,True,False,accepted,L-BFGS-B,True,2.216454112254423e-06,2.791535991275858e-07,7.940908778469317e-06,0.7037235344132569,6.582156820276055,1.3739009929736312e-15,2.2737367544323206e-13,4.547473508864641e-13,0.7037235344132569,0.7037235344128021,4.547473508864641e-13,0.7037235344132569,0.014074470788265138,False,0,none,True,2.6614513999666087,0.34438859997317195,5.023141232665239,ok,0.053192639716399474,0.07522575250535789,1.3972114877118451,0.27599836488896656,1.3972115125903655,0.2759927332897063,4.067315258368991,0.07053728501163888,90.1755528000067
31,31,31,31,269,269,269,1,1.9805236864849576,1.9805236864849576,0.8894777269013814,0.18228870702883862,0.21104102926503474,0,723,1.9805475895037357,0.9999879311060715,723,1.9805475895037357,0.999987931105769,723,1.9805475895037357,0.9999879311060715,False,0,1814,-2656.081068494842,-2656.081068494841,True,False,accepted,L-BFGS-B,True,6.131004023230207e-06,5.643016331018812e-07,1.0865763919836633e-05,1.186630559015157,6.582156820276055,1.0685896612017132e-15,2.2737367544323206e-13,9.094947017729282e-13,1.1866305590147022,1.1866305590142474,4.547473508864641e-13,1.1866305590147022,0.023732611280294046,False,0,none,True,2.6725057000294328,0.42862620000960305,3.8365106736509915,ok,0.031758864211623626,0.04491381649364365,0.9720672710871414,0.19201744312988472,0.9720672791827779,0.19201352329666801,3.4744769720194326,0.06025600595808962,93.31494199996814
32,32,32,32,1619,1619,1619,1,-1.5511475743711145,1.5511475743711145,0.7119193099111409,0.11542509750871359,0.19123852566721247,0,3112,1.552147788909732,0.9993555932329614,3112,1.552147788909732,0.9993555932320819,3112,1.552147788909732,0.9993555932329614,False,0,1813,-2656.2007397292596,-2656.20073972926,True,False,accepted,L-BFGS-B,True,3.5523213898800705e-06,2.643380545831512e-07,1.3439554639746882e-05,0.1196712344176376,6.74519171216231,1.096345236817342e-15,2.2737367544323206e-13,-4.547473508864641e-13,0.1196712344176376,0.11967123441900185,-1.3642420526593924e-12,0.11967123441900185,0.002393424788380037,False,0,none,True,2.6533879000344314,0.37468489998718724,3.7168394392319897,ok,0.03176265778082517,0.044919181410658274,0.9720667009330599,0.19201733050441921,0.972066709028352,0.19201341067343455,3.420104954603846,0.059313060981987874,96.38347930001328
33,33,33,33,1444,1444,1444,1,-1.547641093759026,1.547641093759026,0.7117330242463388,0.115354025579758,0.19119800341963533,0,1620,1.5475160093207116,1.0000808291724033,1620,1.5475160093207116,1.0000808291721601,1620,1.5475160093207116,1.0000808291724033,False,0,1812,-2656.32046462614,-2656.3204646261393,True,False,accepted,L-BFGS-B,True,4.511564484123583e-06,3.362712772123494e-07,1.3417443181005341e-05,0.1197248968801432,6.749347560072682,1.0824674490095276e-15,2.2737367544323206e-13,9.094947017729282e-13,0.11972489688059795,0.11972489687923371,1.3642420526593924e-12,0.11972489688059795,0.0023944980376119592,False,0,none,True,2.678133399982471,0.32760650001000613,3.597114542352756,ok,0.03175733467707113,0.04491165340513539,0.9720662975790333,0.19201725082782564,0.9720663056669688,0.192013330997015,3.364829785142579,0.05835445312036872,99.42765009996947
34,34,34,34,1463,1463,1463,1,-1.52674151603766,1.52674151603766,0.6902331264816035,0.11680432266749645,0.20295651506230847,0,419,1.5263256190416563,1.000272482483957,419,1.5263256190416563,1.0002724824836948,419,1.5263256190416563,1.000272482483957,False,0,1811,-2656.4697662315525,-2656.469766231552,True,False,accepted,L-BFGS-B>Newton-CG,True,5.7545381785729925e-12,4.4025490492581573e-13,1.3071923490432546e-05,0.14930160541234727,6.749347560072682,1.1310397063368782e-15,2.2737367544323206e-13,4.547473508864641e-13,0.14930160541234727,0.14930160541280202,-4.547473508864641e-13,0.14930160541280202,0.0029860322082560405,False,0,none,True,2.693387500010431,1.1072652000002563,3.447812936939954,ok,0.031755822761212346,0.04490951523322273,0.9720644304977236,0.19201688201366035,0.9720644385829144,0.19201296218983954,3.2945641378387083,0.05713587337536318,103.26757109997561
35,35,35,35,472,472,472,1,-1.4987742071711239,1.4987742071711239,0.6906692034641599,0.11616428820156706,0.2016490013295427,0,757,1.4981662338593693,1.000405811650279,757,1.4981662338593693,1.000405811650129,757,1.4981662338593693,1.000405811650279,False,0,1810,-2656.614175542658,-2656.614175542657,True,False,accepted,L-BFGS-B>Newton-CG,True,1.0031527493669155e-09,7.775055410631079e-11,1.2903194214529623e-05,0.14440931110630117,6.749347560072682,1.1449174941446927e-15,2.2737367544323206e-13,9.094947017729282e-13,0.14440931110539168,0.14440931110493693,4.547473508864641e-13,0.14440931110539168,0.0028881863221078335,False,0,none,True,2.68057470000349,1.234309800027404,3.303403625835017,ok,0.03175544837881689,0.04490898577656157,0.972062773252564,0.19201655464950804,0.9720627813302872,0.1920126348308977,3.225150354935832,0.05593206706153453,107.22268319997238
36,36,36,36,43,43,43,1,-1.470455762287056,1.470455762287056,0.6660643448706388,0.12420853949728784,0.22790740639889098,0,2420,1.4716690822497671,0.9991755483774544,2420,1.4716690822497671,0.9991755483773225,2420,1.4716690822497671,0.9991755483774544,False,0,1809,-2656.7937211614726,-2656.7937211614717,True,False,accepted,L-BFGS-B>Newton-CG,True,4.933980859368214e-12,4.16770481743135e-13,1.1839604400992912e-05,0.1795456188156095,6.749347560072682,1.1587952819525071e-15,2.2737367544323206e-13,9.094947017729282e-13,0.1795456188147,0.1795456188147,0.0,0.1795456188147,0.003590912476294,False,0,none,True,2.7063486999832094,1.3224521000520326,3.123858007020317,ok,0.031748883631414364,0.044899701821751355,0.9720556735527818,0.1920151522093275,0.9720556816092776,0.19201123241516507,3.1365525865983788,0.05439556309279124,111.29233359999489
37,37,36,36,1308,1308,,1,-1.3122058936053875,1.3122058936053875,0.6654499081426822,0.12091878152154308,0.2221834300117139,0,1607,1.3124609371806937,0.9998056753019606,1607,1.3124609371806937,0.9998056753020278,1607,1.3124609371806937,0.9998056753019606,False,0,1808,-2656.7937211614726,-2656.7937211614717,False,True,projected_residual,L-BFGS-B>Newton-CG>trust-krylov,False,1.2318955263571224e-05,1.1351824186648206e-06,1.0852960936869106e-05,0.15145090510668524,6.749347560072682,1.096345236817342e-15,2.2737367544323206e-13,9.094947017729282e-13,,,,,,False,0,none,False,2.701741299999412,2.3472224000142887,,,,,,,,,,,116.38072239997564
38,38,37,37,1067,1067,1067,1,-1.3072836789423157,1.3072836789423157,0.6664600567460451,0.12038560098663054,0.22069288715856816,0,1607,1.3124609371806937,0.9960553048919694,1607,1.3124609371806937,0.9960553048918419,1607,1.3124609371806937,0.9960553048919694,False,0,1807,-2656.944496334469,-2656.9444963344686,True,False,accepted,L-BFGS-B,True,3.956676404221684e-06,3.643638136882064e-07,1.0860136543146113e-05,0.1507751729964184,6.749347560072682,1.124100812432971e-15,2.2737367544323206e-13,4.547473508864641e-13,0.1507751729964184,0.15077517299687315,-4.547473508864641e-13,0.15077517299687315,0.0030155035599374633,False,0,none,True,2.6614094999968074,0.4553402999881655,2.973082834023444,ok,0.031751592717279654,0.04490353304772368,0.9720507123803414,0.1920141722034418,0.972050720439343,0.19201025242978834,3.0602086284398315,0.05307157043584989,119.55198459996609
39,39,38,38,1223,1223,1223,1,-1.1754525668395832,1.1754525668395832,0.6348314550055772,0.1353825693611349,0.26721833040785536,0,1881,1.1751701334709992,1.0002403340252954,1881,1.1751701334709992,1.00024033402532,1881,1.1751701334709992,1.0002403340252954,False,0,1806,-2657.1163236624957,-2657.1163236624957,True,False,accepted,L-BFGS-B>Newton-CG,True,4.562445481613202e-12,5.254788734610141e-13,8.683452734137743e-06,0.17182732802621103,6.749347560072682,1.1518563880486e-15,2.2737367544323206e-13,0.0,0.17182732802666578,0.17182732802712053,-4.547473508864641e-13,0.17182732802712053,0.0034365466605424107,False,0,none,True,2.681427799980156,1.2995591000071727,2.8012555059963233,ok,0.03176203830140008,0.0449183053344537,0.9720254125521343,0.1920091745983702,0.9720254206216313,0.19200525492885231,2.970421328090919,0.051514437046175886,123.57522850000532
40,40,39,39,1653,1653,1653,1,-1.1264340323787039,1.1264340323787039,0.6343627408840948,0.13432375215477044,0.26542538453546216,0,3398,1.1262515751629778,1.000162003960527,3398,1.1262515751629778,1.0001620039603956,3398,1.1262515751629778,1.000162003960527,False,0,1805,-2657.2785563340303,-2657.2785563340285,True,False,accepted,L-BFGS-B>Newton-CG,True,9.184341018133283e-10,1.0952040786793806e-10,8.386963124980277e-06,0.1622326715341842,6.749347560072682,1.0408340855860843e-15,2.2737367544323206e-13,1.8189894035458565e-12,0.16223267153463894,0.16223267153281995,1.8189894035458565e-12,0.16223267153463894,0.003244653530692779,False,0,none,True,2.6709600999602117,5.910657500033267,2.6390228344635034,ok,0.031746011253243084,0.04489563966558527,0.9720023090753581,0.1920046108498829,0.9720023171019226,0.19200069126508665,2.8830995032370814,0.050000061086560334,132.19975239998894
41,41,40,40,1583,1583,1583,1,1.0415472329101476,1.0415472329101476,0.9395513737921828,0.1298691875748634,0.13718283615600804,0,1817,1.0420146778991728,0.9995514026827649,1817,1.0420146778991728,0.999551402675858,1817,1.0420146778991728,0.9995514026827649,False,0,1804,-2657.317382699547,-2657.3173826995458,True,False,accepted,L-BFGS-B>Newton-CG,True,7.897220878556435e-12,9.84694334391465e-13,8.02097188644014e-06,0.03882636551725227,6.749347560072682,1.0894063429134349e-15,2.2737367544323206e-13,1.3642420526593924e-12,0.03882636551679752,0.03882636551725227,-4.547473508864641e-13,0.03882636551725227,0.0007765274103450454,False,0,none,True,2.637419700040482,1.893393600010313,2.600196468946251,ok,0.03129003660678264,0.04425079413646263,0.9719600409912269,0.19199626141802537,0.9719600484558221,0.19199234189273703,2.8640003520780026,0.04966883466736003,136.77545109996572
42,42,41,41,1397,1397,1397,1,-1.038348010950088,1.038348010950088,0.7308544309313172,0.11026842947242539,0.17541464733998016,0,2600,1.0390631661003493,0.9993117308229246,2600,1.0390631661003493,0.9993117308221741,2600,1.0390631661003493,0.9993117308229246,False,0,1803,-2657.366904059848,-2657.366904059847,True,False,accepted,L-BFGS-B>Newton-CG,True,6.130912605707663e-12,6.510785373828215e-13,9.417548471022329e-06,0.04952136030124166,7.060628457449786,1.0824674490095276e-15,2.2737367544323206e-13,9.094947017729282e-13,0.04952136030078691,0.04952136030124166,-4.547473508864641e-13,0.04952136030124166,0.0009904273060248332,False,0,none,True,2.677854000008665,2.4329973999992944,2.5506751086450095,ok,0.031284279605528,0.044242652507209726,0.9719600034292966,0.19199625399822426,0.9719600108869965,0.19199233447172542,2.8368036541491897,0.04919717680183489,141.9316378000076
43,43,42,42,1616,1616,1616,1,1.0362358745833546,1.0362358745833546,0.7683736876368831,0.1451643747462292,0.21349670752802424,0,2645,1.036436287902616,0.9998066322825622,2645,1.036436287902616,0.9998066322828463,2645,1.036436287902616,0.9998066322825622,False,0,1802,-2657.3932261232603,-2657.39322612326,True,False,accepted,L-BFGS-B>Newton-CG,True,6.189748270599672e-10,8.671104326490599e-11,7.139362124983e-06,0.026322063412862917,7.060628457449786,1.0408340855860843e-15,2.2737367544323206e-13,4.547473508864641e-13,0.02632206341240817,0.026322063412862917,-4.547473508864641e-13,0.026322063412862917,0.0005264413682572583,False,0,none,True,2.6236009999993257,1.1031669999938458,2.5243530452321465,ok,0.031256358640800536,0.0442031663002176,0.9719599955092704,0.19199625243374077,0.9719600029381777,0.1919923329015865,2.8222060590625277,0.04894401847509991,145.71632130001672
44,44,43,43,968,968,968,1,-1.0240143832915152,1.0240143832915152,0.7312950121299457,0.11016637360273102,0.17508814853182916,0,1182,1.0243795698704106,0.9996435046250077,1182,1.0243795698704106,0.9996435046250114,1182,1.0243795698704106,0.9996435046250077,False,0,1801,-2657.441337655673,-2657.441337655672,True,False,accepted,L-BFGS-B,True,6.695980172275866e-06,7.203725507551071e-07,9.296162850468168e-06,0.04811153241280408,7.067169278884213,1.0269562977782698e-15,2.2737367544323206e-13,9.094947017729282e-13,0.04811153241280408,0.048111532412349334,4.547473508864641e-13,0.04811153241280408,0.0009622307482560817,False,0,none,True,2.677601700008381,0.5452377999899909,2.476241512819797,ok,0.03126130842336285,0.04421016634984803,0.9719599923116998,0.19199625180210825,0.9719599997443524,0.19199233227070664,2.7953925520775376,0.048479006086283936,148.98558889998822
45,45,44,44,671,671,671,1,0.841799666070699,0.841799666070699,0.8014592363086309,0.08958648295367072,0.12318234956538528,0,1058,0.8435094050813376,0.997973064674396,1058,0.8435094050813376,0.9979730646739922,1058,0.8435094050813376,0.997973064674396,False,0,1800,-2657.5077580430752,-2657.5077580430752,True,False,accepted,L-BFGS-B,True,9.197881357636237e-06,9.788613260975875e-07,9.397511142497885e-06,0.06642038740301359,8.69064601513526,1.0408340855860843e-15,2.2737367544323206e-13,0.0,0.0664203874021041,0.06642038740301359,-9.094947017729282e-13,0.06642038740301359,0.001328407848060272,False,0,none,True,2.675232400011737,0.522976899985224,2.4098211254167836,ok,0.03123367180192064,0.044171082264986276,0.9719598491842898,0.19199622352941545,0.9719598565872719,0.1919923039927304,2.7579567198110966,0.04782977636041195,152.23120599996764
46,46,45,45,39,39,39,1,0.8075989858421053,0.8075989858421053,0.9233638991855293,0.08148361413685835,0.08859154760140019,0,2061,0.80704426135732,1.000687353236181,2061,0.80704426135732,1.0006873532334686,2061,0.80704426135732,1.000687353236181,False,0,1799,-2657.5863068514504,-2657.58630685145,True,False,accepted,L-BFGS-B,True,3.531943201956674e-06,3.5635969072886437e-07,9.912174843408275e-06,0.0785488083756718,9.554858597504513,1.186550857568136e-15,2.2737367544323206e-13,4.547473508864641e-13,0.07854880837521705,0.0785488083747623,4.547473508864641e-13,0.07854880837521705,0.0015709762675043411,False,0,none,True,2.6326075000106357,0.649012700014282,2.3312723170420213,ok,0.03066321051099366,0.04336432817054848,0.9719490948010429,0.19199409916083013,0.9719491015520213,0.1919901795387385,2.7156451190971818,0.04709598877590764,155.56157959997654
47,47,46,46,101,101,101,1,0.7857307757566332,0.7857307757566332,0.810704316532243,0.08823110119673047,0.11909110604276091,0,935,0.7869953768396658,0.998393127685056,935,0.7869953768396658,0.9983931276890438,935,0.7869953768396658,0.998393127685056,False,0,1798,-2657.6623869850628,-2657.6623869850628,True,False,accepted,L-BFGS-B>Newton-CG,True,8.577578535179844e-10,9.631906437433561e-11,8.906379834093732e-06,0.07608013361232224,9.554858597504513,1.1934897514720433e-15,2.2737367544323206e-13,0.0,0.07608013361232224,0.07608013361277699,-4.547473508864641e-13,0.07608013361277699,0.0015216027722555398,False,0,none,True,2.6918887999490835,1.1376124999951571,2.2551921834292443,ok,0.03062151360743557,0.04330535984402767,0.9719483429874071,0.19199395065121938,0.9719483496966388,0.1919900310239144,2.6714239524948633,0.04632908460595016,159.4402481999714
48,48,47,47,888,888,888,1,0.7560241074917826,0.7560241074917826,0.9117919291661144,0.08493440622190584,0.09431616888466421,0,2068,0.7558632973166445,1.0002127503421703,2068,0.7558632973166445,1.0002127503309348,2068,0.7558632973166445,1.0002127503421703,False,0,1797,-2657.7693939061073,-2657.7693939061064,True,False,accepted,L-BFGS-B>Newton-CG,True,7.574237859659739e-12,8.509165098781881e-13,8.902270302939615e-06,0.1070069210454676,9.554858597504513,1.3808398868775384e-15,2.2737367544323206e-13,9.094947017729282e-13,0.10700692104455811,0.10700692104364862,9.094947017729282e-13,0.10700692104455811,0.0021401385208911624,False,0,none,True,2.687488899973687,2.3598025999963284,2.1481852623855957,ok,0.02994870215711253,0.04235386076606091,0.9720079004331407,0.19200571533951746,0.9720079064388486,0.192001795332983,2.6115359408952292,0.04529047867681996,164.5372645999887
49,49,48,48,335,335,335,1,0.7368677336785936,0.7368677336785936,0.8205453210750464,0.09005902819686383,0.1191982084795419,0,2440,0.7372072324366037,0.9995394798869675,2440,0.7372072324366037,0.9995394798931151,2440,0.7372072324366037,0.9995394798869675,False,0,1796,-2657.8594375054986,-2657.859437505497,True,False,accepted,L-BFGS-B,True,6.827049173815155e-06,8.34393183392639e-07,8.183052909464581e-06,0.09004359939126516,9.554858597504513,1.2628786905111156e-15,2.2737367544323206e-13,1.3642420526593924e-12,0.09004359939126516,0.09004359939081041,4.547473508864641e-13,0.09004359939126516,0.0018008720878253033,False,0,none,True,2.6694420999847353,0.751767200010363,2.0581416629947853,ok,0.02987293404571243,0.0422467084753235,0.9720059538047582,0.19200533081201013,0.9720059597408076,0.19200141079956884,2.5569293651985587,0.04434346588121723,168.00948969996534
50,50,49,49,1111,1111,1111,1,0.7106690174647952,0.7106690174647952,0.810514716462172,0.0907506610562393,0.12253834281687168,0,1262,0.7106792295598235,0.9999856305142972,1262,0.7106792295598235,0.9999856305156521,1262,0.7106792295598235,0.9999856305142972,False,0,1795,-2657.9204202530923,-2657.920420253091,True,False,accepted,L-BFGS-B,True,3.79333762256962e-06,4.84400146332699e-07,7.832000158212699e-06,0.06098274759369815,9.554858597504513,1.3253287356462806e-15,2.2737367544323206e-13,1.3642420526593924e-12,0.06098274759369815,0.06098274759369815,0.0,0.06098274759369815,0.001219655051873963,False,0,none,True,2.6938717999728397,0.720775900001172,1.9971589154010871,ok,0.03036075844886604,0.04293659636231989,0.9719578989294073,0.19199583828554692,0.9719579053631155,0.1919919185652677,2.5169999860150085,0.04365099189754641,171.47330650000367
51,51,50,50,1258,1258,1258,1,0.7068457132111234,0.7068457132111234,0.9044215529005292,0.09112804447315306,0.10258449040701863,0,1380,0.707768608887181,0.9986960488718077,1380,0.707768608887181,0.998696048868288,1380,0.707768608887181,0.9986960488718077,False,0,1794,-2658.049217707332,-2658.0492177073306,True,False,accepted,L-BFGS-B>Newton-CG,True,7.22531141057557e-12,9.315026944826934e-13,7.757618905528898e-06,0.12879745423970235,9.554858597504513,5.412337245047638e-16,2.2737367544323206e-13,1.3642420526593924e-12,0.12879745423970235,0.12879745423970235,0.0,0.12879745423970235,0.002575949184794047,False,0,none,True,2.66703230002895,8.28503140003886,1.8683614611613848,ok,0.029617589509710825,0.04188559676943216,0.9720905887186426,0.1920220491814553,0.9720905944032531,0.19201812877791993,2.4406889435807884,0.0423275700805033,182.4769867999712
52,52,51,51,1736,1736,1736,1,-0.664566489820404,0.664566489820404,0.5919826327551932,0.15224086786277355,0.33396917482218974,0,3480,0.6646080618957789,0.999937448734437,3480,0.6646080618957789,0.9999374487344359,3480,0.6646080618957789,0.999937448734437,False,0,1793,-2658.160351286476,-2658.160351286475,True,False,accepted,L-BFGS-B>Newton-CG,True,5.586511000754421e-12,1.2797745539503465e-12,4.366230566204217e-06,0.11113357914382505,9.554858597504513,5.828670879282072e-16,2.2737367544323206e-13,9.094947017729282e-13,0.11113357914382505,0.11113357914427979,-4.547473508864641e-13,0.11113357914427979,0.002222671682885596,False,0,none,True,2.7065196999465115,2.3204870999907143,1.757227882017105,ok,0.02958434062133345,0.041838575740555044,0.9719974519924118,0.19200365140532988,0.9719974576038705,0.1919997313630691,2.366970778584025,0.04104911515763684,187.5674163000076
53,53,52,52,756,756,756,1,-0.661107561347908,0.661107561347908,0.5920435990290315,0.15177015779142114,0.33288488078815914,0,2876,0.6611934236738521,0.999870140381211,2876,0.6611934236738521,0.9998701403812623,2876,0.6611934236738521,0.999870140381211,False,0,1792,-2658.2698780754736,-2658.2698780754736,True,False,accepted,L-BFGS-B>Newton-CG,True,4.348753065582213e-12,9.983412345385804e-13,4.356978612455236e-06,0.10952678899775492,9.554858597504513,5.204170427930421e-16,2.2737367544323206e-13,0.0,0.10952678899775492,0.10952678899866441,-9.094947017729282e-13,0.10952678899866441,0.002190535879973288,False,0,none,True,2.7085525000002235,2.1070340999867767,1.6477010930184406,ok,0.029604068981786368,0.04186647585547095,0.9719101182936715,0.1919863999310441,0.9719101239244416,0.19198248024491227,2.292038822713366,0.03974961010529238,192.4361166000017
54,54,53,53,917,917,917,1,0.6557951306867267,0.6557951306867267,0.8303811414364433,0.09470901774526813,0.12293489574340764,0,3263,0.6556982593301972,1.0001477377057983,3263,0.6556982593301972,1.0001477377107477,3263,0.6556982593301972,1.0001477377057983,False,0,1791,-2658.3743694466966,-2658.3743694466957,True,False,accepted,L-BFGS-B>Newton-CG,True,8.431161236539654e-10,1.2176165418037954e-10,6.92531561750106e-06,0.10449137122304819,9.554858597504513,4.163336342344337e-16,2.2737367544323206e-13,9.094947017729282e-13,0.10449137122304819,0.1044913712221387,9.094947017729282e-13,0.10449137122304819,0.002089827524460964,False,0,none,True,2.676027499954216,2.301872700045351,1.543209721796302,ok,0.029437225181794497,0.04163052309072458,0.9719019403753952,0.1919847845048239,0.9719019458600862,0.19198086482282753,2.2192428540073896,0.03848714834215605,197.46799490001285
55,55,54,54,253,253,253,1,0.6262038675886856,0.6262038675886856,0.842301474311331,0.1134805301860684,0.14388741364621965,0,2672,0.6262315523266786,0.9999557915312792,2672,0.6262315523266786,0.9999557915323799,2672,0.6262315523266786,0.9999557915312792,False,0,1790,-2658.519428704984,-2658.519428704983,True,False,accepted,L-BFGS-B>Newton-CG,True,7.003512637071204e-12,1.2691750536265894e-12,5.519161278902464e-06,0.1450592582882564,9.554858597504513,5.828670879282072e-16,2.2737367544323206e-13,9.094947017729282e-13,0.1450592582873469,0.1450592582873469,0.0,0.1450592582873469,0.002901185265746938,False,0,none,True,2.692465700034518,2.375667699961923,1.398150463508955,ok,0.027868971592050644,0.03941267759486853,0.9720682874904205,0.19201764390524734,0.9720682916992285,0.1920137233001608,2.1170051113051307,0.036714093553472736,202.59012840001378
56,56,55,55,1218,1218,1218,1,0.5655148440561106,0.5655148440561106,0.7914631926956409,0.08505642698694071,0.11933581006089052,0,2186,0.5647839357895221,1.001294137846833,2186,0.5647839357895221,1.0012941378448,2186,0.5647839357895221,1.001294137846833,False,0,1789,-2658.54910442615,-2658.549104426149,True,False,accepted,L-BFGS-B>Newton-CG,True,4.688731028980836e-10,7.052099739196455e-11,6.649702092116311e-06,0.02967572116631345,9.554858597504513,5.689893001203927e-16,2.2737367544323206e-13,9.094947017729282e-13,0.029675721165858704,0.029675721165858704,0.0,0.029675721165858704,0.0005935145233171742,False,0,none,True,2.708671200030949,1.5771100000129081,1.3684747423430963,ok,0.028012271176382504,0.039615333810513076,0.9719907103266922,0.1920023196894575,0.9719907146442114,0.19199839941880012,2.0939752388387163,0.03631469872549558,206.92859789996874
57,57,56,56,1794,1794,1794,1,0.5296733386897472,0.5296733386897472,0.7830727091437293,0.08873222174340273,0.12663179470967845,0,3630,0.5297347342921476,0.9998841012332664,3630,0.5297347342921476,0.9998841012298668,3630,0.5297347342921476,0.9998841012332664,False,0,1788,-2658.5705650839886,-2658.570565083988,True,False,accepted,L-BFGS-B>Newton-CG,True,7.608135341928599e-12,1.2745341382102329e-12,5.970346064446996e-06,0.021460657838815678,9.554858597504513,5.689893001203927e-16,2.2737367544323206e-13,4.547473508864641e-13,0.021460657838815678,0.021460657839270425,-4.547473508864641e-13,0.021460657839270425,0.0004292132567854085,False,0,none,True,2.656215099967085,2.943900999962352,1.3470140845038259,ok,0.028131453742496374,0.039783883411909735,0.9719335884573688,0.19199103611308319,0.9719335928676284,0.1919871160911812,2.0771262421626084,0.03602249553857582,212.58354149997467
58,58,57,57,1426,1426,1426,1,-0.5231133892531261,0.5231133892531261,0.7490253965284455,0.1298933619928373,0.19886353024804249,0,516,0.5230260122538913,1.0001670605231625,516,0.5230260122538913,1.0001670605244888,516,0.5230260122538913,1.0001670605231625,False,0,1787,-2658.5789290060725,-2658.5789290060716,True,False,accepted,L-BFGS-B>Newton-CG,True,4.876620640101449e-12,1.210905060202086e-12,4.028252672713744e-06,0.008363922083844955,9.554858597504513,5.204170427930421e-16,2.2737367544323206e-13,9.094947017729282e-13,0.008363922083844955,0.008363922083390207,4.547473508864641e-13,0.008363922083844955,0.00016727854167689912,False,0,none,True,2.6653056999784894,4.130102000024635,1.3386501624204357,ok,0.028099037061931106,0.03973803930260722,0.9719453742032329,0.19199336421202604,0.9719453785883231,0.19198944413760724,2.0709723693677824,0.035915772196105415,219.43588419997832
59,59,58,58,950,950,950,1,-0.5080726228118522,0.5080726228118522,0.7495024341098974,0.12926460738747683,0.19770355341919982,0,3397,0.5080869789081252,0.9999717448057736,3397,0.5080869789081252,0.9999717448054025,3397,0.5080869789081252,0.9999717448057736,False,0,1786,-2658.586822486609,-2658.586822486608,True,False,accepted,L-BFGS-B>Newton-CG,True,3.935261966491761e-12,1.0012153188899482e-12,3.931485173613607e-06,0.007893480536949937,9.554858597504513,4.85722573273506e-16,2.2737367544323206e-13,9.094947017729282e-13,0.00789348053649519,0.00789348053649519,0.0,0.00789348053649519,0.00015786971072990382,False,0,none,True,2.736262699996587,2.619294699979946,1.3307566818839405,ok,0.02810653956606578,0.03974864944570624,0.9719453737048435,0.19199336411357662,0.9719453780947752,0.19198944404011617,2.064990973014288,0.035812040020812175,224.85117839998566
60,60,59,59,383,383,383,1,0.5056967926940956,0.5056967926940956,0.782839276666491,0.08626277998157808,0.12316613181261063,0,1194,0.5067107821041865,0.9979988793491227,1194,0.5067107821041865,0.9979988793503757,1194,0.5067107821041865,0.9979988793491227,False,0,1785,-2658.6063138236273,-2658.6063138236254,True,False,accepted,L-BFGS-B>Newton-CG,False,6.14111802484558e-08,1.0475643125815734e-08,5.86328258359782e-06,0.01949133701828032,9.554858597504513,5.065392549852277e-16,2.2737367544323206e-13,1.8189894035458565e-12,0.01949133701828032,0.019491337017370824,9.094947017729282e-13,0.01949133701828032,0.0003898268403656064,False,0,none,True,2.688444299972616,4.957750499946997,1.3112653448665696,ok,0.02809937782621081,0.03973852121607315,0.9719453708090608,0.1919933635415578,0.9719453751939426,0.19198944346711153,2.0501756749785263,0.035555106187632995,232.5564338999684
61,61,60,60,1025,1025,1025,1,0.5055081622590478,0.5055081622590478,0.7917884248878544,0.08117092071234103,0.11380942917824877,0,1194,0.5067107729229857,0.9976266329271024,1194,0.5067107729229857,0.9976266329326996,1194,0.5067107729229857,0.9976266329271024,False,0,1784,-2658.630922069723,-2658.630922069722,True,False,accepted,L-BFGS-B>Newton-CG,True,1.0702968281016478e-11,1.7186068176984542e-12,6.228700350537312e-06,0.02460824609715928,9.591666624682382,4.996003610813204e-16,2.2737367544323206e-13,9.094947017729282e-13,0.02460824609579504,0.024608246096704534,-9.094947017729282e-13,0.024608246096704534,0.0004921650219340907,False,0,none,True,2.724546699959319,3.46661280002445,1.2866570987698651,ok,0.028090364579644422,0.03972577456053795,0.9719453500142227,0.19199335943384654,0.9719453543927143,0.1919894393582219,2.0313179920198703,0.0352280674229892,238.82422459998634
62,62,61,61,711,711,711,1,0.44297431009528054,0.44297431009528054,0.8407716027017145,0.09957744129018391,0.12663827961299476,0,3554,0.4428036058107867,1.0003855078916561,3554,0.4428036058107867,1.000385507893759,3554,0.4428036058107867,1.0003855078916561,False,0,1783,-2658.714456633801,-2658.7144566338,True,False,accepted,L-BFGS-B>Newton-CG,True,4.354094055292783e-12,9.787690511128644e-13,4.449540797588727e-06,0.08353456407894555,9.591666624682382,4.3021142204224816e-16,2.2737367544323206e-13,9.094947017729282e-13,0.08353456407803606,0.08353456407803606,0.0,0.08353456407803606,0.0016706913815607211,False,0,none,True,2.679964300012216,13.128310100000817,1.203122534691829,ok,0.028923915247122328,0.04090459321941035,0.9717297601213466,0.19195077285447493,0.9717297651879202,0.19194685378448256,1.9617003864379152,0.034020726320856044,254.69256619998487
63,63,62,62,870,870,870,1,-0.402884523317411,0.402884523317411,0.7169806269787137,0.08276650721821192,0.13563622393631516,0,32,0.4040133868957669,0.997205875807657,32,0.4040133868957669,0.997205875805617,32,0.4040133868957669,0.997205875807657,False,0,1782,-2658.729345534075,-2658.729345534075,True,False,accepted,L-BFGS-B,True,4.369257789181048e-06,8.975976624049054e-07,4.868724117590315e-06,0.014888900275309425,9.591666624682382,3.469446951953614e-16,2.2737367544323206e-13,0.0,0.014888900273945183,0.014888900274854677,-9.094947017729282e-13,0.014888900274854677,0.00029777810549709354,False,0,none,True,2.6631631999625824,0.817688100039959,1.1882336344169744,ok,0.02892461151589092,0.04090557789214595,0.9717297762440197,0.1919507760392694,0.9717297813108724,0.1919468569692671,1.9497978210214897,0.03381430646013329,258.2870312000159
64,64,63,63,116,116,116,1,-0.38894588020352217,0.38894588020352217,0.6842673969247143,0.08401647033712024,0.1479397321745637,0,2972,0.3889693746705328,0.9999395981572315,2972,0.3889693746705328,0.9999395981571045,2972,0.3889693746705328,0.9999395981572315,False,0,1781,-2658.7497279554586,-2658.7497279554577,True,False,accepted,L-BFGS-B>Newton-CG,False,7.946585528886441e-09,1.7165471605928368e-09,4.630401225505485e-06,0.020382421383601468,9.591666624682382,5.204170427930421e-16,2.2737367544323206e-13,9.094947017729282e-13,0.020382421383601468,0.020382421382691973,9.094947017729282e-13,0.020382421383601468,0.0004076485276720293,False,0,none,True,2.6583597999997437,159.6745183999883,1.1678512130342824,ok,0.02892465795131464,0.04090564356175195,0.9717297132266655,0.1919507635911276,0.9717297182937686,0.19194684452142902,1.933381645288542,0.03352960945660167,420.6830437000026
65,65,64,64,1720,1720,1720,1,-0.38512713006279853,0.38512713006279853,0.7065374883405919,0.08125413376448416,0.13620837740684313,0,3615,0.38489760530585493,1.0005963267990747,3615,0.38489760530585493,1.0005963267995472,3615,0.38489760530585493,1.0005963267990747,False,0,1780,-2658.7655796170907,-2658.76557961709,True,False,accepted,L-BFGS-B>Newton-CG,True,9.451022236475254e-10,1.9939769604082983e-10,4.740785074818521e-06,0.01585166163295071,9.591666624682382,5.134781488891349e-16,2.2737367544323206e-13,4.547473508864641e-13,0.015851661632041214,0.01585166163249596,-4.547473508864641e-13,0.01585166163249596,0.0003170333326499192,False,0,none,True,2.654694200027734,1.7505695999716409,1.1519995514017864,ok,0.028924192911246784,0.04090498589578094,0.9717297028427898,0.19195076153994728,0.9717297079096118,0.19194684247023502,1.920520215405257,0.03330656051947593,425.1562021999853
66,66,65,65,415,415,415,1,-0.38352874804543546,0.38352874804543546,0.7166035711009436,0.08166940593896985,0.1339472372184721,0,3615,0.3848976059270571,0.996443579121973,3615,0.3848976059270571,0.9964435791217794,3615,0.3848976059270571,0.996443579121973,False,0,1779,-2658.7794831696774,-2658.779483169676,True,False,accepted,L-BFGS-B>Newton-CG,True,6.462179507619658e-10,1.376069888565866e-10,4.697112865571467e-06,0.01390355258672571,9.591666624682382,4.3021142204224816e-16,2.2737367544323206e-13,1.3642420526593924e-12,0.01390355258672571,0.013903552585816215,9.094947017729282e-13,0.01390355258672571,0.0002780711517345142,False,0,none,True,2.739264900039416,3.016911300015636,1.1380959988159702,ok,0.028923469297886358,0.040903962551952715,0.9717296975283668,0.191950760490162,0.9717297025946601,0.19194684142036675,1.9091682521686861,0.0331096894594783,430.9818485999713
67,67,66,66,672,672,672,1,-0.37444289122587193,0.37444289122587193,0.6590251854740484,0.09062778705853089,0.1690037963218822,0,415,0.37500458689787325,0.998502163195795,415,0.37500458689787325,0.998502163196488,415,0.37500458689787325,0.998502163195795,False,0,1778,-2658.804221197806,-2658.804221197805,True,False,accepted,L-BFGS-B>Newton-CG,True,5.565082307256179e-12,1.3469372931343017e-12,4.132656563095317e-06,0.02473802812892245,9.591666624682382,4.0245584642661925e-16,2.2737367544323206e-13,9.094947017729282e-13,0.024738028128467704,0.02473802812892245,-4.547473508864641e-13,0.02473802812892245,0.000494760662578449,False,0,none,True,2.703716500021983,3.1636732000042684,1.1133579706870478,ok,0.02892247738647678,0.04090255977738461,0.971729525625669,0.19195072653333878,0.9717295306900781,0.1919468074638648,1.8887854923387544,0.03275620209788533,436.9178763999953
68,68,67,67,523,523,523,1,-0.37402178784098794,0.37402178784098794,0.684921489904123,0.08307064680200192,0.1460604601447942,0,2512,0.3740235602741126,0.9999952611725225,2512,0.3740235602741126,0.9999952611720713,2512,0.3740235602741126,0.9999952611725225,False,0,1777,-2658.8233287728094,-2658.8233287728085,True,False,accepted,L-BFGS-B>Newton-CG,True,6.92742675384675e-12,1.5385890336449087e-12,4.50345426319965e-06,0.019107575003545207,9.591666624682382,3.7470027081099033e-16,2.2737367544323206e-13,9.094947017729282e-13,0.019107575003545207,0.019107575003545207,0.0,0.019107575003545207,0.00038215160007090416,False,0,none,True,2.651544400025159,5.438542200019583,1.0942503956835026,ok,0.028922373430141726,0.04090241276092568,0.9717294904962112,0.19195071959403642,0.9717294955600483,0.19194680052459123,1.872899672467936,0.0324807027739601,445.0750042999862
69,69,68,68,499,499,499,1,-0.3728595058634525,0.3728595058634525,0.6963401381717795,0.08120642221171599,0.13920758674943556,0,774,0.3726182676094916,1.0006474139217825,774,0.3726182676094916,1.000647413921504,774,0.3726182676094916,1.0006474139217825,False,0,1776,-2658.840253282598,-2658.840253282598,True,False,accepted,L-BFGS-B>Newton-CG,True,4.9679542887918175e-12,1.081988757596858e-12,4.592502687907635e-06,0.016924509788623254,9.591666624682382,4.85722573273506e-16,2.2737367544323206e-13,0.0,0.016924509788623254,0.01692450978953275,-9.094947017729282e-13,0.01692450978953275,0.000338490295790655,False,0,none,True,2.713790700014215,3.6396042000269517,1.0773258858939698,ok,0.028922527084312217,0.04090263006073751,0.9717294727935775,0.19195071609714423,0.9717294778571737,0.19194679702772285,1.8587171853856137,0.03223474344453727,451.49807929998497
70,70,69,69,333,333,333,1,-0.37233464568104324,0.37233464568104324,0.6958402095261065,0.08124245981283734,0.13942308834633013,0,2694,0.37232652561748464,1.0000218089848558,2694,0.37232652561748464,1.000021808984911,2694,0.37232652561748464,1.0000218089848558,False,0,1775,-2658.8572174274723,-2658.8572174274723,True,False,accepted,L-BFGS-B>Newton-CG,True,4.679766356265227e-12,1.0211129545464173e-12,4.584005568021609e-06,0.016964144874691556,9.591666624682382,3.469446951953614e-16,2.2737367544323206e-13,0.0,0.01696414487423681,0.01696414487423681,0.0,0.01696414487423681,0.00033928299748473613,False,0,none,True,2.675106000038795,8.59021410002606,1.060361741019733,ok,0.0289223145139926,0.04090232944090855,0.9717294547262891,0.19195071252821994,0.9717294597898506,0.19194679345886456,1.844392018343263,0.03198630969246297,462.82992980000563
71,71,70,70,636,636,636,1,-0.3669050200998498,0.3669050200998498,0.7071723268610411,0.0801598470593873,0.13418812488393753,0,2160,0.3689878592529654,0.99435526372783,2160,0.3689878592529654,0.9943552637268733,2160,0.3689878592529654,0.99435526372783,False,0,1774,-2658.8719286254986,-2658.8719286254977,True,False,accepted,L-BFGS-B>Newton-CG,True,7.820576177461663e-12,1.7086061949670641e-12,4.578167167307628e-06,0.014711198025906924,9.712648410051148,3.3306690738754696e-16,2.2737367544323206e-13,9.094947017729282e-13,0.014711198026361672,0.014711198025452177,9.094947017729282e-13,0.014711198026361672,0.0002942240605272334,False,0,none,True,2.672632200003136,3.1442671000258997,1.0456505429942808,ok,0.02892268695507436,0.04090285615213756,0.9717294458061811,0.19195071076618517,0.9717294508697585,0.1919467916968689,1.8318795048102123,0.03176931182600138,468.7610849000048
72,72,71,71,945,945,945,1,-0.35801657164199696,0.35801657164199696,0.6726697799271052,0.08513664338266136,0.15388135356939842,0,2055,0.3581032998120375,0.9997578124242752,2055,0.3581032998120375,0.999757812423988,2055,0.3581032998120375,0.9997578124242752,False,0,1773,-2658.8921298027494,-2658.892129802749,True,False,accepted,L-BFGS-B>Newton-CG,True,8.582938996635572e-12,2.0410301489287784e-12,4.2061995170871295e-06,0.020201177250783076,9.712648410051148,3.677613769070831e-16,2.2737367544323206e-13,4.547473508864641e-13,0.020201177250783076,0.020201177251237823,-4.547473508864641e-13,0.020201177251237823,0.00040402364502475647,False,0,none,True,2.644198999973014,3.4058541999547742,1.025449365743043,ok,0.028922270407857425,0.040902267065414,0.9717293816279439,0.19195069808872817,0.971729386690543,0.1919467790194776,1.8145506957625968,0.031468787508347654,474.8824913999997
73,73,72,72,687,687,687,1,-0.3553907329693331,0.3553907329693331,0.6599501101752278,0.08901885329625946,0.16564942108990457,0,2055,0.35810329980962874,0.9924251833430809,2055,0.35810329980962874,0.9924251833430907,2055,0.35810329980962874,0.9924251833430809,False,0,1772,-2658.9149347412417,-2658.9149347412404,True,False,accepted,L-BFGS-B>Newton-CG,True,6.334788619513145e-12,1.5867482364233799e-12,3.993308593196937e-06,0.02280493849184495,9.712648410051148,4.3021142204224816e-16,2.2737367544323206e-13,1.3642420526593924e-12,0.022804938492299698,0.022804938491390203,9.094947017729282e-13,0.022804938492299698,0.00045609886984599395,False,0,none,True,2.6657966999919154,3.4225383000448346,1.0026444272516528,ok,0.0289230445328104,0.04090336184342147,0.9717292382295135,0.19195066976249936,0.9717292432931737,0.19194675069403686,1.7947803352280554,0.031125920661983,481.05750569998054
74,74,73,73,1627,1627,1627,1,-0.31787276280488186,0.31787276280488186,0.6439809276315124,0.09314264351218791,0.1798980395514831,0,3583,0.31842653004145083,0.9982609261970198,3583,0.31842653004145083,0.9982609261972356,3583,0.31842653004145083,0.9982609261970198,False,0,1771,-2658.937308074186,-2658.937308074186,True,False,accepted,L-BFGS-B>Newton-CG,True,1.1983615642122455e-11,3.511422714837598e-12,3.413752213365087e-06,0.022373332944425783,9.712648410051148,4.579669976578771e-16,2.2737367544323206e-13,0.0,0.022373332944425783,0.022373332945790025,-1.3642420526593924e-12,0.022373332945790025,0.00044746675891580047,False,0,none,True,2.6464000000269152,3.6406593999709003,0.9802710943058628,ok,0.028924382586956426,0.04090525413774197,0.9717289695235299,0.19195061668362565,0.9717289745889239,0.1919466976165896,1.7751609364113135,0.030785671864389554,487.41796519997297
75,75,74,74,1595,1595,1595,1,-0.2978181601032581,0.2978181601032581,0.6434777329378374,0.09183226315271693,0.17757769442029442,0,1633,0.2990097466371754,0.996014890660527,1633,0.2990097466371754,0.9960148906605907,1633,0.2990097466371754,0.996014890660527,False,0,1770,-2658.95775576159,-2658.9577557615885,True,False,accepted,L-BFGS-B>Newton-CG,True,8.055702910857936e-12,2.4839768983123612e-12,3.244066759731566e-06,0.02044768740370273,9.712648410051148,4.163336342344337e-16,2.2737367544323206e-13,1.3642420526593924e-12,0.02044768740370273,0.020447687402338488,1.3642420526593924e-12,0.02044768740370273,0.0004089538480740546,False,0,none,True,2.716303399996832,6.697087700013071,0.9598234069035243,ok,0.028923009908369508,0.04090331287706757,0.9717287379880793,0.1919505709472383,0.9717287430510937,0.19194665188066629,1.7570399141139852,0.03047140861374557,496.9049753000145
76,76,75,75,386,386,386,1,0.2973792386959815,0.2973792386959815,0.7732182337654258,0.08488306366132797,0.12360287658804399,0,3308,0.29809656108657984,0.9975936576122056,3308,0.29809656108657984,0.997593657601691,3308,0.29809656108657984,0.9975936576122056,False,0,1769,-2658.9642123172575,-2658.9642123172566,True,False,accepted,L-BFGS-B>Newton-CG,True,6.8183906184494585e-12,1.946221556900714e-12,3.5043989805906233e-06,0.0064565556685920455,9.712648410051148,4.3021142204224816e-16,2.2737367544323206e-13,9.094947017729282e-13,0.006456555667682551,0.006456555668137298,-4.547473508864641e-13,0.006456555668137298,0.00012913121336274598,False,0,none,True,2.704578200005926,3.5019815000123344,0.953366851235387,ok,0.028920105117006687,0.04089920488172641,0.9717287376140014,0.19195057087334477,0.9717287426747849,0.19194665180633358,1.751284391088514,0.030371593639432145,503.18535500002326
77,77,76,76,1832,1832,1832,1,-0.295219100362452,0.295219100362452,0.6729326834070491,0.08095259044793196,0.14623157298118677,0,1806,0.29680279558519024,0.9946641499126863,1806,0.29680279558519024,0.9946641499123976,1806,0.29680279558519024,0.9946641499126863,False,0,1768,-2658.9794147037264,-2658.9794147037255,True,False,accepted,L-BFGS-B>Newton-CG,True,4.830394106084167e-12,1.324551545924799e-12,3.6478147434093226e-06,0.015202386468899931,9.712648410051148,4.0939474033052647e-16,2.2737367544323206e-13,9.094947017729282e-13,0.015202386468899931,0.015202386468899931,0.0,0.015202386468899931,0.0003040478293779986,False,0,none,True,2.6616876000189222,7.5932585000409745,0.9381644647664871,ok,0.0289203656205746,0.040899573289405196,0.9717287007141941,0.19195056358433624,0.9717287057754196,0.19194664451756122,1.7376570706436198,0.030135262269694187,513.5242812000215
78,78,77,77,140,140,140,1,0.2752648015795387,0.2752648015795387,0.7735328096977561,0.08629047420562196,0.12557124357987756,0,2016,0.27511770153062337,1.000534680422586,2016,0.27511770153062337,1.000534680411602,2016,0.27511770153062337,1.000534680422586,False,0,1767,-2658.985007879508,-2658.985007879507,True,False,accepted,L-BFGS-B>Newton-CG,True,6.210185957533516e-12,1.9467795668363587e-12,3.1909790111447827e-06,0.005593175781541504,9.712648410051148,4.579669976578771e-16,2.2737367544323206e-13,9.094947017729282e-13,0.005593175781541504,0.005593175781541504,0.0,0.005593175781541504,0.00011186361563083007,False,0,none,True,2.7148700999678113,3.442152400035411,0.9325712889849456,ok,0.028963851970430273,0.04096107227514919,0.9717157490595942,0.19194800517744964,0.9717157541604134,0.1919440861707441,1.7322123927528759,0.030040838117205454,519.7566308999667
79,79,78,78,372,372,372,1,-0.266536615711197,0.266536615711197,0.6254458612541246,0.09827341867057575,0.19839782981924084,0,1544,0.2665036128863605,1.0001238363130582,1544,0.2665036128863605,1.0001238363128917,1544,0.2665036128863605,1.0001238363130582,False,0,1766,-2659.0054569285585,-2659.005456928558,True,False,accepted,L-BFGS-B,True,2.5650923984248607e-06,9.457627370540096e-07,2.7131943992157688e-06,0.020449049050512258,9.712648410051148,4.926614671774132e-16,2.2737367544323206e-13,4.547473508864641e-13,0.020449049050512258,0.020449049050967005,-4.547473508864641e-13,0.020449049050967005,0.0004089810810193401,False,0,none,True,2.692440699960571,1.0688389000133611,0.9121222399339786,ok,0.028965938033340164,0.04096402241360832,0.9717152972298658,0.1919479159252016,0.9717153023333975,0.1919439969208546,1.7136195252415785,0.029718391906002752,523.5972941999789
80,80,79,79,1241,1241,1241,1,-0.26175895991016773,0.26175895991016773,0.7354743700344734,0.08041469033405844,0.12667505360612383,0,2593,0.2617214491742248,1.0001433231248769,2593,0.2617214491742248,1.0001433231275052,2593,0.2617214491742248,1.0001433231248769,False,0,1765,-2659.011196504038,-2659.0111965040373,True,False,accepted,L-BFGS-B>Newton-CG,True,6.463770382882581e-12,1.9857311935421175e-12,3.256108447660836e-06,0.005739575479310588,9.712648410051148,3.3306690738754696e-16,2.2737367544323206e-13,4.547473508864641e-13,0.005739575479310588,0.005739575479310588,0.0,0.005739575479310588,0.00011479160958621176,False,0,none,True,2.6776920999982394,5.555443600052968,0.906382664454668,ok,0.028965094979356256,0.040962830155230466,0.9717152417010536,0.19194790495631,0.971715246803904,0.19194398595205242,1.7083753131541841,0.029627444325308366,531.9146496999892
81,81,80,80,895,895,895,1,-0.26104679114232354,0.26104679114232354,0.6249520767118549,0.0980228770606953,0.1981287282524147,0,2961,0.2610250339797718,1.0000833527812258,2961,0.2610250339797718,1.0000833527808979,2961,0.2610250339797718,1.0000833527812258,False,0,1764,-2659.031100549285,-2659.0311005492836,True,False,accepted,L-BFGS-B>Newton-CG,True,6.3377549992330725e-12,2.3798223161863385e-12,2.664121089388436e-06,0.0199040452475856,9.712648410051148,4.0939474033052647e-16,2.2737367544323206e-13,1.3642420526593924e-12,0.019904045247130853,0.019904045246221358,9.094947017729282e-13,0.019904045247130853,0.00039808100494261706,False,0,none,True,2.6881078999722376,7.473952699976508,0.8864786192084466,ok,0.02896286374111959,0.04095967470785529,0.9717147518772574,0.19194780819889853,0.9717147569763016,0.1919438891958651,1.690025680151977,0.029309216400813846,542.174113599991
82,82,81,81,1162,1162,1162,1,-0.2556284086725782,0.2556284086725782,0.7359151015759855,0.08021784603883558,0.12624709068442289,0,1765,0.25558063752450044,1.0001869122345903,1765,0.25558063752450044,1.0001869122357034,1765,0.25558063752450044,1.0001869122345903,False,0,1763,-2659.036587393079,-2659.036587393078,True,False,accepted,L-BFGS-B>Newton-CG,True,6.967784357667934e-10,2.1865357443763758e-10,3.187677544873717e-06,0.005486843794187735,9.712648410051148,4.649058915617843e-16,2.2737367544323206e-13,9.094947017729282e-13,0.005486843794187735,0.005486843794642482,-4.547473508864641e-13,0.005486843794642482,0.00010973697589284964,False,0,none,True,2.6477516000159085,2.6005660999799147,0.8809917754138041,ok,0.028963624407959476,0.0409607504532167,0.9717147514862883,0.1919478081216684,0.9717147565858288,0.19194388911873458,1.6849425902502815,0.029221063076480817,547.5035903999815
83,83,82,82,809,809,809,1,-0.25302949186792034,0.25302949186792034,0.7264610045173322,0.07567624455741565,0.1215183978574244,0,2650,0.2528820262622294,1.0005831399244565,2650,0.2528820262622294,1.0005831399195773,2650,0.2528820262622294,1.0005831399244565,False,0,1762,-2659.0430460431376,-2659.0430460431357,True,False,accepted,L-BFGS-B>Newton-CG,True,6.974000611906962e-12,2.0857891780731594e-12,3.3445788646432166e-06,0.006458650058903004,10.288095235759272,4.0245584642661925e-16,2.2737367544323206e-13,1.8189894035458565e-12,0.0064586500584482565,0.006458650057538762,9.094947017729282e-13,0.0064586500584482565,0.00012917310116896514,False,0,none,True,2.7148265999858268,4.349600099958479,0.8745331253562654,ok,0.02896307120869611,0.040959968111315755,0.971714750770424,0.19194780798026004,0.9717147558695363,0.19194388897724451,1.6789400836420894,0.029116964797269464,554.647795900004
84,84,83,83,1232,1232,1232,1,-0.25066602251120784,0.25066602251120784,0.5110760845632869,0.22308237445470758,0.610451600933823,0,2667,0.2517067811248757,0.9958651943780905,2667,0.2517067811248757,0.9958651943781287,2667,0.2517067811248757,0.9958651943780905,False,0,1761,-2659.095010368965,-2659.0950103689643,True,False,accepted,L-BFGS-B>Newton-CG,True,6.512966391853841e-12,5.7962702439095645e-12,1.1246478145057757e-06,0.0519643258276119,10.288095235759272,4.0245584642661925e-16,2.2737367544323206e-13,9.094947017729282e-13,0.0519643258276119,0.051964325828521396,-9.094947017729282e-13,0.051964325828521396,0.001039286616570428,False,0,none,True,2.687698299996555,6.53365080000367,0.822568799527744,ok,0.028907075313270282,0.04088077795656732,0.9633464024804768,0.19029476514089058,0.9633464076307532,0.19029087990687124,1.6230662781384577,0.02814797510919818,563.9519558000029
85,85,84,84,1531,1531,1531,1,-0.24992508938021274,0.24992508938021274,0.7265468304838889,0.07536129557681151,0.12099047630657515,0,2667,0.2517067811233702,0.9929215584291939,2667,0.2517067811233702,0.9929215584297102,2667,0.2517067811233702,0.9929215584291939,False,0,1760,-2659.101347866952,-2659.101347866951,True,False,accepted,L-BFGS-B>Newton-CG,True,4.402918492976771e-12,1.3276363840582504e-12,3.3173587152667184e-06,0.006337497986805829,10.331091114241191,4.2327252813834093e-16,2.2737367544323206e-13,9.094947017729282e-13,0.006337497986805829,0.006337497986805829,0.0,0.006337497986805829,0.0001267500597361166,False,0,none,True,2.6416501000057906,4.338103600020986,0.8162313015409381,ok,0.028907581155719887,0.04088149332581997,0.9633464017324426,0.19029476499312753,0.9633464068830137,0.19029087975916942,1.6169511929111262,0.028041924438878686,571.0389033000101
86,86,85,85,558,558,558,1,-0.238700243878191,0.238700243878191,0.512671137007036,0.21909566211936285,0.5967427074056072,0,2703,0.23876054998217086,0.9997474201496672,2703,0.23876054998217086,0.9997474201496681,2703,0.23876054998217086,0.9997474201496672,False,0,1759,-2659.1506853381434,-2659.1506853381425,True,False,accepted,L-BFGS-B>Newton-CG,False,1.1866139189521892e-09,1.0891566679173433e-09,1.0904795523046294e-06,0.04933747119230247,10.331091114241191,3.885780586188048e-16,2.2737367544323206e-13,9.094947017729282e-13,0.04933747119139298,0.04933747119139298,0.0,0.04933747119139298,0.0009867495238278597,False,0,none,True,2.6744723999872804,238.29324599995743,0.7668938303495452,ok,0.02887470366723212,0.04083499753570381,0.9552900814362016,0.18870335864674423,0.9552900865732293,0.18869950591024337,1.561951859241174,0.027088100250663844,812.0904982999782
87,87,86,86,295,295,295,1,0.2345518221485463,0.2345518221485463,0.8580809091188147,0.15323843066473322,0.18841197332718493,0,254,0.23462214643862517,0.9997002657628603,254,0.23462214643862517,0.9997002657685707,254,0.23462214643862517,0.9997002657628603,False,0,1758,-2659.1976943165596,-2659.197694316559,True,False,accepted,L-BFGS-B>Newton-CG,True,4.657943049660625e-12,3.043147891036113e-12,1.5316331523949419e-06,0.04700897841803453,10.331091114241191,4.649058915617843e-16,2.2737367544323206e-13,4.547473508864641e-13,0.04700897841621554,0.04700897841667029,-4.547473508864641e-13,0.04700897841667029,0.0009401796683334058,False,0,none,True,2.698787200031802,5.8970158000011,0.7198848519328749,ok,0.02595550943733776,0.03670663346458593,0.8747924739136831,0.17280225258722198,0.8747924781459848,0.17279872440871474,1.5185799971226732,0.026335925116601332,820.7707733999705
88,88,87,87,1395,1395,1395,1,0.34798433995757705,0.34798433995757705,0.8032451297760637,0.07587072433157123,0.10394933889400056,0,3562,0.3482454799467517,0.9992501266944955,3562,0.3482454799467517,0.9992501266932473,3562,0.3482454799467517,0.9992501266944955,False,0,1757,-2659.2190399824294,-2659.2190399824285,True,False,accepted,L-BFGS-B>Newton-CG,True,1.0356183828447521e-11,2.257949793015048e-12,4.587543004846389e-06,0.021345665870285302,10.331091114241191,2.706168622523819e-16,2.2737367544323206e-13,9.094947017729282e-13,0.021345665869830555,0.021345665869375807,4.547473508864641e-13,0.021345665869830555,0.0004269134173966111,False,0,none,True,2.68621220003115,5.706428400008008,0.6985391860634991,ok,0.025078501246179448,0.035466356586337545,0.853288213817957,0.16855440558856385,0.8532882177556851,0.16855096410255382,1.4934178028185496,0.02589955056523205,829.2506423000013
89,89,88,88,309,309,309,1,0.3091521914124655,0.3091521914124655,0.8272641522281154,0.07679433874778413,0.10029702065205279,0,1115,0.310492157117149,0.9956843814764123,1115,0.310492157117149,0.9956843814724525,1115,0.310492157117149,0.9956843814764123,False,0,1756,-2659.2520598233923,-2659.2520598233928,True,False,accepted,L-BFGS-B>Newton-CG,True,6.162825043175154e-12,1.5308643676156568e-12,4.026715911576048e-06,0.03301984096287924,10.331091114241191,7.424616477180734e-16,2.2737367544323206e-13,-4.547473508864641e-13,0.03301984096287924,0.033019840964243485,-1.3642420526593924e-12,0.033019840964243485,0.0006603969192848697,False,0,none,True,2.6843506999430247,5.928301499981899,0.6655193450992556,ok,0.023298468961914,0.03294901078846738,0.8142443891377468,0.16084187826859672,0.8142443924275233,0.16083859416192303,1.45351504923102,0.025207538335110146,837.951968999987
90,90,89,89,191,191,191,1,0.2652920283501885,0.2652920283501885,0.8221909709279139,0.07226684487188081,0.09533727677105312,0,2572,0.26503462389988003,1.0009712106536153,2572,0.26503462389988003,1.0009712106497164,2572,0.26503462389988003,1.0009712106536153,False,0,1755,-2659.273688866846,-2659.2736888668446,True,False,accepted,L-BFGS-B>Newton-CG,True,7.300063257088587e-12,1.9885729030032504e-12,3.672006099934097e-06,0.021629043453231134,10.773466206689791,8.187894806610529e-16,2.2737367544323206e-13,1.3642420526593924e-12,0.02162904345368588,0.02162904345186689,1.8189894035458565e-12,0.02162904345368588,0.0004325809690737176,False,0,none,True,2.665110400004778,6.205692999996245,0.6438903016473887,ok,0.021683511881621702,0.030665116582867562,0.7826616952885178,0.1546031864614952,0.7826616979836105,0.15460002964561084,1.4267810993758612,0.024743905663278262,846.9109370000078
91,91,90,90,778,778,778,1,0.24860148776338065,0.24860148776338065,0.8522174859053241,0.11489254310784781,0.14288319868349786,0,1939,0.24871059863067935,0.9995612938576023,1939,0.24871059863067935,0.9995612938534781,1939,0.24871059863067935,0.9995612938576023,False,0,1754,-2659.3461601017525,-2659.346160101751,True,False,accepted,L-BFGS-B>Newton-CG,True,9.091632005124292e-10,4.2017476703911125e-10,2.1647739146477617e-06,0.07247123490742524,10.773466206689791,7.632783294297951e-16,2.2737367544323206e-13,1.3642420526593924e-12,0.07247123490651575,0.07247123490651575,0.0,0.07247123490651575,0.001449424798130315,False,0,none,True,2.6758999000303447,4.563015899970196,0.571419066740873,ok,0.020208441927236302,0.028579052647926668,0.7220171154855455,0.14262375098432947,0.722017118089883,0.14262083879780188,1.3350608901462764,0.02315325086305293,854.230967600015
92,92,91,91,1474,1474,1474,1,0.2294727284465239,0.2294727284465239,0.7989529085693466,0.06498932893533643,0.08981282317228143,0,3216,0.22962703293041573,0.9993280212615968,3216,0.22962703293041573,0.9993280212666387,3216,0.22962703293041573,0.9993280212615968,False,0,1753,-2659.35507549211,-2659.355075492109,True,False,accepted,L-BFGS-B>Newton-CG,True,1.008023705483352e-09,2.854839642100767e-10,3.5319293405411246e-06,0.00891539035774258,11.97988075651563,8.257283745649602e-16,2.2737367544323206e-13,9.094947017729282e-13,0.008915390357287833,0.00891539035774258,-4.547473508864641e-13,0.00891539035774258,0.00017830790715485162,False,0,none,True,2.6945132999680936,3.5026953000342473,0.5625036763831304,ok,0.020204856539791444,0.028573982144375787,0.722017104341095,0.1426237487829089,0.7220171069431545,0.1426208365959763,1.3245812167203501,0.022971507461246925,860.5166058000177
93,93,92,92,1722,1722,1722,1,0.2139992439422258,0.2139992439422258,0.8131111325938997,0.06407319739839702,0.08606896684298278,0,3273,0.2138760222074642,1.000576136275071,3273,0.2138760222074642,1.0005761362481873,3273,0.2138760222074642,1.000576136275071,False,0,1752,-2659.3665631219496,-2659.366563121949,True,False,accepted,L-BFGS-B>Newton-CG,True,7.2513797783997e-12,2.1711249041220043e-12,3.3409182905748733e-06,0.011487629839848523,12.151171514827189,6.800116025829084e-16,2.2737367544323206e-13,4.547473508864641e-13,0.011487629839848523,0.01148762984030327,-4.547473508864641e-13,0.01148762984030327,0.00022975269680606544,False,0,none,True,2.709184199979063,6.324617400008719,0.5510160465428271,ok,0.020197919725729676,0.028564172007849973,0.7220170519132554,0.14262373842656834,0.7220170545109048,0.1426208262389761,1.3109520537636776,0.02273514413780728,869.6407620999962
94,94,93,93,480,480,480,1,0.20739484736731129,0.20739484736731129,0.8079700439529965,0.06404936181324157,0.08692561411147992,0,1910,0.20744039124714178,0.9997804483516606,1910,0.20744039124714178,0.9997804483533234,1910,0.20744039124714178,0.9997804483516606,False,0,1751,-2659.3762384584134,-2659.376238458412,True,False,accepted,L-BFGS-B>Newton-CG,False,1.1360905013037499e-08,3.5085669916773854e-09,3.2390470545343775e-06,0.009675336463260464,12.155693500295595,8.881784197001252e-16,2.2737367544323206e-13,1.3642420526593924e-12,0.009675336463715212,0.009675336462805717,9.094947017729282e-13,0.009675336463715212,0.00019350682927430426,False,0,none,True,2.6853126999922097,52.59767520002788,0.5413407100800214,ok,0.01944516689265721,0.02749961874220412,0.7097432423322887,0.14019922974975163,0.7097432446358769,0.14019636701804764,1.298766160330336,0.022523810669996924,925.0529410999734
95,95,94,94,1602,1602,1602,1,0.19563503542991612,0.19563503542991612,0.8181035221419419,0.06381881256001412,0.08487877615263577,0,2541,0.19546745260276113,1.0008573438949735,2541,0.19546745260276113,1.0008573438831114,2541,0.19546745260276113,1.0008573438949735,False,0,1750,-2659.3877406570623,-2659.387740657062,True,False,accepted,L-BFGS-B>Newton-CG,True,6.011912704682509e-10,1.9611677936668531e-10,3.066475949633998e-06,0.011502198650759965,12.199606665497775,7.494005416219807e-16,2.2737367544323206e-13,4.547473508864641e-13,0.011502198648940976,0.01150219864985047,-9.094947017729282e-13,0.01150219864985047,0.00023004407299700942,False,0,none,True,2.6214438000461087,8.718823400035035,0.5298385114301709,ok,0.019436559458117342,0.027487445991540602,0.7097431558022387,0.1401992126570262,0.7097431581008138,0.14019634992468102,1.2848440655825615,0.022282367186322486,936.4823221999686
96,96,95,95,1603,1603,1603,1,0.19018373695524815,0.19018373695524815,0.8036112977183842,0.06148977081410132,0.08418429080937456,0,2550,0.191395489236197,0.9936688566392834,2550,0.191395489236197,0.9936688566191012,2550,0.191395489236197,0.9936688566392834,False,0,1749,-2659.3953394063456,-2659.395339406345,True,False,accepted,L-BFGS-B>Newton-CG,True,9.092061681026471e-12,2.939624585604377e-12,3.0939329294465584e-06,0.007598749282806239,12.661689916605686,7.840950111415168e-16,2.2737367544323206e-13,4.547473508864641e-13,0.007598749283260986,0.007598749283260986,0.0,0.007598749283260986,0.00015197508566521973,False,0,none,True,2.6785525000304915,5.744158899993636,0.5222397621469099,ok,0.019433175826351633,0.02748266081360746,0.7097431436070326,0.1401992102480445,0.7097431459036436,0.14019634751536053,1.2755661677806691,0.02212146553990736,944.995901199989
97,97,96,96,46,46,46,1,-0.18731879159086828,0.18731879159086828,0.6043858520483761,0.10209708093064268,0.21707013574182094,0,2008,0.18720388962529244,1.0006137797980899,2008,0.18720388962529244,1.000613779798091,2008,0.18720388962529244,1.0006137797980899,False,0,1748,-2659.410174840922,-2659.4101748409216,True,False,accepted,L-BFGS-B>Newton-CG,True,9.82205612185984e-10,5.353457868588519e-10,1.8357125097389628e-06,0.014835434576525586,12.661689916605686,7.7021722333370235e-16,2.2737367544323206e-13,4.547473508864641e-13,0.014835434576525586,0.014835434576525586,0.0,0.014835434576525586,0.0002967087915305117,False,0,none,True,2.692269400053192,3.6984533999930136,0.5074043275703843,ok,0.019435692364038318,0.027486219735334192,0.7097405999975899,0.14019870779580065,0.7097406022954303,0.1401958450736208,1.2571939498563307,0.021802845937121843,951.484081499977
98,98,97,97,795,795,795,1,0.18113764623996076,0.18113764623996076,0.798478707597561,0.06253218435708903,0.08649972246565908,0,2176,0.182086482856318,0.994789088121901,2176,0.182086482856318,0.9947890881437871,2176,0.182086482856318,0.994789088121901,False,0,1747,-2659.4164099896707,-2659.41640998967,True,False,accepted,L-BFGS-B>Newton-CG,False,9.404282443454844e-08,3.246538398309076e-08,2.8977106775490356e-06,0.006235148748146457,12.661689916605686,8.049116928532385e-16,2.2737367544323206e-13,9.094947017729282e-13,0.006235148748601205,0.006235148748146457,4.547473508864641e-13,0.006235148748601205,0.0001247030749720241,False,0,none,True,2.6785425000125542,55.90044789999956,0.5011691788222379,ok,0.018801450626233573,0.026589266467907643,0.6995644720625804,0.13818856495367224,0.699564474127571,0.13818574323718014,1.248939823541636,0.021659699015037625,1010.1557346999762
99,99,98,98,995,995,995,1,-0.18018404017043643,0.18018404017043643,0.6034503748620403,0.1014896193981037,0.21628382266668783,0,1676,0.18062653424347552,0.9975502266325798,1676,0.18062653424347552,0.9975502266329827,1676,0.18062653424347552,0.9975502266325798,False,0,1746,-2659.43045228996,-2659.430452289959,True,False,accepted,L-BFGS-B>Newton-CG,False,1.7399137302448218e-07,9.80015665949392e-08,1.7763937928729712e-06,0.014042300290839194,12.661689916605686,6.245004513516506e-16,2.2737367544323206e-13,1.3642420526593924e-12,0.014042300289474952,0.014042300289020204,4.547473508864641e-13,0.014042300289474952,0.00028084610578949903,False,0,none,True,2.6524880999932066,11.238913199980743,0.4871268785332177,ok,0.01879853599095526,0.026585144551167682,0.6995620276888519,0.13818808210396896,0.6995620297513621,0.1381852603968478,1.2311822628088411,0.021351739084972374,1024.1408240000019
100,100,99,99,874,874,874,1,0.1782020564561435,0.1782020564561435,0.8086390040795833,0.06058128034115408,0.08210883327649728,0,2040,0.17947889363180633,0.9928858644611316,2040,0.17947889363180633,0.992885864477253,2040,0.17947889363180633,0.9928858644611316,False,0,1745,-2659.4382085402376,-2659.438208540236,True,False,accepted,L-BFGS-B>Newton-CG,True,5.552301986752183e-12,1.887551376515909e-12,2.942536879913046e-06,0.007756250279271626,12.851567459567324,7.91033905045424e-16,2.2737367544323206e-13,1.8189894035458565e-12,0.0077562502774526365,0.007756250276997889,4.547473508864641e-13,0.0077562502774526365,0.00015512510554905275,False,0,none,True,2.6882902999641374,6.563603300019167,0.4793706282562198,ok,0.018794588249674966,0.026579561601908348,0.6995619946958651,0.13818807558669474,0.699561996756257,0.13818525387928826,1.2212949993290705,0.02118026953374378,1033.4891197999823
101,101,100,100,1320,1320,1320,1,0.17812579447394228,0.17812579447394228,0.8173207605343145,0.06316518560711049,0.08414040097861449,0,2601,0.17804223863444676,1.0004693034649326,2601,0.17804223863444676,1.0004693034594696,2601,0.17804223863444676,1.0004693034649326,False,0,1744,-2659.447940294608,-2659.447940294607,True,False,accepted,L-BFGS-B>Newton-CG,True,8.341487051345506e-12,2.9579746122438378e-12,2.820999541854717e-06,0.009731754371387069,12.851567459567324,7.771561172376096e-16,2.2737367544323206e-13,9.094947017729282e-13,0.009731754370477574,0.009731754371387069,-9.094947017729282e-13,0.009731754371387069,0.0001946351874277414,False,0,none,True,2.6656617000116967,7.141487799992319,0.4696388738848327,ok,0.017853250351714603,0.025248308779837022,0.6846252809607676,0.13523754976869368,0.6846252827023331,0.1352347882547484,1.2080872724706664,0.02095121495238322,1043.3911042999825
102,102,101,101,395,395,395,1,0.17238256255438955,0.17238256255438955,0.8229214072005581,0.06354253569693223,0.08370644489808234,0,1331,0.17499361044689477,0.9850791815436165,1331,0.17499361044689477,0.9850791815459152,1331,0.17499361044689477,0.9850791815436165,False,0,1743,-2659.458920738308,-2659.458920738307,True,False,accepted,L-BFGS-B>Newton-CG,True,4.001112444816345e-12,1.4748639687121865e-12,2.7138687999002473e-06,0.010980443700191245,12.851567459567324,6.730727086790012e-16,2.2737367544323206e-13,9.094947017729282e-13,0.010980443699736497,0.010980443699736497,0.0,0.010980443699736497,0.00021960897399472996,False,0,none,True,2.7055047000176273,11.685528700007126,0.4586584301850962,ok,0.01784269867302621,0.025233386452730093,0.6846251360520411,0.13523752114412832,0.6846251377886061,0.13523475962977985,1.193789222038157,0.020703251469249354,1057.8769218000234
103,103,102,102,827,827,827,1,0.1722949645842391,0.1722949645842391,0.8130353123762735,0.06043839884746466,0.0811986584075817,0,1331,0.17499361044633527,0.9845786034403595,1331,0.17499361044633527,0.9845786034327957,1331,0.17499361044633527,0.9845786034403595,False,0,1742,-2659.4672062136206,-2659.467206213619,True,False,accepted,L-BFGS-B>Newton-CG,True,6.079002031640168e-10,2.1324195415323982e-10,2.8517532937311574e-06,0.008285475313186907,12.881949653501808,8.326672684688674e-16,2.2737367544323206e-13,1.3642420526593924e-12,0.00828547531273216,0.008285475312277413,4.547473508864641e-13,0.00828547531273216,0.00016570960625464322,False,0,none,True,2.6709359000087716,6.63807149999775,0.4503729548728188,ok,0.01784789679248163,0.025240737703762787,0.6846251028775988,0.13523751459101024,0.6846251046166874,0.1352347530772941,1.1828897821191007,0.020514228280438064,1067.27606319997
104,104,103,103,1756,1756,1756,1,0.17209849118495413,0.17209849118495413,0.8388650221353701,0.07594823058948034,0.09694977037686965,0,2362,0.17207506839996095,1.0001361195739218,2362,0.17207506839996095,1.0001361195823661,2362,0.17207506839996095,1.0001361195739218,False,0,1741,-2659.4871236410404,-2659.4871236410404,True,False,accepted,L-BFGS-B>Newton-CG,True,4.545121995490866e-12,2.0057931423740663e-12,2.2669973750390024e-06,0.019917427419386513,12.881949653501808,6.522560269672795e-16,2.2737367544323206e-13,0.0,0.01991742741984126,0.019917427421205502,-1.3642420526593924e-12,0.019917427421205502,0.00039834864842411006,False,0,none,True,2.6737971999682486,6.772126599971671,0.4304555274516133,ok,0.017779456008754,0.02514394781919573,0.6846210362418691,0.1352367112875577,0.6846210379486732,0.13523394978386968,1.1561778112354597,0.020050976778218012,1076.8185143999872
105,105,104,104,634,634,634,1,0.16876911738518174,0.16876911738518174,0.8280663248982674,0.0656493424957607,0.08560522939239223,0,3663,0.1703784423727583,0.9905544095534362,3663,0.1703784423727583,0.9905544095881458,3663,0.1703784423727583,0.9905544095534362,False,0,1740,-2659.4996827647624,-2659.4996827647624,True,False,accepted,L-BFGS-B>Newton-CG,True,2.6203005949965662e-12,1.0192682989900856e-12,2.571766301270058e-06,0.012559123722439836,12.881949653501808,5.620504062164855e-16,2.2737367544323206e-13,0.0,0.012559123721985088,0.012559123721985088,0.0,0.012559123721985088,0.0002511825744397018,False,0,none,True,2.6421127999783494,6.443135000008624,0.4178964037296282,ok,0.017762875284496316,0.025120499134076543,0.6846207041277085,0.13523664568334096,0.6846207058267949,0.13523388417946822,1.1390580455238124,0.01975407778794422,1085.9998293999815
106,106,105,105,622,622,622,1,0.15599011634083126,0.15599011634083126,0.8330656172333581,0.06811801071668559,0.0879520827388992,0,1409,0.15598528818010488,1.000030952667285,1409,0.15598528818010488,1.0000309526781284,1409,0.15598528818010488,1.000030952667285,False,0,1739,-2659.5130919060675,-2659.5130919060666,True,False,accepted,L-BFGS-B>Newton-CG,True,5.7995461861133356e-12,2.5325550009925576e-12,2.2909981180429966e-06,0.013409141305601224,12.881949653501808,6.453171330633722e-16,2.2737367544323206e-13,9.094947017729282e-13,0.013409141305146477,0.013409141304236982,9.094947017729282e-13,0.013409141305146477,0.00026818292610292953,False,0,none,True,2.675479599973187,6.953395400021691,0.40448726242539124,ok,0.017736602626129826,0.025083343984295056,0.6846199755372342,0.13523650176112065,0.6846199772241505,0.13523374025778312,1.120480298535624,0.01943189380393078,1095.7281583999866
107,107,106,106,825,825,825,1,-0.14669563486971549,0.14669563486971549,0.5781962379128162,0.1145983980439146,0.2604823076600382,0,203,0.1468491119382405,0.9989548655317061,203,0.1468491119382405,0.9989548655314795,203,0.1468491119382405,0.9989548655317061,False,0,1738,-2659.5265764439614,-2659.52657644396,True,False,accepted,L-BFGS-B>Newton-CG,False,6.164914450197619e-08,4.8160214222014043e-08,1.2810845157743579e-06,0.013484537893873494,12.881949653501808,7.424616477180734e-16,2.2737367544323206e-13,1.3642420526593924e-12,0.013484537893873494,0.013484537893418747,4.547473508864641e-13,0.013484537893873494,0.00026969085787746986,False,0,none,True,2.666623500001151,15.48627569997916,0.3910027245319725,ok,0.017731016652549794,0.02507544422469912,0.6846104458843756,0.13523461931982234,0.684610447566947,0.1352318578540703,1.1013665255743836,0.01910041380659332,1113.9741931000026
108,108,107,107,1752,1752,1752,1,-0.14631446951540283,0.14631446951540283,0.7446619340984407,0.07717374615391454,0.11923672089484504,0,1105,0.1464096076244837,0.9993501921723273,1105,0.1464096076244837,0.9993501921653889,1105,0.1464096076244837,0.9993501921723273,False,0,1737,-2659.528436995067,-2659.5284369950664,True,False,accepted,L-BFGS-B>Newton-CG,True,8.41121409792684e-12,4.436505166699408e-12,1.8969099069830374e-06,0.0018605511063469748,12.881949653501808,7.91033905045424e-16,2.2737367544323206e-13,4.547473508864641e-13,0.0018605511054374801,0.0018605511063469748,-9.094947017729282e-13,0.0018605511063469748,3.7211122126939495e-05,False,0,none,True,2.662328400008846,7.936779099982232,0.3891421734256255,ok,0.017730458717307294,0.02507465518511225,0.6846104457228707,0.13523461928791944,0.6846104474051746,0.13523185782211522,1.0987226344741226,0.019054562209598197,1124.7055193000124
109,109,108,108,1207,1207,1207,1,-0.1457072463325062,0.1457072463325062,0.7451331443919824,0.07767215017181592,0.11988809628496257,0,261,0.1459075166080525,0.9986274163236957,261,0.1459075166080525,0.9986274163218225,261,0.1459075166080525,0.9986274163236957,False,0,1736,-2659.5302555373246,-2659.530255537324,True,False,accepted,L-BFGS-B>Newton-CG,True,7.635537398311064e-10,4.070275311461806e-10,1.87692651946898e-06,0.0018185422582064348,12.881949653501808,8.187894806610529e-16,2.2737367544323206e-13,4.547473508864641e-13,0.0018185422577516874,0.0018185422577516874,0.0,0.0018185422577516874,3.637094515503375e-05,False,0,none,True,2.687752600002568,6.879551999969408,0.3873236311678738,ok,0.017730984061235144,0.025075398133619923,0.6846104455275617,0.13523461924933905,0.6846104472100932,0.13523185778358057,1.0961322455547604,0.019009638472467155,1134.3745462999796
110,110,109,109,1002,1002,1002,1,0.14294007464332026,0.14294007464332026,0.7936614852967188,0.058736160929268186,0.08204236374158608,0,2271,0.1427765097229106,1.0011456010566941,2271,0.1427765097229106,1.001145601048231,2271,0.1427765097229106,1.0011456010566941,False,0,1735,-2659.53411445581,-2659.5341144558092,True,False,accepted,L-BFGS-B>Newton-CG,True,5.300649047120417e-12,2.178113983011059e-12,2.4345958028205286e-06,0.0038589184855482017,13.255282585269262,8.673617379884035e-16,2.2737367544323206e-13,9.094947017729282e-13,0.0038589184855482017,0.0038589184850934544,4.547473508864641e-13,0.0038589184855482017,7.717846971096402e-05,False,0,none,True,2.6956369999679737,6.724881000001915,0.3834647126827804,ok,0.017732503671765994,0.025077547187442175,0.6846104437615899,0.13523461890049757,0.6846104454448413,0.13523185743488841,1.0906162583429646,0.018913977640354768,1143.8965494000004
111,111,110,110,1029,1029,1029,1,0.1424537392472871,0.1424537392472871,0.7939361941457568,0.05860968123695483,0.08182026075032368,0,1846,0.14209749204346592,1.0025070618678633,1846,0.14209749204346592,1.00250706187161,1846,0.14209749204346592,1.0025070618678633,False,0,1734,-2659.5379825998616,-2659.537982599862,True,False,accepted,L-BFGS-B>Newton-CG,True,4.084310762152531e-12,1.680406236442566e-12,2.4315496335213863e-06,0.0038681440528307576,13.28388748513441,7.494005416219807e-16,2.2737367544323206e-13,-4.547473508864641e-13,0.0038681440514665155,0.0038681440528307576,-1.3642420526593924e-12,0.0038681440528307576,7.736298105661515e-05,False,0,none,True,2.6567073999904096,6.588592900021467,0.3795965686299496,ok,0.01773106626767244,0.02507551439107846,0.6846104418403232,0.13523461852097987,0.6846104435229162,0.13523185705524843,1.0850589438986395,0.018817600092031688,1153.2458137000212
112,112,111,111,1713,1713,1713,1,0.14120093625462005,0.14120093625462005,0.7631761517201973,0.10471581639665281,0.15566836056320643,0,2245,0.14138086253378734,0.9987273646804616,2245,0.14138086253378734,0.9987273646765048,2245,0.14138086253378734,0.9987273646804616,False,0,1733,-2659.5389046989803,-2659.5389046989776,True,False,accepted,L-BFGS-B>Newton-CG,True,7.852758957991954e-12,5.823672895141967e-12,1.349420335308088e-06,0.0009220991182701255,13.28388748513441,9.08995101411847e-16,2.2737367544323206e-13,2.7284841053187847e-12,0.0009220991187248728,0.0009220991155416414,3.183231456205249e-12,0.0009220991187248728,1.8442082374497455e-05,False,0,none,True,2.6808832000242546,14.615456499974243,0.378674469514408,ok,0.017729289932727224,0.02507300227410762,0.6846104418210002,0.13523461851716292,0.684610443502794,0.13523185705127366,1.0837287941134623,0.018794532011849763,1170.6937184999697
113,113,112,112,1225,1225,1225,1,0.140082842890763,0.140082842890763,0.8327982330993757,0.06728106701386066,0.08691723997393166,0,1856,0.1405492218077455,0.9966817395999499,1856,0.1405492218077455,0.9966817395911101,1856,0.1405492218077455,0.9966817395999499,False,0,1732,-2659.550047178375,-2659.550047178374,True,False,accepted,L-BFGS-B>Newton-CG,True,1.0112644714993814e-09,4.85705110441412e-10,2.0830544189463802e-06,0.011142479395402916,13.28388748513441,9.506284648352903e-16,2.2737367544323206e-13,9.094947017729282e-13,0.01114247939449342,0.01114247939631241,-1.8189894035458565e-12,0.01114247939631241,0.00022284968792624823,False,0,none,True,2.612980400037486,5.4739966000197455,0.36753199011809556,ok,0.016296872487971313,0.023047258096753998,0.6621892612626127,0.130805647507821,0.6621892625316177,0.13080297641004157,1.0664383210393695,0.018494672534592912,1178.8855345000047
114,114,113,113,1652,1652,1652,1,0.13934371756801056,0.13934371756801056,0.7855615116506816,0.06102923585037565,0.08665635415100797,0,1856,0.14054922172578074,0.9914229040689945,1856,0.14054922172578074,0.9914229040600491,1856,0.14054922172578074,0.9914229040689945,False,0,1731,-2659.5530804969417,-2659.5530804969403,True,False,accepted,L-BFGS-B>Newton-CG,True,4.814738115462627e-12,2.1087408385393515e-12,2.284228942821453e-06,0.00303331856684963,13.28388748513441,1.061650767297806e-15,2.2737367544323206e-13,1.3642420526593924e-12,0.00303331856684963,0.0030333185663948825,4.547473508864641e-13,0.00303331856684963,6.06664713369926e-05,False,0,none,True,2.6554947000113316,16.642770100035705,0.3644986715517007,ok,0.016295786761864037,0.023045722648168065,0.6621892606873211,0.1308056473941807,0.6621892619559266,0.13080297629632467,1.0619836188669851,0.01841741700439301,1198.287359000009
115,115,114,114,1674,1674,1674,1,-0.13934185106774843,0.13934185106774843,0.5773519243452953,0.11342603405655897,0.2583856907527803,0,3318,0.1395723670062441,0.9983484127736736,3318,0.1395723670062441,0.9983484127738181,3318,0.1395723670062441,0.9983484127736736,False,0,1730,-2659.5654861373287,-2659.5654861373278,True,False,accepted,L-BFGS-B>Newton-CG,True,5.503893565356748e-12,4.480239168666303e-12,1.2294820872621338e-06,0.012405640387441963,13.28388748513441,9.71445146547012e-16,2.2737367544323206e-13,9.094947017729282e-13,0.012405640386987216,0.012405640387441963,-4.547473508864641e-13,0.012405640387441963,0.00024811290774883924,False,0,none,True,2.6724516000249423,7.672264299995732,0.3520930311642587,ok,0.016299789785959,0.02305138377913367,0.662180260082734,0.13080386945850606,0.662180261352631,0.1308011983972146,1.043435561831563,0.018095747917437514,1208.7782141999924
116,116,115,115,876,876,876,1,0.1349931785878482,0.1349931785878482,0.7636271499694391,0.10411383343112159,0.1546292503017745,0,2421,0.13514663861819134,0.9988644924364217,2421,0.13514663861819134,0.9988644924268673,2421,0.13514663861819134,0.9988644924364217,False,0,1729,-2659.5663666402725,-2659.5663666402716,True,False,accepted,L-BFGS-B>Newton-CG,True,9.101596981295864e-10,7.019629895284942e-10,1.2975921447524422e-06,0.0008805029442555679,13.28388748513441,9.506284648352903e-16,2.2737367544323206e-13,9.094947017729282e-13,0.0008805029438008205,0.0008805029438008205,0.0,0.0008805029438008205,1.761015887601641e-05,False,0,none,True,2.599548899976071,5.4856319000246,0.3512125282204579,ok,0.01610194008080657,0.02277158204279558,0.6591502446819728,0.1302053349463342,0.6591502459002182,0.1302026760982743,1.041971887739689,0.018070364196229715,1216.9725895000156
117,117,116,116,1155,1155,1155,1,0.1337862000750647,0.1337862000750647,0.8457018670237083,0.08226943822118905,0.10362135545500907,0,3002,0.13406073050676023,0.9979521935270844,3002,0.13406073050676023,0.9979521935195679,3002,0.13406073050676023,0.9979521935270844,False,0,1728,-2659.5854706539094,-2659.5854706539076,True,False,accepted,L-BFGS-B>Newton-CG,True,5.368046098547114e-12,3.3009842323143114e-12,1.6271956194754652e-06,0.01910401363738856,13.28388748513441,1.0200174038743626e-15,2.2737367544323206e-13,1.8189894035458565e-12,0.019104013636933814,0.01910401363602432,9.094947017729282e-13,0.019104013636933814,0.00038208037273867627,False,0,none,True,2.646511700004339,41.167021700006444,0.3321085145844336,ok,0.01834229600026818,0.025939923768641036,0.6961243360283051,0.13750901720531347,0.6961243378900214,0.137506209326577,1.0145187501467163,0.017594259034016204,1260.8938677000115
118,118,117,117,577,577,577,1,0.131323670520203,0.131323670520203,0.7806134448783092,0.06290902252376367,0.09023002022671478,0,3495,0.13147965766213937,0.9988136024636053,3495,0.13147965766213937,0.9988136024551123,3495,0.13147965766213937,0.9988136024636053,False,0,1727,-2659.5878847595027,-2659.5878847595013,True,False,accepted,L-BFGS-B>Newton-CG,True,7.934100546411068e-10,3.800735297793647e-10,2.0885172630456187e-06,0.0024141055941981904,13.28388748513441,1.186550857568136e-15,2.2737367544323206e-13,1.3642420526593924e-12,0.0024141055932886957,0.002414105593743443,-4.547473508864641e-13,0.002414105593743443,4.828221187486886e-05,False,0,none,True,2.6663971999660134,4.377699400007259,0.32969440899069014,ok,0.018343260754430598,0.025941288137061886,0.6961243357146313,0.13750901714335187,0.6961243375768358,0.1375062092647131,1.010792899690289,0.01752964359143034,1268.0431247999659
119,119,118,118,13,13,13,1,0.11927372585762441,0.11927372585762441,0.8381643912098566,0.06839112551989711,0.0874231698781597,0,3024,0.11951099711082032,0.9980146492044084,3024,0.11951099711082032,0.9980146492000361,3024,0.11951099711082032,0.9980146492044084,False,0,1726,-2659.5989556373543,-2659.5989556373534,True,False,accepted,L-BFGS-B>Newton-CG,True,5.578019811009923e-10,3.1984165010254937e-10,1.7449941950091452e-06,0.011070877851580008,13.28388748513441,1.1518563880486e-15,2.2737367544323206e-13,9.094947017729282e-13,0.011070877851580008,0.011070877852034755,-4.547473508864641e-13,0.011070877852034755,0.0002214176570406951,False,0,none,True,2.6653514000354335,11.133241599949542,0.3186235311386554,ok,0.018380140300342362,0.025993443691064464,0.6961233362506154,0.13750881971408896,0.6961233381315548,0.13750601184318287,0.9934903602805473,0.017229574854132734,1281.9492825000198
120,120,119,119,914,914,914,1,0.1132802865006397,0.1132802865006397,0.7893473340798614,0.05769178269722425,0.08129035356323144,0,3083,0.11293212159926105,1.0030829572352684,3083,0.11293212159926105,1.003082957239323,3083,0.11293212159926105,1.0030829572352684,False,0,1725,-2659.6014182166405,-2659.60141821664,True,False,accepted,L-BFGS-B>Newton-CG,True,7.27101546041102e-12,3.703008324388325e-12,1.9645428342203554e-06,0.0024625792862025264,13.495239264443128,1.1587952819525071e-15,2.2737367544323206e-13,4.547473508864641e-13,0.0024625792862025264,0.0024625792866572738,-4.547473508864641e-13,0.0024625792866572738,4.925168573314548e-05,False,0,none,True,2.672330899978988,7.9399785999557935,0.3161609518519981,ok,0.01801898000709867,0.02548268590616859,0.6904461438312842,0.13638737472263568,0.6904461455932075,0.1363845897306743,0.989308389717436,0.017157049163159185,1292.6700813000207
121,121,120,120,239,239,239,1,0.11168564732656705,0.11168564732656705,0.7802810861730782,0.060477431021404834,0.08680123905338066,0,3307,0.1123485227539057,0.9940998296097703,3307,0.1123485227539057,0.9940998296087683,3307,0.1123485227539057,0.9940998296097703,False,0,1724,-2659.603305099471,-2659.6033050994697,True,False,accepted,L-BFGS-B>Newton-CG,False,3.32502924341142e-08,1.8004930044221316e-08,1.8477326644674127e-06,0.0018868828306040086,13.495239264443128,1.033895191682177e-15,2.2737367544323206e-13,1.3642420526593924e-12,0.0018868828306040086,0.001886882829694514,9.094947017729282e-13,0.0018868828306040086,3.773775661208017e-05,False,0,none,True,2.671040500048548,38.37570350000169,0.3142740690223036,ok,0.018018269469511464,0.025481681054276187,0.6904461448247065,0.13638737491887146,0.6904461465862957,0.13638458992684008,0.9863231138318365,0.017105277111423678,1333.8258403000073
122,122,121,121,69,69,69,1,0.11140763609142823,0.11140763609142823,0.7853920155980751,0.059044498987843905,0.08386708590286553,0,651,0.11160521356807733,0.9982296752066284,651,0.11160521356807733,0.9982296752198829,651,0.11160521356807733,0.9982296752066284,False,0,1723,-2659.60546236019,-2659.6054623601894,True,False,accepted,L-BFGS-B>Newton-CG,True,5.259177461314401e-12,2.78729096750682e-12,1.8878419273853698e-06,0.0021572607197413163,13.495239264443128,9.992007221626409e-16,2.2737367544323206e-13,4.547473508864641e-13,0.0021572607188318216,0.0021572607197413163,-9.094947017729282e-13,0.0021572607197413163,4.314531439482633e-05,False,0,none,True,2.6655389000079595,8.599537000001874,0.3121168083025623,ok,0.017677024823410145,0.024999088247672496,0.6851154345931518,0.1353343723344056,0.6851154362465096,0.13533160882569983,0.9826220670877858,0.0170410918264278,1345.1975807999843
123,123,122,122,1539,1539,1539,1,-0.11030476623921004,0.11030476623921004,0.7194960506999746,0.06001775946469782,0.09782444740748546,0,1492,0.11145820789816738,0.9896513529087856,1492,0.11145820789816738,0.9896513529090263,1492,0.11145820789816738,0.9896513529087856,False,0,1722,-2659.6075333543504,-2659.6075333543486,True,False,accepted,L-BFGS-B>Newton-CG,True,6.155531905987512e-10,3.3492771519760865e-10,1.8388687778512819e-06,0.00207099416093115,13.495239264443128,1.033895191682177e-15,2.2737367544323206e-13,1.8189894035458565e-12,0.0020709941604764026,0.0020709941591121606,1.3642420526593924e-12,0.0020709941604764026,4.141998320952805e-05,False,0,none,True,2.6717074000043795,8.547996200039051,0.3100458141434501,ok,0.017677137028879967,0.02499924693016969,0.6851154341198815,0.1353343722409181,0.6851154357732813,0.13533160873222252,0.9793227973983005,0.016983874347173238,1356.5284573999816
124,124,123,123,1576,1576,1576,1,-0.10916682597716942,0.10916682597716942,0.7193173491205508,0.05998937777506287,0.09781579188175728,0,2435,0.11128922720744211,0.9809289606592689,2435,0.11128922720744211,0.9809289606636672,2435,0.11128922720744211,0.9809289606592689,False,0,1721,-2659.6095701466156,-2659.6095701466143,True,False,accepted,L-BFGS-B>Newton-CG,False,2.926121783315681e-08,1.607963073963873e-08,1.8207692662819344e-06,0.0020367922661534976,13.495239264443128,1.0685896612017132e-15,2.2737367544323206e-13,1.3642420526593924e-12,0.002036792265244003,0.0020367922656987503,-4.547473508864641e-13,0.0020367922656987503,4.073594531397501e-05,False,0,none,True,2.678262099972926,27.807538799999747,0.30800902187775137,ok,0.017677016871164464,0.024999077001498803,0.6851154383050455,0.13533437306763504,0.6851154399583893,0.13533160955891152,0.9760671517680432,0.01692741341677306,1387.1257985999691
125,125,124,124,677,677,677,1,0.10845523212094577,0.10845523212094577,0.7894463513197704,0.055552498268880576,0.07826029443641161,0,2435,0.11128922658953812,0.9745348713847674,2435,0.11128922658953812,0.9745348713439032,2435,0.11128922658953812,0.9745348713847674,False,0,1720,-2659.6119096041616,-2659.611909604161,True,False,accepted,L-BFGS-B>Newton-CG,True,4.726541947497818e-12,2.4210100966650986e-12,1.9533016256762214e-06,0.0023394575468955736,14.014930657536926,1.1657341758564144e-15,2.2737367544323206e-13,4.547473508864641e-13,0.002339457545986079,0.0023394575468955736,-9.094947017729282e-13,0.0023394575468955736,4.678925093791147e-05,False,0,none,True,2.6893370999605395,7.876364100025967,0.3056695643308558,ok,0.01767617490376041,0.02499788627977691,0.6851154331904706,0.1353343720573268,0.6851154348434366,0.13533160854854928,0.9723141834262815,0.01686232768312657,1397.801641499973
126,126,125,125,176,176,176,1,-0.10631640740897552,0.10631640740897552,0.7045226319326485,0.058877564066370715,0.09913314469691684,0,3055,0.10622594742773582,1.00085158083717,3055,0.10622594742773582,1.0008515808323366,3055,0.10622594742773582,1.00085158083717,False,0,1719,-2659.614267690775,-2659.614267690774,True,False,accepted,L-BFGS-B>Newton-CG,True,8.931980483344657e-10,4.946491947577289e-10,1.806720211011239e-06,0.0023580866140946455,14.014930657536926,1.096345236817342e-15,2.2737367544323206e-13,9.094947017729282e-13,0.0023580866131851508,0.0023580866127304034,4.547473508864641e-13,0.0023580866131851508,4.7161832263703014e-05,False,0,none,True,2.6955279000103474,128.6476228000247,0.3033114777181254,ok,0.017676225542834746,0.024997957894242626,0.6851154321746963,0.13533437185667566,0.6851154338276743,0.13533160834790461,0.9685166939553573,0.016796469843219003,1529.2582791000023
127,127,126,126,430,430,430,1,-0.10249392463149753,0.10249392463149753,0.6563497573512425,0.06612569348279256,0.12407765846558277,0,2890,0.10371482570800153,0.988228287825105,2890,0.10371482570800153,0.9882282878234884,2890,0.10371482570800153,0.988228287825105,False,0,1718,-2659.617928474188,-2659.617928474188,True,False,accepted,L-BFGS-B>Newton-CG,True,9.781221973509634e-10,6.3105212180564e-10,1.5509863855179601e-06,0.0036607834135793382,14.014930657536926,1.1449174941446927e-15,2.2737367544323206e-13,0.0,0.003660783413124591,0.0036607834140340856,-9.094947017729282e-13,0.0036607834140340856,7.32157682806817e-05,False,0,none,True,2.6756287000025623,4.418307699961588,0.2996506943040913,ok,0.017676372789416004,0.02499816613235485,0.6851154151181771,0.13533436848741376,0.6851154167712262,0.1353316049787256,0.9625902238217439,0.016693690224140422,1536.4665920999832
128,128,127,127,1151,1151,1151,1,-0.09958203930901988,0.09958203930901988,0.687190449201433,0.05932929539463961,0.10378969791300456,0,2030,0.09944479204287682,1.0013801352823373,2030,0.09944479204287682,1.001380135281344,2030,0.09944479204287682,1.0013801352823373,False,0,1717,-2659.620493362332,-2659.6204933623303,True,False,accepted,L-BFGS-B>Newton-CG,False,5.574206717229613e-08,3.321018120062502e-08,1.679463204869447e-06,0.002564888144206634,14.014930657536926,9.575673587391975e-16,2.2737367544323206e-13,1.8189894035458565e-12,0.002564888144206634,0.0025648881423876446,1.8189894035458565e-12,0.002564888144206634,5.1297862884132684e-05,False,0,none,True,2.6793034999864176,34.47315269999672,0.29708580616170366,ok,0.017676370730535948,0.024998163220658755,0.6851154147278503,0.13533436841031052,0.6851154163808995,0.1353316049016239,0.9584169625346877,0.0166213155735088,1573.7342983999988
129,129,128,128,1372,1372,1372,1,-0.09946293597269396,0.09946293597269396,0.6547962478934193,0.0661668135429304,0.12460312034151456,0,1401,0.09940315516186865,1.0006013975182977,1401,0.09940315516186865,1.0006013975163304,1401,0.09940315516186865,1.0006013975182977,False,0,1716,-2659.624007152825,-2659.6240071528246,True,False,accepted,L-BFGS-B>Newton-CG,True,6.3534221654710924e-12,4.22655630716577e-12,1.504214840578227e-06,0.0035137904937982967,14.014930657536926,1.0269562977782698e-15,2.2737367544323206e-13,4.547473508864641e-13,0.003513790492888802,0.003513790494253044,-1.3642420526593924e-12,0.003513790494253044,7.027590988506088e-05,False,0,none,True,2.662941500020679,10.125844999973197,0.2935720156674506,ok,0.017676210550426612,0.024997936691775708,0.68511539652414,0.13533436481443809,0.6851153981770779,0.13533160130580293,0.9526689066810983,0.01652163009838533,1586.6396013000049
130,130,129,129,405,405,405,1,-0.09815718197302914,0.09815718197302914,0.7039131636702612,0.057756477898793686,0.09737524036220412,0,138,0.09808224941665311,1.0007639767319947,138,0.09808224941665311,1.0007639767298453,138,0.09808224941665311,1.0007639767319947,False,0,1715,-2659.626110116361,-2659.62611011636,True,False,accepted,L-BFGS-B>Newton-CG,True,7.074173445163608e-12,4.162500736330966e-12,1.700500827331777e-06,0.002102963535435265,14.014930657536926,1.0685896612017132e-15,2.2737367544323206e-13,9.094947017729282e-13,0.0021029635358900123,0.002102963535435265,4.547473508864641e-13,0.0021029635358900123,4.205937071780025e-05,False,0,none,True,2.6990104999858886,18.967008400009945,0.29146905213201535,ok,0.017676159060694644,0.024997863874298438,0.6851153957106612,0.13533436465374743,0.6851153973635755,0.13533160114511092,0.9492129594445429,0.01646169544377293,1608.4190376999904
131,131,130,130,808,808,808,1,-0.09783801814870685,0.09783801814870685,0.6934037047522249,0.058342697134344756,0.1006646728060404,0,989,0.09798905708057089,0.998458614294657,989,0.09798905708057089,0.998458614299069,989,0.09798905708057089,0.998458614294657,False,0,1714,-2659.628453536403,-2659.6284535364016,True,False,accepted,L-BFGS-B>Newton-CG,False,1.035387604199158e-08,6.17421596971585e-09,1.6779539797079835e-06,0.0023434200420524576,14.014930657536926,1.1102230246251565e-15,2.2737367544323206e-13,1.3642420526593924e-12,0.0023434200420524576,0.0023434200415977102,4.547473508864641e-13,0.0023434200420524576,4.6868500841049154e-05,False,0,none,True,2.6947616999968886,144.81754429999273,0.28912563209041764,ok,0.017676172544725425,0.024997882943597644,0.6851153940064303,0.13533436431710194,0.6851153956593388,0.13533160080847115,0.9453468965365487,0.016394648371222308,1756.0459526000195
132,132,131,131,1057,1057,1057,1,-0.09510549789196432,0.09510549789196432,0.6931725735682498,0.05796257171636614,0.10005998823934144,0,1178,0.09503987034525666,1.000690526475565,1178,0.09503987034525666,1.000690526469272,1178,0.09503987034525666,1.000690526475565,False,0,1713,-2659.630709091807,-2659.6307090918062,True,False,accepted,L-BFGS-B>Newton-CG,True,4.061314386761658e-12,2.4751905110765393e-12,1.641808805862488e-06,0.002255555405099585,14.014930657536926,1.0755285551056204e-15,2.2737367544323206e-13,9.094947017729282e-13,0.0022555554041900905,0.002255555404644838,-4.547473508864641e-13,0.002255555404644838,4.511120809289676e-05,False,0,none,True,2.6986813999828883,7.953939699975308,0.2868700766857728,ok,0.01767615350792711,0.02499785602149928,0.6851153927690052,0.13533436407266702,0.6851153944219058,0.13533160056403964,0.941610811564579,0.016329855436877407,1766.8207147999783
133,133,132,132,1517,1517,1517,1,-0.09449566077970672,0.09449566077970672,0.6811079073175839,0.05942515243034135,0.10538203189208518,0,1137,0.094283805516222,1.0022469952535833,1137,0.094283805516222,1.0022469952527608,1137,0.094283805516222,1.0022469952535833,False,0,1712,-2659.633229912763,-2659.6332299127625,True,False,accepted,L-BFGS-B>Newton-CG,True,9.226359165528645e-10,5.802147900334619e-10,1.5911626990578003e-06,0.0025208209572156193,14.014930657536926,1.1934897514720433e-15,2.2737367544323206e-13,4.547473508864641e-13,0.0025208209558513772,0.0025208209563061246,-4.547473508864641e-13,0.0025208209563061246,5.0416519126122494e-05,False,0,none,True,2.6699290999677032,4.818359899974894,0.2843492557294667,ok,0.017676170499379085,0.02499788005104111,0.6851153899637448,0.1353343635185295,0.6851153916166546,0.13533160000991526,0.9374175709927354,0.016257134296137232,1774.4288944000145
134,134,133,133,146,146,146,1,-0.09400100545413181,0.09400100545413181,0.7092704195543833,0.05708057511596714,0.09511778407502554,0,259,0.0941423261213876,0.9984988615314904,259,0.0941423261213876,0.9984988615354867,259,0.0941423261213876,0.9984988615314904,False,0,1711,-2659.6350848729307,-2659.635084872929,True,False,accepted,L-BFGS-B>Newton-CG,True,7.099033231944515e-12,4.31077197260502e-12,1.6478125145702232e-06,0.0018549601677477767,14.014930657536926,1.1102230246251565e-15,2.2737367544323206e-13,1.8189894035458565e-12,0.0018549601677477767,0.0018549601663835347,1.3642420526593924e-12,0.0018549601677477767,3.7099303354955534e-05,False,0,none,True,2.6484568000305444,8.680101400008425,0.28249429556308314,ok,0.017676107196428693,0.024997790527150125,0.6851153894116105,0.1353343634094636,0.6851153910644915,0.1353315999008459,0.9343201261878651,0.01620341695850047,1785.880657200003
135,135,134,134,136,136,136,1,-0.09358339526969672,0.09358339526969672,0.6819976733593351,0.05917553820193481,0.10472999366354217,0,1146,0.09362177258782489,0.9995900812699079,1146,0.09362177258782489,0.9995900812708843,1146,0.09362177258782489,0.9995900812699079,False,0,1710,-2659.6375494247613,-2659.63754942476,True,False,accepted,L-BFGS-B>Newton-CG,True,6.052208240716782e-10,3.82698959493366e-10,1.5824540621508264e-06,0.0024645518305987935,14.014930657536926,1.0130785099704553e-15,2.2737367544323206e-13,1.3642420526593924e-12,0.0024645518305987935,0.002464551831053541,-4.547473508864641e-13,0.002464551831053541,4.929113662107082e-05,False,0,none,True,2.682144300022628,85.57392279995838,0.2800297437320296,ok,0.017676085881153783,0.024997760382799262,0.685115386776844,0.1353343628890046,0.6851153884297001,0.13533159938039263,0.9301885820150805,0.01613176578559121,1874.2564161000191
136,136,135,135,150,150,150,1,-0.09225863993343353,0.09225863993343353,0.6875222574179654,0.058011332374882305,0.10140903913008205,0,1484,0.0930952076733008,0.9910138474280755,1484,0.0930952076733008,0.9910138474305795,1484,0.0930952076733008,0.9910138474280755,False,0,1709,-2659.6398362857326,-2659.6398362857317,True,False,accepted,L-BFGS-B>Newton-CG,True,8.034942121520259e-10,5.052293192751833e-10,1.5913554712635088e-06,0.0022868609707984433,14.014930657536926,1.1587952819525071e-15,2.2737367544323206e-13,9.094947017729282e-13,0.0022868609712531907,0.002286860971707938,-4.547473508864641e-13,0.002286860971707938,4.5737319434158764e-05,False,0,none,True,2.6868647999945097,8.60247529996559,0.27774288276032166,ok,0.01767608233234297,0.024997755364022878,0.685115384897542,0.13533436251777642,0.6851153865503837,0.1353315990091692,0.9263385118901074,0.01606499606736953,1885.6673553999863
137,137,136,136,767,767,767,1,-0.09079807746308433,0.09079807746308433,0.6985539186373831,0.056883772083954724,0.09703817209500827,0,1368,0.0906888198777729,1.001204752531334,1368,0.0906888198777729,1.0012047525367784,1368,0.0906888198777729,1.001204752531334,False,0,1708,-2659.641820884747,-2659.641820884747,True,False,accepted,L-BFGS-B>Newton-CG,True,6.547915174695883e-12,4.102180628388028e-12,1.5972035238972204e-06,0.001984599015031563,14.014930657536926,1.0824674490095276e-15,2.2737367544323206e-13,0.0,0.0019845990145768155,0.0019845990154863102,-9.094947017729282e-13,0.0019845990154863102,3.969208030972621e-05,False,0,none,True,2.6434556000167504,11.37414919998264,0.27575828374483535,ok,0.01767605047750861,0.024997710314484105,0.6851153840581473,0.1353343623519665,0.6851153857109752,0.1353315988433599,0.9229844032911927,0.016006827546079027,1899.8457773000118
138,138,137,137,1512,1512,1512,1,-0.0905613293171399,0.0905613293171399,0.7145663930357821,0.05677597838545531,0.09352984709152415,0,430,0.08999236050583564,1.006322412348183,430,0.08999236050583564,1.006322412350178,430,0.08999236050583564,1.006322412348183,False,0,1707,-2659.6434635492046,-2659.6434635492024,True,False,accepted,L-BFGS-B>Newton-CG,False,2.1749439660076685e-08,1.3635463672786064e-08,1.5960641783810152e-06,0.0016426644574494276,14.014930657536926,1.1032841307212493e-15,2.2737367544323206e-13,2.2737367544323206e-12,0.0016426644574494276,0.0016426644551756908,2.2737367544323206e-12,0.0016426644574494276,3.285338914898855e-05,False,0,none,True,2.6343878000043333,408.5577442999929,0.27411561928965966,ok,0.017676117461614817,0.024997805044315563,0.6851153834293999,0.1353343622277668,0.6851153850822511,0.13533159871916733,0.9201989805856313,0.015958521441737643,2311.1502920999774
139,139,138,138,793,793,793,1,-0.08909095374297848,0.08909095374297848,0.6755734536428859,0.059450005831174935,0.10674922155135279,0,952,0.08955211035687266,0.9948504104252102,952,0.08955211035687266,0.9948504104228537,952,0.08955211035687266,0.9948504104252102,False,0,1706,-2659.6459035302732,-2659.6459035302732,True,False,accepted,L-BFGS-B>Newton-CG,True,7.403867983450801e-12,4.940568899606707e-12,1.4995861211327675e-06,0.002439981069528585,14.014930657536926,1.1796119636642288e-15,2.2737367544323206e-13,0.0,0.0024399810686190904,0.002439981070892827,-2.2737367544323206e-12,0.002439981070892827,4.879972141785654e-05,False,0,none,True,2.630191499949433,8.818641000019852,0.27167563821876684,ok,0.0176760777061838,0.024997748821645842,0.6851153804022964,0.13533436162980747,0.6851153820551128,0.13533159812121337,0.9160455962730558,0.015886491506901343,2322.7679175999947
140,140,139,139,1383,1383,1383,1,-0.08828889139228124,0.08828889139228124,0.6690690096747007,0.060546802892019025,0.11033610211098725,0,307,0.089231766439642,0.9894334149711299,307,0.089231766439642,0.9894334149693318,307,0.089231766439642,0.9894334149711299,False,0,1705,-2659.6484718471447,-2659.6484718471434,True,False,accepted,L-BFGS-B>Newton-CG,True,7.40581752411915e-12,5.078765480201981e-12,1.4591924589722584e-06,0.002568316870565468,14.014930657536926,1.2281842209915794e-15,2.2737367544323206e-13,1.3642420526593924e-12,0.0025683168714749627,0.0025683168701107206,1.3642420526593924e-12,0.0025683168714749627,5.1366437429499255e-05,False,0,none,True,2.6378803999978118,13.28005880001001,0.2691073213486561,ok,0.017676014681273187,0.024997659690962484,0.6851153755885817,0.13533436067892968,0.6851153772413496,0.1353315971703454,0.9116531723575536,0.01581031603538307,2338.816836700018
141,141,140,140,1112,1112,1112,1,-0.08825141459846009,0.08825141459846009,0.6988206826652532,0.05641885110484826,0.09618858940252621,0,1966,0.08814204081920866,1.0012408809489193,1966,0.08814204081920866,1.0012408809589473,1966,0.08814204081920866,1.0012408809489193,False,0,1704,-2659.650367944436,-2659.650367944435,True,False,accepted,L-BFGS-B>Newton-CG,True,9.234340440428747e-10,5.903484728670237e-10,1.56521857002225e-06,0.0018960972911372664,14.014930657536926,1.0824674490095276e-15,2.2737367544323206e-13,9.094947017729282e-13,0.0018960972911372664,0.0018960972915920138,-4.547473508864641e-13,0.0018960972915920138,3.7922045831840277e-05,False,0,none,True,2.6858749999664724,7.143754600023385,0.2672112240570641,ok,0.017676039729852107,0.02499769511500251,0.6851153747690348,0.13533436051704037,0.6851153764218052,0.1353315970084599,0.9083971125951894,0.015753847922910052,2348.769586200011
142,142,141,141,248,248,248,1,-0.08775628161146898,0.08775628161146898,0.6626767172258733,0.062115542199294105,0.11486336691125913,0,1527,0.08776729409898403,0.9998745262956081,1527,0.08776729409898403,0.9998745262968018,1527,0.08776729409898403,0.9998745262956081,False,0,1703,-2659.653071811186,-2659.6530718111853,True,False,accepted,L-BFGS-B>Newton-CG,True,4.399225739615473e-12,3.113854493823469e-12,1.4137910434934006e-06,0.002703866750380257,14.014930657536926,1.096345236817342e-15,2.2737367544323206e-13,4.547473508864641e-13,0.00270386674992551,0.002703866750380257,-4.547473508864641e-13,0.002703866750380257,5.4077435007605144e-05,False,0,none,True,2.6549560999847017,9.832543099997565,0.26450735730668384,ok,0.01767594869691231,0.024997566374984428,0.6851153678385606,0.1353343591480282,0.6851153694912653,0.13533159563946268,0.9037329587120296,0.015672959983103165,2361.4270362000098
143,143,142,142,1343,1343,1343,1,0.0866889382152749,0.0866889382152749,0.8433674512846044,0.07024065896421847,0.08887572521397305,0,1325,0.08659166442285668,1.0011233620818651,1325,0.08659166442285668,1.0011233620571982,1325,0.08659166442285668,1.0011233620818651,False,0,1702,-2659.6616915645577,-2659.6616915645573,True,False,accepted,L-BFGS-B>Newton-CG,True,7.81682861388597e-12,6.3336707563115254e-12,1.2351703436504768e-06,0.00861975337147669,14.014930657536926,1.0200174038743626e-15,2.2737367544323206e-13,4.547473508864641e-13,0.008619753371931438,0.008619753371931438,0.0,0.008619753371931438,0.00017239516743862876,False,0,none,True,2.64400560001377,10.534826199989766,0.2558876039347524,ok,0.016067907060405368,0.022723452083775682,0.6596956638243883,0.13031307439223036,0.6596956650278535,0.13031041334096669,0.8872355433769,0.015386854084364432,2374.7318808999844
144,144,143,143,1198,1198,1198,1,0.08616263615479625,0.08616263615479625,0.7757532250763884,0.05997537824826663,0.08688094042198792,0,3229,0.08613268057374733,1.0003477841494004,3229,0.08613268057374733,1.0003477841673594,3229,0.08613268057374733,1.0003477841494004,False,0,1701,-2659.662792491094,-2659.6627924910927,True,False,accepted,L-BFGS-B>Newton-CG,True,5.903572745914017e-10,4.1093103024450253e-10,1.4376334765231556e-06,0.0011009265363099985,14.014930657536926,1.1449174941446927e-15,2.2737367544323206e-13,1.3642420526593924e-12,0.0011009265363099985,0.0011009265354005038,9.094947017729282e-13,0.0011009265363099985,2.201863072619997e-05,False,0,none,True,2.7107847000006586,13.633852200000547,0.2547866773993519,ok,0.016067453229778473,0.022722810270348108,0.6596956637701715,0.13031307438152065,0.6596956649734786,0.13031041333022597,0.8852942076676025,0.015353186531806702,2391.204122099967
145,145,144,144,1835,1835,1835,1,-0.08614184269939074,0.08614184269939074,0.6698511675275719,0.060182036639632584,0.10947609250131807,0,3244,0.08593562508638651,1.002399675487284,3244,0.08593562508638651,1.0023996754864422,3244,0.08593562508638651,1.002399675487284,False,0,1700,-2659.6652473209742,-2659.665247320973,True,False,accepted,L-BFGS-B>Newton-CG,True,7.027229059402557e-12,4.90949512430018e-12,1.4323547282327218e-06,0.002454829880662146,14.014930657536926,1.1032841307212493e-15,2.2737367544323206e-13,1.3642420526593924e-12,0.0024548298802073987,0.0024548298802073987,0.0,0.0024548298802073987,4.9096697604147976e-05,False,0,none,True,2.639723500004038,9.11022699996829,0.2523318475191445,ok,0.01606750481498215,0.022722883222842768,0.6596956587951286,0.13031307339877485,0.6596956599984573,0.13031041234750448,0.8809498451385429,0.015277844563348363,2403.089304000023
146,146,145,145,733,733,733,1,-0.08491132510874916,0.08491132510874916,0.5404640936901122,0.13267210426902482,0.33379574768114095,0,661,0.08487625253502307,1.000413220101955,661,0.08487625253502307,1.0004132201020364,661,0.08487625253502307,1.000413220101955,False,0,1699,-2659.674001539355,-2659.6740015393534,True,False,accepted,L-BFGS-B>Newton-CG,True,3.723832599454096e-12,5.818407689234234e-12,6.410088818705986e-07,0.008754218380545353,14.014930657536926,1.1102230246251565e-15,2.2737367544323206e-13,1.3642420526593924e-12,0.008754218380545353,0.008754218380545353,0.0,0.008754218380545353,0.00017508446761090707,False,0,none,True,2.646309799980372,9.99498219997622,0.24357762913859915,ok,0.016074556789507366,0.022732856220857835,0.659656678022397,0.1303053733264303,0.6596566792279667,0.13030271243285557,0.864960330772613,0.01500054692095229,2415.8579357999843
147,147,146,146,423,423,423,1,-0.08396474733804382,0.08396474733804382,0.7141169456664692,0.05570732512732051,0.09185866138409624,0,1673,0.0839604410220177,1.000051289821417,1673,0.0839604410220177,1.0000512898240101,1673,0.0839604410220177,1.000051289821417,False,0,1698,-2659.6754734832643,-2659.675473483264,True,False,accepted,L-BFGS-B>Newton-CG,True,6.509720760108734e-12,4.318945061725182e-12,1.5082478735139217e-06,0.001471943909109541,14.014930657536926,9.575673587391975e-16,2.2737367544323206e-13,4.547473508864641e-13,0.0014719439095642883,0.001471943910473783,-9.094947017729282e-13,0.001471943910473783,2.9438978209475663e-05,False,0,none,True,2.6668305000057444,9.611596300033852,0.24210568522812537,ok,0.016074491060486782,0.022732763265985483,0.6596566777136961,0.13030537326545102,0.6596566789192423,0.1303027123718729,0.8622969057142572,0.014954356556912567,2428.2686486999737
148,148,147,147,584,584,584,1,-0.08387459805757835,0.08387459805757835,0.6391075167746649,0.06819904505885085,0.13324827214387835,0,1673,0.08396044102181366,0.9989775784501537,1673,0.08396044102181366,0.9989775784488698,1673,0.08396044102181366,0.9989775784501537,False,0,1697,-2659.678639450727,-2659.6786394507267,True,False,accepted,L-BFGS-B>Newton-CG,True,5.553291368355634e-10,4.515421558238393e-10,1.2308500365317266e-06,0.003165967462791741,14.014930657536926,1.0755285551056204e-15,2.2737367544323206e-13,4.547473508864641e-13,0.003165967462791741,0.003165967462791741,0.0,0.003165967462791741,6.331944925583481e-05,False,0,none,True,2.6576932999887504,14.547706299985293,0.23893971776533363,ok,0.01607471768820989,0.022733083765985113,0.6596566477406166,0.13030536734471462,0.6596566489462561,0.13030270645127584,0.8565378301644385,0.014854479973059064,2445.599121099978
149,149,148,148,1409,1409,1409,1,-0.0825359355127393,0.0825359355127393,0.6387601386770597,0.0681368091048685,0.13323648794359957,0,371,0.0827861027223488,0.9969781496968335,371,0.0827861027223488,0.9969781496963854,371,0.0827861027223488,0.9969781496968335,False,0,1696,-2659.6817377153648,-2659.6817377153648,True,False,accepted,L-BFGS-B>Newton-CG,True,1.0067724720415013e-09,8.311320800136941e-10,1.2123266907287627e-06,0.0030982646371739975,14.014930657536926,1.1102230246251565e-15,2.2737367544323206e-13,0.0,0.003098264637628745,0.003098264638083492,-4.547473508864641e-13,0.003098264638083492,6.196539276166983e-05,False,0,none,True,2.6673978999606334,9.666545799991582,0.23584145312725013,ok,0.01607448362647204,0.022732752752701015,0.6596566182980549,0.13030536152877412,0.6596566195035645,0.13030270063542843,0.850864195615354,0.014756085147032931,2458.061495199974
150,150,149,149,1043,1043,1043,1,-0.07856905738947262,0.07856905738947262,0.7096821671510928,0.054576509210114886,0.09086368424583306,0,443,0.07849774078871186,1.0009085178763644,443,0.07849774078871186,1.0009085178782682,443,0.07849774078871186,1.0009085178763644,False,0,1695,-2659.683148708822,-2659.6831487088207,True,False,accepted,L-BFGS-B>Newton-CG,True,7.100034938361866e-12,4.9319049355380924e-12,1.440613097000464e-06,0.001410993457739096,14.265558980584395,1.0824674490095276e-15,2.2737367544323206e-13,1.3642420526593924e-12,0.0014109934572843486,0.0014109934559201065,1.3642420526593924e-12,0.0014109934572843486,2.8219969145686973e-05,False,0,none,True,2.6676492000115104,9.623202300048433,0.23443045967133003,ok,0.01607452640076184,0.02273281324468177,0.6596566180519399,0.13030536148015776,0.6596566192574591,0.13030270058681498,0.8482688150832626,0.014711074843017499,2470.480670500023
151,151,150,150,853,853,853,1,-0.0758418986028957,0.0758418986028957,0.6630316145994127,0.059724237543501243,0.11035135828949506,0,2322,0.075907384831622,0.9991372877767879,2322,0.075907384831622,0.9991372877759523,2322,0.075907384831622,0.9991372877767879,False,0,1694,-2659.685312118011,-2659.6853121180097,True,False,accepted,L-BFGS-B>Newton-CG,True,6.3590613688566255e-12,5.007655382411932e-12,1.2708680087274276e-06,0.0021634091890518903,14.265558980584395,1.0061396160665481e-15,2.2737367544323206e-13,1.3642420526593924e-12,0.0021634091890518903,0.0021634091890518903,0.0,0.0021634091890518903,4.3268283781037806e-05,False,0,none,True,2.647317100025248,11.001342099974863,0.23226705048227814,ok,0.016074593268379955,0.022732907809774192,0.6596566129841419,0.13030536047908958,0.6596566141896901,0.13030269958577298,0.844273438050286,0.014641785144382967,2484.297627699969
152,152,151,151,982,982,982,1,-0.0754044458379104,0.0754044458379104,0.5414484457944898,0.12807218075625026,0.32134231057900503,0,889,0.0756446333782058,0.9968247907410097,889,0.0756446333782058,0.9968247907409263,889,0.0756446333782058,0.9968247907410097,False,0,1693,-2659.692697223157,-2659.6926972231563,True,False,accepted,L-BFGS-B>Newton-CG,True,7.644917904189868e-12,1.2984662864482971e-11,5.897652212442926e-07,0.007385105147022841,14.265558980584395,1.0408340855860843e-15,2.2737367544323206e-13,9.094947017729282e-13,0.0073851051461133466,0.007385105146568094,-4.547473508864641e-13,0.007385105146568094,0.0001477022029313619,False,0,none,True,2.66876059997594,10.251869700034149,0.22488194533571004,ok,0.016066451732567894,0.02272139393941023,0.6596293161165198,0.13029996838856028,0.6596293173166042,0.13029730760428315,0.8302385848166152,0.014398386150266895,2497.354776000022
153,153,152,152,1127,1127,1127,1,-0.07527460310768674,0.07527460310768674,0.7530582883817347,0.09097225030873098,0.13810813722542783,0,1809,0.07553365599268899,0.9965703648049643,1809,0.07553365599268899,0.9965703648003855,1809,0.07553365599268899,0.9965703648049643,False,0,1692,-2659.693043651721,-2659.6930436517205,True,False,accepted,L-BFGS-B>Newton-CG,True,7.36944298679667e-12,8.906255022955115e-12,8.28445763432841e-07,0.0003464285637164721,14.265558980584395,1.0755285551056204e-15,2.2737367544323206e-13,4.547473508864641e-13,0.0003464285637164721,0.0003464285641712195,-4.547473508864641e-13,0.0003464285641712195,6.92867128342439e-06,False,0,none,True,2.67039579997072,15.390138300019316,0.22453551677153882,ok,0.016065780857241505,0.02272044517842499,0.6596293161150782,0.13029996838827554,0.6596293173149134,0.13029730760394917,0.829585848589355,0.014387066093085458,2515.549053099996
154,154,153,153,338,338,338,1,-0.07450828824701006,0.07450828824701006,0.6480802657705591,0.06351010475860273,0.1214888457326379,0,3232,0.07437310896281445,1.0018175828075602,3232,0.07437310896281445,1.0018175828072093,3232,0.07437310896281445,1.0018175828075602,False,0,1691,-2659.6954818531904,-2659.69548185319,True,False,accepted,L-BFGS-B>Newton-CG,True,7.286155750562876e-12,6.210644827600631e-12,1.1741721830529712e-06,0.0024382014698858256,14.265558980584395,1.1726730697603216e-15,2.2737367544323206e-13,4.547473508864641e-13,0.0024382014694310783,0.0024382014694310783,0.0,0.0024382014694310783,4.8764129388621564e-05,False,0,none,True,2.6485855000209995,10.716018199978862,0.22209731530210775,ok,0.0160659151676191,0.02272063512198255,0.6596293038722376,0.1302999659698843,0.659629305072129,0.13029730518561844,0.8249790962699486,0.014307173638065312,2529.0458527000155
155,155,154,154,675,675,675,1,-0.07335656498848664,0.07335656498848664,0.7290345575539694,0.056100266463487695,0.08959060383385709,0,1828,0.07341787727855362,0.999164886096688,1828,0.07341787727855362,0.9991648860892077,1828,0.07341787727855362,0.999164886096688,False,0,1690,-2659.696450559075,-2659.6964505590754,True,False,accepted,L-BFGS-B>Newton-CG,True,7.91926640708962e-12,6.056348954015299e-12,1.3085974431491805e-06,0.0009687058845884167,14.265558980584395,1.1587952819525071e-15,2.2737367544323206e-13,-4.547473508864641e-13,0.0009687058845884167,0.0009687058854979114,-9.094947017729282e-13,0.0009687058854979114,1.9374217709958227e-05,False,0,none,True,2.649707300006412,9.869119600043632,0.22112860941660983,ok,0.016066002173163108,0.02272075816640289,0.6596293038004319,0.13029996595570018,0.659629305000351,0.13029730517144006,0.8231421027011678,0.014275315635748177,2541.6980183999985
156,156,155,155,1023,1023,1023,1,0.07014941822868082,0.07014941822868082,0.7759011841113963,0.05681080689880455,0.08227178736292445,0,1639,0.07049553046233965,0.9950902953507991,1639,0.07049553046233965,0.9950902953675397,1639,0.07049553046233965,0.9950902953507991,False,0,1689,-2659.6972643592185,-2659.697264359217,True,False,accepted,L-BFGS-B>Newton-CG,False,3.276736573202349e-08,2.6536791526330105e-08,1.2357900347904282e-06,0.0008138001430779696,14.265558980584395,1.3114509478384662e-15,2.2737367544323206e-13,1.3642420526593924e-12,0.0008138001435327169,0.0008138001417137275,1.8189894035458565e-12,0.0008138001435327169,1.627610287065434e-05,False,0,none,True,2.64375009998912,94.28482709999662,0.2203148092748961,ok,0.016066361871643196,0.022721266856871793,0.659629303498604,0.13029996589607856,0.6596293046986564,0.130297305111846,0.8215956341357364,0.014248496054026076,2638.7958161999704
157,157,156,156,554,554,554,1,0.06916935521752521,0.06916935521752521,0.7711653077047176,0.06266032413622052,0.09162845523437095,0,2979,0.06915137152310648,1.000260062729381,2979,0.06915137152310648,1.000260062741889,2979,0.06915137152310648,1.000260062729381,False,0,1688,-2659.6979153290267,-2659.697915329025,True,False,accepted,L-BFGS-B>Newton-CG,True,8.653913276312269e-12,7.839555853207998e-12,1.1048780051258938e-06,0.0006509698087029392,14.265558980584395,1.1379786002407855e-15,2.2737367544323206e-13,1.8189894035458565e-12,0.0006509698082481918,0.0006509698077934445,4.547473508864641e-13,0.0006509698082481918,1.3019496164963838e-05,False,0,none,True,2.6620727999834344,10.709907300013583,0.21966383946710266,ok,0.0159041600834413,0.022491878888155504,0.6571823514083522,0.12981660687576507,0.657182352567417,0.12981395595472534,0.8202142455230029,0.014224539366113153,2652.3402304999763
158,158,157,157,1726,1726,1726,1,-0.06791063580227163,0.06791063580227163,0.630846851787556,0.06754368805981718,0.13459578938054284,0,232,0.06893944192267037,0.9850766688602911,232,0.06893944192267037,0.9850766688597452,232,0.06893944192267037,0.9850766688602911,False,0,1687,-2659.7004495724223,-2659.7004495724213,True,False,accepted,L-BFGS-B>Newton-CG,True,7.606775920469085e-12,7.565673533082269e-12,1.0064327466295087e-06,0.002534243396439706,14.265558980584395,1.124100812432971e-15,2.2737367544323206e-13,9.094947017729282e-13,0.0025342433955302113,0.002534243396439706,-9.094947017729282e-13,0.002534243396439706,5.068496792879412e-05,False,0,none,True,2.6580363000393845,15.735521800001152,0.21712959607066296,ok,0.01590439563381491,0.022492212006688484,0.6571823216349192,0.12981660099446585,0.6571823227940796,0.1298139500735651,0.8153694528102631,0.014140518703171505,2670.8857194000157
159,159,158,158,461,461,461,1,-0.06726819012424645,0.06726819012424645,0.6303908938450625,0.06753215537165187,0.13472026709167603,0,1463,0.0683168337293741,0.9846502897180266,1463,0.0683168337293741,0.9846502897180617,1463,0.0683168337293741,0.9846502897180266,False,0,1686,-2659.702961275273,-2659.702961275272,True,False,accepted,L-BFGS-B>Newton-CG,True,4.11872661609687e-12,4.134888797463086e-12,9.970912657733067e-07,0.002511702850824804,14.265558980584395,1.1102230246251565e-15,2.2737367544323206e-13,9.094947017729282e-13,0.002511702850824804,0.002511702850824804,0.0,0.002511702850824804,5.0234157016496085e-05,False,0,none,True,2.658680699998513,72.82349139999133,0.21461789321983815,ok,0.015904155871008446,0.02249187293087583,0.6571822916963772,0.1298165950805518,0.6571822928554167,0.12981394415974795,0.8105391585925596,0.014056749479917134,2746.5306236000033
160,160,159,159,409,409,409,1,-0.06687011292903655,0.06687011292903655,0.6470787645737668,0.062083869669085155,0.11903986846491199,0,800,0.06677094268068709,1.0014852306163133,800,0.06677094268068709,1.0014852306156818,800,0.06677094268068709,1.0014852306163133,False,0,1685,-2659.7050476076156,-2659.7050476076156,True,False,accepted,L-BFGS-B>Newton-CG,True,6.512704742416294e-12,6.0465564466710266e-12,1.0780931851635833e-06,0.002086332342514652,14.265558980584395,1.0685896612017132e-15,2.2737367544323206e-13,0.0,0.002086332342514652,0.0020863323434241465,-9.094947017729282e-13,0.0020863323434241465,4.172674686848293e-05,False,0,none,True,2.6566703999997117,10.657748099998571,0.212531560876414,ok,0.01590403640807721,0.022491703984778278,0.6571822823283253,0.1298165932300324,0.6571822834873038,0.12981394230925428,0.806505891555986,0.013986802675104928,2760.013248400006
161,161,159,159,344,344,,1,0.06552213718379107,0.06552213718379107,0.8532968357698437,0.08652335587491203,0.10737675807669564,0,1177,0.06561928307991798,0.9985195526136945,1177,0.06561928307991798,0.9985195525667464,1177,0.06561928307991798,0.9985195526136945,False,0,1684,-2659.7050476076156,-2659.7050476076156,False,True,projected_residual,L-BFGS-B>Newton-CG>trust-krylov,False,9.641812136974205e-06,1.2732215074356327e-05,7.58276882354396e-07,0.010772050325158489,14.265558980584395,1.0547118733938987e-15,2.2737367544323206e-13,0.0,,,,,,False,0,none,False,2.6210263000102714,17.897688299999572,,,,,,,,,,,2780.610754299967
162,162,160,160,74,74,74,1,0.0653542726781211,0.0653542726781211,0.8537085922584844,0.08735241190718007,0.10831882523130207,0,1177,0.06561928307991798,0.99596139443532,1177,0.06561928307991798,0.9959613944520397,1177,0.06561928307991798,0.99596139443532,False,0,1683,-2659.715913171033,-2659.7159131710323,True,False,accepted,L-BFGS-B>Newton-CG,True,8.254288582380579e-12,1.1032668357537283e-11,7.491679241034582e-07,0.0108655634171555,14.265558980584395,9.645062526431047e-16,2.2737367544323206e-13,9.094947017729282e-13,0.010865563417610247,0.010865563416700752,9.094947017729282e-13,0.010865563417610247,0.00021731136835220495,False,0,none,True,2.651981999981217,12.00762340001529,0.20166599745971325,ok,0.017920436906269956,0.025343324916498322,0.693292418484244,0.13694961398072272,0.6932924201696727,0.13694681749144852,0.787132674076391,0.013650823269491153,2795.4051427000086
163,163,161,161,1360,1360,1360,1,0.06539258170016637,0.06539258170016637,0.8287880732258726,0.052941908569551346,0.06893661534628859,0,1177,0.06561928307874307,0.9965452018379315,1177,0.06561928307874307,0.996545201797628,1177,0.06561928307874307,0.9965452018379315,False,0,1682,-2659.7190144089277,-2659.7190144089263,True,False,accepted,L-BFGS-B>Newton-CG,True,6.468005578525601e-12,5.23650467801041e-12,1.2361761291623813e-06,0.003101237895407394,14.706013291313031,1.1171619185290638e-15,2.2737367544323206e-13,1.3642420526593924e-12,0.003101237894497899,0.0031012378940431518,4.547473508864641e-13,0.003101237894497899,6.202485788995798e-05,False,0,none,True,2.6850897000404075,12.518061999988277,0.1985647595656701,ok,0.01725924298000613,0.024408255498617304,0.6831017472362221,0.1349365983232426,0.6831017487224847,0.13493384290497917,0.7801750408787281,0.0135301607378961,2810.7517662000027
164,164,162,162,1434,1434,1434,1,-0.06471488205676224,0.06471488205676224,0.7382305967409206,0.05773856476824051,0.09042523761955956,0,1177,0.06561928308038022,0.9862174504023438,1177,0.06561928308038022,0.9862174504007138,1177,0.06561928308038022,0.9862174504023438,False,0,1681,-2659.719684949646,-2659.7196849496436,True,False,accepted,L-BFGS-B>Newton-CG,False,4.890538787836363e-09,4.363334701075892e-09,1.1218259560355236e-06,0.0006705407186018419,14.706013291313031,9.645062526431047e-16,2.2737367544323206e-13,2.2737367544323206e-12,0.0006705407181470946,0.0006705407172375999,9.094947017729282e-13,0.0006705407181470946,1.3410914362941892e-05,False,0,none,True,2.6463622999726795,265.22183829999994,0.1978942188484325,ok,0.017259127076127753,0.02440809158578057,0.6831017473361386,0.1349365983429796,0.6831017488223518,0.134933842924706,0.7788307611379548,0.013506847609410377,3078.8357492000214
165,165,163,163,1642,1642,1642,1,-0.0646774005021058,0.0646774005021058,0.7332076770039976,0.05570836317204151,0.08817862917788806,0,1810,0.06466344267542927,1.0002158534420535,1810,0.06466344267542927,1.0002158534573382,1810,0.06466344267542927,1.0002158534420535,False,0,1680,-2659.7204260303133,-2659.7204260303124,True,False,accepted,L-BFGS-B>Newton-CG,True,1.1304024939887206e-11,9.736456961890096e-12,1.1619998364017629e-06,0.0007410806679217785,14.706013291313031,1.1657341758564144e-15,2.2737367544323206e-13,9.094947017729282e-13,0.0007410806674670312,0.0007410806688312732,-1.3642420526593924e-12,0.0007410806688312732,1.4821713376625465e-05,False,0,none,True,2.6375651000416838,11.639001799980178,0.19715313817960123,ok,0.017259033975558606,0.02440795992169302,0.6831017471882962,0.13493659831377552,0.6831017486744699,0.13493384289549476,0.777342393699183,0.013481035644622384,3093.2633504999685
166,166,164,164,1097,1097,1097,1,-0.06457440679182014,0.06457440679182014,0.753447367881902,0.08925276778406449,0.13538788271916427,0,1582,0.06460609431284761,0.9995095273694455,1582,0.06460609431284761,0.9995095274039799,1582,0.06460609431284761,0.9995095273694455,False,0,1679,-2659.7206907578698,-2659.72069075787,True,False,accepted,L-BFGS-B>Newton-CG,True,4.388754218540212e-12,6.0660016963724e-12,7.245003282581971e-07,0.00026472755689610494,14.706013291313031,9.992007221626409e-16,2.2737367544323206e-13,-4.547473508864641e-13,0.0002647275564413576,0.00026472755780559964,-1.3642420526593924e-12,0.00026472755780559964,5.294651156111994e-06,False,0,none,True,2.659420800046064,10.749067299999297,0.19688841062179563,ok,0.01725953630433339,0.024408670321859092,0.6831017471862715,0.1349365983133756,0.6831017486726463,0.13493384289513452,0.7768097155371915,0.01347179769060479,3106.811175299983
167,167,165,165,519,519,519,1,-0.06395437146640859,0.06395437146640859,0.7337048444922428,0.05570478667399811,0.0880799924014563,0,3197,0.06381264681264179,1.0022209493077903,3197,0.06381264681264179,1.0022209493310803,3197,0.06381264681264179,1.0022209493077903,False,0,1678,-2659.7214132621143,-2659.7214132621134,True,False,accepted,L-BFGS-B>Newton-CG,True,4.898464698241984e-12,4.266603279814154e-12,1.1490947200826586e-06,0.000722504244549782,14.706013291313031,1.096345236817342e-15,2.2737367544323206e-13,9.094947017729282e-13,0.000722504244549782,0.00072250424318554,1.3642420526593924e-12,0.000722504244549782,1.445018489099564e-05,False,0,none,True,2.648778599977959,10.771288899995852,0.1961659063786101,ok,0.017259622533001104,0.024408792267610436,0.6831017471584009,0.13493659830787016,0.6831017486448084,0.1349338428896357,0.7753549086039815,0.01344656774781302,3120.409704599995
168,168,166,166,1146,1146,1146,1,-0.06302640633862211,0.06302640633862211,0.7287673838814837,0.053938702491311795,0.08618771093579002,0,3514,0.06372865586617463,0.9889806317423799,3514,0.06372865586617463,0.9889806317289291,3514,0.06372865586617463,0.9889806317423799,False,0,1677,-2659.722188356455,-2659.7221883564544,True,False,accepted,L-BFGS-B>Newton-CG,True,3.951877428086106e-12,3.3820608418986463e-12,1.1694820625129773e-06,0.0007750943414066569,14.706013291313031,1.0130785099704553e-15,2.2737367544323206e-13,4.547473508864641e-13,0.0007750943404971622,0.0007750943409519095,-4.547473508864641e-13,0.0007750943409519095,1.550198681903819e-05,False,0,none,True,2.652642300003208,10.543987699958961,0.19539081203765818,ok,0.01725954764177541,0.024408686355423356,0.683101747118028,0.1349365982998951,0.6831017486044039,0.13493384288165453,0.7737911881598346,0.013419448975935094,3133.7587952999747
169,169,167,167,142,142,142,1,-0.0628845955563877,0.0628845955563877,0.6196834045646831,0.0703594297678373,0.14404734367970667,0,3514,0.06372865586580476,0.9867554038611074,3514,0.06372865586580476,0.9867554038618473,3514,0.06372865586580476,0.9867554038611074,False,0,1676,-2659.7246751937437,-2659.7246751937428,True,False,accepted,L-BFGS-B>Newton-CG,True,6.834156213097769e-12,7.646504360131926e-12,8.947621547344358e-07,0.0024868372884156997,14.706013291313031,1.1102230246251565e-15,2.2737367544323206e-13,9.094947017729282e-13,0.002486837288870447,0.0024868372884156997,4.547473508864641e-13,0.002486837288870447,4.9736845777408944e-05,False,0,none,True,2.6198155999882147,11.319512300018687,0.19290397474924248,ok,0.017259854910083035,0.024409120898431287,0.6831017082786932,0.13493659062776173,0.683101709765214,0.13493383520970645,0.7687494444481718,0.013332012696582653,3147.8407807999756
170,170,168,168,988,988,988,1,0.06264736510257762,0.06264736510257762,0.7976562351952136,0.04708841851258367,0.06524466549397875,0,932,0.06297822184954852,0.994746489544254,932,0.06297822184954852,0.9947464894945324,932,0.06297822184954852,0.994746489544254,False,0,1675,-2659.7259100308966,-2659.725910030895,True,False,accepted,L-BFGS-B>Newton-CG,False,9.470917676828664e-09,7.118743693466918e-09,1.3314198162830902e-06,0.0012348371528787538,16.534095552247987,1.0685896612017132e-15,2.2737367544323206e-13,1.3642420526593924e-12,0.0012348371528787538,0.0012348371524240065,4.547473508864641e-13,0.0012348371528787538,2.4696843057575077e-05,False,0,none,True,2.6695425999932922,140.16609849996166,0.19166913759681847,ok,0.017259375786366028,0.024408443315172643,0.6831017080921928,0.13493659059092133,0.6831017095785173,0.13493383517282806,0.7662352187954133,0.013288409818471032,3290.8554496999714
171,171,169,169,1184,1184,1184,1,-0.06261026621831434,0.06261026621831434,0.7385761780091616,0.05754513050671742,0.09005653676995129,0,932,0.06297822184985655,0.994157414726325,932,0.06297822184985655,0.9941574147680745,932,0.06297822184985655,0.994157414726325,False,0,1674,-2659.7265405512153,-2659.726540551215,True,False,accepted,L-BFGS-B>Newton-CG,True,1.004774488616259e-09,9.234887914687659e-10,1.0890202314293518e-06,0.0006305203191914188,16.534095552247987,1.0755285551056204e-15,2.2737367544323206e-13,4.547473508864641e-13,0.0006305203187366715,0.0006305203196461662,-9.094947017729282e-13,0.0006305203196461662,1.2610506392923324e-05,False,0,none,True,2.6422483999631368,6.544045599992387,0.1910386172771723,ok,0.017259479454360026,0.024408589923855736,0.6831017080107996,0.1349365905748433,0.6831017094971643,0.1349338351567583,0.76494820700369,0.013266089857563322,3300.193075600022
172,172,170,170,969,969,969,1,0.06245188901147003,0.06245188901147003,0.8017857881654954,0.04800200905133996,0.06595994763332748,0,3418,0.06289749013792756,0.9929154386688503,3418,0.06289749013792756,0.9929154386746513,3418,0.06289749013792756,0.9929154386688503,False,0,1673,-2659.727894398049,-2659.727894398049,True,False,accepted,L-BFGS-B>Newton-CG,True,6.284087903244822e-12,4.830099603820319e-12,1.302026566465521e-06,0.001353846834263095,16.534095552247987,9.922618282587337e-16,2.2737367544323206e-13,0.0,0.0013538468338083476,0.001353846834263095,-4.547473508864641e-13,0.001353846834263095,2.70770366852619e-05,False,0,none,True,2.636438800022006,11.928641400008928,0.1896847704429092,ok,0.01691095399198822,0.023915700488137175,0.677795106020332,0.13388835021512216,0.6777951074077333,0.13388561618493802,0.7617765992588811,0.013211086351508465,3314.9155636000214
173,173,171,171,342,342,342,1,0.0624487688974682,0.0624487688974682,0.7709291103520974,0.05990125392476902,0.08763637357978746,0,3418,0.06289749014079808,0.9928658322879752,3418,0.06289749014079808,0.992865832292585,3418,0.06289749014079808,0.9928658322879752,False,0,1672,-2659.7284585401308,-2659.7284585401294,True,False,accepted,L-BFGS-B>Newton-CG,True,6.265572042027328e-12,6.009976313146254e-12,1.0435285750830635e-06,0.0005641420812025899,16.534095552247987,1.0547118733938987e-15,2.2737367544323206e-13,1.3642420526593924e-12,0.0005641420816573373,0.0005641420802930952,1.3642420526593924e-12,0.0005641420816573373,1.1282941633146746e-05,False,0,none,True,2.6616604999871925,11.502155700000003,0.18912062836261612,ok,0.016910672534865438,0.02391530244765691,0.6777951060108999,0.13388835021325898,0.6777951073981928,0.13388561618305347,0.7606183770638978,0.01319099992007037,3329.2271298000123
174,174,172,172,1169,1169,1169,1,-0.06176015546477576,0.06176015546477576,0.6201731626493492,0.07024713119115886,0.14364568757735377,0,3418,0.06289749013843753,0.9819176461388445,3418,0.06289749013843753,0.981917646138891,3418,0.06289749013843753,0.9819176461388445,False,0,1671,-2659.7308717831224,-2659.7308717831215,True,False,accepted,L-BFGS-B>Newton-CG,True,8.878231981936544e-10,1.0098263550399694e-09,8.801840238300316e-07,0.002413242992133746,16.534095552247987,1.1726730697603216e-15,2.2737367544323206e-13,9.094947017729282e-13,0.002413242991678999,0.002413242992133746,-4.547473508864641e-13,0.002413242992133746,4.826495984267492e-05,False,0,none,True,2.672712000028696,7.1958402000018395,0.18670738537048237,ok,0.01691037007209028,0.02391487470069817,0.6777950685011062,0.1338883428037567,0.6777950698882319,0.13388560877366948,0.7556411355059102,0.01310468226725869,3339.241137999983
175,175,173,173,929,929,929,1,0.06085559780001404,0.06085559780001404,0.8489770404363421,0.07415614370402569,0.09280674459598923,0,3418,0.06289749013733872,0.9675361873285222,3418,0.06289749013733872,0.967536187295675,3418,0.06289749013733872,0.9675361873285222,False,0,1670,-2659.7378551399215,-2659.737855139921,True,False,accepted,L-BFGS-B>Newton-CG,True,9.757279212199904e-10,1.1889821565682064e-09,8.216413492665542e-07,0.00698335679999218,16.534095552247987,9.43689570931383e-16,2.2737367544323206e-13,4.547473508864641e-13,0.006983356799082685,0.006983356799537432,-4.547473508864641e-13,0.006983356799537432,0.00013966723599074865,False,0,none,True,2.6790474000154063,13.37817310000537,0.17972402857094494,ok,0.015245547912770238,0.021560460624048504,0.6514095968333237,0.1286762850006405,0.65140959781578,0.12867365733267802,0.739095779090379,0.012817744951863703,3355.443713099987
176,176,174,174,685,685,685,1,-0.060162757126917654,0.060162757126917654,0.7238479924125557,0.05172574786852912,0.08352508776653074,0,3418,0.06289749015245896,0.9565207925004239,3418,0.06289749015245896,0.9565207925111521,3418,0.06289749015245896,0.9565207925004239,False,0,1669,-2659.738651870356,-2659.7386518703543,True,False,accepted,L-BFGS-B>Newton-CG,False,1.05134370243074e-09,9.03907032709015e-10,1.164110435461329e-06,0.0007967304341036652,16.534095552247987,9.992007221626409e-16,2.2737367544323206e-13,1.8189894035458565e-12,0.0007967304345584125,0.0007967304331941705,1.3642420526593924e-12,0.0007967304345584125,1.593470869116825e-05,False,0,none,True,2.6434517999878153,620.8525860999944,0.17892729813775077,ok,0.01524548769105181,0.021560375457677552,0.6514095968127728,0.12867628499658096,0.6514095977952105,0.12867365732861488,0.7374093377991418,0.012788497897613204,3979.091533300001
177,177,175,175,1173,1173,1173,1,-0.0599368738267394,0.0599368738267394,0.6761692490642056,0.05315945368759817,0.09532535894643607,0,3418,0.06289749008628953,0.9529295007560963,3418,0.06289749008628953,0.952929500756788,3418,0.06289749008628953,0.9529295007560963,False,0,1668,-2659.7400322007493,-2659.7400322007493,True,False,accepted,L-BFGS-B>Newton-CG,True,7.767568476212697e-10,6.889243131183973e-10,1.128492284464894e-06,0.0013803303932036215,16.534095552247987,8.465450562766819e-16,2.2737367544323206e-13,0.0,0.0013803303932036215,0.001380330395022611,-1.8189894035458565e-12,0.001380330395022611,2.760670790045222e-05,False,0,none,True,2.645900800009258,12.495461799961049,0.17754696774272816,ok,0.015245507427490212,0.021560403369216413,0.6514095955886139,0.12867628475476656,0.6514095965710601,0.12867365708680711,0.7344782588675671,0.012737665754822533,3994.4112781999866
178,178,176,176,145,145,145,1,0.05609532383749638,0.05609532383749638,0.8093870709282621,0.04535238671427473,0.06137642403057757,0,1758,0.057175602264793735,0.9811059545591784,1758,0.057175602264793735,0.9811059545437532,1758,0.057175602264793735,0.9811059545591784,False,0,1667,-2659.741433632792,-2659.7414336327915,True,False,accepted,L-BFGS-B>Newton-CG,True,7.699744078344467e-12,6.225149388036296e-12,1.2378769965813346e-06,0.0014014320431670058,17.166999743505166,8.951173136040325e-16,2.2737367544323206e-13,4.547473508864641e-13,0.0014014320427122584,0.001401432042257511,4.547473508864641e-13,0.0014014320427122584,2.802874085424517e-05,False,0,none,True,2.647383500006981,11.292441600002348,0.17614553570047065,ok,0.015246282593854065,0.02156149962000127,0.6514095944868296,0.12867628453712546,0.6514095954695234,0.12867365686921936,0.7314904294461199,0.012685849418473111,4008.4977472000173
179,179,177,177,1644,1644,1644,1,0.05520859426542302,0.05520859426542302,0.8051380585605225,0.044801379659830144,0.06114894619506058,0,1758,0.057175602286334275,0.965597073887206,1758,0.057175602286334275,0.9655970738928242,1758,0.057175602286334275,0.965597073887206,False,0,1666,-2659.7426754557337,-2659.7426754557337,True,False,accepted,L-BFGS-B>Newton-CG,True,5.285877579308081e-12,4.289451876201758e-12,1.2332967437015854e-06,0.0012418229416653048,17.3781347137704,9.43689570931383e-16,2.2737367544323206e-13,0.0,0.0012418229416653048,0.0012418229421200522,-4.547473508864641e-13,0.0012418229421200522,2.4836558842401043e-05,False,0,none,True,2.7618070999742486,10.517252399993595,0.1749037127583506,ok,0.01524572485149797,0.02156071085319697,0.6514095939716481,0.128676284435359,0.651409594954178,0.12867365676742262,0.7288326901914424,0.012639757660302148,4021.9225098000024
180,180,178,178,6,6,6,1,0.05487933964724334,0.05487933964724334,0.8141697567778979,0.0453989024428635,0.06085530000501912,0,3068,0.056279916406686684,0.975114093110541,3068,0.056279916406686684,0.9751140930013676,3068,0.056279916406686684,0.975114093110541,False,0,1665,-2659.7442382144272,-2659.7442382144254,True,False,accepted,L-BFGS-B>Newton-CG,True,4.88092398279279e-12,4.037741582406392e-12,1.2098252512395511e-06,0.001562758693125943,17.3781347137704,1.033895191682177e-15,2.2737367544323206e-13,1.8189894035458565e-12,0.0015627586935806903,0.001562758691761701,1.8189894035458565e-12,0.0015627586935806903,3.125527387161381e-05,False,0,none,True,2.6512543999706395,16.26943799998844,0.1733409540665889,ok,0.015244761029992206,0.02155934780375181,0.6514095922903874,0.12867628410325094,0.6514095932726341,0.1286736564352654,0.7254740892830862,0.01258151123127858,4040.9989986
181,181,179,179,936,936,936,1,0.054862930056515324,0.054862930056515324,0.9167367500567285,0.044350273151196634,0.04880404633267467,0,2518,0.055391353351486886,0.9904601844331472,2518,0.055391353351486886,0.9904601844058339,2518,0.055391353351486886,0.9904601844331472,False,0,1664,-2659.745972982779,-2659.7459729827797,True,False,accepted,L-BFGS-B>Newton-CG,True,8.019409483387805e-12,6.482756219744601e-12,1.2380370273932255e-06,0.0017347683524349122,17.55489551185086,8.951173136040325e-16,2.2737367544323206e-13,-4.547473508864641e-13,0.0017347683519801649,0.0017347683542539016,-2.2737367544323206e-12,0.0017347683542539016,3.469546708507803e-05,False,0,none,True,2.6465777000412345,13.22361520002596,0.171606185712335,ok,0.016142701587526335,0.02282922751842144,0.6647037139249925,0.13130234026300588,0.664703715120671,0.13129965900714785,0.7226644056272146,0.012532784382181016,4057.0249588000006
182,182,180,180,293,293,293,1,0.052067548324998825,0.052067548324998825,0.8072499676012531,0.044377998362309774,0.06031521955156142,0,705,0.054846508796107286,0.9493320444253017,705,0.054846508796107286,0.9493320443037783,705,0.054846508796107286,0.9493320444253017,False,0,1663,-2659.747168950433,-2659.7471689504328,True,False,accepted,L-BFGS-B>Newton-CG,True,7.433944172385101e-12,6.336068681654403e-12,1.1742739251879501e-06,0.0011959676539845532,17.55489551185086,9.298117831235686e-16,2.2737367544323206e-13,4.547473508864641e-13,0.0011959676539845532,0.0011959676530750585,9.094947017729282e-13,0.0011959676539845532,2.3919453079691064e-05,False,0,none,True,2.635012600047048,10.658307400008198,0.17041021805925993,ok,0.016142123784901315,0.02282841038211276,0.6647037134105058,0.13130234016137668,0.6647037146059848,0.13129965890548131,0.7200736096631944,0.01248785358589099,4070.486433700018
183,183,181,181,124,124,124,1,0.05201529271909067,0.05201529271909067,0.8266307017024777,0.048428728218703275,0.06332951260410379,0,705,0.05484650879703415,0.9483792835671505,705,0.05484650879703415,0.948379283652954,705,0.05484650879703415,0.9483792835671505,False,0,1662,-2659.74922527814,-2659.749225278139,True,False,accepted,L-BFGS-B>Newton-CG,True,6.982973695138858e-12,6.501482881879406e-12,1.0750586143203482e-06,0.0020563277071232733,17.55489551185086,7.91033905045424e-16,2.2737367544323206e-13,9.094947017729282e-13,0.002056327706668526,0.0020563277062137786,4.547473508864641e-13,0.002056327706668526,4.112665413337052e-05,False,0,none,True,2.6519958999706432,10.767391100001987,0.16835389035304615,ok,0.01613966121799054,0.02282492778658929,0.6647037048582146,0.13130233847199865,0.6647037060528427,0.13129965721596973,0.7155961597936851,0.012410203554479962,4084.067218400014
184,184,182,182,459,459,459,1,0.0518688384929078,0.0518688384929078,0.7968427656878804,0.04435987633704455,0.06156495021183349,0,705,0.05484650879867398,0.9457090274114553,705,0.05484650879867398,0.9457090273736221,705,0.05484650879867398,0.9457090274114553,False,0,1661,-2659.7501697232155,-2659.7501697232146,True,False,accepted,L-BFGS-B>Newton-CG,False,7.56318817246544e-09,6.468278484824796e-09,1.170273739559824e-06,0.000944445076129341,17.55489551185086,1.1032841307212493e-15,2.2737367544323206e-13,9.094947017729282e-13,0.0009444450756745937,0.0009444450756745937,0.0,0.0009444450756745937,1.8889001513491875e-05,False,0,none,True,2.6196898000198416,129.1388315000222,0.16740944527737156,ok,0.01614005006378258,0.022825477697582065,0.6647037046108836,0.13130233842314207,0.6647037058056549,0.13129965716714243,0.713530783527805,0.012374384832529926,4215.979494599975
185,185,183,183,886,886,886,1,-0.051735890569773346,0.051735890569773346,0.7242693244739182,0.05016558128366141,0.08093271923274965,0,3482,0.05300207945263624,0.9761105810198563,3482,0.05300207945263624,0.9761105810358579,3482,0.05300207945263624,0.9761105810198563,False,0,1660,-2659.7507944158297,-2659.7507944158297,True,False,accepted,L-BFGS-B>Newton-CG,True,7.210410740532668e-10,6.99155734895673e-10,1.0323025239803826e-06,0.000624692615474487,17.55489551185086,9.367506770274758e-16,2.2737367544323206e-13,0.0,0.0006246926141102449,0.0006246926150197396,-9.094947017729282e-13,0.0006246926150197396,1.2493952300394793e-05,False,0,none,True,2.6591553000034764,11.973364499979652,0.16678475266235182,ok,0.016140093823755784,0.022825539583529657,0.6647037046022235,0.1313023384214314,0.6647037057970081,0.13129965716543443,0.7121613906526845,0.01235063618031357,4230.7633112000185
186,186,184,184,602,602,602,1,0.05161807126137319,0.05161807126137319,0.8044140444601238,0.04564917233873459,0.06239665671919617,0,3328,0.052258559593089865,0.9877438579114345,3328,0.052258559593089865,0.9877438578857641,3328,0.052258559593089865,0.9877438579114345,False,0,1659,-2659.751857668227,-2659.7518576682264,True,False,accepted,L-BFGS-B>Newton-CG,True,3.574718550984151e-12,3.1613529749703957e-12,1.1317559071342316e-06,0.001063252398125769,17.55489551185086,1.0547118733938987e-15,2.2737367544323206e-13,4.547473508864641e-13,0.0010632523972162744,0.001063252396761527,4.547473508864641e-13,0.0010632523972162744,2.126514794432549e-05,False,0,none,True,2.6507678999914788,18.848547400033567,0.1657215002655903,ok,0.01584929395322432,0.02241428646268772,0.6603678365495258,0.1304458521246585,0.6603678376722254,0.1304431883458182,0.7095088779997651,0.01230463506431673,4252.414617399976
187,187,185,185,613,613,613,1,-0.05151172347489297,0.05151172347489297,0.6085241920024584,0.07162312838383421,0.15071781488542454,0,3328,0.052258559573427114,0.9857088273264634,3328,0.052258559573427114,0.9857088273249801,3328,0.052258559573427114,0.9857088273264634,False,0,1658,-2659.7539132724246,-2659.7539132724237,True,False,accepted,L-BFGS-B>Newton-CG,True,1.0098103366606278e-11,1.4040643664832058e-11,7.202051595112582e-07,0.0020556041981762974,17.55489551185086,8.396061623727746e-16,2.2737367544323206e-13,9.094947017729282e-13,0.00205560419772155,0.0020556041972668027,4.547473508864641e-13,0.00205560419772155,4.1112183954431e-05,False,0,none,True,2.6525477000395767,15.32888320001075,0.1636658960683235,ok,0.01584895009355261,0.022413800171676438,0.6603677855657392,0.13044584205356916,0.6603677866882708,0.13044317827490132,0.7049634322442001,0.012225805816422677,4270.550707800023
188,188,186,186,842,842,842,1,0.05111578107397463,0.05111578107397463,0.8003925378977219,0.04430111877643274,0.06104532938045382,0,1906,0.052193674011909476,0.9793482072618821,1906,0.052193674011909476,0.9793482072809463,1906,0.052193674011909476,0.9793482072618821,False,0,1657,-2659.7548924626426,-2659.7548924626417,True,False,accepted,L-BFGS-B>Newton-CG,True,1.149460233030716e-11,9.962163003231985e-12,1.1548259639576277e-06,0.0009791902184588253,17.57437357328053,1.0200174038743626e-15,2.2737367544323206e-13,9.094947017729282e-13,0.000979190218004078,0.000979190218004078,0.0,0.000979190218004078,1.9583904360081558e-05,False,0,none,True,2.657142499985639,12.291553100047167,0.1626867058503194,ok,0.015848554590327323,0.022413240845651272,0.6603677853496527,0.13044584201088447,0.6603677864720546,0.13044317823219193,0.7027895659707593,0.012188105609980264,4285.662497500016
189,189,187,187,1488,1488,1488,1,0.0504123182564058,0.0504123182564058,0.9109256815070523,0.043046094199918644,0.047877323294126396,0,1988,0.051349909637848655,0.9817411288928193,1988,0.051349909637848655,0.9817411288999307,1988,0.051349909637848655,0.9817411288928193,False,0,1656,-2659.7568113489283,-2659.756811348927,True,False,accepted,L-BFGS-B>Newton-CG,True,9.56379966197065e-10,8.166341786794417e-10,1.1721240983614018e-06,0.0019188862856935884,18.086760844675492,9.020562075079397e-16,2.2737367544323206e-13,1.3642420526593924e-12,0.0019188862856935884,0.001918886285238841,4.547473508864641e-13,0.0019188862856935884,3.837782571387177e-05,False,0,none,True,2.6293519999599084,14.24284079996869,0.16076781956508057,ok,0.0163557010518717,0.02313045424967686,0.6679010979010835,0.131933935949904,0.6679010991514375,0.13193124180622748,0.699069443977004,0.012123589513075397,4302.7234548999695
190,190,188,188,1110,1110,1110,1,0.04880806259524206,0.04880806259524206,0.8116847866114635,0.043750208333710794,0.058936861565398874,0,1976,0.050088759922885966,0.9744314427105882,1976,0.050088759922885966,0.9744314426784099,1976,0.050088759922885966,0.9744314427105882,False,0,1655,-2659.7580402994054,-2659.758040299405,True,False,accepted,L-BFGS-B>Newton-CG,True,8.801625157962742e-12,7.889535336809887e-12,1.1166075462261198e-06,0.0012289504779801064,18.086760844675492,8.396061623727746e-16,2.2737367544323206e-13,4.547473508864641e-13,0.0012289504770706117,0.0012289504779801064,-9.094947017729282e-13,0.0012289504779801064,2.457910955960213e-05,False,0,none,True,2.6363872999791056,11.5345277999877,0.15953886908710047,ok,0.016355009606378302,0.023129476398082452,0.6679010971497241,0.1319339358014841,0.6679010983998306,0.13193124165776174,0.6963168129554129,0.012075852097466332,4317.05328469997
191,191,189,189,121,121,121,1,0.04794825952262727,0.04794825952262727,0.8170952230661188,0.04435388325291206,0.05910897194029647,0,1001,0.049032052262184975,0.9778962395095675,1001,0.049032052262184975,0.9778962393817043,1001,0.049032052262184975,0.9778962395095675,False,0,1654,-2659.7594108714993,-2659.7594108714984,True,False,accepted,L-BFGS-B>Newton-CG,False,3.151673829463496e-09,2.915412873571405e-09,1.0820385925210894e-06,0.0013705720948564704,18.086760844675492,9.922618282587337e-16,2.2737367544323206e-13,9.094947017729282e-13,0.0013705720939469757,0.0013705720934922283,4.547473508864641e-13,0.0013705720939469757,2.7411541878939515e-05,False,0,none,True,2.6430227999808267,714.3255038999487,0.15816829699360824,ok,0.016354054861197856,0.023128126184499654,0.6679010957221785,0.13193393551949367,0.6679010969719432,0.13193124137570958,0.693233985424831,0.012022388259442233,5034.229993899993
192,192,190,190,71,71,71,1,-0.04729092114925715,0.04729092114925715,0.6106184072787072,0.0693267754495168,0.14513037772460805,0,2529,0.048263129693022315,0.9798560816517929,2529,0.048263129693022315,0.9798560816504914,2529,0.048263129693022315,0.9798560816517929,False,0,1653,-2659.761214332093,-2659.761214332092,True,False,accepted,L-BFGS-B>Newton-CG,True,9.091856010350259e-12,1.3328331238690768e-11,6.831451123571674e-07,0.0018034605941465998,18.086760844675492,8.187894806610529e-16,2.2737367544323206e-13,9.094947017729282e-13,0.0018034605936918524,0.0018034605936918524,0.0,0.0018034605936918524,3.606931187383705e-05,False,0,none,True,2.6335432999767363,17.994640699995216,0.15636483639991638,ok,0.01635434641270654,0.023128538500597366,0.6679010593520758,0.1319339283351204,0.6679010606019657,0.13193123419150776,0.6891538974568999,0.011951629464122806,5055.0496957
193,193,191,191,178,178,178,1,0.04678824889447242,0.04678824889447242,0.8841105378248754,0.08781781236895975,0.10270911492056614,0,1703,0.04780543203893823,0.9787224359014829,1703,0.04780543203893823,0.9787224358824603,1703,0.04780543203893823,0.9787224359014829,False,0,1652,-2659.767920056728,-2659.7679200567272,True,False,accepted,L-BFGS-B>Newton-CG,True,7.667585015082594e-12,1.4391445673095746e-11,5.337876843823167e-07,0.006705724634230137,18.086760844675492,4.0939474033052647e-16,2.2737367544323206e-13,9.094947017729282e-13,0.006705724635139632,0.006705724635139632,0.0,0.006705724635139632,0.00013411459270279264,False,0,none,True,2.6165795999695547,15.80719780002255,0.14965911176477675,ok,0.01981135468053026,0.028017486478189593,0.7159686034268882,0.14142895731645425,0.7159686058612449,0.14142606949675085,0.6774074054055038,0.011747916300750137,5073.654663299967
194,194,192,192,1315,1315,1315,1,0.05401263448544569,0.05401263448544569,0.9119105236617386,0.04359867730579927,0.04840396245340149,0,1757,0.0538969971526465,1.0021455245915032,1757,0.0538969971526465,1.0021455245395312,1757,0.0538969971526465,1.0021455245915032,False,0,1651,-2659.7700842109516,-2659.77008421095,True,False,accepted,L-BFGS-B>Newton-CG,True,9.7028503006413e-10,7.832083053008157e-10,1.2398594751832484e-06,0.0021641542234647204,18.086760844675492,3.5388358909926865e-16,2.2737367544323206e-13,1.8189894035458565e-12,0.0021641542234647204,0.0021641542225552257,9.094947017729282e-13,0.0021641542234647204,4.328318446929441e-05,False,0,none,True,2.6530006999964826,16.46124840003904,0.14749495754222153,ok,0.019335909564273245,0.027345105546614866,0.7078251019888369,0.1398203296311395,0.7078251042482457,0.13981747462870978,0.6715814917587467,0.01164688057933441,5092.925220399979
195,195,193,193,689,689,689,1,0.052110255356467405,0.052110255356467405,0.823504918662939,0.04694711657408625,0.061773295642663054,0,110,0.05197012219288656,1.0026964178198532,110,0.05197012219288656,1.0026964177968918,110,0.05197012219288656,1.0026964178198532,False,0,1650,-2659.772008934854,-2659.7720089348536,True,False,accepted,L-BFGS-B>Newton-CG,True,9.935897082586087e-10,8.951437974136457e-10,1.1109777612595925e-06,0.001924723903357517,18.086760844675492,4.579669976578771e-16,2.2737367544323206e-13,4.547473508864641e-13,0.0019247239024480223,0.0019247239038122643,-1.3642420526593924e-12,0.0019247239038122643,3.849457807624529e-05,False,0,none,True,2.6743286999990232,8.128818699973635,0.14557023363840926,ok,0.019085207106781122,0.026990558731109244,0.7034970247118952,0.13896538228633543,0.7034970268826504,0.13896254472636063,0.6666708626518736,0.011561718150829455,5103.903390599997
196,196,193,193,279,279,,1,0.04961682185614791,0.04961682185614791,0.8259782635524126,0.047371243699846764,0.06202669763367085,0,3284,0.04933626951885701,1.0056865332548839,3284,0.04933626951885701,1.0056865331891898,3284,0.04933626951885701,1.0056865332548839,False,0,1649,-2659.772008934854,-2659.7720089348536,False,True,projected_residual,L-BFGS-B>Newton-CG>trust-krylov,False,2.7633990502286953e-06,2.638332020343112e-06,1.0484038251900223e-06,0.0019147092621096817,18.086760844675492,4.163336342344337e-16,2.2737367544323206e-13,4.547473508864641e-13,,,,,,False,0,none,False,2.662908799946308,38.058279899996705,,,,,,,,,,,5144.717027099978
197,197,194,194,1551,1551,1551,1,0.047299325484289056,0.047299325484289056,0.8069196444148784,0.04330221135697608,0.058892047598486263,0,3284,0.04933626951885701,0.9587130511805437,3284,0.04933626951885701,0.9587130511029953,3284,0.04933626951885701,0.9587130511805437,False,0,1648,-2659.773056754831,-2659.773056754831,True,False,accepted,L-BFGS-B>Newton-CG,True,9.990619143120876e-12,9.146343989839018e-12,1.0933073912614473e-06,0.0010478199769750063,18.086760844675492,4.3021142204224816e-16,2.2737367544323206e-13,0.0,0.0010478199769750063,0.0010478199774297536,-4.547473508864641e-13,0.0010478199774297536,2.0956499548595073e-05,False,0,none,True,2.6566769999917597,14.380882300029043,0.1445224136609795,ok,0.018948074796514617,0.026796624358090798,0.7011446936259583,0.13850071423922444,0.701144695748948,0.13849788615939151,0.6639831786966098,0.011515107077644617,5161.912821999984
198,198,195,195,688,688,688,1,0.0464967801967191,0.0464967801967191,0.8994383568041531,0.05085126896109708,0.05777897775164922,0,3284,0.04896613079131495,0.949570232430253,3284,0.04896613079131495,0.9495702323842489,3284,0.04896613079131495,0.949570232430253,False,0,1647,-2659.77592187477,-2659.7759218747688,True,False,accepted,L-BFGS-B>Newton-CG,True,5.376983670076208e-12,5.880545742072844e-12,9.153681396109445e-07,0.002865119939997385,18.086760844675492,2.983724378680108e-16,2.2737367544323206e-13,1.3642420526593924e-12,0.00286511993908789,0.002865119937723648,1.3642420526593924e-12,0.00286511993908789,5.73024987817578e-05,False,0,none,True,2.6333631000015885,14.960029999958351,0.14165729372325586,ok,0.018172164389290837,0.025699321337008495,0.6880890687811645,0.1359217695759023,0.6880890706434604,0.13591899411248234,0.6559838319542783,0.011376378662159797,5179.6861876000185
199,199,196,196,1711,1711,1711,1,-0.044545327253922906,0.044545327253922906,0.5977345486528012,0.07401112929688998,0.16000647275672694,0,3284,0.04703720420209429,0.9470232767775676,3284,0.04703720420209429,0.947023276775855,3284,0.04703720420209429,0.9470232767775676,False,0,1646,-2659.77776067581,-2659.777760675809,True,False,accepted,L-BFGS-B>Newton-CG,True,6.8615109158877e-12,1.1400256836944814e-11,6.028733625063253e-07,0.001838801041685656,18.086760844675492,1.8735013540549517e-16,2.2737367544323206e-13,9.094947017729282e-13,0.0018388010398666665,0.001838801040321414,-4.547473508864641e-13,0.001838801040321414,3.677612080642828e-05,False,0,none,True,2.618376700032968,26.625796400010586,0.13981849268293445,ok,0.01817257068417794,0.025699895924748157,0.6880890109140037,0.13592175814510465,0.6880890127765282,0.13591898268196334,0.6515843429867423,0.011300080665202194,5209.108439399977
200,200,197,197,156,156,156,1,0.04394351033909061,0.04394351033909061,0.8159521971664134,0.043187602133669976,0.057685852131398235,0,3284,0.047037204202163105,0.9342287894115479,3284,0.047037204202163105,0.9342287892862872,3284,0.047037204202163105,0.9342287894115479,False,0,1645,-2659.778937609937,-2659.7789376099363,True,False,accepted,L-BFGS-B>Newton-CG,True,8.511765688945419e-12,8.365347856457001e-12,1.0185028982656594e-06,0.0011769341272156453,18.086760844675492,2.636779683484747e-16,2.2737367544323206e-13,9.094947017729282e-13,0.0011769341272156453,0.0011769341272156453,0.0,0.0011769341272156453,2.3538782544312906e-05,False,0,none,True,2.6691816999809816,19.858013999997638,0.1386415585557188,ok,0.018173416812947665,0.02570109253152982,0.6880890100200984,0.13592175796852696,0.688089011883055,0.13591898250547457,0.6487555001790332,0.01125102154912558,5231.79707640002
201,201,198,198,803,803,803,1,0.043456141656577074,0.043456141656577074,0.8184423816892848,0.0441784654743796,0.05871760039288586,0,3284,0.04703720420395228,0.923867444760369,3284,0.04703720420395228,0.9238674447188523,3284,0.04703720420395228,0.923867444760369,False,0,1644,-2659.7801614361542,-2659.7801614361533,True,False,accepted,L-BFGS-B>Newton-CG,True,6.3214192584710855e-12,6.42649328301306e-12,9.84649866277817e-07,0.0012238262170285452,18.086760844675492,3.885780586188048e-16,2.2737367544323206e-13,9.094947017729282e-13,0.0012238262170285452,0.0012238262170285452,0.0,0.0012238262170285452,2.4476624340570905e-05,False,0,none,True,2.646982299978845,15.834716899960767,0.13741773233869026,ok,0.017986735670739967,0.025437085528380393,0.684917461224993,0.1352952656376858,0.6849174630287037,0.13529250295732698,0.6455125441703543,0.011194780688082486,5250.470016499981
202,202,199,199,1558,1558,1558,1,0.04254724253286213,0.04254724253286213,0.8215221651665944,0.04405872032917565,0.058201204678416954,0,3284,0.04659968210457971,0.9130371841888741,3284,0.04659968210457971,0.9130371841518377,3284,0.04659968210457971,0.9130371841888741,False,0,1643,-2659.781478495788,-2659.781478495787,True,False,accepted,L-BFGS-B>Newton-CG,True,4.214690107998872e-12,4.3644156865066215e-12,9.666940151299857e-07,0.0013170596330382978,18.086760844675492,4.371503159461554e-16,2.2737367544323206e-13,1.3642420526593924e-12,0.0013170596339477925,0.0013170596334930451,4.547473508864641e-13,0.0013170596339477925,2.634129267895585e-05,False,0,none,True,2.6341675000148825,12.110526000033133,0.1361006727051972,ok,0.017985565432281646,0.025435430561281426,0.6849174593112324,0.13529526525965083,0.6849174611143818,0.13529250257918884,0.6423159887072263,0.011139344527019184,5265.403837999969
203,203,200,200,679,679,679,1,0.04233314157482937,0.04233314157482937,0.765784213853,0.06172396563812711,0.09126467015322438,0,3284,0.04659968210430445,0.9084427116922118,3284,0.04659968210430445,0.908442711660562,3284,0.04659968210430445,0.9084427116922118,False,0,1642,-2659.7817181528035,-2659.781718152801,True,False,accepted,L-BFGS-B>Newton-CG,False,3.470592339761284e-08,5.0603077006446835e-08,6.868461076031266e-07,0.00023965701529959915,18.086760844675492,4.510281037539698e-16,2.2737367544323206e-13,2.2737367544323206e-12,0.00023965701529959915,0.00023965701439010445,9.094947017729282e-13,0.00023965701529959915,4.793240305991983e-06,False,0,none,True,2.638570000010077,51.70950639998773,0.1358610156908071,ok,0.017985392354708512,0.025435185792630155,0.68491746023458,0.13529526544204443,0.6849174620376471,0.13529250276156246,0.641732617147647,0.011129227424372404,5319.905575599987
204,204,201,201,893,893,893,1,0.042263988608738146,0.042263988608738146,0.8406665276143513,0.05503293917146571,0.07000293648799263,0,3284,0.046599682357403804,0.9069587274133684,3284,0.046599682357403804,0.9069587273301741,3284,0.046599682357403804,0.9069587274133684,False,0,1641,-2659.784347750866,-2659.784347750866,True,False,accepted,L-BFGS-B>Newton-CG,True,7.362917622155482e-12,9.587429136375537e-12,7.689762235967862e-07,0.0026295980628674442,18.086760844675492,5.204170427930421e-16,2.2737367544323206e-13,0.0,0.002629598062412697,0.0026295980646864336,-2.2737367544323206e-12,0.0026295980646864336,5.259206129372867e-05,False,0,none,True,2.628461500047706,15.236837399948854,0.13323141762612067,ok,0.01797461897452335,0.025419949932259697,0.6849173683544616,0.13529524729249248,0.6849173701523609,0.13529248461136037,0.6352901048209999,0.01101749836003675,5337.942501300015
205,205,202,202,226,226,226,1,0.041706004096397464,0.041706004096397464,0.8263915305897294,0.044585998425729016,0.058332034846493706,0,3284,0.04659968210457971,0.894984734076087,3284,0.04659968210457971,0.8949847339959778,3284,0.04659968210457971,0.894984734076087,False,0,1640,-2659.785874983556,-2659.785874983555,True,False,accepted,L-BFGS-B>Newton-CG,True,9.053157316770404e-12,9.67832010359766e-12,9.364058576141877e-07,0.0015272326909325784,18.086760844675492,2.983724378680108e-16,2.2737367544323206e-13,9.094947017729282e-13,0.0015272326900230837,0.001527232689113589,9.094947017729282e-13,0.0015272326900230837,3.054475380046168e-05,False,0,none,True,2.607896899979096,15.999476599972695,0.13170418493700708,ok,0.017811813902330803,0.025189708791141865,0.6821418625926569,0.13474698737712884,0.6821418643401062,0.13474423588274415,0.6312656565199344,0.010947704493863538,5356.7320612000185
206,206,203,203,157,157,157,1,0.04161791948820337,0.04161791948820337,0.8239660055144008,0.0447059874354482,0.058770663030538614,0,1306,0.04224843011117237,0.9850761171170176,1306,0.04224843011117237,0.9850761171242034,1306,0.04224843011117237,0.9850761171170176,False,0,1639,-2659.7872369840534,-2659.787236984052,True,False,accepted,L-BFGS-B>Newton-CG,True,5.034224479031764e-12,5.4077661509877565e-12,9.319249583790224e-07,0.0013620004974654876,18.086760844675492,4.85722573273506e-16,2.2737367544323206e-13,1.3642420526593924e-12,0.0013620004974654876,0.0013620004970107402,4.547473508864641e-13,0.0013620004974654876,2.724010994930975e-05,False,0,none,True,2.626168399991002,12.645863900019322,0.13034218443999634,ok,0.017810424292950964,0.025187743586710498,0.682141859993848,0.1347469868637728,0.6821418617406466,0.13474423536927002,0.6278846541049641,0.010889069567426723,5372.219013299968
207,207,204,204,1133,1133,1133,1,0.041314431620605774,0.041314431620605774,0.831823318550484,0.04805164644232333,0.06219510320498616,0,2345,0.04168403013513335,0.9911333305985675,2345,0.04168403013513335,0.9911333306492746,2345,0.04168403013513335,0.9911333305985675,False,0,1638,-2659.7889831239754,-2659.7889831239754,True,False,accepted,L-BFGS-B>Newton-CG,True,9.15086380141853e-12,1.0643110766171933e-11,8.607922169995298e-07,0.00174613992248851,18.086760844675492,3.677613769070831e-16,2.2737367544323206e-13,0.0,0.0017461399220337626,0.0017461399233980046,-1.3642420526593924e-12,0.0017461399233980046,3.4922898467960094e-05,False,0,none,True,2.6445616999990307,15.29677289997926,0.12859604451659834,ok,0.01780737201299475,0.02518342701100026,0.682141849586957,0.13474698480804612,0.6821418513323273,0.1347442333133032,0.6235224178531681,0.01081341762450248,5390.328466099978
208,208,205,205,1387,1387,1387,1,-0.04087195434422597,0.04087195434422597,0.7429290035656139,0.05460891152560721,0.08468096906741958,0,2345,0.0416840301349884,0.9805182994990497,2345,0.0416840301349884,0.980518299451091,2345,0.0416840301349884,0.9805182994990497,False,0,1637,-2659.789274989118,-2659.7892749891166,True,False,accepted,L-BFGS-B>Newton-CG,True,6.919602544204674e-10,9.245262900137485e-10,7.494484345060402e-07,0.00029186514257162344,18.086760844675492,3.0531133177191805e-16,2.2737367544323206e-13,1.3642420526593924e-12,0.00029186514257162344,0.0002918651412073814,1.3642420526593924e-12,0.00029186514257162344,5.837402851432469e-06,False,0,none,True,2.64808010001434,13.467617699992843,0.12830417937539096,ok,0.017807440602928166,0.02518352401181434,0.6821418494764083,0.13474698478620886,0.6821418512218093,0.13474423329147248,0.6227905151333176,0.010800724624950832,5406.607978600019
209,209,206,206,483,483,483,1,-0.0407357002318367,0.0407357002318367,0.5850626393793944,0.07917527935814028,0.1767924210198492,0,2345,0.0416840300992216,0.9772495637987123,2345,0.0416840300992216,0.9772495637988516,2345,0.0416840300992216,0.9772495637987123,False,0,1636,-2659.7911069949196,-2659.7911069949187,True,False,accepted,L-BFGS-B>Newton-CG,True,5.875046756248448e-12,1.1418938804288124e-11,5.155002400785445e-07,0.0018320058011340734,18.086760844675492,1.6653345369377348e-16,2.2737367544323206e-13,9.094947017729282e-13,0.0018320058015888208,0.0018320058020435681,-4.547473508864641e-13,0.0018320058020435681,3.6640216040871365e-05,False,0,none,True,2.636212899989914,14.54460589995142,0.1264721735733474,ok,0.01780800962982251,0.025184328737365674,0.6821417367286569,0.13474696251456617,0.6821417384743681,0.1347442110203459,0.6181696019262074,0.010720586585187796,5423.976847500016
210,210,207,207,1680,1680,1680,1,-0.03972381240120626,0.03972381240120626,0.7426775661977747,0.05390806382783096,0.08363840769816508,0,2345,0.04168403013426364,0.9529743710782391,2345,0.04168403013426364,0.9529743710809272,2345,0.04168403013426364,0.9529743710782391,False,0,1635,-2659.791390356495,-2659.7913903564945,True,False,accepted,L-BFGS-B>Newton-CG,True,1.0250496764776416e-11,1.3910659638657459e-11,7.37880710982999e-07,0.00028336157538433326,18.086760844675492,3.469446951953614e-16,2.2737367544323206e-13,4.547473508864641e-13,0.00028336157538433326,0.0002833615758390806,-4.547473508864641e-13,0.0002833615758390806,5.667331516781613e-06,False,0,none,True,2.656621699978132,16.837665500002913,0.1261888119975083,ok,0.017807940179459684,0.025184230519720657,0.6821417367261627,0.13474696251407348,0.6821417384718405,0.1347442110198466,0.6174528787453206,0.010708156836305991,5443.655019800004
211,211,208,208,1534,1534,1534,1,0.03933689939663054,0.03933689939663054,0.802475108372203,0.04155599515454783,0.05702337766372554,0,2345,0.0416840301366191,0.9436923269584093,2345,0.0416840301366191,0.943692326961928,2345,0.0416840301366191,0.9436923269584093,False,0,1634,-2659.7920820781587,-2659.792082078158,True,False,accepted,L-BFGS-B>Newton-CG,True,1.0024430628987633e-11,1.0589934565496631e-11,9.475998648989312e-07,0.0006917216642250423,18.735309025708563,3.469446951953614e-16,2.2737367544323206e-13,9.094947017729282e-13,0.000691721663770295,0.0006917216633155476,4.547473508864641e-13,0.000691721663770295,1.38345332754059e-05,False,0,none,True,2.656155700038653,67.05349429999478,0.12549709033419276,ok,0.017807644985121936,0.025183813051884676,0.6821417366182576,0.13474696249275842,0.6821417383637974,0.13474421099850473,0.6156998146521335,0.010677754378239734,5513.537403199996
212,212,208,208,1152,1152,,1,0.0391481982836126,0.0391481982836126,0.7845603652557339,0.04413653104032135,0.06279784579265245,0,2345,0.04168403013375631,0.9391653867918555,2345,0.04168403013375631,0.9391653867700295,2345,0.04168403013375631,0.9391653867918555,False,0,1633,-2659.7920820781587,-2659.792082078158,False,True,projected_residual,L-BFGS-B>Newton-CG>trust-krylov,False,5.1419407164155626e-06,5.797135908137815e-06,8.879795012391355e-07,0.000452299291282543,18.735309025708563,4.3021142204224816e-16,2.2737367544323206e-13,9.094947017729282e-13,,,,,,False,0,none,False,2.645148399984464,56.03608619997976,,,,,,,,,,,5572.320720500022
213,213,209,209,1214,1214,1214,1,0.037987992803209636,0.037987992803209636,0.7906036239940701,0.04277435771354143,0.06011779089758732,0,2345,0.04168403013375631,0.9113320540579504,2345,0.04168403013375631,0.9113320539463825,2345,0.04168403013375631,0.9113320540579504,False,0,1632,-2659.79257262403,-2659.792572624029,True,False,accepted,L-BFGS-B>Newton-CG,True,5.522203587722281e-12,6.2179834775456545e-12,8.891020040764067e-07,0.0004905458722532785,18.735309025708563,4.718447854656915e-16,2.2737367544323206e-13,9.094947017729282e-13,0.0004905458713437838,0.0004905458713437838,0.0,0.0004905458713437838,9.811017426875677e-06,False,0,none,True,2.651578499993775,12.348809099989012,0.12500654446284898,ok,0.017807468528203634,0.02518356350411764,0.6821417365928978,0.13474696248774898,0.6821417383383555,0.13474421099347916,0.6144535837502189,0.010656141658611526,5587.517778499983
214,214,210,210,1316,1316,1316,1,-0.03770310494793039,0.03770310494793039,0.5971856268773853,0.07118609281434983,0.15411244574191404,0,2345,0.04168403013458978,0.9044975935914606,2345,0.04168403013458978,0.9044975935900013,2345,0.04168403013458978,0.9044975935914606,False,0,1631,-2659.7940144017807,-2659.7940144017784,True,False,accepted,L-BFGS-B>Newton-CG,False,3.680859647882003e-09,6.949719841230333e-09,5.306414433923955e-07,0.001441777750642359,18.735309025708563,4.510281037539698e-16,2.2737367544323206e-13,2.2737367544323206e-12,0.001441777750642359,0.001441777749278117,1.3642420526593924e-12,0.001441777750642359,2.8835655012847182e-05,False,0,none,True,2.609605100005865,216.5591785000288,0.12356476671357086,ok,0.017807144027800918,0.025183104591247122,0.6821416987029028,0.13474695500314354,0.6821417004481484,0.1347442035089847,0.6107727223912961,0.010592306438012771,5806.880680700007
215,215,211,211,1570,1570,1570,1,0.037632248118370626,0.037632248118370626,0.783777502097174,0.04345766878666113,0.06193052037104583,0,2345,0.04168402999931372,0.9027977409811431,2345,0.04168402999931372,0.902797740962702,2345,0.04168402999931372,0.9027977409811431,False,0,1630,-2659.7944443044526,-2659.7944443044503,True,False,accepted,L-BFGS-B>Newton-CG,False,2.899485553904022e-07,3.3483219491036465e-07,8.669518403480348e-07,0.0004299026722947019,18.735309025708563,4.3021142204224816e-16,2.2737367544323206e-13,2.2737367544323206e-12,0.00042990267183995456,0.00042990267183995456,0.0,0.00042990267183995456,8.598153436799092e-06,False,0,none,True,2.6455422999570146,58.261812199954875,0.12313486404173091,ok,0.01780699011292851,0.02518288692274711,0.6821417055699313,0.13474695635962297,0.6821417073151053,0.13474420486542227,0.6096718529276172,0.01057321464448623,5867.9615452999715
216,216,212,212,1249,1249,1249,1,0.037361440425570436,0.037361440425570436,0.8097144233540177,0.04110614205899486,0.05559347391034939,0,1840,0.03730888567824597,1.001408638890416,1840,0.03730888567824597,1.0014086387833856,1840,0.03730888567824597,1.001408638890416,False,0,1629,-2659.7952095988303,-2659.7952095988285,True,False,accepted,L-BFGS-B>Newton-CG,True,9.023454677767454e-12,9.92787391252661e-12,9.099010151893653e-07,0.0007652943786524702,18.94034253990361,4.85722573273506e-16,2.2737367544323206e-13,1.8189894035458565e-12,0.0007652943777429755,0.0007652943781977228,-4.547473508864641e-13,0.0007652943781977228,1.5305987563954458e-05,False,0,none,True,2.6497194999828935,29.56937130005099,0.12236956966353318,ok,0.01780658856850825,0.025182319053182085,0.6821416984753231,0.1347469549581886,0.6821417002203097,0.13474420346397947,0.6077071729484457,0.01053914224467352,5900.362816900015
217,217,213,213,1685,1685,1685,1,0.0371502809345543,0.0371502809345543,0.7660599012589402,0.05959727578518154,0.08807006027802014,0,1840,0.037308871903136885,0.9957492424591576,1840,0.037308871903136885,0.9957492425046091,1840,0.037308871903136885,0.9957492424591576,False,0,1628,-2659.795410911516,-2659.795410911514,True,False,accepted,L-BFGS-B>Newton-CG,False,2.6747463267553924e-09,4.290885303815919e-09,6.24355353818644e-07,0.00020131268638579058,18.94034253990361,4.163336342344337e-16,2.2737367544323206e-13,1.8189894035458565e-12,0.00020131268547629588,0.00020131268547629588,0.0,0.00020131268547629588,4.026353709525918e-06,False,0,none,True,2.6410240000113845,800.2118067999836,0.12216825697805689,ok,0.017766751110264115,0.025125980379442758,0.681468974421197,0.13461406831891226,0.6814689761539232,0.1346113195361284,0.6071254825062057,0.010529054296750526,6703.401180599991
218,218,214,214,908,908,908,1,0.03709377049847262,0.03709377049847262,0.7949285736465675,0.04158602158450289,0.057938634456041395,0,1840,0.03730887197273179,0.9942345757755319,1840,0.03730887197273179,0.9942345758260058,1840,0.03730887197273179,0.9942345757755319,False,0,1627,-2659.795940902334,-2659.7959409023347,True,False,accepted,L-BFGS-B>Newton-CG,True,6.103177513663699e-12,6.842304484776381e-12,8.929768956851913e-07,0.0005299908193592273,18.94034253990361,4.649058915617843e-16,2.2737367544323206e-13,-4.547473508864641e-13,0.0005299908184497326,0.0005299908207234694,-2.2737367544323206e-12,0.0005299908207234694,1.0599916414469388e-05,False,0,none,True,2.655111800006125,20.96469789999537,0.12163826615733342,ok,0.017766553031138124,0.025125700253256358,0.6814689743769818,0.13461406831017822,0.6814689761096162,0.13461131952737637,0.6057598717624494,0.010505371236026602,6727.195501299982
219,219,215,215,820,820,820,1,-0.03653193351210815,0.03653193351210815,0.570140919785444,0.08564466256903758,0.19882743124417143,0,1376,0.03665414820309195,0.9966657337034096,1376,0.03665414820309195,0.9966657337024617,1376,0.03665414820309195,0.9966657337034096,False,0,1626,-2659.7977720518115,-2659.79777205181,True,False,accepted,L-BFGS-B>Newton-CG,True,9.232338448189396e-12,2.1644091486351697e-11,4.2755236668220107e-07,0.0018311494777663029,18.94034253990361,3.469446951953614e-16,2.2737367544323206e-13,1.3642420526593924e-12,0.0018311494773115555,0.0018311494754925661,1.8189894035458565e-12,0.0018311494773115555,3.662308954623111e-05,False,0,none,True,2.6437783999717794,16.679509500041604,0.11980711668184085,ok,0.017765687775963983,0.025124476597654176,0.6814687227537666,0.1346140186057515,0.6814687244858071,0.13461126982384744,0.6010053119899081,0.010422915434969494,6746.719608400017
220,220,216,216,261,261,261,1,0.0363023827240454,0.0363023827240454,0.8341491600518972,0.047947852643031294,0.06177691143537463,0,1151,0.036329563993683596,0.999251814042059,1151,0.036329563993683596,0.9992518140453139,1151,0.036329563993683596,0.999251814042059,False,0,1625,-2659.7993451931156,-2659.799345193116,True,False,accepted,L-BFGS-B>Newton-CG,True,5.793238738908777e-10,7.651656352427915e-10,7.58122180097718e-07,0.0015731413045614318,18.94034253990361,4.3021142204224816e-16,2.2737367544323206e-13,-4.547473508864641e-13,0.0015731413041066844,0.0015731413059256738,-1.8189894035458565e-12,0.0015731413059256738,3.146292611851348e-05,False,0,none,True,2.6217474000295624,13.945737799978815,0.11823397537591518,ok,0.017769277690093215,0.02512955350290349,0.6814687110200742,0.13461401628793496,0.6814687127538573,0.13461126750642244,0.596899543515135,0.010351711276280056,6763.46055030002
221,221,217,217,1080,1080,1080,1,-0.03623270984058102,0.03623270984058102,0.5857417204165465,0.07653760261758709,0.17060413321874218,0,1151,0.03632956396182459,0.9973340136604629,1151,0.03632956396182459,0.9973340136600557,1151,0.03632956396182459,0.9973340136604629,False,0,1624,-2659.8008792753376,-2659.800879275336,True,False,accepted,L-BFGS-B>Newton-CG,False,1.0521337933841169e-08,2.2225165730227992e-08,4.743975018027116e-07,0.0015340822228608886,18.94034253990361,4.2327252813834093e-16,2.2737367544323206e-13,1.8189894035458565e-12,0.0015340822219513939,0.0015340822196776571,2.2737367544323206e-12,0.0015340822219513939,3.068174443902788e-05,False,0,none,True,2.6384426999720745,563.7855383999995,0.11669989315623752,ok,0.01776880298335054,0.02512888216618985,0.6814686330479843,0.13461400088570738,0.6814686347814544,0.13461125210444758,0.5928643779837992,0.010281731546883052,7330.0805636000005
222,222,217,217,1540,1540,,1,0.03613267797777553,0.03613267797777553,0.7946790949498436,0.04141983152106116,0.057736176785237195,0,552,0.03625285377410924,0.9966850665858605,552,0.03625285377410924,0.9966850665581303,552,0.03625285377410924,0.9966850665858605,False,0,1623,-2659.8008792753376,-2659.800879275336,False,True,projected_residual,L-BFGS-B>Newton-CG>trust-krylov,False,1.971475543434164e-06,2.259953881739092e-06,8.733521127418155e-07,0.0005045604539191118,18.94034253990361,3.885780586188048e-16,2.2737367544323206e-13,1.8189894035458565e-12,,,,,,False,0,none,False,2.6132236000266857,18.42873809998855,,,,,,,,,,,7351.251366399985
223,223,218,218,1306,1306,1306,1,0.035979699781705676,0.035979699781705676,0.8345285106544118,0.047928967795846114,0.06170646374675401,0,552,0.03625285377410924,0.9924653106178737,552,0.03625285377410924,0.9924653105400413,552,0.03625285377410924,0.9924653106178737,False,0,1622,-2659.8024580763354,-2659.8024580763354,True,False,accepted,L-BFGS-B>Newton-CG,True,8.200911734436777e-12,1.0924527751114879e-11,7.516879859039994e-07,0.0015788009991410945,18.94034253990361,5.828670879282072e-16,2.2737367544323206e-13,0.0,0.0015788009977768525,0.0015788009995958419,-1.8189894035458565e-12,0.0015788009995958419,3.157611999191684e-05,False,0,none,True,2.6524031999870203,14.103578199981712,0.11512109215664168,ok,0.017765339009664958,0.025123983367623996,0.6814686205913618,0.13461399842508673,0.6814686223232207,0.13461124964355892,0.5886867354546178,0.010209280914699753,7368.199635099969
224,224,219,219,729,729,729,1,0.03526784526002302,0.03526784526002302,0.7995689277891532,0.041269488706619686,0.056962193153892365,0,198,0.03578536139555007,0.9855383286532521,198,0.03578536139555007,0.9855383286360088,198,0.03578536139555007,0.9855383286532521,False,0,1621,-2659.803003496436,-2659.8030034964363,True,False,accepted,L-BFGS-B>Newton-CG,True,3.5178378866845428e-12,4.116479752830935e-12,8.555743202709301e-07,0.0005454201004795323,18.94034253990361,4.649058915617843e-16,2.2737367544323206e-13,-4.547473508864641e-13,0.0005454201004795323,0.0005454201009342796,-4.547473508864641e-13,0.0005454201009342796,1.0908502018685592e-05,False,0,none,True,2.6477294000214897,17.347141599981114,0.1145756720557074,ok,0.01765081484637238,0.0249620217426762,0.6795405075291734,0.13423312834409665,0.6795405092260492,0.1342303873338908,0.5870491981469032,0.010180881976222144,7388.396749500011
225,225,220,220,1748,1748,1748,1,0.034960059343063676,0.034960059343063676,0.7924927103755897,0.04145905335814772,0.05804680373018483,0,198,0.035785361393082936,0.976937439838772,198,0.035785361393082936,0.9769374398338698,198,0.035785361393082936,0.976937439838772,False,0,1620,-2659.803458578385,-2659.8034585783844,True,False,accepted,L-BFGS-B>Newton-CG,True,1.1082881908191098e-11,1.3143163970590905e-11,8.44243067878489e-07,0.0004550819489850255,18.94034253990361,2.914335439641036e-16,2.2737367544323206e-13,4.547473508864641e-13,0.0004550819489850255,0.0004550819480755308,9.094947017729282e-13,0.0004550819489850255,9.101738979700511e-06,False,0,none,True,2.6462793999817222,14.595223499985877,0.11412059010763187,ok,0.01765099231405178,0.02496227271987529,0.6795405075038368,0.1342331283390918,0.6795405092007976,0.13423038732890283,0.5858366193034032,0.010159852866342587,7405.838187400019
226,226,221,221,81,81,81,1,-0.03385702048463202,0.03385702048463202,0.721150542915504,0.044914279508594994,0.07294699666886163,0,198,0.03578536139690878,0.9461136946225354,198,0.03578536139690878,0.9461136946368793,198,0.03578536139690878,0.9461136946225354,False,0,1619,-2659.8038024822536,-2659.8038024822526,True,False,accepted,L-BFGS-B>Newton-CG,True,6.703803620412458e-12,8.893177995780048e-12,7.54814173470217e-07,0.00034390386872473755,18.94034253990361,3.122502256758253e-16,2.2737367544323206e-13,9.094947017729282e-13,0.00034390386872473755,0.0003439038682699902,4.547473508864641e-13,0.00034390386872473755,6.878177374494751e-06,False,0,none,True,2.634884900006,15.92260350001743,0.11377668623936188,ok,0.017651012554171366,0.024962301343726914,0.679540507492623,0.13423312833687667,0.679540509189592,0.13423038732668938,0.5849186161375494,0.01014393242574773,7424.5765227999655
227,227,222,222,1574,1574,1574,1,0.03367002941183728,0.03367002941183728,0.7790276841694478,0.04516895945990562,0.06499558334822102,0,198,0.03578536139411985,0.9408883437284454,198,0.03578536139411985,0.9408883437232242,198,0.03578536139411985,0.9408883437284454,False,0,1618,-2659.8041066525784,-2659.8041066525784,True,False,accepted,L-BFGS-B>Newton-CG,True,9.719943009828209e-12,1.3039481088143877e-11,7.464240658906318e-07,0.0003041703239432536,18.94034253990361,4.163336342344337e-16,2.2737367544323206e-13,0.0,0.0003041703248527483,0.000304170325762243,-9.094947017729282e-13,0.000304170325762243,6.083506515244861e-06,False,0,none,True,2.643693899968639,13.27529100002721,0.11347251591359964,ok,0.017651136848583264,0.024962477122569948,0.6795405074874059,0.1342331283358461,0.6795405091844343,0.13423038732567058,0.5841054598586088,0.010129830288941735,7440.671598699992
228,228,223,223,1284,1284,1284,1,0.03336881060306496,0.03336881060306496,0.8315285162365726,0.04604769097263019,0.059635975721958764,0,198,0.0357853613954428,0.9324709686266971,198,0.0357853613954428,0.9324709685097582,198,0.0357853613954428,0.9324709686266971,False,0,1617,-2659.805344923665,-2659.8053449236636,True,False,accepted,L-BFGS-B>Newton-CG,True,7.909455943497313e-12,1.0914748726971733e-11,7.256576299051245e-07,0.0012382710870042501,18.94034253990361,4.440892098500626e-16,2.2737367544323206e-13,1.3642420526593924e-12,0.0012382710865495028,0.0012382710851852607,1.3642420526593924e-12,0.0012382710865495028,2.4765521730990056e-05,False,0,none,True,2.622643299982883,19.205990099988412,0.11223424482841438,ok,0.017388943037821895,0.024591679079420933,0.6751120669108897,0.13335835571274948,0.6751120685296962,0.1333556325519667,0.5803519961214745,0.010064735963916813,7462.676997100003
229,229,224,224,531,531,531,1,0.03363496493312823,0.03363496493312823,0.847801185083572,0.06120568312883342,0.07677520027129364,0,198,0.03578536139462042,0.9399084883402782,198,0.03578536139462042,0.9399084882088574,198,0.03578536139462042,0.9399084883402782,False,0,1616,-2659.808029658643,-2659.808029658642,True,False,accepted,L-BFGS-B>Newton-CG,True,7.13720458549159e-10,1.298760034658724e-09,5.505398992137171e-07,0.0026847349781746743,18.94034253990361,5.898059818321144e-16,2.2737367544323206e-13,9.094947017729282e-13,0.0026847349781746743,0.0026847349786294217,-4.547473508864641e-13,0.0026847349786294217,5.3694799572588435e-05,False,0,none,True,2.6582514999900013,17.822658299992327,0.10954950984978495,ok,0.017915078107076637,0.025335746430001096,0.6844054730547173,0.13519412998350505,0.6844054748290626,0.1351913693627654,0.5739678317670036,0.009954018797425754,7483.337421600008
230,230,225,225,555,555,555,1,0.03329726060582061,0.03329726060582061,0.7927415970596062,0.04081490358937687,0.05711617078698446,0,198,0.03578536143152013,0.9304715468513343,198,0.03578536143152013,0.930471546839378,198,0.03578536143152013,0.9304715468513343,False,0,1615,-2659.808457488657,-2659.808457488655,True,False,accepted,L-BFGS-B>Newton-CG,True,8.361188900842001e-12,1.0248924756410974e-11,8.168113265112864e-07,0.00042783001481438987,19.07549308272635,7.424616477180734e-16,2.2737367544323206e-13,1.8189894035458565e-12,0.00042783001390489517,0.00042783001299540047,9.094947017729282e-13,0.00042783001390489517,8.556700278097904e-06,False,0,none,True,2.649170199991204,12.272056900023017,0.10912167983678955,ok,0.017914921731690344,0.02533552528180898,0.6844054730445377,0.13519412998149422,0.6844054748188092,0.13519136936074005,0.5728019078077681,0.00993379879838701,7498.457436700002
231,231,226,226,392,392,392,1,0.03323766865713651,0.03323766865713651,0.8140855997899046,0.04028769974134326,0.054013014083137016,0,198,0.03578536139551431,0.9288062872910611,198,0.03578536139551431,0.928806287206382,198,0.03578536139551431,0.9288062872910611,False,0,1614,-2659.809178693812,-2659.8091786938116,True,False,accepted,L-BFGS-B>Newton-CG,True,1.2673923724188928e-11,1.536218556193409e-11,8.260078527624092e-07,0.0007212051550595788,19.325114516089837,6.730727086790012e-16,2.2737367544323206e-13,4.547473508864641e-13,0.0007212051550595788,0.0007212051564238209,-1.3642420526593924e-12,0.0007212051564238209,1.4424203128476417e-05,False,0,none,True,2.6355916000320576,14.8842341999989,0.10840047468036573,ok,0.01791539680230122,0.025336197133109965,0.6844054727713367,0.1351941299275274,0.6844054745458426,0.13519136930682066,0.5708310109830631,0.00989961858312912,7516.154310700018
232,232,227,227,1391,1391,1391,1,0.03318610415732337,0.03318610415732337,0.836932989024984,0.04859460429363736,0.06226814538255186,0,198,0.03578536139522827,0.9273653489426129,198,0.03578536139522827,0.9273653489494468,198,0.03578536139522827,0.9273653489426129,False,0,1613,-2659.81072452132,-2659.8107245213196,True,False,accepted,L-BFGS-B>Newton-CG,True,8.226452476811528e-10,1.2046041950559252e-09,6.839174687067734e-07,0.0015458275074706762,19.325114516089837,5.967448757360216e-16,2.2737367544323206e-13,4.547473508864641e-13,0.0015458275079254236,0.0015458275079254236,0.0,0.0015458275079254236,3.091665015850847e-05,False,0,none,True,2.8406660000327975,65.88139450002927,0.10685464717244031,ok,0.017919937096827338,0.025342618079205972,0.6844054558450879,0.13519412658399851,0.6844054576218336,0.13519136596380246,0.5665814566081084,0.009825920822056418,7585.085400999989
233,233,228,228,1338,1338,1338,1,0.03281391876157613,0.03281391876157613,0.7817196375440044,0.04386019554355349,0.062766671831603,0,198,0.035785361361546565,0.916964856943895,198,0.035785361361546565,0.9169648569619553,198,0.035785361361546565,0.916964856943895,False,0,1612,-2659.811037615971,-2659.8110376159693,True,False,accepted,L-BFGS-B>Newton-CG,True,7.185475677802228e-12,9.604350243247823e-12,7.491480262398651e-07,0.00031309465202866704,19.325114516089837,6.036837696399289e-16,2.2737367544323206e-13,1.8189894035458565e-12,0.00031309465111917234,0.0003130946497549303,1.3642420526593924e-12,0.00031309465111917234,6.261993022383447e-06,False,0,none,True,2.633839199959766,22.246076399984304,0.10654155252268538,ok,0.017919821696584355,0.025342454878617242,0.6844054559264907,0.13519412660007843,0.684405457703182,0.1351913659798713,0.5657173007775397,0.009810934227154566,7610.168581900012
234,234,229,229,1504,1504,1504,1,0.03268408003219747,0.03268408003219747,0.9052573943537594,0.04284223553249602,0.04815337971932418,0,198,0.0357853613960864,0.9133365923131883,198,0.0357853613960864,0.9133365922557712,198,0.0357853613960864,0.9133365923131883,False,0,1611,-2659.812270615566,-2659.812270615564,True,False,accepted,L-BFGS-B>Newton-CG,True,9.650193859515159e-10,1.2649457408114322e-09,7.63893897197898e-07,0.0012329995952313766,19.325114516089837,7.355227538141662e-16,2.2737367544323206e-13,1.8189894035458565e-12,0.0012329995947766292,0.0012329995947766292,0.0,0.0012329995947766292,2.4660091895532587e-05,False,0,none,True,2.7646032000193372,18.52419110003393,0.10530855292790875,ok,0.01748350916651375,0.024725415781158073,0.6771337064723331,0.13375770056373334,0.6771337081154262,0.13375496925221894,0.5615735673520927,0.00973907166252017,7631.653392500011
235,235,230,230,1252,1252,1252,1,-0.032583728865461126,0.032583728865461126,0.7469623114593328,0.055083726610082095,0.08469693760625378,0,198,0.035785361403273264,0.9105323402568938,198,0.035785361403273264,0.9105323402670392,198,0.035785361403273264,0.9105323402568938,False,0,1610,-2659.8124502462633,-2659.812450246262,True,False,accepted,L-BFGS-B>Newton-CG,True,9.683457468607814e-12,1.6370162107107673e-11,5.925309454634786e-07,0.00017963069740289939,19.325114516089837,6.175615574477433e-16,2.2737367544323206e-13,1.3642420526593924e-12,0.00017963069740289939,0.00017963069785764674,-4.547473508864641e-13,0.00017963069785764674,3.592713957152935e-06,False,0,none,True,2.6428194000036456,53.31734429998323,0.1051289222300511,ok,0.017483442402508542,0.02472532136259643,0.67713370668118,0.13375770060498796,0.6771337083242421,0.13375496929346659,0.5610734891318042,0.009730399071950746,7687.816296299978
236,236,231,231,354,354,354,1,0.03200378286152272,0.03200378286152272,0.844080873475476,0.05497072111306424,0.06945754337077557,0,198,0.035785361396837266,0.8943261046499097,198,0.035785361396837266,0.8943261044914834,198,0.035785361396837266,0.8943261046499097,False,0,1609,-2659.8145170658854,-2659.8145170658854,True,False,accepted,L-BFGS-B>Newton-CG,True,6.353898593804718e-12,1.091365945792633e-11,5.831968898974609e-07,0.0020668196220867685,19.325114516089837,6.38378239159465e-16,2.2737367544323206e-13,0.0,0.0020668196220867685,0.0020668196234510106,-1.3642420526593924e-12,0.0020668196234510106,4.133649246902021e-05,False,0,none,True,2.6174665999715216,15.55187460000161,0.10306210260660009,ok,0.017470582538923755,0.024707134769104556,0.677133593043586,0.13375767815757006,0.6771335946809217,0.13375494684537598,0.5552791392061626,0.009629910743360734,7706.187611499976
237,237,231,231,766,766,,1,-0.03149757816700571,0.03149757816700571,0.7474330998164685,0.055159977120585915,0.08473055038006981,0,198,0.035785361393512,0.8801805246744363,198,0.035785361393512,0.8801805247263803,198,0.035785361393512,0.8801805246744363,False,0,1608,-2659.8145170658854,-2659.8145170658854,False,True,projected_residual,L-BFGS-B>Newton-CG>trust-krylov,False,8.74139489146157e-07,1.5308324332184183e-06,5.720223210442232e-07,0.00016713911327315145,19.325114516089837,7.7021722333370235e-16,2.2737367544323206e-13,0.0,,,,,,False,0,none,False,2.650522199983243,42.786107199965045,,,,,,,,,,,7751.746232300007
238,238,232,232,221,221,221,1,-0.031295010099373854,0.031295010099373854,0.6538162127473216,0.04967756560755927,0.09376444300519128,0,198,0.035785361393512,0.8745198841291495,198,0.035785361393512,0.8745198841309272,198,0.035785361393512,0.8745198841291495,False,0,1607,-2659.8151453177306,-2659.8151453177297,True,False,accepted,L-BFGS-B>Newton-CG,True,8.357106824748066e-12,1.3266035744972146e-11,6.309626343096071e-07,0.0006282518452280783,19.325114516089837,6.800116025829084e-16,2.2737367544323206e-13,9.094947017729282e-13,0.0006282518452280783,0.0006282518443185836,9.094947017729282e-13,0.0006282518452280783,1.2565136904561566e-05,False,0,none,True,2.620491699955892,16.948742700042203,0.10243385076228151,ok,0.01747061131585718,0.02470717546583409,0.6771335924744369,0.13375767804514313,0.6771335941117883,0.13375494673295443,0.5535082448712754,0.009599199064897057,7771.5136961999815
239,239,233,233,360,360,360,1,0.03081756775543454,0.03081756775543454,0.781735591862081,0.04317687670711298,0.0617867907899442,0,198,0.035785361396622736,0.8611780502611597,198,0.035785361396622736,0.8611780502796034,198,0.035785361396622736,0.8611780502611597,False,0,1606,-2659.815430806767,-2659.8154308067656,True,False,accepted,L-BFGS-B>Newton-CG,True,1.1633267219101255e-11,1.6298760123644877e-11,7.147516676636455e-07,0.00028548903628689004,19.325114516089837,5.967448757360216e-16,2.2737367544323206e-13,1.3642420526593924e-12,0.00028548903628689004,0.0002854890358321427,4.547473508864641e-13,0.00028548903628689004,5.709880725737801e-06,False,0,none,True,2.6053157999995165,16.235472300031688,0.10214836172644937,ok,0.017470723642352016,0.0247073343194865,0.6771335924690128,0.13375767804407168,0.6771335941064165,0.13375494673189334,0.55270170203967,0.009585211621590324,7790.548467300017
240,240,234,234,290,290,290,1,0.03081724756037829,0.03081724756037829,0.7904400022212029,0.04062866060385215,0.05712102006316035,0,198,0.03578536139687302,0.8611691026004602,198,0.03578536139687302,0.8611691026076926,198,0.03578536139687302,0.8611691026004602,False,0,1605,-2659.815787633514,-2659.815787633513,True,False,accepted,L-BFGS-B>Newton-CG,True,8.919534732884091e-12,1.1759283457034753e-11,7.595100542455383e-07,0.00035682674661075,19.325114516089837,6.314393452555578e-16,2.2737367544323206e-13,9.094947017729282e-13,0.00035682674706549733,0.0003568267475202447,-4.547473508864641e-13,0.0003568267475202447,7.136634950404894e-06,False,0,none,True,2.625406600011047,78.33954910002649,0.10179153497892912,ok,0.017470860854139104,0.02470752836625672,0.6771335924554631,0.13375767804139513,0.6771335940929306,0.13375494672922947,0.5516919694914448,0.009567700367110325,7871.716528599965
241,241,235,235,493,493,493,1,-0.029944829302100913,0.029944829302100913,0.46880186684448977,0.19276806182158873,0.6005021994765222,0,198,0.03578536139680151,0.8367899088697586,198,0.03578536139680151,0.8367899088696452,198,0.03578536139680151,0.8367899088697586,False,0,1604,-2659.8194757132687,-2659.819475713268,True,False,accepted,L-BFGS-B>Newton-CG,True,6.96433356303312e-12,4.483248407565296e-11,1.5634123764547812e-07,0.0036880797547382826,19.325114516089837,5.48172618408671e-16,2.2737367544323206e-13,9.094947017729282e-13,0.0036880797547382826,0.0036880797547382826,0.0,0.0036880797547382826,7.376169509476564e-05,False,0,none,True,2.637604799994733,29.642638999968767,0.09810345522419084,ok,0.017464938071725864,0.02469915228704093,0.6746726860177806,0.13327156254712777,0.6746726876627287,0.13326884116402232,0.5397296559415331,0.009360244326290151,7904.205881399976
242,242,236,236,1302,1302,1302,1,0.029765249695856255,0.029765249695856255,0.7840676630524502,0.04178901861970175,0.059517411975503316,0,198,0.03578536139458467,0.83177166684589,198,0.03578536139458467,0.8317716668524343,198,0.03578536139458467,0.83177166684589,False,0,1603,-2659.819766923975,-2659.8197669239735,True,False,accepted,L-BFGS-B>Newton-CG,True,8.912831628170289e-10,1.251319880269581e-09,7.132744366732295e-07,0.00029121070701876306,19.325114516089837,5.967448757360216e-16,2.2737367544323206e-13,1.3642420526593924e-12,0.00029121070610926836,0.000291210705654521,4.547473508864641e-13,0.00029121070610926836,5.824314122185368e-06,False,0,none,True,2.643811399990227,146.28478899999755,0.09781224451853632,ok,0.017465050375981304,0.024699311109242086,0.6746726860043056,0.13327156254446598,0.6746726876493064,0.13326884116137103,0.5388859042060008,0.00934561158875503,8053.345844900003
243,243,237,237,397,397,397,1,0.029493405632024405,0.029493405632024405,0.9264125359167091,0.036512262985159465,0.039479437042073545,0,198,0.035785361420471666,0.8241751504332206,198,0.035785361420471666,0.8241751503656757,198,0.035785361420471666,0.8241751504332206,False,0,1602,-2659.8202415455826,-2659.820241545582,True,False,accepted,L-BFGS-B>Newton-CG,True,6.64972612160053e-12,8.232231692496854e-12,8.087671243948739e-07,0.00047462160773648066,21.32336775202763,5.204170427930421e-16,2.2737367544323206e-13,4.547473508864641e-13,0.00047462160773648066,0.00047462160864597536,-9.094947017729282e-13,0.00047462160864597536,9.492532172919508e-06,False,0,none,True,2.619948400009889,74.50015630002599,0.09733762290989034,ok,0.017639242253742263,0.02494565562522687,0.6776199011861648,0.13385374110392026,0.6776199028835621,0.13385100784176665,0.5378087024241026,0.009326930251244137,8130.690129099996
244,244,238,238,1714,1714,1714,1,-0.029062097016641752,0.029062097016641752,0.5691707135751012,0.08126172165089138,0.18913663153160468,0,623,0.03145520430053254,0.9239201481247328,623,0.03145520430053254,0.9239201481251386,623,0.03145520430053254,0.9239201481247328,False,0,1601,-2659.821538577252,-2659.821538577252,True,False,accepted,L-BFGS-B>Newton-CG,True,9.254808844848581e-10,2.5877750661372875e-09,3.586357530433672e-07,0.0012970316693099448,21.32336775202763,7.632783294297951e-16,2.2737367544323206e-13,0.0,0.0012970316693099448,0.0012970316697646922,-4.547473508864641e-13,0.0012970316697646922,2.5940733395293845e-05,False,0,none,True,2.62154099997133,12.079819299979135,0.09604059124012565,ok,0.017639850639136777,0.024946516012102942,0.67761977255321,0.13385371569439172,0.6776197742509442,0.13385098243282356,0.5340190410074892,0.009261208169118528,8145.618580300012
245,245,239,239,1804,1804,1804,1,0.02861803138085861,0.02861803138085861,0.7867749233704556,0.04067490604851633,0.05761271915770802,0,623,0.03145520428874483,0.9098027505451172,623,0.03145520428874483,0.9098027505513037,623,0.03145520428874483,0.9098027505451172,False,0,1600,-2659.8218309613494,-2659.8218309613485,True,False,accepted,L-BFGS-B>Newton-CG,True,6.732704574107679e-12,9.569216074292539e-12,7.045795327262932e-07,0.00029238409751997096,21.32336775202763,8.257283745649602e-16,2.2737367544323206e-13,9.094947017729282e-13,0.00029238409751997096,0.00029238409661047626,9.094947017729282e-13,0.00029238409751997096,5.847781950399419e-06,False,0,none,True,2.5713033999782056,14.607736799982376,0.09574820714351517,ok,0.0176397463840283,0.024946368573114587,0.6776197726498494,0.1338537157134814,0.6776197743475358,0.1338509824519034,0.5331628171061873,0.009246359133446744,8163.022602699988
246,246,240,240,1738,1738,1738,1,-0.028532040736507724,0.028532040736507724,0.7207957620127051,0.04302424195231324,0.0699305933122448,0,623,0.03145520429899253,0.9070690008973036,623,0.03145520429899253,0.9070690009020371,623,0.03145520429899253,0.9070690008973036,False,0,1599,-2659.8220979199828,-2659.822097919982,True,False,accepted,L-BFGS-B>Newton-CG,True,6.564627637989695e-10,9.898980954354942e-10,6.641619626565361e-07,0.0002669586338015506,21.32336775202763,7.355227538141662e-16,2.2737367544323206e-13,9.094947017729282e-13,0.00026695863334680325,0.00026695863334680325,0.0,0.00026695863334680325,5.339272666936065e-06,False,0,none,True,2.6201713999616913,27.57538629998453,0.09548124851016837,ok,0.017639729626496774,0.024946344874386232,0.6776197725534665,0.13385371569444238,0.6776197742511452,0.13385098243286325,0.5323798516500393,0.00923278058002113,8193.426737400005
247,247,241,241,810,810,810,1,-0.028426900828918633,0.028426900828918633,0.7465624164736386,0.05176969284132878,0.0796680245889711,0,623,0.0314552043041449,0.903726472543457,623,0.0314552043041449,0.9037264725255464,623,0.0314552043041449,0.903726472543457,False,0,1598,-2659.8222526168593,-2659.8222526168583,True,False,accepted,L-BFGS-B>Newton-CG,True,6.894085994772384e-12,1.2555174994360242e-11,5.501031385758615e-07,0.00015469687696167966,21.32336775202763,7.7021722333370235e-16,2.2737367544323206e-13,9.094947017729282e-13,0.0001546968765069323,0.0001546968765069323,0.0,0.0001546968765069323,3.094037530138646e-06,False,0,none,True,2.586657599953469,34.197124500002246,0.09532655163366144,ok,0.017639784182748086,0.024946422028576748,0.6776197726424475,0.13385371571201926,0.6776197743401509,0.13385098245044463,0.5319255788532691,0.009224902368546648,8230.422887399967
248,248,242,242,1838,1838,1838,1,-0.02830178140337125,0.02830178140337125,0.702772652085344,0.04197173595639408,0.07093963096073336,0,501,0.029329891028738078,0.9649466946754264,501,0.029329891028738078,0.9649466946685606,501,0.029329891028738078,0.9649466946754264,False,0,1597,-2659.8225874150176,-2659.8225874150166,True,False,accepted,L-BFGS-B>Newton-CG,True,6.648017529796104e-12,9.859055599088279e-12,6.753057144754192e-07,0.00033479815920145484,21.32336775202763,7.424616477180734e-16,2.2737367544323206e-13,9.094947017729282e-13,0.00033479815829196014,0.00033479815829196014,0.0,0.00033479815829196014,6.696063165839203e-06,False,0,none,True,2.627895499987062,70.77470539999194,0.09499175347536948,ok,0.01763979079964371,0.024946431386280284,0.6776197726188373,0.1338537157073554,0.6776197743165434,0.13385098244578145,0.530941170696442,0.009207830301515941,8304.033975899976
249,249,243,243,407,407,407,1,-0.027813081879571655,0.027813081879571655,0.6888616357340878,0.04272374167715565,0.07446251634391375,0,1229,0.028435376112759855,0.978115491396333,1229,0.028435376112759855,0.9781154913898861,1229,0.028435376112759855,0.978115491396333,False,0,1596,-2659.8229634522195,-2659.8229634522195,True,False,accepted,L-BFGS-B>Newton-CG,True,5.37693526167525e-12,8.259523131406993e-12,6.519982690440506e-07,0.000376037202840962,21.32336775202763,6.591949208711867e-16,2.2737367544323206e-13,0.0,0.0003760372019314673,0.000376037202840962,-9.094947017729282e-13,0.000376037202840962,7.52084405681924e-06,False,0,none,True,2.6110781999886967,20.632906600018032,0.09461571627252852,ok,0.017639791127700647,0.02494643185022285,0.6776197725689902,0.13385371569750884,0.6776197742666961,0.13385098243593505,0.5298333184349533,0.009188617409041323,8327.483204499993
250,250,244,244,1646,1646,1646,1,-0.027791667182054128,0.027791667182054128,0.4652861076423904,0.19425473680438674,0.6120087521335426,0,2259,0.027809108645228592,0.9993728147350218,2259,0.027809108645228592,0.9993728147350028,2259,0.027809108645228592,0.9993728147350218,False,0,1595,-2659.826297136094,-2659.826297136093,True,False,accepted,L-BFGS-B>Newton-CG,True,1.0068054024971365e-11,7.03724311304501e-11,1.440681569932991e-07,0.003333683873734117,21.32336775202763,8.604228440844963e-16,2.2737367544323206e-13,9.094947017729282e-13,0.0033336838746436115,0.003333683873734117,9.094947017729282e-13,0.0033336838746436115,6.667377749287222e-05,False,0,none,True,2.6276375000015832,23.079121500020847,0.0912820323987944,ok,0.01763003370105829,0.02493263276513137,0.6753636152813859,0.1334080453549819,0.675363616988488,0.13340532119686488,0.5185593172652556,0.008993098403699355,8353.409369100002
251,251,245,245,1189,1189,1189,1,-0.027536446674488957,0.027536446674488957,0.6566854303879704,0.047472786910135595,0.08900825177591874,0,2839,0.027613187867587274,0.997220849926263,2839,0.027613187867587274,0.9972208499393034,2839,0.027613187867587274,0.997220849926263,False,0,1594,-2659.826802438182,-2659.826802438182,True,False,accepted,L-BFGS-B>Newton-CG,True,5.063239181241346e-12,8.729015677625311e-12,5.810469798925572e-07,0.000505302087731252,21.32336775202763,6.661338147750939e-16,2.2737367544323206e-13,0.0,0.000505302087731252,0.0005053020886407467,-9.094947017729282e-13,0.0005053020886407467,1.0106141772814933e-05,False,0,none,True,2.603548099985346,21.926739700022154,0.09077673031015365,ok,0.017630013172380374,0.02493260373319664,0.6753636149505213,0.13340804528962452,0.6753636166576129,0.13340532113150677,0.5170343569565267,0.008966651828232424,8378.161741899967
252,252,246,246,657,657,657,1,0.02609150995277787,0.02609150995277787,0.8395663602791511,0.04779231090276834,0.06092410244137302,0,937,0.027189852923761988,0.9596046740648514,937,0.027189852923761988,0.9596046741473027,937,0.027189852923761988,0.9596046740648514,False,0,1593,-2659.828014910695,-2659.8280149106936,True,False,accepted,L-BFGS-B>Newton-CG,True,7.431176881267377e-12,1.3611826855395987e-11,5.469353075977098e-07,0.0012124725130888692,21.32336775202763,6.522560269672795e-16,2.2737367544323206e-13,1.3642420526593924e-12,0.0012124725130888692,0.0012124725117246271,1.3642420526593924e-12,0.0012124725130888692,2.4249550261777385e-05,False,0,none,True,2.6280412999913096,70.46402810001746,0.08956425779842903,ok,0.01763470432080766,0.024939238018925614,0.6753635981406556,0.13340804196908537,0.675363599850021,0.13340531781148457,0.5133548046279677,0.00890283930945096,8451.455731499998
253,253,247,247,63,63,63,1,-0.026020811891985574,0.026020811891985574,0.6704884464056229,0.04396376627382912,0.07985777763675056,0,937,0.02718985292361109,0.957004510656608,937,0.02718985292361109,0.9570045106614614,937,0.02718985292361109,0.957004510656608,False,0,1592,-2659.8284278692636,-2659.828427869261,True,False,accepted,L-BFGS-B>Newton-CG,False,1.1787199631648254e-09,1.991520064023173e-09,5.928694892702371e-07,0.00041295856863143854,21.32336775202763,6.245004513516506e-16,2.2737367544323206e-13,2.7284841053187847e-12,0.00041295856863143854,0.0004129585672671965,1.3642420526593924e-12,0.00041295856863143854,8.259271372628772e-06,False,0,none,True,2.6404308000346646,1081.8250356999924,0.08915129923116183,ok,0.01763469547134214,0.02493922550389146,0.6753635980075748,0.13340804194279726,0.6753635997169354,0.13340531778519601,0.5120962425895239,0.008881012737481191,9536.131736400013
254,254,248,248,906,906,906,1,-0.025588248556118742,0.025588248556118742,0.6951791802009875,0.0411846722218853,0.07078172867445152,0,2868,0.026476894159191286,0.9664369394034815,2868,0.026476894159191286,0.966436939378932,2868,0.026476894159191286,0.9664369394034815,False,0,1591,-2659.828743051179,-2659.8287430511773,True,False,accepted,L-BFGS-B>Newton-CG,False,1.6984142195348748e-07,2.733623318225953e-07,6.223051404013845e-07,0.0003151819173581316,21.32336775202763,6.938893903907228e-16,2.2737367544323206e-13,1.8189894035458565e-12,0.0003151819155391422,0.0003151819164486369,-9.094947017729282e-13,0.0003151819164486369,6.303738328972739e-06,False,0,none,True,2.6109896000125445,47.188852499995846,0.08883611731471319,ok,0.017634697261737015,0.024939228035892172,0.6753635853168091,0.13340803943592508,0.6753635870261702,0.13340531527837515,0.5111336135775147,0.008864318374574149,9586.148165100021
255,255,249,249,940,940,940,1,-0.0255476905837142,0.0255476905837142,0.6918364304040543,0.04176267313232506,0.07230808630908309,0,2868,0.026476894248909363,0.9649051109824394,2868,0.026476894248909363,0.9649051109856573,2868,0.026476894248909363,0.9649051109824394,False,0,1590,-2659.8290624845395,-2659.8290624845386,True,False,accepted,L-BFGS-B>Newton-CG,True,9.165440573491241e-10,1.4982696707859614e-09,6.127350402403352e-07,0.0003194333612555056,21.32336775202763,8.187894806610529e-16,2.2737367544323206e-13,9.094947017729282e-13,0.0003194333603460109,0.0003194333612555056,-9.094947017729282e-13,0.0003194333612555056,6.388767225110112e-06,False,0,none,True,2.63590719999047,22.707177899952512,0.08851668395345769,ok,0.017634696295257987,0.02493922666908442,0.6753635979130612,0.1334080419241275,0.6753635996224218,0.13340531776652664,0.5101561463616182,0.008847366680589927,9611.697022899985
256,256,250,250,272,272,272,1,-0.025347997070964468,0.025347997070964468,0.6416042002643374,0.05006118917294909,0.09723349372526145,0,2868,0.026476894137277624,0.9573629346229191,2868,0.026476894137277624,0.9573629346270248,2868,0.026476894137277624,0.9573629346229191,False,0,1589,-2659.8295763263586,-2659.8295763263577,True,False,accepted,L-BFGS-B>Newton-CG,True,6.895351278710465e-10,1.3618018149467082e-09,5.073402914454407e-07,0.0005138418200658634,21.32336775202763,6.730727086790012e-16,2.2737367544323206e-13,9.094947017729282e-13,0.0005138418191563687,0.0005138418191563687,0.0,0.0005138418191563687,1.0276936383127374e-05,False,0,none,True,2.636052699992433,20.116535099979956,0.08800284213430132,ok,0.017634731561146904,0.02493927654258282,0.6753635973147409,0.1334080418059382,0.6753635990241177,0.13340531764834299,0.5085796873955881,0.008820026991302942,9634.659626699984
257,257,251,251,631,631,631,1,0.02485698410276882,0.02485698410276882,0.7864302399018266,0.03996576473696417,0.05664792201366144,0,2868,0.026476894157421892,0.9388179729457057,2868,0.026476894157421892,0.9388179729879926,2868,0.026476894157421892,0.9388179729457057,False,0,1588,-2659.8298096408175,-2659.829809640817,True,False,accepted,L-BFGS-B>Newton-CG,True,5.435040867086629e-12,8.738613018852198e-12,6.229569232967947e-07,0.0002333144589101721,21.32336775202763,7.28583859910259e-16,2.2737367544323206e-13,4.547473508864641e-13,0.0002333144589101721,0.00023331445936491946,-4.547473508864641e-13,0.00023331445936491946,4.666389187298389e-06,False,0,none,True,2.6176886000321247,21.556742099986877,0.0877695276749364,ok,0.017574853699641423,0.024854596458755866,0.6743337249023779,0.13320460581621416,0.6743337265936432,0.13320188580966638,0.5077521138976303,0.008805674824336437,9659.045417400019
258,258,252,252,1153,1153,1153,1,0.024314123410988486,0.024314123410988486,0.7882387594898345,0.03924770233616184,0.055426268801350556,0,2868,0.026476894164071306,0.918314786482107,2868,0.026476894164071306,0.9183147865065742,2868,0.026476894164071306,0.918314786482107,False,0,1587,-2659.8300479362024,-2659.8300479362006,True,False,accepted,L-BFGS-B>Newton-CG,False,3.228601041119961e-07,5.211587129125448e-07,6.205043776734765e-07,0.00023829538531572325,21.32336775202763,7.077671781985373e-16,2.2737367544323206e-13,1.8189894035458565e-12,0.0002382953848609759,0.00023829538349673385,1.3642420526593924e-12,0.0002382953848609759,4.766007697219518e-06,False,0,none,True,2.6114488000166602,23.247129300027154,0.08753123229143966,ok,0.01750617566161464,0.024757471045941216,0.6731537168470932,0.13297151276145572,0.6731537185177253,0.13296879751112187,0.5068922885401096,0.008790763330525161,9685.13274999999
259,259,253,253,1079,1079,1079,1,-0.02403776205174779,0.02403776205174779,0.6999648400000512,0.04044419556926563,0.06878014822027625,0,2868,0.02647689979216295,0.9078767620241878,2868,0.02647689979216295,0.907876762018781,2868,0.02647689979216295,0.9078767620241878,False,0,1586,-2659.830317475184,-2659.8303174751836,True,False,accepted,L-BFGS-B>Newton-CG,True,7.969650484644832e-10,1.3409154477645648e-09,5.953439981939955e-07,0.0002695389830478234,21.32336775202763,7.979727989493313e-16,2.2737367544323206e-13,4.547473508864641e-13,0.00026953898168358137,0.0002695389830478234,-1.3642420526593924e-12,0.0002695389830478234,5.390879660956469e-06,False,0,none,True,2.622139299986884,59.831876300042495,0.08726169330839184,ok,0.01750617964629821,0.024757476681134764,0.673153715533775,0.1329715125020292,0.6731537172044086,0.13296879725170097,0.5060607151540429,0.008776341795626832,9747.791961200011
260,260,254,254,322,322,322,1,-0.02394194982481679,0.02394194982481679,0.7175743921434744,0.04006604610405313,0.06557547883892717,0,2868,0.026476894119434085,0.9042582455788633,2868,0.026476894119434085,0.9042582455814,2868,0.026476894119434085,0.9042582455788633,False,0,1585,-2659.830540362324,-2659.8305403623235,True,False,accepted,L-BFGS-B>Newton-CG,True,7.912048540884436e-10,1.3240546546413315e-09,5.985620804737627e-07,0.0002228871398983756,21.32336775202763,8.187894806610529e-16,2.2737367544323206e-13,4.547473508864641e-13,0.0002228871398983756,0.0002228871398983756,0.0,0.0002228871398983756,4.457842797967512e-06,False,0,none,True,2.6071865999838337,13.74439170002006,0.08703880616849347,ok,0.01750616763770205,0.02475745969841521,0.6731537155582988,0.13297151250687353,0.6731537172289266,0.132968797256544,0.5053720375262751,0.008764398425854586,9764.35824620002
261,261,255,255,718,718,718,1,-0.02391717062485199,0.02391717062485199,0.6806297913745784,0.04210071256831101,0.07473984550561322,0,2868,0.026476894145639685,0.9033223645225307,2868,0.026476894145639685,0.9033223645335261,2868,0.026476894145639685,0.9033223645225307,False,0,1584,-2659.830865546576,-2659.8308655465758,True,False,accepted,L-BFGS-B>Newton-CG,True,5.073797155515127e-12,8.93126026757261e-12,5.69094199867508e-07,0.0003251842526879045,21.32336775202763,7.563394355258879e-16,2.2737367544323206e-13,4.547473508864641e-13,0.00032518425223315717,0.00032518425223315717,0.0,0.00032518425223315717,6.503785044663144e-06,False,0,none,True,2.584865700046066,108.74086159997387,0.08671362191626031,ok,0.01750616457524612,0.024757455367448496,0.6731537155083255,0.13297151249700204,0.6731537171789514,0.13296879724667238,0.5043655816702356,0.008746943997304201,9875.90297429997
262,262,256,256,1528,1528,1528,1,-0.023772101606851948,0.023772101606851948,0.7021650414975068,0.03981451874056013,0.06738319608986688,0,2868,0.026476894164097098,0.8978432840165644,2868,0.026476894164097098,0.8978432840113887,2868,0.026476894164097098,0.8978432840165644,False,0,1583,-2659.8311298231392,-2659.8311298231383,True,False,accepted,L-BFGS-B>Newton-CG,True,1.0033044110043452e-09,1.6803765580827336e-09,5.980711779918483e-07,0.00026427656348460005,21.32336775202763,6.245004513516506e-16,2.2737367544323206e-13,9.094947017729282e-13,0.0002642765630298527,0.00026427656257510534,4.547473508864641e-13,0.0002642765630298527,5.285631260597054e-06,False,0,none,True,2.598606900020968,29.981282100023236,0.0864493453536852,ok,0.017506158926790517,0.02475744737932598,0.6731537152286835,0.13297151244176292,0.6731537168993067,0.13296879719143384,0.5035461650809904,0.008732733291266618,9908.69094880001
