path,bytes,sha256,category
.gitignore,127,246dafb2b0b8528d181c0d6a22c9a3d269bdfc9a08741b17a20362b5fadacbae,other
README.md,2790,14b8f56c0110a295ce8e148e8b598636c13910b77da7114e34dade5940b0d124,other
chapter5_theory.tex,45392,3654e49a64bc0e87df0d793eaa5098f54ad139943bb3f0c4d6c6fea22bdc0447,paper-source
code/analyze_fractional_innovation.py,6619,72cd6244b17a7d56e2f88fa6ff3ee43b7233de8f4e88c2748cbc24eca1b11d29,code
code/audit_numeric_values.py,8137,c333957126028281a46e243aa5eb746e131a664174c7cebdb178330fce6ec27f,code
code/baseline_campaign/aggregate_baseline.py,7034,216dd8892d352bd1531b96d5714b20940f5476e8fd246690e635bcce9bd601e9,code
code/baseline_campaign/run_baseline.py,14851,d180aff5178c992d9e3428f9c809a9050f1adf538b363d50a2c999e9393a090f,code
code/build_chapter5.py,3107,5f34312eeeeb1e64b1d69906a19f2541a136bf22b9c35e855fa0884d420e739f,code
code/build_experiment_index.py,1094,1e7e9eb348e1ee4145084ce182ac9ac841cd0e3c3b6abdcd4932cf0d5c60e9be,code
code/build_public_inventory.py,4986,9931247d83853dd8572c1148a7cb6de2e2a1d8805ff914cf919b8b0870593d00,code
code/cga_refactor/configs/benchmark.toml,1223,22e3ff475f0158c6df56e36c419029b1703330011a83a16c861a4c08c8c8dc32,code
code/cga_refactor/configs/benchmark_fix124a.toml,1354,034ec07a465201db2a326bb7e063b102a0449190b1a4ed682a5914c9975eb7f7,code
code/cga_refactor/pyproject.toml,500,6090eae6143bec8287ee4576303a7e174b783b5419a7eddb8cc6d6d67829ecb1,code
code/cga_refactor/src/cga_refactor/__init__.py,435,4af865656b0d3a7a75e52281d4d2e5ea27d3a2e2d57993125809775798be7b6c,code
code/cga_refactor/src/cga_refactor/config.py,9276,7782c8603debbac1afc2e824c1e0833ae4d3f60d986e806af9fa13acdaaec84b,code
code/cga_refactor/src/cga_refactor/dictionary.py,7898,8c7d9ee728dc29a84305153fd08f1e4148e74d28ef9d9ed7e31d5719a61c449b,code
code/cga_refactor/src/cga_refactor/metrics.py,7242,673161c860fc58741720f66d7bbd606f59500d4dfec1015f68f0c5ae8e932182,code
code/cga_refactor/src/cga_refactor/output.py,8038,5a4e71108ca5fac9ad928be2f0611af68dd991cd7f14cb9cd0e50e0bff43ba06,code
code/cga_refactor/src/cga_refactor/problems.py,9992,cfe8b5a21e67a52832274cd1d18ca2180c12970da13af85308d84f95b299e754,code
code/cga_refactor/src/cga_refactor/quadrature.py,5947,5ec88a3e9648ac7feac0724cd7f4c9806efe48e0142c6c00d9b06e67a078537e,code
code/cga_refactor/src/cga_refactor/reporting.py,51272,1603dc38426c8a5ff8d8876627fcdf6fe84fcedfb3a9a76e73e03c6512df4693,code
code/cga_refactor/src/cga_refactor/run.py,22449,6cd2c13d989ff3613fd274589df9bc6a484f24a4ea52bb0db8035a23e9d04f4a,code
code/cga_refactor/src/cga_refactor/solver.py,34592,f538dbf01a5e99db8a4208a52684467faf339976804a4f3d19de7968b5c3777c,code
code/cga_refactor/src/cga_refactor/step1.py,10122,3bcdc54ec07551a41d853e74fef835157fcf18abbc75448504ae6352bcca9313,code
code/cga_refactor/src/cga_refactor/step2.py,18241,9b0b3108707dd9d6ed3bfecb5cc100c89c2b006b8b4f0c25e3b9d6a3a2613cf7,code
code/cga_refactor/tests/conftest.py,144,262875d64d6f275492a0044eef6adf80be85edc7d7a1226cdb0ba2382a141766,code
code/cga_refactor/tests/test_bregman.py,1251,442bf8f8f1b01f74e5259357a076aaa445ad1348e03e90b64a9e8551a4708819,code
code/cga_refactor/tests/test_dictionary_step1.py,2544,2bb92d4733a00cf9f7693654fb6f06954f107158a5056a6a475a816a55e37578,code
code/cga_refactor/tests/test_output_reporting.py,4348,13329bd98339d9d423509b40f23d16d5f774d54c6ebcf065687c34a75fc81e98,code
code/cga_refactor/tests/test_problems.py,4287,388ccb78325f544154cc0af313e46734f2a333363aca0f6dc558763cad3b0451,code
code/cga_refactor/tests/test_quadrature.py,1926,2608aca728e76e0085f274e0916f492d6c9de90d3f9e76261f07966fb91b5332,code
code/cga_refactor/tests/test_smoke.py,698,41f9a4b0140e4570fa703011aac0462b07a8e5f0a14bbdace4c8c037d6af3b58,code
code/cga_refactor/tests/test_solver_metrics.py,2574,40a865558ba55a856db11992b55ead8dbb8db80ef7b51daa0ec6243675025d01,code
code/cga_refactor/tests/test_step2.py,3036,5b15753973a6bda9c2c06d3ef7d1eb797e2d235ca091a6b57c2561857a899f90,code
code/cga_refactor/tests/test_v3_p15.py,2730,35c5403ab38ad0ac59662cb94f6e6db7f94912dcf7973f61ec89a2bf915027bf,code
code/check_R5_reproduction.py,5779,85f262e58f9b809a4a470168ec2f918a6601b6c02f5e949e03e4ba5eb3adcb34,code
code/check_chapter5_theory.py,7409,e751337cc08294f7dcd17aa75a6c545257c660a51ca96d7da8096b6e2e35a180,code
code/checks/check_tex_references.py,6194,19a40f3e122f85bbdbdb54bfd94d8e18c59dd9a3fe32b65180eb31c1246c7055,code
code/compare_fem_rfm/PACKAGE_LOCAL_README.md,1969,87ba90e0a9f4e2288df29ae37b591924742051eb86946b45b5c84bd3044050ad,code
code/compare_fem_rfm/artifacts/.gitkeep,0,e3b0c44298fc1c149afbf4c8996fb92427ae41e4649b934ca495991b7852b855,code
code/compare_fem_rfm/artifacts/manifest.json,3574,07df8b5c012ea75409ae3f597a86248a4de60df614596c83fe01ae4af5ef6e88,code
code/compare_fem_rfm/artifacts/report.md,4791,d51f32b443f69cd117ba21b7a7135b010d8ca57083f2cb50290faccba4b7e9fa,code
code/compare_fem_rfm/artifacts/tables/C1_energy_gap.csv,474,e79e30e241a015ab0f49871631b062c2d5e6c7c9061f68b79d87c6ad32b1023d,code
code/compare_fem_rfm/artifacts/tables/C1_energy_gap.tex,252,03cb489eed6e8379794efbe6e617e4f02978c7e620ff80cdc6a70c8998ad6bcb,code
code/compare_fem_rfm/artifacts/tables/C1_natural_error.csv,483,d2f626f045e6d2d45a3f3836ef39b9965d7958352d0241f219496121ba848abc,code
code/compare_fem_rfm/artifacts/tables/C1_natural_error.tex,252,e7f75177ff52769065fe9b06f8c7913620a5e96260fc75537e2a7e490a06fc05,code
code/compare_fem_rfm/artifacts/tables/C2_energy_gap.csv,475,e388e7b0ab9759b4325dda72af8916035a86b798dfd811eff576c85cefbe0bb7,code
code/compare_fem_rfm/artifacts/tables/C2_energy_gap.tex,252,d88f76b00876b43a9617e1fdec38295bbda3c5eef77dda3a9161f22ca8f06189,code
code/compare_fem_rfm/artifacts/tables/C2_natural_error.csv,479,c9a3226c23157544e28f35ab99d84c5b83aa1360d4d8708072724a40f46e8975,code
code/compare_fem_rfm/artifacts/tables/C2_natural_error.tex,252,d8e0e6678284811bc2748596d9740e84ca6f0f28d91aa3cfcaa695bde8f768e4,code
code/compare_fem_rfm/artifacts/tables/C3_energy_gap.csv,430,66b1d7cbbc80fb92b1d83143b3673361c51409c058cafdc9d92e26096b04279c,code
code/compare_fem_rfm/artifacts/tables/C3_energy_gap.tex,238,da7a93a683ea9a8ae56d3e9163ef75f33e5fc3c3969abe99d4ad24f7321d7ec9,code
code/compare_fem_rfm/artifacts/tables/C3_natural_error.csv,441,aabaa8e688065083a0a0a3d14e357854c333e629048e38a7fb1ddfe69481d025,code
code/compare_fem_rfm/artifacts/tables/C3_natural_error.tex,238,8491309266d7f47ae99c9c25f977d37e971aef47d97632952d28f3462c754411,code
code/compare_fem_rfm/artifacts/tables/C4_energy_gap.csv,506,1e758a360415e6d9f8f938fa0ab5a8eba1206ad707381d53e444bd680382ca36,code
code/compare_fem_rfm/artifacts/tables/C4_energy_gap.tex,252,e92d4f5133733119a2624a0e125c2cf40bf0e835f90663f29757c48515898e1e,code
code/compare_fem_rfm/artifacts/tables/C4_natural_error.csv,507,ee078452f160b5ae1be2c530d27021a0c297f768701b7453f39cc4e9cdd985b0,code
code/compare_fem_rfm/artifacts/tables/C4_natural_error.tex,252,e27753c37258e17a8903e5afa455a416d08c977ff81752c2321a4681f7018fa3,code
code/compare_fem_rfm/artifacts/tables/C4_v_error.csv,512,9c109750a9f6b6823e8be41372ea1852c04758d28148e762c82e6c91523ddb24,code
code/compare_fem_rfm/artifacts/tables/C4_v_error.tex,252,1e8e8ce22ded2dbb8ec0b1c7188ee71e6f13cf55a071ced36780e922bfe72e6a,code
code/compare_fem_rfm/artifacts/tables/C5_energy_gap.csv,459,6134ea7c9fd17cdf286d7e6ea6addf099e224bb3845afe33328bf6f667868c96,code
code/compare_fem_rfm/artifacts/tables/C5_energy_gap.tex,245,7280671af409db68cb4998411d3bd84c75a0cc973148d065ab11d3ef832cea67,code
code/compare_fem_rfm/artifacts/tables/C5_natural_error.csv,461,cba6ef4266c8cc41df6950655b545504d89f4422212724628516555d5584c566,code
code/compare_fem_rfm/artifacts/tables/C5_natural_error.tex,245,8f9629864e86efaea1d9a38c1e02f7ec6c5f9f6547bfbf618001853a49c85f1e,code
code/compare_fem_rfm/artifacts/tables/C5_v_error.csv,460,4c2384ae7dbcdf78f193c2d45530be3831e361e1cdebdfb97ead7849a4f4a404,code
code/compare_fem_rfm/artifacts/tables/C5_v_error.tex,245,2c073a984cde93f8fe5f5272bfa65a3fec4f8eacd3fe8d1429c37e185db89e4b,code
code/compare_fem_rfm/artifacts/tables/local_orders.csv,2825,e616a0c8401477a8164638e717369d382dacc138a0b1636a0c96be9d0dad0a71,code
code/compare_fem_rfm/artifacts/tables/order_summary.csv,3555,8d8b9c29e73187fabafe088d17627b838bbd5b5fc796ae9a291cac9dd02e1081,code
code/compare_fem_rfm/artifacts/tex/.gitkeep,0,e3b0c44298fc1c149afbf4c8996fb92427ae41e4649b934ca495991b7852b855,code
code/compare_fem_rfm/artifacts/tex/baseline_compare.tex,7894,6b72ddf079b5fcb34d014936eddd74a4f4d80d52a9640d86083d92a229a40019,code
code/compare_fem_rfm/artifacts/validation.json,3009,8722cdc75588d49541deedc37bc685a5b303c8176c786cc9bc30dc4525f7b6ea,code
code/compare_fem_rfm/configs/experiment.json,1380,d06196721410053a3060cc8bbcca0c0f748925eb9800e35a3b20b132f00482e4,code
code/compare_fem_rfm/data/cga_archive_history.csv,263796,aadb7c02c02065c5ea9a71d034fd83e87168a8bd162614152570e94626685599,code
code/compare_fem_rfm/data/cga_cases/01_linear_d1_k3_multifreq/config.json,1760,b96696f8ec01b987ded200bc19ae2dab6a4ccd22faabc6fc7595d94042f32057,code
code/compare_fem_rfm/data/cga_cases/01_linear_d1_k3_multifreq/diagnostic_model.npz,8268,7d3cc31f2d7ea5d2adcf0c9021b85ac079cd606dee7743ced80c524afb001d75,code
code/compare_fem_rfm/data/cga_cases/01_linear_d1_k3_multifreq/dyadic.csv,1513,f536b83a0584e1d7d42d397acc7c35534e0d8b6da5d05b410b4d474bfbb1c838,code
code/compare_fem_rfm/data/cga_cases/01_linear_d1_k3_multifreq/history.csv,217652,93c7446e1632767f5ef3198b19fe41dbf19be6fca6677133894596bbf41918fa,code
code/compare_fem_rfm/data/cga_cases/01_linear_d1_k3_multifreq/summary.json,4270,b0a36a74743ebe79b546a0ed4191d40bfe0074c485359a51b77bb2eeb95ee25d,code
code/compare_fem_rfm/data/cga_cases/03_cubic_d1_k3_multifreq/config.json,1759,4892a97bd8f5bf0039ffb8fe00ef8cf2de04b405e4e5ded32aefd180bdd9947c,code
code/compare_fem_rfm/data/cga_cases/03_cubic_d1_k3_multifreq/diagnostic_model.npz,8251,9c8e7269129290a60ff1d0e83985bb948d7e86374dcd298a9b76e3df7ab2973a,code
code/compare_fem_rfm/data/cga_cases/03_cubic_d1_k3_multifreq/dyadic.csv,1516,2cadb706a0282129cfbad9b919faf01739768d7eb011c5d3be4da5f8a1383e9a,code
code/compare_fem_rfm/data/cga_cases/03_cubic_d1_k3_multifreq/history.csv,246702,dd380d9ef1149208321164b88528fb2f03f156075c332f0d92b5064fffd8508e,code
code/compare_fem_rfm/data/cga_cases/03_cubic_d1_k3_multifreq/summary.json,4255,61a02fad7967c9c61201009bb30c6e6917d8d3d4c41ff0186aad5b6ef976ef38,code
code/compare_fem_rfm/data/cga_cases/06_sinh_d2_k3/config.json,1750,d58cb2aaad904879f0d086d2ae38b2744f38303bef048f88ba96d29f54943a01,code
code/compare_fem_rfm/data/cga_cases/06_sinh_d2_k3/diagnostic_model.npz,21808,64460daa9402a3267d9bb22f7be9895d441855822b64f92b30cbef8f076ae0dd,code
code/compare_fem_rfm/data/cga_cases/06_sinh_d2_k3/dyadic.csv,1604,99f4a41fa3cdb079e0b6b499516514fd684d48486b69885d5824cb14100ba12d,code
code/compare_fem_rfm/data/cga_cases/06_sinh_d2_k3/history.csv,475026,62a5eca62a7a87473550c36d89524826da5e26750f70c586438b0bce9be52a62,code
code/compare_fem_rfm/data/cga_cases/06_sinh_d2_k3/summary.json,4251,aa2fb00cefd8c6cec686d220488e0d1826578d5927b7ff582f9b4cc7cdc3ca60,code
code/compare_fem_rfm/data/cga_cases/08_pure_p_p4_d2_k3/config.json,1752,44872c65c38704cadad443d2900e8de9acf79caa150fa2975e4d82b2d35ebfce,code
code/compare_fem_rfm/data/cga_cases/08_pure_p_p4_d2_k3/diagnostic_model.npz,25741,51ed4466422df5cc559aa111d9e1ec9938038c5f822e52a8cde7d88a649de98e,code
code/compare_fem_rfm/data/cga_cases/08_pure_p_p4_d2_k3/dyadic.csv,1945,12145426943d04a06652462a7f6833fe1d885be12f2886c40946a9366c3be3ad,code
code/compare_fem_rfm/data/cga_cases/08_pure_p_p4_d2_k3/history.csv,502785,6d81942b302d13300c3647405a00815e6889bf8414f20361cbc7e8f89df0904c,code
code/compare_fem_rfm/data/cga_cases/08_pure_p_p4_d2_k3/summary.json,4788,cb52fdccf99607fac099daf13aedbb231a9a6870a10b8393b7b74d8031f00bc3,code
code/compare_fem_rfm/data/cga_cases/17_pure_p_p4_d1_k3/config.json,1759,04003cdd506324fc425cfac0b5fd2a8c27bef2b7e2383a622491ed25483be0d8,code
code/compare_fem_rfm/data/cga_cases/17_pure_p_p4_d1_k3/diagnostic_model.npz,6695,2a63bd9680c919523b95c66fe31dfabeebed702a44c5950b6cb4828bd832e9e5,code
code/compare_fem_rfm/data/cga_cases/17_pure_p_p4_d1_k3/dyadic.csv,1631,f67d6c7a370b48c93a635c88748b9818d10a468333496bf1e2b82559a9a3e9b0,code
code/compare_fem_rfm/data/cga_cases/17_pure_p_p4_d1_k3/history.csv,547394,f6994e23a0ff86cd66c37daba0e507dbef857680e42db61efae5fecf1f9526df,code
code/compare_fem_rfm/data/cga_cases/17_pure_p_p4_d1_k3/summary.json,4791,c6546b49a4b5e5318d9eefb063cead6683a11d2c81d96ce5b84ba6d4a1b9136f,code
code/compare_fem_rfm/data/cga_evaluated.csv,24440,6970473ff15113852f6563261ca17a26929682166cef8137f2f5a23435f7af30,code
code/compare_fem_rfm/data/cga_snapshot/dyadic_summary.csv,20718,1f659fba9470a312eec0ad49607c1833cc73bf9e712ee02431514ce92015c6d5,code
code/compare_fem_rfm/data/common_grid.csv,6830,d04153746a93c2407b847691e1e331e5546df01e70fb5607735b410d76f314d8,code
code/compare_fem_rfm/data/fem_raw.csv,25384,90444cefe52d99a54454cc5203ebdd4c44553a56e393cc4cbebcd4b3bf42aecb,code
code/compare_fem_rfm/data/models/C1_cga_256.npz,7294,6712772ee1533b0bf4c923fe5a23c39b4d54d799492c6e5b00ff5d2c99ced10b,code
code/compare_fem_rfm/data/models/C1_fem_p1_n16.npz,883,506bea804115f2deaec9fa61c8a64c729d900d8deb8a322082ca9da2ff5dcfbd,code
code/compare_fem_rfm/data/models/C1_fem_p2_n16.npz,984,585691dbc89baa00317e6b6247b5f50483f1aef868dcdc5d452104d091f2819f,code
code/compare_fem_rfm/data/models/C1_fem_p3_n8.npz,936,251ec2384261b897de9f5f20f26df77a4053864993ea9ab9d3f56000ec6e42cc,code
code/compare_fem_rfm/data/models/C1_rfm_seed201_n16.npz,1532,8b0e5c061c7ed595f0ff9cdeae25e23083f8da67bd338fa0bcacd29838dac9bd,code
code/compare_fem_rfm/data/models/C1_rfm_seed202_n16.npz,1534,22ef1737dcd352a9d789f4423f5fd658438fc54a9379324510db87f42e73054d,code
code/compare_fem_rfm/data/models/C2_cga_256.npz,7281,aaf74290ec6c31116d44bfbe4860f20906569333cfe464ddfb9ffbd3f0648c39,code
code/compare_fem_rfm/data/models/C2_fem_p1_n16.npz,891,8ef7c84669bd8d57dca46c5d569549d31a4b38d10d4d817e7f1c06e850e49e47,code
code/compare_fem_rfm/data/models/C2_fem_p2_n16.npz,984,1c1b1f82ed2556dd0eff0f48d46d6df5d7f407f43a96cf53143c2fe5bf92c754,code
code/compare_fem_rfm/data/models/C2_fem_p3_n8.npz,943,3755c2243b0565dc6ddfcb50fa6627908cb1581afcf8c9cafc75d8ff6d91be57,code
code/compare_fem_rfm/data/models/C2_rfm_seed201_n16.npz,1533,9e15260a4de9801924fb87dc0126364edfc06d7a9b8762b717cc2b6e8a177a5b,code
code/compare_fem_rfm/data/models/C2_rfm_seed202_n16.npz,1536,2e8536b60e9fd292f34e71dc4a14027f55b0e2960443bf6d4cc2ceb43680174a,code
code/compare_fem_rfm/data/models/C3_cga_512.npz,20841,6043091600400e1da940af8afc0ebf799e462f2d5dc055a385ac17086af2ba96,code
code/compare_fem_rfm/data/models/C3_fem_p1_n4.npz,913,2fd7e622cf225c36ed86a45d14219051060eeeed19ff42415ed17ce7dfa4e03c,code
code/compare_fem_rfm/data/models/C3_fem_p2_n3.npz,1013,e85b55f2797dde9d7844fdc89543ea9a6cc227f1fb0a730f5c762434524c0320,code
code/compare_fem_rfm/data/models/C3_fem_p3_n3.npz,1237,492e878c250206aed47c2ce621ece48bea05b7e0d5602ede4fcea05ac5143efc,code
code/compare_fem_rfm/data/models/C3_rfm_seed201_n16.npz,1800,a68d08b69501c7a8e34e4784315207e0116b58f681efac37ec63b2d567934ad7,code
code/compare_fem_rfm/data/models/C3_rfm_seed202_n16.npz,1800,6aed98fe4b5686bb2408dc5719ed01cd25b76129999823544a779000df670d22,code
code/compare_fem_rfm/data/models/C4_cga_141.npz,5724,dc74e5a1d30ead81d82443af6d39bd5cd2db926dec04271368383156a2d55731,code
code/compare_fem_rfm/data/models/C4_fem_p1_n16.npz,878,885f58a4f3977da48fca6a6ce697b82382a8f1e9a7abe4f09ebbdb43cdcccb98,code
code/compare_fem_rfm/data/models/C4_fem_p2_n16.npz,961,15cf4f459f6c8160646896303480793fcbc0bf8801391c76f6cbcc7ebb65cc67,code
code/compare_fem_rfm/data/models/C4_fem_p3_n8.npz,915,f1f85ce3cd5bdeff6260e24429a893482382866e1db73d7b0069ee6f152d8b48,code
code/compare_fem_rfm/data/models/C4_rfm_seed201_n16.npz,1656,4bb62eb61fcf617504628a9aee14d9d6de96c04edd47051aedba9b3cee575367,code
code/compare_fem_rfm/data/models/C4_rfm_seed202_n16.npz,1663,356d8388c93f6c69f949e894c6db276e9c16ab3bd38a320992466961ae379c58,code
code/compare_fem_rfm/data/models/C5_cga_512.npz,24770,df29951993c84ebaad6c4df10806255fa1840b7b3411540de8e7466daef4c96b,code
code/compare_fem_rfm/data/models/C5_fem_p1_n4.npz,911,9fec9728085bbe3f26280a3ced137fd61f90caaf63d4ff55b275eb8879cbe70c,code
code/compare_fem_rfm/data/models/C5_fem_p2_n3.npz,1012,d5a398928712523593120c35849c733f211ec7a935f67bcd02c2bd341cdbc89e,code
code/compare_fem_rfm/data/models/C5_fem_p3_n3.npz,1244,f5d560e6f4a6ad982326f148045c3d58f31162e815c5438c2ab45beefa6980a6,code
code/compare_fem_rfm/data/models/C5_rfm_seed201_n16.npz,1931,1ccf00f8e0dd904d6447073c678bf42995c8469561e5ce3d08458acada610ab6,code
code/compare_fem_rfm/data/models/C5_rfm_seed202_n16.npz,1932,420ba4c8f8034416ae2e4db3ae71d1b655a02a13b8b6809774eb46aac95e329c,code
code/compare_fem_rfm/data/rfm_aggregated.csv,2498,a23d9b236429caed835790860288af6e2c4d7b5f5c4b2bf337fefa3309432e59,code
code/compare_fem_rfm/data/rfm_raw.csv,11997,ae397cabbdbd99ad63f4ba2c7e9db0dac1b5c49891a268c1fa3478b852fb7530,code
code/compare_fem_rfm/pyproject.toml,468,5efeeb543f18638de049941c7119425137544d335bc16b259322f29697bcd98a,code
code/compare_fem_rfm/scripts/build_analysis.py,265,ca7bb9b525eee410067161f9fdcd831de14dd9f837f900a96a138119bac5bd54,code
code/compare_fem_rfm/scripts/build_report.py,425,576239bf8023a8a18c663137e5a1172f34c1888abcc2bf6b489d0027f46d61b3,code
code/compare_fem_rfm/scripts/run_experiments.py,313,f8990971bd8baf652a10259a57dab000ce365b5acd2ba5ef38750869f21a187f,code
code/compare_fem_rfm/src/compare_fem_rfm/__init__.py,72,24c09267d44a2c58586928fd8efc64196f58281a15d50804686002e0ecc8b58b,code
code/compare_fem_rfm/src/compare_fem_rfm/analysis.py,12715,293002388b0e5581913eec169afe14fa64c676f2f51fe984c781a62162a0fcc9,code
code/compare_fem_rfm/src/compare_fem_rfm/experiment.py,24033,c4d4a994380c9caef8730c3080d70e9bb699718fb0617b3dab6536d741eee37c,code
code/compare_fem_rfm/src/compare_fem_rfm/feature_solver.py,6708,8f588ff181bf806a7301795dac2f9a52d97a9e2f6c923dcf66fc0089ea0afe55,code
code/compare_fem_rfm/src/compare_fem_rfm/features.py,4416,594b620111995f7f692674d23f2bc6d4ffe6240c7963c6e325f1c218db81af90,code
code/compare_fem_rfm/src/compare_fem_rfm/fem.py,9100,ad3f7a2ce3e598854222fc55c25bf4ea52c9eba1a8eed97c248b2791743935b1,code
code/compare_fem_rfm/src/compare_fem_rfm/metrics.py,2683,dda22cbb955d7a9f69815a1c178aa3d7713409900ba2adb9f71db5a3689e5409,code
code/compare_fem_rfm/src/compare_fem_rfm/problems.py,4158,ba5c0e98be59715fe1c1eb261865c896616d95a02312d5c5f7b35c6aba1d6b4d,code
code/compare_fem_rfm/src/compare_fem_rfm/quadrature.py,3314,f8079c4d0925f1a1f2fe1af5ec997d2a996ffd572b40857ed758e79ecbb4ef94,code
code/compare_fem_rfm/src/compare_fem_rfm/report.py,19760,9da1d898c38cbe2c621acbbb4c79bf0eb276b36aaeb6476cb3c589d2f71cda4d,code
code/compare_fem_rfm/tests/test_core.py,2082,268fdbea0295a4a2e66b8b1de939100296d667d06e42a45f16060357bb2543aa,code
code/cost_campaign/build_same_machine_summary.py,7566,134b6a142849bed78ad02434fc8845f16f386eb8037e213d37067a02ec4f4cb2,code
code/cost_campaign/run_bounded_cost_pilot.py,23933,77f7e8f3af1261cffc637c45dd7e1073caba3709fb736a7ac3e2145ff382b253,code
code/finalize_submission.py,9005,c3948f751011cce78ed6d8bd77d5efd83c24c931f3c312e6e44c11f1e5021763,code
code/generate_artifacts.py,56700,28ec145a90a830829083fe9a22977f8d920eb4091fa4f8987c86ca265a095f78,code
code/generate_quadrature_table.py,4025,08139fcab0b28d44a5e58965ac38846bbaec047aa788ba4087a0ea3900483fee,code
code/reproduce.py,14914,1453ab3499847ad23f933e662878a7045312a9e4ef797e55ec871660f7fb856f,code
code/revision_experiments.py,14437,2586c654f4af211269b406c57cfd52c61fbfabb05ca0f31ce5bb9611093cf1b9,code
code/sanitize_provenance_paths.py,3982,9100793b9a467df2a4b3f09144789f16c750e5f94d31c2e4460c3c008b1998ff,code
code/section85/sensitivity_replay.py,12479,ed83a74899771e1c4c4e095f99c17b43cecbc6dfa8f7489a814102f8af65a614,code
code/section85_analysis.py,15934,03b49825463d9f17e5034fc43b7cbd9c65525f8a1b79195a0b2cd5069877d8ed,code
code/verify_revision_prefix.py,5755,1ea7c52b5c84045565ffe00df77c3f6012dfb34284529e1a4d4852eeea915c65,code
config/algorithm.json,1548,b0540e38441e780e812b52a445d19bcc71ee7b4f6542fd2e3839cd6f18be3135,configuration
config/environment.yml,189,afc4b80e8e4a5719f4690924fd4029f42a40872caf88e288a96a338164e9ae09,configuration
config/experiment_entrypoints.json,662,bd1188c31811972b47173f18503195bdba99e312a17de5a2a69bab4cb2d79ced,configuration
config/experiment_paths.json,592,6a0ce2e33b62c67f1e25fd45ad1873c08cdda7ed0f5a1b9bc4379bdb39607781,configuration
config/metrics.json,2021,dedbbb88a2e2b3a8cebc6126283207ac2a658f2d9c5d000feb7599d004cf2bbe,configuration
config/plots.json,2047,2d4bbdf7bb0b2597bb26101ecfabb75cb139459873af5d08d09ed3619f620f07,configuration
config/problems.json,3882,a9fcd65eb21e1e912c88efd26679280f66a0a6140d69f3074b90f70aa1d97873,configuration
config/repository_link.json,318,461f9bc7159252c28e6de10924317d8988a04d768b4fdc32198a9b1f67386b6b,configuration
config/reproduction.json,132,6d323f184aef6664eaef0a8e9a97af635f95a81e286ea38e9d982a433a7763be,configuration
config/review_tolerances.json,389,8c6aa43fc7cc0f2160ee7bf2840f372165a9f7316b7a93fc22ba55d6527fe8b7,configuration
config/revision_protocol.json,18659,77a43ae6de7b5e2a2addc5d21162a72c214ca49a920fa175bead2f7041152469,configuration
config/targeted_validation.json,1716,20677ede569ad89c4659950da10ebed18d1efa085cdb6e85987016376edb531e,configuration
config/window_diagnostics.json,1010,89e3529ce6e6f1927f1e8e9625d89ac302a1c4b2d99dd267959717f98f633697,configuration
data/derived/baselines/artifact_validation.json,1329,4afe0105078abaab536e9b76fee46932e0b93bf8ff3149165e7c1aebb57d3442,data
data/derived/baselines/baseline_actual_points.csv,74011,6603e6d756679b31ecf2a72c012dc40d7058f098f50d4c4fd8b4c02543316fed,data
data/derived/baselines/baseline_common_grid.csv,62474,bc8a2d31b0fd58e2a6c72c2009e8d6ae1904eabfeb8ecc1568bbfa2a382a0733,data
data/derived/baselines/baseline_terminal.csv,1249,056b3aa35731991cab9714113fe8989966e958dc9d0f0d5f8375b93c11540f4a,data
data/derived/baselines/common_grid_terminal_brackets.csv,1970,c1989c1cd59657f7707d8c82c5186a037263e91fd99408fe8e76047d7ac865a2,data
data/derived/cross_reference_status.json,222,6f81043f3f29fea26052cf08f24de2f8a036d874490c308931482952dd95cf34,data
data/derived/experiments/ablation_long.csv,1001856,b1d1cea764247a4da292413e54a497b39de976a52a03cd14243079153f61dd78,data
data/derived/experiments/anomaly_and_stopping.csv,3567,e26823e210cf1630c71a707582b31fcb9385f12ba9e802594864d20bc1a5baa8,data
data/derived/experiments/cga_metrics_long.csv,3457914,c1cd6a722237ca2c9f65c5d18e917cfd492c4862936bbb9e9327dbd90a2ac7c3,data
data/derived/experiments/controlled_baselines/baseline_c3c5.csv,12842,1cfc6a5b410c418e72eb872948661d6c7c664a1aca8358a3afb6bb1285dcda96,data
data/derived/experiments/controlled_baselines/baseline_history.csv,120348,b15dcbf644e43928567a8a0c85ecbba437614ea71eb36585f5d977f4a29248ea,data
data/derived/experiments/controlled_baselines/baseline_pilot_c1c2c4.csv,11655,398bf38bffe2386edc5f0fc2ec7c32196cea58c07e74a0885e66ba0a07906617,data
data/derived/experiments/controlled_baselines/baseline_summary.csv,3973,dca4bdd78b37bd049fc771b2fe552970e31cbb9bba7f01a990ed190b86ee4329,data
data/derived/experiments/controlled_baselines/manifest.json,821,55ad0e3da4bd644bccee40954429cc1770751efa110896d491ce53d620757aaf,data
data/derived/experiments/cost_pilot/environment.json,902,0eb560bed93131677959dabb13dd2ce2b6e164001002e5b6bb6f5162090fdb91,data
data/derived/experiments/cost_pilot/manifest.json,860,4c69ce6e9465b6fbff68fb2c38837d06b17408f55c618e0a7c2f84a3fcea11b4,data
data/derived/experiments/cost_pilot/pilot_summary.csv,636,53e335f084e14936980d97a09612b36e1ec21632a78e3179ca4ca12ea01118a4,data
data/derived/experiments/cost_pilot/protocol.json,498,ef46547bfb594267bc617e6af82a7dca80b8f4a8047317d28798d05ffd64f6e0,data
data/derived/experiments/cost_pilot/raw/pilot_phases.csv,9711,df1a7b937dd30f28f5b5acd1529104ea5dede7fbaea48a3058d634419bc8a531,data
data/derived/experiments/cost_pilot/raw/pilot_runs.csv,8208,73db65d47785545e03d843d3541d393f11692087a3a103e3ff695e1debdde38c,data
data/derived/experiments/cost_pilot/raw/pilot_steps.csv,8616,42aaf0cbeac94ce14a8da6f65dc03289211f1c7cc2831209fe8a43e539184c35,data
data/derived/experiments/cost_pilot/reports/pilot_report.md,746,dccbf6010295320a3ccbb56929e1cf137a0ca1ce00ce61d94e325f5a6a1572ee,data
data/derived/experiments/cost_pilot/same_machine_cost_report.md,1830,acea048f5ab1aeb079defec2a5398a3bb1556feba23889457d8b19014bcbdff8,data
data/derived/experiments/cost_pilot/same_machine_cost_summary.csv,7205,996230a1493fffe2798f76a79a525ababacb8ee99ce3036200f286985d7f6f23,data
data/derived/experiments/cost_raw.csv,111222,96292a615ffd6fd5e096c7986904b8a80235a42c90eabd92eb90e5578e24e9e7,data
data/derived/experiments/cost_summary.csv,4264,527ede86c6b945f629537e1d255eba045ede23f6de13f97de2a10e2a2e14f344,data
data/derived/experiments/epsilon_scan_long.csv,170006,b23db71821b7a6a5728cb9f1ab54cf58065951936e4d2c21fa41951e652ef08f,data
data/derived/experiments/existing_experiment_inventory.csv,4827,dbea2efb0d50f80d436548052e79fe75cbfe08f0a091b15efa4507bef76e2d85,data
data/derived/experiments/experiment_validation.json,1092,97a1b27d372497883c229a3587e9ccb1884980e7b15eb842eeff67a41285d50b,data
data/derived/experiments/fem_rfm_recomputed/cga_evaluated.csv,26094,593962aef4b58a77c97b4926a221ae96f78b1d1f3381a080845295781efccb96,data
data/derived/experiments/fem_rfm_recomputed/experiment.json,1595,a9a45ee42dbcd32e5b5ddf37c3a75e079f71be4346e43634e04898da6ffd9e9b,data
data/derived/experiments/fem_rfm_recomputed/fem_raw.csv,17499,7896373e9f43613afea882ac92c310a2709159d4a1a8280ab3e5e3e56c5b379d,data
data/derived/experiments/fem_rfm_recomputed/rfm_raw.csv,12583,51c4f3293f021d5ac1858a201990e7c1df1a0e8b2bd944aba72baf4294cfdbc4,data
data/derived/experiments/fem_rfm_recomputed/tables/C1_energy_gap.csv,404,1109739aabede856ae4917a64b81a44ca511c1c91de582300383883e15e45806,data
data/derived/experiments/fem_rfm_recomputed/tables/C1_energy_gap.tex,220,cdf2f1d8c205bbb9c33ce1c955c607b53e2172a815f93bfd068c36e2ad68e2cb,data
data/derived/experiments/fem_rfm_recomputed/tables/C1_natural_error.csv,412,8fe0e9ed0c0f0c3ee42cfc91f879113f604cbd714cddf72f1a87a24f17c139bb,data
data/derived/experiments/fem_rfm_recomputed/tables/C1_natural_error.tex,220,3a32fccb8965fb4bc1565b501b06bd9ebd32a7881a98b5bbaa8353e7dff7ca25,data
data/derived/experiments/fem_rfm_recomputed/tables/C2_energy_gap.csv,405,14556f2f6e2aa806b50862dbf027dc15749eae4b4e7c3c979a75739119ba123b,data
data/derived/experiments/fem_rfm_recomputed/tables/C2_energy_gap.tex,220,61dae7e54745595da28c08d2bf858c3128eb8846cd50f5860a8504ad0222ae0c,data
data/derived/experiments/fem_rfm_recomputed/tables/C2_natural_error.csv,408,592eccdaca01b7a75ba0badfef0ea5a92032efefddf43495235c230e7a28a4c7,data
data/derived/experiments/fem_rfm_recomputed/tables/C2_natural_error.tex,220,8bde395b2252daf925cdc86db0908bed84cf428f8fef8b63bb54b893cf2b0984,data
data/derived/experiments/fem_rfm_recomputed/tables/C3_energy_gap.csv,381,1bd609c30769bf702c3bf17910912dff4b616ef8d09c93a4cf18b4e553de8305,data
data/derived/experiments/fem_rfm_recomputed/tables/C3_energy_gap.tex,213,785699e1d1973fd8b3d6e9d61fb4843a246dec5a9f71f17be3a61a735d3f3255,data
data/derived/experiments/fem_rfm_recomputed/tables/C3_natural_error.csv,392,fe93066073afa75119f8ca3e0588dacc1752c854db2bec990fb329cb1bf86d1e,data
data/derived/experiments/fem_rfm_recomputed/tables/C3_natural_error.tex,213,085c3b0d699f83f4239106a291714ecfc01c706ccecac6603ab8a3ab694ac3b0,data
data/derived/experiments/fem_rfm_recomputed/tables/C4_energy_gap.csv,433,e70255a6696059e84ea15f3ae2bd3e89d8194391210e0029ad527209ccb924f6,data
data/derived/experiments/fem_rfm_recomputed/tables/C4_energy_gap.tex,220,3576d2e217b597af166b3429f4230f63ed0c6e43d6aab8c50ca5e22c35dc7383,data
data/derived/experiments/fem_rfm_recomputed/tables/C4_natural_error.csv,432,261d08a893d240ee69f8833fc8119354d36a53153792e709b1d7af000b5d82b4,data
data/derived/experiments/fem_rfm_recomputed/tables/C4_natural_error.tex,220,a2422a6381604859938a815fe00bf1e68d1f8fe4db4ba866eb5dcdb543cf1177,data
data/derived/experiments/fem_rfm_recomputed/tables/C4_v_error.csv,438,a429b3027e06d923eb53b416d95f0a2d54f96b99e63be795ecf51ad3edaf3bc7,data
data/derived/experiments/fem_rfm_recomputed/tables/C4_v_error.tex,220,185128333ec33b048effc39076bb66c2ccf3a1fbbe9ab0baf3c4753fc1f1bcf3,data
data/derived/experiments/fem_rfm_recomputed/tables/C5_energy_gap.csv,388,61713324f2338077c0a524dbc0fe55bb71f018227241ac8eecae6de296ff652f,data
data/derived/experiments/fem_rfm_recomputed/tables/C5_energy_gap.tex,213,f886032d1f07026d5d14c86aed553d2c85eb917b558b575f2ceebc42857deef2,data
data/derived/experiments/fem_rfm_recomputed/tables/C5_natural_error.csv,389,24f3b3068767dd3c4cb61103ac4960e255dbfb465e21500be3435ac888a91391,data
data/derived/experiments/fem_rfm_recomputed/tables/C5_natural_error.tex,213,6851342030586abee184fb052def6ac43d33a826ebae881c76799eb3633d7aac,data
data/derived/experiments/fem_rfm_recomputed/tables/C5_v_error.csv,389,9d97bc9d5dccc42c42dd9d7004dcfb3c3269212228e1d8cad669c9b6225458e2,data
data/derived/experiments/fem_rfm_recomputed/tables/C5_v_error.tex,213,bd6b57b6ac9735717f5fa283b7a72d40accb13525ac61456c2982f82bbf6ea7a,data
data/derived/experiments/fem_rfm_recomputed/tables/local_orders.csv,2333,4c038b49db91474dc29676ff9701d5ec6dd2a8c80a6d8d480409db5e6c8b42cc,data
data/derived/experiments/fem_rfm_recomputed/tables/order_summary.csv,2898,2567eb00ed38b2168d308feb28c710bde46b2f83bb55429892a9cfab8e2e6572,data
data/derived/experiments/quadrature_sensitivity.csv,60582,6f9794fdfc136c527599e1754926e8c6ae5396383841336fdb0a775f46bd1355,data
data/derived/experiments/random_greedy_baseline.csv,481,d70bf64f4ee45a3e799a00c824765dd034144743ee7c538efd8862f85fa312b5,data
data/derived/experiments/rfm_multiseed_raw.csv,180494,d29d64d0cb5cf13d9181ca88ff7bf030bd4fa37e052890d9f09b7c44ea480fcd,data
data/derived/experiments/rfm_multiseed_summary.csv,15486,3a03680122c933b6407ae7b2a0acd99d79ca1ff4d81ae01280b7265ce7c1e493,data
data/derived/experiments/single_factor_control_audit.csv,863,04a836be590e2be972def111876d939eb618ab43ecea5d3b34196c40f26bcce6,data
data/derived/experiments/source_manifest.csv,22209,8475b419e61f232e9705649e66faca1d355b5242fbaa08aa00b140e2bd910c40,data
data/derived/section85/base_pure_finite_q16.csv,16622,62327e9d70bd5bb20b8f354ace846c92ed5ca42c4999e74e3953325887a41ce1,data
data/derived/section85/base_pure_finite_q20.csv,16690,860ee49073bbd09c5b2ca08ebc61061f54a4a530d363e30c0e50bfedf7db9d8d,data
data/derived/section85/base_pure_source_q16.npz,15236,f9efcc61d0707dda256c3bff593c553295c12313bd6e152eb4c8370166c61822,data
data/derived/section85/base_pure_source_q20.npz,15236,34406cf3086301260fbf7d892117ff8888deb4ef50810a935fb1f6127c28f1ec,data
data/derived/section85/base_pure_sources_q16.json,342,c594540fd2df4ae2c82d23e922eced77198953729f5cbf48b7108b75e600296b,data
data/derived/section85/base_pure_sources_q20.json,343,70a74f46a97e802a05b98fac0cda26648cdb79e3aad85be15932196b8aa8d6b3,data
data/derived/section85/candidate_ranking_step8.csv,72435,9b86de079959544b8f1a9c2a048e164922570e168b15f67f9de3c25c0b16b112,data
data/derived/section85/candidate_ranking_step8_summary.json,1028,52dc076ca444686aacb60fa5b37c895464976f0c1b0233c075fec942819ba806,data
data/derived/section85/common_quadrature_states.csv,298424,76be97e8be95141c38ecf6d7f7b8a9474cc8d23b3bb96d307ec3fa8ead243fa8,data
data/derived/section85/common_quadrature_terminal.csv,9755,a8ae90f217fc7cad756c4d91279028361770c9e9c133ae18dc925a4630c53315,data
data/derived/section85/epsilon_01_finite_q16.csv,17187,942b33820ba4c8cb5db0e819a3152e5f7bc929b4fd6d67588bfe6f0ba258bff8,data
data/derived/section85/epsilon_01_finite_q20.csv,17274,59e8efb376d0f07a5954e39821789cdf8cda5f0566c2b3979b91ef2aba356a56,data
data/derived/section85/epsilon_01_source_q16.npz,15236,37c86237b19a18f6a4ed6b5efb25464f8cbf438a48cac2da4a423ed4efa18b5b,data
data/derived/section85/epsilon_01_source_q20.npz,15236,982a951165e62fec5a4495035809379043763565ae05f93ef16a5f4c04eae953,data
data/derived/section85/epsilon_01_sources_q16.json,343,7df1b00a1bab0a249a7b4e79fa1cfc947e6c4ad227058c51153bc70bcfcb14c6,data
data/derived/section85/epsilon_01_sources_q20.json,342,14c80f711666796af13ef2c4012630aa20c123a852432feb5e86c64c5cb5551f,data
data/derived/section85/finite_trajectory_summary.csv,2096,ecdbb93a2abb844df6a9b3e90a70ff526fd712b1435ab37271f4c840f70806cb,data
data/derived/section85/same_space_replay.csv,983,44d92f49617969020fc96e27f822a83a18acd0c2f5c3f64ca4e323279a7b593b,data
data/derived/section85/source_quadrature_crosscheck.csv,1183,9fe4a6eb455d7f99933449fe6b110099cc1261369d68b58605e984ed73fda48f,data
data/derived/window_diagnostics/active_kkt.csv,17257,d045811e5ad087dc700a2163661e559d626541e414485aa482d17cc05caa5424,data
data/derived/window_diagnostics/frozen_projection.csv,15723,afba8e28a701df9da657030bdbf2f87c15ef9bbfbf17164172f98c6fdc390c61,data
data/derived/window_diagnostics/hessian_spectra.csv,18506,56b56bf99466ca4d32e5ed4b164eafbfae4a8f630d2a1fdf86ddd1a46000139f,data
data/derived/window_diagnostics/quadrature_refinement.csv,18262,a27a7e3cbc2a348a16e2201f843624b85d0ed9f4bec212a13afbc98543ab240f,data
data/derived/window_diagnostics/selection_ratios.csv,15229,5281597aec9b0b069e2235305694f150cd1033204344b534c1e3af1805849448,data
data/derived/window_diagnostics/state_reconstruction_audit.csv,25541,279623078b0783264410188daab7cd624c30664f3e306fec0ca61f568f1e600a,data
data/derived/window_diagnostics/stepwise_states_manifest.csv,23975,2ef7de43cf2d1bd0bc437d99e00b8e55f38c26dd5c4e6089b4eedc0f065b3256,data
data/derived/window_diagnostics/transfer_budget.csv,25658,c2e2f1ab6529887df9a265b4ff74f892212c255fcdf6eb11cc11a9c938af43f4,data
data/derived/window_diagnostics/window_certificate_validation.json,1745,3fd5f71d30601fde8586e7778a0639a361f977e328e9325e0dbece61eb57899f,data
data/raw/baseline/data/fem_raw.csv,53280,bada55e33777b09c2979668b573eb04b1969bea22be70096f6fc0eaf4dee19c8,data
data/raw/baseline/data/models/C1_cga_256.npz,7294,6712772ee1533b0bf4c923fe5a23c39b4d54d799492c6e5b00ff5d2c99ced10b,data
data/raw/baseline/data/models/C1_fem_p1_n256.npz,2310,d0de1199cac3a7d5815d7d6073bc5eadc40a4b69fbdb97f29646d7d233a18959,data
data/raw/baseline/data/models/C1_fem_p2_n128.npz,2327,b06064daa2c3da1a33a15b2d5b16c6a63c2742ea95be6eac2709e43f316520bc,data
data/raw/baseline/data/models/C1_fem_p3_n128.npz,3044,aa6ae9f3aecd3904a8a1d78907cf1b70b8bc4a28437ff873521865d1eb1244a5,data
data/raw/baseline/data/models/C1_rfm_seed201_n256.npz,6928,209b1da54a1b30431076f7e90736d9f62456395f3d7df200f8ca8ef6fe0b8a64,data
data/raw/baseline/data/models/C2_cga_256.npz,7281,aaf74290ec6c31116d44bfbe4860f20906569333cfe464ddfb9ffbd3f0648c39,data
data/raw/baseline/data/models/C2_fem_p1_n256.npz,2238,96ed8c2935eac1c1171e806b8d26c76ae09ae2cf7fb8116778986e201ef334a6,data
data/raw/baseline/data/models/C2_fem_p2_n128.npz,2245,986b23b6ef3f6228d145ff630379318e794697f333594841707b7d122699581b,data
data/raw/baseline/data/models/C2_fem_p3_n128.npz,3020,0b0cdaf75159ea0102e8a74d1959b4b46d0eba21878da7f044b516c20c924a46,data
data/raw/baseline/data/models/C2_rfm_seed201_n256.npz,6992,6a47984ab56de6ba855f144b9a558d5134e6560c5f6d01c854f1eaf0729c4dd0,data
data/raw/baseline/data/models/C3_cga_512.npz,20841,6043091600400e1da940af8afc0ebf799e462f2d5dc055a385ac17086af2ba96,data
data/raw/baseline/data/models/C3_fem_p1_n22.npz,3004,ba5be64e83de735bf2152a02e47a6ac1e52da381ec7eb0ceb235b3f978590793,data
data/raw/baseline/data/models/C3_fem_p2_n11.npz,2946,09c82dbb7081e8743073efa91305287b9a787d44adca83bc3ac59b5655e905a0,data
data/raw/baseline/data/models/C3_fem_p3_n7.npz,2760,2bd790dd52e4bedfe3d75f43b293f428954bb793e1ea0287e587e3699e25f481,data
data/raw/baseline/data/models/C3_rfm_seed201_n512.npz,20850,7b69930f572db28e6b5cd5aa9c1941b74ed906bfeecd87f223187da2c1471fb9,data
data/raw/baseline/data/models/C4_cga_141.npz,5724,dc74e5a1d30ead81d82443af6d39bd5cd2db926dec04271368383156a2d55731,data
data/raw/baseline/data/models/C4_fem_p1_n256.npz,1986,5572e4f0a3b673c03de8466d998ba9188e31a9894d55b660e9ee784a6881be5f,data
data/raw/baseline/data/models/C4_fem_p2_n128.npz,2025,583d1b6285d101e605bbbea324e9d33f0acdedf8b79eb09281c99066638b4551,data
data/raw/baseline/data/models/C4_fem_p3_n128.npz,2752,a685f8009c0db0c694d357aa64b7e46ffeb08c9cbd55e6e6da80f4eb8eac59dd,data
data/raw/baseline/data/models/C4_rfm_seed201_n256.npz,8842,bc96f2743358fe42979c852133318e1d77dfa48deb75048a13a47554e0092e98,data
data/raw/baseline/data/models/C5_cga_512.npz,24770,df29951993c84ebaad6c4df10806255fa1840b7b3411540de8e7466daef4c96b,data
data/raw/baseline/data/models/C5_fem_p1_n22.npz,3024,1d59582973fa7e113263fe601248c0e08c4740969204e38ff95dd61d98a5c26c,data
data/raw/baseline/data/models/C5_fem_p2_n11.npz,2983,b120491116f39725864363131b2886b46ef56631079d058b77d8a0150145a9da,data
data/raw/baseline/data/models/C5_fem_p3_n7.npz,2827,910e8453626d1a12b1a8acd54ff896cef349dd4adbee54da0271c6420e9121cd,data
data/raw/baseline/data/models/C5_rfm_seed201_n512.npz,24759,7b3f04799096d0b74edf0fa6eacffb3922232fa67cee16a7a7944cad21f6157a,data
data/raw/cga_cases/E1_linear_1d/config.json,1718,09203d90d640739838bc70f9fa52f8ccb8faf6d1e916555d0afd1190d2f9dec3,data
data/raw/cga_cases/E1_linear_1d/history.csv,217652,93c7446e1632767f5ef3198b19fe41dbf19be6fca6677133894596bbf41918fa,data
data/raw/cga_cases/E1_linear_1d/summary.json,4151,bcb37b49f93e5d0756666a6496f67b0f28d47a0236b28998658810fba7222b9e,data
data/raw/cga_cases/E2_cubic_1d/config.json,1717,f15bc819654077bbd9293135feb4a8de8c23a52abc1f4366156ae9a952a62751,data
data/raw/cga_cases/E2_cubic_1d/history.csv,246702,dd380d9ef1149208321164b88528fb2f03f156075c332f0d92b5064fffd8508e,data
data/raw/cga_cases/E2_cubic_1d/summary.json,4136,3ec31b9a685ea555bd33aaa89dc273547aba2a4036d54ae122c48b75ba7a290f,data
data/raw/cga_cases/E3_sinh_2d/config.json,1708,5c15498a71da8c10fc052716c7b23f9bb1a12fcc50bdcd10a0ef0dc454516ac0,data
data/raw/cga_cases/E3_sinh_2d/history.csv,475026,62a5eca62a7a87473550c36d89524826da5e26750f70c586438b0bce9be52a62,data
data/raw/cga_cases/E3_sinh_2d/summary.json,4132,777e640557643f260dee5415c5bbb12b287d1e80c8b74569b3557787f3813771,data
data/raw/cga_cases/E4_pure_p4_1d/candidate_pool.npz,47816,7fe07e7ae98ac4aaa32f8f2d1be8d6b08df78fafa574a4c80c81b25a52c5a557,data
data/raw/cga_cases/E4_pure_p4_1d/checkpoint.npz,5197,411263b139a0869ca9d071cfd4bd78268c7018e7c25461eb03f0319cd6a4f51a,data
data/raw/cga_cases/E4_pure_p4_1d/command.txt,64,c2fcf7ab0a3774c10af4ac246c383a1ad199b2365ec416eb80b1ee00096fd0b4,data
data/raw/cga_cases/E4_pure_p4_1d/config.json,1717,e37b2d9419d70a15ce30347361165cbf481ea6b462d1ec4896466f437c021493,data
data/raw/cga_cases/E4_pure_p4_1d/diagnostic_model.npz,6695,2a63bd9680c919523b95c66fe31dfabeebed702a44c5950b6cb4828bd832e9e5,data
data/raw/cga_cases/E4_pure_p4_1d/dyadic.csv,1631,f67d6c7a370b48c93a635c88748b9818d10a468333496bf1e2b82559a9a3e9b0,data
data/raw/cga_cases/E4_pure_p4_1d/environment.json,409,0522ff2644d1fcbbc17c3e71bce4252988e2026bfa45b513941ae65917d29327,data
data/raw/cga_cases/E4_pure_p4_1d/figures/convergence_energy_gap_raw.png,87132,a938d8690bfd1742e8ebe0c6177ae46222baeffbec7ef8c8e3d6f83958162b4d,data
data/raw/cga_cases/E4_pure_p4_1d/figures/convergence_natural_rel.png,105681,dcd323e7ccbd6069c3be5b7d14e4effa0f78b1ce80309ec92dc6fa6e04024cd5,data
data/raw/cga_cases/E4_pure_p4_1d/figures/convergence_quasi_rel.png,95834,0b93b6fa80c46cec9d02378a7eb2b6f86ea822b50f593d3b9987a85f6098ce8e,data
data/raw/cga_cases/E4_pure_p4_1d/figures/solution_comparison.png,132660,1b2de55a7539912c64d8bcb7fd946ecf2b1900fbad4b3708892ca8c23ea306ca,data
data/raw/cga_cases/E4_pure_p4_1d/history.csv,547394,f6994e23a0ff86cd66c37daba0e507dbef857680e42db61efae5fecf1f9526df,data
data/raw/cga_cases/E4_pure_p4_1d/log.txt,69053,25873362b82d7856d116c8cde699e4abfa583ba0e08dd7cad916d9157d3084c0,data
data/raw/cga_cases/E4_pure_p4_1d/model.npz,6695,2a63bd9680c919523b95c66fe31dfabeebed702a44c5950b6cb4828bd832e9e5,data
data/raw/cga_cases/E4_pure_p4_1d/pool_manifest.json,672,c798bdce7440a4890231458ed86d5cee0e2f687ca4c1a60159e4d2afe73477c9,data
data/raw/cga_cases/E4_pure_p4_1d/reference_pool.npz,93190,2af469143361ee161ac6ac9150532864d7078d1653ea2acbe7ed5da5df638d44,data
data/raw/cga_cases/E4_pure_p4_1d/summary.json,4666,5174977ef253c28a5f63f702741ffbe9e8be6a53fbb3d000e5de4831bab50ac8,data
data/raw/cga_cases/E4_pure_p4_1d/trusted_model.npz,6695,2a63bd9680c919523b95c66fe31dfabeebed702a44c5950b6cb4828bd832e9e5,data
data/raw/cga_cases/E5_pure_p4_2d/config.json,1710,573925598164205ef6c510b151ad5784471406df2feb0e66bfa72c4711ecdb5a,data
data/raw/cga_cases/E5_pure_p4_2d/history.csv,502785,6d81942b302d13300c3647405a00815e6889bf8414f20361cbc7e8f89df0904c,data
data/raw/cga_cases/E5_pure_p4_2d/summary.json,4663,762bc8a41b12e26e6a4ef86bf07c9220d1e6fc84bc0731c1e07505db70fa69dc,data
data/raw/cga_cases/E6_regularized_p4_2d/config.json,1716,430de56231015b21e41e1495db9b37df0557fb46b8b3b4743451829b8c70005d,data
data/raw/cga_cases/E6_regularized_p4_2d/history.csv,494299,0bc6bbe47f17191efb53c6fb4243573c2afff6aea3aced6e70132588fc7c26bd,data
data/raw/cga_cases/E6_regularized_p4_2d/summary.json,4675,530e6e93d956ed7258c8d71800afe2dbcc8d3b0bfff43579baa8080f69306d2e,data
data/raw/cga_cases/E7_reaction_p4_2d/config.json,1714,6c1fe3b2f1b927e2ca1b0d1d17544f5f43f994b47481740c5b467535ca50a7db,data
data/raw/cga_cases/E7_reaction_p4_2d/history.csv,491575,9e1c00e4c9f9f1995b7ff6cf3f22b40cc8e912c97c2b810dd92c7226e5cc91f7,data
data/raw/cga_cases/E7_reaction_p4_2d/summary.json,4675,b011922def2aeb483b1a58a3d5830bd00ce45892c9fb161ad85469c2557c1565,data
data/raw/cga_cases/E8_pure_p5_1d/config.json,1717,b1811e46a89d82ab07b64d2150a041abfe435e2a4a89dd4103da9372c69997b4,data
data/raw/cga_cases/E8_pure_p5_1d/history.csv,231094,4c1b5bfdbd44fa1d8b0cf4d93ff0b743e165fcae6ff1f29fcc1ddfe77667b2c9,data
data/raw/cga_cases/E8_pure_p5_1d/summary.json,4502,f8ee3286e56f034fb19d073a1077048ad9f3defe374602f42ec2e5117dc68cc7,data
data/raw/revision_20260914/base_pure/candidate_pool.npz,13844,bb1587f6be7a17cbf7768a56cd19c3052e879896bcf7e5e2425b8aba2867e502,data
data/raw/revision_20260914/base_pure/checkpoint.npz,4089,7ee405f450f16ba188c3ce91590ed5d52bbe6514007642196a885daf7e3cc014,data
data/raw/revision_20260914/base_pure/command.txt,74,234cee691bb66a8034d73a2435d3e1c0a829d3febfe48c634a5ec90561032173,data
data/raw/revision_20260914/base_pure/config.json,1734,b395bb44c55f6c4fea10202999ea65fb4c7386262021ca1901cde5702e20bb28,data
data/raw/revision_20260914/base_pure/diagnostic_model.npz,4289,621ab5d0627789b4f7377c013fd617906c0be268910927197038610bbc501754,data
data/raw/revision_20260914/base_pure/environment.json,371,3c5cb0957fd268c7c4eb30e26f0b6a13faccdc5c75ef0c7092158d8605ac5b3d,data
data/raw/revision_20260914/base_pure/environment_continuation.json,372,78c3fb6498fb64454c15293670d50f3735f8d6c7e9fa2830ebbd1d9a3ae7f7c4,data
data/raw/revision_20260914/base_pure/history.csv,61250,ccb29704b5f6368ade77d1a1b7317d5633ca9efeb76bd1004384516de1ba5234,data
data/raw/revision_20260914/base_pure/log.txt,5375,7a5f5541e7131c95b02ad40dfbb8aa5a5c6f0d5cdf3de7262ed77d1ae163c7b3,data
data/raw/revision_20260914/base_pure/model.npz,4289,621ab5d0627789b4f7377c013fd617906c0be268910927197038610bbc501754,data
data/raw/revision_20260914/base_pure/parent_summary.json,4887,0624d9711b59be024dbda0ed1a553f9b7b6fac8249229cab839b3c6954557939,data
data/raw/revision_20260914/base_pure/pool_manifest.json,643,bc2b8ca872b2a78b8d7364413d5738b84039f16bd58ece8c9bed15bb28791ddf,data
data/raw/revision_20260914/base_pure/protocol_sha256.txt,65,4d24bf2efa0715f3c23256dccd324b547a2cefd32f8de07964fadc7e2132a039,data
data/raw/revision_20260914/base_pure/reference_pool.npz,25186,29d76a5ab0c7d743ee36406a6b69ea5707773ecea40492fe89eac5852c32d58d,data
data/raw/revision_20260914/base_pure/states/accepted_0001.npz,2124,d46333f531cfc10f7da05c1cf35ea4fbb86c039fd4690f7af0a930f195f7f1c2,data
data/raw/revision_20260914/base_pure/states/accepted_0002.npz,2162,9c17eeb9ca848c6dc40c3c8cef49b3e308e054eac4bb024e47fe2c77a19455e7,data
data/raw/revision_20260914/base_pure/states/accepted_0003.npz,2197,1f5a80c73c3d293e1615725778effec252f51dbb5b7b72480d651b735b292069,data
data/raw/revision_20260914/base_pure/states/accepted_0004.npz,2231,993339f4b3fdd87ad387f52adfa84fffb639e24d1e38710091345f32235ce596,data
data/raw/revision_20260914/base_pure/states/accepted_0005.npz,2265,2e30bdfd6c709f01f6ba618f9984a899c4cd455b7362f60a0a486ebc13f5dbdb,data
data/raw/revision_20260914/base_pure/states/accepted_0006.npz,2299,36821ce38462a5faf5b90fc7684abb9abe1e1979f71d20024a214c33332d012c,data
data/raw/revision_20260914/base_pure/states/accepted_0007.npz,2333,b145e2512fc27d79dd1b924a9e78f1da6f0e57730fa522956a9ea1bcb1416672,data
data/raw/revision_20260914/base_pure/states/accepted_0008.npz,2368,d3c575e94d940fa29a3cd38d36feaec5ade6227049783b96dad2cef9a00acb35,data
data/raw/revision_20260914/base_pure/states/accepted_0009.npz,2403,fc933af8b89b26d97142cc4162c79beee7abfcd654a090ba452d26c8c96857ad,data
data/raw/revision_20260914/base_pure/states/accepted_0010.npz,2443,00181fe566e91d557cb26d5e55924f8824c1b2db0c97cba6b6f021d18564436f,data
data/raw/revision_20260914/base_pure/states/accepted_0011.npz,2476,f9790c731a6b4a7e576bec2862ce40688cd28d8d366b36d0755f60b5870bcb48,data
data/raw/revision_20260914/base_pure/states/accepted_0012.npz,2509,cd9c36dfccd6bffadeda6dd763cf3ed24b67ae6d4aeac031e6be0ba18290d5ae,data
data/raw/revision_20260914/base_pure/states/accepted_0013.npz,2544,95974bb28ab613d13127436769fd21da8bbc8e9dfbb2478b634ba2301c90b4ce,data
data/raw/revision_20260914/base_pure/states/accepted_0014.npz,2578,588ded85fa45b791e5036de5bf3246db56b440c7e1a241955dbb106092eb1ecc,data
data/raw/revision_20260914/base_pure/states/accepted_0015.npz,2613,af7882feef3105c83891a95e89e4a9dfaa50986bc6742b979acf771b3cc85269,data
data/raw/revision_20260914/base_pure/states/accepted_0016.npz,2647,225fe158b589d455f4309b463cfbda40ca292e697b7f70e66419a460270800cc,data
data/raw/revision_20260914/base_pure/states/accepted_0017.npz,2685,1b24f0fe96a14b93e6a34287b01f88c5b6a673c4ed663329c1481682ac746fb3,data
data/raw/revision_20260914/base_pure/states/accepted_0018.npz,2717,2062394f29e7104c53a32b98538c920d5a1ba576736b763f8a6b7157289c2bc4,data
data/raw/revision_20260914/base_pure/states/accepted_0019.npz,2752,e793566fc2a53e775f16828596decba5476f9a784260592fba14e3b03a1fd5d3,data
data/raw/revision_20260914/base_pure/states/accepted_0020.npz,2784,f4ec2b724cccf71b1ad75d2771c6d81300de1a8abeea4fb00cc72c8daf6c992f,data
data/raw/revision_20260914/base_pure/states/accepted_0021.npz,2819,8a26f7c09233b680047c2e8e3a45ee3a55938aae641d727a2ef76c1d137ddc3d,data
data/raw/revision_20260914/base_pure/states/accepted_0022.npz,2855,7cf1e756429469c0a1ceed056f5a5526c53670294fb1cd7fa0e935a0e5e0c0d2,data
data/raw/revision_20260914/base_pure/states/accepted_0023.npz,2889,b57918bfa05eaf5f94366ef70acd7c7971269a03bfe6b64abb01f173c5b09d20,data
data/raw/revision_20260914/base_pure/states/accepted_0024.npz,2922,fca90d95cb5c57c143576ae2cb0cafe060eafd86e937435889929ba97e4b6332,data
data/raw/revision_20260914/base_pure/states/accepted_0025.npz,2957,255f4f4ad7da575a4d541a9fbfec8402bba9496635c2a07b61e19f4faccb4741,data
data/raw/revision_20260914/base_pure/states/accepted_0026.npz,2989,232011bc1886b99254113689f92b0f6f5fae89fb8a6fc00001635206b46f20f7,data
data/raw/revision_20260914/base_pure/states/accepted_0027.npz,3024,01b1eb24df56578862dd74d9559a1c2e3f4cd7d82180b48b371f45f0a0d71f94,data
data/raw/revision_20260914/base_pure/states/accepted_0028.npz,3056,82af67288b26d6e2fd43446afff89d9e7abd5bcc56d5b5312b440d4e08c48697,data
data/raw/revision_20260914/base_pure/states/accepted_0029.npz,3092,db496a86f902be239ddf815254f1686a42c8e80503e6aacf46c864311a446419,data
data/raw/revision_20260914/base_pure/states/accepted_0030.npz,3127,10440c8ce5eddf6555433df04894eebab8f0902e71dd8165ebe427bc2936eeaf,data
data/raw/revision_20260914/base_pure/states/accepted_0031.npz,3159,52d05dc451a0cf0ae2c3f1c50419d6601976816b5e3d6d9c641c3fac561fbb9d,data
data/raw/revision_20260914/base_pure/states/accepted_0032.npz,3195,3e825d4a131717f7b5a7db8ad15332cb2fb31dce1d6a3da961fcef8f46a56d32,data
data/raw/revision_20260914/base_pure/states/accepted_0033.npz,3231,e1813bf808d65693ebb1399acd1d1c626264dafc1092ef2cefaa39d97a975d70,data
data/raw/revision_20260914/base_pure/states/accepted_0034.npz,3263,8845aef44640ee9dfbf886199bbfded4c899b320b8a27ae4ee89fee97a990526,data
data/raw/revision_20260914/base_pure/states/accepted_0035.npz,3298,7b61d5304ab554ab56f3f9350ce64bd75c5026a728063d70e1e4aedbedaf9a1a,data
data/raw/revision_20260914/base_pure/states/accepted_0036.npz,3333,f1b5f8fe4524df4e80eddb9465f7846f2b16ff2e28340f733d25e54722f7122e,data
data/raw/revision_20260914/base_pure/states/accepted_0037.npz,3366,0af20b771e366552c859c3acd0fc045c3c2fbcbf39d95309507238caa0899a30,data
data/raw/revision_20260914/base_pure/states/accepted_0038.npz,3402,d3c9f05d8ed14690c321f8b8bdd56e093f60de07585e46b951cc4b5bb8139b12,data
data/raw/revision_20260914/base_pure/states/accepted_0039.npz,3434,84c6ace2a0a72e25af1c7a63f9a77f3fc8387a08c6a7447fde2185de75495866,data
data/raw/revision_20260914/base_pure/states/accepted_0040.npz,3469,306d31e227350f174565dc409aac74120ba12fc15f5b3c8d62b0e73d8dfdb00f,data
data/raw/revision_20260914/base_pure/states/accepted_0041.npz,3505,e2324fa326f9c38af1e46267728a053159bd0c7be25f047c5b25137924c0a965,data
data/raw/revision_20260914/base_pure/states/accepted_0042.npz,3539,b8d7df6d484dad2567302064c4a6b28020a88845c6c8b803f2c028921fd6c856,data
data/raw/revision_20260914/base_pure/states/accepted_0043.npz,3573,5c8ae12dc09585f470faa73e48c49d6ddcfe050fdcfc979cfee2324c05597b34,data
data/raw/revision_20260914/base_pure/states/accepted_0044.npz,3605,c6560aeb74ce1a6f400840a029427a6526f84831b5f651b19538ffb618dcba18,data
data/raw/revision_20260914/base_pure/states/accepted_0045.npz,3640,4228ecee5d493fa3700ebc0d6ec19caaf592f30b957f23a1cd989d706df8e2ed,data
data/raw/revision_20260914/base_pure/states/accepted_0046.npz,3673,46e7d835bf1a5fbb5e555d9a2d09b505ad0072a6d88d3bb23b2d1d34c01ed275,data
data/raw/revision_20260914/base_pure/states/accepted_0047.npz,3709,6779db9596768c345796d39db25aadbbab9dae4a8c122c527a954fbfd784c88e,data
data/raw/revision_20260914/base_pure/states/accepted_0048.npz,3743,511bdc2019f190363b730df518b5a9fe52a2b13289de3c4791ef476ba0c4afc8,data
data/raw/revision_20260914/base_pure/states/accepted_0049.npz,3779,a96be0f5f9b2d33c78d2d375b493bd7f87d0e3771b0981419267a55c9a373e89,data
data/raw/revision_20260914/base_pure/states/accepted_0050.npz,3811,8db37b0e33f59edb7fa1e92237734e3a2393d689a896cf286a637f02d51f518a,data
data/raw/revision_20260914/base_pure/states/accepted_0051.npz,3847,5c407fd1bb6b656de4a03569dc72ea48b9bf6a1c2e9957e2a91e8a9174fa6062,data
data/raw/revision_20260914/base_pure/states/accepted_0052.npz,3879,28ef59c1dd545e98a98a209e08b4bf74921a5221ccf4f1b1ca5af991ff5b2b2f,data
data/raw/revision_20260914/base_pure/states/accepted_0053.npz,3913,51c166311bdef14a6eae5024e4e6d2451ccf39d7676dc5b550ec49c0b27027be,data
data/raw/revision_20260914/base_pure/states/accepted_0054.npz,3947,84a0231c4c0da332dde04edf8bcfcd400d98f838487562185517e69d07ef5c87,data
data/raw/revision_20260914/base_pure/states/accepted_0055.npz,3981,913f25fc847a9c4886969afd68f81d9b82d04dca2003145bf3be0b3b6e6d6e71,data
data/raw/revision_20260914/base_pure/states/accepted_0056.npz,4016,1846caff15345998eec94f06122da9feee799cf24db24478e3ab1fb1802a64ed,data
data/raw/revision_20260914/base_pure/states/accepted_0057.npz,4050,80facc3cb715a3cdef5770eed4bc9953465281db6096ee3097c8eaa7fe7df808,data
data/raw/revision_20260914/base_pure/states/accepted_0058.npz,4085,9ccab75ee519aee7c5d3159acf3a048beb655f64cb870b06ab6d7ee6c822ceef,data
data/raw/revision_20260914/base_pure/states/accepted_0059.npz,4118,0ca2ecfc37ac051087b9ad76f04c87ae43c54599a6c51dd51bdd09d68d9cd729,data
data/raw/revision_20260914/base_pure/states/accepted_0060.npz,4154,ad4bcf9a5c56f1a33bf4a6ab09038c9f95ba052474b22dd19f4e8f9f3ca8b81f,data
data/raw/revision_20260914/base_pure/states/accepted_0061.npz,4186,ec9fd74ac61fbfa0896296e24b72aecdec45e392cf512b80aa5f9baff658dc79,data
data/raw/revision_20260914/base_pure/states/accepted_0062.npz,4221,b884ea8252523d724b96fbe37481505fe6e2a2fadd38f8bd8b3c99fcc633b3d4,data
data/raw/revision_20260914/base_pure/states/accepted_0063.npz,4256,33b1563464bf343a481166b1614e8dc8d380d198f63c76402e6dce5ceff49027,data
data/raw/revision_20260914/base_pure/states/accepted_0064.npz,4289,621ab5d0627789b4f7377c013fd617906c0be268910927197038610bbc501754,data
data/raw/revision_20260914/base_pure/summary.json,4827,563f5f82c54c448d3cca2157ea42211123a6eb9240ba8be2449c396e66823558,data
data/raw/revision_20260914/base_pure/trusted_model.npz,4289,621ab5d0627789b4f7377c013fd617906c0be268910927197038610bbc501754,data
data/raw/revision_20260914/epsilon_01/candidate_pool.npz,13844,bb1587f6be7a17cbf7768a56cd19c3052e879896bcf7e5e2425b8aba2867e502,data
data/raw/revision_20260914/epsilon_01/checkpoint.npz,4085,231534e07e7f77547b5cf460d861999275b0091dde17aea20edf071759421997,data
data/raw/revision_20260914/epsilon_01/command.txt,75,c875b735e3ee99a3f97bc5615b4b11cf99ef8f6c3779f8fb8744ef3b15ccef90,data
data/raw/revision_20260914/epsilon_01/config.json,1740,86ba972524ed48b6fa3c4511f348a76c45cff6cae4ec994c8f6c686bcca29403,data
data/raw/revision_20260914/epsilon_01/diagnostic_model.npz,4299,6b1eda8c6cd83851bfa9dbc005199d101ca0f42ec869b5141bdffbd0755932a5,data
data/raw/revision_20260914/epsilon_01/environment.json,371,a2a6726c88cb4941646df36590df411a75392c84ca3644ce1da3ffd9e5419939,data
data/raw/revision_20260914/epsilon_01/environment_continuation.json,372,5770b151602504f14fe7477840df32230efa27603787bdf692768f0c45bf1689,data
data/raw/revision_20260914/epsilon_01/history.csv,59778,44d9b4a24b5418b679848bff4a17ccb5d2d450a0505eb4d5439cc38453026241,data
data/raw/revision_20260914/epsilon_01/log.txt,5203,a55a50aa0c74b21daac8d833b2d245e322a10eca6d932bfbcd04e43be8bdc151,data
data/raw/revision_20260914/epsilon_01/model.npz,4299,6b1eda8c6cd83851bfa9dbc005199d101ca0f42ec869b5141bdffbd0755932a5,data
data/raw/revision_20260914/epsilon_01/parent_summary.json,4926,b01ad16017faac86d4caa9c0cc720b331196cecda0b925f4e52ae2fad3b05233,data
data/raw/revision_20260914/epsilon_01/pool_manifest.json,643,bc2b8ca872b2a78b8d7364413d5738b84039f16bd58ece8c9bed15bb28791ddf,data
data/raw/revision_20260914/epsilon_01/protocol_sha256.txt,65,4d24bf2efa0715f3c23256dccd324b547a2cefd32f8de07964fadc7e2132a039,data
data/raw/revision_20260914/epsilon_01/reference_pool.npz,25186,29d76a5ab0c7d743ee36406a6b69ea5707773ecea40492fe89eac5852c32d58d,data
data/raw/revision_20260914/epsilon_01/states/accepted_0001.npz,2142,cc99c66abaeacb09d92d492e8a2445a826a19ca745eaf4ba46c512ff1149ee1a,data
data/raw/revision_20260914/epsilon_01/states/accepted_0002.npz,2179,1f840022f675e83edeff9a83ff0aa9c5b2726b562d6f5703fedcd82acf29b80e,data
data/raw/revision_20260914/epsilon_01/states/accepted_0003.npz,2213,a024b1b82243e88acb32f060fc1cb05d187e27ce56c2cd36fcd3297f14384e70,data
data/raw/revision_20260914/epsilon_01/states/accepted_0004.npz,2248,4acfa25fba674d35bd69f43574e49c67103f1a9ba23cfd852bdf70a3d7cc8794,data
data/raw/revision_20260914/epsilon_01/states/accepted_0005.npz,2282,d415b22e281075c3660618358331ce7ef18bcd63c23285502219318adaf10b19,data
data/raw/revision_20260914/epsilon_01/states/accepted_0006.npz,2316,114fd5d0c0bb3b474fef1ec62d1ed55c8fce99356420065e3786d77ea819658a,data
data/raw/revision_20260914/epsilon_01/states/accepted_0007.npz,2351,6297e717254a3160063165dbcc06c470918391250d8dcabfd99ac84440e13883,data
data/raw/revision_20260914/epsilon_01/states/accepted_0008.npz,2385,9655ebc0fa0abf4ea34fafd84fd570a4305b3bf4edf43bcd31793600695c7ba4,data
data/raw/revision_20260914/epsilon_01/states/accepted_0009.npz,2420,46eb9257933c319785241a068a70e07781b70f32d49cbc6a73ce3e6274687d84,data
data/raw/revision_20260914/epsilon_01/states/accepted_0010.npz,2458,7561d3e8e1716885b6b5c4098744e73cf6cedc4a704160433801dc1f78003a1b,data
data/raw/revision_20260914/epsilon_01/states/accepted_0011.npz,2493,1a8862f1adeb9d7e2976ff3a3fb5f49e904642d478d8ccf0d676521428de0d47,data
data/raw/revision_20260914/epsilon_01/states/accepted_0012.npz,2528,c77f1454d1f78add65bd1efc29cdd5bd3b8d8b3601a26ab9dd5c02633d3f01af,data
data/raw/revision_20260914/epsilon_01/states/accepted_0013.npz,2560,f9a61c656413988557104e6a1fd27b5142e9a26e721e64c0c09f77c41846623c,data
data/raw/revision_20260914/epsilon_01/states/accepted_0014.npz,2593,7897f99a09fcc150618a4f9e67d97d2cc1d23845a8cee7468da03ad48e8d9498,data
data/raw/revision_20260914/epsilon_01/states/accepted_0015.npz,2630,636fea9d23b98527ae052d271f5e9a44548f3fe0af37b413fc5dca5a9bf53188,data
data/raw/revision_20260914/epsilon_01/states/accepted_0016.npz,2664,bb94d17f0788c6adb3e85c5d22bb37aa4029a84596ef4c520fd07412bfcc8d4c,data
data/raw/revision_20260914/epsilon_01/states/accepted_0017.npz,2700,4ad9ddecdf8525ea35cf2baa86b2a5c0638b19254400cd7f81e4b3d66d28ae28,data
data/raw/revision_20260914/epsilon_01/states/accepted_0018.npz,2735,1fa63a5b69d1d853accd70917e9b625bb1430de07688bc374db63e3767f28dc0,data
data/raw/revision_20260914/epsilon_01/states/accepted_0019.npz,2765,ebb48af52870454b23649713e9ed108fd666e39c01779ca954fc8802b139ac72,data
data/raw/revision_20260914/epsilon_01/states/accepted_0020.npz,2801,ef4cac7de2dacbaf63e37d13bdca98d1e7aff16503f821aac1401b65ad75ab65,data
data/raw/revision_20260914/epsilon_01/states/accepted_0021.npz,2834,2ae50900389aa167cfcb6105d3caf71262f337a333bdf47916307e630f833591,data
data/raw/revision_20260914/epsilon_01/states/accepted_0022.npz,2868,b5f9fa4c12e0deea40446e5ee5a75709d67dd2f7c160dd1bc8211f99cfa99742,data
data/raw/revision_20260914/epsilon_01/states/accepted_0023.npz,2901,c82627c1eb31ef2e0a1484bb1f9d9dc446b0948184054793432bd8f714d3ae87,data
data/raw/revision_20260914/epsilon_01/states/accepted_0024.npz,2934,76b01acccd4a1ad92db9d59f0b35314d16bd7b67b1bca26461095519ddbdeec0,data
data/raw/revision_20260914/epsilon_01/states/accepted_0025.npz,2969,28fb25d7f88c49dbd20401f90a089e0ca7164d9592821d2b945e3dc57a1eed61,data
data/raw/revision_20260914/epsilon_01/states/accepted_0026.npz,3001,32b8633ec682ea13a08bea1719e518599917f65571481af06a830960712be54a,data
data/raw/revision_20260914/epsilon_01/states/accepted_0027.npz,3035,33c496a3d1e94fd42af782d7d30bead47678c57cb7317d77b901c7354f538099,data
data/raw/revision_20260914/epsilon_01/states/accepted_0028.npz,3069,22fe18e0fdfa00d22d0ad1ac37c69d662e2b91e4bcbbf8b19e4ebd9878e63d8b,data
data/raw/revision_20260914/epsilon_01/states/accepted_0029.npz,3103,1493099ffd4122f3f9a38ca7dd5f6fd69a355b92e4368d0ee5892c384bc04e44,data
data/raw/revision_20260914/epsilon_01/states/accepted_0030.npz,3139,ad7b678bc6c7bca4c10b818ef4c1a7e64563525bed8c60852a8667f23b1a21f9,data
data/raw/revision_20260914/epsilon_01/states/accepted_0031.npz,3172,0bf6a8897f7da86a1bd3e94db6d47b773eca14a840525fde07bdc3702b372cf8,data
data/raw/revision_20260914/epsilon_01/states/accepted_0032.npz,3204,1bbbe1a73c0ffbdb2755c7eb1933ddc195f87075648fc635b9d650cda874eec2,data
data/raw/revision_20260914/epsilon_01/states/accepted_0033.npz,3241,d8f3dc50592e9e283106c1d1bd85d59ba7b6825db729b24ea51d5de52d3fda13,data
data/raw/revision_20260914/epsilon_01/states/accepted_0034.npz,3275,d30e8cbe8d68857ef02dcbe50bc61e349111e2a8eaf911fd44692f507216e901,data
data/raw/revision_20260914/epsilon_01/states/accepted_0035.npz,3307,dedf710784b557247d808c3981539d46cf0fa2b4cc30816a325c30d067a08ebd,data
data/raw/revision_20260914/epsilon_01/states/accepted_0036.npz,3341,a51cc07ff7b2e65d68fa99a169fc41a91f8d4bb9a8ad74b2a853830d809d2160,data
data/raw/revision_20260914/epsilon_01/states/accepted_0037.npz,3377,e292b0abcd34713212c8765e0ae8143b2b7e3518641c0b6502e6f16f27e848f7,data
data/raw/revision_20260914/epsilon_01/states/accepted_0038.npz,3413,61dc27b78411be4764bc46a903ef653a639aae34e5018e3445eaf7c5e16e7c58,data
data/raw/revision_20260914/epsilon_01/states/accepted_0039.npz,3445,b86ff7689fd8f6f04d35bd6be1e690b7247ce56558e8468ace43c9a9f981ee17,data
data/raw/revision_20260914/epsilon_01/states/accepted_0040.npz,3479,bc4b3408a86f8955353f813b4891df8c42303481ecd8ada027395b8266e6e48d,data
data/raw/revision_20260914/epsilon_01/states/accepted_0041.npz,3514,80b8f1ab16eca9b4efaf533baebbafc573af5bbc4b3e2c6b068d9faee549a5b0,data
data/raw/revision_20260914/epsilon_01/states/accepted_0042.npz,3548,a024e0527c12057dea51902c4ee44c0349657c5ce682bbabfd4de8c00aa08c39,data
data/raw/revision_20260914/epsilon_01/states/accepted_0043.npz,3581,496fa346b82af391fc7a981c465d84a1cc4c0aed7e177de435f05927f77f826b,data
data/raw/revision_20260914/epsilon_01/states/accepted_0044.npz,3613,92d65410be254b232ae5d4fd5ffbab7acd282c26e92232dece8586a877558651,data
data/raw/revision_20260914/epsilon_01/states/accepted_0045.npz,3650,30c76e8fee9e891c52b19d00a92056ce5f74e84c6bbfb5ddfee45f3b81d03ddc,data
data/raw/revision_20260914/epsilon_01/states/accepted_0046.npz,3682,778cdcea5bf8264e9be8e6d266be2de3db977dfebd2a46bcef0ffc6866ca81ac,data
data/raw/revision_20260914/epsilon_01/states/accepted_0047.npz,3719,299b33a27445eef9ae81759f917c1bbcb127f5282adf7a2f8f80c8f68809eaf7,data
data/raw/revision_20260914/epsilon_01/states/accepted_0048.npz,3754,6190651a0318a8bc7c0cc17f31bfa2a600b7297d8550872227464393c902a870,data
data/raw/revision_20260914/epsilon_01/states/accepted_0049.npz,3785,d70d3c64deda4dd543a9e7141019ab2630f38025fc5998324af5d7380bad4b7d,data
data/raw/revision_20260914/epsilon_01/states/accepted_0050.npz,3822,69d3d006ca3274758dc84e394d6c9aa59c9ccbe7139b035c5ac50c803d2b318f,data
data/raw/revision_20260914/epsilon_01/states/accepted_0051.npz,3857,4fb89d5ab1a48fb4d923fb30085709d4a6f6e56677d146bf72924e7386e75bf4,data
data/raw/revision_20260914/epsilon_01/states/accepted_0052.npz,3892,b272aeb6a15a20f1918bd35cc0356f72714114a1a90e65f7fdc7d1b9d3cb1f95,data
data/raw/revision_20260914/epsilon_01/states/accepted_0053.npz,3924,c68ffe01041014ada033d6e2a4e713721c432f7e358913bb9e0447fb5f46c5e6,data
data/raw/revision_20260914/epsilon_01/states/accepted_0054.npz,3962,9b5fba7b97fb9a9cf9de82fc53fc962ac1fd4102ea499b264165d1535b6e9ab3,data
data/raw/revision_20260914/epsilon_01/states/accepted_0055.npz,3993,40194aebb32ab89fcd34babe092f0a2808e33b2d9823e867b9b06a4aa33b76e4,data
data/raw/revision_20260914/epsilon_01/states/accepted_0056.npz,4026,609024f55e9b1ecbc4eb110ba33a40dfa8d7bf8ccd63c07f976be96c1431f30b,data
data/raw/revision_20260914/epsilon_01/states/accepted_0057.npz,4064,9a472dc7acc3a0a641ba8ee9f987b1737d959c055f6bd5529a5c34d55c193581,data
data/raw/revision_20260914/epsilon_01/states/accepted_0058.npz,4098,b0b8d2ea0eb6e5eceaf39fd860997bf07733f63f7fd198c2f814b10424a645f0,data
data/raw/revision_20260914/epsilon_01/states/accepted_0059.npz,4131,8e4c531a892878303dcb11a2f23bc90ecb8807c367d7c3fc442895350180ec63,data
data/raw/revision_20260914/epsilon_01/states/accepted_0060.npz,4163,879a985fbf2d4bffa1cb2ade89a2896a0b81145b55cec85bf7c2f85b391f56ae,data
data/raw/revision_20260914/epsilon_01/states/accepted_0061.npz,4200,52b68e4b21ac6ee3954290ab17a2b1da29d8ac27ca5618206e54a27cb7b38a5d,data
data/raw/revision_20260914/epsilon_01/states/accepted_0062.npz,4235,375fa6cd006c97ea18df78f5e6706875ec14643aa8bd951d2d8557a07368ab35,data
data/raw/revision_20260914/epsilon_01/states/accepted_0063.npz,4268,951285d3f0c20a3edca1f429f753cda357f5df547324eb2717ea9e325dbbe94f,data
data/raw/revision_20260914/epsilon_01/states/accepted_0064.npz,4299,6b1eda8c6cd83851bfa9dbc005199d101ca0f42ec869b5141bdffbd0755932a5,data
data/raw/revision_20260914/epsilon_01/summary.json,4793,3037460733f12e847dd47c638ab2a99ed74904fea721eeec465a9560512324c8,data
data/raw/revision_20260914/epsilon_01/trusted_model.npz,4299,6b1eda8c6cd83851bfa9dbc005199d101ca0f42ec869b5141bdffbd0755932a5,data
data/raw/sensitivity/base_pure/pure_p_p4_k3_d1_neumann_stratified_breakpoint_lbfgs_seed0201_20260907T084318+0800/candidate_pool.npz,13844,bb1587f6be7a17cbf7768a56cd19c3052e879896bcf7e5e2425b8aba2867e502,data
data/raw/sensitivity/base_pure/pure_p_p4_k3_d1_neumann_stratified_breakpoint_lbfgs_seed0201_20260907T084318+0800/checkpoint.npz,3711,9ea3f331dc0318f45a0460a80bb70b9e4dd7e23bc5208820b4c7c750ef8a7264,data
data/raw/sensitivity/base_pure/pure_p_p4_k3_d1_neumann_stratified_breakpoint_lbfgs_seed0201_20260907T084318+0800/command.txt,74,234cee691bb66a8034d73a2435d3e1c0a829d3febfe48c634a5ec90561032173,data
data/raw/sensitivity/base_pure/pure_p_p4_k3_d1_neumann_stratified_breakpoint_lbfgs_seed0201_20260907T084318+0800/config.json,1734,b767f1cc2a586b054cfe810db3cb51fb84ae53c230d99d9f24467f45cc200669,data
data/raw/sensitivity/base_pure/pure_p_p4_k3_d1_neumann_stratified_breakpoint_lbfgs_seed0201_20260907T084318+0800/diagnostic_model.npz,3195,3e825d4a131717f7b5a7db8ad15332cb2fb31dce1d6a3da961fcef8f46a56d32,data
data/raw/sensitivity/base_pure/pure_p_p4_k3_d1_neumann_stratified_breakpoint_lbfgs_seed0201_20260907T084318+0800/environment.json,371,3c5cb0957fd268c7c4eb30e26f0b6a13faccdc5c75ef0c7092158d8605ac5b3d,data
data/raw/sensitivity/base_pure/pure_p_p4_k3_d1_neumann_stratified_breakpoint_lbfgs_seed0201_20260907T084318+0800/history.csv,30837,3da8885406067e143bc145fdad5d1cf191fbf7fe7f8161fb14e7abbe3f235f94,data
data/raw/sensitivity/base_pure/pure_p_p4_k3_d1_neumann_stratified_breakpoint_lbfgs_seed0201_20260907T084318+0800/log.txt,2842,51c81eb2f04f9468ebe4772a6753256ae269ad2a6c5618b797c491a54c0b53ee,data
data/raw/sensitivity/base_pure/pure_p_p4_k3_d1_neumann_stratified_breakpoint_lbfgs_seed0201_20260907T084318+0800/model.npz,3195,3e825d4a131717f7b5a7db8ad15332cb2fb31dce1d6a3da961fcef8f46a56d32,data
data/raw/sensitivity/base_pure/pure_p_p4_k3_d1_neumann_stratified_breakpoint_lbfgs_seed0201_20260907T084318+0800/pool_manifest.json,643,bc2b8ca872b2a78b8d7364413d5738b84039f16bd58ece8c9bed15bb28791ddf,data
data/raw/sensitivity/base_pure/pure_p_p4_k3_d1_neumann_stratified_breakpoint_lbfgs_seed0201_20260907T084318+0800/reference_pool.npz,25186,29d76a5ab0c7d743ee36406a6b69ea5707773ecea40492fe89eac5852c32d58d,data
data/raw/sensitivity/base_pure/pure_p_p4_k3_d1_neumann_stratified_breakpoint_lbfgs_seed0201_20260907T084318+0800/states/accepted_0001.npz,2124,d46333f531cfc10f7da05c1cf35ea4fbb86c039fd4690f7af0a930f195f7f1c2,data
data/raw/sensitivity/base_pure/pure_p_p4_k3_d1_neumann_stratified_breakpoint_lbfgs_seed0201_20260907T084318+0800/states/accepted_0002.npz,2162,9c17eeb9ca848c6dc40c3c8cef49b3e308e054eac4bb024e47fe2c77a19455e7,data
data/raw/sensitivity/base_pure/pure_p_p4_k3_d1_neumann_stratified_breakpoint_lbfgs_seed0201_20260907T084318+0800/states/accepted_0003.npz,2197,1f5a80c73c3d293e1615725778effec252f51dbb5b7b72480d651b735b292069,data
data/raw/sensitivity/base_pure/pure_p_p4_k3_d1_neumann_stratified_breakpoint_lbfgs_seed0201_20260907T084318+0800/states/accepted_0004.npz,2231,993339f4b3fdd87ad387f52adfa84fffb639e24d1e38710091345f32235ce596,data
data/raw/sensitivity/base_pure/pure_p_p4_k3_d1_neumann_stratified_breakpoint_lbfgs_seed0201_20260907T084318+0800/states/accepted_0005.npz,2265,2e30bdfd6c709f01f6ba618f9984a899c4cd455b7362f60a0a486ebc13f5dbdb,data
data/raw/sensitivity/base_pure/pure_p_p4_k3_d1_neumann_stratified_breakpoint_lbfgs_seed0201_20260907T084318+0800/states/accepted_0006.npz,2299,36821ce38462a5faf5b90fc7684abb9abe1e1979f71d20024a214c33332d012c,data
data/raw/sensitivity/base_pure/pure_p_p4_k3_d1_neumann_stratified_breakpoint_lbfgs_seed0201_20260907T084318+0800/states/accepted_0007.npz,2333,b145e2512fc27d79dd1b924a9e78f1da6f0e57730fa522956a9ea1bcb1416672,data
data/raw/sensitivity/base_pure/pure_p_p4_k3_d1_neumann_stratified_breakpoint_lbfgs_seed0201_20260907T084318+0800/states/accepted_0008.npz,2368,d3c575e94d940fa29a3cd38d36feaec5ade6227049783b96dad2cef9a00acb35,data
data/raw/sensitivity/base_pure/pure_p_p4_k3_d1_neumann_stratified_breakpoint_lbfgs_seed0201_20260907T084318+0800/states/accepted_0009.npz,2403,fc933af8b89b26d97142cc4162c79beee7abfcd654a090ba452d26c8c96857ad,data
data/raw/sensitivity/base_pure/pure_p_p4_k3_d1_neumann_stratified_breakpoint_lbfgs_seed0201_20260907T084318+0800/states/accepted_0010.npz,2443,00181fe566e91d557cb26d5e55924f8824c1b2db0c97cba6b6f021d18564436f,data
data/raw/sensitivity/base_pure/pure_p_p4_k3_d1_neumann_stratified_breakpoint_lbfgs_seed0201_20260907T084318+0800/states/accepted_0011.npz,2476,f9790c731a6b4a7e576bec2862ce40688cd28d8d366b36d0755f60b5870bcb48,data
data/raw/sensitivity/base_pure/pure_p_p4_k3_d1_neumann_stratified_breakpoint_lbfgs_seed0201_20260907T084318+0800/states/accepted_0012.npz,2509,cd9c36dfccd6bffadeda6dd763cf3ed24b67ae6d4aeac031e6be0ba18290d5ae,data
data/raw/sensitivity/base_pure/pure_p_p4_k3_d1_neumann_stratified_breakpoint_lbfgs_seed0201_20260907T084318+0800/states/accepted_0013.npz,2544,95974bb28ab613d13127436769fd21da8bbc8e9dfbb2478b634ba2301c90b4ce,data
data/raw/sensitivity/base_pure/pure_p_p4_k3_d1_neumann_stratified_breakpoint_lbfgs_seed0201_20260907T084318+0800/states/accepted_0014.npz,2578,588ded85fa45b791e5036de5bf3246db56b440c7e1a241955dbb106092eb1ecc,data
data/raw/sensitivity/base_pure/pure_p_p4_k3_d1_neumann_stratified_breakpoint_lbfgs_seed0201_20260907T084318+0800/states/accepted_0015.npz,2613,af7882feef3105c83891a95e89e4a9dfaa50986bc6742b979acf771b3cc85269,data
data/raw/sensitivity/base_pure/pure_p_p4_k3_d1_neumann_stratified_breakpoint_lbfgs_seed0201_20260907T084318+0800/states/accepted_0016.npz,2647,225fe158b589d455f4309b463cfbda40ca292e697b7f70e66419a460270800cc,data
data/raw/sensitivity/base_pure/pure_p_p4_k3_d1_neumann_stratified_breakpoint_lbfgs_seed0201_20260907T084318+0800/states/accepted_0017.npz,2685,1b24f0fe96a14b93e6a34287b01f88c5b6a673c4ed663329c1481682ac746fb3,data
data/raw/sensitivity/base_pure/pure_p_p4_k3_d1_neumann_stratified_breakpoint_lbfgs_seed0201_20260907T084318+0800/states/accepted_0018.npz,2717,2062394f29e7104c53a32b98538c920d5a1ba576736b763f8a6b7157289c2bc4,data
data/raw/sensitivity/base_pure/pure_p_p4_k3_d1_neumann_stratified_breakpoint_lbfgs_seed0201_20260907T084318+0800/states/accepted_0019.npz,2752,e793566fc2a53e775f16828596decba5476f9a784260592fba14e3b03a1fd5d3,data
data/raw/sensitivity/base_pure/pure_p_p4_k3_d1_neumann_stratified_breakpoint_lbfgs_seed0201_20260907T084318+0800/states/accepted_0020.npz,2784,f4ec2b724cccf71b1ad75d2771c6d81300de1a8abeea4fb00cc72c8daf6c992f,data
data/raw/sensitivity/base_pure/pure_p_p4_k3_d1_neumann_stratified_breakpoint_lbfgs_seed0201_20260907T084318+0800/states/accepted_0021.npz,2819,8a26f7c09233b680047c2e8e3a45ee3a55938aae641d727a2ef76c1d137ddc3d,data
data/raw/sensitivity/base_pure/pure_p_p4_k3_d1_neumann_stratified_breakpoint_lbfgs_seed0201_20260907T084318+0800/states/accepted_0022.npz,2855,7cf1e756429469c0a1ceed056f5a5526c53670294fb1cd7fa0e935a0e5e0c0d2,data
data/raw/sensitivity/base_pure/pure_p_p4_k3_d1_neumann_stratified_breakpoint_lbfgs_seed0201_20260907T084318+0800/states/accepted_0023.npz,2889,b57918bfa05eaf5f94366ef70acd7c7971269a03bfe6b64abb01f173c5b09d20,data
data/raw/sensitivity/base_pure/pure_p_p4_k3_d1_neumann_stratified_breakpoint_lbfgs_seed0201_20260907T084318+0800/states/accepted_0024.npz,2922,fca90d95cb5c57c143576ae2cb0cafe060eafd86e937435889929ba97e4b6332,data
data/raw/sensitivity/base_pure/pure_p_p4_k3_d1_neumann_stratified_breakpoint_lbfgs_seed0201_20260907T084318+0800/states/accepted_0025.npz,2957,255f4f4ad7da575a4d541a9fbfec8402bba9496635c2a07b61e19f4faccb4741,data
data/raw/sensitivity/base_pure/pure_p_p4_k3_d1_neumann_stratified_breakpoint_lbfgs_seed0201_20260907T084318+0800/states/accepted_0026.npz,2989,232011bc1886b99254113689f92b0f6f5fae89fb8a6fc00001635206b46f20f7,data
data/raw/sensitivity/base_pure/pure_p_p4_k3_d1_neumann_stratified_breakpoint_lbfgs_seed0201_20260907T084318+0800/states/accepted_0027.npz,3024,01b1eb24df56578862dd74d9559a1c2e3f4cd7d82180b48b371f45f0a0d71f94,data
data/raw/sensitivity/base_pure/pure_p_p4_k3_d1_neumann_stratified_breakpoint_lbfgs_seed0201_20260907T084318+0800/states/accepted_0028.npz,3056,82af67288b26d6e2fd43446afff89d9e7abd5bcc56d5b5312b440d4e08c48697,data
data/raw/sensitivity/base_pure/pure_p_p4_k3_d1_neumann_stratified_breakpoint_lbfgs_seed0201_20260907T084318+0800/states/accepted_0029.npz,3092,db496a86f902be239ddf815254f1686a42c8e80503e6aacf46c864311a446419,data
data/raw/sensitivity/base_pure/pure_p_p4_k3_d1_neumann_stratified_breakpoint_lbfgs_seed0201_20260907T084318+0800/states/accepted_0030.npz,3127,10440c8ce5eddf6555433df04894eebab8f0902e71dd8165ebe427bc2936eeaf,data
data/raw/sensitivity/base_pure/pure_p_p4_k3_d1_neumann_stratified_breakpoint_lbfgs_seed0201_20260907T084318+0800/states/accepted_0031.npz,3159,52d05dc451a0cf0ae2c3f1c50419d6601976816b5e3d6d9c641c3fac561fbb9d,data
data/raw/sensitivity/base_pure/pure_p_p4_k3_d1_neumann_stratified_breakpoint_lbfgs_seed0201_20260907T084318+0800/states/accepted_0032.npz,3195,3e825d4a131717f7b5a7db8ad15332cb2fb31dce1d6a3da961fcef8f46a56d32,data
data/raw/sensitivity/base_pure/pure_p_p4_k3_d1_neumann_stratified_breakpoint_lbfgs_seed0201_20260907T084318+0800/summary.json,4887,0624d9711b59be024dbda0ed1a553f9b7b6fac8249229cab839b3c6954557939,data
data/raw/sensitivity/base_pure/pure_p_p4_k3_d1_neumann_stratified_breakpoint_lbfgs_seed0201_20260907T084318+0800/trusted_model.npz,3195,3e825d4a131717f7b5a7db8ad15332cb2fb31dce1d6a3da961fcef8f46a56d32,data
data/raw/sensitivity/epsilon_001/regularized_p_p4_k3_d1_neumann_stratified_breakpoint_lbfgs_seed0201_20260907T084325+0800/candidate_pool.npz,13844,bb1587f6be7a17cbf7768a56cd19c3052e879896bcf7e5e2425b8aba2867e502,data
data/raw/sensitivity/epsilon_001/regularized_p_p4_k3_d1_neumann_stratified_breakpoint_lbfgs_seed0201_20260907T084325+0800/checkpoint.npz,3710,fc8df86a264c5d66e97c94741c17c2169f3d753eff88ff858e38e6a89802fa2b,data
data/raw/sensitivity/epsilon_001/regularized_p_p4_k3_d1_neumann_stratified_breakpoint_lbfgs_seed0201_20260907T084325+0800/command.txt,76,29d61e458b9663ae5aff8beb0ddd031ef1a9b526a792bd6839252df17f2f71bb,data
data/raw/sensitivity/epsilon_001/regularized_p_p4_k3_d1_neumann_stratified_breakpoint_lbfgs_seed0201_20260907T084325+0800/config.json,1743,b38e2c4d006ff81be9d0c3e89cb7cc387ec1f89427b209d91fe85b5754a03711,data
data/raw/sensitivity/epsilon_001/regularized_p_p4_k3_d1_neumann_stratified_breakpoint_lbfgs_seed0201_20260907T084325+0800/diagnostic_model.npz,3208,5f8a2ecbf0e3af43d299d9f376fc2f3820eace0eae6420931cfe5c40b778c29c,data
data/raw/sensitivity/epsilon_001/regularized_p_p4_k3_d1_neumann_stratified_breakpoint_lbfgs_seed0201_20260907T084325+0800/environment.json,371,8eccbcf806938d9239b764fac4141ea16617545c16992f9856bfcbac315606e0,data
data/raw/sensitivity/epsilon_001/regularized_p_p4_k3_d1_neumann_stratified_breakpoint_lbfgs_seed0201_20260907T084325+0800/history.csv,30131,0bd16ea221d0f9caafd5eec5184871562b5a6230d3a43f45a13a1c37f4a63965,data
data/raw/sensitivity/epsilon_001/regularized_p_p4_k3_d1_neumann_stratified_breakpoint_lbfgs_seed0201_20260907T084325+0800/log.txt,2756,accb6deb50fe418f550ba3518fcbdf60699f51e29a4ba4970a44d5dace96a2bb,data
data/raw/sensitivity/epsilon_001/regularized_p_p4_k3_d1_neumann_stratified_breakpoint_lbfgs_seed0201_20260907T084325+0800/model.npz,3208,5f8a2ecbf0e3af43d299d9f376fc2f3820eace0eae6420931cfe5c40b778c29c,data
data/raw/sensitivity/epsilon_001/regularized_p_p4_k3_d1_neumann_stratified_breakpoint_lbfgs_seed0201_20260907T084325+0800/pool_manifest.json,643,bc2b8ca872b2a78b8d7364413d5738b84039f16bd58ece8c9bed15bb28791ddf,data
data/raw/sensitivity/epsilon_001/regularized_p_p4_k3_d1_neumann_stratified_breakpoint_lbfgs_seed0201_20260907T084325+0800/reference_pool.npz,25186,29d76a5ab0c7d743ee36406a6b69ea5707773ecea40492fe89eac5852c32d58d,data
data/raw/sensitivity/epsilon_001/regularized_p_p4_k3_d1_neumann_stratified_breakpoint_lbfgs_seed0201_20260907T084325+0800/states/accepted_0001.npz,2144,5147695bd18c8695d2e04dd45b2ea75ada54031f946296862345f03c69a4db75,data
data/raw/sensitivity/epsilon_001/regularized_p_p4_k3_d1_neumann_stratified_breakpoint_lbfgs_seed0201_20260907T084325+0800/states/accepted_0002.npz,2180,135376f72f1647e998afe174285071b446ee5451bbee56fc93822a0a5387fe78,data
data/raw/sensitivity/epsilon_001/regularized_p_p4_k3_d1_neumann_stratified_breakpoint_lbfgs_seed0201_20260907T084325+0800/states/accepted_0003.npz,2216,309893164fc06fd30244e80d058ca3a63872e54d30c913c82bc0d0cf205c04a2,data
data/raw/sensitivity/epsilon_001/regularized_p_p4_k3_d1_neumann_stratified_breakpoint_lbfgs_seed0201_20260907T084325+0800/states/accepted_0004.npz,2250,043d139a9ed4def33bf6cf4e766641533e67fe5c7aae1d954b98b3bd455a77ba,data
data/raw/sensitivity/epsilon_001/regularized_p_p4_k3_d1_neumann_stratified_breakpoint_lbfgs_seed0201_20260907T084325+0800/states/accepted_0005.npz,2285,8fbd01bd8f52da6ce3b89181ae8bd8d91f6e71fb6560962b4d1611ed32d2eacb,data
data/raw/sensitivity/epsilon_001/regularized_p_p4_k3_d1_neumann_stratified_breakpoint_lbfgs_seed0201_20260907T084325+0800/states/accepted_0006.npz,2318,f2d7bd0749a6501700538eeb0263290f9a61ea52e8295f0831078892ad58e47b,data
data/raw/sensitivity/epsilon_001/regularized_p_p4_k3_d1_neumann_stratified_breakpoint_lbfgs_seed0201_20260907T084325+0800/states/accepted_0007.npz,2353,6ca111ebb2064f06d863c5412275d01206b41dd70ca28c1e045102f8168790e9,data
data/raw/sensitivity/epsilon_001/regularized_p_p4_k3_d1_neumann_stratified_breakpoint_lbfgs_seed0201_20260907T084325+0800/states/accepted_0008.npz,2387,9cb0d41938ffc415d532452e77e3d6c52982fb8ec7eecc11e933d6abd7dc6acb,data
data/raw/sensitivity/epsilon_001/regularized_p_p4_k3_d1_neumann_stratified_breakpoint_lbfgs_seed0201_20260907T084325+0800/states/accepted_0009.npz,2422,6e78c9d9d2a40bc9fd1d5306b9ef1890ab807c8082d2c3f88330f8933df434d7,data
data/raw/sensitivity/epsilon_001/regularized_p_p4_k3_d1_neumann_stratified_breakpoint_lbfgs_seed0201_20260907T084325+0800/states/accepted_0010.npz,2459,5b577758b2a81a5b87df2c60206a7a329a0ad98384245874ca162ffea937ed20,data
data/raw/sensitivity/epsilon_001/regularized_p_p4_k3_d1_neumann_stratified_breakpoint_lbfgs_seed0201_20260907T084325+0800/states/accepted_0011.npz,2495,c5cb6c94e58a0ebb0ce3e25015257760a73dc2dc1b21652120c69bf0e07fddbd,data
data/raw/sensitivity/epsilon_001/regularized_p_p4_k3_d1_neumann_stratified_breakpoint_lbfgs_seed0201_20260907T084325+0800/states/accepted_0012.npz,2530,0e95684d78429027a56d30f6de942827911ec82fb798f2f3658d30a9dd31945f,data
data/raw/sensitivity/epsilon_001/regularized_p_p4_k3_d1_neumann_stratified_breakpoint_lbfgs_seed0201_20260907T084325+0800/states/accepted_0013.npz,2563,9b3e4b47d2c63077a407647ee8dd1144ecc461dbdc73e93a68aeb9c80288d183,data
data/raw/sensitivity/epsilon_001/regularized_p_p4_k3_d1_neumann_stratified_breakpoint_lbfgs_seed0201_20260907T084325+0800/states/accepted_0014.npz,2596,67ca71d85e9b05391bf5b0f260f32a9166bad0217aadf46a5f1b0c35c10ff273,data
data/raw/sensitivity/epsilon_001/regularized_p_p4_k3_d1_neumann_stratified_breakpoint_lbfgs_seed0201_20260907T084325+0800/states/accepted_0015.npz,2633,3a57e340ebf8ff37843f3e1ddb660546d55f4e05575760b72c6582db476a5951,data
data/raw/sensitivity/epsilon_001/regularized_p_p4_k3_d1_neumann_stratified_breakpoint_lbfgs_seed0201_20260907T084325+0800/states/accepted_0016.npz,2666,407be3e6160f909ab310f0614491b4682c720322a55565c9e0e6fe68f8ba8ee1,data
data/raw/sensitivity/epsilon_001/regularized_p_p4_k3_d1_neumann_stratified_breakpoint_lbfgs_seed0201_20260907T084325+0800/states/accepted_0017.npz,2701,8c4a17b4226d72022eed76fecb2476ee5e85943412f46cc577ec53896fee2ad7,data
data/raw/sensitivity/epsilon_001/regularized_p_p4_k3_d1_neumann_stratified_breakpoint_lbfgs_seed0201_20260907T084325+0800/states/accepted_0018.npz,2735,3b9dc4019fda33478f123bc45f522c502f171cd14e6f9f0e6619d28949ae56cd,data
data/raw/sensitivity/epsilon_001/regularized_p_p4_k3_d1_neumann_stratified_breakpoint_lbfgs_seed0201_20260907T084325+0800/states/accepted_0019.npz,2769,6029d2e4ed70a5b92c1a6def0160f4a74231366580c36c25e36942f287096a09,data
data/raw/sensitivity/epsilon_001/regularized_p_p4_k3_d1_neumann_stratified_breakpoint_lbfgs_seed0201_20260907T084325+0800/states/accepted_0020.npz,2804,4019fbe4172f65b6452fc056881d8373d4192080dad60290a5d57dacdabf9dfa,data
data/raw/sensitivity/epsilon_001/regularized_p_p4_k3_d1_neumann_stratified_breakpoint_lbfgs_seed0201_20260907T084325+0800/states/accepted_0021.npz,2837,70c65bb15f7c30eb738f49f1f5cc409f13beb17ef9811060dbeebed1fca8ea1a,data
data/raw/sensitivity/epsilon_001/regularized_p_p4_k3_d1_neumann_stratified_breakpoint_lbfgs_seed0201_20260907T084325+0800/states/accepted_0022.npz,2870,0e20794d517882a8585046b6c67188df97797208ac08e6260d86b7b541939e55,data
data/raw/sensitivity/epsilon_001/regularized_p_p4_k3_d1_neumann_stratified_breakpoint_lbfgs_seed0201_20260907T084325+0800/states/accepted_0023.npz,2902,b8b921ebe177b7f1c426d118f873cff7b6e80f728cf25953f6ba4d80267ebb1a,data
data/raw/sensitivity/epsilon_001/regularized_p_p4_k3_d1_neumann_stratified_breakpoint_lbfgs_seed0201_20260907T084325+0800/states/accepted_0024.npz,2937,e868d4e6530e0889f22aaea7e8755bc217c8c41d5da1f240578c6a2c810c91bf,data
data/raw/sensitivity/epsilon_001/regularized_p_p4_k3_d1_neumann_stratified_breakpoint_lbfgs_seed0201_20260907T084325+0800/states/accepted_0025.npz,2970,0e60f5cedfdd4afa9819b6ac9346ee9f89c003c9aa23c42f6f9d9a36491b5ae3,data
data/raw/sensitivity/epsilon_001/regularized_p_p4_k3_d1_neumann_stratified_breakpoint_lbfgs_seed0201_20260907T084325+0800/states/accepted_0026.npz,3004,81f0bb37a8e185f9cbbdd0ee5244b139022b91fa7c9649da40316b4a5b2d83e9,data
data/raw/sensitivity/epsilon_001/regularized_p_p4_k3_d1_neumann_stratified_breakpoint_lbfgs_seed0201_20260907T084325+0800/states/accepted_0027.npz,3037,52a7d4fd8c1be638783cd5a2cd89b700784e6c0766819538e0ab186ae826bb0b,data
data/raw/sensitivity/epsilon_001/regularized_p_p4_k3_d1_neumann_stratified_breakpoint_lbfgs_seed0201_20260907T084325+0800/states/accepted_0028.npz,3070,7ad3adcf1260acdb7df92f1df34048cfbf5636b60c28b81106264c02c0eb8517,data
data/raw/sensitivity/epsilon_001/regularized_p_p4_k3_d1_neumann_stratified_breakpoint_lbfgs_seed0201_20260907T084325+0800/states/accepted_0029.npz,3105,7ce6aed0c0a11897da16f2bd4cc11a1ba8554a25fa34b0d4b2c5067a280a41f9,data
data/raw/sensitivity/epsilon_001/regularized_p_p4_k3_d1_neumann_stratified_breakpoint_lbfgs_seed0201_20260907T084325+0800/states/accepted_0030.npz,3141,c57492d299c48694b93556aa60d3b69246dea0d3ab6561d4ca2b738bc7e888cb,data
data/raw/sensitivity/epsilon_001/regularized_p_p4_k3_d1_neumann_stratified_breakpoint_lbfgs_seed0201_20260907T084325+0800/states/accepted_0031.npz,3175,a7869b8aad5f9d076a08443d4318240036c521aafe6009a145a30ffd37c9b030,data
data/raw/sensitivity/epsilon_001/regularized_p_p4_k3_d1_neumann_stratified_breakpoint_lbfgs_seed0201_20260907T084325+0800/states/accepted_0032.npz,3208,5f8a2ecbf0e3af43d299d9f376fc2f3820eace0eae6420931cfe5c40b778c29c,data
data/raw/sensitivity/epsilon_001/regularized_p_p4_k3_d1_neumann_stratified_breakpoint_lbfgs_seed0201_20260907T084325+0800/summary.json,4935,63f074e0196529107e9e21ed198f3817b61962ae382997857543cdaea68a7cce,data
data/raw/sensitivity/epsilon_001/regularized_p_p4_k3_d1_neumann_stratified_breakpoint_lbfgs_seed0201_20260907T084325+0800/trusted_model.npz,3208,5f8a2ecbf0e3af43d299d9f376fc2f3820eace0eae6420931cfe5c40b778c29c,data
data/raw/sensitivity/epsilon_01/regularized_p_p4_k3_d1_neumann_stratified_breakpoint_lbfgs_seed0201_20260907T084318+0800/candidate_pool.npz,13844,bb1587f6be7a17cbf7768a56cd19c3052e879896bcf7e5e2425b8aba2867e502,data
data/raw/sensitivity/epsilon_01/regularized_p_p4_k3_d1_neumann_stratified_breakpoint_lbfgs_seed0201_20260907T084318+0800/checkpoint.npz,3708,49c8d91e7b5870a4db4a1189d1c97d0423cfb1a084a1bd65ed34ff25ff3a5869,data
data/raw/sensitivity/epsilon_01/regularized_p_p4_k3_d1_neumann_stratified_breakpoint_lbfgs_seed0201_20260907T084318+0800/command.txt,75,c875b735e3ee99a3f97bc5615b4b11cf99ef8f6c3779f8fb8744ef3b15ccef90,data
data/raw/sensitivity/epsilon_01/regularized_p_p4_k3_d1_neumann_stratified_breakpoint_lbfgs_seed0201_20260907T084318+0800/config.json,1741,f5bbcb2e4cc3d895979c4cd0ec8f97a6a1ddea76cb8a0ce15261709430d2de7f,data
data/raw/sensitivity/epsilon_01/regularized_p_p4_k3_d1_neumann_stratified_breakpoint_lbfgs_seed0201_20260907T084318+0800/diagnostic_model.npz,3204,1bbbe1a73c0ffbdb2755c7eb1933ddc195f87075648fc635b9d650cda874eec2,data
data/raw/sensitivity/epsilon_01/regularized_p_p4_k3_d1_neumann_stratified_breakpoint_lbfgs_seed0201_20260907T084318+0800/environment.json,371,a2a6726c88cb4941646df36590df411a75392c84ca3644ce1da3ffd9e5419939,data
data/raw/sensitivity/epsilon_01/regularized_p_p4_k3_d1_neumann_stratified_breakpoint_lbfgs_seed0201_20260907T084318+0800/history.csv,30137,327ec1f128a50a5d77ead82df41f105b5ecc6f7e24779e867fd8f93e72f56f42,data
data/raw/sensitivity/epsilon_01/regularized_p_p4_k3_d1_neumann_stratified_breakpoint_lbfgs_seed0201_20260907T084318+0800/log.txt,2766,fac5b04224ebef2645b9ea184e6b2732a453c7c7075eaa40e9aaf26601f73211,data
data/raw/sensitivity/epsilon_01/regularized_p_p4_k3_d1_neumann_stratified_breakpoint_lbfgs_seed0201_20260907T084318+0800/model.npz,3204,1bbbe1a73c0ffbdb2755c7eb1933ddc195f87075648fc635b9d650cda874eec2,data
data/raw/sensitivity/epsilon_01/regularized_p_p4_k3_d1_neumann_stratified_breakpoint_lbfgs_seed0201_20260907T084318+0800/pool_manifest.json,643,bc2b8ca872b2a78b8d7364413d5738b84039f16bd58ece8c9bed15bb28791ddf,data
data/raw/sensitivity/epsilon_01/regularized_p_p4_k3_d1_neumann_stratified_breakpoint_lbfgs_seed0201_20260907T084318+0800/reference_pool.npz,25186,29d76a5ab0c7d743ee36406a6b69ea5707773ecea40492fe89eac5852c32d58d,data
data/raw/sensitivity/epsilon_01/regularized_p_p4_k3_d1_neumann_stratified_breakpoint_lbfgs_seed0201_20260907T084318+0800/states/accepted_0001.npz,2142,cc99c66abaeacb09d92d492e8a2445a826a19ca745eaf4ba46c512ff1149ee1a,data
data/raw/sensitivity/epsilon_01/regularized_p_p4_k3_d1_neumann_stratified_breakpoint_lbfgs_seed0201_20260907T084318+0800/states/accepted_0002.npz,2179,1f840022f675e83edeff9a83ff0aa9c5b2726b562d6f5703fedcd82acf29b80e,data
data/raw/sensitivity/epsilon_01/regularized_p_p4_k3_d1_neumann_stratified_breakpoint_lbfgs_seed0201_20260907T084318+0800/states/accepted_0003.npz,2213,a024b1b82243e88acb32f060fc1cb05d187e27ce56c2cd36fcd3297f14384e70,data
data/raw/sensitivity/epsilon_01/regularized_p_p4_k3_d1_neumann_stratified_breakpoint_lbfgs_seed0201_20260907T084318+0800/states/accepted_0004.npz,2248,4acfa25fba674d35bd69f43574e49c67103f1a9ba23cfd852bdf70a3d7cc8794,data
data/raw/sensitivity/epsilon_01/regularized_p_p4_k3_d1_neumann_stratified_breakpoint_lbfgs_seed0201_20260907T084318+0800/states/accepted_0005.npz,2282,d415b22e281075c3660618358331ce7ef18bcd63c23285502219318adaf10b19,data
data/raw/sensitivity/epsilon_01/regularized_p_p4_k3_d1_neumann_stratified_breakpoint_lbfgs_seed0201_20260907T084318+0800/states/accepted_0006.npz,2316,114fd5d0c0bb3b474fef1ec62d1ed55c8fce99356420065e3786d77ea819658a,data
data/raw/sensitivity/epsilon_01/regularized_p_p4_k3_d1_neumann_stratified_breakpoint_lbfgs_seed0201_20260907T084318+0800/states/accepted_0007.npz,2351,6297e717254a3160063165dbcc06c470918391250d8dcabfd99ac84440e13883,data
data/raw/sensitivity/epsilon_01/regularized_p_p4_k3_d1_neumann_stratified_breakpoint_lbfgs_seed0201_20260907T084318+0800/states/accepted_0008.npz,2385,9655ebc0fa0abf4ea34fafd84fd570a4305b3bf4edf43bcd31793600695c7ba4,data
data/raw/sensitivity/epsilon_01/regularized_p_p4_k3_d1_neumann_stratified_breakpoint_lbfgs_seed0201_20260907T084318+0800/states/accepted_0009.npz,2420,46eb9257933c319785241a068a70e07781b70f32d49cbc6a73ce3e6274687d84,data
data/raw/sensitivity/epsilon_01/regularized_p_p4_k3_d1_neumann_stratified_breakpoint_lbfgs_seed0201_20260907T084318+0800/states/accepted_0010.npz,2458,7561d3e8e1716885b6b5c4098744e73cf6cedc4a704160433801dc1f78003a1b,data
data/raw/sensitivity/epsilon_01/regularized_p_p4_k3_d1_neumann_stratified_breakpoint_lbfgs_seed0201_20260907T084318+0800/states/accepted_0011.npz,2493,1a8862f1adeb9d7e2976ff3a3fb5f49e904642d478d8ccf0d676521428de0d47,data
data/raw/sensitivity/epsilon_01/regularized_p_p4_k3_d1_neumann_stratified_breakpoint_lbfgs_seed0201_20260907T084318+0800/states/accepted_0012.npz,2528,c77f1454d1f78add65bd1efc29cdd5bd3b8d8b3601a26ab9dd5c02633d3f01af,data
data/raw/sensitivity/epsilon_01/regularized_p_p4_k3_d1_neumann_stratified_breakpoint_lbfgs_seed0201_20260907T084318+0800/states/accepted_0013.npz,2560,f9a61c656413988557104e6a1fd27b5142e9a26e721e64c0c09f77c41846623c,data
data/raw/sensitivity/epsilon_01/regularized_p_p4_k3_d1_neumann_stratified_breakpoint_lbfgs_seed0201_20260907T084318+0800/states/accepted_0014.npz,2593,7897f99a09fcc150618a4f9e67d97d2cc1d23845a8cee7468da03ad48e8d9498,data
data/raw/sensitivity/epsilon_01/regularized_p_p4_k3_d1_neumann_stratified_breakpoint_lbfgs_seed0201_20260907T084318+0800/states/accepted_0015.npz,2630,636fea9d23b98527ae052d271f5e9a44548f3fe0af37b413fc5dca5a9bf53188,data
data/raw/sensitivity/epsilon_01/regularized_p_p4_k3_d1_neumann_stratified_breakpoint_lbfgs_seed0201_20260907T084318+0800/states/accepted_0016.npz,2664,bb94d17f0788c6adb3e85c5d22bb37aa4029a84596ef4c520fd07412bfcc8d4c,data
data/raw/sensitivity/epsilon_01/regularized_p_p4_k3_d1_neumann_stratified_breakpoint_lbfgs_seed0201_20260907T084318+0800/states/accepted_0017.npz,2700,4ad9ddecdf8525ea35cf2baa86b2a5c0638b19254400cd7f81e4b3d66d28ae28,data
data/raw/sensitivity/epsilon_01/regularized_p_p4_k3_d1_neumann_stratified_breakpoint_lbfgs_seed0201_20260907T084318+0800/states/accepted_0018.npz,2735,1fa63a5b69d1d853accd70917e9b625bb1430de07688bc374db63e3767f28dc0,data
data/raw/sensitivity/epsilon_01/regularized_p_p4_k3_d1_neumann_stratified_breakpoint_lbfgs_seed0201_20260907T084318+0800/states/accepted_0019.npz,2765,ebb48af52870454b23649713e9ed108fd666e39c01779ca954fc8802b139ac72,data
data/raw/sensitivity/epsilon_01/regularized_p_p4_k3_d1_neumann_stratified_breakpoint_lbfgs_seed0201_20260907T084318+0800/states/accepted_0020.npz,2801,ef4cac7de2dacbaf63e37d13bdca98d1e7aff16503f821aac1401b65ad75ab65,data
data/raw/sensitivity/epsilon_01/regularized_p_p4_k3_d1_neumann_stratified_breakpoint_lbfgs_seed0201_20260907T084318+0800/states/accepted_0021.npz,2834,2ae50900389aa167cfcb6105d3caf71262f337a333bdf47916307e630f833591,data
data/raw/sensitivity/epsilon_01/regularized_p_p4_k3_d1_neumann_stratified_breakpoint_lbfgs_seed0201_20260907T084318+0800/states/accepted_0022.npz,2868,b5f9fa4c12e0deea40446e5ee5a75709d67dd2f7c160dd1bc8211f99cfa99742,data
data/raw/sensitivity/epsilon_01/regularized_p_p4_k3_d1_neumann_stratified_breakpoint_lbfgs_seed0201_20260907T084318+0800/states/accepted_0023.npz,2901,c82627c1eb31ef2e0a1484bb1f9d9dc446b0948184054793432bd8f714d3ae87,data
data/raw/sensitivity/epsilon_01/regularized_p_p4_k3_d1_neumann_stratified_breakpoint_lbfgs_seed0201_20260907T084318+0800/states/accepted_0024.npz,2934,76b01acccd4a1ad92db9d59f0b35314d16bd7b67b1bca26461095519ddbdeec0,data
data/raw/sensitivity/epsilon_01/regularized_p_p4_k3_d1_neumann_stratified_breakpoint_lbfgs_seed0201_20260907T084318+0800/states/accepted_0025.npz,2969,28fb25d7f88c49dbd20401f90a089e0ca7164d9592821d2b945e3dc57a1eed61,data
data/raw/sensitivity/epsilon_01/regularized_p_p4_k3_d1_neumann_stratified_breakpoint_lbfgs_seed0201_20260907T084318+0800/states/accepted_0026.npz,3001,32b8633ec682ea13a08bea1719e518599917f65571481af06a830960712be54a,data
data/raw/sensitivity/epsilon_01/regularized_p_p4_k3_d1_neumann_stratified_breakpoint_lbfgs_seed0201_20260907T084318+0800/states/accepted_0027.npz,3035,33c496a3d1e94fd42af782d7d30bead47678c57cb7317d77b901c7354f538099,data
data/raw/sensitivity/epsilon_01/regularized_p_p4_k3_d1_neumann_stratified_breakpoint_lbfgs_seed0201_20260907T084318+0800/states/accepted_0028.npz,3069,22fe18e0fdfa00d22d0ad1ac37c69d662e2b91e4bcbbf8b19e4ebd9878e63d8b,data
data/raw/sensitivity/epsilon_01/regularized_p_p4_k3_d1_neumann_stratified_breakpoint_lbfgs_seed0201_20260907T084318+0800/states/accepted_0029.npz,3103,1493099ffd4122f3f9a38ca7dd5f6fd69a355b92e4368d0ee5892c384bc04e44,data
data/raw/sensitivity/epsilon_01/regularized_p_p4_k3_d1_neumann_stratified_breakpoint_lbfgs_seed0201_20260907T084318+0800/states/accepted_0030.npz,3139,ad7b678bc6c7bca4c10b818ef4c1a7e64563525bed8c60852a8667f23b1a21f9,data
data/raw/sensitivity/epsilon_01/regularized_p_p4_k3_d1_neumann_stratified_breakpoint_lbfgs_seed0201_20260907T084318+0800/states/accepted_0031.npz,3172,0bf6a8897f7da86a1bd3e94db6d47b773eca14a840525fde07bdc3702b372cf8,data
data/raw/sensitivity/epsilon_01/regularized_p_p4_k3_d1_neumann_stratified_breakpoint_lbfgs_seed0201_20260907T084318+0800/states/accepted_0032.npz,3204,1bbbe1a73c0ffbdb2755c7eb1933ddc195f87075648fc635b9d650cda874eec2,data
data/raw/sensitivity/epsilon_01/regularized_p_p4_k3_d1_neumann_stratified_breakpoint_lbfgs_seed0201_20260907T084318+0800/summary.json,4926,b01ad16017faac86d4caa9c0cc720b331196cecda0b925f4e52ae2fad3b05233,data
data/raw/sensitivity/epsilon_01/regularized_p_p4_k3_d1_neumann_stratified_breakpoint_lbfgs_seed0201_20260907T084318+0800/trusted_model.npz,3204,1bbbe1a73c0ffbdb2755c7eb1933ddc195f87075648fc635b9d650cda874eec2,data
data/raw/sensitivity/epsilon_1/regularized_p_p4_k3_d1_neumann_stratified_breakpoint_lbfgs_seed0201_20260907T084318+0800/candidate_pool.npz,13844,bb1587f6be7a17cbf7768a56cd19c3052e879896bcf7e5e2425b8aba2867e502,data
data/raw/sensitivity/epsilon_1/regularized_p_p4_k3_d1_neumann_stratified_breakpoint_lbfgs_seed0201_20260907T084318+0800/checkpoint.npz,3712,03aa5b9cde2a3c631534328d682e39d04aa1c4d5c45cd578b9cee9d23f7ab39a,data
data/raw/sensitivity/epsilon_1/regularized_p_p4_k3_d1_neumann_stratified_breakpoint_lbfgs_seed0201_20260907T084318+0800/command.txt,74,2bf47e84854adf29ba662410a4e0855a6ae6181bf187a51c240af81dffc24cfb,data
data/raw/sensitivity/epsilon_1/regularized_p_p4_k3_d1_neumann_stratified_breakpoint_lbfgs_seed0201_20260907T084318+0800/config.json,1740,7961c925ba23f3251259ea164209a860c9480980114d02ded460d01c631de415,data
data/raw/sensitivity/epsilon_1/regularized_p_p4_k3_d1_neumann_stratified_breakpoint_lbfgs_seed0201_20260907T084318+0800/diagnostic_model.npz,3214,14284e2c33b48171b0a70db8bbe47bf5f069b87be6e01d05e6d915f538924379,data
data/raw/sensitivity/epsilon_1/regularized_p_p4_k3_d1_neumann_stratified_breakpoint_lbfgs_seed0201_20260907T084318+0800/environment.json,371,cadf859e9b57b7923e444827c875ea8c87e3958d758d2d8be3ab8d2ecb31b2c6,data
data/raw/sensitivity/epsilon_1/regularized_p_p4_k3_d1_neumann_stratified_breakpoint_lbfgs_seed0201_20260907T084318+0800/history.csv,30271,e351f160a91cb317740fdfe370e5208dbffd61c72b671a403847a848d0715459,data
data/raw/sensitivity/epsilon_1/regularized_p_p4_k3_d1_neumann_stratified_breakpoint_lbfgs_seed0201_20260907T084318+0800/log.txt,2760,cb4c4c59d6869eb82af56b50bd5c3299caedb3365c7da403955aa72ee05b4508,data
data/raw/sensitivity/epsilon_1/regularized_p_p4_k3_d1_neumann_stratified_breakpoint_lbfgs_seed0201_20260907T084318+0800/model.npz,3214,14284e2c33b48171b0a70db8bbe47bf5f069b87be6e01d05e6d915f538924379,data
data/raw/sensitivity/epsilon_1/regularized_p_p4_k3_d1_neumann_stratified_breakpoint_lbfgs_seed0201_20260907T084318+0800/pool_manifest.json,643,bc2b8ca872b2a78b8d7364413d5738b84039f16bd58ece8c9bed15bb28791ddf,data
data/raw/sensitivity/epsilon_1/regularized_p_p4_k3_d1_neumann_stratified_breakpoint_lbfgs_seed0201_20260907T084318+0800/reference_pool.npz,25186,29d76a5ab0c7d743ee36406a6b69ea5707773ecea40492fe89eac5852c32d58d,data
data/raw/sensitivity/epsilon_1/regularized_p_p4_k3_d1_neumann_stratified_breakpoint_lbfgs_seed0201_20260907T084318+0800/states/accepted_0001.npz,2142,194512d0e6ab9d505b356194c9097928c93c9ce42fb6f313d58c25790252c660,data
data/raw/sensitivity/epsilon_1/regularized_p_p4_k3_d1_neumann_stratified_breakpoint_lbfgs_seed0201_20260907T084318+0800/states/accepted_0002.npz,2177,0d32a1dd84eae62c54e1c82dd2d69b4568872a1236d4c5a617eac6d6f1a80684,data
data/raw/sensitivity/epsilon_1/regularized_p_p4_k3_d1_neumann_stratified_breakpoint_lbfgs_seed0201_20260907T084318+0800/states/accepted_0003.npz,2211,7ea14084f5022c99162a651d96c93f21f0bef9789742fe83483fc581d844cec5,data
data/raw/sensitivity/epsilon_1/regularized_p_p4_k3_d1_neumann_stratified_breakpoint_lbfgs_seed0201_20260907T084318+0800/states/accepted_0004.npz,2246,7fd18d0d9ae47a3aae946770f137ba7228a0119346f5b401da748cd3a870da50,data
data/raw/sensitivity/epsilon_1/regularized_p_p4_k3_d1_neumann_stratified_breakpoint_lbfgs_seed0201_20260907T084318+0800/states/accepted_0005.npz,2280,80554e9e7d5690955b32b2e116786dd12cee647b88121d0ed3ca963e71ffd6bf,data
data/raw/sensitivity/epsilon_1/regularized_p_p4_k3_d1_neumann_stratified_breakpoint_lbfgs_seed0201_20260907T084318+0800/states/accepted_0006.npz,2314,da3a1d3bbaa4f2480120c56a9dbdc88133fdde31c9a5d4e8204278e75adee680,data
data/raw/sensitivity/epsilon_1/regularized_p_p4_k3_d1_neumann_stratified_breakpoint_lbfgs_seed0201_20260907T084318+0800/states/accepted_0007.npz,2348,bc15300a14f10f7ef2c9bd3a3d42ff80f46093ec6646e08c8d1f1966173c95eb,data
data/raw/sensitivity/epsilon_1/regularized_p_p4_k3_d1_neumann_stratified_breakpoint_lbfgs_seed0201_20260907T084318+0800/states/accepted_0008.npz,2384,20079f2e2f9b8d08ba30c661fb0808eb2e4002bdc3195bd62f192e942caf7cb0,data
data/raw/sensitivity/epsilon_1/regularized_p_p4_k3_d1_neumann_stratified_breakpoint_lbfgs_seed0201_20260907T084318+0800/states/accepted_0009.npz,2418,b84ba5418de6ea84aab10b742123935dd14e421923debfed88d0c6618a330f41,data
data/raw/sensitivity/epsilon_1/regularized_p_p4_k3_d1_neumann_stratified_breakpoint_lbfgs_seed0201_20260907T084318+0800/states/accepted_0010.npz,2456,759e5a833d92d0d2aa876183db1717903a77019b6f8ac811d3f0fa542124e25b,data
data/raw/sensitivity/epsilon_1/regularized_p_p4_k3_d1_neumann_stratified_breakpoint_lbfgs_seed0201_20260907T084318+0800/states/accepted_0011.npz,2492,c734a4bf336d06f0c9e799281ce019454f02cee638aed624ab85518e98d27c14,data
data/raw/sensitivity/epsilon_1/regularized_p_p4_k3_d1_neumann_stratified_breakpoint_lbfgs_seed0201_20260907T084318+0800/states/accepted_0012.npz,2527,1bf55c04e083315f03419d2e802b474146477b403efc45cd260fc3c1ed3e5d33,data
data/raw/sensitivity/epsilon_1/regularized_p_p4_k3_d1_neumann_stratified_breakpoint_lbfgs_seed0201_20260907T084318+0800/states/accepted_0013.npz,2562,93d2f4786a1811f1e6d88a042563f7b02ecdbff84b1079e1225b5247e0844160,data
data/raw/sensitivity/epsilon_1/regularized_p_p4_k3_d1_neumann_stratified_breakpoint_lbfgs_seed0201_20260907T084318+0800/states/accepted_0014.npz,2596,15ca51e5c5b976992a51d0e75e7fb28b9993349abaa3359e59227c093b935fe7,data
data/raw/sensitivity/epsilon_1/regularized_p_p4_k3_d1_neumann_stratified_breakpoint_lbfgs_seed0201_20260907T084318+0800/states/accepted_0015.npz,2630,406961b2463fc086ac9f2d1ac7c3a53bb7766b7e440254df1db539b90c0a05dc,data
data/raw/sensitivity/epsilon_1/regularized_p_p4_k3_d1_neumann_stratified_breakpoint_lbfgs_seed0201_20260907T084318+0800/states/accepted_0016.npz,2667,10d4f6617b7310cae393a2c8eba2f9f7180a3c00e2e1ab7f8e019b832a6da46a,data
data/raw/sensitivity/epsilon_1/regularized_p_p4_k3_d1_neumann_stratified_breakpoint_lbfgs_seed0201_20260907T084318+0800/states/accepted_0017.npz,2700,dfb23138a309b5d74b6787684350f2fe0fc5828fa0ae15ed2a609eae7d2f7ea0,data
data/raw/sensitivity/epsilon_1/regularized_p_p4_k3_d1_neumann_stratified_breakpoint_lbfgs_seed0201_20260907T084318+0800/states/accepted_0018.npz,2735,9bfc016d0353028f301d068be53be39907ad9b0a8be746284d07f532ba16bf5d,data
data/raw/sensitivity/epsilon_1/regularized_p_p4_k3_d1_neumann_stratified_breakpoint_lbfgs_seed0201_20260907T084318+0800/states/accepted_0019.npz,2769,42349715d647b3c959b745f39722fd896b063f5d7a0e90483340d8e260e6a8f8,data
data/raw/sensitivity/epsilon_1/regularized_p_p4_k3_d1_neumann_stratified_breakpoint_lbfgs_seed0201_20260907T084318+0800/states/accepted_0020.npz,2803,0ff207deb5cf81740ea86617578d14152762f6c41407a5f35014b8084e05b5aa,data
data/raw/sensitivity/epsilon_1/regularized_p_p4_k3_d1_neumann_stratified_breakpoint_lbfgs_seed0201_20260907T084318+0800/states/accepted_0021.npz,2837,3cb3ab63b0c69c3fa18ba3d43e81f3bf76fab131e0aad6b759dd945d397f1b37,data
data/raw/sensitivity/epsilon_1/regularized_p_p4_k3_d1_neumann_stratified_breakpoint_lbfgs_seed0201_20260907T084318+0800/states/accepted_0022.npz,2872,141a5efd96fad71bb8bb62c3681673ca02a70898533be11a698c5cf74e308a9d,data
data/raw/sensitivity/epsilon_1/regularized_p_p4_k3_d1_neumann_stratified_breakpoint_lbfgs_seed0201_20260907T084318+0800/states/accepted_0023.npz,2905,4a400bc218d0a6aaada4ae222e6bda43a9eda89ae471737b710ef6ed5ec80432,data
data/raw/sensitivity/epsilon_1/regularized_p_p4_k3_d1_neumann_stratified_breakpoint_lbfgs_seed0201_20260907T084318+0800/states/accepted_0024.npz,2941,f277fa9e26ac49ad1c1c461724977416ad8508b21a5ed9470f1c879d527344b8,data
data/raw/sensitivity/epsilon_1/regularized_p_p4_k3_d1_neumann_stratified_breakpoint_lbfgs_seed0201_20260907T084318+0800/states/accepted_0025.npz,2974,33fccc57b9cce7e594acba546f9f8a987b110571bdcbd393af20c43d7af8448a,data
data/raw/sensitivity/epsilon_1/regularized_p_p4_k3_d1_neumann_stratified_breakpoint_lbfgs_seed0201_20260907T084318+0800/states/accepted_0026.npz,3008,6b01015479a8a519402b7f01bf772a8718101c6246e017cd16716a31625f9dd7,data
data/raw/sensitivity/epsilon_1/regularized_p_p4_k3_d1_neumann_stratified_breakpoint_lbfgs_seed0201_20260907T084318+0800/states/accepted_0027.npz,3043,6b32c25d229c9f2a96cb1c72d2a9554908d6cd5431f472c3811d38667e70f54c,data
data/raw/sensitivity/epsilon_1/regularized_p_p4_k3_d1_neumann_stratified_breakpoint_lbfgs_seed0201_20260907T084318+0800/states/accepted_0028.npz,3076,64515f6f059a618a7fcd8466b4a8fbe250a6a7cebf08e9ac730f0ac6abdc6b04,data
data/raw/sensitivity/epsilon_1/regularized_p_p4_k3_d1_neumann_stratified_breakpoint_lbfgs_seed0201_20260907T084318+0800/states/accepted_0029.npz,3112,b0e21ef46e6db07884fc462ed23c441acef1b688379eb8de1111e2b5d4e72921,data
data/raw/sensitivity/epsilon_1/regularized_p_p4_k3_d1_neumann_stratified_breakpoint_lbfgs_seed0201_20260907T084318+0800/states/accepted_0030.npz,3145,649f172af16544322eb8540a08498ee3a120e464817f2308b617587b57e0f373,data
data/raw/sensitivity/epsilon_1/regularized_p_p4_k3_d1_neumann_stratified_breakpoint_lbfgs_seed0201_20260907T084318+0800/states/accepted_0031.npz,3182,8bba55fe4234ba2a5ab02da2adb75e149dba223ac1e1af046a6f08bf6bd4d2c6,data
data/raw/sensitivity/epsilon_1/regularized_p_p4_k3_d1_neumann_stratified_breakpoint_lbfgs_seed0201_20260907T084318+0800/states/accepted_0032.npz,3214,14284e2c33b48171b0a70db8bbe47bf5f069b87be6e01d05e6d915f538924379,data
data/raw/sensitivity/epsilon_1/regularized_p_p4_k3_d1_neumann_stratified_breakpoint_lbfgs_seed0201_20260907T084318+0800/summary.json,4938,8240bc05404fedd34f4c9c2d1f79202277bcfb54c44afdb8c160d5a9444b4bee,data
data/raw/sensitivity/epsilon_1/regularized_p_p4_k3_d1_neumann_stratified_breakpoint_lbfgs_seed0201_20260907T084318+0800/trusted_model.npz,3214,14284e2c33b48171b0a70db8bbe47bf5f069b87be6e01d05e6d915f538924379,data
data/raw/sensitivity/instrumented/tolerance_base/pure_p_p4_k3_d1_neumann_stratified_breakpoint_lbfgs_seed0201_20260907T084527+0800/candidate_pool.npz,13844,bb1587f6be7a17cbf7768a56cd19c3052e879896bcf7e5e2425b8aba2867e502,data
data/raw/sensitivity/instrumented/tolerance_base/pure_p_p4_k3_d1_neumann_stratified_breakpoint_lbfgs_seed0201_20260907T084527+0800/checkpoint.npz,3711,9ea3f331dc0318f45a0460a80bb70b9e4dd7e23bc5208820b4c7c750ef8a7264,data
data/raw/sensitivity/instrumented/tolerance_base/pure_p_p4_k3_d1_neumann_stratified_breakpoint_lbfgs_seed0201_20260907T084527+0800/command.txt,86,086c16de2b33992179d86a72c50671993471487cbf1dc0c435be4785258695a7,data
data/raw/sensitivity/instrumented/tolerance_base/pure_p_p4_k3_d1_neumann_stratified_breakpoint_lbfgs_seed0201_20260907T084527+0800/config.json,1746,1ea5742f0354fc97606765aa92f8557216426ca8a4814ff84e8e3539df515e3a,data
data/raw/sensitivity/instrumented/tolerance_base/pure_p_p4_k3_d1_neumann_stratified_breakpoint_lbfgs_seed0201_20260907T084527+0800/diagnostic_model.npz,3195,3e825d4a131717f7b5a7db8ad15332cb2fb31dce1d6a3da961fcef8f46a56d32,data
data/raw/sensitivity/instrumented/tolerance_base/pure_p_p4_k3_d1_neumann_stratified_breakpoint_lbfgs_seed0201_20260907T084527+0800/environment.json,371,d28526a6a37d26973de4aa967134087e5b0b1a7fe9447f8beab4da56efe07c73,data
data/raw/sensitivity/instrumented/tolerance_base/pure_p_p4_k3_d1_neumann_stratified_breakpoint_lbfgs_seed0201_20260907T084527+0800/history.csv,31043,fb641ed6928e9dc9e8dfaf125c7fe73e27445834643cfdaa9d41129d9eae96fd,data
data/raw/sensitivity/instrumented/tolerance_base/pure_p_p4_k3_d1_neumann_stratified_breakpoint_lbfgs_seed0201_20260907T084527+0800/log.txt,2841,f3c7f75de00aa005bbcb16816ab84f5c3d49c82c3de89b2480540991e42b5677,data
data/raw/sensitivity/instrumented/tolerance_base/pure_p_p4_k3_d1_neumann_stratified_breakpoint_lbfgs_seed0201_20260907T084527+0800/model.npz,3195,3e825d4a131717f7b5a7db8ad15332cb2fb31dce1d6a3da961fcef8f46a56d32,data
data/raw/sensitivity/instrumented/tolerance_base/pure_p_p4_k3_d1_neumann_stratified_breakpoint_lbfgs_seed0201_20260907T084527+0800/pool_manifest.json,643,bc2b8ca872b2a78b8d7364413d5738b84039f16bd58ece8c9bed15bb28791ddf,data
data/raw/sensitivity/instrumented/tolerance_base/pure_p_p4_k3_d1_neumann_stratified_breakpoint_lbfgs_seed0201_20260907T084527+0800/reference_pool.npz,25186,29d76a5ab0c7d743ee36406a6b69ea5707773ecea40492fe89eac5852c32d58d,data
data/raw/sensitivity/instrumented/tolerance_base/pure_p_p4_k3_d1_neumann_stratified_breakpoint_lbfgs_seed0201_20260907T084527+0800/states/accepted_0001.npz,2124,d46333f531cfc10f7da05c1cf35ea4fbb86c039fd4690f7af0a930f195f7f1c2,data
data/raw/sensitivity/instrumented/tolerance_base/pure_p_p4_k3_d1_neumann_stratified_breakpoint_lbfgs_seed0201_20260907T084527+0800/states/accepted_0002.npz,2162,9c17eeb9ca848c6dc40c3c8cef49b3e308e054eac4bb024e47fe2c77a19455e7,data
data/raw/sensitivity/instrumented/tolerance_base/pure_p_p4_k3_d1_neumann_stratified_breakpoint_lbfgs_seed0201_20260907T084527+0800/states/accepted_0003.npz,2197,1f5a80c73c3d293e1615725778effec252f51dbb5b7b72480d651b735b292069,data
data/raw/sensitivity/instrumented/tolerance_base/pure_p_p4_k3_d1_neumann_stratified_breakpoint_lbfgs_seed0201_20260907T084527+0800/states/accepted_0004.npz,2231,993339f4b3fdd87ad387f52adfa84fffb639e24d1e38710091345f32235ce596,data
data/raw/sensitivity/instrumented/tolerance_base/pure_p_p4_k3_d1_neumann_stratified_breakpoint_lbfgs_seed0201_20260907T084527+0800/states/accepted_0005.npz,2265,2e30bdfd6c709f01f6ba618f9984a899c4cd455b7362f60a0a486ebc13f5dbdb,data
data/raw/sensitivity/instrumented/tolerance_base/pure_p_p4_k3_d1_neumann_stratified_breakpoint_lbfgs_seed0201_20260907T084527+0800/states/accepted_0006.npz,2299,36821ce38462a5faf5b90fc7684abb9abe1e1979f71d20024a214c33332d012c,data
data/raw/sensitivity/instrumented/tolerance_base/pure_p_p4_k3_d1_neumann_stratified_breakpoint_lbfgs_seed0201_20260907T084527+0800/states/accepted_0007.npz,2333,b145e2512fc27d79dd1b924a9e78f1da6f0e57730fa522956a9ea1bcb1416672,data
data/raw/sensitivity/instrumented/tolerance_base/pure_p_p4_k3_d1_neumann_stratified_breakpoint_lbfgs_seed0201_20260907T084527+0800/states/accepted_0008.npz,2368,d3c575e94d940fa29a3cd38d36feaec5ade6227049783b96dad2cef9a00acb35,data
data/raw/sensitivity/instrumented/tolerance_base/pure_p_p4_k3_d1_neumann_stratified_breakpoint_lbfgs_seed0201_20260907T084527+0800/states/accepted_0009.npz,2403,fc933af8b89b26d97142cc4162c79beee7abfcd654a090ba452d26c8c96857ad,data
data/raw/sensitivity/instrumented/tolerance_base/pure_p_p4_k3_d1_neumann_stratified_breakpoint_lbfgs_seed0201_20260907T084527+0800/states/accepted_0010.npz,2443,00181fe566e91d557cb26d5e55924f8824c1b2db0c97cba6b6f021d18564436f,data
data/raw/sensitivity/instrumented/tolerance_base/pure_p_p4_k3_d1_neumann_stratified_breakpoint_lbfgs_seed0201_20260907T084527+0800/states/accepted_0011.npz,2476,f9790c731a6b4a7e576bec2862ce40688cd28d8d366b36d0755f60b5870bcb48,data
data/raw/sensitivity/instrumented/tolerance_base/pure_p_p4_k3_d1_neumann_stratified_breakpoint_lbfgs_seed0201_20260907T084527+0800/states/accepted_0012.npz,2509,cd9c36dfccd6bffadeda6dd763cf3ed24b67ae6d4aeac031e6be0ba18290d5ae,data
data/raw/sensitivity/instrumented/tolerance_base/pure_p_p4_k3_d1_neumann_stratified_breakpoint_lbfgs_seed0201_20260907T084527+0800/states/accepted_0013.npz,2544,95974bb28ab613d13127436769fd21da8bbc8e9dfbb2478b634ba2301c90b4ce,data
data/raw/sensitivity/instrumented/tolerance_base/pure_p_p4_k3_d1_neumann_stratified_breakpoint_lbfgs_seed0201_20260907T084527+0800/states/accepted_0014.npz,2578,588ded85fa45b791e5036de5bf3246db56b440c7e1a241955dbb106092eb1ecc,data
data/raw/sensitivity/instrumented/tolerance_base/pure_p_p4_k3_d1_neumann_stratified_breakpoint_lbfgs_seed0201_20260907T084527+0800/states/accepted_0015.npz,2613,af7882feef3105c83891a95e89e4a9dfaa50986bc6742b979acf771b3cc85269,data
data/raw/sensitivity/instrumented/tolerance_base/pure_p_p4_k3_d1_neumann_stratified_breakpoint_lbfgs_seed0201_20260907T084527+0800/states/accepted_0016.npz,2647,225fe158b589d455f4309b463cfbda40ca292e697b7f70e66419a460270800cc,data
data/raw/sensitivity/instrumented/tolerance_base/pure_p_p4_k3_d1_neumann_stratified_breakpoint_lbfgs_seed0201_20260907T084527+0800/states/accepted_0017.npz,2685,1b24f0fe96a14b93e6a34287b01f88c5b6a673c4ed663329c1481682ac746fb3,data
data/raw/sensitivity/instrumented/tolerance_base/pure_p_p4_k3_d1_neumann_stratified_breakpoint_lbfgs_seed0201_20260907T084527+0800/states/accepted_0018.npz,2717,2062394f29e7104c53a32b98538c920d5a1ba576736b763f8a6b7157289c2bc4,data
data/raw/sensitivity/instrumented/tolerance_base/pure_p_p4_k3_d1_neumann_stratified_breakpoint_lbfgs_seed0201_20260907T084527+0800/states/accepted_0019.npz,2752,e793566fc2a53e775f16828596decba5476f9a784260592fba14e3b03a1fd5d3,data
data/raw/sensitivity/instrumented/tolerance_base/pure_p_p4_k3_d1_neumann_stratified_breakpoint_lbfgs_seed0201_20260907T084527+0800/states/accepted_0020.npz,2784,f4ec2b724cccf71b1ad75d2771c6d81300de1a8abeea4fb00cc72c8daf6c992f,data
data/raw/sensitivity/instrumented/tolerance_base/pure_p_p4_k3_d1_neumann_stratified_breakpoint_lbfgs_seed0201_20260907T084527+0800/states/accepted_0021.npz,2819,8a26f7c09233b680047c2e8e3a45ee3a55938aae641d727a2ef76c1d137ddc3d,data
data/raw/sensitivity/instrumented/tolerance_base/pure_p_p4_k3_d1_neumann_stratified_breakpoint_lbfgs_seed0201_20260907T084527+0800/states/accepted_0022.npz,2855,7cf1e756429469c0a1ceed056f5a5526c53670294fb1cd7fa0e935a0e5e0c0d2,data
data/raw/sensitivity/instrumented/tolerance_base/pure_p_p4_k3_d1_neumann_stratified_breakpoint_lbfgs_seed0201_20260907T084527+0800/states/accepted_0023.npz,2889,b57918bfa05eaf5f94366ef70acd7c7971269a03bfe6b64abb01f173c5b09d20,data
data/raw/sensitivity/instrumented/tolerance_base/pure_p_p4_k3_d1_neumann_stratified_breakpoint_lbfgs_seed0201_20260907T084527+0800/states/accepted_0024.npz,2922,fca90d95cb5c57c143576ae2cb0cafe060eafd86e937435889929ba97e4b6332,data
data/raw/sensitivity/instrumented/tolerance_base/pure_p_p4_k3_d1_neumann_stratified_breakpoint_lbfgs_seed0201_20260907T084527+0800/states/accepted_0025.npz,2957,255f4f4ad7da575a4d541a9fbfec8402bba9496635c2a07b61e19f4faccb4741,data
data/raw/sensitivity/instrumented/tolerance_base/pure_p_p4_k3_d1_neumann_stratified_breakpoint_lbfgs_seed0201_20260907T084527+0800/states/accepted_0026.npz,2989,232011bc1886b99254113689f92b0f6f5fae89fb8a6fc00001635206b46f20f7,data
data/raw/sensitivity/instrumented/tolerance_base/pure_p_p4_k3_d1_neumann_stratified_breakpoint_lbfgs_seed0201_20260907T084527+0800/states/accepted_0027.npz,3024,01b1eb24df56578862dd74d9559a1c2e3f4cd7d82180b48b371f45f0a0d71f94,data
data/raw/sensitivity/instrumented/tolerance_base/pure_p_p4_k3_d1_neumann_stratified_breakpoint_lbfgs_seed0201_20260907T084527+0800/states/accepted_0028.npz,3056,82af67288b26d6e2fd43446afff89d9e7abd5bcc56d5b5312b440d4e08c48697,data
data/raw/sensitivity/instrumented/tolerance_base/pure_p_p4_k3_d1_neumann_stratified_breakpoint_lbfgs_seed0201_20260907T084527+0800/states/accepted_0029.npz,3092,db496a86f902be239ddf815254f1686a42c8e80503e6aacf46c864311a446419,data
data/raw/sensitivity/instrumented/tolerance_base/pure_p_p4_k3_d1_neumann_stratified_breakpoint_lbfgs_seed0201_20260907T084527+0800/states/accepted_0030.npz,3127,10440c8ce5eddf6555433df04894eebab8f0902e71dd8165ebe427bc2936eeaf,data
data/raw/sensitivity/instrumented/tolerance_base/pure_p_p4_k3_d1_neumann_stratified_breakpoint_lbfgs_seed0201_20260907T084527+0800/states/accepted_0031.npz,3159,52d05dc451a0cf0ae2c3f1c50419d6601976816b5e3d6d9c641c3fac561fbb9d,data
data/raw/sensitivity/instrumented/tolerance_base/pure_p_p4_k3_d1_neumann_stratified_breakpoint_lbfgs_seed0201_20260907T084527+0800/states/accepted_0032.npz,3195,3e825d4a131717f7b5a7db8ad15332cb2fb31dce1d6a3da961fcef8f46a56d32,data
data/raw/sensitivity/instrumented/tolerance_base/pure_p_p4_k3_d1_neumann_stratified_breakpoint_lbfgs_seed0201_20260907T084527+0800/summary.json,4898,7de8e5e7a50b263424fe06f6b00c59cc57c540960c9621da7c25fb9600450990,data
data/raw/sensitivity/instrumented/tolerance_base/pure_p_p4_k3_d1_neumann_stratified_breakpoint_lbfgs_seed0201_20260907T084527+0800/trusted_model.npz,3195,3e825d4a131717f7b5a7db8ad15332cb2fb31dce1d6a3da961fcef8f46a56d32,data
data/raw/sensitivity/instrumented/tolerance_loose/pure_p_p4_k3_d1_neumann_stratified_breakpoint_lbfgs_seed0201_20260907T084527+0800/candidate_pool.npz,13844,bb1587f6be7a17cbf7768a56cd19c3052e879896bcf7e5e2425b8aba2867e502,data
data/raw/sensitivity/instrumented/tolerance_loose/pure_p_p4_k3_d1_neumann_stratified_breakpoint_lbfgs_seed0201_20260907T084527+0800/checkpoint.npz,3709,0e4cd6c00a8ca4e2c13b58946ded2862305041364bcca39ffde131c1a4544752,data
data/raw/sensitivity/instrumented/tolerance_loose/pure_p_p4_k3_d1_neumann_stratified_breakpoint_lbfgs_seed0201_20260907T084527+0800/command.txt,87,02aa282c26e14ad3d1853d8998857dfebf6f44a6a97df589c9cb465fdf4d0e66,data
data/raw/sensitivity/instrumented/tolerance_loose/pure_p_p4_k3_d1_neumann_stratified_breakpoint_lbfgs_seed0201_20260907T084527+0800/config.json,1748,21c085206f592fcbb1b0a1f5a3d642c1a092ce705ddc1aff385c9e2ad80ef191,data
data/raw/sensitivity/instrumented/tolerance_loose/pure_p_p4_k3_d1_neumann_stratified_breakpoint_lbfgs_seed0201_20260907T084527+0800/diagnostic_model.npz,3188,05ac962c00c1743d63aed936c4ba840fbbbed7067dde1ff1e2da69b82032db88,data
data/raw/sensitivity/instrumented/tolerance_loose/pure_p_p4_k3_d1_neumann_stratified_breakpoint_lbfgs_seed0201_20260907T084527+0800/environment.json,371,1f3237b868b4e0adbbd84ac793ccf911c21000152b3d2919f386f551cb7510b3,data
data/raw/sensitivity/instrumented/tolerance_loose/pure_p_p4_k3_d1_neumann_stratified_breakpoint_lbfgs_seed0201_20260907T084527+0800/history.csv,30417,c325411cd69a55ad55e49e8d0c6b00aa8c71429a4e2748e4b0a909c5c09c64a4,data
data/raw/sensitivity/instrumented/tolerance_loose/pure_p_p4_k3_d1_neumann_stratified_breakpoint_lbfgs_seed0201_20260907T084527+0800/log.txt,2752,faa2fd32da9d44c43788a4161ba15259bc8652d830c181d298456ee29dcfd576,data
data/raw/sensitivity/instrumented/tolerance_loose/pure_p_p4_k3_d1_neumann_stratified_breakpoint_lbfgs_seed0201_20260907T084527+0800/model.npz,3188,05ac962c00c1743d63aed936c4ba840fbbbed7067dde1ff1e2da69b82032db88,data
data/raw/sensitivity/instrumented/tolerance_loose/pure_p_p4_k3_d1_neumann_stratified_breakpoint_lbfgs_seed0201_20260907T084527+0800/pool_manifest.json,643,bc2b8ca872b2a78b8d7364413d5738b84039f16bd58ece8c9bed15bb28791ddf,data
data/raw/sensitivity/instrumented/tolerance_loose/pure_p_p4_k3_d1_neumann_stratified_breakpoint_lbfgs_seed0201_20260907T084527+0800/reference_pool.npz,25186,29d76a5ab0c7d743ee36406a6b69ea5707773ecea40492fe89eac5852c32d58d,data
data/raw/sensitivity/instrumented/tolerance_loose/pure_p_p4_k3_d1_neumann_stratified_breakpoint_lbfgs_seed0201_20260907T084527+0800/states/accepted_0001.npz,2124,d46333f531cfc10f7da05c1cf35ea4fbb86c039fd4690f7af0a930f195f7f1c2,data
data/raw/sensitivity/instrumented/tolerance_loose/pure_p_p4_k3_d1_neumann_stratified_breakpoint_lbfgs_seed0201_20260907T084527+0800/states/accepted_0002.npz,2162,77bc32335815210fad11f2c3bd44e7e82024909adc6a9c359156a99740516f33,data
data/raw/sensitivity/instrumented/tolerance_loose/pure_p_p4_k3_d1_neumann_stratified_breakpoint_lbfgs_seed0201_20260907T084527+0800/states/accepted_0003.npz,2197,48690d898c5ac7b0e748eab1b274b608de9538cf7e9fa99d238e3a38a069cb7c,data
data/raw/sensitivity/instrumented/tolerance_loose/pure_p_p4_k3_d1_neumann_stratified_breakpoint_lbfgs_seed0201_20260907T084527+0800/states/accepted_0004.npz,2231,49516740e9e1b046c35dd7eca5481a7dc83f42b74576e288156b165938fc78ce,data
data/raw/sensitivity/instrumented/tolerance_loose/pure_p_p4_k3_d1_neumann_stratified_breakpoint_lbfgs_seed0201_20260907T084527+0800/states/accepted_0005.npz,2265,22b5d1c1bbad89caf4841912c60acefd9ba5e284116391de33a4807cdfed0c72,data
data/raw/sensitivity/instrumented/tolerance_loose/pure_p_p4_k3_d1_neumann_stratified_breakpoint_lbfgs_seed0201_20260907T084527+0800/states/accepted_0006.npz,2299,f7ad8d09f7789be085e72090f9bea93fe3494b0e421d7d295835957d9bb7d36d,data
data/raw/sensitivity/instrumented/tolerance_loose/pure_p_p4_k3_d1_neumann_stratified_breakpoint_lbfgs_seed0201_20260907T084527+0800/states/accepted_0007.npz,2333,0695c55bb02fd214a35da80a7d8a41f32e373bca2ce5309c09c15a74fce74d7e,data
data/raw/sensitivity/instrumented/tolerance_loose/pure_p_p4_k3_d1_neumann_stratified_breakpoint_lbfgs_seed0201_20260907T084527+0800/states/accepted_0008.npz,2368,b9cbb9fdeec16e1f2719f3c39b8c898a97b9e62b6abcb2e729c6f877c06db887,data
data/raw/sensitivity/instrumented/tolerance_loose/pure_p_p4_k3_d1_neumann_stratified_breakpoint_lbfgs_seed0201_20260907T084527+0800/states/accepted_0009.npz,2402,0b3a32003331617f04b68c28bb4f514e251495462ff5c422612459dc22de3ec1,data
data/raw/sensitivity/instrumented/tolerance_loose/pure_p_p4_k3_d1_neumann_stratified_breakpoint_lbfgs_seed0201_20260907T084527+0800/states/accepted_0010.npz,2441,01b465b6aae1c21cf23bd5186b904a93de2531d89b481d305060a73ab4ced59c,data
data/raw/sensitivity/instrumented/tolerance_loose/pure_p_p4_k3_d1_neumann_stratified_breakpoint_lbfgs_seed0201_20260907T084527+0800/states/accepted_0011.npz,2476,dd66b59a315708c7b55b0e0a4fb79aaacdcd22521a91e47c99c94aebb955b5cb,data
data/raw/sensitivity/instrumented/tolerance_loose/pure_p_p4_k3_d1_neumann_stratified_breakpoint_lbfgs_seed0201_20260907T084527+0800/states/accepted_0012.npz,2511,fa433a1fa4768cc4a0aba28fc7ee350c2a2dff93ef1510add10a9bc6b7afa727,data
data/raw/sensitivity/instrumented/tolerance_loose/pure_p_p4_k3_d1_neumann_stratified_breakpoint_lbfgs_seed0201_20260907T084527+0800/states/accepted_0013.npz,2544,c47f39ac94db6569a0fdf832286ea8d215ef78693b8800b033bbcc8d7e9decec,data
data/raw/sensitivity/instrumented/tolerance_loose/pure_p_p4_k3_d1_neumann_stratified_breakpoint_lbfgs_seed0201_20260907T084527+0800/states/accepted_0014.npz,2578,b84ce0e0a2980c45de6449ab9cfc0f9d097f894c8d5b696863289664a4b5b3b5,data
data/raw/sensitivity/instrumented/tolerance_loose/pure_p_p4_k3_d1_neumann_stratified_breakpoint_lbfgs_seed0201_20260907T084527+0800/states/accepted_0015.npz,2613,b4a87eadee0abe27ce1b56efd8243d8ad52fb1648a8065d630d2574ae48144d3,data
data/raw/sensitivity/instrumented/tolerance_loose/pure_p_p4_k3_d1_neumann_stratified_breakpoint_lbfgs_seed0201_20260907T084527+0800/states/accepted_0016.npz,2648,956448ee4b2c460bb8255d6a0b0bdbf1582a641f266b9d05d134394d80c15b6c,data
data/raw/sensitivity/instrumented/tolerance_loose/pure_p_p4_k3_d1_neumann_stratified_breakpoint_lbfgs_seed0201_20260907T084527+0800/states/accepted_0017.npz,2682,6965ed5e42ec59215dd477974799dc9143f4c6fd9997f708392eccddd021d5f3,data
data/raw/sensitivity/instrumented/tolerance_loose/pure_p_p4_k3_d1_neumann_stratified_breakpoint_lbfgs_seed0201_20260907T084527+0800/states/accepted_0018.npz,2718,0a99cc90f5f1db46025746fc5d992e6622f7d6c8dd7a356906f87511b526f1c3,data
data/raw/sensitivity/instrumented/tolerance_loose/pure_p_p4_k3_d1_neumann_stratified_breakpoint_lbfgs_seed0201_20260907T084527+0800/states/accepted_0019.npz,2749,de19ea0488aa3142b7f733ee56bfc935307ca4aa4226db2dd8a29cf5391fc1fd,data
data/raw/sensitivity/instrumented/tolerance_loose/pure_p_p4_k3_d1_neumann_stratified_breakpoint_lbfgs_seed0201_20260907T084527+0800/states/accepted_0020.npz,2784,906dc80169eb9bbadad4b7a9c17205642eca4a4ce07d31b6e4468cc08bb3a318,data
data/raw/sensitivity/instrumented/tolerance_loose/pure_p_p4_k3_d1_neumann_stratified_breakpoint_lbfgs_seed0201_20260907T084527+0800/states/accepted_0021.npz,2817,91f62a9ae29181a149053bc8e09cdbc7053d82a27e9223b1c621c66e60685691,data
data/raw/sensitivity/instrumented/tolerance_loose/pure_p_p4_k3_d1_neumann_stratified_breakpoint_lbfgs_seed0201_20260907T084527+0800/states/accepted_0022.npz,2852,107d2dd809ce3729a316e5290e2f7a7a60d9d9e6791d8778935c586e9e8a09fc,data
data/raw/sensitivity/instrumented/tolerance_loose/pure_p_p4_k3_d1_neumann_stratified_breakpoint_lbfgs_seed0201_20260907T084527+0800/states/accepted_0023.npz,2883,13902565edb60f331fcbe8ace03d2f16134da7d0a2d299363f8a97f691b8bead,data
data/raw/sensitivity/instrumented/tolerance_loose/pure_p_p4_k3_d1_neumann_stratified_breakpoint_lbfgs_seed0201_20260907T084527+0800/states/accepted_0024.npz,2918,b20889116c126bc32f042f9b84dc62677af4469aab3b7a10d0cc347a3f49f524,data
data/raw/sensitivity/instrumented/tolerance_loose/pure_p_p4_k3_d1_neumann_stratified_breakpoint_lbfgs_seed0201_20260907T084527+0800/states/accepted_0025.npz,2950,7f95f565b7282ac82f654b5c643bb2c6a39641b4ea3e89f5edcbfc08cc5e6243,data
data/raw/sensitivity/instrumented/tolerance_loose/pure_p_p4_k3_d1_neumann_stratified_breakpoint_lbfgs_seed0201_20260907T084527+0800/states/accepted_0026.npz,2984,8df499267052ac1b237ab4886226c5e7c9f223e247b4683d6ec9a88f332501a0,data
data/raw/sensitivity/instrumented/tolerance_loose/pure_p_p4_k3_d1_neumann_stratified_breakpoint_lbfgs_seed0201_20260907T084527+0800/states/accepted_0027.npz,3018,f5c77100b3192dc8946fee0caf024b60bc3e2a9a3de1d56aff209c4d8b47c58d,data
data/raw/sensitivity/instrumented/tolerance_loose/pure_p_p4_k3_d1_neumann_stratified_breakpoint_lbfgs_seed0201_20260907T084527+0800/states/accepted_0028.npz,3052,0b6a793645238d0815242b28ef2ce5b8193e130d92ee8d46022ea195f9ca3b9b,data
data/raw/sensitivity/instrumented/tolerance_loose/pure_p_p4_k3_d1_neumann_stratified_breakpoint_lbfgs_seed0201_20260907T084527+0800/states/accepted_0029.npz,3085,8116f12a9ea3c900401d6ee1a964f960d37665a14dd9a0d38b735089e1732650,data
data/raw/sensitivity/instrumented/tolerance_loose/pure_p_p4_k3_d1_neumann_stratified_breakpoint_lbfgs_seed0201_20260907T084527+0800/states/accepted_0030.npz,3121,3c55ba704a3a6c62b32d3cbe642c7f2c719a8b87694aba12bc28b3847bf33aad,data
data/raw/sensitivity/instrumented/tolerance_loose/pure_p_p4_k3_d1_neumann_stratified_breakpoint_lbfgs_seed0201_20260907T084527+0800/states/accepted_0031.npz,3156,8e724e8adbc5c72c72bc54e1c0dbd96f93639bbf72cb45087aa5d3b41a3d0751,data
data/raw/sensitivity/instrumented/tolerance_loose/pure_p_p4_k3_d1_neumann_stratified_breakpoint_lbfgs_seed0201_20260907T084527+0800/states/accepted_0032.npz,3188,05ac962c00c1743d63aed936c4ba840fbbbed7067dde1ff1e2da69b82032db88,data
data/raw/sensitivity/instrumented/tolerance_loose/pure_p_p4_k3_d1_neumann_stratified_breakpoint_lbfgs_seed0201_20260907T084527+0800/summary.json,4932,bd99a839bd5388af585219c46f2a418db4c3fec7e2195687b05448b137b368dd,data
data/raw/sensitivity/instrumented/tolerance_loose/pure_p_p4_k3_d1_neumann_stratified_breakpoint_lbfgs_seed0201_20260907T084527+0800/trusted_model.npz,3188,05ac962c00c1743d63aed936c4ba840fbbbed7067dde1ff1e2da69b82032db88,data
data/raw/sensitivity/instrumented/tolerance_tight/pure_p_p4_k3_d1_neumann_stratified_breakpoint_lbfgs_seed0201_20260907T084527+0800/candidate_pool.npz,13844,bb1587f6be7a17cbf7768a56cd19c3052e879896bcf7e5e2425b8aba2867e502,data
data/raw/sensitivity/instrumented/tolerance_tight/pure_p_p4_k3_d1_neumann_stratified_breakpoint_lbfgs_seed0201_20260907T084527+0800/checkpoint.npz,3710,fee1d3717fa7c5e586f654ec62fc53a840437eb3810c7457e7bb78afd880f917,data
data/raw/sensitivity/instrumented/tolerance_tight/pure_p_p4_k3_d1_neumann_stratified_breakpoint_lbfgs_seed0201_20260907T084527+0800/command.txt,87,f33642993997a46e8bbb1b3fd401a869db3e848fe7ec18b35fefa88632d9e9a7,data
data/raw/sensitivity/instrumented/tolerance_tight/pure_p_p4_k3_d1_neumann_stratified_breakpoint_lbfgs_seed0201_20260907T084527+0800/config.json,1747,0acbd006380537d3618da7889eb9069df9deff620a23fd7770b042598b770bf7,data
data/raw/sensitivity/instrumented/tolerance_tight/pure_p_p4_k3_d1_neumann_stratified_breakpoint_lbfgs_seed0201_20260907T084527+0800/diagnostic_model.npz,3189,bb9927f136bc7e5e97d9549a609a235ced1fb1e311b70270d618fda6b5296c3a,data
data/raw/sensitivity/instrumented/tolerance_tight/pure_p_p4_k3_d1_neumann_stratified_breakpoint_lbfgs_seed0201_20260907T084527+0800/environment.json,371,1194d327d7f881ef666890087a00b330de3f4a5077ca34344ce9ef5c5666cd2a,data
data/raw/sensitivity/instrumented/tolerance_tight/pure_p_p4_k3_d1_neumann_stratified_breakpoint_lbfgs_seed0201_20260907T084527+0800/history.csv,30619,2be25c41a0147e864bc3723ba261d5431455dbc0c927bc595d828b5a241a774c,data
data/raw/sensitivity/instrumented/tolerance_tight/pure_p_p4_k3_d1_neumann_stratified_breakpoint_lbfgs_seed0201_20260907T084527+0800/log.txt,2756,52dd980f8ab74beb9a1a9c7707468c84086e700fa7d8a7bf4f223855f7a5b114,data
data/raw/sensitivity/instrumented/tolerance_tight/pure_p_p4_k3_d1_neumann_stratified_breakpoint_lbfgs_seed0201_20260907T084527+0800/model.npz,3189,bb9927f136bc7e5e97d9549a609a235ced1fb1e311b70270d618fda6b5296c3a,data
data/raw/sensitivity/instrumented/tolerance_tight/pure_p_p4_k3_d1_neumann_stratified_breakpoint_lbfgs_seed0201_20260907T084527+0800/pool_manifest.json,643,bc2b8ca872b2a78b8d7364413d5738b84039f16bd58ece8c9bed15bb28791ddf,data
data/raw/sensitivity/instrumented/tolerance_tight/pure_p_p4_k3_d1_neumann_stratified_breakpoint_lbfgs_seed0201_20260907T084527+0800/reference_pool.npz,25186,29d76a5ab0c7d743ee36406a6b69ea5707773ecea40492fe89eac5852c32d58d,data
data/raw/sensitivity/instrumented/tolerance_tight/pure_p_p4_k3_d1_neumann_stratified_breakpoint_lbfgs_seed0201_20260907T084527+0800/states/accepted_0001.npz,2124,bd034166a7cb3deff40f103e8b46b87de30043e59a85af21cda8f1cf495fc93d,data
data/raw/sensitivity/instrumented/tolerance_tight/pure_p_p4_k3_d1_neumann_stratified_breakpoint_lbfgs_seed0201_20260907T084527+0800/states/accepted_0002.npz,2162,9296c4612835d99d2f2df66379d276953f0eb0bf3604e8c504e083b2537ba16e,data
data/raw/sensitivity/instrumented/tolerance_tight/pure_p_p4_k3_d1_neumann_stratified_breakpoint_lbfgs_seed0201_20260907T084527+0800/states/accepted_0003.npz,2197,a19d955433f04333e4170d5e66b76e45a4273457c8cb0bbdce8e4ed0b5abdc82,data
data/raw/sensitivity/instrumented/tolerance_tight/pure_p_p4_k3_d1_neumann_stratified_breakpoint_lbfgs_seed0201_20260907T084527+0800/states/accepted_0004.npz,2231,c09738b4d769cac5efb3b71987bf9b3fca3c92fec89c20c142630ab6aa2584fa,data
data/raw/sensitivity/instrumented/tolerance_tight/pure_p_p4_k3_d1_neumann_stratified_breakpoint_lbfgs_seed0201_20260907T084527+0800/states/accepted_0005.npz,2265,3aa7cdc7c2000597040ad4c82302a51a80285951a81e92e304bdd7a7b6a1da74,data
data/raw/sensitivity/instrumented/tolerance_tight/pure_p_p4_k3_d1_neumann_stratified_breakpoint_lbfgs_seed0201_20260907T084527+0800/states/accepted_0006.npz,2299,a3b9251062c63c4818c92c3714f31d9c2aaa99c25fd4541e0f2b3e31a0a1e7c7,data
data/raw/sensitivity/instrumented/tolerance_tight/pure_p_p4_k3_d1_neumann_stratified_breakpoint_lbfgs_seed0201_20260907T084527+0800/states/accepted_0007.npz,2333,f45e5be6a3ed411adde18a08f0d88f6737899633acc67eae03d8f464e1bf5f9c,data
data/raw/sensitivity/instrumented/tolerance_tight/pure_p_p4_k3_d1_neumann_stratified_breakpoint_lbfgs_seed0201_20260907T084527+0800/states/accepted_0008.npz,2368,38b54005ae45c8942cc4b911d28d623f8c2326308625c0cd2296fa13b87e3a85,data
data/raw/sensitivity/instrumented/tolerance_tight/pure_p_p4_k3_d1_neumann_stratified_breakpoint_lbfgs_seed0201_20260907T084527+0800/states/accepted_0009.npz,2403,e72e3223993a02a357deecd0b5cd34ebee40d7f7e4b176065b7636c5a3f9259d,data
data/raw/sensitivity/instrumented/tolerance_tight/pure_p_p4_k3_d1_neumann_stratified_breakpoint_lbfgs_seed0201_20260907T084527+0800/states/accepted_0010.npz,2440,4a72e9c8548079d341d7fad9d2b612913d76b4991bc5e9b3b04ba2fa2b4dd483,data
data/raw/sensitivity/instrumented/tolerance_tight/pure_p_p4_k3_d1_neumann_stratified_breakpoint_lbfgs_seed0201_20260907T084527+0800/states/accepted_0011.npz,2477,e066ec8ab0e4207d2c5463df7906bd603690a59a67caee6db66c01f1bdd33557,data
data/raw/sensitivity/instrumented/tolerance_tight/pure_p_p4_k3_d1_neumann_stratified_breakpoint_lbfgs_seed0201_20260907T084527+0800/states/accepted_0012.npz,2511,3db62bf333911aefea3446efebeb7c2f22d27410b8294a4c09f1cbe9cc58766f,data
data/raw/sensitivity/instrumented/tolerance_tight/pure_p_p4_k3_d1_neumann_stratified_breakpoint_lbfgs_seed0201_20260907T084527+0800/states/accepted_0013.npz,2544,ee721a023f9478d9c54bc13644b8e148c00a9d5f9a67a70b78c66f7af74f8a4e,data
data/raw/sensitivity/instrumented/tolerance_tight/pure_p_p4_k3_d1_neumann_stratified_breakpoint_lbfgs_seed0201_20260907T084527+0800/states/accepted_0014.npz,2577,1f170fdb772624e3e05686c3b966e274a1df554146a76190ebbe4a8532e99372,data
data/raw/sensitivity/instrumented/tolerance_tight/pure_p_p4_k3_d1_neumann_stratified_breakpoint_lbfgs_seed0201_20260907T084527+0800/states/accepted_0015.npz,2614,01f641cf03044eca5441399377324a293343e19b092441000fcf6bd6798f17b2,data
data/raw/sensitivity/instrumented/tolerance_tight/pure_p_p4_k3_d1_neumann_stratified_breakpoint_lbfgs_seed0201_20260907T084527+0800/states/accepted_0016.npz,2647,273b63e0b9a9f5fa763f716d127c70ebb1653a943f23abd65d6bbad96c8b9b90,data
data/raw/sensitivity/instrumented/tolerance_tight/pure_p_p4_k3_d1_neumann_stratified_breakpoint_lbfgs_seed0201_20260907T084527+0800/states/accepted_0017.npz,2682,77b84912ed371d67bb47fac4fa6781e3f909282017fd38fc8d511088389436e1,data
data/raw/sensitivity/instrumented/tolerance_tight/pure_p_p4_k3_d1_neumann_stratified_breakpoint_lbfgs_seed0201_20260907T084527+0800/states/accepted_0018.npz,2717,a372d83403ae7e38c556342364c297f21ba8c78579755c34fc90dc386819e790,data
data/raw/sensitivity/instrumented/tolerance_tight/pure_p_p4_k3_d1_neumann_stratified_breakpoint_lbfgs_seed0201_20260907T084527+0800/states/accepted_0019.npz,2749,6dde3b018b62621db0278b9ef213150a62f7c5e983b68da9b348058a67f72612,data
data/raw/sensitivity/instrumented/tolerance_tight/pure_p_p4_k3_d1_neumann_stratified_breakpoint_lbfgs_seed0201_20260907T084527+0800/states/accepted_0020.npz,2784,ee030e0a8488dac0d43f65dd390d25d350b7bd3178bfef3dd754fe8cbc051194,data
data/raw/sensitivity/instrumented/tolerance_tight/pure_p_p4_k3_d1_neumann_stratified_breakpoint_lbfgs_seed0201_20260907T084527+0800/states/accepted_0021.npz,2817,d468d60a83bce27e3774fe25b7231d42af25ce341df844b9aded833968475aec,data
data/raw/sensitivity/instrumented/tolerance_tight/pure_p_p4_k3_d1_neumann_stratified_breakpoint_lbfgs_seed0201_20260907T084527+0800/states/accepted_0022.npz,2851,2a808ecfe7e99cc3289cd9789bdc01c7cce8134c09f2d41617e3136264c2fe0a,data
data/raw/sensitivity/instrumented/tolerance_tight/pure_p_p4_k3_d1_neumann_stratified_breakpoint_lbfgs_seed0201_20260907T084527+0800/states/accepted_0023.npz,2883,a6379e457f806e893861d802e3bd4448ff9bdeafd8fdecfcf3438d4ab2eec769,data
data/raw/sensitivity/instrumented/tolerance_tight/pure_p_p4_k3_d1_neumann_stratified_breakpoint_lbfgs_seed0201_20260907T084527+0800/states/accepted_0024.npz,2918,1520280d30a64c59ec0c9efcdc8b0e22902f1213316a8588d27063fdc38c1bbc,data
data/raw/sensitivity/instrumented/tolerance_tight/pure_p_p4_k3_d1_neumann_stratified_breakpoint_lbfgs_seed0201_20260907T084527+0800/states/accepted_0025.npz,2952,9a3aa94dcd5a9da16e36daba088c472156665e1a9cb2b2ad5de1ffb78ce318a8,data
data/raw/sensitivity/instrumented/tolerance_tight/pure_p_p4_k3_d1_neumann_stratified_breakpoint_lbfgs_seed0201_20260907T084527+0800/states/accepted_0026.npz,2984,9f9e156a04102d918981c40f6cc07f18153175f834afaf9b7fa1983d25a95cd1,data
data/raw/sensitivity/instrumented/tolerance_tight/pure_p_p4_k3_d1_neumann_stratified_breakpoint_lbfgs_seed0201_20260907T084527+0800/states/accepted_0027.npz,3019,7c101486ade5f425c7b69f1f43229f7b808b73bdab3d368209bf78c8c6bdda84,data
data/raw/sensitivity/instrumented/tolerance_tight/pure_p_p4_k3_d1_neumann_stratified_breakpoint_lbfgs_seed0201_20260907T084527+0800/states/accepted_0028.npz,3052,8694dbcba8c38c0f9441ab79eead1bd797cb74769e4b66f3b18d23eebfe8fa81,data
data/raw/sensitivity/instrumented/tolerance_tight/pure_p_p4_k3_d1_neumann_stratified_breakpoint_lbfgs_seed0201_20260907T084527+0800/states/accepted_0029.npz,3085,25c77074d5422b4b145d53d0a63b515bb639e9a2add41d9dd5f1c6af44901ba7,data
data/raw/sensitivity/instrumented/tolerance_tight/pure_p_p4_k3_d1_neumann_stratified_breakpoint_lbfgs_seed0201_20260907T084527+0800/states/accepted_0030.npz,3121,d9ff72773abd7203874524eeada1f68bdeba7b9f871885325168a668ac40afbd,data
data/raw/sensitivity/instrumented/tolerance_tight/pure_p_p4_k3_d1_neumann_stratified_breakpoint_lbfgs_seed0201_20260907T084527+0800/states/accepted_0031.npz,3155,9b94da3fa056ddec58279d2877b0eee876bb58f7697a1fc2d51220a133f72312,data
data/raw/sensitivity/instrumented/tolerance_tight/pure_p_p4_k3_d1_neumann_stratified_breakpoint_lbfgs_seed0201_20260907T084527+0800/states/accepted_0032.npz,3189,bb9927f136bc7e5e97d9549a609a235ced1fb1e311b70270d618fda6b5296c3a,data
data/raw/sensitivity/instrumented/tolerance_tight/pure_p_p4_k3_d1_neumann_stratified_breakpoint_lbfgs_seed0201_20260907T084527+0800/summary.json,4887,6b3f9c98ba303c4470b6ccae43545efd79ddf88e29639f2af69920c41b597214,data
data/raw/sensitivity/instrumented/tolerance_tight/pure_p_p4_k3_d1_neumann_stratified_breakpoint_lbfgs_seed0201_20260907T084527+0800/trusted_model.npz,3189,bb9927f136bc7e5e97d9549a609a235ced1fb1e311b70270d618fda6b5296c3a,data
data/raw/sensitivity/pool_1024/pure_p_p4_k3_d1_neumann_stratified_breakpoint_lbfgs_seed0201_20260907T084329+0800/candidate_pool.npz,25167,22105212c82fe4c9303823c451207af240b9bf0d240b50d9a9e8351e6396ad82,data
data/raw/sensitivity/pool_1024/pure_p_p4_k3_d1_neumann_stratified_breakpoint_lbfgs_seed0201_20260907T084329+0800/checkpoint.npz,3726,1495882370199f3b8369fe6a522c24d926458eabe8077c174bfb05695c067986,data
data/raw/sensitivity/pool_1024/pure_p_p4_k3_d1_neumann_stratified_breakpoint_lbfgs_seed0201_20260907T084329+0800/command.txt,74,776cbbeb8b28266d66f2366dbc57f2d01719ba6f9a46837c15b81ecaddedae79,data
data/raw/sensitivity/pool_1024/pure_p_p4_k3_d1_neumann_stratified_breakpoint_lbfgs_seed0201_20260907T084329+0800/config.json,1735,ccd8aa5211036b4ba50ac6cb33873e50ab1c76bebce47f42ad5e0f68c50bda59,data
data/raw/sensitivity/pool_1024/pure_p_p4_k3_d1_neumann_stratified_breakpoint_lbfgs_seed0201_20260907T084329+0800/diagnostic_model.npz,3199,6d38ecedf62c2fa0781e7d9551d3c8ff558add28df18c27cae8a216772ebe6c9,data
data/raw/sensitivity/pool_1024/pure_p_p4_k3_d1_neumann_stratified_breakpoint_lbfgs_seed0201_20260907T084329+0800/environment.json,371,47a13e806957f9662a3837c70eee2182a450028fd4fbcebff2a87c7794542fc0,data
data/raw/sensitivity/pool_1024/pure_p_p4_k3_d1_neumann_stratified_breakpoint_lbfgs_seed0201_20260907T084329+0800/history.csv,30337,d5e4aba246c12af369213fff43d1a4c768a00ea391c23989b7b7eefc3f6cb099,data
data/raw/sensitivity/pool_1024/pure_p_p4_k3_d1_neumann_stratified_breakpoint_lbfgs_seed0201_20260907T084329+0800/log.txt,2752,95383e9f90d16904ffaecf19dd99c3dc678e5dd4ac6ab598bc532b3417eaa25d,data
data/raw/sensitivity/pool_1024/pure_p_p4_k3_d1_neumann_stratified_breakpoint_lbfgs_seed0201_20260907T084329+0800/model.npz,3199,6d38ecedf62c2fa0781e7d9551d3c8ff558add28df18c27cae8a216772ebe6c9,data
data/raw/sensitivity/pool_1024/pure_p_p4_k3_d1_neumann_stratified_breakpoint_lbfgs_seed0201_20260907T084329+0800/pool_manifest.json,643,f61b5b1004ca2d1b7c9a11a744859aaa11a41ec79c70f02cf0186bd83168bc01,data
data/raw/sensitivity/pool_1024/pure_p_p4_k3_d1_neumann_stratified_breakpoint_lbfgs_seed0201_20260907T084329+0800/reference_pool.npz,25183,c246875d17561656d48c109b8bb73036bc67276111cba747c8e7c48d9e293b82,data
data/raw/sensitivity/pool_1024/pure_p_p4_k3_d1_neumann_stratified_breakpoint_lbfgs_seed0201_20260907T084329+0800/states/accepted_0001.npz,2125,342551336a3dcf39c25f158da976c4dabddcdc3cdac1c74f44e0387c9d19ecfe,data
data/raw/sensitivity/pool_1024/pure_p_p4_k3_d1_neumann_stratified_breakpoint_lbfgs_seed0201_20260907T084329+0800/states/accepted_0002.npz,2161,5a1dc7ed727c0d1e130f4a6855b302347e4e5fcc50f586a6a162ef04d6929d7a,data
data/raw/sensitivity/pool_1024/pure_p_p4_k3_d1_neumann_stratified_breakpoint_lbfgs_seed0201_20260907T084329+0800/states/accepted_0003.npz,2197,ee7dfa5e5c185a8ebd6926fc6547576aa3bf905d2d56b511cf282bee78b475b8,data
data/raw/sensitivity/pool_1024/pure_p_p4_k3_d1_neumann_stratified_breakpoint_lbfgs_seed0201_20260907T084329+0800/states/accepted_0004.npz,2230,c77dd6f1e5325bd584b9de992e5db77366a22da5edfe6cc2f206a4c426f45f5a,data
data/raw/sensitivity/pool_1024/pure_p_p4_k3_d1_neumann_stratified_breakpoint_lbfgs_seed0201_20260907T084329+0800/states/accepted_0005.npz,2264,e572cd2da615200fbc477a1a60edae6fda3226f547c895064c1ba1db255cb59e,data
data/raw/sensitivity/pool_1024/pure_p_p4_k3_d1_neumann_stratified_breakpoint_lbfgs_seed0201_20260907T084329+0800/states/accepted_0006.npz,2297,bfc26c3cdf4a3580628151bf23859d4ea82b9b75c989dc30cf0e518ff13f14e3,data
data/raw/sensitivity/pool_1024/pure_p_p4_k3_d1_neumann_stratified_breakpoint_lbfgs_seed0201_20260907T084329+0800/states/accepted_0007.npz,2333,fcd53b380dcdefa48163dae1c7f1579e9b9a8f16fce44d6fd4fa41893269e8dc,data
data/raw/sensitivity/pool_1024/pure_p_p4_k3_d1_neumann_stratified_breakpoint_lbfgs_seed0201_20260907T084329+0800/states/accepted_0008.npz,2368,1f8580d3982e55001fab1819da35564ca8a5f666dc4730185d50b1983b973d1b,data
data/raw/sensitivity/pool_1024/pure_p_p4_k3_d1_neumann_stratified_breakpoint_lbfgs_seed0201_20260907T084329+0800/states/accepted_0009.npz,2404,3fca74f45ae20d16459567fd2254632bb319f166b153b7f9dc4f28a82a489db6,data
data/raw/sensitivity/pool_1024/pure_p_p4_k3_d1_neumann_stratified_breakpoint_lbfgs_seed0201_20260907T084329+0800/states/accepted_0010.npz,2442,07682072741e9095d7c32786fa72072eeeecd1e745150475c47f48735e66e2ae,data
data/raw/sensitivity/pool_1024/pure_p_p4_k3_d1_neumann_stratified_breakpoint_lbfgs_seed0201_20260907T084329+0800/states/accepted_0011.npz,2478,cc6e05eb4eaf90eb17477df68fea3faad66b38ce053b6694f33fdc93b8bca88c,data
data/raw/sensitivity/pool_1024/pure_p_p4_k3_d1_neumann_stratified_breakpoint_lbfgs_seed0201_20260907T084329+0800/states/accepted_0012.npz,2512,c570941b163c1233326e9fcf2f96d015206463c1568fc239aae6396e47280d0e,data
data/raw/sensitivity/pool_1024/pure_p_p4_k3_d1_neumann_stratified_breakpoint_lbfgs_seed0201_20260907T084329+0800/states/accepted_0013.npz,2548,2ada46fcdf567f81c9d4ceb63253597a8031cec3f542ee95ff725d1c6ecb770e,data
data/raw/sensitivity/pool_1024/pure_p_p4_k3_d1_neumann_stratified_breakpoint_lbfgs_seed0201_20260907T084329+0800/states/accepted_0014.npz,2581,752cbaaef5722d9fe5ee69bfbf1b1de62d8d1f75557c5d830dfabe281c1ae4bb,data
data/raw/sensitivity/pool_1024/pure_p_p4_k3_d1_neumann_stratified_breakpoint_lbfgs_seed0201_20260907T084329+0800/states/accepted_0015.npz,2617,42aac5b9f83be32cac603513daed63287326191652e7f0b0f3fffa509e284164,data
data/raw/sensitivity/pool_1024/pure_p_p4_k3_d1_neumann_stratified_breakpoint_lbfgs_seed0201_20260907T084329+0800/states/accepted_0016.npz,2650,ece95638fbfcfd1ff163b1749d550f2b52ad07acb7cdd75c34729b22c6001224,data
data/raw/sensitivity/pool_1024/pure_p_p4_k3_d1_neumann_stratified_breakpoint_lbfgs_seed0201_20260907T084329+0800/states/accepted_0017.npz,2685,d6e1805f9ec65ea682eb333b5a4e8ac3df32111493c1edad79daa344659f54cd,data
data/raw/sensitivity/pool_1024/pure_p_p4_k3_d1_neumann_stratified_breakpoint_lbfgs_seed0201_20260907T084329+0800/states/accepted_0018.npz,2718,67e1dd015f0881128a5fc3df9c6c4af86e7fb7492bc750566f8cc05b8b761966,data
data/raw/sensitivity/pool_1024/pure_p_p4_k3_d1_neumann_stratified_breakpoint_lbfgs_seed0201_20260907T084329+0800/states/accepted_0019.npz,2753,53796eb18f544acbbd5b8e3603567dc3c589b90e4c93564c670a9c14dd4f3f7c,data
data/raw/sensitivity/pool_1024/pure_p_p4_k3_d1_neumann_stratified_breakpoint_lbfgs_seed0201_20260907T084329+0800/states/accepted_0020.npz,2787,4a055d5e331abe00e23ebc92b327ff2aab199fa48a4a22e4d6f6ea6784ff7087,data
data/raw/sensitivity/pool_1024/pure_p_p4_k3_d1_neumann_stratified_breakpoint_lbfgs_seed0201_20260907T084329+0800/states/accepted_0021.npz,2820,e3ce651f7dfe9c7fc9fae9f486b8ab29b50ef6516d32e60bb226da1e29a118fb,data
data/raw/sensitivity/pool_1024/pure_p_p4_k3_d1_neumann_stratified_breakpoint_lbfgs_seed0201_20260907T084329+0800/states/accepted_0022.npz,2857,278b76fe798a4756532a1890ffa7ec72f3b0ffa01b94bf11c065801eaab55a68,data
data/raw/sensitivity/pool_1024/pure_p_p4_k3_d1_neumann_stratified_breakpoint_lbfgs_seed0201_20260907T084329+0800/states/accepted_0023.npz,2891,1ea3d775e2e4a6c16fbe21a8ed1633bd33f8fb626bcebca0d206a78a11d07c1e,data
data/raw/sensitivity/pool_1024/pure_p_p4_k3_d1_neumann_stratified_breakpoint_lbfgs_seed0201_20260907T084329+0800/states/accepted_0024.npz,2926,ae22ca60674c4e32efbf1b36f5719844cf7c793bad66e1afcac3028c431dba26,data
data/raw/sensitivity/pool_1024/pure_p_p4_k3_d1_neumann_stratified_breakpoint_lbfgs_seed0201_20260907T084329+0800/states/accepted_0025.npz,2960,54226d77d4c6a0a0fa72f81bc5c2d97a87b51d365ca3d85ef5012e6d3a0e67bc,data
data/raw/sensitivity/pool_1024/pure_p_p4_k3_d1_neumann_stratified_breakpoint_lbfgs_seed0201_20260907T084329+0800/states/accepted_0026.npz,2993,c7597b1fa6a74d4661074de4086c42f5a8def02ce53cfb4596415892299421ff,data
data/raw/sensitivity/pool_1024/pure_p_p4_k3_d1_neumann_stratified_breakpoint_lbfgs_seed0201_20260907T084329+0800/states/accepted_0027.npz,3028,7f2d954ac9de6318218926e2ad52feb153449e380fe803bb4f4425c259bd1e5f,data
data/raw/sensitivity/pool_1024/pure_p_p4_k3_d1_neumann_stratified_breakpoint_lbfgs_seed0201_20260907T084329+0800/states/accepted_0028.npz,3063,b3f1c83438cf7000faefbbeb9f5fbf19b752cb7e58d80070b8e003468d31db8d,data
data/raw/sensitivity/pool_1024/pure_p_p4_k3_d1_neumann_stratified_breakpoint_lbfgs_seed0201_20260907T084329+0800/states/accepted_0029.npz,3097,88d11d88cdc87cd61f9a58f49e81bb11d384841bdfea51488162727b7edfd9bf,data
data/raw/sensitivity/pool_1024/pure_p_p4_k3_d1_neumann_stratified_breakpoint_lbfgs_seed0201_20260907T084329+0800/states/accepted_0030.npz,3130,246119eadb0093f237d4272601cf112a57c00b548549f54e89ae6930c78dc519,data
data/raw/sensitivity/pool_1024/pure_p_p4_k3_d1_neumann_stratified_breakpoint_lbfgs_seed0201_20260907T084329+0800/states/accepted_0031.npz,3164,7c2b7b70866351088b61fd2e24fe7a6d375953d6161fadefd5b97346f8225daf,data
data/raw/sensitivity/pool_1024/pure_p_p4_k3_d1_neumann_stratified_breakpoint_lbfgs_seed0201_20260907T084329+0800/states/accepted_0032.npz,3199,6d38ecedf62c2fa0781e7d9551d3c8ff558add28df18c27cae8a216772ebe6c9,data
data/raw/sensitivity/pool_1024/pure_p_p4_k3_d1_neumann_stratified_breakpoint_lbfgs_seed0201_20260907T084329+0800/summary.json,4910,d6aa5e2ab5fa03fe1d04ccf24d7f3b166b2a7129f56ae2ad4fb6294359966002,data
data/raw/sensitivity/pool_1024/pure_p_p4_k3_d1_neumann_stratified_breakpoint_lbfgs_seed0201_20260907T084329+0800/trusted_model.npz,3199,6d38ecedf62c2fa0781e7d9551d3c8ff558add28df18c27cae8a216772ebe6c9,data
data/raw/sensitivity/pool_256/pure_p_p4_k3_d1_neumann_stratified_breakpoint_lbfgs_seed0201_20260907T084328+0800/candidate_pool.npz,8170,14e251041c3f9d48eb4a568000ca8cbe7b46c45f30bc8796ce86995e2be7077e,data
data/raw/sensitivity/pool_256/pure_p_p4_k3_d1_neumann_stratified_breakpoint_lbfgs_seed0201_20260907T084328+0800/checkpoint.npz,3698,ed537ecd013ccb6904d9f3182859c4d2f6d29e77f764375e5b538e74693a7d13,data
data/raw/sensitivity/pool_256/pure_p_p4_k3_d1_neumann_stratified_breakpoint_lbfgs_seed0201_20260907T084328+0800/command.txt,73,43efb065d908beecabf13f10047de3b3e85aeb63c55d8f121e2581699076c46f,data
data/raw/sensitivity/pool_256/pure_p_p4_k3_d1_neumann_stratified_breakpoint_lbfgs_seed0201_20260907T084328+0800/config.json,1733,fcaa486da87bc5dcdc1db1dd46a73ca069dc982332b9e89994f6c26912aa9abc,data
data/raw/sensitivity/pool_256/pure_p_p4_k3_d1_neumann_stratified_breakpoint_lbfgs_seed0201_20260907T084328+0800/diagnostic_model.npz,3195,f2e865c91f50164d70db686dce158e64749c707a66168bdd64e3e0031f67c124,data
data/raw/sensitivity/pool_256/pure_p_p4_k3_d1_neumann_stratified_breakpoint_lbfgs_seed0201_20260907T084328+0800/environment.json,371,109e9f64cad4a4b7f5607365c65488bf9ed8d23245f1ff0b0b742e0bf66f51fe,data
data/raw/sensitivity/pool_256/pure_p_p4_k3_d1_neumann_stratified_breakpoint_lbfgs_seed0201_20260907T084328+0800/history.csv,30145,40551c8a1adbe7368bf6f492886a8e221c48aaec7f1c728d214e867eb1807ba6,data
data/raw/sensitivity/pool_256/pure_p_p4_k3_d1_neumann_stratified_breakpoint_lbfgs_seed0201_20260907T084328+0800/log.txt,2758,ce3332b28fae16f0c89f9b36b8553a2ff8774bd57dc6d0557dc1c38d76f5312a,data
data/raw/sensitivity/pool_256/pure_p_p4_k3_d1_neumann_stratified_breakpoint_lbfgs_seed0201_20260907T084328+0800/model.npz,3195,f2e865c91f50164d70db686dce158e64749c707a66168bdd64e3e0031f67c124,data
data/raw/sensitivity/pool_256/pure_p_p4_k3_d1_neumann_stratified_breakpoint_lbfgs_seed0201_20260907T084328+0800/pool_manifest.json,641,2d8aef7122753d83b74f25e4edaca7a739e8eaac663723476ddc374dc2080c7b,data
data/raw/sensitivity/pool_256/pure_p_p4_k3_d1_neumann_stratified_breakpoint_lbfgs_seed0201_20260907T084328+0800/reference_pool.npz,25180,cdea45e3c07c3c43f5e0aebecf328fb75a3ba9191d158b29ed032614dcf01483,data
data/raw/sensitivity/pool_256/pure_p_p4_k3_d1_neumann_stratified_breakpoint_lbfgs_seed0201_20260907T084328+0800/states/accepted_0001.npz,2126,fc693521be5223e933531022361893bd37b645e1444ab1fbbbfa839e6d00edd9,data
data/raw/sensitivity/pool_256/pure_p_p4_k3_d1_neumann_stratified_breakpoint_lbfgs_seed0201_20260907T084328+0800/states/accepted_0002.npz,2161,a68ca9588b9e17bd6295de0b5949a67020c448a2a50daf6eb51138bb552ad727,data
data/raw/sensitivity/pool_256/pure_p_p4_k3_d1_neumann_stratified_breakpoint_lbfgs_seed0201_20260907T084328+0800/states/accepted_0003.npz,2196,07bf666e22501539ae9e229996b5522bd3ec3df8db7f48646cc15760764e323f,data
data/raw/sensitivity/pool_256/pure_p_p4_k3_d1_neumann_stratified_breakpoint_lbfgs_seed0201_20260907T084328+0800/states/accepted_0004.npz,2230,b5dbd9c37a1d4916538adc78a1701a787ff3cdf242ef65784c8ea6535f6f8e8c,data
data/raw/sensitivity/pool_256/pure_p_p4_k3_d1_neumann_stratified_breakpoint_lbfgs_seed0201_20260907T084328+0800/states/accepted_0005.npz,2265,e89fbfb039b10492192e51d2a9c1bc9fdf609c2d5d3e1f9d98020113f4674444,data
data/raw/sensitivity/pool_256/pure_p_p4_k3_d1_neumann_stratified_breakpoint_lbfgs_seed0201_20260907T084328+0800/states/accepted_0006.npz,2299,eda0af341785a0bab349b768b88445c0060b1c56cd3161845f871168e02ab319,data
data/raw/sensitivity/pool_256/pure_p_p4_k3_d1_neumann_stratified_breakpoint_lbfgs_seed0201_20260907T084328+0800/states/accepted_0007.npz,2333,32ad0406cf902786799dffc00323e7889d756363bce4666799861a7c66d6f6a6,data
data/raw/sensitivity/pool_256/pure_p_p4_k3_d1_neumann_stratified_breakpoint_lbfgs_seed0201_20260907T084328+0800/states/accepted_0008.npz,2369,13ebb8cf8e227de4c6a59e75ad07db9202218e52edeb0dfd2cf200c10668fef2,data
data/raw/sensitivity/pool_256/pure_p_p4_k3_d1_neumann_stratified_breakpoint_lbfgs_seed0201_20260907T084328+0800/states/accepted_0009.npz,2404,b3ceb83341ef20671ed338a6f2afe51390344658771d58a12836f1717b471777,data
data/raw/sensitivity/pool_256/pure_p_p4_k3_d1_neumann_stratified_breakpoint_lbfgs_seed0201_20260907T084328+0800/states/accepted_0010.npz,2441,6fd6296c9d046c70d8a37b8ede46beb62786a529f1dfaabf2b978282acde1d58,data
data/raw/sensitivity/pool_256/pure_p_p4_k3_d1_neumann_stratified_breakpoint_lbfgs_seed0201_20260907T084328+0800/states/accepted_0011.npz,2476,af5377939e633b574e30414065cc5cf1b0dfc8ba8b0152f762a471ce59ddd3fe,data
data/raw/sensitivity/pool_256/pure_p_p4_k3_d1_neumann_stratified_breakpoint_lbfgs_seed0201_20260907T084328+0800/states/accepted_0012.npz,2512,abc78c21252224b388e286985a53acc863a6c347908490018fbdb6a3af49315e,data
data/raw/sensitivity/pool_256/pure_p_p4_k3_d1_neumann_stratified_breakpoint_lbfgs_seed0201_20260907T084328+0800/states/accepted_0013.npz,2547,0bc91d5fd1188803452ed72f302ec829e02acc19a6f3bdb1817e284288e229bb,data
data/raw/sensitivity/pool_256/pure_p_p4_k3_d1_neumann_stratified_breakpoint_lbfgs_seed0201_20260907T084328+0800/states/accepted_0014.npz,2579,d6cc57b7b3a521084619c98ba452d2a54d8ab64eafdb724890d16d1d3e0c4f92,data
data/raw/sensitivity/pool_256/pure_p_p4_k3_d1_neumann_stratified_breakpoint_lbfgs_seed0201_20260907T084328+0800/states/accepted_0015.npz,2614,f23e97dfb1bc035d183a55326e9bc803b6d6ffc506088b64d1783f60b4fe0151,data
data/raw/sensitivity/pool_256/pure_p_p4_k3_d1_neumann_stratified_breakpoint_lbfgs_seed0201_20260907T084328+0800/states/accepted_0016.npz,2648,ed4a39dd4e903fa78b1d687449507ad2cad51b3304564cd8ce5eefa126996325,data
data/raw/sensitivity/pool_256/pure_p_p4_k3_d1_neumann_stratified_breakpoint_lbfgs_seed0201_20260907T084328+0800/states/accepted_0017.npz,2685,58b6f508c2d7ec957b99fe71b88db58599810ffb75b03f5c9684b5985b06931c,data
data/raw/sensitivity/pool_256/pure_p_p4_k3_d1_neumann_stratified_breakpoint_lbfgs_seed0201_20260907T084328+0800/states/accepted_0018.npz,2718,621a6aa1d3ff1d692d0f70502433660bb7ddf45e506a294c047eb8fe3f7d07e7,data
data/raw/sensitivity/pool_256/pure_p_p4_k3_d1_neumann_stratified_breakpoint_lbfgs_seed0201_20260907T084328+0800/states/accepted_0019.npz,2751,e0710a75ccb48cce77fd805d820e246e56807832654f8874558697c0e8d69dfd,data
data/raw/sensitivity/pool_256/pure_p_p4_k3_d1_neumann_stratified_breakpoint_lbfgs_seed0201_20260907T084328+0800/states/accepted_0020.npz,2784,f20d4ae9fb08eff2a82981f1a5ddc87e94a8c0dbdf0b4336f09c785fe8cc942a,data
data/raw/sensitivity/pool_256/pure_p_p4_k3_d1_neumann_stratified_breakpoint_lbfgs_seed0201_20260907T084328+0800/states/accepted_0021.npz,2818,590ecc132ced7d6636207d6691710c937aada0e65d3ce2410fa90243a4fb2e1d,data
data/raw/sensitivity/pool_256/pure_p_p4_k3_d1_neumann_stratified_breakpoint_lbfgs_seed0201_20260907T084328+0800/states/accepted_0022.npz,2853,87541bb059195774ac14fe38e470838e8a8c5ab524d71f3d44eff950a695ec4a,data
data/raw/sensitivity/pool_256/pure_p_p4_k3_d1_neumann_stratified_breakpoint_lbfgs_seed0201_20260907T084328+0800/states/accepted_0023.npz,2888,5d928102248515a87b7825c75cf84f27274492fc9daacc9533b6002c03be4613,data
data/raw/sensitivity/pool_256/pure_p_p4_k3_d1_neumann_stratified_breakpoint_lbfgs_seed0201_20260907T084328+0800/states/accepted_0024.npz,2922,7a12323f8d3d56adb7d97f40f6e4e5e96cc23e0eb08068f116798e47509bd9c7,data
data/raw/sensitivity/pool_256/pure_p_p4_k3_d1_neumann_stratified_breakpoint_lbfgs_seed0201_20260907T084328+0800/states/accepted_0025.npz,2955,bc3d3ac4a2114a56350e1c472b7b2d7309ffaf104b97543c18168ac45a82f8a4,data
data/raw/sensitivity/pool_256/pure_p_p4_k3_d1_neumann_stratified_breakpoint_lbfgs_seed0201_20260907T084328+0800/states/accepted_0026.npz,2987,881c141fafa96a9078589b547bb0a2930361ec481cda33c89cdb854d774fb034,data
data/raw/sensitivity/pool_256/pure_p_p4_k3_d1_neumann_stratified_breakpoint_lbfgs_seed0201_20260907T084328+0800/states/accepted_0027.npz,3024,5cc7522917c63a49417fc184c3b8fddff8cc9fb0ba957d443a0afbb72def1b1d,data
data/raw/sensitivity/pool_256/pure_p_p4_k3_d1_neumann_stratified_breakpoint_lbfgs_seed0201_20260907T084328+0800/states/accepted_0028.npz,3057,93c1c154077e3c8cc5366e44460486c2137c13b0bc0ffcb9165e5e0690080187,data
data/raw/sensitivity/pool_256/pure_p_p4_k3_d1_neumann_stratified_breakpoint_lbfgs_seed0201_20260907T084328+0800/states/accepted_0029.npz,3091,33e2352b2c6e6b9b33ebc5ba3eaf03137ea66a4da333522d13923db60e1cb9a6,data
data/raw/sensitivity/pool_256/pure_p_p4_k3_d1_neumann_stratified_breakpoint_lbfgs_seed0201_20260907T084328+0800/states/accepted_0030.npz,3126,b421199d333d360993784a27bd37dc662ae10c2cbfe3b9a62f5d8b446a829233,data
data/raw/sensitivity/pool_256/pure_p_p4_k3_d1_neumann_stratified_breakpoint_lbfgs_seed0201_20260907T084328+0800/states/accepted_0031.npz,3163,21c832ac274ae3e228b6393e7405f85834538f86cb3c7b20f9631d1e6d2dffd5,data
data/raw/sensitivity/pool_256/pure_p_p4_k3_d1_neumann_stratified_breakpoint_lbfgs_seed0201_20260907T084328+0800/states/accepted_0032.npz,3195,f2e865c91f50164d70db686dce158e64749c707a66168bdd64e3e0031f67c124,data
data/raw/sensitivity/pool_256/pure_p_p4_k3_d1_neumann_stratified_breakpoint_lbfgs_seed0201_20260907T084328+0800/summary.json,4886,2c2bd05bc219eef5edc83d572173cff9db33add08aba47dd9b1e82ba612a21f7,data
data/raw/sensitivity/pool_256/pure_p_p4_k3_d1_neumann_stratified_breakpoint_lbfgs_seed0201_20260907T084328+0800/trusted_model.npz,3195,f2e865c91f50164d70db686dce158e64749c707a66168bdd64e3e0031f67c124,data
data/raw/sensitivity/quadrature_10/pure_p_p4_k3_d1_neumann_stratified_breakpoint_lbfgs_seed0201_20260907T084335+0800/candidate_pool.npz,13836,7e098828baa9c78e629c43e4a59657b829af7a190bf6bc012a5cadb8658e450b,data
data/raw/sensitivity/quadrature_10/pure_p_p4_k3_d1_neumann_stratified_breakpoint_lbfgs_seed0201_20260907T084335+0800/checkpoint.npz,3710,58b471d19180233103ea99e374db8e09803a9fa71d6f1aa205a50d3e9fd890a9,data
data/raw/sensitivity/quadrature_10/pure_p_p4_k3_d1_neumann_stratified_breakpoint_lbfgs_seed0201_20260907T084335+0800/command.txt,72,d393a02131d6d1caebb47fc414e794cb44f6e8d7e2a51bbf80c472eed9d11df8,data
data/raw/sensitivity/quadrature_10/pure_p_p4_k3_d1_neumann_stratified_breakpoint_lbfgs_seed0201_20260907T084335+0800/config.json,1733,0666d379d19bd7e6b7b569692cbac39dc9632c1852b37e36aea8adbce07a53b4,data
data/raw/sensitivity/quadrature_10/pure_p_p4_k3_d1_neumann_stratified_breakpoint_lbfgs_seed0201_20260907T084335+0800/diagnostic_model.npz,3190,bed50b8afb9505c408cc3b0ed400a4e0617d4369058c96f3580ec69c9ee02c52,data
data/raw/sensitivity/quadrature_10/pure_p_p4_k3_d1_neumann_stratified_breakpoint_lbfgs_seed0201_20260907T084335+0800/environment.json,371,229381cb1ede2dd6d3620e3689812553e40bd77d4e9517322bf2c4f37a76ba14,data
data/raw/sensitivity/quadrature_10/pure_p_p4_k3_d1_neumann_stratified_breakpoint_lbfgs_seed0201_20260907T084335+0800/history.csv,30651,8013fbe73399b6bbc26feaa53d9912278b90510557d4f091a3172f24ef538fff,data
data/raw/sensitivity/quadrature_10/pure_p_p4_k3_d1_neumann_stratified_breakpoint_lbfgs_seed0201_20260907T084335+0800/log.txt,2753,d46d7119e376e7d72cf00533a92382cde6633a8de3f52f4f5e1bcf264512d3ae,data
data/raw/sensitivity/quadrature_10/pure_p_p4_k3_d1_neumann_stratified_breakpoint_lbfgs_seed0201_20260907T084335+0800/model.npz,3190,bed50b8afb9505c408cc3b0ed400a4e0617d4369058c96f3580ec69c9ee02c52,data
data/raw/sensitivity/quadrature_10/pure_p_p4_k3_d1_neumann_stratified_breakpoint_lbfgs_seed0201_20260907T084335+0800/pool_manifest.json,643,f97aeb21b2b4575f03a749a2f0c81a0705f5a37b28be19f1198df543a4bb7ceb,data
data/raw/sensitivity/quadrature_10/pure_p_p4_k3_d1_neumann_stratified_breakpoint_lbfgs_seed0201_20260907T084335+0800/reference_pool.npz,25184,f4247506099b56f7fc84fcb16eee43e78eaf6e2a8359a938e05de042e23d143f,data
data/raw/sensitivity/quadrature_10/pure_p_p4_k3_d1_neumann_stratified_breakpoint_lbfgs_seed0201_20260907T084335+0800/states/accepted_0001.npz,2124,a734a9fbf5e67d457a14cdbf71d0cc0ae0af41409e3158e28fd19cb2891745c7,data
data/raw/sensitivity/quadrature_10/pure_p_p4_k3_d1_neumann_stratified_breakpoint_lbfgs_seed0201_20260907T084335+0800/states/accepted_0002.npz,2162,ffb0a17a32910c517b502447f5843ff870435fe5a54f4348f6aaefdfba860fc6,data
data/raw/sensitivity/quadrature_10/pure_p_p4_k3_d1_neumann_stratified_breakpoint_lbfgs_seed0201_20260907T084335+0800/states/accepted_0003.npz,2197,f6c926ea5b911feb20d5f1fe6d9bc9de9925ee48c349cdee01dbb370f061d2f2,data
data/raw/sensitivity/quadrature_10/pure_p_p4_k3_d1_neumann_stratified_breakpoint_lbfgs_seed0201_20260907T084335+0800/states/accepted_0004.npz,2231,4d068fad78d760d131fcba6888a54c5d6ffda45e203a5f378530dc74e1b50589,data
data/raw/sensitivity/quadrature_10/pure_p_p4_k3_d1_neumann_stratified_breakpoint_lbfgs_seed0201_20260907T084335+0800/states/accepted_0005.npz,2265,d0008899f3394b2c88d8eaa2e005140326a28a25f296974970a01005a711e86d,data
data/raw/sensitivity/quadrature_10/pure_p_p4_k3_d1_neumann_stratified_breakpoint_lbfgs_seed0201_20260907T084335+0800/states/accepted_0006.npz,2299,c67526a94bf1ce3656f8726c6aa99b670d4dabb285dc987240c32598b4441927,data
data/raw/sensitivity/quadrature_10/pure_p_p4_k3_d1_neumann_stratified_breakpoint_lbfgs_seed0201_20260907T084335+0800/states/accepted_0007.npz,2333,14ee7a4f20185ee09f7d36ff16af8cc8c0e7b18de8bce1c5d26f64a4e9e94571,data
data/raw/sensitivity/quadrature_10/pure_p_p4_k3_d1_neumann_stratified_breakpoint_lbfgs_seed0201_20260907T084335+0800/states/accepted_0008.npz,2368,800ed9ae90f553e0c8250613f3f340193109b842ca788574fb1ccd113eb0b0bf,data
data/raw/sensitivity/quadrature_10/pure_p_p4_k3_d1_neumann_stratified_breakpoint_lbfgs_seed0201_20260907T084335+0800/states/accepted_0009.npz,2403,95339b50a8a1f42e4f8bd360d22ecdcaad45ede940b9d7ba86d26c0e0ef458c9,data
data/raw/sensitivity/quadrature_10/pure_p_p4_k3_d1_neumann_stratified_breakpoint_lbfgs_seed0201_20260907T084335+0800/states/accepted_0010.npz,2440,f00010b81484b67c059c5c2affc9dfd997f700c654f15948093bc664b58c9de2,data
data/raw/sensitivity/quadrature_10/pure_p_p4_k3_d1_neumann_stratified_breakpoint_lbfgs_seed0201_20260907T084335+0800/states/accepted_0011.npz,2476,e81cfd37603bbc547aa2f07392c10c2db84b8c50f2588211b591c6f0abe2ce5f,data
data/raw/sensitivity/quadrature_10/pure_p_p4_k3_d1_neumann_stratified_breakpoint_lbfgs_seed0201_20260907T084335+0800/states/accepted_0012.npz,2511,5e05d979f8185e643be5cc9eb2d45d709ed8b391229936ded280484615b188e9,data
data/raw/sensitivity/quadrature_10/pure_p_p4_k3_d1_neumann_stratified_breakpoint_lbfgs_seed0201_20260907T084335+0800/states/accepted_0013.npz,2544,3a21065762917c12d9db91ead642e071b63238babc5de75f4db98768ded637b8,data
data/raw/sensitivity/quadrature_10/pure_p_p4_k3_d1_neumann_stratified_breakpoint_lbfgs_seed0201_20260907T084335+0800/states/accepted_0014.npz,2577,c7c8c704c18f7f10fa2a1cf0ec1149e5d8112a67bd2506f31b06f2ef853f1b1b,data
data/raw/sensitivity/quadrature_10/pure_p_p4_k3_d1_neumann_stratified_breakpoint_lbfgs_seed0201_20260907T084335+0800/states/accepted_0015.npz,2613,d1c26c773f6032d3d92305c7dc0fbe8c983d0d69f6c6d1e4e68eadbe12ae12cd,data
data/raw/sensitivity/quadrature_10/pure_p_p4_k3_d1_neumann_stratified_breakpoint_lbfgs_seed0201_20260907T084335+0800/states/accepted_0016.npz,2647,80a350ef43adc29ef914db2f1261e8502450de91c9ef3894bd97471fdc231922,data
data/raw/sensitivity/quadrature_10/pure_p_p4_k3_d1_neumann_stratified_breakpoint_lbfgs_seed0201_20260907T084335+0800/states/accepted_0017.npz,2683,11239588c2291bf56d6ef036fe176b06cc55cb2c1031a4d3bddde887939f070f,data
data/raw/sensitivity/quadrature_10/pure_p_p4_k3_d1_neumann_stratified_breakpoint_lbfgs_seed0201_20260907T084335+0800/states/accepted_0018.npz,2718,f9acd485485c93778d36c9b45bb427cc072ba08da070f9a8aecdc12433541a65,data
data/raw/sensitivity/quadrature_10/pure_p_p4_k3_d1_neumann_stratified_breakpoint_lbfgs_seed0201_20260907T084335+0800/states/accepted_0019.npz,2749,507568f01421929113d60013ee04484ecaa90b96789bee8f524c01efdb8dae6c,data
data/raw/sensitivity/quadrature_10/pure_p_p4_k3_d1_neumann_stratified_breakpoint_lbfgs_seed0201_20260907T084335+0800/states/accepted_0020.npz,2785,a9bfda2351bc02d3534791f2eab5e4c53cb86d5e2901acb54c33a7b4d16f60bb,data
data/raw/sensitivity/quadrature_10/pure_p_p4_k3_d1_neumann_stratified_breakpoint_lbfgs_seed0201_20260907T084335+0800/states/accepted_0021.npz,2818,5b47505d294619640695d930c675d0308f55c436d3dfa6765f9af6f03a190e9c,data
data/raw/sensitivity/quadrature_10/pure_p_p4_k3_d1_neumann_stratified_breakpoint_lbfgs_seed0201_20260907T084335+0800/states/accepted_0022.npz,2852,d0f83647b4a9be0256243e0cf885b00cb8581f2f611c2b94f3c6f2cdb7a2110a,data
data/raw/sensitivity/quadrature_10/pure_p_p4_k3_d1_neumann_stratified_breakpoint_lbfgs_seed0201_20260907T084335+0800/states/accepted_0023.npz,2883,da6d6c2116fd622917bd1fc442f94e694ef7f242c23ec7008997cfe0da859543,data
data/raw/sensitivity/quadrature_10/pure_p_p4_k3_d1_neumann_stratified_breakpoint_lbfgs_seed0201_20260907T084335+0800/states/accepted_0024.npz,2917,173a2983c21ef6d16ad1693546a316cd30208e803a4a6f4eb1ba26ea94f21f1b,data
data/raw/sensitivity/quadrature_10/pure_p_p4_k3_d1_neumann_stratified_breakpoint_lbfgs_seed0201_20260907T084335+0800/states/accepted_0025.npz,2951,82c4e73702d02fca0353de9267cf649da776831bd879a1c61edae18d0cf7cc8e,data
data/raw/sensitivity/quadrature_10/pure_p_p4_k3_d1_neumann_stratified_breakpoint_lbfgs_seed0201_20260907T084335+0800/states/accepted_0026.npz,2984,92cc760f7c4605c1e7a309403706df4378b96326fc167860f718ce97f8063c64,data
data/raw/sensitivity/quadrature_10/pure_p_p4_k3_d1_neumann_stratified_breakpoint_lbfgs_seed0201_20260907T084335+0800/states/accepted_0027.npz,3018,79c53a74d771743da84f726db89b5b2fcc3c955fcb915b5cb162d175927a09be,data
data/raw/sensitivity/quadrature_10/pure_p_p4_k3_d1_neumann_stratified_breakpoint_lbfgs_seed0201_20260907T084335+0800/states/accepted_0028.npz,3052,1affe250247d3726b0dd0d1dfa4c68db48e9f0caea2532a8fcff619e807896b7,data
data/raw/sensitivity/quadrature_10/pure_p_p4_k3_d1_neumann_stratified_breakpoint_lbfgs_seed0201_20260907T084335+0800/states/accepted_0029.npz,3086,d1a868af9518c4533cfccf02be7396d94966390682875dd0c074c7fa8c5a6d07,data
data/raw/sensitivity/quadrature_10/pure_p_p4_k3_d1_neumann_stratified_breakpoint_lbfgs_seed0201_20260907T084335+0800/states/accepted_0030.npz,3120,09cce1c04706add3b99649b72bf66cd90034644d7ebfd522abf775544f758430,data
data/raw/sensitivity/quadrature_10/pure_p_p4_k3_d1_neumann_stratified_breakpoint_lbfgs_seed0201_20260907T084335+0800/states/accepted_0031.npz,3156,beb687fd5f8ff5fe2d827b6d7743fd048a3e96bf17871aac2d30f0f9192e189c,data
data/raw/sensitivity/quadrature_10/pure_p_p4_k3_d1_neumann_stratified_breakpoint_lbfgs_seed0201_20260907T084335+0800/states/accepted_0032.npz,3190,bed50b8afb9505c408cc3b0ed400a4e0617d4369058c96f3580ec69c9ee02c52,data
data/raw/sensitivity/quadrature_10/pure_p_p4_k3_d1_neumann_stratified_breakpoint_lbfgs_seed0201_20260907T084335+0800/summary.json,4901,877aeb52b07533b8fdfaecb89703bc1109a9c7cc390a624fd10ec428348b0683,data
data/raw/sensitivity/quadrature_10/pure_p_p4_k3_d1_neumann_stratified_breakpoint_lbfgs_seed0201_20260907T084335+0800/trusted_model.npz,3190,bed50b8afb9505c408cc3b0ed400a4e0617d4369058c96f3580ec69c9ee02c52,data
data/raw/sensitivity/quadrature_4/pure_p_p4_k3_d1_neumann_stratified_breakpoint_lbfgs_seed0201_20260907T084333+0800/candidate_pool.npz,13833,3f3b12a53e7f005a3a289964fc0552c5a8b267d05296f74a59f9841b163f562f,data
data/raw/sensitivity/quadrature_4/pure_p_p4_k3_d1_neumann_stratified_breakpoint_lbfgs_seed0201_20260907T084333+0800/checkpoint.npz,3707,9c155bf1342e692ef4e8c8c9db0027e4ff105aff1077e66424ced3e8571ca283,data
data/raw/sensitivity/quadrature_4/pure_p_p4_k3_d1_neumann_stratified_breakpoint_lbfgs_seed0201_20260907T084333+0800/command.txt,71,010d355d95737ecc9c033020e72b5b9bebda38f0f0c2607da568e28502400fa6,data
data/raw/sensitivity/quadrature_4/pure_p_p4_k3_d1_neumann_stratified_breakpoint_lbfgs_seed0201_20260907T084333+0800/config.json,1731,1ac6225cde18ef0de43410d432263cd136628304c5bd64c5bf72ffcea8fcfd71,data
data/raw/sensitivity/quadrature_4/pure_p_p4_k3_d1_neumann_stratified_breakpoint_lbfgs_seed0201_20260907T084333+0800/diagnostic_model.npz,3186,d8406bf8be245bb7820876542ef5c728c7f1416b0db1be763985660f11620a79,data
data/raw/sensitivity/quadrature_4/pure_p_p4_k3_d1_neumann_stratified_breakpoint_lbfgs_seed0201_20260907T084333+0800/environment.json,371,d4803b7be29d605acd0d083607faca6d4e607c5c82b67bccaa027f199585485e,data
data/raw/sensitivity/quadrature_4/pure_p_p4_k3_d1_neumann_stratified_breakpoint_lbfgs_seed0201_20260907T084333+0800/history.csv,30676,cbe84c1f6b209e20d326918d99ce18cab6c231a36b835377127b7888f865b128,data
data/raw/sensitivity/quadrature_4/pure_p_p4_k3_d1_neumann_stratified_breakpoint_lbfgs_seed0201_20260907T084333+0800/log.txt,2753,f18e62136424b4f940f6bd5d27f64bf9c5d716b99def87d786e6c6e010cf2264,data
data/raw/sensitivity/quadrature_4/pure_p_p4_k3_d1_neumann_stratified_breakpoint_lbfgs_seed0201_20260907T084333+0800/model.npz,3186,d8406bf8be245bb7820876542ef5c728c7f1416b0db1be763985660f11620a79,data
data/raw/sensitivity/quadrature_4/pure_p_p4_k3_d1_neumann_stratified_breakpoint_lbfgs_seed0201_20260907T084333+0800/pool_manifest.json,641,abe5db9ab3626cd47dcca6eb3de3c8757fcb6aef60565406316493263295c33c,data
data/raw/sensitivity/quadrature_4/pure_p_p4_k3_d1_neumann_stratified_breakpoint_lbfgs_seed0201_20260907T084333+0800/reference_pool.npz,25176,ad5a61a5697d418a1be8ada501b41ebb276e1d72de6cadead30b4d61c75729a0,data
data/raw/sensitivity/quadrature_4/pure_p_p4_k3_d1_neumann_stratified_breakpoint_lbfgs_seed0201_20260907T084333+0800/states/accepted_0001.npz,2124,b60dde3803e09733d3acb5fbc25d3ca715ca8df1c731f340e8e3bf2f7bb4e44f,data
data/raw/sensitivity/quadrature_4/pure_p_p4_k3_d1_neumann_stratified_breakpoint_lbfgs_seed0201_20260907T084333+0800/states/accepted_0002.npz,2162,fde2bb84d0f094ab4bc039e62379c533b68dfb713e96b089aaa07575145aecc6,data
data/raw/sensitivity/quadrature_4/pure_p_p4_k3_d1_neumann_stratified_breakpoint_lbfgs_seed0201_20260907T084333+0800/states/accepted_0003.npz,2197,268a1f21e3345d5138d9637b9b5d18dadb3fc8f972ab1754a864b80c2b880f6b,data
data/raw/sensitivity/quadrature_4/pure_p_p4_k3_d1_neumann_stratified_breakpoint_lbfgs_seed0201_20260907T084333+0800/states/accepted_0004.npz,2231,e225677c2ffe9ff2681009fddcbc4a28aecf9e3583e9b639492126cd6c8e5f96,data
data/raw/sensitivity/quadrature_4/pure_p_p4_k3_d1_neumann_stratified_breakpoint_lbfgs_seed0201_20260907T084333+0800/states/accepted_0005.npz,2265,5c962a92669af8eedadcd58336a8d3f8419aa33135cb526cbedc948f6a8dcf3a,data
data/raw/sensitivity/quadrature_4/pure_p_p4_k3_d1_neumann_stratified_breakpoint_lbfgs_seed0201_20260907T084333+0800/states/accepted_0006.npz,2299,47cba78ad2f99880f2c2c96af588918300a72b17331a691e4d22aed6227143c8,data
data/raw/sensitivity/quadrature_4/pure_p_p4_k3_d1_neumann_stratified_breakpoint_lbfgs_seed0201_20260907T084333+0800/states/accepted_0007.npz,2333,5447bb23c29ab33b13361f2408bbf407415a12d1b6b3768efcab06c7f6d47848,data
data/raw/sensitivity/quadrature_4/pure_p_p4_k3_d1_neumann_stratified_breakpoint_lbfgs_seed0201_20260907T084333+0800/states/accepted_0008.npz,2368,43ffc979f841fc52fdebd0319f681fcaeefba4f974c6d04b6e203dac7797a32c,data
data/raw/sensitivity/quadrature_4/pure_p_p4_k3_d1_neumann_stratified_breakpoint_lbfgs_seed0201_20260907T084333+0800/states/accepted_0009.npz,2403,0254554b06c71f1c36a498ce19ae534c23f86d611280cd5d21ed2aa495fd391c,data
data/raw/sensitivity/quadrature_4/pure_p_p4_k3_d1_neumann_stratified_breakpoint_lbfgs_seed0201_20260907T084333+0800/states/accepted_0010.npz,2440,e1e1efd02dbe6213f3cffdb20141aaf838b699a2f6777104b444c1f3a51b5679,data
data/raw/sensitivity/quadrature_4/pure_p_p4_k3_d1_neumann_stratified_breakpoint_lbfgs_seed0201_20260907T084333+0800/states/accepted_0011.npz,2477,80486268744424793b79ba4903058ccf6460a148fd2fe486d1268af71c2442ed,data
data/raw/sensitivity/quadrature_4/pure_p_p4_k3_d1_neumann_stratified_breakpoint_lbfgs_seed0201_20260907T084333+0800/states/accepted_0012.npz,2511,b67aa5c78a168ed034b5daaa0c2947aa852c792da7944b079277a514d442bec0,data
data/raw/sensitivity/quadrature_4/pure_p_p4_k3_d1_neumann_stratified_breakpoint_lbfgs_seed0201_20260907T084333+0800/states/accepted_0013.npz,2544,0b428f5cab999fa313746376db770a58f809299f318f43d16ed71a6ea00bb0f8,data
data/raw/sensitivity/quadrature_4/pure_p_p4_k3_d1_neumann_stratified_breakpoint_lbfgs_seed0201_20260907T084333+0800/states/accepted_0014.npz,2578,cd84a33ce8a48ff18c80cafac7da8bc33dd1bd641d7153519138d64de09b34eb,data
data/raw/sensitivity/quadrature_4/pure_p_p4_k3_d1_neumann_stratified_breakpoint_lbfgs_seed0201_20260907T084333+0800/states/accepted_0015.npz,2613,3268d23e30505c416462835f6d6fe31e3a10e2b41ecb1ea21c6662b46a0b593c,data
data/raw/sensitivity/quadrature_4/pure_p_p4_k3_d1_neumann_stratified_breakpoint_lbfgs_seed0201_20260907T084333+0800/states/accepted_0016.npz,2647,a8f41b13efaa86850c262ae2507ee3d749f5a4a09eeff52a15c74e52096826a6,data
data/raw/sensitivity/quadrature_4/pure_p_p4_k3_d1_neumann_stratified_breakpoint_lbfgs_seed0201_20260907T084333+0800/states/accepted_0017.npz,2682,9fbd0163f231cf8cb85e448fa3f2f26543ceebfc562bafc885ebaca1a7916f84,data
data/raw/sensitivity/quadrature_4/pure_p_p4_k3_d1_neumann_stratified_breakpoint_lbfgs_seed0201_20260907T084333+0800/states/accepted_0018.npz,2716,9f34b4e3af0e086c4c465a7749bdf8a47cbf33d4d29033fabe77a66841365ff3,data
data/raw/sensitivity/quadrature_4/pure_p_p4_k3_d1_neumann_stratified_breakpoint_lbfgs_seed0201_20260907T084333+0800/states/accepted_0019.npz,2750,38637bf530ef5e0edb9e88ecc27e5c75ab9cbe7d8565348bd5b5a6bb4ed8fc70,data
data/raw/sensitivity/quadrature_4/pure_p_p4_k3_d1_neumann_stratified_breakpoint_lbfgs_seed0201_20260907T084333+0800/states/accepted_0020.npz,2784,8e1848e714ac1dc0055ceaeedc9357871b7c357e63c58bdb1be73bbf1fd225b8,data
data/raw/sensitivity/quadrature_4/pure_p_p4_k3_d1_neumann_stratified_breakpoint_lbfgs_seed0201_20260907T084333+0800/states/accepted_0021.npz,2818,239506af84626fef008e4ce9a08fa219006d1bb790fb2fa01d7511209a48b459,data
data/raw/sensitivity/quadrature_4/pure_p_p4_k3_d1_neumann_stratified_breakpoint_lbfgs_seed0201_20260907T084333+0800/states/accepted_0022.npz,2852,893bccc90c8e78221d61ff48dd23d8d4423591d41c605b2eae819489cd93b1d4,data
data/raw/sensitivity/quadrature_4/pure_p_p4_k3_d1_neumann_stratified_breakpoint_lbfgs_seed0201_20260907T084333+0800/states/accepted_0023.npz,2883,669201b08bcb02f7f6726ed1aff13a78ccba25cf57af8033ee3f6e3b7547a0a7,data
data/raw/sensitivity/quadrature_4/pure_p_p4_k3_d1_neumann_stratified_breakpoint_lbfgs_seed0201_20260907T084333+0800/states/accepted_0024.npz,2918,28d8e1d27c3e446a6bc91e3412bb32d8dd2a85b9003ba6b75164096e6b8a825d,data
data/raw/sensitivity/quadrature_4/pure_p_p4_k3_d1_neumann_stratified_breakpoint_lbfgs_seed0201_20260907T084333+0800/states/accepted_0025.npz,2952,269d8a8974c01b7c2a265b327872385732eb5d855239117ec1f7749938c3037a,data
data/raw/sensitivity/quadrature_4/pure_p_p4_k3_d1_neumann_stratified_breakpoint_lbfgs_seed0201_20260907T084333+0800/states/accepted_0026.npz,2984,f5b8f8504ff46bd23c33983915d35755030e683a60f324c04cd1a70c4e855dff,data
data/raw/sensitivity/quadrature_4/pure_p_p4_k3_d1_neumann_stratified_breakpoint_lbfgs_seed0201_20260907T084333+0800/states/accepted_0027.npz,3018,958fc152029209abf40c791b33eedd9c3c80fdf7fa35a7d0b997337e8055f417,data
data/raw/sensitivity/quadrature_4/pure_p_p4_k3_d1_neumann_stratified_breakpoint_lbfgs_seed0201_20260907T084333+0800/states/accepted_0028.npz,3052,9a206ec2c03b8fb7323c13810deec0dcedd1cc0e7e12f20f78e2d666c65fa4bb,data
data/raw/sensitivity/quadrature_4/pure_p_p4_k3_d1_neumann_stratified_breakpoint_lbfgs_seed0201_20260907T084333+0800/states/accepted_0029.npz,3085,86e82e624d6bbb4dff41b48623f616015e4a7e06109efae524c881605499b246,data
data/raw/sensitivity/quadrature_4/pure_p_p4_k3_d1_neumann_stratified_breakpoint_lbfgs_seed0201_20260907T084333+0800/states/accepted_0030.npz,3120,31875bbc148a4cb0ac11188e678a70f84fdadbdbf0ac3661cf1014601e125bbc,data
data/raw/sensitivity/quadrature_4/pure_p_p4_k3_d1_neumann_stratified_breakpoint_lbfgs_seed0201_20260907T084333+0800/states/accepted_0031.npz,3156,55cf4e8caf37675340b7f19050fb085d72d1f8b7f62711abc56895bf879cf12d,data
data/raw/sensitivity/quadrature_4/pure_p_p4_k3_d1_neumann_stratified_breakpoint_lbfgs_seed0201_20260907T084333+0800/states/accepted_0032.npz,3186,d8406bf8be245bb7820876542ef5c728c7f1416b0db1be763985660f11620a79,data
data/raw/sensitivity/quadrature_4/pure_p_p4_k3_d1_neumann_stratified_breakpoint_lbfgs_seed0201_20260907T084333+0800/summary.json,4905,e210afd95bcfd9d3defd2134c4fbdc7f5cc48109d50ae334a4e565f980fe3b27,data
data/raw/sensitivity/quadrature_4/pure_p_p4_k3_d1_neumann_stratified_breakpoint_lbfgs_seed0201_20260907T084333+0800/trusted_model.npz,3186,d8406bf8be245bb7820876542ef5c728c7f1416b0db1be763985660f11620a79,data
data/raw/sensitivity/tolerance_loose/pure_p_p4_k3_d1_neumann_stratified_breakpoint_lbfgs_seed0201_20260907T084340+0800/candidate_pool.npz,13844,bb1587f6be7a17cbf7768a56cd19c3052e879896bcf7e5e2425b8aba2867e502,data
data/raw/sensitivity/tolerance_loose/pure_p_p4_k3_d1_neumann_stratified_breakpoint_lbfgs_seed0201_20260907T084340+0800/checkpoint.npz,3709,0e4cd6c00a8ca4e2c13b58946ded2862305041364bcca39ffde131c1a4544752,data
data/raw/sensitivity/tolerance_loose/pure_p_p4_k3_d1_neumann_stratified_breakpoint_lbfgs_seed0201_20260907T084340+0800/command.txt,74,2fb2db7c90377be9b71e4b3eb44f79a5c72433932a249c223eb25f9d42d6d309,data
data/raw/sensitivity/tolerance_loose/pure_p_p4_k3_d1_neumann_stratified_breakpoint_lbfgs_seed0201_20260907T084340+0800/config.json,1735,33ef8a4524cc06486ce78bc832eb80c45e6316caa14bec6773d6e04782a8fc09,data
data/raw/sensitivity/tolerance_loose/pure_p_p4_k3_d1_neumann_stratified_breakpoint_lbfgs_seed0201_20260907T084340+0800/diagnostic_model.npz,3188,05ac962c00c1743d63aed936c4ba840fbbbed7067dde1ff1e2da69b82032db88,data
data/raw/sensitivity/tolerance_loose/pure_p_p4_k3_d1_neumann_stratified_breakpoint_lbfgs_seed0201_20260907T084340+0800/environment.json,371,4d678af789a22526a42c02abd99682f84a6c2efa6430c4935ee50ab3d1616eea,data
data/raw/sensitivity/tolerance_loose/pure_p_p4_k3_d1_neumann_stratified_breakpoint_lbfgs_seed0201_20260907T084340+0800/history.csv,30211,dcc430d4ed558ab585d75cbe8bd69f9bc85379ce2efa0150d24ebed42fd390b7,data
data/raw/sensitivity/tolerance_loose/pure_p_p4_k3_d1_neumann_stratified_breakpoint_lbfgs_seed0201_20260907T084340+0800/log.txt,2752,d482b0c54654f1499cdd15136bd0b3e55a60b93f9bd5c72e4bcf3d4ed11718ac,data
data/raw/sensitivity/tolerance_loose/pure_p_p4_k3_d1_neumann_stratified_breakpoint_lbfgs_seed0201_20260907T084340+0800/model.npz,3188,05ac962c00c1743d63aed936c4ba840fbbbed7067dde1ff1e2da69b82032db88,data
data/raw/sensitivity/tolerance_loose/pure_p_p4_k3_d1_neumann_stratified_breakpoint_lbfgs_seed0201_20260907T084340+0800/pool_manifest.json,643,bc2b8ca872b2a78b8d7364413d5738b84039f16bd58ece8c9bed15bb28791ddf,data
data/raw/sensitivity/tolerance_loose/pure_p_p4_k3_d1_neumann_stratified_breakpoint_lbfgs_seed0201_20260907T084340+0800/reference_pool.npz,25186,29d76a5ab0c7d743ee36406a6b69ea5707773ecea40492fe89eac5852c32d58d,data
data/raw/sensitivity/tolerance_loose/pure_p_p4_k3_d1_neumann_stratified_breakpoint_lbfgs_seed0201_20260907T084340+0800/states/accepted_0001.npz,2124,d46333f531cfc10f7da05c1cf35ea4fbb86c039fd4690f7af0a930f195f7f1c2,data
data/raw/sensitivity/tolerance_loose/pure_p_p4_k3_d1_neumann_stratified_breakpoint_lbfgs_seed0201_20260907T084340+0800/states/accepted_0002.npz,2162,77bc32335815210fad11f2c3bd44e7e82024909adc6a9c359156a99740516f33,data
data/raw/sensitivity/tolerance_loose/pure_p_p4_k3_d1_neumann_stratified_breakpoint_lbfgs_seed0201_20260907T084340+0800/states/accepted_0003.npz,2197,48690d898c5ac7b0e748eab1b274b608de9538cf7e9fa99d238e3a38a069cb7c,data
data/raw/sensitivity/tolerance_loose/pure_p_p4_k3_d1_neumann_stratified_breakpoint_lbfgs_seed0201_20260907T084340+0800/states/accepted_0004.npz,2231,49516740e9e1b046c35dd7eca5481a7dc83f42b74576e288156b165938fc78ce,data
data/raw/sensitivity/tolerance_loose/pure_p_p4_k3_d1_neumann_stratified_breakpoint_lbfgs_seed0201_20260907T084340+0800/states/accepted_0005.npz,2265,22b5d1c1bbad89caf4841912c60acefd9ba5e284116391de33a4807cdfed0c72,data
data/raw/sensitivity/tolerance_loose/pure_p_p4_k3_d1_neumann_stratified_breakpoint_lbfgs_seed0201_20260907T084340+0800/states/accepted_0006.npz,2299,f7ad8d09f7789be085e72090f9bea93fe3494b0e421d7d295835957d9bb7d36d,data
data/raw/sensitivity/tolerance_loose/pure_p_p4_k3_d1_neumann_stratified_breakpoint_lbfgs_seed0201_20260907T084340+0800/states/accepted_0007.npz,2333,0695c55bb02fd214a35da80a7d8a41f32e373bca2ce5309c09c15a74fce74d7e,data
data/raw/sensitivity/tolerance_loose/pure_p_p4_k3_d1_neumann_stratified_breakpoint_lbfgs_seed0201_20260907T084340+0800/states/accepted_0008.npz,2368,b9cbb9fdeec16e1f2719f3c39b8c898a97b9e62b6abcb2e729c6f877c06db887,data
data/raw/sensitivity/tolerance_loose/pure_p_p4_k3_d1_neumann_stratified_breakpoint_lbfgs_seed0201_20260907T084340+0800/states/accepted_0009.npz,2402,0b3a32003331617f04b68c28bb4f514e251495462ff5c422612459dc22de3ec1,data
data/raw/sensitivity/tolerance_loose/pure_p_p4_k3_d1_neumann_stratified_breakpoint_lbfgs_seed0201_20260907T084340+0800/states/accepted_0010.npz,2441,01b465b6aae1c21cf23bd5186b904a93de2531d89b481d305060a73ab4ced59c,data
data/raw/sensitivity/tolerance_loose/pure_p_p4_k3_d1_neumann_stratified_breakpoint_lbfgs_seed0201_20260907T084340+0800/states/accepted_0011.npz,2476,dd66b59a315708c7b55b0e0a4fb79aaacdcd22521a91e47c99c94aebb955b5cb,data
data/raw/sensitivity/tolerance_loose/pure_p_p4_k3_d1_neumann_stratified_breakpoint_lbfgs_seed0201_20260907T084340+0800/states/accepted_0012.npz,2511,fa433a1fa4768cc4a0aba28fc7ee350c2a2dff93ef1510add10a9bc6b7afa727,data
data/raw/sensitivity/tolerance_loose/pure_p_p4_k3_d1_neumann_stratified_breakpoint_lbfgs_seed0201_20260907T084340+0800/states/accepted_0013.npz,2544,c47f39ac94db6569a0fdf832286ea8d215ef78693b8800b033bbcc8d7e9decec,data
data/raw/sensitivity/tolerance_loose/pure_p_p4_k3_d1_neumann_stratified_breakpoint_lbfgs_seed0201_20260907T084340+0800/states/accepted_0014.npz,2578,b84ce0e0a2980c45de6449ab9cfc0f9d097f894c8d5b696863289664a4b5b3b5,data
data/raw/sensitivity/tolerance_loose/pure_p_p4_k3_d1_neumann_stratified_breakpoint_lbfgs_seed0201_20260907T084340+0800/states/accepted_0015.npz,2613,b4a87eadee0abe27ce1b56efd8243d8ad52fb1648a8065d630d2574ae48144d3,data
data/raw/sensitivity/tolerance_loose/pure_p_p4_k3_d1_neumann_stratified_breakpoint_lbfgs_seed0201_20260907T084340+0800/states/accepted_0016.npz,2648,956448ee4b2c460bb8255d6a0b0bdbf1582a641f266b9d05d134394d80c15b6c,data
data/raw/sensitivity/tolerance_loose/pure_p_p4_k3_d1_neumann_stratified_breakpoint_lbfgs_seed0201_20260907T084340+0800/states/accepted_0017.npz,2682,6965ed5e42ec59215dd477974799dc9143f4c6fd9997f708392eccddd021d5f3,data
data/raw/sensitivity/tolerance_loose/pure_p_p4_k3_d1_neumann_stratified_breakpoint_lbfgs_seed0201_20260907T084340+0800/states/accepted_0018.npz,2718,0a99cc90f5f1db46025746fc5d992e6622f7d6c8dd7a356906f87511b526f1c3,data
data/raw/sensitivity/tolerance_loose/pure_p_p4_k3_d1_neumann_stratified_breakpoint_lbfgs_seed0201_20260907T084340+0800/states/accepted_0019.npz,2749,de19ea0488aa3142b7f733ee56bfc935307ca4aa4226db2dd8a29cf5391fc1fd,data
data/raw/sensitivity/tolerance_loose/pure_p_p4_k3_d1_neumann_stratified_breakpoint_lbfgs_seed0201_20260907T084340+0800/states/accepted_0020.npz,2784,906dc80169eb9bbadad4b7a9c17205642eca4a4ce07d31b6e4468cc08bb3a318,data
data/raw/sensitivity/tolerance_loose/pure_p_p4_k3_d1_neumann_stratified_breakpoint_lbfgs_seed0201_20260907T084340+0800/states/accepted_0021.npz,2817,91f62a9ae29181a149053bc8e09cdbc7053d82a27e9223b1c621c66e60685691,data
data/raw/sensitivity/tolerance_loose/pure_p_p4_k3_d1_neumann_stratified_breakpoint_lbfgs_seed0201_20260907T084340+0800/states/accepted_0022.npz,2852,107d2dd809ce3729a316e5290e2f7a7a60d9d9e6791d8778935c586e9e8a09fc,data
data/raw/sensitivity/tolerance_loose/pure_p_p4_k3_d1_neumann_stratified_breakpoint_lbfgs_seed0201_20260907T084340+0800/states/accepted_0023.npz,2883,13902565edb60f331fcbe8ace03d2f16134da7d0a2d299363f8a97f691b8bead,data
data/raw/sensitivity/tolerance_loose/pure_p_p4_k3_d1_neumann_stratified_breakpoint_lbfgs_seed0201_20260907T084340+0800/states/accepted_0024.npz,2918,b20889116c126bc32f042f9b84dc62677af4469aab3b7a10d0cc347a3f49f524,data
data/raw/sensitivity/tolerance_loose/pure_p_p4_k3_d1_neumann_stratified_breakpoint_lbfgs_seed0201_20260907T084340+0800/states/accepted_0025.npz,2950,7f95f565b7282ac82f654b5c643bb2c6a39641b4ea3e89f5edcbfc08cc5e6243,data
data/raw/sensitivity/tolerance_loose/pure_p_p4_k3_d1_neumann_stratified_breakpoint_lbfgs_seed0201_20260907T084340+0800/states/accepted_0026.npz,2984,8df499267052ac1b237ab4886226c5e7c9f223e247b4683d6ec9a88f332501a0,data
data/raw/sensitivity/tolerance_loose/pure_p_p4_k3_d1_neumann_stratified_breakpoint_lbfgs_seed0201_20260907T084340+0800/states/accepted_0027.npz,3018,f5c77100b3192dc8946fee0caf024b60bc3e2a9a3de1d56aff209c4d8b47c58d,data
data/raw/sensitivity/tolerance_loose/pure_p_p4_k3_d1_neumann_stratified_breakpoint_lbfgs_seed0201_20260907T084340+0800/states/accepted_0028.npz,3052,0b6a793645238d0815242b28ef2ce5b8193e130d92ee8d46022ea195f9ca3b9b,data
data/raw/sensitivity/tolerance_loose/pure_p_p4_k3_d1_neumann_stratified_breakpoint_lbfgs_seed0201_20260907T084340+0800/states/accepted_0029.npz,3085,8116f12a9ea3c900401d6ee1a964f960d37665a14dd9a0d38b735089e1732650,data
data/raw/sensitivity/tolerance_loose/pure_p_p4_k3_d1_neumann_stratified_breakpoint_lbfgs_seed0201_20260907T084340+0800/states/accepted_0030.npz,3121,3c55ba704a3a6c62b32d3cbe642c7f2c719a8b87694aba12bc28b3847bf33aad,data
data/raw/sensitivity/tolerance_loose/pure_p_p4_k3_d1_neumann_stratified_breakpoint_lbfgs_seed0201_20260907T084340+0800/states/accepted_0031.npz,3156,8e724e8adbc5c72c72bc54e1c0dbd96f93639bbf72cb45087aa5d3b41a3d0751,data
data/raw/sensitivity/tolerance_loose/pure_p_p4_k3_d1_neumann_stratified_breakpoint_lbfgs_seed0201_20260907T084340+0800/states/accepted_0032.npz,3188,05ac962c00c1743d63aed936c4ba840fbbbed7067dde1ff1e2da69b82032db88,data
data/raw/sensitivity/tolerance_loose/pure_p_p4_k3_d1_neumann_stratified_breakpoint_lbfgs_seed0201_20260907T084340+0800/summary.json,4919,8fc16f6fd091c4732e4eff86f107991b37b6a5f356a22eba38b4f1773d849d05,data
data/raw/sensitivity/tolerance_loose/pure_p_p4_k3_d1_neumann_stratified_breakpoint_lbfgs_seed0201_20260907T084340+0800/trusted_model.npz,3188,05ac962c00c1743d63aed936c4ba840fbbbed7067dde1ff1e2da69b82032db88,data
data/raw/sensitivity/tolerance_tight/pure_p_p4_k3_d1_neumann_stratified_breakpoint_lbfgs_seed0201_20260907T084341+0800/candidate_pool.npz,13844,bb1587f6be7a17cbf7768a56cd19c3052e879896bcf7e5e2425b8aba2867e502,data
data/raw/sensitivity/tolerance_tight/pure_p_p4_k3_d1_neumann_stratified_breakpoint_lbfgs_seed0201_20260907T084341+0800/checkpoint.npz,3710,fee1d3717fa7c5e586f654ec62fc53a840437eb3810c7457e7bb78afd880f917,data
data/raw/sensitivity/tolerance_tight/pure_p_p4_k3_d1_neumann_stratified_breakpoint_lbfgs_seed0201_20260907T084341+0800/command.txt,74,46cec99415ad669920ef852b995328f1560592162b43883783e5c5fe2d3ae31f,data
data/raw/sensitivity/tolerance_tight/pure_p_p4_k3_d1_neumann_stratified_breakpoint_lbfgs_seed0201_20260907T084341+0800/config.json,1734,522f964ced17caf8eede8de4938c477e0e261a74a348b8113a0a3b62455ec675,data
data/raw/sensitivity/tolerance_tight/pure_p_p4_k3_d1_neumann_stratified_breakpoint_lbfgs_seed0201_20260907T084341+0800/diagnostic_model.npz,3189,bb9927f136bc7e5e97d9549a609a235ced1fb1e311b70270d618fda6b5296c3a,data
data/raw/sensitivity/tolerance_tight/pure_p_p4_k3_d1_neumann_stratified_breakpoint_lbfgs_seed0201_20260907T084341+0800/environment.json,371,30348a48ca8d526c92ae1e5c56cad6c17c2e0bcc7b5a0f3e5210bb3095eeba0e,data
data/raw/sensitivity/tolerance_tight/pure_p_p4_k3_d1_neumann_stratified_breakpoint_lbfgs_seed0201_20260907T084341+0800/history.csv,30436,5fc5f6cc2ddacf1b4056c708eb51825c6a970a7fd15decafa2832bde532d4e90,data
data/raw/sensitivity/tolerance_tight/pure_p_p4_k3_d1_neumann_stratified_breakpoint_lbfgs_seed0201_20260907T084341+0800/log.txt,2756,758c724e6f3d17b80b48ccb09ad652e669f651b0a8b2b9081c6862c9ecda3080,data
data/raw/sensitivity/tolerance_tight/pure_p_p4_k3_d1_neumann_stratified_breakpoint_lbfgs_seed0201_20260907T084341+0800/model.npz,3189,bb9927f136bc7e5e97d9549a609a235ced1fb1e311b70270d618fda6b5296c3a,data
data/raw/sensitivity/tolerance_tight/pure_p_p4_k3_d1_neumann_stratified_breakpoint_lbfgs_seed0201_20260907T084341+0800/pool_manifest.json,643,bc2b8ca872b2a78b8d7364413d5738b84039f16bd58ece8c9bed15bb28791ddf,data
data/raw/sensitivity/tolerance_tight/pure_p_p4_k3_d1_neumann_stratified_breakpoint_lbfgs_seed0201_20260907T084341+0800/reference_pool.npz,25186,29d76a5ab0c7d743ee36406a6b69ea5707773ecea40492fe89eac5852c32d58d,data
data/raw/sensitivity/tolerance_tight/pure_p_p4_k3_d1_neumann_stratified_breakpoint_lbfgs_seed0201_20260907T084341+0800/states/accepted_0001.npz,2124,bd034166a7cb3deff40f103e8b46b87de30043e59a85af21cda8f1cf495fc93d,data
data/raw/sensitivity/tolerance_tight/pure_p_p4_k3_d1_neumann_stratified_breakpoint_lbfgs_seed0201_20260907T084341+0800/states/accepted_0002.npz,2162,9296c4612835d99d2f2df66379d276953f0eb0bf3604e8c504e083b2537ba16e,data
data/raw/sensitivity/tolerance_tight/pure_p_p4_k3_d1_neumann_stratified_breakpoint_lbfgs_seed0201_20260907T084341+0800/states/accepted_0003.npz,2197,a19d955433f04333e4170d5e66b76e45a4273457c8cb0bbdce8e4ed0b5abdc82,data
data/raw/sensitivity/tolerance_tight/pure_p_p4_k3_d1_neumann_stratified_breakpoint_lbfgs_seed0201_20260907T084341+0800/states/accepted_0004.npz,2231,c09738b4d769cac5efb3b71987bf9b3fca3c92fec89c20c142630ab6aa2584fa,data
data/raw/sensitivity/tolerance_tight/pure_p_p4_k3_d1_neumann_stratified_breakpoint_lbfgs_seed0201_20260907T084341+0800/states/accepted_0005.npz,2265,3aa7cdc7c2000597040ad4c82302a51a80285951a81e92e304bdd7a7b6a1da74,data
data/raw/sensitivity/tolerance_tight/pure_p_p4_k3_d1_neumann_stratified_breakpoint_lbfgs_seed0201_20260907T084341+0800/states/accepted_0006.npz,2299,a3b9251062c63c4818c92c3714f31d9c2aaa99c25fd4541e0f2b3e31a0a1e7c7,data
data/raw/sensitivity/tolerance_tight/pure_p_p4_k3_d1_neumann_stratified_breakpoint_lbfgs_seed0201_20260907T084341+0800/states/accepted_0007.npz,2333,f45e5be6a3ed411adde18a08f0d88f6737899633acc67eae03d8f464e1bf5f9c,data
data/raw/sensitivity/tolerance_tight/pure_p_p4_k3_d1_neumann_stratified_breakpoint_lbfgs_seed0201_20260907T084341+0800/states/accepted_0008.npz,2368,38b54005ae45c8942cc4b911d28d623f8c2326308625c0cd2296fa13b87e3a85,data
data/raw/sensitivity/tolerance_tight/pure_p_p4_k3_d1_neumann_stratified_breakpoint_lbfgs_seed0201_20260907T084341+0800/states/accepted_0009.npz,2403,e72e3223993a02a357deecd0b5cd34ebee40d7f7e4b176065b7636c5a3f9259d,data
data/raw/sensitivity/tolerance_tight/pure_p_p4_k3_d1_neumann_stratified_breakpoint_lbfgs_seed0201_20260907T084341+0800/states/accepted_0010.npz,2440,4a72e9c8548079d341d7fad9d2b612913d76b4991bc5e9b3b04ba2fa2b4dd483,data
data/raw/sensitivity/tolerance_tight/pure_p_p4_k3_d1_neumann_stratified_breakpoint_lbfgs_seed0201_20260907T084341+0800/states/accepted_0011.npz,2477,e066ec8ab0e4207d2c5463df7906bd603690a59a67caee6db66c01f1bdd33557,data
data/raw/sensitivity/tolerance_tight/pure_p_p4_k3_d1_neumann_stratified_breakpoint_lbfgs_seed0201_20260907T084341+0800/states/accepted_0012.npz,2511,3db62bf333911aefea3446efebeb7c2f22d27410b8294a4c09f1cbe9cc58766f,data
data/raw/sensitivity/tolerance_tight/pure_p_p4_k3_d1_neumann_stratified_breakpoint_lbfgs_seed0201_20260907T084341+0800/states/accepted_0013.npz,2544,ee721a023f9478d9c54bc13644b8e148c00a9d5f9a67a70b78c66f7af74f8a4e,data
data/raw/sensitivity/tolerance_tight/pure_p_p4_k3_d1_neumann_stratified_breakpoint_lbfgs_seed0201_20260907T084341+0800/states/accepted_0014.npz,2577,1f170fdb772624e3e05686c3b966e274a1df554146a76190ebbe4a8532e99372,data
data/raw/sensitivity/tolerance_tight/pure_p_p4_k3_d1_neumann_stratified_breakpoint_lbfgs_seed0201_20260907T084341+0800/states/accepted_0015.npz,2614,01f641cf03044eca5441399377324a293343e19b092441000fcf6bd6798f17b2,data
data/raw/sensitivity/tolerance_tight/pure_p_p4_k3_d1_neumann_stratified_breakpoint_lbfgs_seed0201_20260907T084341+0800/states/accepted_0016.npz,2647,273b63e0b9a9f5fa763f716d127c70ebb1653a943f23abd65d6bbad96c8b9b90,data
data/raw/sensitivity/tolerance_tight/pure_p_p4_k3_d1_neumann_stratified_breakpoint_lbfgs_seed0201_20260907T084341+0800/states/accepted_0017.npz,2682,77b84912ed371d67bb47fac4fa6781e3f909282017fd38fc8d511088389436e1,data
data/raw/sensitivity/tolerance_tight/pure_p_p4_k3_d1_neumann_stratified_breakpoint_lbfgs_seed0201_20260907T084341+0800/states/accepted_0018.npz,2717,a372d83403ae7e38c556342364c297f21ba8c78579755c34fc90dc386819e790,data
data/raw/sensitivity/tolerance_tight/pure_p_p4_k3_d1_neumann_stratified_breakpoint_lbfgs_seed0201_20260907T084341+0800/states/accepted_0019.npz,2749,6dde3b018b62621db0278b9ef213150a62f7c5e983b68da9b348058a67f72612,data
data/raw/sensitivity/tolerance_tight/pure_p_p4_k3_d1_neumann_stratified_breakpoint_lbfgs_seed0201_20260907T084341+0800/states/accepted_0020.npz,2784,ee030e0a8488dac0d43f65dd390d25d350b7bd3178bfef3dd754fe8cbc051194,data
data/raw/sensitivity/tolerance_tight/pure_p_p4_k3_d1_neumann_stratified_breakpoint_lbfgs_seed0201_20260907T084341+0800/states/accepted_0021.npz,2817,d468d60a83bce27e3774fe25b7231d42af25ce341df844b9aded833968475aec,data
data/raw/sensitivity/tolerance_tight/pure_p_p4_k3_d1_neumann_stratified_breakpoint_lbfgs_seed0201_20260907T084341+0800/states/accepted_0022.npz,2851,2a808ecfe7e99cc3289cd9789bdc01c7cce8134c09f2d41617e3136264c2fe0a,data
data/raw/sensitivity/tolerance_tight/pure_p_p4_k3_d1_neumann_stratified_breakpoint_lbfgs_seed0201_20260907T084341+0800/states/accepted_0023.npz,2883,a6379e457f806e893861d802e3bd4448ff9bdeafd8fdecfcf3438d4ab2eec769,data
data/raw/sensitivity/tolerance_tight/pure_p_p4_k3_d1_neumann_stratified_breakpoint_lbfgs_seed0201_20260907T084341+0800/states/accepted_0024.npz,2918,1520280d30a64c59ec0c9efcdc8b0e22902f1213316a8588d27063fdc38c1bbc,data
data/raw/sensitivity/tolerance_tight/pure_p_p4_k3_d1_neumann_stratified_breakpoint_lbfgs_seed0201_20260907T084341+0800/states/accepted_0025.npz,2952,9a3aa94dcd5a9da16e36daba088c472156665e1a9cb2b2ad5de1ffb78ce318a8,data
data/raw/sensitivity/tolerance_tight/pure_p_p4_k3_d1_neumann_stratified_breakpoint_lbfgs_seed0201_20260907T084341+0800/states/accepted_0026.npz,2984,9f9e156a04102d918981c40f6cc07f18153175f834afaf9b7fa1983d25a95cd1,data
data/raw/sensitivity/tolerance_tight/pure_p_p4_k3_d1_neumann_stratified_breakpoint_lbfgs_seed0201_20260907T084341+0800/states/accepted_0027.npz,3019,7c101486ade5f425c7b69f1f43229f7b808b73bdab3d368209bf78c8c6bdda84,data
data/raw/sensitivity/tolerance_tight/pure_p_p4_k3_d1_neumann_stratified_breakpoint_lbfgs_seed0201_20260907T084341+0800/states/accepted_0028.npz,3052,8694dbcba8c38c0f9441ab79eead1bd797cb74769e4b66f3b18d23eebfe8fa81,data
data/raw/sensitivity/tolerance_tight/pure_p_p4_k3_d1_neumann_stratified_breakpoint_lbfgs_seed0201_20260907T084341+0800/states/accepted_0029.npz,3085,25c77074d5422b4b145d53d0a63b515bb639e9a2add41d9dd5f1c6af44901ba7,data
data/raw/sensitivity/tolerance_tight/pure_p_p4_k3_d1_neumann_stratified_breakpoint_lbfgs_seed0201_20260907T084341+0800/states/accepted_0030.npz,3121,d9ff72773abd7203874524eeada1f68bdeba7b9f871885325168a668ac40afbd,data
data/raw/sensitivity/tolerance_tight/pure_p_p4_k3_d1_neumann_stratified_breakpoint_lbfgs_seed0201_20260907T084341+0800/states/accepted_0031.npz,3155,9b94da3fa056ddec58279d2877b0eee876bb58f7697a1fc2d51220a133f72312,data
data/raw/sensitivity/tolerance_tight/pure_p_p4_k3_d1_neumann_stratified_breakpoint_lbfgs_seed0201_20260907T084341+0800/states/accepted_0032.npz,3189,bb9927f136bc7e5e97d9549a609a235ced1fb1e311b70270d618fda6b5296c3a,data
data/raw/sensitivity/tolerance_tight/pure_p_p4_k3_d1_neumann_stratified_breakpoint_lbfgs_seed0201_20260907T084341+0800/summary.json,4874,fd23dfcb4ebe9ebbba2486e88cd5ec47ba8d1754d40cf63a67482c1fcbe5e3eb,data
data/raw/sensitivity/tolerance_tight/pure_p_p4_k3_d1_neumann_stratified_breakpoint_lbfgs_seed0201_20260907T084341+0800/trusted_model.npz,3189,bb9927f136bc7e5e97d9549a609a235ced1fb1e311b70270d618fda6b5296c3a,data
main.pdf,704255,348837c0607cd4e2447853198683de16e9feca8e168261d55beced02b8bedd02,other
main.tex,145,8230801ab0843cf21fbeb902b6d26e86cdb1efe7bed565b009cca30b1a16fc30,paper-source
manifest/experiment_index.csv,3794,e42623274e45235d64bd3741f087937296d1e54297f180a5283b0890cbd7b445,manifest
manifest/experiment_index_v2.csv,4101,1a23d8b2026ac8d9949434ecabde275383d5d9c66042dabf1d6eb6a37a0b0209,manifest
manifest/figure_table_manifest.csv,30486,b16b283be7edee93fb652671623f26a5104b88fa8558d36620d704e7ca5bbf87,manifest
manifest/figure_table_map.csv,2231,c8bc31ed89e302d639f6de9bbc4412bf0df32335c2c3e4c68226199f2ff2ecdc,manifest
manifest/restored_binary_inputs.csv,203408,a572f9f12d775ea68c3e3357bbbef3bf85f4d006e7ad8692e542ce8711187966,manifest
manifest/theorem_label_map.csv,505,d4137de1cd1144d45b3b0c32d16fd78ee380c3743bd13004c322a593524336d8,manifest
markdown/referee_response.md,8264,7bc162dc9e8624104f604e19fea0367ec74b34191a89cfabbe4ce831c065cbe3,documentation
markdown/review_resolution_matrix.csv,6619,3bea39f8a5d0442f3576b96d394949c79c18edb44155115977a0d9eefd413a10,documentation
reports/R5_acceptance.json,3147,c5f29f60e3f414f0fd6b251041690762e7064dc87f001072be00df2e7192bf28,documentation
reports/R5_external_artifacts.json,13174,0c42d8b16a8b468cb129b81578064518c9812a9014adf57a82cb0ea95f43fe66,documentation
reports/R5_external_diagnostics.json,4739,ea91e50089d742acefcfdeda96311295691af67772d79b303a44308f4f3acbfe,documentation
reports/chapter5_algebra_checks.json,1446,ea9650e0b794635c4040486ff87334afd9c07992f9000b04290653e38e5ecef2,documentation
result/baselines/artifact_validation.json,1329,4afe0105078abaab536e9b76fee46932e0b93bf8ff3149165e7c1aebb57d3442,figure-or-result
result/baselines/baseline_actual_points.csv,74011,6603e6d756679b31ecf2a72c012dc40d7058f098f50d4c4fd8b4c02543316fed,figure-or-result
result/baselines/baseline_common_grid.csv,62474,bc8a2d31b0fd58e2a6c72c2009e8d6ae1904eabfeb8ecc1568bbfa2a382a0733,figure-or-result
result/baselines/baseline_terminal.csv,1249,056b3aa35731991cab9714113fe8989966e958dc9d0f0d5f8375b93c11540f4a,figure-or-result
result/baselines/common_grid_terminal_brackets.csv,1970,c1989c1cd59657f7707d8c82c5186a037263e91fd99408fe8e76047d7ac865a2,figure-or-result
result/cross_reference_status.json,222,6f81043f3f29fea26052cf08f24de2f8a036d874490c308931482952dd95cf34,figure-or-result
result/experiments/ablation_long.csv,1001856,b1d1cea764247a4da292413e54a497b39de976a52a03cd14243079153f61dd78,figure-or-result
result/experiments/anomaly_and_stopping.csv,3567,e26823e210cf1630c71a707582b31fcb9385f12ba9e802594864d20bc1a5baa8,figure-or-result
result/experiments/cga_metrics_long.csv,3457914,c1cd6a722237ca2c9f65c5d18e917cfd492c4862936bbb9e9327dbd90a2ac7c3,figure-or-result
result/experiments/controlled_baselines/baseline_c3c5.csv,12842,1cfc6a5b410c418e72eb872948661d6c7c664a1aca8358a3afb6bb1285dcda96,figure-or-result
result/experiments/controlled_baselines/baseline_history.csv,120348,b15dcbf644e43928567a8a0c85ecbba437614ea71eb36585f5d977f4a29248ea,figure-or-result
result/experiments/controlled_baselines/baseline_pilot_c1c2c4.csv,11655,398bf38bffe2386edc5f0fc2ec7c32196cea58c07e74a0885e66ba0a07906617,figure-or-result
result/experiments/controlled_baselines/baseline_summary.csv,3973,dca4bdd78b37bd049fc771b2fe552970e31cbb9bba7f01a990ed190b86ee4329,figure-or-result
result/experiments/controlled_baselines/manifest.json,821,55ad0e3da4bd644bccee40954429cc1770751efa110896d491ce53d620757aaf,figure-or-result
result/experiments/cost_pilot/environment.json,902,0eb560bed93131677959dabb13dd2ce2b6e164001002e5b6bb6f5162090fdb91,figure-or-result
result/experiments/cost_pilot/manifest.json,860,4c69ce6e9465b6fbff68fb2c38837d06b17408f55c618e0a7c2f84a3fcea11b4,figure-or-result
result/experiments/cost_pilot/pilot_summary.csv,636,53e335f084e14936980d97a09612b36e1ec21632a78e3179ca4ca12ea01118a4,figure-or-result
result/experiments/cost_pilot/protocol.json,498,ef46547bfb594267bc617e6af82a7dca80b8f4a8047317d28798d05ffd64f6e0,figure-or-result
result/experiments/cost_pilot/raw/pilot_phases.csv,9711,df1a7b937dd30f28f5b5acd1529104ea5dede7fbaea48a3058d634419bc8a531,figure-or-result
result/experiments/cost_pilot/raw/pilot_runs.csv,8208,73db65d47785545e03d843d3541d393f11692087a3a103e3ff695e1debdde38c,figure-or-result
result/experiments/cost_pilot/raw/pilot_steps.csv,8616,42aaf0cbeac94ce14a8da6f65dc03289211f1c7cc2831209fe8a43e539184c35,figure-or-result
result/experiments/cost_pilot/reports/pilot_report.md,746,dccbf6010295320a3ccbb56929e1cf137a0ca1ce00ce61d94e325f5a6a1572ee,figure-or-result
result/experiments/cost_pilot/same_machine_cost_report.md,1830,acea048f5ab1aeb079defec2a5398a3bb1556feba23889457d8b19014bcbdff8,figure-or-result
result/experiments/cost_pilot/same_machine_cost_summary.csv,7205,996230a1493fffe2798f76a79a525ababacb8ee99ce3036200f286985d7f6f23,figure-or-result
result/experiments/cost_raw.csv,111222,96292a615ffd6fd5e096c7986904b8a80235a42c90eabd92eb90e5578e24e9e7,figure-or-result
result/experiments/cost_summary.csv,4264,527ede86c6b945f629537e1d255eba045ede23f6de13f97de2a10e2a2e14f344,figure-or-result
result/experiments/epsilon_scan_long.csv,170006,b23db71821b7a6a5728cb9f1ab54cf58065951936e4d2c21fa41951e652ef08f,figure-or-result
result/experiments/existing_experiment_inventory.csv,4827,dbea2efb0d50f80d436548052e79fe75cbfe08f0a091b15efa4507bef76e2d85,figure-or-result
result/experiments/experiment_validation.json,1092,97a1b27d372497883c229a3587e9ccb1884980e7b15eb842eeff67a41285d50b,figure-or-result
result/experiments/fem_rfm_recomputed/cga_evaluated.csv,26094,593962aef4b58a77c97b4926a221ae96f78b1d1f3381a080845295781efccb96,figure-or-result
result/experiments/fem_rfm_recomputed/experiment.json,1595,a9a45ee42dbcd32e5b5ddf37c3a75e079f71be4346e43634e04898da6ffd9e9b,figure-or-result
result/experiments/fem_rfm_recomputed/fem_raw.csv,17499,7896373e9f43613afea882ac92c310a2709159d4a1a8280ab3e5e3e56c5b379d,figure-or-result
result/experiments/fem_rfm_recomputed/rfm_raw.csv,12583,51c4f3293f021d5ac1858a201990e7c1df1a0e8b2bd944aba72baf4294cfdbc4,figure-or-result
result/experiments/fem_rfm_recomputed/tables/C1_energy_gap.csv,404,1109739aabede856ae4917a64b81a44ca511c1c91de582300383883e15e45806,figure-or-result
result/experiments/fem_rfm_recomputed/tables/C1_energy_gap.tex,220,cdf2f1d8c205bbb9c33ce1c955c607b53e2172a815f93bfd068c36e2ad68e2cb,figure-or-result
result/experiments/fem_rfm_recomputed/tables/C1_natural_error.csv,412,8fe0e9ed0c0f0c3ee42cfc91f879113f604cbd714cddf72f1a87a24f17c139bb,figure-or-result
result/experiments/fem_rfm_recomputed/tables/C1_natural_error.tex,220,3a32fccb8965fb4bc1565b501b06bd9ebd32a7881a98b5bbaa8353e7dff7ca25,figure-or-result
result/experiments/fem_rfm_recomputed/tables/C2_energy_gap.csv,405,14556f2f6e2aa806b50862dbf027dc15749eae4b4e7c3c979a75739119ba123b,figure-or-result
result/experiments/fem_rfm_recomputed/tables/C2_energy_gap.tex,220,61dae7e54745595da28c08d2bf858c3128eb8846cd50f5860a8504ad0222ae0c,figure-or-result
result/experiments/fem_rfm_recomputed/tables/C2_natural_error.csv,408,592eccdaca01b7a75ba0badfef0ea5a92032efefddf43495235c230e7a28a4c7,figure-or-result
result/experiments/fem_rfm_recomputed/tables/C2_natural_error.tex,220,8bde395b2252daf925cdc86db0908bed84cf428f8fef8b63bb54b893cf2b0984,figure-or-result
result/experiments/fem_rfm_recomputed/tables/C3_energy_gap.csv,381,1bd609c30769bf702c3bf17910912dff4b616ef8d09c93a4cf18b4e553de8305,figure-or-result
result/experiments/fem_rfm_recomputed/tables/C3_energy_gap.tex,213,785699e1d1973fd8b3d6e9d61fb4843a246dec5a9f71f17be3a61a735d3f3255,figure-or-result
result/experiments/fem_rfm_recomputed/tables/C3_natural_error.csv,392,fe93066073afa75119f8ca3e0588dacc1752c854db2bec990fb329cb1bf86d1e,figure-or-result
result/experiments/fem_rfm_recomputed/tables/C3_natural_error.tex,213,085c3b0d699f83f4239106a291714ecfc01c706ccecac6603ab8a3ab694ac3b0,figure-or-result
result/experiments/fem_rfm_recomputed/tables/C4_energy_gap.csv,433,e70255a6696059e84ea15f3ae2bd3e89d8194391210e0029ad527209ccb924f6,figure-or-result
result/experiments/fem_rfm_recomputed/tables/C4_energy_gap.tex,220,3576d2e217b597af166b3429f4230f63ed0c6e43d6aab8c50ca5e22c35dc7383,figure-or-result
result/experiments/fem_rfm_recomputed/tables/C4_natural_error.csv,432,261d08a893d240ee69f8833fc8119354d36a53153792e709b1d7af000b5d82b4,figure-or-result
result/experiments/fem_rfm_recomputed/tables/C4_natural_error.tex,220,a2422a6381604859938a815fe00bf1e68d1f8fe4db4ba866eb5dcdb543cf1177,figure-or-result
result/experiments/fem_rfm_recomputed/tables/C4_v_error.csv,438,a429b3027e06d923eb53b416d95f0a2d54f96b99e63be795ecf51ad3edaf3bc7,figure-or-result
result/experiments/fem_rfm_recomputed/tables/C4_v_error.tex,220,185128333ec33b048effc39076bb66c2ccf3a1fbbe9ab0baf3c4753fc1f1bcf3,figure-or-result
result/experiments/fem_rfm_recomputed/tables/C5_energy_gap.csv,388,61713324f2338077c0a524dbc0fe55bb71f018227241ac8eecae6de296ff652f,figure-or-result
result/experiments/fem_rfm_recomputed/tables/C5_energy_gap.tex,213,f886032d1f07026d5d14c86aed553d2c85eb917b558b575f2ceebc42857deef2,figure-or-result
result/experiments/fem_rfm_recomputed/tables/C5_natural_error.csv,389,24f3b3068767dd3c4cb61103ac4960e255dbfb465e21500be3435ac888a91391,figure-or-result
result/experiments/fem_rfm_recomputed/tables/C5_natural_error.tex,213,6851342030586abee184fb052def6ac43d33a826ebae881c76799eb3633d7aac,figure-or-result
result/experiments/fem_rfm_recomputed/tables/C5_v_error.csv,389,9d97bc9d5dccc42c42dd9d7004dcfb3c3269212228e1d8cad669c9b6225458e2,figure-or-result
result/experiments/fem_rfm_recomputed/tables/C5_v_error.tex,213,bd6b57b6ac9735717f5fa283b7a72d40accb13525ac61456c2982f82bbf6ea7a,figure-or-result
result/experiments/fem_rfm_recomputed/tables/local_orders.csv,2333,4c038b49db91474dc29676ff9701d5ec6dd2a8c80a6d8d480409db5e6c8b42cc,figure-or-result
result/experiments/fem_rfm_recomputed/tables/order_summary.csv,2898,2567eb00ed38b2168d308feb28c710bde46b2f83bb55429892a9cfab8e2e6572,figure-or-result
result/experiments/quadrature_sensitivity.csv,60582,6f9794fdfc136c527599e1754926e8c6ae5396383841336fdb0a775f46bd1355,figure-or-result
result/experiments/random_greedy_baseline.csv,481,d70bf64f4ee45a3e799a00c824765dd034144743ee7c538efd8862f85fa312b5,figure-or-result
result/experiments/rfm_multiseed_raw.csv,180494,d29d64d0cb5cf13d9181ca88ff7bf030bd4fa37e052890d9f09b7c44ea480fcd,figure-or-result
result/experiments/rfm_multiseed_summary.csv,15486,3a03680122c933b6407ae7b2a0acd99d79ca1ff4d81ae01280b7265ce7c1e493,figure-or-result
result/experiments/single_factor_control_audit.csv,863,04a836be590e2be972def111876d939eb618ab43ecea5d3b34196c40f26bcce6,figure-or-result
result/experiments/source_manifest.csv,22209,8475b419e61f232e9705649e66faca1d355b5242fbaa08aa00b140e2bd910c40,figure-or-result
result/figure_table_manifest.csv,31315,2d7d11ed9ee6d58ee0fe640cdfb45231ec106770e0486e1b6ec4fc0e9d135c35,figure-or-result
result/figures/cga/cga_ablation_terminal.pdf,28770,0b700fac81665f013dee590188eb15631025fbf4b2f3a8a55e3c6c59ebe64bff,figure-or-result
result/figures/cga/cga_ablation_terminal.png,276938,3675b06cf6270a03679e974f6f0c76990ce36ba37d72dfb09ffca14f837160e8,figure-or-result
result/figures/cga/cga_epsilon_scan.pdf,43193,51f694dcce90e5fd2e72594cc29e7d6b731f4279dd3dc221bd34c55064f248e0,figure-or-result
result/figures/cga/cga_epsilon_scan.png,146667,b97332c00e2ed8b8c9d11c6fe01737a228ca0f334249d713b740c96849ca99dd,figure-or-result
result/figures/cga/cga_linear_cubic.pdf,60405,e67f80eae4f0e839dc312cbdf6b170553fdc274eb332852e459814190c92dd33,figure-or-result
result/figures/cga/cga_linear_cubic.png,198112,2e4b7446a8ea80c8bf3b4dd378ba6bc5d8db1399924b0710b4c70d701bb01538,figure-or-result
result/figures/cga/cga_p4_representative.pdf,50131,441e957ccb0b684685adbda6cf1b68c6b5656f7685b3a73ee3e0701f4e29e7b6,figure-or-result
result/figures/cga/cga_p4_representative.png,321342,767539e3c32963637ea21a8a9d2fa7ca5ffd0afde5fd37f37abd06f75e24d891,figure-or-result
result/figures/cga/cga_p5_boundary.pdf,42829,93b73b833ebd55ef4531df9ce6d4b937618a26a4e455e0fcad6c869caccc4f1d,figure-or-result
result/fractional_innovation/summary.json,2770,25e8c16e289dd728c24250ed6e66f48ac6ab35e235f496d52df13846fd36149b,figure-or-result
result/fractional_innovation/transitions.csv,5769,8132acfb61fcb4098d05cf15f6e3aac1cf57303a0872b4e7452dd90c8d652096,figure-or-result
result/review_checks/numeric_checks.json,2433,071e711ed006f71146d5ce216a9a011c67ba7fe1500ce3f49547baca67e197d1,figure-or-result
result/review_checks/rfm_seed_counts.csv,535,eb29ee2d2175bc7a73042f0f927c447dd90d254fe2a415f1c09eaac217a22f46,figure-or-result
result/revision_20260914/base_pure_states_q16.csv,27743,e1fd0e3cd55197dcc8d1482663e28a5f3314f3bbc665810ba8e6fe84b598ff9c,figure-or-result
result/revision_20260914/base_pure_states_q20.csv,27788,a8235e49d7209adebbc1e4fb259921fb5b4dfbef4817b55f136df2a17fa74348,figure-or-result
result/revision_20260914/continuation_summary.csv,1152,9f48ffc7ee8f671d0e7d6cda33977de68d6caaa9841013c9fa502483b5075b82,figure-or-result
result/revision_20260914/epsilon_01_states_q16.csv,27809,80a104907bd6fd0f57f5437bc588d03050f71a358a5fb301a6716c9c20caf659,figure-or-result
result/revision_20260914/epsilon_01_states_q20.csv,27790,56ef49a34347a3f8b4bf089f2f49b0979c260f1b8c97e80dce77b0fce3e6882d,figure-or-result
result/revision_20260914/prefix_verification.json,20928,43730deb09b78dbcf69bc68c91c1d83e5c6cc6b5d12526d8238710d3ecd5efb7,figure-or-result
result/revision_20260914/solver_status.json,10230,c5677330717ebeb12874d9e316a224d1206c9358dce6d755632451bb2d7d9795,figure-or-result
result/revision_20260914/validation.json,2744,d28e2a07d57d3bae34c7e1722b0341b02a3aabd097ad28aed8b32095a0863413,figure-or-result
result/section85/base_pure_finite_q16.csv,16622,62327e9d70bd5bb20b8f354ace846c92ed5ca42c4999e74e3953325887a41ce1,figure-or-result
result/section85/base_pure_finite_q20.csv,16690,860ee49073bbd09c5b2ca08ebc61061f54a4a530d363e30c0e50bfedf7db9d8d,figure-or-result
result/section85/base_pure_source_q16.npz,15236,f9efcc61d0707dda256c3bff593c553295c12313bd6e152eb4c8370166c61822,figure-or-result
result/section85/base_pure_source_q20.npz,15236,34406cf3086301260fbf7d892117ff8888deb4ef50810a935fb1f6127c28f1ec,figure-or-result
result/section85/base_pure_sources_q16.json,342,c594540fd2df4ae2c82d23e922eced77198953729f5cbf48b7108b75e600296b,figure-or-result
result/section85/base_pure_sources_q20.json,343,70a74f46a97e802a05b98fac0cda26648cdb79e3aad85be15932196b8aa8d6b3,figure-or-result
result/section85/common_quadrature_states.csv,303530,12f469b843c5ffababe11f2742a7633c31ddf65bfbeea4affab15a0cd7d597b6,figure-or-result
result/section85/common_quadrature_terminal.csv,9917,c08403d207f6456f879cfd15084ef27f397c54a830cd1b45a037113a157652aa,figure-or-result
result/section85/epsilon_01_finite_q16.csv,17187,942b33820ba4c8cb5db0e819a3152e5f7bc929b4fd6d67588bfe6f0ba258bff8,figure-or-result
result/section85/epsilon_01_finite_q20.csv,17274,59e8efb376d0f07a5954e39821789cdf8cda5f0566c2b3979b91ef2aba356a56,figure-or-result
result/section85/epsilon_01_source_q16.npz,15236,37c86237b19a18f6a4ed6b5efb25464f8cbf438a48cac2da4a423ed4efa18b5b,figure-or-result
result/section85/epsilon_01_source_q20.npz,15236,982a951165e62fec5a4495035809379043763565ae05f93ef16a5f4c04eae953,figure-or-result
result/section85/epsilon_01_sources_q16.json,343,7df1b00a1bab0a249a7b4e79fa1cfc947e6c4ad227058c51153bc70bcfcb14c6,figure-or-result
result/section85/epsilon_01_sources_q20.json,342,14c80f711666796af13ef2c4012630aa20c123a852432feb5e86c64c5cb5551f,figure-or-result
result/section85/finite_trajectory_summary.csv,2096,ecdbb93a2abb844df6a9b3e90a70ff526fd712b1435ab37271f4c840f70806cb,figure-or-result
result/section85/source_quadrature_crosscheck.csv,1183,9fe4a6eb455d7f99933449fe6b110099cc1261369d68b58605e984ed73fda48f,figure-or-result
result/window_diagnostics/active_kkt.csv,17257,d045811e5ad087dc700a2163661e559d626541e414485aa482d17cc05caa5424,figure-or-result
result/window_diagnostics/frozen_projection.csv,15723,afba8e28a701df9da657030bdbf2f87c15ef9bbfbf17164172f98c6fdc390c61,figure-or-result
result/window_diagnostics/hessian_spectra.csv,18506,56b56bf99466ca4d32e5ed4b164eafbfae4a8f630d2a1fdf86ddd1a46000139f,figure-or-result
result/window_diagnostics/quadrature_refinement.csv,18262,a27a7e3cbc2a348a16e2201f843624b85d0ed9f4bec212a13afbc98543ab240f,figure-or-result
result/window_diagnostics/selection_ratios.csv,15229,5281597aec9b0b069e2235305694f150cd1033204344b534c1e3af1805849448,figure-or-result
result/window_diagnostics/state_reconstruction_audit.csv,25541,279623078b0783264410188daab7cd624c30664f3e306fec0ca61f568f1e600a,figure-or-result
result/window_diagnostics/stepwise_states_manifest.csv,23975,2ef7de43cf2d1bd0bc437d99e00b8e55f38c26dd5c4e6089b4eedc0f065b3256,figure-or-result
result/window_diagnostics/transfer_budget.csv,25658,c2e2f1ab6529887df9a265b4ff74f892212c255fcdf6eb11cc11a9c938af43f4,figure-or-result
result/window_diagnostics/window_certificate_validation.json,1745,3fd5f71d30601fde8586e7778a0639a361f977e328e9325e0dbece61eb57899f,figure-or-result
supplement/S1_experiment_index.md,893,0c9314e32a52f7764c53eb498cf18ff50c5d54643b96de5224fa6e232a3e9f8f,documentation
supplement/S2_pool_generation.md,5061,01dfcbf0849099f06f27e16f8cfccb9a247c2186a9bb36f30d797c04da657efb,documentation
supplement/S2_window_certificate.md,1155,1e8c66102997d62ec310fbc3de031853c22489118969915a11336fdc1132f647,documentation
supplement/S3_failures_and_statistics.md,1523,2e9402d500c2c063a9151fe8c0fb27d8318cf6899cd5a3da7a4cfbd9853a7d1d,documentation
supplement/S4_reproduction.md,1771,5c03cf57ee3d193c9031e3ba8d7d10da075828d47ca41adb3d152ab5dd31b207,documentation
tex/README.md,425,27c2022a205a2ae5f3207f36b1c5e2e3ee6508ec33da4791c48f2c2a01704883,paper-source
tex/References/references.bib,7069,5ff3ec8205a0474dacf5a2e7f6cd464e0931a58afc3d87df08a2c2a062a1feb9,paper-source
tex/figures/baselines/C1_energy_gap.manifest.json,612,83432d61d58fbfe4cfc0dbc4b06609b58f34c3de7c3e25e58abe49d3b48252ff,figure-or-result
tex/figures/baselines/C1_energy_gap.pdf,31640,93eab1152709c4ad71657165fd67d98d7ddefee148e3477127662c1f53a6f294,figure-or-result
tex/figures/baselines/C1_energy_gap.png,122989,058065bd3b8fca074fd821bd5c92d8ff3bb4fb8fa38ecb819e614c72f7348cbb,figure-or-result
tex/figures/baselines/C1_relative_h1_error.manifest.json,625,084a5eb0ae0cd072336c75210ee58e0532838cc7b407148eb63aa10f8946f2e8,figure-or-result
tex/figures/baselines/C1_relative_h1_error.pdf,35414,56ce066f808a5c4c131d49e11e563d486538804431cddf19c63e57d279e1c74d,figure-or-result
tex/figures/baselines/C1_relative_h1_error.png,115701,2149fa40c3bd3a1f49216dfaa8b53d8807199d614ea46119cd9fccefa313e620,figure-or-result
tex/figures/baselines/C2_energy_gap.manifest.json,612,a2a411e5af2539a092543491d5ef470e22fa965bd7fd00aab4878b62fe36057a,figure-or-result
tex/figures/baselines/C2_energy_gap.pdf,31856,a9d2ad0f5f8594b965f9b1642e16be64ade4966346cef94af955309c1136d391,figure-or-result
tex/figures/baselines/C2_energy_gap.png,124585,42b10dbf0006023496a23733545a176554dab6fa0bb364510fa2f1d397d31e09,figure-or-result
tex/figures/baselines/C2_relative_h1_error.manifest.json,625,8a637611ef522f0d2b54e9de0111e687d3ed29f8562c756a025fd61aad9ff1b4,figure-or-result
tex/figures/baselines/C2_relative_h1_error.pdf,35517,fb3b88c06898f57b726e284369b068588ccb6ab6e67bb2619bd4f6c3f047cc48,figure-or-result
tex/figures/baselines/C2_relative_h1_error.png,117176,42169082b5a76fa4c802c1d5e17b33e10af31da2b97f6ea3703f25fee3db8900,figure-or-result
tex/figures/baselines/C3_energy_gap.manifest.json,612,b2d7a433f29096f5739db1f0f18681f4dff6885be5a4ace471eb574e8f62d47f,figure-or-result
tex/figures/baselines/C3_energy_gap.pdf,31230,03009afa154e72785bb930a7597326246141fca7248f761b065bbb5ca29c053e,figure-or-result
tex/figures/baselines/C3_energy_gap.png,126811,f022b12ba2b5bb1d2440c3c88a2fb151df5e69ca6fb08a4defc9b535db60b349,figure-or-result
tex/figures/baselines/C3_relative_h1_error.manifest.json,625,bc29f73cbdf17aeb71bf686b13589858b7c28409d7dd3fc32e6cc5c961e08104,figure-or-result
tex/figures/baselines/C3_relative_h1_error.pdf,35389,b7cee9baee30ea56028d8df41d2e6b34c9d6986c82274a3a88c03a8dc8fa2b8d,figure-or-result
tex/figures/baselines/C3_relative_h1_error.png,120639,3e09de4bbee6c49ccb0314bf2005da2d37f00a2e57e57763d572ff875dc957eb,figure-or-result
tex/figures/baselines/C4_energy_gap.manifest.json,612,87e3e6631d5d8c4932302c5e4e026782f0daebb8aa4a5f4e7724fb8285e196aa,figure-or-result
tex/figures/baselines/C4_energy_gap.pdf,29871,ce384b808d0a4fc6fcc7302e392113b0c6cd2104bcd400ab857924cb465e4905,figure-or-result
tex/figures/baselines/C4_energy_gap.png,100110,31b1ae5200db1c5e14e2c249fd1a7cb68cd8ba6b706da442ff7a1985872c3326,figure-or-result
tex/figures/baselines/C4_relative_w1p_error.manifest.json,626,bf6896cf488ec182a29d4e16b875fe412c09e13cafb73a1f200d127366af70d0,figure-or-result
tex/figures/baselines/C4_relative_w1p_error.pdf,35896,c93d4f3f30fd2bb6a4f60d2f8d84052fe5868da78ea7d3f25957df7979b179f0,figure-or-result
tex/figures/baselines/C4_relative_w1p_error.png,117086,9ff965264b2010213a39f8eeadd4fb03967fdde843076a51b62dacb7c0b0dde0,figure-or-result
tex/figures/baselines/C4_v_distance.manifest.json,612,cb2569e4f395e90022fdf812a8429135d7757f224d4b3e50e7fb1819c209c39e,figure-or-result
tex/figures/baselines/C4_v_distance.pdf,34105,bfd770bb2f385af707599245ad69b360830a29420294b17e5f96fa8e1fb199f3,figure-or-result
tex/figures/baselines/C4_v_distance.png,115635,1ecdbb8ccbbff4d924f87263f497a0b9f6207a50a3e68559ad4eb5adbcfea69a,figure-or-result
tex/figures/baselines/C5_energy_gap.manifest.json,612,b25da5ed8178274f690f7528188cad29622d263d8855d4b4f95e635aaad0c9a3,figure-or-result
tex/figures/baselines/C5_energy_gap.pdf,30707,063628564a4769e8081dd066cff8ed09d2d48af7f726f69ec40f35dc4054916a,figure-or-result
tex/figures/baselines/C5_energy_gap.png,123101,27cacacfca4dd98b7ed38e3b63764380d6b4b4532a4fe27963cc82e2467a61e5,figure-or-result
tex/figures/baselines/C5_relative_w1p_error.manifest.json,626,1f76f27001621a27340eb9514151ce567a0f9f55c93c13381ae1971e2f6cf6d8,figure-or-result
tex/figures/baselines/C5_relative_w1p_error.pdf,35584,4c9e7bc87ee521cd74cd702272a7f808354a9e5910a6564c7079f1e364d0808b,figure-or-result
tex/figures/baselines/C5_relative_w1p_error.png,116366,b799423dbaf592dbeade7004c9af84c26c52d036bda36332b58d673e60a36a48,figure-or-result
tex/figures/baselines/C5_v_distance.manifest.json,612,0f33a929bf8eb807351c17ffe7248117bf3c893f2495c79bf0bfe8592063b3e2,figure-or-result
tex/figures/baselines/C5_v_distance.pdf,33418,b58d93e09287393c8b80b24cc95cb3b6c4064beaaac09e527a7eeac5e1469542,figure-or-result
tex/figures/baselines/C5_v_distance.png,116404,33d581d94f88b93218c75166a9a9bd4258559d61eb6cc43c31d686e6b720ae56,figure-or-result
tex/figures/baselines_controlled/baseline_energy_gap.pdf,29125,1b17a244ea7ea824de92090ccd41a61279d5349403249579ba1efb27dbd9b1a9,figure-or-result
tex/figures/baselines_controlled/baseline_sobolev_error.pdf,28324,dcd2efa41b71e1cd1b76b54e5c40d24b7bb24cb50629bcc939811f48e6eed030,figure-or-result
tex/figures/baselines_controlled/baseline_v_error.pdf,18928,de4630f0a59fc98614773e668d0e88fb5658469f62934e15cdc4438af96c3b6d,figure-or-result
tex/figures/cga/cga_ablation_terminal.manifest.json,570,6546f64d663b35fe4c4fe3812daca5a8c2cd2e1bef0feac30b4ebb64bd30da80,figure-or-result
tex/figures/cga/cga_ablation_terminal.pdf,28770,ab7e572cae097040358cfa453341e5f36aea587ebe66051358d2d3dd509bcc9b,figure-or-result
tex/figures/cga/cga_ablation_terminal.png,276938,3675b06cf6270a03679e974f6f0c76990ce36ba37d72dfb09ffca14f837160e8,figure-or-result
tex/figures/cga/cga_epsilon_scan.manifest.json,591,616f290b4f099ef0d0ee91d71556ce1dd23b66699a354c0eba948b529221bd0e,figure-or-result
tex/figures/cga/cga_epsilon_scan.pdf,43193,746395e0a9490f76eb940d839ef687602f3bc276d935d2a7be5d4224f77ad19f,figure-or-result
tex/figures/cga/cga_epsilon_scan.png,146667,b97332c00e2ed8b8c9d11c6fe01737a228ca0f334249d713b740c96849ca99dd,figure-or-result
tex/figures/cga/cga_linear_cubic.manifest.json,774,279b2ce411e284754c48034c747f5a085ff03ede911bd631ce0fe2acf9bf0062,figure-or-result
tex/figures/cga/cga_linear_cubic.pdf,60405,ef775c05e2cd13fe3ed46b079a308772a8bf619f356ba85fa8256b5e825c2371,figure-or-result
tex/figures/cga/cga_linear_cubic.png,198112,2e4b7446a8ea80c8bf3b4dd378ba6bc5d8db1399924b0710b4c70d701bb01538,figure-or-result
tex/figures/cga/cga_p4_representative.manifest.json,830,79def15264346dbb3d13d9afc5ca80e05893692eb2309d8422675797a52dbfe6,figure-or-result
tex/figures/cga/cga_p4_representative.pdf,50131,609c9777f3fbbc5f04ea1510ac6b4235445299dbca95432d026d4d2529ad5cd9,figure-or-result
tex/figures/cga/cga_p4_representative.png,321342,767539e3c32963637ea21a8a9d2fa7ca5ffd0afde5fd37f37abd06f75e24d891,figure-or-result
tex/figures/cga/cga_p5_boundary.pdf,42829,93b73b833ebd55ef4531df9ce6d4b937618a26a4e455e0fcad6c869caccc4f1d,figure-or-result
tex/figures/diagnostics/finite_trajectory_bounds.manifest.json,768,a948e5e60b188543a9361a7584215043d31cced5744df112da2244035699936b,figure-or-result
tex/figures/diagnostics/finite_trajectory_bounds.pdf,46653,c852b8bc365b44bce3585f4f281065df548ebf76ac9f311c604f1177104dcb4b,figure-or-result
tex/figures/diagnostics/finite_trajectory_bounds.png,263818,6711bcfcd88e3296372dfaa665966857f8f7a539f485b4c587e7f300b93d84af,figure-or-result
tex/figures/diagnostics/finite_window_diagnostics.manifest.json,964,a47d4d8fb834e520b7a9bce0625a578e47746e74223c8798ff1d2460c16d7eb1,figure-or-result
tex/figures/diagnostics/finite_window_diagnostics.pdf,55733,89e0093104882700ff484d9dea027e6f1bea63be1f570848071e6338ce36f664,figure-or-result
tex/figures/diagnostics/finite_window_diagnostics.png,268779,52cd6ebf919f4c36cd03d539ff2960f402cbe5573538624b41cd5f767d42707c,figure-or-result
tex/figures/supplementary/cga_p4_variants_supplement.manifest.json,852,9f1428435a3a183361b706d9cb8b11c6ee575d9e5817a83625715f1ecb5fcf25,figure-or-result
tex/figures/supplementary/cga_p4_variants_supplement.pdf,50316,b5fbf2d533f33abefd7a8bfec942d17e62be7143ebd2bdedd1572df85f1e9635,figure-or-result
tex/figures/supplementary/cga_p4_variants_supplement.png,327266,9e4f57fc48dd14b5aef7302fe3da6faca09ae125bbbe5f1597c6ce883c553918,figure-or-result
tex/figures/supplementary/cga_p5_boundary.manifest.json,770,2202cda19c4d210ba21a129aa92a21c81bdba555817d9a5907110af2b247b256,figure-or-result
tex/figures/supplementary/cga_p5_boundary.pdf,40060,42bc44ca59b26c4f3b86fb9040330502076c90434b8674748a1ca50de204b9a4,figure-or-result
tex/figures/supplementary/cga_p5_boundary.png,142621,9cd03e36253d5bccfb674a60827a057eed0da19718cee37b4338eb1c6a3f0307,figure-or-result
tex/figures/supplementary/cga_sinh_supplement.manifest.json,752,4588fad709901e5fec140d1ef484bf56e7a27104fc2711e95adefec05d912932,figure-or-result
tex/figures/supplementary/cga_sinh_supplement.pdf,37249,7628a73f93c397976383550f12a4ede773173348287c3f522c3f4de14493de7d,figure-or-result
tex/figures/supplementary/cga_sinh_supplement.png,102618,c761c104116779a276e200dfce251ded259ff05c44b10e7caa50f8eb35235d1c,figure-or-result
tex/figures/supplementary/fem_p2_supplement.manifest.json,581,bf09504640d4e96bc8b772c2f718e6a1c99ac6e8a7a10cd46b88d2198bbc0a19,figure-or-result
tex/figures/supplementary/fem_p2_supplement.pdf,39689,7e7769ab6ebfb4ac4676121dd1b4f5d2df0775636c046f3eea53d67c13b3df86,figure-or-result
tex/figures/supplementary/fem_p2_supplement.png,217549,bf087a48a1834484e4fca3faecbeee846d0885becca40097efe545a2bed08eaf,figure-or-result
tex/generated/baseline_terminal.tex,1397,3a121a9accd01385ca3e8ededc699eddc733e9d81cb5d9db4bda32746e5760ee,paper-source
tex/generated/ch8_all_dyadic_supplement.tex,9546,71f54e85a7d53191394d31ca84e61e716f7022909dd515f75cf33d16cbe3999c,paper-source
tex/generated/ch8_p4_tables.tex,1838,557a8aa44c2a70b706e5ef35f622b39e720775ee4e77ce4147fa40faa5260732,paper-source
tex/generated/ch8_semilinear_tables.tex,1154,7f33b1e01a346b6b3113956ceb8807b6ab157c80d2a2a7939832488fda4f3f49,paper-source
tex/generated/continuation_summary.tex,584,3a3ac37a1a85f1764728e39cdf9c8bf832c3d86c703c452829f0d42ef45c7473,paper-source
tex/generated/fem_pdegree.tex,889,e4556a70aec116d4bc624cd65550eec4cf19fa8284e619d97b08f7fa5beb5f15,paper-source
tex/generated/finite_trajectory_conditions.tex,743,1fcf52546692396651496e1fa7efc3f642cc52c35c6dcab50d8379070e797ee4,paper-source
tex/generated/finite_trajectory_values.tex,967,f399c85343a7bdf588930e73f0f3d0e4c26f1f39fffbc0dcf13dc8c51e4950f3,paper-source
tex/generated/fractional_innovation_summary.tex,1014,7e3d5d985a0ae95f7e10063748ec8164bc3b6aeae6aae8c3ab2fb3cec2d8a059,paper-source
tex/generated/merged_trajectory_conditions.tex,1171,ba43f05bf4d94d013a494a54bddf47fd2c697b853499a244e06a655f1e15fa3d,paper-source
tex/generated/revision_continuation_summary.tex,569,6a1f9078e4845ef7227bbf7547ec442522bbdcb7c25ac635ebd8507a41adf547,paper-source
tex/generated/transfer_margin_example.tex,948,ab5599f7cdbc48f8b9d3f62c46b15578fbdd2e84987fcde7c4da975297d1ca9e,paper-source
tex/generated/unified_audit_summary.tex,1508,20228ac6f224ddcb3127e384afe26645fdaf0d6bd3c1d0a01f969db63db8fe6e,paper-source
tex/generated/window_diagnostics.tex,587,f2097457bbec13e6f743d79eecb59453c8b2e65c8bfb5774a73aa30ad44c0863,paper-source
tex/latexmkrc,69,b267529c1cc118849d9ff6b8f1c7a8040af621a219e7a4556e489b8ab1aa4dc1,paper-source
tex/main.tex,4968,89f5d4d36ed0fef0e356e066ce2a0fa7f44a554dac956705b428b9fc459cfd8d,paper-source
tex/sections/00_frontmatter.tex,2586,27db7cce6e08dc06759a5647281ff4305013f75f074446a0e6cff95ef2dda6c2,paper-source
tex/sections/01_introduction.tex,11701,bb3e065458566fbbcfd41548e58a169ada354a7d5effdb2a2fb92c48f5db8fef,paper-source
tex/sections/02_setting_algorithms.tex,13112,220b4d04dfbf7af2458cf3569f9d9a2d9763d3668413065806274ecd45d97fcf,paper-source
tex/sections/03_inexact_descent.tex,8725,3042b0c56a5b7c64b3c42b680d7f746c6368cf8cb2fe855abb94b527f54438c4,paper-source
tex/sections/04_natural_geometry.tex,7838,00ee1b8eb9c5e049535806a50227b4ebee354ac63f3009a01ba31917c1d85a0b,paper-source
tex/sections/06e_merged_window_experiment.tex,8008,edbde6eb86a136c29456d7bfe9355e07afd98cb0703cfdac13555bf44e7e80e2,paper-source
tex/sections/07_energy_families.tex,8122,72c613bfc68e71d1657dd059be53129e3028e3c3057ff7da6bf9227deef8b120,paper-source
tex/sections/08_numerical_methodology.tex,11856,6727c422a0f4056dc691e2ea39e1e7714fa90842669b238fe817c62431bbed6f,paper-source
tex/sections/09_results.tex,10462,37cee8b994b7e538d9e9810f9538ceea1abd0ec6fd5959ab2afbc2eeef2df179,paper-source
tex/sections/10_discussion.tex,4342,20f6cf01e8176b1de423c3c1252352f2601f56abb3d07ec1e6ccc5ca1780f8b7,paper-source
tex/sections/A_source_proof.tex,1937,060347442c38c52b50a1fe7c545a1778a6ed3033e055e46751b689de6a235c29,paper-source
