attempted_iteration,nominal_selected_count,accepted_atom_count,effective_rank,raw_winner_pool_index,nominal_pool_index,accepted_pool_index,candidate_score_rank,signed_score,dual_score_abs,atom_scale,innovation_abs,innovation_rel,rejected_candidate_count,oracle_pool_index,oracle_score,oracle_ratio,raw_oracle_pool_index,raw_oracle_score,raw_oracle_ratio,admissible_oracle_pool_index,admissible_oracle_score,admissible_oracle_ratio,coverage_warning,coverage_warning_streak,remaining_candidate_count,train_energy,validation_energy,accepted,rollback,acceptance_reason,method_chain,optimizer_success,projected_residual_abs,projected_residual_rel,projected_residual_target,energy_decrease,condition_estimate,zero_mean_residual,compatibility_residual,train_validation_gap,train_energy_drop,validation_energy_drop,train_validation_drop_gap,energy_drop_scale,energy_drop_gap_limit,quadrature_warning,quadrature_warning_streak,quadrature_warning_reason,trusted,elapsed_selection_s,elapsed_projection_s,energy_gap_raw,energy_gap_status,l2_abs,l2_rel,natural_abs,natural_rel,w1p_full_abs,w1p_full_rel,quasi_abs,quasi_rel,elapsed_total_s
1,1,1,1,1005,1005,1005,1,3.116409664373868,3.116409664373868,0.6365702146386907,1.0000000000000018,1.0,0,2649,3.1164103359711226,0.9999997844965257,2649,3.1164103359711226,0.999999784496522,2649,3.1164103359711226,0.9999997844965257,False,0,1844,-4.856004598101404,-4.856004598101406,True,False,accepted,exact-linear,True,0.0,0.0,3.2164096643738627e-10,4.856004598101404,1.0,0.3589739051575958,-1.7763568394002505e-14,-1.7763568394002505e-15,4.856004598101404,4.856004598101406,-1.7763568394002505e-15,4.856004598101406,0.09712009206202812,False,0,none,True,5.263618100027088,0.005520300008356571,19.587026184567492,ok,0.7468443498280182,1.0307431280114965,6.2589178273192685,0.8951724846375603,,,,,12.50732859998243
2,2,2,2,1723,1723,1723,1,3.1782154454522624,3.1782154454522624,0.7360310194463763,0.9997340182073845,0.9997340182073868,0,3086,3.1782175178384517,0.9999993479407316,3086,3.1782175178384517,0.9999993479407357,3086,3.1782175178384517,0.9999993479407316,False,0,1843,-9.909219075551128,-9.909219075551135,True,False,accepted,exact-linear,True,1.3203721447146771e-14,4.153340050164198e-15,3.2790610178005474e-10,5.053214477449724,1.0002660525577536,0.7654604274840473,-1.7763568394002505e-14,-7.105427357601002e-15,5.053214477449724,5.053214477449729,-5.329070518200751e-15,5.053214477449729,0.10106428964899458,False,0,none,True,4.914039099996444,0.005341100011719391,14.533811707117763,ok,0.8118406606709005,1.1204465592054629,5.391439827563274,0.7711027240440437,,,,,17.43876819999423
3,3,3,3,187,187,187,1,-0.6030891362340401,0.6030891362340401,0.00012017434250897223,0.9568298098484118,0.9568298098484116,0,197,0.6031676037742171,0.9998699075685001,197,0.6031676037742171,0.9998699075685001,197,0.6031676037742171,0.9998699075685001,False,0,1842,-10.107857664103115,-10.107857664103125,True,False,accepted,exact-linear,True,3.3858708045529965e-14,5.371846255301256e-14,7.30299275823767e-11,0.19863858855198657,1.0451179402096902,0.7876158313374618,-1.7763568394002505e-14,-1.0658141036401503e-14,0.19863858855198657,0.19863858855199013,-3.552713678800501e-15,0.19863858855199013,0.003972771871039802,False,0,none,True,4.6596699000219814,0.005966299999272451,14.335173118565773,ok,0.8298298343594419,1.145273977612443,5.354469743787104,0.7658151323765641,,,,,22.117090299987467
4,4,4,4,493,493,493,1,-0.5747393269938066,0.5747393269938066,0.00010351701597673231,0.9617334746526556,0.961733474652656,0,2794,0.5747403377852628,0.9999982413076136,2794,0.5747403377852628,0.9999982413076131,2794,0.5747403377852628,0.9999982413076136,False,0,1841,-10.28642514390893,-10.286425143908911,True,False,accepted,exact-linear,True,1.7627391043361184e-14,2.9496593048304744e-14,6.976076970819612e-11,0.17856747980581567,1.0451179402096902,0.809031682787047,-1.7763568394002505e-14,1.9539925233402755e-14,0.17856747980581567,0.17856747980578547,3.019806626980426e-14,0.17856747980581567,0.0035713496961163136,False,0,none,True,4.94628720000037,0.010858099994948134,14.156605638759988,ok,0.8484360653250308,1.1709530159694872,5.3210160004946365,0.7610304601169554,,,,,27.089265399990836
5,5,5,5,1111,1111,1111,1,-0.3417835134303844,0.3417835134303844,0.09755420248120558,0.40866718053161566,0.40866718053161555,0,2821,0.3417854547353272,0.9999943201066169,2821,0.3417854547353272,0.9999943201066013,2821,0.3417854547353272,0.9999943201066169,False,0,1840,-10.636154993405087,-10.63615499340508,True,False,accepted,exact-linear,True,4.617566912562548e-14,5.5211792755397645e-14,9.363370725923628e-11,0.34972984949615693,2.4469789785887612,0.9357776827805825,-1.7763568394002505e-14,7.105427357601002e-15,0.34972984949615693,0.34972984949616936,-1.2434497875801753e-14,0.34972984949616936,0.006994597089923387,False,0,none,True,4.605093999998644,0.012296999979298562,13.806875789263819,ok,0.9651310576915636,1.3320074063292138,5.254878835760876,0.7515712897435745,,,,,31.721789499977604
6,6,6,6,1229,1229,1229,1,0.44076221682690697,0.44076221682690697,0.004488659202453172,0.41817964408650926,0.4181796440865089,0,3519,0.44076717855991465,0.9999887429617063,3519,0.44076717855991465,0.9999887429617029,3519,0.44076717855991465,0.9999887429617063,False,0,1839,-11.191615191136265,-11.191615191136242,True,False,accepted,exact-linear,True,7.65366527556676e-14,7.261527641673578e-14,1.1540020851318835e-10,0.555460197731179,2.4469789785887612,0.9882823173759908,-1.7763568394002505e-14,2.3092638912203256e-14,0.5554601977311773,0.5554601977311613,1.5987211554602254e-14,0.5554601977311773,0.011109204054623545,False,0,none,True,4.471234199998435,0.01298030000180006,13.251415591532657,ok,1.01831692056504,1.4054108707549962,5.148090051957642,0.736297981551013,,,,,36.22317089998978
7,7,7,7,1094,1094,1094,1,-0.3442507353379196,0.3442507353379196,0.10014287312869943,0.4298904904842465,0.42989049048424566,0,1153,0.34425267951450805,0.9999943524721691,1153,0.34425267951450805,0.999994352472143,1153,0.34425267951450805,0.9999943524721691,False,0,1838,-11.512245136463962,-11.512245136463976,True,False,accepted,exact-linear,True,3.6803683947662213e-14,4.5959389827757387e-14,9.007870445102049e-11,0.32062994532769906,2.4469789785887612,1.1286955744377878,-1.7763568394002505e-14,-1.4210854715202004e-14,0.3206299453276973,0.3206299453277346,-3.730349362740526e-14,0.3206299453277346,0.006412599006554691,False,0,none,True,4.906089299998712,0.013058200012892485,12.930785646204923,ok,1.141403806459621,1.5752869122801014,5.085427346094902,0.7273357405296628,,,,,41.15875909998431
8,8,8,8,1653,1653,1653,1,0.4425687308562718,0.4425687308562718,0.0045398225983671395,0.4304192221670928,0.4304192221670926,0,3421,0.44256710771437263,1.000003667561079,3421,0.44256710771437263,1.0000036675610857,3421,0.44256710771437263,1.000003667561079,False,0,1837,-12.040870674235498,-12.040870674235482,True,False,accepted,exact-linear,True,4.732324828518161e-14,4.6024118509048975e-14,1.1282271517243119e-10,0.5286255377715356,2.4469789785887612,1.1916931043947105,-1.7763568394002505e-14,1.5987211554602254e-14,0.5286255377715356,0.5286255377715054,3.019806626980426e-14,0.5286255377715356,0.010572510855430713,False,0,none,True,4.392228200013051,0.01502349998918362,12.402160108433417,ok,1.2013269974130993,1.6579887728458829,4.980393580518187,0.7123134412286959,,,,,45.58265569998184
9,9,9,9,1803,1803,1803,1,0.14001620212940824,0.14001620212940824,0.027352236351914458,0.12278367775149056,0.12278367775149039,0,308,0.14001535817452657,1.000006027587921,308,0.14001535817452657,1.000006027587914,308,0.14001535817452657,1.000006027587921,False,0,1836,-12.691068204961937,-12.691068204961935,True,False,accepted,exact-linear,True,3.0849420196160677e-14,2.7052621129410773e-14,1.2403486578467673e-10,0.6501975307264445,8.144405008163734,1.2887821187132062,-1.7763568394002505e-14,1.7763568394002505e-15,0.6501975307264392,0.6501975307264534,-1.4210854715202004e-14,0.6501975307264534,0.013003950714529066,False,0,none,True,4.41886410000734,0.01788569998461753,11.751962577706964,ok,1.2971931613770837,1.7902966489615082,4.848084689381351,0.6933901573501903,,,,,50.036357599979965
10,10,10,10,7,7,7,1,-0.1503126120185918,0.1503126120185918,1.5806076666845987,0.10626953397352658,0.10626953397352634,0,3,0.1503126120185939,0.9999999999999861,3,0.1503126120185939,1.0,3,0.1503126120185939,0.9999999999999861,False,0,1835,-13.691398209779297,-13.691398209779294,True,False,accepted,exact-linear,True,7.855108392258154e-14,5.553484148446495e-14,1.5144468917689274e-10,1.0003300048173571,9.410034678886591,0.2624065622901719,-1.7763568394002505e-14,3.552713678800501e-15,1.0003300048173607,1.000330004817359,1.7763568394002505e-15,1.0003300048173607,0.020006600196347216,False,0,none,True,4.37032139999792,0.01974670001072809,10.751632572889605,ok,0.2952045515721143,0.40742098800203985,4.637161324105431,0.6632231543360237,,,,,54.44448769997689
11,11,11,11,1384,1384,1384,1,0.1190697638668085,0.1190697638668085,4.179433398047432e-06,0.6153211302959943,0.6153211302959944,0,3605,0.11915132152883541,0.9993155118971369,3605,0.11915132152883541,0.9993155118971361,3605,0.11915132152883541,0.9993155118971369,False,0,1834,-13.710120946521027,-13.71012094652103,True,False,accepted,exact-linear,True,4.1542531361998996e-14,2.1468084359025825e-13,2.935083292354088e-11,0.018722736741736412,9.410034678886591,0.26677661928035024,-1.7763568394002505e-14,-3.552713678800501e-15,0.018722736741729307,0.018722736741736412,-7.105427357601002e-15,0.018722736741736412,0.00037445483483472823,False,0,none,True,4.870887199998833,0.024255000025732443,10.732909836147869,ok,0.29909623079106085,0.41279201559604656,4.633122022167747,0.6626454391380425,,,,,59.35626659999252
12,12,12,12,519,519,519,1,0.08267803705027488,0.08267803705027488,0.028017623766904906,0.11921564453380028,0.11921564453380032,0,87,0.08269157960881864,0.9998362280826195,87,0.08269157960881864,0.9998362280827238,87,0.08269157960881864,0.9998362280826195,False,0,1833,-13.950603633708687,-13.950603633708685,True,False,accepted,exact-linear,True,8.87694126343667e-14,1.2799895981633336e-13,7.935166720240741e-11,0.2404826871876633,9.410034678886591,0.4867364130125523,-1.7763568394002505e-14,1.7763568394002505e-15,0.24048268718765975,0.24048268718765442,5.329070518200751e-15,0.24048268718765975,0.004809653843753195,False,0,none,True,4.424728699988918,0.02287449999130331,10.492427148960214,ok,0.5070237349464315,0.6997592345113176,4.580922865310049,0.655179731769856,,,,,63.82377550000092
13,13,13,13,867,867,867,1,0.07559656498648692,0.07559656498648692,0.2384940066372107,0.050795980732872906,0.050795980732872906,0,1604,0.0755968525422461,0.9999961961940278,1604,0.0755968525422461,0.9999961961940659,1604,0.0755968525422461,0.9999961961940278,False,0,1832,-15.058031452966944,-15.058031452966937,True,False,accepted,exact-linear,True,6.383652663129608e-14,4.2893998919064834e-14,1.5882391066346357e-10,1.107427819258266,19.686596962441286,-0.2347957554723593,-1.7763568394002505e-14,7.105427357601002e-15,1.1074278192582572,1.1074278192582518,5.329070518200751e-15,1.1074278192582572,0.022148556485165144,False,0,none,True,4.380779200000688,0.0240981999959331,9.384999329701962,ok,0.2603974809099924,0.35938266663098783,4.3324356497706855,0.619640214512715,,,,,68.25014339998597
14,14,14,14,206,206,206,1,-0.07001163323485748,0.07001163323485748,0.011437994080299703,0.04576836937071719,0.04576836937071719,0,3100,0.07001669226549169,0.9999277453637052,3100,0.07001669226549169,0.9999277453637132,3100,0.07001669226549169,0.9999277453637052,False,0,1831,-16.228014430037685,-16.228014430037675,True,False,accepted,exact-linear,True,8.37601284173225e-14,5.475610721838451e-14,1.6296947258003728e-10,1.16998297707074,21.849150707121463,-0.25297743238843157,-1.7763568394002505e-14,1.0658141036401503e-14,1.1699829770707417,1.1699829770707382,3.552713678800501e-15,1.1699829770707417,0.023399659641414838,False,0,none,True,4.899372200015932,0.0281816000060644,8.215016352631224,ok,0.27665752266378857,0.38182365624651465,4.053397674206475,0.5797312198932674,,,,,73.19922089998727
15,15,15,15,128,128,128,1,-0.12350265987249953,0.12350265987249953,0.0006986355227521104,0.15314440352033612,0.15314440352033576,0,1974,0.12353397910514453,0.9997464727286219,1974,0.12353397910514453,0.9997464727286189,1974,0.12353397910514453,0.9997464727286219,False,0,1830,-16.553191838203464,-16.55319183820345,True,False,accepted,exact-linear,True,9.488208915936889e-14,1.1765463969825586e-13,9.064457925561557e-11,0.3251774081657821,21.849150707121463,-0.2544526430285045,-1.7763568394002505e-14,1.4210854715202004e-14,0.32517740816577856,0.325177408165775,3.552713678800501e-15,0.32517740816577856,0.006503548263315571,False,0,none,True,4.427477299992461,0.02856820001034066,7.889838944465449,ok,0.27800710168686976,0.3836862522533931,3.9723642694157495,0.5681415367712853,,,,,77.68007219998981
16,16,16,16,68,68,68,1,-0.06267929868764299,0.06267929868764299,0.0114742614269842,0.04616261098494282,0.04616261098494282,0,1789,0.06268774473392172,0.9998652679831668,1789,0.06268774473392172,0.9998652679831538,1789,0.06268774473392172,0.9998652679831668,False,0,1829,-17.47499359574625,-17.47499359574624,True,False,accepted,exact-linear,True,1.078656375903198e-13,7.944185035540234e-14,1.4577936202109687e-10,0.9218017575427808,21.849150707121463,-0.3216770515361448,-1.7763568394002505e-14,7.105427357601002e-15,0.9218017575427844,0.9218017575427915,-7.105427357601002e-15,0.9218017575427915,0.018436035250855833,False,0,none,True,4.84455410001101,0.028174500010209158,6.968037186922658,ok,0.34275934608104097,0.4730528397464663,3.7331051919073124,0.5339218603360937,,,,,82.57439249998424
17,17,17,17,1639,1639,1639,1,0.1546777068096221,0.1546777068096221,4.620956343626466e-06,0.6125351654054235,0.6125351654054235,0,863,0.1547303330062354,0.9996598844222019,863,0.1547303330062354,0.9996598844222019,863,0.1547303330062354,0.9996598844222019,False,0,1828,-17.506876905688056,-17.506876905688024,True,False,accepted,exact-linear,True,1.2594751135401483e-13,4.987614653130863e-13,3.5252053358804315e-11,0.03188330994180788,21.849150707121463,-0.3220929062886428,-1.7763568394002505e-14,3.197442310920451e-14,0.03188330994180788,0.03188330994178301,2.4868995751603507e-14,0.03188330994180788,0.0006376662988361577,False,0,none,True,4.579274599993369,0.030752999999094754,6.936153876980875,ok,0.3431557844943891,0.47359997673737003,3.724554705459666,0.5326989396316885,,,,,87.20842519999132
18,18,18,18,875,875,875,1,-0.10890531199638831,0.10890531199638831,0.0007110513322766966,0.14387534346924716,0.14387534346924713,0,1962,0.10890596795527653,0.9999939768324865,1962,0.10890596795527653,0.9999939768324727,1962,0.10890596795527653,0.9999939768324865,False,0,1827,-17.79335761585199,-17.793357615851985,True,False,accepted,exact-linear,True,1.6189062806314166e-13,2.1387450520144111e-13,8.569421512426756e-11,0.2864807101639357,21.849150707121463,-0.327317896407539,-1.7763568394002505e-14,3.552713678800501e-15,0.2864807101639322,0.2864807101639606,-2.842170943040401e-14,0.2864807101639606,0.005729614303279212,False,0,none,True,4.430022300017299,0.03267870002309792,6.649673166816914,ok,0.3482819664673769,0.4806747799983311,3.6468268856135535,0.5215820329176557,,,,,91.6947472000029
19,19,19,19,134,134,134,1,0.052535086541796616,0.052535086541796616,0.21624264239787577,0.02953785628928847,0.029537856289288438,0,1361,0.052535072824269974,1.000000261111785,1361,0.052535072824269974,1.0000002611118175,1361,0.052535072824269974,1.000000261111785,False,0,1826,-19.375009714705556,-19.375009714705534,True,False,accepted,exact-linear,True,1.016357031786287e-13,5.714468162080467e-14,1.878568018858752e-10,1.5816520988535672,33.85486035974246,0.004817560283290279,-1.7763568394002505e-14,2.1316282072803006e-14,1.5816520988535672,1.5816520988535494,1.7763568394002505e-14,1.5816520988535672,0.03163304207707134,False,0,none,True,4.880593099980615,0.04010990000097081,5.068021067963365,ok,0.058562067220903215,0.08082333134607425,3.183715146794182,0.45534615998539857,,,,,96.64031359998626
20,20,20,20,1371,1371,1371,1,-0.014208767293593993,0.014208767293593993,0.001850649831589156,0.03911514929252224,0.03911514929252223,0,1726,0.014210089489894225,0.9999069536964442,1726,0.014210089489894225,0.999906953696495,1726,0.014210089489894225,0.9999069536964442,False,0,1825,-19.440986754057818,-19.440986754057814,True,False,accepted,exact-linear,True,1.5047226282429934e-13,4.1423333236052026e-13,4.632548398913939e-11,0.06597703935226917,33.85486035974246,0.0048524726775903415,-1.7763568394002505e-14,3.552713678800501e-15,0.06597703935226207,0.06597703935227983,-1.7763568394002505e-14,0.06597703935227983,0.0013195408870455966,False,0,none,True,4.899425999989035,0.04434449999826029,5.002044028611085,ok,0.05822279301228911,0.0803550884529988,3.1629239727224205,0.4523725329997377,,,,,101.60933189999196
21,21,21,21,1418,1418,1418,1,-0.014132593468225929,0.014132593468225929,0.001827564400381258,0.04071419826224637,0.04071419826224635,0,2255,0.014134531237455034,0.9998629053064052,2255,0.014134531237455034,0.9998629053069301,2255,0.014134531237455034,0.9998629053064052,False,0,1824,-19.501231886417745,-19.50123188641774,True,False,accepted,exact-linear,True,6.732240024831304e-14,1.9394724382022477e-13,4.471170763876185e-11,0.06024513235993112,33.85486035974246,0.005462245755822874,-1.7763568394002505e-14,3.552713678800501e-15,0.06024513235992757,0.06024513235992757,0.0,0.06024513235992757,0.0012049027471985514,False,0,none,True,5.067244599980768,0.049146999983349815,4.941798896251157,ok,0.058077952746881094,0.08015518989547064,3.1438189821461244,0.44964006991985644,,,,,106.75334909997764
22,22,22,22,580,580,580,1,-0.005575805288125402,0.005575805288125402,0.04852132798176061,0.01563156034231903,0.01563156034231904,0,2347,0.0055760952517005,0.9999479988124288,2347,0.0055760952517005,0.999947998809251,2347,0.0055760952517005,0.9999479988124288,False,0,1823,-19.564849963831094,-19.564849963831115,True,False,accepted,exact-linear,True,1.3556187971782033e-13,3.8004262943842434e-13,4.56701772951459e-11,0.06361807741333791,63.97314011530381,0.00041343617041128544,-1.7763568394002505e-14,-2.1316282072803006e-14,0.06361807741334857,0.06361807741337344,-2.4868995751603507e-14,0.06361807741337344,0.0012723616482674689,False,0,none,True,5.000946100015426,0.054771399998571724,4.878180818837784,ok,0.05809841287585165,0.08018342755615522,3.123517510384019,0.4467364818842764,,,,,111.83577649999643
23,23,23,23,59,59,59,1,-0.004663311429187189,0.004663311429187189,0.12741211453047804,0.006200574115775915,0.00620057411577591,0,1574,0.0046634516067826015,0.9999699412351125,1574,0.0046634516067826015,0.9999699412353106,1574,0.0046634516067826015,0.9999699412351125,False,0,1822,-19.847660143691193,-19.8476601436912,True,False,accepted,exact-linear,True,1.0721353748882709e-13,1.4255652780414815e-13,8.520773628558269e-11,0.2828101798600926,161.27538858953963,0.007961880122860587,-1.7763568394002505e-14,-7.105427357601002e-15,0.2828101798600997,0.2828101798600855,1.4210854715202004e-14,0.2828101798600997,0.0056562036972019935,False,0,none,True,4.3963371999852825,0.05592340001021512,4.595370638977698,ok,0.05713103204138892,0.07884831516289402,3.0316235382968304,0.4335934821539642,,,,,116.31723049998982
24,24,24,24,33,33,33,1,-0.01034632172198302,0.01034632172198302,0.05057877855937368,0.012547951822456428,0.012547951822456436,0,3507,0.010345862942330773,1.0000443442615472,3507,0.010345862942330773,1.000044344261051,3507,0.010345862942330773,1.0000443442615472,False,0,1821,-20.187595452546525,-20.18759545254651,True,False,accepted,exact-linear,True,1.3041740121845802e-13,1.5816937760779804e-13,9.245426718555172e-11,0.3399353088553241,161.27538858953963,0.01013867106486313,-1.7763568394002505e-14,1.4210854715202004e-14,0.3399353088553312,0.33993530885530987,2.1316282072803006e-14,0.3399353088553312,0.006798706277106623,False,0,none,True,4.469184999994468,0.05280020000645891,4.255435330122388,ok,0.056084603503767684,0.07740410657464322,2.9173396545902475,0.41724819835983756,,,,,120.86907819999033
25,25,25,25,1322,1322,1322,1,-0.005546855511658677,0.005546855511658677,0.13117282942749708,0.0054106133911829175,0.005410613391182929,0,77,0.0055467692545726035,1.0000155508697253,77,0.0055467692545726035,1.0000155508726138,77,0.0055467692545726035,1.0000155508697253,False,0,1820,-20.713093013546896,-20.713093013546917,True,False,accepted,exact-linear,True,1.5028646704772383e-13,1.4659512392387096e-13,1.1251805314191068e-10,0.5254975610003711,184.82192825486143,0.0032564256543445927,-1.7763568394002505e-14,-2.1316282072803006e-14,0.5254975610003711,0.5254975610004067,-3.552713678800501e-14,0.5254975610004067,0.010509951320008133,False,0,none,True,4.209022600000026,0.06680689999484457,3.7299377691219817,ok,0.049278244228978,0.0680104383345577,2.7312772723112415,0.3906369007461702,,,,,125.17592719997629
26,26,26,26,1720,1720,1720,1,-0.005555275098013013,0.005555275098013013,0.01747269767145733,0.0073082840291686475,0.007308284029168646,0,1622,0.0055553380760185985,0.999988663515213,1622,0.0055553380760185985,0.9999886635152051,1622,0.0055553380760185985,0.999988663515213,False,0,1819,-21.00199485480859,-21.00199485480859,True,False,accepted,exact-linear,True,1.386660029946657e-13,1.8242310546099457e-13,8.601339898487534e-11,0.2889018412616906,184.82192825486143,0.003120753138933008,-1.7763568394002505e-14,0.0,0.28890184126169416,0.28890184126167284,2.1316282072803006e-14,0.28890184126169416,0.005778036925233883,False,0,none,True,4.212136800022563,0.06697809998877347,3.441035927860309,ok,0.04818172747714165,0.06649710144318927,2.6233703237859025,0.37520366869454297,,,,,129.48633079999126
27,27,27,27,576,576,576,1,-0.005351031665994377,0.005351031665994377,0.01737230626942405,0.0075619357962336585,0.00756193579623364,0,19,0.005350898469413693,1.000024892376756,19,0.005350898469413693,1.0000248923793869,19,0.005350898469413693,1.000024892376756,False,0,1818,-21.252363001728877,-21.25236300172891,True,False,accepted,exact-linear,True,9.180568134048458e-14,1.2973734998422752e-13,8.076272280237389e-11,0.2503681469202803,184.82192825486143,0.0029940625072309296,-1.7763568394002505e-14,-3.197442310920451e-14,0.2503681469202874,0.2503681469203194,-3.197442310920451e-14,0.2503681469203194,0.005007363038406387,False,0,none,True,4.234154200006742,0.06344800000078976,3.1906677809399895,ok,0.04742503388328118,0.06545276506699307,2.5261305512344325,0.3612960937427604,,,,,133.8162548999826
28,28,28,28,531,531,531,1,0.0032778670526809606,0.0032778670526809606,0.1716298165580739,0.0024535595544245862,0.002453559554424592,0,690,0.003278281595318504,0.9998735488012575,690,0.003278281595318504,0.9998735488055495,690,0.003278281595318504,0.9998735488012575,False,0,1817,-22.144762806196475,-22.14476280619656,True,False,accepted,exact-linear,True,8.991772030780974e-14,6.730550026413229e-14,1.4359639250126446e-10,0.892399804467594,407.57111364860424,0.01122322661634037,-1.7763568394002505e-14,-8.526512829121202e-14,0.8923998044675976,0.8923998044676509,-5.3290705182007514e-14,0.8923998044676509,0.01784799618935302,False,0,none,True,4.177685200003907,0.076285299990559,2.2982679764723386,ok,0.044205847734056024,0.06100986608560863,2.1439533467276273,0.30663576312827084,,,,,138.10310159999062
29,29,29,29,1285,1285,1285,1,0.0036331051425975147,0.0036331051425975147,0.16910907316207602,0.0018783669811531793,0.0018783669811531767,0,1629,0.003633419669539298,0.9999134350087825,1629,0.003633419669539298,0.9999134350070464,1629,0.003633419669539298,0.9999134350087825,False,0,1816,-24.015294394699968,-24.015294394700078,True,False,accepted,exact-linear,True,6.540448715763042e-14,3.3815049186578986e-14,2.0341828189204325e-10,1.8705315885034892,532.3773309654725,0.0020881688098334447,-1.7763568394002505e-14,-1.1013412404281553e-13,1.8705315885034928,1.8705315885035176,-2.4868995751603507e-14,1.8705315885035176,0.037410631870070356,False,0,none,True,4.209701799991308,0.07277939998311922,0.42773638796882096,ok,0.012354228161557065,0.017050454733095882,0.9249177130629902,0.13228499081326134,,,,,142.41728299998795
30,30,30,30,435,435,435,1,-0.0015323818436031329,0.0015323818436031329,3.5994266700935513e-07,0.5034440129370834,0.5034440129370835,0,2511,0.0015715539792736228,0.9750742664985677,2511,0.0015715539792736228,0.9750742664985673,2511,0.0015715539792736228,0.9750742664985677,False,0,1815,-24.015299027052873,-24.01529902705299,True,False,accepted,exact-linear,True,1.3684140691473899e-13,4.495745451480502e-11,1.0304379792832077e-11,4.6323529012681774e-06,532.3773309654725,0.0020881703971900867,-1.7763568394002505e-14,-1.1723955140041653e-13,4.632352904820891e-06,4.6323529119263185e-06,-7.105427357601002e-15,4.6323529119263185e-06,9.274705823852637e-08,False,0,none,True,4.720921800006181,0.08643369999481365,0.42773175561590904,ok,0.012354205638245611,0.017050423647972848,0.9249127046547927,0.13228427449307084,,,,,147.25699159997748
31,31,31,31,1638,1638,1638,1,-0.001384355548390108,0.001384355548390108,2.2498629293000308e-07,0.5614071383328217,0.5614071383328217,0,1252,0.001385534519761822,0.9991490855298815,1252,0.001385534519761822,0.9991490855298776,1252,0.001385534519761822,0.9991490855298815,False,0,1814,-24.01530206730385,-24.01530206730396,True,False,accepted,exact-linear,True,1.1336310990355478e-13,4.5972914398678204e-11,1.0246586737835384e-11,3.0402509700877545e-06,532.3773309654725,0.0020881701082558837,-1.7763568394002505e-14,-1.1013412404281553e-13,3.040250977193182e-06,3.0402509700877545e-06,7.105427357601002e-15,3.040250977193182e-06,6.090501954386363e-08,False,0,none,True,4.0594433000078425,0.08555650000926107,0.42772871536493895,ok,0.012354187431304557,0.017050398520006924,0.9249094175809413,0.1322838043641847,,,,,151.43289349999395
32,32,32,32,829,829,829,1,0.0011207466034198477,0.0011207466034198477,2.7507540512266123e-05,0.12678541597800239,0.12678541597800239,0,2082,0.0011187278149194257,1.0018045394719781,2082,0.0011187278149194257,1.0018045394720019,2082,0.0011187278149194257,1.0018045394719781,False,0,1813,-24.015341137560778,-24.01534113756084,True,False,accepted,exact-linear,True,1.225539794472981e-13,1.3864023514739525e-11,1.0883971231850587e-11,3.907025693550281e-05,532.3773309654725,0.0020881864941017514,-1.7763568394002505e-14,-6.039613253960852e-14,3.9070256928397384e-05,3.907025687865939e-05,4.973799150320701e-14,3.9070256928397384e-05,7.815051385679477e-07,False,0,none,True,4.026790900010383,0.08529550000093877,0.4276896451080603,ok,0.012353995689189661,0.017050133890747395,0.9248671743639962,0.13227776259042842,,,,,155.58085979998577
33,33,33,33,890,890,890,1,0.000999596299600669,0.000999596299600669,2.4649262383471657e-05,0.1267233433428828,0.12672334334288285,0,61,0.0009985359171211195,1.0010619372436864,61,0.0009985359171211195,1.0010619372437457,61,0.0009985359171211195,1.0010619372436864,False,0,1812,-24.01537224799259,-24.01537224799272,True,False,accepted,exact-linear,True,1.0709550049899082e-13,1.3576980912696396e-11,1.0788802025926407e-11,3.1110431812919614e-05,532.3773309654725,0.002088182913722321,-1.7763568394002505e-14,-1.2789769243681803e-13,3.1110431812919614e-05,3.1110431880421174e-05,-6.750155989720952e-14,3.1110431880421174e-05,6.223086376084235e-07,False,0,none,True,4.088856299989857,0.09921200000098906,0.42765853467617987,ok,0.012353800768100538,0.017049864874086607,0.9248335360227976,0.13227295151632573,,,,,159.80230509999092
34,34,34,34,1520,1520,1520,1,0.0009238646977873799,0.0009238646977873799,0.0371089829832116,0.0030387408687673305,0.0030387408687673296,0,2039,0.0009239393654779892,0.9999191855078383,2039,0.0009239393654779892,0.9999191854979522,2039,0.0009239393654779892,0.9999191855078383,False,0,1811,-24.061588999411406,-24.061588999411526,True,False,accepted,exact-linear,True,7.144026546789408e-14,2.34978622784545e-13,4.040287861989838e-11,0.04621675141881809,532.3773309654725,0.0019299559369171382,-1.7763568394002505e-14,-1.2079226507921703e-13,0.04621675141881454,0.046216751418807434,7.105427357601002e-15,0.04621675141881454,0.0009243351283762908,False,0,none,True,4.202792099997168,0.10065490001579747,0.38144178325737244,ok,0.01174982867366284,0.01621630419173596,0.87343206176258,0.12492133152433418,,,,,164.1428163999808
35,35,35,35,430,430,430,1,0.0010678188145909484,0.0010678188145909484,0.0069515782963883,0.007595127895975845,0.007595127895975843,0,1377,0.0010679471807713355,0.9998798010026166,1377,0.0010679471807713355,0.9998798010047765,1377,0.0010679471807713355,0.9998798010026166,False,0,1810,-24.071472139669076,-24.071472139669176,True,False,accepted,exact-linear,True,1.0712900600346682e-13,7.619817996863311e-13,2.4059260476768124e-11,0.009883140257674228,532.3773309654725,0.0019322079470199816,-1.7763568394002505e-14,-9.947598300641403e-14,0.009883140257670675,0.009883140257649359,2.1316282072803006e-14,0.009883140257670675,0.00019766290515341352,False,0,none,True,4.046975699980976,0.10413079999852926,0.3715586429997231,ok,0.01167637473394872,0.016114928123746514,0.8620425082323226,0.12329235744065305,,,,,168.32691849998082
36,36,36,36,760,760,760,1,0.0007953523142072427,0.0007953523142072427,0.006837459330253411,0.007467125905015753,0.00746712590501576,0,3371,0.0007959587049103335,0.999238163111541,3371,0.0007959587049103335,0.9992381631121035,3371,0.0007959587049103335,0.999238163111541,False,0,1809,-24.077144739585187,-24.077144739585275,True,False,accepted,exact-linear,True,1.1230489385393159e-13,1.0543689471493578e-12,2.065138480771503e-11,0.005672599916110244,532.3773309654725,0.0019302698460909873,-1.7763568394002505e-14,-8.881784197001252e-14,0.005672599916110244,0.0056725999160995855,1.0658141036401503e-14,0.005672599916110244,0.00011345209832220487,False,0,none,True,4.168655700021191,0.10277389999828301,0.3658860430836235,ok,0.011664497427009092,0.016098535882832964,0.8554367809296446,0.12234758304266272,,,,,172.63406919999397
37,37,37,37,263,263,263,1,0.0007839405715239778,0.0007839405715239778,0.07864692435285374,0.0027735249214061656,0.0027735249214061743,0,1168,0.0007840081319988537,0.99991382681873,1168,0.0007840081319988537,0.9999138268251653,1168,0.0007840081319988537,0.99991382681873,False,0,1808,-24.11709063324356,-24.117090633243652,True,False,accepted,exact-linear,True,1.15353715861014e-13,4.0811308583044093e-13,3.826513529363773e-11,0.03994589365838053,532.3773309654725,0.001804193325444417,-1.7763568394002505e-14,-9.237055564881302e-14,0.03994589365837342,0.039945893658376974,-3.552713678800501e-15,0.039945893658376974,0.0007989179731675395,False,0,none,True,4.47761889998219,0.10912239999743178,0.3259401494252465,ok,0.010920858584928446,0.0150722167758148,0.8073910445691949,0.11547591251101011,,,,,177.25983409999753
38,38,38,38,802,802,802,1,0.0010099472273901178,0.0010099472273901178,0.03732032645849648,0.0022795569711439334,0.0022795569711439316,0,2864,0.0010099961274727938,0.9999515838909221,2864,0.0010099961274727938,0.9999515838808514,2864,0.0010099961274727938,0.9999515838909221,False,0,1807,-24.215235245941372,-24.2152352459414,True,False,accepted,exact-linear,True,8.025171442703682e-14,1.8113654863555546e-13,5.4304539879746905e-11,0.09814461269781205,532.3773309654725,0.0018141646495442032,-1.7763568394002505e-14,-2.842170943040401e-14,0.09814461269781205,0.0981446126977481,6.394884621840902e-14,0.09814461269781205,0.001962892353956241,False,0,none,True,4.476244099991163,0.13069970000651665,0.22779553672749842,ok,0.008911347994889157,0.012298828677175107,0.6749748687580834,0.09653728440030906,,,,,181.90990020000027
39,39,39,39,1002,1002,1002,1,0.0006220601188449137,0.0006220601188449137,0.07495141908555703,0.0023546148841023283,0.0023546148841023283,0,1301,0.0006220515829894692,1.000013722102279,1301,0.0006220515829894692,1.0000137220973542,1301,0.0006220515829894692,1.000013722102279,False,0,1806,-24.25013279708641,-24.250132797086422,True,False,accepted,exact-linear,True,1.1814268565535896e-13,4.4719234951080004e-13,3.641876270571255e-11,0.03489755114504334,532.3773309654725,0.0018954846448478238,-1.7763568394002505e-14,-1.4210854715202004e-14,0.03489755114503623,0.03489755114502202,1.4210854715202004e-14,0.03489755114503623,0.0006979511229007247,False,0,none,True,4.152048999996623,0.11999000000650994,0.1928979855824764,ok,0.008336689141912096,0.011505724111553805,0.6211247629622674,0.08883545249690433,,,,,186.22296109999297
40,40,40,40,1338,1338,1338,1,-0.000380011172055994,0.000380011172055994,0.06197801338591484,0.0013009643300497407,0.001300964330049742,0,524,0.00038002589863185153,0.9999612484940881,524,0.00038002589863185153,0.9999612484902152,524,0.00038002589863185153,0.9999612484940881,False,0,1805,-24.292793887902647,-24.29279388790264,True,False,accepted,exact-linear,True,1.6387781554715973e-13,5.610340118421634e-13,3.9209960909333195e-11,0.04266109081623881,768.6605826938915,0.001869483307504291,-1.7763568394002505e-14,7.105427357601002e-15,0.04266109081623881,0.042661090816217495,2.1316282072803006e-14,0.04266109081623881,0.0008532219163247763,False,0,none,True,4.53462990000844,0.13150190000305884,0.1502368947662589,ok,0.007490643913721478,0.010338070764313227,0.5481548955654871,0.078399044909616,,,,,190.932047099981
41,41,41,41,1633,1633,1633,1,0.00036939409049807637,0.00036939409049807637,0.2878769168823641,0.0008752403318046593,0.000875240331804656,0,909,0.0003694139588472232,0.9999462165717591,909,0.0003694139588472232,0.9999462166228286,909,0.0003694139588472232,0.9999462165717591,False,0,1804,-24.381856462790076,-24.38185646279012,True,False,accepted,exact-linear,True,1.8731860586587162e-13,4.438316772761949e-13,5.220487528412802e-11,0.08906257488742853,1142.543326286279,-0.00010440504504294346,-1.7763568394002505e-14,-4.618527782440651e-14,0.08906257488742853,0.08906257488748182,-5.3290705182007514e-14,0.08906257488748182,0.0017812515977496364,False,0,none,True,4.008642400003737,0.14599429999361746,0.061174319878777084,ok,0.003601153178817051,0.004970063565235771,0.3497837042479209,0.05002729804993312,,,,,195.12919330000295
42,42,42,42,533,533,533,1,-0.0002499971230891518,0.0002499971230891518,0.001149037826835885,0.01123481055580369,0.011234810555803674,0,1658,0.00025018247855514066,0.9992591189156836,1658,0.00025018247855514066,0.9992591189259494,1658,0.00025018247855514066,0.9992591189156836,False,0,1803,-24.382104038777147,-24.382104038777214,True,False,accepted,exact-linear,True,9.427431178957252e-14,4.236664885617095e-12,1.2225201056369152e-11,0.0002475759870570471,1142.543326286279,-0.00010440309080078647,-1.7763568394002505e-14,-6.750155989720952e-14,0.00024757598707125794,0.0002475759870925742,-2.1316282072803006e-14,0.0002475759870925742,4.951619741851485e-06,False,0,none,True,4.102283900021575,0.1613309999811463,0.06092674389168451,ok,0.003597434276265101,0.0049649309920964686,0.3490751892977651,0.04992596374489313,,,,,199.43752700000186
43,43,43,43,1529,1529,1529,1,-0.00031215926720773446,0.00031215926720773446,0.0002781855254833196,0.03393044245327774,0.03393044245327775,0,1114,0.00031353400395339027,0.9956153503979741,1114,0.00031353400395339027,0.9956153503944548,1114,0.00031353400395339027,0.9956153503979741,False,0,1802,-24.382146358559325,-24.382146358559474,True,False,accepted,exact-linear,True,1.166629025003918e-13,1.2680782906746509e-11,1.0919997632309626e-11,4.231978217461574e-05,1142.543326286279,-0.00010440295809359401,-1.7763568394002505e-14,-1.4921397450962104e-13,4.231978217816845e-05,4.231978225988087e-05,-8.171241461241152e-14,4.231978225988087e-05,8.464956451976174e-07,False,0,none,True,4.370171599992318,0.1612600999942515,0.06088442410942463,ok,0.0035970860895762668,0.0049644504488120965,0.3489539342362045,0.04990862141867528,,,,,204.01419439999154
44,44,44,44,1714,1714,1714,1,-0.00022960156550544397,0.00022960156550544397,0.0011701177139220873,0.010915880800234899,0.010915880800234905,0,2168,0.00022989073974751738,0.9987421231390573,2168,0.00022989073974751738,0.9987421231404572,2168,0.00022989073974751738,0.9987421231390573,False,0,1801,-24.382367567219283,-24.382367567219404,True,False,accepted,exact-linear,True,1.9163086687889129e-13,9.110650861795208e-12,1.2103371864270203e-11,0.00022120865995844952,1142.543326286279,-0.00010436804609901401,-1.7763568394002505e-14,-1.2079226507921703e-13,0.00022120865995844952,0.0002212086599300278,2.842170943040401e-14,0.00022120865995844952,4.424273199168991e-06,False,0,none,True,4.293226499983575,0.16714149998733774,0.0606632154494946,ok,0.0035937352133411414,0.004959825800245139,0.34831943801485565,0.04981787353307774,,,,,208.51823210000293
45,45,45,45,1675,1675,1675,1,-0.000276435903577843,0.000276435903577843,0.0002876000501730122,0.030255915606514968,0.030255915606514968,0,1579,0.0002765108577950937,0.9997289284845868,1579,0.0002765108577950937,0.9997289284846227,1579,0.0002765108577950937,0.9997289284845868,False,0,1800,-24.382409305860023,-24.38240930586006,True,False,accepted,exact-linear,True,1.3881659244609202e-13,1.519347903299842e-11,1.0913659025326582e-11,4.173864073919731e-05,1142.543326286279,-0.00010436559050137212,-1.7763568394002505e-14,-3.907985046680551e-14,4.173864073919731e-05,4.173864065748489e-05,8.171241461241152e-14,4.173864073919731e-05,8.348728147839461e-07,False,0,none,True,4.175752100010868,0.17492379999021068,0.060621476808837116,ok,0.0035934054248030565,0.004959370648821143,0.3481995887670299,0.04980073227129445,,,,,212.9185513999837
46,46,46,46,360,360,360,1,-0.0001883988644375556,0.0001883988644375556,0.06199386930858417,0.000926879843872832,0.000926879843872832,0,1323,0.00018837542569327562,1.0001244257003998,1323,0.00018837542569327562,1.0001244257468505,1323,0.00018837542569327562,1.0001244257003998,False,0,1799,-24.403066897593803,-24.40306689759396,True,False,accepted,exact-linear,True,9.43586973461055e-14,4.642234703240156e-13,3.0326136737603045e-11,0.020657591733780123,1142.543326286279,-0.00010185656765744622,-1.7763568394002505e-14,-1.5631940186722204e-13,0.020657591733780123,0.020657591733897362,-1.1723955140041653e-13,0.020657591733897362,0.00041315193467794724,False,0,none,True,4.948432800010778,0.1616226000187453,0.03996388507493975,ok,0.0028092332908024415,0.003877110284281499,0.282714998098635,0.040434895340470275,,,,,218.07565529999556
47,47,47,47,697,697,697,1,8.433688866471556e-05,8.433688866471556e-05,0.1985988399153154,0.0005327544679772473,0.0005327544679772475,0,2283,8.433652348304288e-05,1.0000043300536658,2283,8.433652348304288e-05,1.0000043299620287,2283,8.433652348304288e-05,1.0000043300536658,False,0,1798,-24.41559689417404,-24.415596894174193,True,False,accepted,exact-linear,True,9.641072065683228e-14,6.090246278955582e-13,2.5830348435985714e-11,0.012529996580230573,1877.037284730401,-3.444403620183473e-05,-1.7763568394002505e-14,-1.5276668818842154e-13,0.012529996580237679,0.012529996580234126,3.552713678800501e-15,0.012529996580237679,0.00025060003160475356,False,0,none,True,4.608623600011924,0.18329159999848343,0.027433888494705627,ok,0.0020325005626207686,0.002805117275217101,0.23423871795556517,0.03350164691975336,,,,,222.9192672999925
48,48,48,48,469,469,469,1,5.661981330162824e-05,5.661981330162824e-05,0.0029574124739958664,0.0060097753577026064,0.006009775357702618,0,114,5.673394406447878e-05,0.9979883160825056,114,5.673394406447878e-05,0.9979883161019611,114,5.673394406447878e-05,0.9979883160825056,False,0,1797,-24.41564127449037,-24.41564127449051,True,False,accepted,exact-linear,True,1.2984654196787683e-13,1.3782252227962218e-11,1.0942128614541219e-11,4.4380316325032254e-05,1877.037284730401,-3.444231272395348e-05,-1.7763568394002505e-14,-1.4210854715202004e-13,4.438031632858497e-05,4.438031631792683e-05,1.0658141036401503e-14,4.438031632858497e-05,8.877063265716993e-07,False,0,none,True,4.165654700016603,0.16775299998698756,0.0273895081783877,ok,0.002030755162922086,0.0028027083947784063,0.23404917508257275,0.033474537830092306,,,,,227.30081419998896
49,49,49,49,335,335,335,1,-5.4210106509966494e-05,5.4210106509966494e-05,0.11383871606876536,0.00040818941434035374,0.0004081894143403542,0,2325,5.4210541474480214e-05,0.9999919763850003,2325,5.4210541474480214e-05,0.9999919766817071,2325,5.4210541474480214e-05,0.9999919763850003,False,0,1796,-24.42446002491898,-24.42446002491901,True,False,accepted,exact-linear,True,1.2263716332258987e-13,9.234291343824972e-13,2.3280625308037105e-11,0.0088187504286239,2449.843050477023,-3.0451321429737777e-05,-1.7763568394002505e-14,-3.197442310920451e-14,0.00881875042860969,0.008818750428499555,1.1013412404281553e-13,0.00881875042860969,0.00017637510857219382,False,0,none,True,4.707561799994437,0.1824192999920342,0.018570757749888145,ok,0.0015525960501256472,0.0021427861235253694,0.1927213415780769,0.027563685439376012,,,,,232.24315559997922
50,50,50,50,1727,1727,1727,1,-5.201200368443182e-05,5.201200368443182e-05,0.014044964512265511,0.0014025461930946138,0.0014025461930946147,0,2232,5.207075807471292e-05,0.9988716432705512,2232,5.207075807471292e-05,0.9988716431551863,2232,5.207075807471292e-05,0.9988716432705512,False,0,1795,-24.42514763593411,-24.42514763593418,True,False,accepted,exact-linear,True,8.184406683691833e-14,2.206992162652321e-12,1.3708398616991902e-11,0.0006876110151274872,2449.843050477023,-3.0361475018239603e-05,-1.7763568394002505e-14,-7.105427357601002e-14,0.00068761101513104,0.0006876110151701198,-3.907985046680551e-14,0.0006876110151701198,1.3752320303402396e-05,False,0,none,True,4.035235999996075,0.19018689999938942,0.017883146734718025,ok,0.0015339168308775456,0.00211700635176833,0.18911978603359691,0.027048578273207446,,,,,236.51841679998324
51,51,51,51,1113,1113,1113,1,-4.2684863162500974e-05,4.2684863162500974e-05,0.013983785888570681,0.0013998902133191798,0.0013998902133191813,0,675,4.270855965565303e-05,0.999445158222541,675,4.270855965565303e-05,0.9994451582229568,675,4.270855965565303e-05,0.999445158222541,False,0,1794,-24.425612504134275,-24.425612504134392,True,False,accepted,exact-linear,True,1.1491084893644296e-13,3.7686093033414304e-12,1.304915791707454e-11,0.0004648682001722193,2449.843050477023,-2.8920615327360233e-05,-1.7763568394002505e-14,-1.1723955140041653e-13,0.0004648682001651139,0.00046486820021129915,-4.618527782440651e-14,0.00046486820021129915,9.297464004225983e-06,False,0,none,True,4.557657800003653,0.19447629997739568,0.017418278534506726,ok,0.001530249871483552,0.002111945466997726,0.18664553857263902,0.026694702681876587,,,,,241.3222130999784
52,52,52,52,22,22,22,1,4.252510978552948e-05,4.252510978552948e-05,0.08576505124627094,0.00037785021854739676,0.0003778502185473965,0,145,4.257803480415925e-05,0.9987569877549962,145,4.257803480415925e-05,0.9987569879166724,145,4.257803480415925e-05,0.9987569877549962,False,0,1793,-24.431945679792417,-24.431945679792534,True,False,accepted,exact-linear,True,1.4945565295590022e-13,1.3279648552119813e-12,2.1254488578467898e-11,0.006333175658145507,2646.5513341354963,-3.658335740545915e-05,-1.7763568394002505e-14,-1.1723955140041653e-13,0.006333175658141954,0.006333175658141954,0.0,0.006333175658141954,0.00012666361316283908,False,0,none,True,4.313716200005729,0.1994680999778211,0.011085102876364772,ok,0.001186184702982734,0.0016370904210942494,0.14889662774123186,0.02129572042430225,,,,,245.89003359997878
53,53,53,53,326,326,326,1,-3.3618966343240686e-05,3.3618966343240686e-05,0.02277586123245619,0.0011017279765098975,0.001101727976509898,0,3497,3.366210368205512e-05,0.9987185192220346,3497,3.366210368205512e-05,0.9987185192281439,3497,3.366210368205512e-05,0.9987185192220346,False,0,1792,-24.432411255124144,-24.432411255124308,True,False,accepted,exact-linear,True,1.6219210128311752e-13,5.315201359225519e-12,1.3051476140252014e-11,0.00046557533173086085,2646.5513341354963,-4.0008897388435494e-05,-1.7763568394002505e-14,-1.6342482922482304e-13,0.00046557533172730814,0.0004655753317734934,-4.618527782440651e-14,0.0004655753317734934,9.311606635469869e-06,False,0,none,True,4.653429300000425,0.18974250002065673,0.010619527544591278,ok,0.0011536517516065245,0.0015921906825172862,0.1457362518018519,0.020843712320010643,,,,,250.7838317999849
54,54,54,54,1696,1696,1696,1,-2.699960524665812e-05,2.699960524665812e-05,0.1474991437908842,0.0004082792282039154,0.00040827922820391556,0,3336,2.7024873323213484e-05,0.9990650066605989,3336,2.7024873323213484e-05,0.9990650063107942,3336,2.7024873323213484e-05,0.9990650066605989,False,0,1791,-24.43459785978596,-24.434597859786,True,False,accepted,exact-linear,True,1.1070048827207964e-13,1.6739766807243128e-12,1.6613024515023748e-11,0.002186604661822855,2646.5513341354963,-1.6480921898834322e-05,-1.7763568394002505e-14,-3.907985046680551e-14,0.0021866046618157498,0.0021866046616914048,1.2434497875801753e-13,0.0021866046618157498,4.3732193236315e-05,False,0,none,True,5.154351300006965,0.22696820000419393,0.008432922882899874,ok,0.0009394489180655521,0.0012965626862369497,0.12986857112315467,0.018574260710247523,,,,,256.2253666000033
55,55,55,55,81,81,81,1,-2.083890784954079e-05,2.083890784954079e-05,0.02257433970931827,0.001244289288173356,0.0012442892881733552,0,2371,2.0835955791484508e-05,1.0001416809521877,2371,2.0835955791484508e-05,1.0001416818080575,2371,2.0835955791484508e-05,1.0001416809521877,False,0,1790,-24.43473810149201,-24.434738101492087,True,False,accepted,exact-linear,True,6.705752456087706e-14,4.003998686409613e-12,1.1674763900110256e-11,0.00014024170605608788,2646.5513341354963,-1.6579025842171358e-05,-1.7763568394002505e-14,-7.815970093361102e-14,0.00014024170604898245,0.0001402417060880623,-3.907985046680551e-14,0.0001402417060880623,2.804934121761246e-06,False,0,none,True,4.242044100014027,0.2219080000068061,0.008292681176811811,ok,0.000928001334538093,0.0012807635199769607,0.12878416965392686,0.01841916579059285,,,,,260.74490940000396
56,56,56,56,603,603,603,1,1.9621752545440074e-05,1.9621752545440074e-05,0.03180435808405294,0.0005122391500071231,0.0005122391500071228,0,478,1.9697969316047958e-05,0.996130729549579,478,1.9697969316047958e-05,0.9961307294963117,478,1.9697969316047958e-05,0.996130729549579,False,0,1789,-24.43547177028084,-24.435471770280966,True,False,accepted,exact-linear,True,7.601431331552693e-14,1.9844052015729228e-12,1.3830584260476377e-11,0.0007336687888255256,2646.5513341354963,-2.1728628883943557e-05,-1.7763568394002505e-14,-1.2434497875801753e-13,0.000733668788832631,0.0007336687888788163,-4.618527782440651e-14,0.0007336687888788163,1.4673475777576326e-05,False,0,none,True,5.276242899999488,0.24758100000326522,0.007559012387932995,ok,0.0008988175400134543,0.0012404860569922066,0.12295537717306272,0.017585511348804678,,,,,266.328775699978
57,57,57,57,1082,1082,1082,1,-1.9272908849177206e-05,1.9272908849177206e-05,0.00043929850850287264,0.0075420498805012,0.007542049880501203,0,1245,1.9288741183617555e-05,0.9991791929660088,1245,1.9288741183617555e-05,0.9991791929921221,1245,1.9288741183617555e-05,0.9991791929660088,False,0,1788,-24.43547503530008,-24.435475035300193,True,False,accepted,exact-linear,True,9.117055523402712e-14,3.567769018999204e-11,1.0255539399407647e-11,3.265019230980215e-06,2646.5513341354963,-2.1728618334056204e-05,-1.7763568394002505e-14,-1.1368683772161603e-13,3.2650192380856424e-06,3.2650192274275014e-06,1.0658141036401503e-14,3.2650192380856424e-06,6.540038476171285e-08,False,0,none,True,5.029192499991041,0.23661340001854114,0.007555747368705568,ok,0.000898763076212455,0.0012404108898056054,0.12292881979952955,0.017581713019651456,,,,,271.6545218999963
58,58,58,58,1795,1795,1795,1,-1.898280610823644e-05,1.898280610823644e-05,0.00043284977467890465,0.007936038713493666,0.007936038713493668,0,1340,1.8985033807297465e-05,0.9998826602531427,1340,1.8985033807297465e-05,0.9998826603547281,1340,1.8985033807297465e-05,0.9998826602531427,False,0,1787,-24.435477896072243,-24.43547789607243,True,False,accepted,exact-linear,True,9.628642924645445e-14,4.0253944872791434e-11,1.0239197498656924e-11,2.8607721631601635e-06,2646.5513341354963,-2.172862119377561e-05,-1.7763568394002505e-14,-1.8829382497642655e-13,2.8607721631601635e-06,2.8607722377671507e-06,-7.460698725481052e-14,2.8607722377671507e-06,5.731544475534302e-08,False,0,none,True,4.7792036999890115,0.24069279999821447,0.0075528865964678005,ok,0.0008987278929840966,0.0012403623323372923,0.1229055458186029,0.01757838429287978,,,,,276.74195450000116
59,59,59,59,887,887,887,1,1.714171481165261e-05,1.714171481165261e-05,5.4147018888051735e-05,0.025045538836434695,0.0250455388364347,0,2882,1.723255618528746e-05,0.9947285026865366,2882,1.723255618528746e-05,0.9947285026990873,2882,1.723255618528746e-05,0.9947285026865366,False,0,1786,-24.4354781302889,-24.43547813028904,True,False,accepted,exact-linear,True,1.0229244636445616e-13,1.4945817640208293e-10,1.0068442188194014e-11,2.3421665318323903e-07,2646.5513341354963,-2.1728620868202708e-05,-1.7763568394002505e-14,-1.4210854715202004e-13,2.342166567359527e-07,2.3421661055067489e-07,4.618527782440651e-14,2.342166567359527e-07,4.7843331347190545e-09,False,0,none,True,4.847582400019746,0.27350969999679364,0.00755265237985725,ok,0.0008987260575160682,0.001240359799150749,0.12290364013997393,0.017578111736006485,,,,,281.9286667999986
60,60,60,60,1089,1089,1089,1,-1.576039561212994e-05,1.576039561212994e-05,0.1119286491602114,0.0002900821537786697,0.00029008215377866975,0,316,1.575975306523045e-05,1.0000407713811779,316,1.575975306523045e-05,1.0000407720297388,316,1.575975306523045e-05,1.0000407713811779,False,0,1785,-24.4369540482088,-24.436954048208896,True,False,accepted,exact-linear,True,1.8032335494575236e-13,3.318989497766163e-12,1.5433080010259705e-11,0.001475917919901093,3447.299280475536,-1.8304312973789483e-05,-1.7763568394002505e-14,-9.592326932761353e-14,0.001475917919901093,0.0014759179198549077,4.618527782440651e-14,0.001475917919901093,2.951845839802186e-05,False,0,none,True,5.3567955999751575,0.33319080001092516,0.006076734460002342,ok,0.0007884722709626023,0.001088195117375489,0.11024277264272513,0.01576730984854451,,,,,287.6906207999855
61,61,61,61,351,351,351,1,1.526181266342519e-05,1.526181266342519e-05,0.08836029127954798,0.0002769633687241234,0.00027696336872412293,0,2696,1.526260996205979e-05,0.999947761317587,2696,1.526260996205979e-05,0.9999477610569275,2696,1.526260996205979e-05,0.999947761317587,False,0,1784,-24.438472278216224,-24.438472278216366,True,False,accepted,exact-linear,True,1.6424542862907201e-13,2.9806398780522295e-12,1.5510408346827935e-11,0.0015182300074307875,3610.585777486256,-1.8900331886256838e-05,-1.7763568394002505e-14,-1.4210854715202004e-13,0.001518230007423682,0.0015182300074698674,-4.618527782440651e-14,0.0015182300074698674,3.0364700149397348e-05,False,0,none,True,5.953906200011261,0.3808646000106819,0.004558504452532475,ok,0.0006755134039691626,0.0009322970699064758,0.09548302940893529,0.013656319356620594,,,,,294.095484999998
62,62,62,62,213,213,213,1,1.283821802058882e-05,1.283821802058882e-05,4.933448131423756e-05,0.024546342826289126,0.024546342826289105,0,2565,1.2819712335306893e-05,1.001443533583118,2565,1.2819712335306893e-05,1.0014435336025103,2565,1.2819712335306893e-05,1.001443533583118,False,0,1783,-24.438472414990976,-24.438472414990976,True,False,accepted,exact-linear,True,4.090978849676476e-14,7.821846383141392e-11,1.0052301958505524e-11,1.3677474441919912e-07,3610.585777486256,-1.8900332022106503e-05,-1.7763568394002505e-14,0.0,1.3677475152462648e-07,1.3677460941607933e-07,1.4210854715202004e-13,1.3677475152462648e-07,2.8354950304925298e-09,False,0,none,True,5.67870910000056,0.24658400000771508,0.004558367677923059,ok,0.0006755124352410416,0.0009322957329346506,0.09548159694737725,0.013656114480920443,,,,,300.0813567999867
63,63,63,63,71,71,71,1,1.2244757247259486e-05,1.2244757247259486e-05,0.0028176306130311512,0.005720020931234333,0.005720020931234333,0,616,1.2247889296370494e-05,0.9997442784601314,616,1.2247889296370494e-05,0.999744278900247,616,1.2247889296370494e-05,0.9997442784601314,False,0,1782,-24.438474706254958,-24.438474706255022,True,False,accepted,exact-linear,True,8.254968222957664e-14,3.85622924111892e-11,1.0214068399641158e-11,2.2912639856542683e-06,3610.585777486256,-1.890021741837722e-05,-1.7763568394002505e-14,-6.394884621840902e-14,2.2912639821015546e-06,2.291264046050401e-06,-6.394884621840902e-14,2.291264046050401e-06,4.592528092100802e-08,False,0,none,True,4.391488699999172,0.27385399999911897,0.004556076413877008,ok,0.0006755128758874158,0.0009322963410844239,0.09545759701379936,0.013652681925842267,,,,,304.81148390000453
64,64,64,64,317,317,317,1,-1.1366311023497389e-05,1.1366311023497389e-05,0.05513169605596666,0.00033575748959846605,0.0003357574895984656,0,45,1.1372793669819213e-05,0.9994299864650646,45,1.1372793669819213e-05,0.9994299843939662,45,1.1372793669819213e-05,0.9994299864650646,False,0,1781,-24.439047710278906,-24.439047710278842,True,False,accepted,exact-linear,True,8.588881654909038e-14,2.5371303758870918e-12,1.3385274062593645e-11,0.0005730040239448897,3610.585777486256,-1.8006239710689764e-05,-1.7763568394002505e-14,6.394884621840902e-14,0.0005730040239484424,0.0005730040238205447,1.2789769243681803e-13,0.0005730040239484424,1.1460180478968849e-05,False,0,none,True,4.75483640001039,0.33934649999719113,0.0039830723900564635,ok,0.0006400781357095833,0.0008833917534824899,0.08925326201223148,0.012765316069298326,,,,,309.97541569999885
65,65,65,65,1437,1437,1437,1,1.3440131589881332e-05,1.3440131589881332e-05,0.03237668827076911,0.0004463821912942194,0.0004463821912942206,0,2053,1.3443195869899769e-05,0.9997720571768728,2053,1.3443195869899769e-05,0.9997720587438405,2053,1.3443195869899769e-05,0.9997720571768728,False,0,1780,-24.439500986900864,-24.43950098690092,True,False,accepted,exact-linear,True,7.05004458114759e-14,2.34150562344941e-12,1.301090226328893e-11,0.000453276621957599,3610.585777486256,-1.819803460988839e-05,-1.7763568394002505e-14,-5.684341886080802e-14,0.000453276621957599,0.00045327662207839126,-1.2079226507921703e-13,0.00045327662207839126,9.065632441567826e-06,False,0,none,True,5.250745500001358,0.2925622999900952,0.0035297957679780723,ok,0.000614620159177136,0.0008482564078513143,0.084021375470307,0.01201703321844609,,,,,315.58452809997834
66,66,66,66,1297,1297,1297,1,1.0879811425779096e-05,1.0879811425779096e-05,0.0056597993554417594,0.0014842411407064633,0.0014842411407064637,0,2188,1.0953653655990868e-05,0.9932586666941596,2188,1.0953653655990868e-05,0.9932586670256358,2188,1.0953653655990868e-05,0.9932586666941596,False,0,1779,-24.439527852950146,-24.43952785295015,True,False,accepted,exact-linear,True,8.7523422102247e-14,1.1940084175414244e-11,1.0733021818074498e-11,2.6866049282148197e-05,3610.585777486256,-1.8199028861153044e-05,-1.7763568394002505e-14,-3.552713678800501e-15,2.6866049282148197e-05,2.686604922885749e-05,5.3290705182007514e-14,2.6866049282148197e-05,5.37420985642964e-07,False,0,none,True,5.099447299988242,0.32700230000773445,0.0035029297187492148,ok,0.0006138437812650413,0.0008471849045349729,0.08370101216438482,0.011971213729444763,,,,,321.0831788999785
67,67,67,67,1177,1177,1177,1,-1.0356563673319386e-05,1.0356563673319386e-05,0.1511503274303238,0.0002991433522049277,0.0002991433522049277,0,274,1.0359867785490568e-05,0.9996810661835077,274,1.0359867785490568e-05,0.9996810661920138,274,1.0359867785490568e-05,0.9996810661835077,False,0,1778,-24.440127150700352,-24.440127150700377,True,False,accepted,exact-linear,True,1.1876213458253134e-13,3.4303755900800293e-12,1.3462073801072047e-11,0.0005992977502060626,3610.585777486256,-2.0598772318469738e-05,-1.7763568394002505e-14,-2.4868995751603507e-14,0.0005992977502060626,0.0005992977502273789,-2.1316282072803006e-14,0.0005992977502273789,1.1986055004547578e-05,False,0,none,True,4.732567200000631,0.34096810000482947,0.002903631968521836,ok,0.0004999850768590923,0.000690044963451199,0.07620540621874122,0.010899165751927264,,,,,326.2430710000044
68,68,68,68,30,30,30,1,8.349485914725067e-06,8.349485914725067e-06,5.657706266315823e-08,0.3597602422102119,0.3597602422102119,0,3338,9.54301995942987e-06,0.8749312010475866,3338,9.54301995942987e-06,0.8749312010476011,3338,9.54301995942987e-06,0.8749312010475866,False,0,1777,-24.440127150969666,-24.440127150969733,True,False,accepted,exact-linear,True,7.610680319735249e-14,3.2792679944561443e-09,1.0002320847314889e-11,2.6930990770779317e-10,3610.585777486256,-2.0598772446075997e-05,-1.7763568394002505e-14,-6.750155989720952e-14,2.6931346042147197e-10,2.693560929856176e-10,-4.263256414560601e-14,2.693560929856176e-10,1.0538712185971236e-10,False,0,none,True,4.0234373999992386,0.42693320001126267,0.002903631699165743,ok,0.0004999850740411769,0.0006900449595621063,0.0762054026846527,0.010899165246469469,,,,,330.7800879999995
69,69,69,69,647,647,647,1,8.086780872482158e-06,8.086780872482158e-06,9.458572969589793e-06,0.03645160016360262,0.03645160016360261,0,1517,8.321162658285813e-06,0.9718330484057695,1517,8.321162658285813e-06,0.9718330484136332,1517,8.321162658285813e-06,0.9718330484057695,False,0,1776,-24.440127175578343,-24.440127175578397,True,False,accepted,exact-linear,True,5.83614645226376e-14,2.630674442776387e-10,1.0022184981757394e-11,2.4608684867644115e-08,3610.585777486256,-2.0598772337614146e-05,-1.7763568394002505e-14,-5.3290705182007514e-14,2.4608677762216757e-08,2.4608663551362042e-08,1.4210854715202004e-14,2.4608677762216757e-08,5.921735552443351e-10,False,0,none,True,4.02750619998551,0.2935152999998536,0.0029036070905021916,ok,0.0004999849704040971,0.0006900448165293475,0.07620507975842936,0.010899119060422985,,,,,335.1733532999933
70,70,70,70,547,547,547,1,6.501728010963048e-06,6.501728010963048e-06,8.361696817397196e-06,0.03752229320228218,0.03752229320228218,0,1812,6.706446991857858e-06,0.9694743011995243,1812,6.706446991857858e-06,0.969474301207399,1812,6.706446991857858e-06,0.9694743011995243,False,0,1775,-24.440127190590697,-24.440127190590747,True,False,accepted,exact-linear,True,4.3241167366782814e-14,2.495502395421332e-10,1.0017327640096086e-11,1.5012361131994112e-08,3610.585777486256,-2.0598772389107678e-05,-1.7763568394002505e-14,-4.973799150320701e-14,1.5012354026566754e-08,1.5012350473853076e-08,3.552713678800501e-15,1.5012354026566754e-08,4.0024708053133513e-10,False,0,none,True,4.008142900012899,0.3116357999970205,0.0029035920781517177,ok,0.0004999849172199143,0.0006900447431282017,0.07620488275876668,0.010899090884836985,,,,,339.56483799999114
71,71,71,71,616,616,616,1,-8.709897297924738e-06,8.709897297924738e-06,2.6930756135553614e-08,0.4139670289675272,0.4139670289675271,0,1576,9.12743368805563e-06,0.9542547878844314,1576,9.12743368805563e-06,0.954254787884412,1576,9.12743368805563e-06,0.9542547878844314,False,0,1774,-24.440127190812035,-24.44012719081197,True,False,accepted,exact-linear,True,3.7490066601284405e-14,1.7818409214823266e-09,1.000210400749861e-11,2.213411676166288e-10,3610.585777486256,-2.0598772357757755e-05,-1.7763568394002505e-14,6.394884621840902e-14,2.2133761490295e-10,2.212239280652284e-10,1.1368683772161603e-13,2.2133761490295e-10,1.04426752298059e-10,False,0,none,True,4.088400399981765,0.3339018000115175,0.0029035918569277896,ok,0.0004999849167244423,0.0006900447424443854,0.07620487985419744,0.010899090469415257,,,,,344.0646437999967
72,72,72,72,1479,1479,1479,1,6.460516845940845e-06,6.460516845940845e-06,0.18661847605338927,0.00017844677272456317,0.0001784467727245632,0,1268,6.467760905163858e-06,0.9988799741781998,1268,6.467760905163858e-06,0.9988799747064047,1268,6.467760905163858e-06,0.9988799741781998,False,0,1773,-24.44078256167698,-24.44078256167693,True,False,accepted,exact-linear,True,1.191703473006472e-13,3.291619617012543e-12,1.3620416729950272e-11,0.0006553708649335022,5603.911938175119,5.3522493321384035e-06,-1.7763568394002505e-14,4.973799150320701e-14,0.0006553708649441603,0.0006553708649583712,-1.4210854715202004e-14,0.0006553708649583712,1.3107517299167423e-05,False,0,none,True,4.082074400008423,0.34569859999464825,0.0022482209919694185,ok,0.00045379057679034837,0.0006262904963942426,0.0670555141934562,0.00959051594945048,,,,,348.5679153999954
73,73,73,73,410,410,410,1,-6.634511838576884e-06,6.634511838576884e-06,0.2165070670979036,0.00013275686781410995,0.00013275686781410962,0,1085,6.634239596812561e-06,1.0000410358655805,1085,6.634239596812561e-06,1.0000410395522075,1085,6.634239596812561e-06,1.0000410358655805,False,0,1772,-24.44203130728343,-24.442031307283465,True,False,accepted,exact-linear,True,1.2096212546069367e-13,2.4204572964502308e-12,1.4997490583208927e-11,0.001248745606467594,7532.566988551063,3.539462074819699e-07,-1.7763568394002505e-14,-3.552713678800501e-14,0.0012487456064498303,0.0012487456065350955,-8.526512829121202e-14,0.0012487456065350955,2.497501213070191e-05,False,0,none,True,4.154939900006866,0.343838600005256,0.000999475385434323,ok,0.00021646715800840307,0.0002987530609406369,0.04470962727209363,0.006394528453095428,,,,,353.14715949998936
74,74,74,74,1565,1565,1565,1,5.098038953654793e-06,5.098038953654793e-06,0.005592915508444763,0.0013097294077770712,0.0013097294077770716,0,3683,5.1241423450677935e-06,0.9949058028338877,3683,5.1241423450677935e-06,0.9949058015769846,3683,5.1241423450677935e-06,0.9949058028338877,False,0,1771,-24.442038882815467,-24.442038882815474,True,False,accepted,exact-linear,True,1.46987059303889e-13,3.7762221369540997e-11,1.0389243677869143e-11,7.575532038117672e-06,7532.566988551063,3.5400518830913663e-07,-1.7763568394002505e-14,-7.105427357601002e-15,7.575532038117672e-06,7.575532009695962e-06,2.842170943040401e-14,7.575532038117672e-06,1.5161064076235343e-07,False,0,none,True,4.193869300012011,0.3350254999822937,0.000991899853424627,ok,0.00021645171715062677,0.00029873175053232064,0.04453986648759641,0.00637024866744477,,,,,357.7511445999844
75,75,75,75,283,283,283,1,6.1956678834018675e-06,6.1956678834018675e-06,0.008687339269822994,0.0013142741913596114,0.001314274191359613,0,407,6.199661956646789e-06,0.9993557595119135,407,6.199661956646789e-06,0.9993557619732373,407,6.199661956646789e-06,0.9993557595119135,False,0,1770,-24.442049994356513,-24.44204999435663,True,False,accepted,exact-linear,True,1.0194166085792252e-13,2.162467352305969e-11,1.0471413641224298e-11,1.1111541052599705e-05,7532.566988551063,3.538395714625109e-07,-1.7763568394002505e-14,-1.1723955140041653e-13,1.1111541045494278e-05,1.1111541155628402e-05,-1.1013412404281553e-13,1.1111541155628402e-05,2.2233082311256803e-07,False,0,none,True,4.030377399991266,0.3647781000181567,0.0009807883122689987,ok,0.00021519042018401421,0.00029699099533879604,0.0442896898230279,0.006334467519233714,,,,,362.2240481999761
76,76,76,76,777,777,777,1,4.293034177579869e-06,4.293034177579869e-06,6.585861251255787e-07,0.08788012639969173,0.08788012639969174,0,1876,4.722303959173514e-06,0.9090973843901452,1876,4.722303959173514e-06,0.909097384393158,1876,4.722303959173514e-06,0.9090973843901452,False,0,1769,-24.442049995549738,-24.442049995549777,True,False,accepted,exact-linear,True,4.11472659498084e-14,8.423009911923062e-10,1.0004885102401643e-11,1.1932144161619362e-09,7532.566988551063,3.5383944596567574e-07,-1.7763568394002505e-14,-3.907985046680551e-14,1.1932250743029726e-09,1.193146914602039e-09,7.815970093361102e-14,1.1932250743029726e-09,1.2386450148605945e-10,False,0,none,True,4.644067999994149,0.3357329000136815,0.000980787119122084,ok,0.00021519041704581908,0.00029699099100767524,0.04428966288195782,0.006334463666026928,,,,,367.28132019998156
77,77,77,77,754,754,754,1,4.162428446141675e-06,4.162428446141675e-06,0.0035169080231906304,0.0013678136069034653,0.0013678136069034655,0,3514,4.1687534993678755e-06,0.9984827471264109,3514,4.1687534993678755e-06,0.9984827476924458,3514,4.1687534993678755e-06,0.9984827471264109,False,0,1768,-24.442054625855974,-24.44205462585601,True,False,accepted,exact-linear,True,1.322515797469404e-13,4.3459128488027067e-11,1.0304312544563279e-11,4.630306229103098e-06,7532.566988551063,3.537639035808282e-07,-1.7763568394002505e-14,-3.552713678800501e-14,4.630306236208526e-06,4.630306232655812e-06,3.552713678800501e-15,4.630306236208526e-06,9.270612472417051e-08,False,0,none,True,4.065297699999064,0.34638689999701455,0.0009761568128894282,ok,0.00021501503432621254,0.00029674893985866675,0.04418499321850434,0.006319493441894754,,,,,371.77492299998994
78,78,78,78,1719,1719,1719,1,4.549780789231406e-06,4.549780789231406e-06,0.008812480144709386,0.001248834283041822,0.001248834283041822,0,2750,4.565826639356333e-06,0.9964856637379492,2750,4.565826639356333e-06,0.9964856638796065,2750,4.565826639356333e-06,0.9964856637379492,False,0,1767,-24.442061262389956,-24.442061262389984,True,False,accepted,exact-linear,True,9.683259498118349e-14,2.657883316465062e-11,1.0364322219795446e-11,6.636533974813119e-06,7532.566988551063,3.5491072579441063e-07,-1.7763568394002505e-14,-2.842170943040401e-14,6.6365339819185465e-06,6.636533974813119e-06,7.105427357601002e-15,6.6365339819185465e-06,1.3283067963837094e-07,False,0,none,True,4.120535699999891,0.35877069999696687,0.0009695202789146151,ok,0.00021431517153263437,0.00029578303743843986,0.044034538236878466,0.006297974840206095,,,,,376.33767129998887
79,79,79,79,244,244,244,1,3.9980725028421205e-06,3.9980725028421205e-06,0.0035634385364950905,0.001164343867533742,0.0011643438675337419,0,3338,4.06399339876545e-06,0.983779280757849,3338,4.06399339876545e-06,0.98377928389777,3338,4.06399339876545e-06,0.983779280757849,False,0,1766,-24.44206715772907,-24.44206715772909,True,False,accepted,exact-linear,True,1.506885164668926e-13,4.388446053412728e-11,1.0343375569923453e-11,5.895339114658782e-06,7532.566988551063,3.5490638358726123e-07,-1.7763568394002505e-14,-2.1316282072803006e-14,5.895339114658782e-06,5.8953391075533546e-06,7.105427357601002e-15,5.895339114658782e-06,1.1800678229317564e-07,False,0,none,True,4.590268500003731,0.4316748999990523,0.0009636249398070618,ok,0.00021394380029454338,0.00029527049643616603,0.043900454206457655,0.006278797669651449,,,,,381.44883649999974
80,80,80,80,1669,1669,1669,1,3.444709715227657e-06,3.444709715227657e-06,1.8108986116820587e-10,0.8299807703950274,0.8299807703950274,0,3338,4.063993405415321e-06,0.8476169549481894,3338,4.063993405415321e-06,0.8476169549481913,3338,4.063993405415321e-06,0.8476169549481894,False,0,1765,-24.442067157737675,-24.442067157737625,True,False,accepted,exact-linear,True,5.2146153984346017e-14,1.256428223922677e-08,1.0000415034882148e-11,8.618883384770015e-12,7532.566988551063,3.549063307198286e-07,-1.7763568394002505e-14,4.973799150320701e-14,8.604672530054813e-12,8.533618256478803e-12,7.105427357601002e-14,8.604672530054813e-12,1.001720934506011e-10,False,0,none,True,4.539331100007985,0.3623290000250563,0.0009636249312734435,ok,0.00021394380023272613,0.0002952704963508501,0.04390045401027038,0.006278797641592054,,,,,386.4303854999889
81,81,81,81,948,948,948,1,-3.3938133454647357e-06,3.3938133454647357e-06,0.05602432061367968,0.00022818639361623765,0.0002281863936162376,0,880,3.6092642155770236e-06,0.9403061518238439,880,3.6092642155770236e-06,0.940306151975241,880,3.6092642155770236e-06,0.9403061518238439,False,0,1764,-24.44217776061831,-24.44217776061836,True,False,accepted,exact-linear,True,1.016548182191191e-13,6.834862012830098e-12,1.1487298763724815e-11,0.00011060288062836321,7532.566988551063,3.195346315182368e-07,-1.7763568394002505e-14,-4.973799150320701e-14,0.00011060288063546864,0.00011060288073494462,-9.947598300641403e-14,0.00011060288073494462,2.2121576146988923e-06,False,0,none,True,4.166175299993483,0.40806819999124855,0.0008530220505384989,ok,0.00019822376494439957,0.0002735747864626089,0.04130428671510017,0.0059074846459159815,,,,,391.0895704999857
82,82,82,82,419,419,419,1,3.3500574516745485e-06,3.3500574516745485e-06,9.037895488083322e-07,0.06661749575133442,0.06661749575133442,0,880,3.609265756431124e-06,0.9281825384305081,880,3.609265756431124e-06,0.9281825384338288,880,3.609265756431124e-06,0.9281825384305081,False,0,1763,-24.442177761882746,-24.44217776188273,True,False,accepted,exact-linear,True,4.287349725536801e-14,8.525600103288387e-10,1.0005028795244434e-11,1.264432114567171e-09,7532.566988551063,3.195346166273705e-07,-1.7763568394002505e-14,1.7763568394002505e-14,1.2644356672808499e-09,1.2643681657209527e-09,6.750155989720952e-14,1.2644356672808499e-09,1.25288713345617e-10,False,0,none,True,4.585953699977836,0.3732361000147648,0.0008530207861703332,ok,0.00019822375629149268,0.00027357477452046285,0.041304256102307584,0.005907480267566503,,,,,396.1310495999933
83,83,83,83,453,453,453,1,-2.248043283081813e-06,2.248043283081813e-06,0.04383334644606233,0.0003675286635185688,0.0003675286635185688,0,577,2.2476939849826475e-06,1.0001554028713426,577,2.2476939849826475e-06,1.0001554023499155,577,2.2476939849826475e-06,1.0001554028713426,False,0,1762,-24.442196468572234,-24.442196468572234,True,False,accepted,exact-linear,True,1.378599045311928e-13,2.253847392853811e-11,1.0611664769177807e-11,1.870668950232357e-05,7532.566988551063,3.5731303751895815e-07,-1.7763568394002505e-14,0.0,1.8706689488112715e-05,1.8706689505876284e-05,-1.7763568394002505e-14,1.8706689505876284e-05,3.742337901175257e-07,False,0,none,True,4.340310300001875,0.4357321000134107,0.0008343140966644569,ok,0.00019543866623157873,0.00026973098506043614,0.04084884567744942,0.005842345863697083,,,,,400.9947247999953
84,84,84,84,1512,1512,1512,1,-2.1969778649655325e-06,2.1969778649655325e-06,0.020126391491026685,0.00034875830332822377,0.00034875830332822263,0,430,2.2008537600835127e-06,0.9982389129217595,430,2.2008537600835127e-06,0.998238912315142,430,2.2008537600835127e-06,0.9982389129217595,False,0,1761,-24.44221630997501,-24.4422163099751,True,False,accepted,exact-linear,True,1.2505859982234128e-13,1.9852370764811885e-11,1.0629942898527799e-11,1.9841402767895033e-05,7532.566988551063,3.5409729308433224e-07,-1.7763568394002505e-14,-9.237055564881302e-14,1.984140277500046e-05,1.9841402867371016e-05,-9.237055564881302e-14,1.9841402867371016e-05,3.9692805734742034e-07,False,0,none,True,4.940245200006757,0.4249980000022333,0.0008144726937970859,ok,0.0001931571466545663,0.0002665821888943129,0.04036019558475223,0.005772457405393825,,,,,406.4495429999952
85,85,85,85,55,55,55,1,1.7240153860065277e-06,1.7240153860065277e-06,0.18507784615909054,7.702354137271597e-05,7.702354137271585e-05,0,897,1.7250126121032243e-06,0.9994219021416425,897,1.7250126121032243e-06,0.9994218861516987,897,1.7250126121032243e-06,0.9994219021416425,False,0,1760,-24.44246680855935,-24.4424668085595,True,False,accepted,exact-linear,True,1.3089124264959687e-13,5.847805979920734e-12,1.2238296603872125e-11,0.0002504985843394536,12983.043653641087,8.056674990347679e-07,-1.7763568394002505e-14,-1.5276668818842154e-13,0.0002504985843394536,0.00025049858439984973,-6.039613253960852e-14,0.00025049858439984973,5.010071687996995e-06,False,0,none,True,4.985683600010816,0.4309927999856882,0.0005639741093972361,ok,0.00015194834890650682,0.00020970864475863168,0.03358494035795934,0.00480343652626535,,,,,411.95990269997856
86,86,86,86,119,119,119,1,-1.4633179628020798e-06,1.4633179628020798e-06,0.020258127417201552,0.00034474162040680446,0.0003447416204068047,0,3207,1.465133993144534e-06,0.9987605022128,3207,1.465133993144534e-06,0.9987605072084894,3207,1.465133993144534e-06,0.9987605022128,False,0,1759,-24.442475817212618,-24.442475817212678,True,False,accepted,exact-linear,True,1.1632260975633972e-13,2.740433095974751e-11,1.0424467978901578e-11,9.008653261588506e-06,12983.043653641087,8.236628341595775e-07,-1.7763568394002505e-14,-6.039613253960852e-14,9.008653268693934e-06,9.008653176323378e-06,9.237055564881302e-14,9.008653268693934e-06,1.802730653738787e-07,False,0,none,True,4.809103799983859,0.4477243000001181,0.0005549654562209128,ok,0.00015094605918986482,0.00020832535353075635,0.033315625648423844,0.004764918187418969,,,,,417.307813899999
87,87,87,87,1272,1272,1272,1,-1.4120184759214283e-06,1.4120184759214283e-06,0.13821896174182097,8.67850208759423e-05,8.678502087594246e-05,0,497,1.4156454188110993e-06,0.9974379580921351,497,1.4156454188110993e-06,0.9974379603571315,497,1.4156454188110993e-06,0.9974379580921351,False,0,1758,-24.442608178544948,-24.442608178545072,True,False,accepted,exact-linear,True,1.6213141908173774e-13,9.964869626935528e-12,1.1627030007933959e-11,0.00013236133234073577,12983.043653641087,1.4350941673485496e-06,-1.7763568394002505e-14,-1.2434497875801753e-13,0.00013236133233007763,0.00013236133239402648,-6.394884621840902e-14,0.00013236133239402648,2.6473266478805295e-06,False,0,none,True,4.879492899985053,0.4181074000080116,0.0004226041238268863,ok,0.00012413760105777692,0.00017132616621870573,0.029072465455488646,0.004158046463357391,,,,,422.6957903000002
88,88,88,88,882,882,882,1,-1.193301269797331e-06,1.193301269797331e-06,0.0014587332503935959,0.0015987493104505526,0.0015987493104505537,0,855,1.2018046493159982e-06,0.9929244910780577,855,1.2018046493159982e-06,0.9929244903947441,855,1.2018046493159982e-06,0.9929244910780577,False,0,1757,-24.442608457099055,-24.442608457099173,True,False,accepted,exact-linear,True,1.0454815734069315e-13,1.400704751031449e-10,1.007463968210553e-11,2.785541113325962e-07,12983.043653641087,1.4350940298057946e-06,-1.7763568394002505e-14,-1.1723955140041653e-13,2.7855410777988254e-07,2.785541006744552e-07,7.105427357601002e-15,2.7855410777988254e-07,5.671082155597651e-09,False,0,none,True,4.58439190001809,0.43149350001476705,0.0004223255697262118,ok,0.00012413150447392927,0.0001713177521336199,0.029062882504081143,0.00415667587587593,,,,,427.8045831999916
89,89,89,89,797,797,797,1,-1.5390030709827585e-06,1.5390030709827585e-06,0.0008896029460732908,0.00160175603862129,0.0016017560386212895,0,2363,1.5496171913483088e-06,0.9931504887627666,2363,1.5496171913483088e-06,0.9931504884130837,2363,1.5496171913483088e-06,0.9931504887627666,False,0,1756,-24.442608918688954,-24.442608918689086,True,False,accepted,exact-linear,True,1.171517270544209e-13,1.2192858867642966e-10,1.0096082246441246e-11,4.615899058535433e-07,12983.043653641087,1.435094014547167e-06,-1.7763568394002505e-14,-1.3145040611561853e-13,4.6158989874811596e-07,4.6158991295897067e-07,-1.4210854715202004e-14,4.6158991295897067e-07,9.331798259179413e-09,False,0,none,True,4.411503400013316,0.3988260999904014,0.00042186397981325285,ok,0.00012411766243003374,0.0001712986482980935,0.029046995707609963,0.004154403690258161,,,,,432.7039179999847
90,90,90,90,825,825,825,1,-1.184329639691839e-06,1.184329639691839e-06,0.0014244557994004088,0.0016791047894358444,0.0016791047894358464,0,2602,1.1992045603069115e-06,0.9875960106328602,2602,1.1992045603069115e-06,0.987596012068421,2602,1.1992045603069115e-06,0.9875960106328602,False,0,1755,-24.442609167437006,-24.442609167437098,True,False,accepted,exact-linear,True,7.63174515582373e-14,1.0820043781491767e-10,1.0070533403652933e-11,2.4874803017382874e-07,12983.043653641087,1.435094025462047e-06,-1.7763568394002505e-14,-9.237055564881302e-14,2.487480514901108e-07,2.4874801241026034e-07,3.907985046680551e-14,2.487480514901108e-07,5.0749610298022164e-09,False,0,none,True,3.969490399991628,0.4224608999793418,0.0004216152318008426,ok,0.0001241143528586836,0.00017129408065568366,0.029038430803591368,0.00415317870750195,,,,,437.1861155999941
91,91,91,91,900,900,900,1,-1.4933761138813395e-06,1.4933761138813395e-06,0.0008987663840455069,0.0015770866443067034,0.0015770866443067034,0,257,1.4985511492077578e-06,0.9965466408476252,257,1.4985511492077578e-06,0.9965466410702042,257,1.4985511492077578e-06,0.9965466408476252,False,0,1754,-24.4426096157666,-24.442609615766724,True,False,accepted,exact-linear,True,6.817163886248658e-14,7.199296021237727e-11,1.00946920902563e-11,4.4832958678853174e-07,12983.043653641087,1.4350939595841883e-06,-1.7763568394002505e-14,-1.2434497875801753e-13,4.483295938939591e-07,4.483296258683822e-07,-3.197442310920451e-14,4.483296258683822e-07,9.066592517367643e-09,False,0,none,True,4.007912400003988,0.4088941999943927,0.0004211669021749742,ok,0.0001241023832117499,0.00017127756097347078,0.029022987515748208,0.004150969954051123,,,,,441.6932812999876
92,92,92,92,597,597,597,1,-1.0772087950527975e-06,1.0772087950527975e-06,0.0023329152941823686,0.0011890497798783008,0.0011890497798783012,0,1363,1.0805994950328757e-06,0.9968622047338871,1363,1.0805994950328757e-06,0.996862204472723,1363,1.0805994950328757e-06,0.9968622047338871,False,0,1753,-24.442610026131163,-24.442610026131234,True,False,accepted,exact-linear,True,6.925206984345414e-14,7.644214031757957e-11,1.0090594101049167e-11,4.1036455655785176e-07,12983.043653641087,1.4350938946500191e-06,-1.7763568394002505e-14,-7.105427357601002e-14,4.103645636632791e-07,4.1036451037257393e-07,5.3290705182007514e-14,4.103645636632791e-07,8.307291273265582e-09,False,0,none,True,3.967768599977717,0.41536610000184737,0.00042075653766460164,ok,0.00012407689090261344,0.00017124237824434443,0.029008844775770343,0.004148947209539235,,,,,446.1702168000047
93,93,93,93,44,44,44,1,9.805783999020101e-07,9.805783999020101e-07,1.4376528676813466e-06,0.033654212656931234,0.033654212656931214,0,734,1.0091705593601104e-06,0.9716676639118071,734,1.0091705593601104e-06,0.9716676639110351,734,1.0091705593601104e-06,0.9716676639118071,False,0,1752,-24.442610026555638,-24.442610026555787,True,False,accepted,exact-linear,True,3.750118308162873e-14,1.2870697754366717e-09,1.0002913686872097e-11,4.2447823034308385e-10,12983.043653641087,1.4350938506782485e-06,-1.7763568394002505e-14,-1.4921397450962104e-13,4.2447467762940505e-10,4.2455283733033866e-10,-7.815970093361102e-14,4.2455283733033866e-10,1.0849105674660678e-10,False,0,none,True,3.9496962999983225,0.40796889999182895,0.0004207561131117643,ok,0.00012407688627365975,0.00017124237185578138,0.029008830143038063,0.004148945116714297,,,,,450.62264549999963
94,94,94,94,617,617,617,1,8.774175143111407e-07,8.774175143111407e-07,8.723894290323129e-05,0.005989066955156441,0.005989066955156443,0,1113,9.043904858934878e-07,0.9701755248390309,1113,9.043904858934878e-07,0.9701755253420276,1113,9.043904858934878e-07,0.9701755248390309,False,0,1751,-24.442610037287245,-24.442610037287395,True,False,accepted,exact-linear,True,6.243358468373217e-14,4.2615849084195354e-10,1.0014650320485316e-11,1.0731593391710703e-08,12983.043653641087,1.4350939251256412e-06,-1.7763568394002505e-14,-1.4921397450962104e-13,1.0731607602565418e-08,1.0731607602565418e-08,0.0,1.0731607602565418e-08,3.146321520513084e-10,False,0,none,True,3.9418723999988288,0.4150900000240654,0.00042074538150416174,ok,0.00012407646372894772,0.00017124178868867528,0.029008460198338533,0.004148892205919652,,,,,455.0735092999821
95,95,95,95,693,693,693,1,-8.550234860127404e-07,8.550234860127404e-07,0.01570462810046598,0.000232870515855111,0.000232870515855111,0,1456,8.580358706323747e-07,0.9964892089914444,1456,8.580358706323747e-07,0.9964892017907921,1456,8.580358706323747e-07,0.9964892089914444,False,0,1750,-24.442616777863556,-24.442616777863634,True,False,accepted,exact-linear,True,9.945139110340263e-14,2.708615438110943e-11,1.0367166891630664e-11,6.740576310448887e-06,12983.043653641087,1.4378943317475135e-06,-1.7763568394002505e-14,-7.815970093361102e-14,6.740576310448887e-06,6.740576239394613e-06,7.105427357601002e-14,6.740576310448887e-06,1.3491152620897776e-07,False,0,none,True,3.941388100007316,0.423904199997196,0.00041400480526476713,ok,0.00012342344887201904,0.00017034054256366457,0.028775156132435895,0.004115524236230305,,,,,459.53223099999013
96,96,96,96,446,446,446,1,-8.366285642047444e-07,8.366285642047444e-07,0.14261168726243836,7.763339966219224e-05,7.763339966219199e-05,0,2552,8.370800443039426e-07,0.9994606488324859,2552,8.370800443039426e-07,0.9994606840427841,2552,8.370800443039426e-07,0.9994606488324859,False,0,1749,-24.44267484609823,-24.442674846098317,True,False,accepted,exact-linear,True,9.624215695807614e-14,8.930608234463185e-12,1.1077666318254539e-11,5.806823468290645e-05,12983.043653641087,1.454784037679957e-06,-1.7763568394002505e-14,-8.526512829121202e-14,5.806823467580102e-05,5.806823468290645e-05,-7.105427357601002e-15,5.806823468290645e-05,1.161464693658129e-06,False,0,none,True,3.968177899980219,0.44803569998475723,0.0003559365705818607,ok,0.00011204216850326619,0.0001546328833562734,0.02668095090324066,0.003816003624188238,,,,,464.04298359999666
97,97,97,97,1129,1129,1129,1,-1.0069741276375055e-06,1.0069741276375055e-06,0.1224325420244233,7.079152612772038e-05,7.079152612772044e-05,0,599,1.010587770072219e-06,0.9964242171321197,599,1.010587770072219e-06,0.9964242283386252,599,1.010587770072219e-06,0.9964242171321197,False,0,1748,-24.442776014353015,-24.44277601435318,True,False,accepted,exact-linear,True,1.160375100137513e-13,8.157578731685076e-12,1.1422450384242652e-11,0.00010116825478689861,14125.984488536464,1.460316838730602e-06,-1.7763568394002505e-14,-1.6342482922482304e-13,0.0001011682547833459,0.0001011682548615056,-7.815970093361102e-14,0.0001011682548615056,2.023465097230112e-06,False,0,none,True,4.01547159999609,0.4475539999839384,0.0002547683157203551,ok,9.073006186008397e-05,0.0001252193817732905,0.022572918098107346,0.0032284582953308297,,,,,468.59802999999374
98,98,98,98,1231,1231,1231,1,6.860411399037258e-07,6.860411399037258e-07,2.0443273105901853e-06,0.026221576331017703,0.02622157633101771,0,1441,6.76561523654581e-07,1.01401146225097,1441,6.76561523654581e-07,1.0140114622710825,1441,6.76561523654581e-07,1.01401146225097,False,0,1747,-24.442776014695276,-24.44277601469538,True,False,accepted,exact-linear,True,5.694411860240465e-14,2.176494225701298e-09,1.0002616322980781e-11,3.4226488310196146e-10,14125.984488536464,1.460316770326986e-06,-1.7763568394002505e-14,-1.0302869668521453e-13,3.4226133038828266e-10,3.4220093425574305e-10,6.039613253960852e-14,3.4226133038828266e-10,1.0684522660776565e-10,False,0,none,True,3.9742176000145264,0.4516501000034623,0.0002547679735194208,ok,9.073005886997287e-05,0.00012521937764654512,0.02257290293580435,0.0032284561267648215,,,,,473.1207415999961
99,99,99,99,605,605,605,1,-6.68980399520791e-07,6.68980399520791e-07,0.0022993625982041304,0.0009395933820915286,0.0009395933820915282,0,2358,6.699454819486828e-07,0.9985594612488696,2358,6.699454819486828e-07,0.9985594583179388,2358,6.699454819486828e-07,0.9985594612488696,False,0,1746,-24.442776268159754,-24.44277626815994,True,False,accepted,exact-linear,True,5.563117943528168e-14,7.813483833094918e-11,1.0071198943548905e-11,2.5346448495611185e-07,14125.984488536464,1.4603165579135657e-06,-1.7763568394002505e-14,-1.8474111129762605e-13,2.534644778506845e-07,2.534645595630991e-07,-8.171241461241152e-14,2.534645595630991e-07,5.1692911912619825e-09,False,0,none,True,3.950102300004801,0.45845900001586415,0.0002545145089598577,ok,9.071003652256525e-05,0.00012519174418181876,0.022561671436151325,0.003226849758103658,,,,,477.63029439997626
100,100,100,100,1079,1079,1079,1,-6.542293657929577e-07,6.542293657929577e-07,0.01554444059285653,0.00021716496490136665,0.00021716496490136646,0,1293,6.638534806307883e-07,0.9855026521384117,1293,6.638534806307883e-07,0.9855026601455632,1293,6.638534806307883e-07,0.9855026521384117,False,0,1745,-24.4427808060155,-24.442780806015627,True,False,accepted,exact-linear,True,5.2584229349185844e-14,1.7454811876315933e-11,1.0301259215635181e-11,4.537855758712794e-06,14125.984488536464,1.4600458092817181e-06,-1.7763568394002505e-14,-1.2789769243681803e-13,4.53785574450194e-06,4.537855687658521e-06,5.684341886080802e-14,4.53785574450194e-06,9.085711489003879e-08,False,0,none,True,3.9853423000022303,0.4693847000016831,0.0002499766532721992,ok,9.005713908869943e-05,0.00012429066011603114,0.02235963565211125,0.0031979538882784563,,,,,482.1843527999881
101,101,101,101,473,473,473,1,-6.447726823566313e-07,6.447726823566313e-07,0.0005734287727436125,0.0014317556489867199,0.0014317556489867205,0,1293,6.638534927713592e-07,0.9712574978929883,1293,6.638534927713592e-07,0.9712574978963502,1293,6.638534927713592e-07,0.9712574978929883,False,0,1744,-24.442780907417248,-24.442780907417422,True,False,accepted,exact-linear,True,8.065671823893302e-14,1.7910297472863533e-10,1.0045033712232383e-11,1.0140175632500359e-07,14125.984488536464,1.4600457351049423e-06,-1.7763568394002505e-14,-1.7408297026122455e-13,1.0140174921957623e-07,1.0140179540485406e-07,-4.618527782440651e-14,1.0140179540485406e-07,2.128035908097081e-09,False,0,none,True,3.9219760000123642,0.4453159999975469,0.00024987525147679435,ok,9.005314445217152e-05,0.00012428514699385114,0.02235510015570138,0.0031973052055984308,,,,,486.65107739999075
102,102,102,102,689,689,689,1,-5.836122785041198e-07,5.836122785041198e-07,0.11910273681547917,6.120002582708529e-05,6.120002582708529e-05,0,110,5.834000807901053e-07,1.0003637258906908,110,5.834000807901053e-07,1.000363738067529,110,5.834000807901053e-07,1.0003637258906908,False,0,1743,-24.44282637645003,-24.442826376450274,True,False,accepted,exact-linear,True,1.255519702869166e-13,1.3165903777791922e-11,1.095361452131145e-11,4.5469032770029116e-05,16339.862385440889,1.5239622737223124e-06,-1.7763568394002505e-14,-2.4513724383723456e-13,4.546903278068726e-05,4.546903285174153e-05,-7.105427357601002e-14,4.546903285174153e-05,9.094806570348306e-07,False,0,none,True,3.9061928000010084,0.4632523000182118,0.00020440621862505282,ok,7.953870003148922e-05,0.00010977383505318668,0.020219110693477378,0.0028918084652972942,,,,,491.12025199999334
103,103,103,103,641,641,641,1,-5.820316373306156e-07,5.820316373306156e-07,0.0005476621310423841,0.0015356409750427636,0.0015356409750427636,0,1682,5.818051089814843e-07,1.0003893543484481,1682,5.818051089814843e-07,1.000389355059445,1682,5.818051089814843e-07,1.0003893543484481,False,0,1742,-24.442826448276353,-24.442826448276605,True,False,accepted,exact-linear,True,7.101602172067872e-14,1.8736975705330577e-10,1.0037901539094419e-11,7.182633865454591e-08,16339.862385440889,1.5239622497137395e-06,-1.7763568394002505e-14,-2.5224267119483557e-13,7.182632444369119e-08,7.182633154911855e-08,-7.105427357601002e-15,7.182633154911855e-08,1.536526630982371e-09,False,0,none,True,3.896020399988629,0.4775785999954678,0.0002043343922935037,ok,7.953572520587513e-05,0.00010976972940378402,0.0202155579831115,0.002891300344140704,,,,,495.59192639999674
104,104,104,104,112,112,112,1,5.49844534791788e-07,5.49844534791788e-07,0.025152903867343188,0.00018946299783533917,0.00018946299783533942,0,2452,5.495469741283692e-07,1.0005414653840843,2452,5.495469741283692e-07,1.0005414507839714,2452,5.495469741283692e-07,1.0005414653840843,False,0,1741,-24.442830659430548,-24.442830659430825,True,False,accepted,exact-linear,True,8.893956793263504e-14,3.064639858755285e-11,1.0290212135949827e-11,4.211154191580135e-06,16339.862385440889,1.5207622395818632e-06,-1.7763568394002505e-14,-2.7711166694643907e-13,4.211154195132849e-06,4.211154220001845e-06,-2.4868995751603507e-14,4.211154220001845e-06,8.432308440003689e-08,False,0,none,True,3.9317567000107374,0.4924349000211805,0.00020012323807350185,ok,7.88323878732493e-05,0.00010879903166409441,0.020006160955562395,0.0028613516433271743,,,,,500.1164180999913
105,105,105,105,1780,1780,1780,1,5.24559870873631e-07,5.24559870873631e-07,0.0001729563636257929,0.007703729941470407,0.007703729941470407,0,3475,5.25251609068917e-07,0.9986830346002895,3475,5.25251609068917e-07,0.9986830351679628,3475,5.25251609068917e-07,0.9986830346002895,False,0,1740,-24.442830661748783,-24.442830661749024,True,False,accepted,exact-linear,True,5.166392292421717e-14,7.587409288242165e-10,1.0006809165152627e-11,2.318234493259297e-09,16339.862385440889,1.520762269675846e-06,-1.7763568394002505e-14,-2.4158453015843406e-13,2.318234493259297e-09,2.318198966122509e-09,3.552713678800501e-14,2.318234493259297e-09,1.4636468986518595e-10,False,0,none,True,3.9289290999877267,0.4839004999957979,0.00020012091987453573,ok,7.883224686397801e-05,0.00010879883705281108,0.02000604507909701,0.002861335070266736,,,,,504.63271399997757
106,106,106,106,862,862,862,1,5.730551557031616e-07,5.730551557031616e-07,1.5307822503550116e-05,0.01056596051805738,0.010565960518057384,0,3357,5.832538062376536e-07,0.9825142152088476,3357,5.832538062376536e-07,0.9825142153528389,3357,5.832538062376536e-07,0.9825142152088476,False,0,1739,-24.442830663219553,-24.44283066321978,True,False,accepted,exact-linear,True,3.9669002193511555e-14,7.314149473430162e-10,1.0005423597417254e-11,1.4707701723182254e-09,16339.862385440889,1.5207622980351054e-06,-1.7763568394002505e-14,-2.2737367544323206e-13,1.4707701723182254e-09,1.4707559614635102e-09,1.4210854715202004e-14,1.4707701723182254e-09,1.2941540344636451e-10,False,0,none,True,3.9155747999902815,0.5006786999874748,0.00020011944911857427,ok,7.883221634689977e-05,0.00010879879493524175,0.02000597156266023,0.0028613245556868695,,,,,509.1537646999932
107,107,107,107,1153,1153,1153,1,-4.911646387384394e-07,4.911646387384394e-07,0.06877783244726354,0.00013615290709819526,0.00013615290709819528,0,1185,4.911098904732259e-07,1.0001114786451577,1185,4.911098904732259e-07,1.0001114719359219,1185,4.911098904732259e-07,1.0001114786451577,False,0,1738,-24.442837170062603,-24.44283717006284,True,False,accepted,exact-linear,True,1.1328694228137843e-13,3.1403618415909027e-11,1.0360744869527478e-11,6.5068430501469265e-06,16339.862385440889,1.5211901289932661e-06,-1.7763568394002505e-14,-2.3803181647963356e-13,6.5068430501469265e-06,6.506843060805068e-06,-1.0658141036401503e-14,6.506843060805068e-06,1.3023686121610137e-07,False,0,none,True,4.082053699996322,0.5049741999828257,0.0001936126060577692,ok,7.697673456426161e-05,0.00010623798678687024,0.019678038827443917,0.0028144224602325647,,,,,513.8433565000014
108,108,108,108,318,318,318,1,4.7662510738177843e-07,4.7662510738177843e-07,0.07093589646773163,0.00020970628199045688,0.00020970628199045766,0,529,4.7671690239176474e-07,0.9998074433494475,529,4.7671690239176474e-07,0.9998074465863498,529,4.7671690239176474e-07,0.9998074433494475,False,0,1737,-24.442839752923355,-24.442839752923547,True,False,accepted,exact-linear,True,8.204939197568561e-14,3.610022197080473e-11,1.022728223677417e-11,2.582860751942917e-06,16339.862385440889,1.513902744255946e-06,-1.7763568394002505e-14,-1.9184653865522705e-13,2.582860751942917e-06,2.582860705757639e-06,4.618527782440651e-14,2.582860751942917e-06,5.175721503885834e-08,False,0,none,True,4.599047800002154,0.5015534999838565,0.00019102974535201156,ok,7.572464207790157e-05,0.00010450993498297345,0.019546342127809334,0.0027955867341401277,,,,,519.0528116999776
109,109,109,109,983,983,983,1,4.405538805152265e-07,4.405538805152265e-07,1.7459195456043603e-05,0.009864111745526132,0.009864111745526132,0,161,4.6646814242580945e-07,0.9444458055038463,161,4.6646814242580945e-07,0.9444458054367981,161,4.6646814242580945e-07,0.9444458055038463,False,0,1736,-24.4428397539207,-24.442839753920943,True,False,accepted,exact-linear,True,5.047375335797263e-14,1.1301199755654694e-09,1.000446622964369e-11,9.973533110496646e-10,16339.862385440889,1.5139027937788319e-06,-1.7763568394002505e-14,-2.4158453015843406e-13,9.97346205622307e-10,9.973959436138102e-10,-4.973799150320701e-14,9.973959436138102e-10,1.199479188722762e-10,False,0,none,True,4.244587199995294,0.4887431000242941,0.00019102874795606795,ok,7.572462889460742e-05,0.00010450991678829895,0.019546291102320548,0.0027955794362949033,,,,,523.8903582999774
110,110,110,110,388,388,388,1,3.645617865366546e-07,3.645617865366546e-07,0.31239148911681663,5.535394183337821e-05,5.535394183337821e-05,0,2611,3.6620221103839993e-07,0.9955204407502245,2611,3.6620221103839993e-07,0.9955204896022899,2611,3.6620221103839993e-07,0.9955204407502245,False,0,1735,-24.442861441679412,-24.44286144167964,True,False,accepted,exact-linear,True,1.4092414719502455e-13,2.139750227306883e-11,1.0658600921717828e-11,2.168775869648698e-05,18065.56076909785,-3.68938814408748e-07,-1.7763568394002505e-14,-2.2737367544323206e-13,2.1687758710697835e-05,2.168775869648698e-05,1.4210854715202004e-14,2.1687758710697835e-05,4.338551742139567e-07,False,0,none,True,4.115029600012349,0.5099992000032216,0.00016934098925958097,ok,7.051904220613992e-05,9.732552460853406e-05,0.018403314333060066,0.002632106870805073,,,,,528.6233024999965
111,111,111,111,1423,1423,1423,1,-3.416939606815106e-07,3.416939606815106e-07,0.2524996894824138,3.7832360267268166e-05,3.783236026726806e-05,0,1232,3.4201947637367943e-07,0.9990482539309744,1232,3.4201947637367943e-07,0.9990481172890522,1232,3.4201947637367943e-07,0.9990482539309744,False,0,1734,-24.442902228291423,-24.442902228291643,True,False,accepted,exact-linear,True,1.1335148051934904e-13,1.2550279080494397e-11,1.0903178963530137e-11,4.078661200423994e-05,26432.397897870058,4.232898256212314e-08,-1.7763568394002505e-14,-2.2026824808563106e-13,4.078661201134537e-05,4.078661200423994e-05,7.105427357601002e-15,4.078661201134537e-05,8.158322402269074e-07,False,0,none,True,4.04639970001881,0.5340717000071891,0.00012855437725534102,ok,5.794313970933533e-05,7.996913022714933e-05,0.0160346111414325,0.0022933265928210835,,,,,533.3144449999963
112,112,112,112,248,248,248,1,3.3919428954476416e-07,3.3919428954476416e-07,0.007837705161216638,0.0003139373261288277,0.00031393732612882785,0,1232,3.420184975418238e-07,0.9917425284966809,1232,3.420184975418238e-07,0.9917425605255635,1232,3.420184975418238e-07,0.9917425284966809,False,0,1733,-24.442902811979774,-24.44290281198002,True,False,accepted,exact-linear,True,5.15101577345662e-14,4.767463403806635e-11,1.0108045208471735e-11,5.836883509857671e-07,26432.397897870058,4.2327750672532805e-08,-1.7763568394002505e-14,-2.4513724383723456e-13,5.836883509857671e-07,5.836883758547629e-07,-2.4868995751603507e-14,5.836883758547629e-07,1.1773767517095256e-08,False,0,none,True,4.063136000011582,0.5254226000106428,0.00012797068887948626,ok,5.7866440797345664e-05,7.986327567194314e-05,0.015998167949780134,0.0022881143591219643,,,,,538.011330999987
113,113,113,113,853,853,853,1,3.382262094842048e-07,3.382262094842048e-07,0.007890363117327411,0.00031239356548125487,0.0003123935654812548,0,287,3.3712656865837996e-07,1.003261804105802,287,3.3712656865837996e-07,1.003261801521768,287,3.3712656865837996e-07,1.003261804105802,False,0,1732,-24.442903398091445,-24.442903398091687,True,False,accepted,exact-linear,True,1.1481280926900115e-13,1.0604377077598646e-10,1.0108269263181463e-11,5.861116747496453e-07,26432.397897870058,4.230093478968522e-08,-1.7763568394002505e-14,-2.4158453015843406e-13,5.861116711969316e-07,5.86111667644218e-07,3.552713678800501e-15,5.861116711969316e-07,1.1822233423938632e-08,False,0,none,True,4.107607399986591,0.5225702000025194,0.00012738457721184204,ok,5.7777073685754675e-05,7.973993734024943e-05,0.015961489730441248,0.0022828685109348612,,,,,542.7540128999972
114,114,114,114,407,407,407,1,-3.062268145725966e-07,3.062268145725966e-07,0.012726251758896578,0.00018622233630514602,0.0001862223363051463,0,1748,3.086833402055564e-07,0.9920419235086546,1748,3.086833402055564e-07,0.9920419577549326,1748,3.086833402055564e-07,0.9920419235086546,False,0,1731,-24.44290475014161,-24.44290475014187,True,False,accepted,exact-linear,True,7.302028621334146e-14,4.4405026309283176e-11,1.0164441488458427e-11,1.3520501518371475e-06,26432.397897870058,4.2312787600085056e-08,-1.7763568394002505e-14,-2.5934809855243657e-13,1.3520501660480022e-06,1.3520501838115706e-06,-1.7763568394002505e-14,1.3520501838115706e-06,2.7141003676231413e-08,False,0,none,True,4.095733399997698,0.5410623000061605,0.00012603252702803047,ok,5.762354782041521e-05,7.952805151597145e-05,0.015876556745764152,0.0022707210961550694,,,,,547.5012395999802
115,115,115,115,152,152,152,1,2.840035593365542e-07,2.840035593365542e-07,0.15753444048952112,5.299089915037986e-05,5.2990899150379876e-05,0,2929,2.855392600685526e-07,0.9946217527788307,2929,2.855392600685526e-07,0.9946217812315149,2929,2.855392600685526e-07,0.9946217527788307,False,0,1730,-24.44291911214687,-24.442919112147123,True,False,accepted,exact-linear,True,7.57650967876836e-14,1.4136654489658081e-11,1.0535947856991983e-11,1.4362005277490653e-05,26432.397897870058,-1.3108126322575187e-07,-1.7763568394002505e-14,-2.5224267119483557e-13,1.4362005259727084e-05,1.4362005252621657e-05,7.105427357601002e-15,1.4362005259727084e-05,2.873401051945417e-07,False,0,none,True,4.230693899997277,0.5255143999820575,0.00011167052177540882,ok,5.3349340998169006e-05,7.362908567289498e-05,0.014944599144819786,0.0021374292357678325,,,,,552.367059399985
116,116,116,116,874,874,874,1,2.7881022690579016e-07,2.7881022690579016e-07,0.0947589866270237,6.027025210195489e-05,6.0270252101954835e-05,0,1653,2.8134428156070703e-07,0.9909930472343008,1653,2.8134428156070703e-07,0.990993009742825,1653,2.8134428156070703e-07,0.9909930472343008,False,0,1729,-24.442929812068755,-24.442929812068996,True,False,accepted,exact-linear,True,1.235517502028526e-13,2.670813732884711e-11,1.0462599651490505e-11,1.069992188007518e-05,26432.397897870058,-1.29928111242128e-07,-1.7763568394002505e-14,-2.4158453015843406e-13,1.0699921883627894e-05,1.0699921872969753e-05,1.0658141036401503e-14,1.0699921883627894e-05,2.1409843767255788e-07,False,0,none,True,4.092557900003158,0.5678256999817677,0.00010097059990243906,ok,4.969279958986609e-05,6.858257908853692e-05,0.014210601669988804,0.0020324503302461467,,,,,557.144656199991
117,117,117,117,332,332,332,1,2.745709996587742e-07,2.745709996587742e-07,6.844802982878677e-05,0.004625310174080083,0.00462531017408008,0,1653,2.8134428418567707e-07,0.9759252812030375,1653,2.8134428418567707e-07,0.9759252814811838,1653,2.8134428418567707e-07,0.9759252812030375,False,0,1728,-24.442929813830723,-24.442929813830936,True,False,accepted,exact-linear,True,4.5194771540213457e-14,7.613326246465725e-10,1.0005936271489901e-11,1.7619683490011084e-09,26432.397897870058,-1.2992801604744253e-07,-1.7763568394002505e-14,-2.1316282072803006e-13,1.7619683490011084e-09,1.761939927291678e-09,2.842170943040401e-14,1.7619683490011084e-09,1.3523936698002219e-10,False,0,none,True,4.103491899993969,0.5516436999896541,0.00010096883796251177,ok,4.969272723733159e-05,6.858247923255254e-05,0.014210477679908429,0.0020324325967478996,,,,,561.9111821999832
118,118,118,118,1551,1551,1551,1,2.715279250331548e-07,2.715279250331548e-07,0.09226191399701439,6.572165974617203e-05,6.572165974617207e-05,0,2764,2.719120872279418e-07,0.9985871823547698,2764,2.719120872279418e-07,0.9985872008334933,2764,2.719120872279418e-07,0.9985871823547698,False,0,1727,-24.442938348412582,-24.44293834841283,True,False,accepted,exact-linear,True,1.259115098425439e-13,3.047609440076466e-11,1.041314844411095e-11,8.534581859009904e-06,26432.397897870058,-1.294668293475021e-07,-1.7763568394002505e-14,-2.4868995751603507e-13,8.534581859009904e-06,8.534581894537041e-06,-3.552713678800501e-14,8.534581894537041e-06,1.7079163789074084e-07,False,0,none,True,4.100035199982813,0.5359383000177331,9.243425606797473e-05,ok,4.7506740548073495e-05,6.556553097767688e-05,0.01359663606276743,0.0019446388054327965,,,,,566.6647603999882
119,119,119,119,762,762,762,1,2.9121359101935695e-07,2.9121359101935695e-07,0.08013925251073704,5.675233479324077e-05,5.675233479324071e-05,0,2303,2.9124451389519785e-07,0.9998938250357841,2303,2.9124451389519785e-07,0.999893790981598,2303,2.9124451389519785e-07,0.9998938250357841,False,0,1726,-24.442951513562935,-24.442951513563166,True,False,accepted,exact-linear,True,7.823110961537183e-14,1.524584781644953e-11,1.0513130595013313e-11,1.3165150381411195e-05,26432.397897870058,-1.2959542568247162e-07,-1.7763568394002505e-14,-2.3092638912203256e-13,1.3165150352989485e-05,1.3165150335225917e-05,1.7763568394002505e-14,1.3165150352989485e-05,2.634030070597897e-07,False,0,none,True,4.046427900000708,0.5112017000210471,7.926910573274881e-05,ok,4.39216266329088e-05,6.061760369932851e-05,0.01259119579246479,0.001800837194714579,,,,,571.3358585999813
120,120,120,120,1163,1163,1163,1,2.6199361258250065e-07,2.6199361258250065e-07,0.16130058425218455,4.60381636380632e-05,4.6038163638063354e-05,0,2869,2.619823083552794e-07,1.0000431488190642,2869,2.619823083552794e-07,1.0000431631936813,2869,2.619823083552794e-07,1.0000431488190642,False,0,1725,-24.442967706106167,-24.44296770610644,True,False,accepted,exact-linear,True,9.722120461849616e-14,1.708395691555563e-11,1.0569078961619086e-11,1.619254322093866e-05,26432.397897870058,-1.3139707829429303e-07,-1.7763568394002505e-14,-2.7355895326763857e-13,1.61925432315968e-05,1.6192543274229365e-05,-4.263256414560601e-14,1.6192543274229365e-05,3.2395086548458734e-07,False,0,none,True,3.906003600015538,0.5322804999887012,6.307656245851945e-05,ok,3.837307069110177e-05,5.295986898027769e-05,0.01123179081844982,0.0016064103046688212,,,,,575.8845985999797
121,121,121,121,635,635,635,1,-2.3114291258785613e-07,2.3114291258785613e-07,0.012533460102443784,0.00018091753641706124,0.00018091753641706152,0,2868,2.3312961588104675e-07,0.991478117073704,2868,2.3312961588104675e-07,0.9914781139649549,2868,2.3312961588104675e-07,0.991478117073704,False,0,1724,-24.44296852225578,-24.442968522256045,True,False,accepted,exact-linear,True,1.0981756494687837e-13,8.595515396624453e-11,1.012776146615944e-11,8.161496118930245e-07,26432.397897870058,-1.3121472209470797e-07,-1.7763568394002505e-14,-2.6645352591003757e-13,8.161496118930245e-07,8.161496047875971e-07,7.105427357601002e-15,8.161496118930245e-07,1.6422992237860492e-08,False,0,none,True,3.887230800028192,0.5310744999733288,6.226041285373185e-05,ok,3.8242967585494946e-05,5.278030963559219e-05,0.011158889988061487,0.0015959837709977733,,,,,580.4131698999845
122,122,122,122,516,516,516,1,-2.178132234575969e-07,2.178132234575969e-07,0.04668278556271066,8.437776765268311e-05,8.437776765268303e-05,0,3202,2.1787892519912925e-07,0.9996984483860828,3202,2.1787892519912925e-07,0.9996984200140003,3202,2.1787892519912925e-07,0.9996984483860828,False,0,1723,-24.442971854080277,-24.442971854080554,True,False,accepted,exact-linear,True,1.0633202539754505e-13,4.1191540102998086e-11,1.0258140446149052e-11,3.331824490970803e-06,26432.397897870058,-1.3859669526633533e-07,-1.7763568394002505e-14,-2.7711166694643907e-13,3.33182449807623e-06,3.331824508734371e-06,-1.0658141036401503e-14,3.331824508734371e-06,6.673649017468742e-08,False,0,none,True,3.8933320000069216,0.5254172999993898,5.892858834499748e-05,ok,3.7076969698313355e-05,5.1171079667172255e-05,0.010856204528804436,0.001552692629924773,,,,,584.9442896999826
123,123,123,123,45,45,45,1,-1.9633506020966252e-07,1.9633506020966252e-07,0.22649228618306327,2.714883635062148e-05,2.7148836350621427e-05,0,1555,1.9652065695303606e-07,0.9990555865920095,1555,1.9652065695303606e-07,0.9990555891502462,1555,1.9652065695303606e-07,0.9990555865920095,False,0,1722,-24.442998003567574,-24.442998003567844,True,False,accepted,exact-linear,True,1.0562245201601977e-13,1.460527230279123e-11,1.0723180299732133e-11,2.6149487307947084e-05,36833.99122839791,-6.926859322242684e-08,-1.7763568394002505e-14,-2.7000623958883807e-13,2.6149487297288943e-05,2.6149487290183515e-05,7.105427357601002e-15,2.6149487297288943e-05,5.230897459457789e-07,False,0,none,True,3.905134000000544,0.5450522000028286,3.2779101054813964e-05,ok,2.0891764322322322e-05,2.8833374065463988e-05,0.008096801973178379,0.0011580331520429574,,,,,589.5089363000006
124,124,124,124,793,793,793,1,-1.874276693847321e-07,1.874276693847321e-07,0.009974346736526687,0.00027351671681154893,0.000273516716811549,0,952,1.8767406261508325e-07,0.9986871215610839,952,1.8767406261508325e-07,0.9986871475786272,952,1.8767406261508325e-07,0.9986871215610839,False,0,1721,-24.44299823835214,-24.442998238352352,True,False,accepted,exact-linear,True,4.954401983216533e-14,7.230052970515402e-11,1.0068525113210385e-11,2.3478456512293633e-07,36833.99122839791,-6.926779527738347e-08,-1.7763568394002505e-14,-2.1316282072803006e-13,2.3478456512293633e-07,2.3478450827951747e-07,5.684341886080802e-14,2.3478456512293633e-07,4.795691302458727e-09,False,0,none,True,3.839171300001908,0.5497224999999162,3.2544316546534446e-05,ok,2.0807096898246818e-05,2.871652191875851e-05,0.008067752665923557,0.0011538784177470708,,,,,594.0155728999816
125,125,125,125,1173,1173,1173,1,-1.858607301397086e-07,1.858607301397086e-07,0.010084932137430903,0.0002461295339125995,0.0002461295339125994,0,2659,1.8584787122475743e-07,1.0000691905420624,2659,1.8584787122475743e-07,1.0000691991539015,2659,1.8584787122475743e-07,1.0000691905420624,False,0,1720,-24.44299852346572,-24.44299852346597,True,False,accepted,exact-linear,True,1.55105741860317e-13,2.054016462025081e-10,1.0075513387905079e-11,2.8511359673188963e-07,36833.99122839791,-6.924852634371259e-08,-1.7763568394002505e-14,-2.4868995751603507e-13,2.851135825210349e-07,2.851136180481717e-07,-3.552713678800501e-14,2.851136180481717e-07,5.802272360963434e-09,False,0,none,True,3.9065945000038482,0.5424885000102222,3.2259202928486275e-05,ok,2.071125685500242e-05,2.8584250092660827e-05,0.008032335021833125,0.0011488128614743787,,,,,598.5808740999782
126,126,126,126,567,567,567,1,1.7990510459142683e-07,1.7990510459142683e-07,0.000185498298103073,0.0050248503515211195,0.00502485035152112,0,1707,1.812920457379726e-07,0.992349685608654,1707,1.812920457379726e-07,0.9923496848042459,1707,1.812920457379726e-07,0.992349685608654,False,0,1719,-24.44299852410665,-24.44299852410687,True,False,accepted,exact-linear,True,3.790637781927691e-14,1.0587464441498063e-09,1.000358030745026e-11,6.409308639376832e-10,36833.99122839791,-6.924863212021126e-08,-1.7763568394002505e-14,-2.2026824808563106e-13,6.409273112240044e-10,6.40898889514574e-10,2.842170943040401e-14,6.409273112240044e-10,1.1281854622448009e-10,False,0,none,True,3.84980060000089,0.5377837999840267,3.225856202959676e-05,ok,2.071110882774172e-05,2.858404579563192e-05,0.008032255227693992,0.0011488014490353986,,,,,603.0842045999889
127,127,127,127,1104,1104,1104,1,1.7723873391162215e-07,1.7723873391162215e-07,0.034616740922285574,0.00010547130771436117,0.00010547130771436104,0,1841,1.7855665311698802e-07,0.9926190417306804,1841,1.7855665311698802e-07,0.9926190528987512,1841,1.7855665311698802e-07,0.9926190417306804,False,0,1718,-24.442999936055067,-24.44299993605529,True,False,accepted,exact-linear,True,2.0570202973516866e-13,1.2240922887527128e-10,1.0168044543393675e-11,1.41194841773995e-06,36833.99122839791,-4.5584157282174687e-08,-1.7763568394002505e-14,-2.2382096176443156e-13,1.41194841773995e-06,1.4119484212926636e-06,-3.552713678800501e-15,1.4119484212926636e-06,2.8338968425853275e-08,False,0,none,True,3.887248900020495,0.557535799976904,3.0846613608304096e-05,ok,2.0263718980218426e-05,2.796658914488142e-05,0.007854503624416032,0.0011233787883223735,,,,,607.647281499987
128,128,128,128,842,842,842,1,1.4242782597762016e-07,1.4242782597762016e-07,0.08332509162050768,4.469950988220085e-05,4.469950988220075e-05,0,3302,1.422250380119035e-07,1.0014258246547256,3302,1.422250380119035e-07,1.0014257146777463,3302,1.422250380119035e-07,1.0014258246547256,False,0,1717,-24.443005012455252,-24.44300501245543,True,False,accepted,exact-linear,True,1.0572479090115953e-13,3.318057531334836e-11,1.0318634592386428e-11,5.076400171333262e-06,36833.99122839791,-4.7436597934436e-08,-1.7763568394002505e-14,-1.7763568394002505e-13,5.0764001855441165e-06,5.076400139358839e-06,4.618527782440651e-14,5.0764001855441165e-06,1.0162800371088233e-07,False,0,none,True,3.8788658999837935,0.5660582999989856,2.5770213468945258e-05,ok,1.7962997540344525e-05,2.479129189028636e-05,0.007179166165702263,0.0010267896450288035,,,,,612.2096623999823
129,129,129,129,606,606,606,1,1.376296885347017e-07,1.376296885347017e-07,0.029512321867118437,8.869447313979255e-05,8.869447313979255e-05,0,1712,1.3721673175126998e-07,1.0030095220762165,1712,1.3721673175126998e-07,1.0030095329741515,1712,1.3721673175126998e-07,1.0030095220762165,False,0,1716,-24.443006216383452,-24.443006216383658,True,False,accepted,exact-linear,True,1.2289153435669984e-13,7.919662507061698e-11,1.015517269106748e-11,1.2039281997999751e-06,36833.99122839791,-6.815199431187136e-08,-1.7763568394002505e-14,-2.0605739337042905e-13,1.2039281997999751e-06,1.2039282282216845e-06,-2.842170943040401e-14,1.2039282282216845e-06,2.4178564564433693e-08,False,0,none,True,3.862659899983555,0.5626960000081453,2.4566285240723573e-05,ok,1.7779827642955025e-05,2.4538493414892824e-05,0.0070094629200712355,0.0010025180887895597,,,,,616.7524492999946
130,130,130,130,1333,1333,1333,1,1.9598555756061842e-07,1.9598555756061842e-07,0.024970992038029216,0.00011468668964710335,0.00011468668964710335,0,3031,1.961759656972641e-07,0.9990294013032182,3031,1.961759656972641e-07,0.9990293716295011,3031,1.961759656972641e-07,0.9990294013032182,False,0,1715,-24.443007676514235,-24.443007676514497,True,False,accepted,exact-linear,True,9.754750067720743e-14,5.708280029990256e-11,1.0170887728290676e-11,1.4601307825046206e-06,36833.99122839791,-7.060175752360287e-08,-1.7763568394002505e-14,-2.6290081223123707e-13,1.4601307825046206e-06,1.4601308393480394e-06,-5.684341886080802e-14,1.4601308393480394e-06,2.930261678696079e-08,False,0,none,True,3.885674899996957,0.5763899000012316,2.3106154401375534e-05,ok,1.7186013655906803e-05,2.3718952252657334e-05,0.006797963582356275,0.0009722687081673843,,,,,621.3321794999938
131,131,131,131,511,511,511,1,1.1873017990993162e-07,1.1873017990993162e-07,0.040253983594744955,8.00949167097279e-05,8.009491670972791e-05,0,2033,1.1874330720323209e-07,0.9998894481414603,2033,1.1874330720323209e-07,0.9998894532899616,2033,1.1874330720323209e-07,0.9998894481414603,False,0,1714,-24.44300877522271,-24.443008775222957,True,False,accepted,exact-linear,True,9.772710783414358e-14,6.59263162177402e-11,1.0148236870252802e-11,1.0987084841929118e-06,36833.99122839791,-6.96195022256707e-08,-1.7763568394002505e-14,-2.4513724383723456e-13,1.0987084770874844e-06,1.098708459323916e-06,1.7763568394002505e-14,1.0987084770874844e-06,2.207416954174969e-08,False,0,none,True,3.9365936999965925,0.5719835000054445,2.2007445942051618e-05,ok,1.660161513200167e-05,2.291240566410245e-05,0.006634372003917293,0.0009488712641079971,,,,,625.9629784999997
132,132,132,132,819,819,819,1,-1.1500136876119171e-07,1.1500136876119171e-07,0.00034109356695553075,0.0012851015431113715,0.0012851015431113706,0,2432,1.1439354273855397e-07,1.0053134644498853,2432,1.1439354273855397e-07,1.0053134862076272,2432,1.1439354273855397e-07,1.0053134644498853,False,0,1713,-24.443008779226794,-24.443008779227018,True,False,accepted,exact-linear,True,3.776341050652136e-14,4.219933002697489e-10,1.0008948817548141e-11,4.004075293551068e-09,36833.99122839791,-6.961941072247679e-08,-1.7763568394002505e-14,-2.2382096176443156e-13,4.004082398978426e-09,4.004061082696353e-09,2.1316282072803006e-14,4.004082398978426e-09,1.8008164797956852e-10,False,0,none,True,3.845987700013211,0.5860882000124548,2.200344188096892e-05,ok,1.6601119642862677e-05,2.2911721824122756e-05,0.0066337684428094314,0.0009487849406713486,,,,,630.5173937999934
133,133,133,133,1545,1545,1545,1,-1.0910686931708824e-07,1.0910686931708824e-07,0.051419729783695814,7.958976007349336e-05,7.958976007349309e-05,0,3386,1.0936176148827997e-07,0.9976692751861075,3386,1.0936176148827997e-07,0.9976691151942265,3386,1.0936176148827997e-07,0.9976692751861075,False,0,1712,-24.443009718864836,-24.443009718865053,True,False,accepted,exact-linear,True,1.4516880320242933e-13,1.0589562086074155e-10,1.0137086691614314e-11,9.396380598047926e-07,36833.99122839791,-4.9047964620352325e-08,-1.7763568394002505e-14,-2.1671553440683056e-13,9.396380420412243e-07,9.396380349357969e-07,7.105427357601002e-15,9.396380420412243e-07,1.8892760840824486e-08,False,0,none,True,3.8893306000099983,0.5894849000032991,2.1063803846033125e-05,ok,1.617935079733566e-05,2.2329625515519196e-05,0.006490578375406407,0.000928305392617035,,,,,635.1163071999908
134,134,134,134,1106,1106,1106,1,-1.7827596332509188e-07,1.7827596332509188e-07,0.04369780941775411,0.0002059460760142961,0.0002059460760142959,0,1006,1.7834778318991994e-07,0.9995973044153199,1006,1.7834778318991994e-07,0.999597238474296,1006,1.7834778318991994e-07,0.9995973044153199,False,0,1711,-24.443010093535413,-24.44301009353566,True,False,accepted,exact-linear,True,1.6908316945972304e-13,1.9532624331512195e-10,1.0086564491585975e-11,3.7467057012463556e-07,36833.99122839791,-5.445286777039371e-08,-1.7763568394002505e-14,-2.4513724383723456e-13,3.746705772300629e-07,3.7467060565177235e-07,-2.842170943040401e-14,3.7467060565177235e-07,7.593412113035446e-09,False,0,none,True,3.8709993999800645,0.5765295999881346,2.0689133240381352e-05,ok,1.5907927786737945e-05,2.19550261722662e-05,0.006432594074497184,0.0009200122735592452,,,,,639.684774399997
135,135,135,135,1128,1128,1128,1,1.0792173799067939e-07,1.0792173799067939e-07,0.003968599949816551,0.0002960300486133634,0.00029603004861336303,0,2810,1.0830685695524641e-07,0.9964441866803858,2810,1.0830685695524641e-07,0.9964442477309082,2810,1.0830685695524641e-07,0.9964441866803858,False,0,1710,-24.443010159988717,-24.44301015998891,True,False,accepted,exact-linear,True,5.369777974009047e-14,1.472933035039349e-10,1.0036456361873e-11,6.645332462085207e-08,36833.99122839791,-5.4452799880255753e-08,-1.7763568394002505e-14,-1.9184653865522705e-13,6.645330330457e-08,6.645325001386482e-08,5.3290705182007514e-14,6.645330330457e-08,1.4290660660914001e-09,False,0,none,True,4.3492944999889005,0.5826542000286281,2.0622679990367487e-05,ok,1.5890072997706796e-05,2.193038422230676e-05,0.006422255047511412,0.000918533549484104,,,,,644.7433803000022
136,136,136,136,484,484,484,1,1.0073883816019702e-07,1.0073883816019702e-07,0.02986477708472307,8.243389589103794e-05,8.243389589103775e-05,0,1247,1.0103709919379031e-07,0.9970480047826669,1247,1.0103709919379031e-07,0.9970479440397632,1247,1.0103709919379031e-07,0.9970480047826669,False,0,1709,-24.443010906698397,-24.443010906698724,True,False,accepted,exact-linear,True,1.341136600830368e-13,1.097443389515943e-10,1.0122205538221148e-11,7.467096807545204e-07,36833.99122839791,-5.486186035325025e-08,-1.7763568394002505e-14,-3.268496584496461e-13,7.467096807545204e-07,7.467098157576402e-07,-1.3500311979441904e-13,7.467098157576402e-07,1.5034196315152806e-08,False,0,none,True,3.8861930000130087,0.593548800010467,1.9875970174609847e-05,ok,1.5733898178596744e-05,2.1714842494498023e-05,0.0063049139998930005,0.0009017510193335943,,,,,649.345625099988
137,137,137,137,810,810,810,1,1.1762158358408215e-07,1.1762158358408215e-07,0.0348247286523739,7.461048744040987e-05,7.461048744040974e-05,0,955,1.1791770082342011e-07,0.9974887804182903,955,1.1791770082342011e-07,0.9974887874155267,955,1.1791770082342011e-07,0.9974887804182903,False,0,1708,-24.44301214933567,-24.44301214933594,True,False,accepted,exact-linear,True,7.755444664659376e-14,4.919483588413342e-11,1.0157647536073205e-11,1.24263727840912e-06,36833.99122839791,-5.3600052958568956e-08,-1.7763568394002505e-14,-2.7000623958883807e-13,1.2426372713036926e-06,1.2426372144602738e-06,5.684341886080802e-14,1.2426372713036926e-06,2.4952745426073855e-08,False,0,none,True,3.834986599977128,0.599927100003697,1.8633332960149573e-05,ok,1.5404104407953176e-05,2.125968384888447e-05,0.006104642985420907,0.0008731075530712078,,,,,653.9099942999892
138,138,138,138,1182,1182,1182,1,1.1805464783520847e-07,1.1805464783520847e-07,0.04044839132985126,7.857228422613005e-05,7.857228422613e-05,0,3140,1.17944162214944e-07,1.0009367620930922,3140,1.17944162214944e-07,1.0009367672107914,3140,1.17944162214944e-07,1.0009367620930922,False,0,1707,-24.44301327808312,-24.443013278083356,True,False,accepted,exact-linear,True,1.3326617546032966e-13,8.869651327439107e-11,1.0150249621479548e-11,1.128747442180611e-06,36833.99122839791,-5.6560975722486084e-08,-1.7763568394002505e-14,-2.3447910280083306e-13,1.128747452838752e-06,1.1287474173116152e-06,3.552713678800501e-14,1.128747452838752e-06,2.267494905677504e-08,False,0,none,True,3.851513400004478,0.5905748999794014,1.7504585542837958e-05,ok,1.4740744747690617e-05,2.0344160538875993e-05,0.00591685483267394,0.0008462494296834465,,,,,658.4758091999975
139,139,139,139,25,25,25,1,9.243361664967864e-08,9.243361664967864e-08,3.7409073163588944e-05,0.003167905822605612,0.00316790582260561,0,2682,1.0099035393516531e-07,0.915271736833599,2682,1.0099035393516531e-07,0.9152717394630784,2682,1.0099035393516531e-07,0.915271736833599,False,0,1706,-24.443013278508793,-24.44301327850904,True,False,accepted,exact-linear,True,3.185321590086992e-14,1.0916808372919187e-09,1.0002917813962904e-11,4.256790475665184e-10,36833.99122839791,-5.656092987721406e-08,-1.7763568394002505e-14,-2.4513724383723456e-13,4.256719421391608e-10,4.256826002801972e-10,-1.0658141036401503e-14,4.256826002801972e-10,1.0851365200560395e-10,False,0,none,True,3.8231377999763936,0.5947112000139896,1.7504159860237678e-05,ok,1.4740731035960763e-05,2.034414161489093e-05,0.0059167828882856635,0.0008462391399434968,,,,,663.0193366000021
140,140,140,140,584,584,584,1,8.561848185983933e-08,8.561848185983933e-08,0.004983175384539611,0.0002855840139283117,0.00028558401392831176,0,1098,8.921446455071162e-08,0.9596928288592905,1098,8.921446455071162e-08,0.9596928649924746,1098,8.921446455071162e-08,0.9596928288592905,False,0,1705,-24.44301332344923,-24.443013323449453,True,False,accepted,exact-linear,True,7.202852544282606e-14,2.4025417270133716e-10,1.0029980135051542e-11,4.494042826763689e-08,36833.99122839791,-5.6560924568960225e-08,-1.7763568394002505e-14,-2.2382096176443156e-13,4.494043537306425e-08,4.4940414056782174e-08,2.1316282072803006e-14,4.494043537306425e-08,9.98808707461285e-10,False,0,none,True,3.8344800999911968,0.6115613000001758,1.7459219446180896e-05,ok,1.4742382969142696e-05,2.0346421499281304e-05,0.005909182591353804,0.0008451521186921906,,,,,667.5936017999775
141,141,141,141,1582,1582,1582,1,1.1354263396157194e-07,1.1354263396157194e-07,0.003919377130590294,0.0002637383405408442,0.0002637383405408443,0,2052,1.1423926248832849e-07,0.9939020218479814,2052,1.1423926248832849e-07,0.9939020261067567,2052,1.1423926248832849e-07,0.9939020218479814,False,0,1704,-24.443013416119566,-24.443013416119804,True,False,accepted,exact-linear,True,7.599061056703177e-14,1.765121224591305e-10,1.0043051213428486e-11,9.267034783988493e-08,36833.99122839791,-5.656095272005279e-08,-1.7763568394002505e-14,-2.3803181647963356e-13,9.267033718174389e-08,9.26703513925986e-08,-1.4210854715202004e-14,9.26703513925986e-08,1.953407027851972e-09,False,0,none,True,3.8523717999923974,0.5999852000095416,1.7366549094788297e-05,ok,1.4725580283959493e-05,2.0323231590582505e-05,0.005893479294995606,0.00084290617790725,,,,,672.1732656999957
142,142,142,142,8,8,8,1,1.0501791436468011e-07,1.0501791436468011e-07,0.006198742649149656,0.00016351747026726853,0.0001635174702672686,0,2977,1.0704373214816618e-07,0.9810748584449391,2977,1.0704373214816618e-07,0.9810748602471933,2977,1.0704373214816618e-07,0.9810748584449391,False,0,1703,-24.443013622357434,-24.443013622357704,True,False,accepted,exact-linear,True,6.906408724576356e-14,1.0753580245279121e-10,1.0064224272912347e-11,2.062378570144574e-07,36833.99122839791,-5.6561001174348924e-08,-1.7763568394002505e-14,-2.7000623958883807e-13,2.0623786767259844e-07,2.0623789964702155e-07,-3.197442310920451e-14,2.0623789964702155e-07,4.224757992940431e-09,False,0,none,True,3.826871099998243,0.6034495999920182,1.7160311195141276e-05,ok,1.4674639709479477e-05,2.025292691853896e-05,0.0058583805339985666,0.0008378862294183469,,,,,676.7328049999778
143,143,143,143,1740,1740,1740,1,-8.554114394598855e-08,8.554114394598855e-08,0.00036095236008862417,0.0011542734267471272,0.0011542734267471272,0,1098,8.921895513784773e-08,0.9587776926307109,1098,8.921895513784773e-08,0.9587776886285326,1098,8.921895513784773e-08,0.9587776926307109,False,0,1702,-24.44301362510344,-24.443013625103713,True,False,accepted,exact-linear,True,6.029809907580918e-14,8.136486865654972e-10,1.0007410827310535e-11,2.7460131946099864e-09,36833.99122839791,-5.6560968700325454e-08,-1.7763568394002505e-14,-2.7355895326763857e-13,2.7460060891826288e-09,2.7460096418963076e-09,-3.552713678800501e-15,2.7460096418963076e-09,1.5492019283792615e-10,False,0,none,True,3.8513343000086024,0.6145033999928273,1.715756518549938e-05,ok,1.4674230985990874e-05,2.0252362826533397e-05,0.005857911781939537,0.0008378191868469412,,,,,681.328861099988
144,144,144,144,559,559,559,1,7.829830706018726e-08,7.829830706018726e-08,4.073524824116327e-05,0.003366984889537404,0.0033669848895374033,0,1098,8.46377492033877e-08,0.9250991170858464,1098,8.46377492033877e-08,0.925099115536292,1098,8.46377492033877e-08,0.9250991170858464,False,0,1701,-24.44301362537385,-24.443013625374093,True,False,accepted,exact-linear,True,3.11742992190826e-14,1.3405575628400434e-09,1.0002325472630435e-11,2.703970380935061e-10,36833.99122839791,-5.656097278039507e-08,-1.7763568394002505e-14,-2.4158453015843406e-13,2.7041124894822133e-10,2.703792745251121e-10,3.197442310920451e-14,2.7041124894822133e-10,1.0540822497896443e-10,False,0,none,True,3.844217400008347,0.6276231999800075,1.7157294806224854e-05,ok,1.4674223368739563e-05,2.0252352313727825e-05,0.005857865623474939,0.0008378125851006678,,,,,685.9307400999824
145,145,145,145,1804,1804,1804,1,-7.685338943019815e-08,7.685338943019815e-08,0.06719366768635748,6.123267941133242e-05,6.123267941133264e-05,0,2566,7.678084097800492e-08,1.0009448770196983,2566,7.678084097800492e-08,1.0009450678765826,2566,7.678084097800492e-08,1.0009448770196983,False,0,1700,-24.443014413018098,-24.443014413018325,True,False,accepted,exact-linear,True,1.206995021254878e-13,9.616685701384485e-11,1.0125510499015383e-11,7.876442609244805e-07,36833.99122839791,-5.7017847228391094e-08,-1.7763568394002505e-14,-2.2737367544323206e-13,7.876442467136258e-07,7.87644232502771e-07,1.4210854715202004e-14,7.876442467136258e-07,1.5852884934272516e-08,False,0,none,True,3.844458899984602,0.6225868000183254,1.6369650573722083e-05,ok,1.4095421045908247e-05,1.9453529216421335e-05,0.005721826730652859,0.0008183558232362862,,,,,690.5316044999927
146,146,146,146,1123,1123,1123,1,-8.721988464799324e-08,8.721988464799324e-08,0.05839635711617368,4.1031626274111e-05,4.103162627411102e-05,0,2867,8.737674457519592e-08,0.9982047863196861,2867,8.737674457519592e-08,0.9982048153149754,2867,8.737674457519592e-08,0.9982047863196861,False,0,1699,-24.443016672264736,-24.443016672264974,True,False,accepted,exact-linear,True,8.238298929120335e-14,3.875615890950479e-11,1.0212567477297135e-11,2.2592466173421144e-06,36833.99122839791,-5.4927716708341734e-08,-1.7763568394002505e-14,-2.3803181647963356e-13,2.2592466386583965e-06,2.2592466493165375e-06,-1.0658141036401503e-14,2.2592466493165375e-06,4.5284932986330754e-08,False,0,none,True,3.8690444999956526,0.6215300000039861,1.4110403924405546e-05,ok,1.279081349982544e-05,1.7652999744401556e-05,0.005312326034969531,0.0007597875906233555,,,,,695.1545252999931
147,147,147,147,1469,1469,1469,1,6.48671532044176e-08,6.48671532044176e-08,0.006256788631251133,0.00017807767326849283,0.00017807767326849264,0,2863,6.529302004736504e-08,0.9934776053759115,2863,6.529302004736504e-08,0.9934776079824876,2863,6.529302004736504e-08,0.9934776053759115,False,0,1698,-24.443016738608378,-24.443016738608662,True,False,accepted,exact-linear,True,4.5156726740458006e-14,1.2396747503105694e-10,1.0036426269655928e-11,6.63436523495875e-08,36833.99122839791,-5.4927644724256375e-08,-1.7763568394002505e-14,-2.8421709430404007e-13,6.634364169144646e-08,6.634368787672429e-08,-4.618527782440651e-14,6.634368787672429e-08,1.4268737575344859e-09,False,0,none,True,3.89003040001262,0.6471199999796227,1.4044060236528821e-05,ok,1.2779393742783775e-05,1.7637238982340537e-05,0.005299822694180001,0.0007579993187607694,,,,,699.8235351000039
148,148,148,148,504,504,504,1,8.414235908027479e-08,8.414235908027479e-08,0.005058716267127202,0.00016724323118591503,0.00016724323118591492,0,2454,8.436922371952411e-08,0.9973110498206845,2454,8.436922371952411e-08,0.997311119029638,2454,8.436922371952411e-08,0.9973110498206845,False,0,1697,-24.4430168651698,-24.44301686517001,True,False,accepted,exact-linear,True,4.450397310998119e-14,8.84571884241042e-11,1.0050311313193234e-11,1.2656140668809712e-07,36833.99122839791,-5.4927619785871684e-08,-1.7763568394002505e-14,-2.0961010704922955e-13,1.2656142089895184e-07,1.2656134629196458e-07,7.460698725481052e-14,1.2656142089895184e-07,2.6312284179790367e-09,False,0,none,True,3.9057232000050135,0.6371661000011954,1.3917498890236857e-05,ok,1.2751116135172917e-05,1.7598212176114836e-05,0.005275888339036868,0.0007545761429414357,,,,,704.4990165999916
149,149,149,149,1154,1154,1154,1,-6.448225708943767e-08,6.448225708943767e-08,0.01890482344630438,8.203977574899409e-05,8.203977574899413e-05,0,3373,6.475475014244689e-08,0.9957919217909142,3373,6.475475014244689e-08,0.9957919730131851,3373,6.475475014244689e-08,0.9957919217909142,False,0,1696,-24.443017174058635,-24.443017174058824,True,False,accepted,exact-linear,True,7.016714188011656e-14,8.927249562766641e-11,1.0078598835382363e-11,3.0888884694491026e-07,36833.99122839791,-5.5015875605191056e-08,-1.7763568394002505e-14,-1.8829382497642655e-13,3.088888362867692e-07,3.0888881497048715e-07,2.1316282072803006e-14,3.088888362867692e-07,6.277776725735385e-09,False,0,none,True,3.905330400011735,0.6417989000037778,1.360861007526637e-05,ok,1.2614049156939381e-05,1.7409041774110652e-05,0.005217012561380459,0.0007461555217376213,,,,,709.1775823999778
150,150,150,150,1462,1462,1462,1,-5.961075943972105e-08,5.961075943972105e-08,0.01869083419950931,8.215060863445447e-05,8.215060863445449e-05,0,361,5.967468041763125e-08,0.9989288425599794,361,5.967468041763125e-08,0.9989287622705951,361,5.967468041763125e-08,0.9989288425599794,False,0,1695,-24.443017437326723,-24.44301743732689,True,False,accepted,exact-linear,True,6.364247376908685e-14,8.77067387073508e-11,1.0072562809548125e-11,2.6326807756049675e-07,36833.99122839791,-5.5016598249357784e-08,-1.7763568394002505e-14,-1.6697754290362354e-13,2.632680882186378e-07,2.632680669023557e-07,2.1316282072803006e-14,2.632680882186378e-07,5.365361764372756e-09,False,0,none,True,3.82999899997958,0.6392483999952674,1.3345342008364014e-05,ok,1.2496743074508416e-05,1.7247143999336685e-05,0.005166302733249613,0.000738902823412474,,,,,713.7831229000003
151,151,151,151,108,108,108,1,-5.653603463162682e-08,5.653603463162682e-08,0.0010393467521878626,0.00039787993369972666,0.00039787993369972666,0,2756,5.7288260815231e-08,0.9868694533068424,2756,5.7288260815231e-08,0.9868694384151112,2756,5.7288260815231e-08,0.9868694533068424,False,0,1694,-24.443017447421944,-24.44301744742222,True,False,accepted,exact-linear,True,4.939067773132614e-14,3.475934063071677e-10,1.0014209325273471e-11,1.0095234870277636e-08,36833.99122839791,-5.50166261159557e-08,-1.7763568394002505e-14,-2.7711166694643907e-13,1.0095220659422921e-08,1.0095330793546964e-08,-1.1013412404281553e-13,1.0095330793546964e-08,3.019066158709393e-10,False,0,none,True,3.8620038000226486,0.6405062999983784,1.3335246677570467e-05,ok,1.249484835005312e-05,1.7244529031154597e-05,0.005164348307288453,0.0007386232945239408,,,,,718.4209499999997
152,152,152,152,1380,1380,1380,1,5.2457383215021025e-08,5.2457383215021025e-08,0.0001413950066365439,0.0018020557576617332,0.0018020557576617342,0,1685,5.375942781052112e-08,0.9757801626890591,1685,5.375942781052112e-08,0.9757801706291986,1685,5.375942781052112e-08,0.9757801626890591,False,0,1693,-24.443017447845648,-24.44301744784579,True,False,accepted,exact-linear,True,2.9485854981245966e-14,1.0129187958551378e-09,1.0002910979152712e-11,4.2368952790639014e-10,36833.99122839791,-5.501663472018414e-08,-1.7763568394002505e-14,-1.4210854715202004e-13,4.2370373876110534e-10,4.235687356413109e-10,1.3500311979441904e-13,4.2370373876110534e-10,1.0847407477522212e-10,False,0,none,True,3.9034345999825746,0.6634425999945961,1.3334823108834826e-05,ok,1.2494787246423005e-05,1.724444470013321e-05,0.005164266265311068,0.000738611560591212,,,,,723.1268372999912
153,153,153,153,339,339,339,1,-3.49305278035672e-08,3.49305278035672e-08,0.1327299933778105,1.9345006764925045e-05,1.934500676492503e-05,0,2438,4.126354330783989e-08,0.8465227414663286,2438,4.126354330783989e-08,0.8465226476521441,2438,4.126354330783989e-08,0.8465227414663286,False,0,1692,-24.443019078055197,-24.443019078055436,True,False,accepted,exact-linear,True,1.0377065446571667e-13,5.7469555807540564e-11,1.0180566306816835e-11,1.6302095637854563e-06,51692.925836197115,-5.989352200308495e-08,-1.7763568394002505e-14,-2.3803181647963356e-13,1.6302095495746016e-06,1.630209645497871e-06,-9.592326932761353e-14,1.630209645497871e-06,3.270419290995742e-08,False,0,none,True,3.897584599995753,0.6482280000054743,1.1704613463336955e-05,ok,1.1380994840752881e-05,1.5707265141313172e-05,0.004838308272784054,0.000691991899795497,,,,,727.8058100999915
154,154,154,154,277,277,277,1,3.4901245088425625e-08,3.4901245088425625e-08,2.8788234213976142e-06,0.009350382145290437,0.009350382145290444,0,2438,4.1263489039693986e-08,0.8458142028380559,2438,4.1263489039693986e-08,0.8458142018546929,2438,4.1263489039693986e-08,0.8458142028380559,False,0,1691,-24.443019078062175,-24.44301907806235,True,False,accepted,exact-linear,True,2.2601606539650684e-14,6.055183540820871e-09,1.000037326046993e-11,6.977529665164184e-12,51692.925836197115,-5.98935132947731e-08,-1.7763568394002505e-14,-1.7408297026122455e-13,6.977529665164184e-12,6.913580818945775e-12,6.394884621840902e-14,6.977529665164184e-12,1.0013955059330328e-10,False,0,none,True,3.847690700000385,0.659123899997212,1.1704606549756136e-05,ok,1.1380994697049462e-05,1.570726494298361e-05,0.004838306832989939,0.0006919916938710685,,,,,732.4501567999832
155,155,155,155,608,608,608,1,-3.4620589950407066e-08,3.4620589950407066e-08,0.13697901091821538,1.992210737989017e-05,1.9922107379890156e-05,0,423,3.635664035032545e-08,0.9522494272520743,423,3.635664035032545e-08,0.9522496501153286,423,3.635664035032545e-08,0.9522494272520743,False,0,1690,-24.443020588037964,-24.44302058803816,True,False,accepted,exact-linear,True,9.049555840349673e-14,5.2074759596769015e-11,1.017378007907138e-11,1.509975792401974e-06,51692.925836197115,-5.98735604082079e-08,-1.7763568394002505e-14,-1.9539925233402755e-13,1.5099757888492604e-06,1.5099758101655425e-06,-2.1316282072803006e-14,1.5099758101655425e-06,3.0299516203310855e-08,False,0,none,True,3.8330232999869622,0.6521928999864031,1.0194630739590593e-05,ok,1.0474690741916366e-05,1.4456446651517394e-05,0.004515446982726337,0.0006458151402999912,,,,,737.0758012000006
156,156,156,156,1203,1203,1203,1,-3.893125111176232e-08,3.893125111176232e-08,0.1072241633050553,4.530025894380768e-05,4.5300258943807636e-05,0,1393,3.8955673685642783e-08,0.9993730676030007,1393,3.8955673685642783e-08,0.9993724084083385,1393,3.8955673685642783e-08,0.9993730676030007,False,0,1689,-24.443020957325103,-24.443020957325345,True,False,accepted,exact-linear,True,1.1534169605936572e-13,1.34211349725208e-10,1.0085940344311805e-11,3.6928712532358077e-07,51692.925836197115,-5.987368972837359e-08,-1.7763568394002505e-14,-2.4158453015843406e-13,3.692871395344355e-07,3.692871857197133e-07,-4.618527782440651e-14,3.692871857197133e-07,7.485743714394266e-09,False,0,none,True,3.844775600009598,0.692642900015926,9.82534355387088e-06,ok,1.006694798808938e-05,1.3893708188542572e-05,0.004432909561083136,0.0006340103473874811,,,,,741.7541717999848
157,157,157,157,324,324,324,1,-3.456183628181009e-08,3.456183628181009e-08,0.0016375073595045605,0.00034133503628744826,0.0003413350362874484,0,423,3.635661501522865e-08,0.9506340529043535,423,3.635661501522865e-08,0.9506340088123658,423,3.635661501522865e-08,0.9506340529043535,False,0,1688,-24.443020962451385,-24.443020962451637,True,False,accepted,exact-linear,True,3.826484147779752e-14,3.7790553772474804e-10,1.0010125504301466e-11,5.126285174128498e-09,51692.925836197115,-5.987356084535822e-08,-1.7763568394002505e-14,-2.5224267119483557e-13,5.126281621414819e-09,5.126292279555855e-09,-1.0658141036401503e-14,5.126292279555855e-09,2.025258455911171e-10,False,0,none,True,3.8745679999992717,0.6878427999909036,9.820217261591324e-06,ok,1.0066245875202722e-05,1.3892739180698867e-05,0.004431752993224378,0.0006338449309764752,,,,,746.4559526999947
158,158,158,158,463,463,463,1,-3.312566509983128e-08,3.312566509983128e-08,0.0020438130138978835,0.00026208882676159403,0.0002620888267615938,0,3687,3.3054639001406976e-08,1.0021487482716505,3687,3.3054639001406976e-08,1.0021486919378892,3687,3.3054639001406976e-08,1.0021487482716505,False,0,1687,-24.443020970438717,-24.443020970438887,True,False,accepted,exact-linear,True,4.5579302380566935e-14,3.60622056978516e-10,1.0012639077809731e-11,7.987310368662293e-09,51692.925836197115,-5.987363694420766e-08,-1.7763568394002505e-14,-1.7053025658242404e-13,7.987331684944365e-09,7.987249972529753e-09,8.171241461241152e-14,7.987331684944365e-09,2.597466336988873e-10,False,0,none,True,3.882683599978918,0.6650063999986742,9.812230011618794e-06,ok,1.0065053827870268e-05,1.38910939990804e-05,0.004429950334249653,0.0006335871083371819,,,,,751.1421272000007
159,159,159,159,792,792,792,1,3.002991233458374e-08,3.002991233458374e-08,0.0031736162818372477,0.0002111678643518939,0.00021116786435189397,0,1613,3.0536635015049966e-08,0.9834060733863935,1613,3.0536635015049966e-08,0.9834059488635296,1613,3.0536635015049966e-08,0.9834060733863935,False,0,1686,-24.443020980550312,-24.4430209805506,True,False,accepted,exact-linear,True,5.798245879085286e-14,4.077287789089477e-10,1.0014220840369916e-11,1.011160222219587e-08,51692.925836197115,-5.987355828490637e-08,-1.7763568394002505e-14,-2.877698079828406e-13,1.0111595116768513e-08,1.0111712356319913e-08,-1.1723955140041653e-13,1.0111712356319913e-08,3.022342471263983e-10,False,0,none,True,3.8075575999973807,0.6782052999769803,9.802118299262474e-06,ok,1.0061672303687884e-05,1.3886427052327707e-05,0.004427667188680426,0.0006332605648118662,,,,,755.7713446999842
160,160,160,160,604,604,604,1,2.702428369971699e-08,2.702428369971699e-08,0.07464941693586259,2.8350115509469666e-05,2.835011550946968e-05,0,2102,2.703394580131369e-08,0.9996425937350133,2102,2.703394580131369e-08,0.9996425064415299,2102,2.703394580131369e-08,0.9996425937350133,False,0,1685,-24.443021434889133,-24.44302143488926,True,False,accepted,exact-linear,True,9.869127944210817e-14,1.0353182436907125e-10,1.0095324582603985e-11,4.5433880657697046e-07,51692.925836197115,-5.990509881204087e-08,-1.7763568394002505e-14,-1.2789769243681803e-13,4.5433882078782517e-07,4.543386609157096e-07,1.5987211554602254e-13,4.5433882078782517e-07,9.186776415756503e-09,False,0,none,True,3.8716661000216845,0.6876733000099193,9.347779638346765e-06,ok,9.788992959251052e-06,1.3510093803647891e-05,0.004323836159018894,0.0006184102850400354,,,,,760.4929242999933
161,161,161,161,593,593,593,1,2.6360613858411597e-08,2.6360613858411597e-08,0.00015107176536577886,0.001303210241274886,0.0013032102412748863,0,1370,2.6206843848028582e-08,1.0058675516698887,1370,2.6206843848028582e-08,1.0058675443705014,1370,2.6206843848028582e-08,1.0058675516698887,False,0,1684,-24.443021435093705,-24.443021435093993,True,False,accepted,exact-linear,True,4.177937311652005e-14,2.0654792423175923e-09,1.0002022744758724e-11,2.0458656990740565e-10,51692.925836197115,-5.990511602743664e-08,-1.7763568394002505e-14,-2.877698079828406e-13,2.0457235905269044e-10,2.0473223116823647e-10,-1.5987211554602254e-13,2.0473223116823647e-10,1.0409464462336474e-10,False,0,none,True,3.787959100009175,0.6989047999959439,9.347574906115597e-06,ok,9.78896160051163e-06,1.3510050524475772e-05,0.004323788845492005,0.0006184035180926828,,,,,765.1275112000003
162,162,162,162,1693,1693,1693,1,2.6153851084842472e-08,2.6153851084842472e-08,0.1782192773597714,1.6686228811676575e-05,1.6686228811676592e-05,0,1055,2.6190950429502144e-08,0.9985835052164475,1055,2.6190950429502144e-08,0.9985833611248515,1055,2.6190950429502144e-08,0.9985835052164475,False,0,1683,-24.44302266343486,-24.44302266343501,True,False,accepted,exact-linear,True,1.7129880567483036e-13,1.0928985152432787e-10,1.0156738071546103e-11,1.228341144354772e-06,59929.65883940346,-6.039858818640553e-08,-1.7763568394002505e-14,-1.4921397450962104e-13,1.228341155012913e-06,1.2283410164570796e-06,1.3855583347321954e-13,1.228341155012913e-06,2.4666823100258262e-08,False,0,none,True,3.8491954999917652,0.6843742999772076,8.119233889658517e-06,ok,9.189684531635317e-06,1.2682969593005412e-05,0.004029698226348106,0.0005763416413416345,,,,,769.8033315999783
163,163,163,163,188,188,188,1,2.6071941938710097e-08,2.6071941938710097e-08,0.20369957875545305,2.6304444760952667e-05,2.630444476095267e-05,0,2266,2.607995718141548e-08,0.9996926665695949,2266,2.607995718141548e-08,0.9996924486375859,2266,2.607995718141548e-08,0.9996926665695949,False,0,1682,-24.443023154636016,-24.44302315463617,True,False,accepted,exact-linear,True,6.8660244661009e-14,6.927246776281251e-11,1.009911621005924e-11,4.912011632995927e-07,59929.65883940346,-1.1994022240668922e-08,-1.7763568394002505e-14,-1.5276668818842154e-13,4.912011561941654e-07,4.912011597468791e-07,-3.552713678800501e-15,4.912011597468791e-07,9.924023194937581e-09,False,0,none,True,3.841215499996906,0.6982233999879099,7.628032729911638e-06,ok,8.512613045380694e-06,1.1748522165251301e-05,0.003905901365511786,0.0005586357780338486,,,,,774.4880217000027
164,164,164,164,755,755,755,1,-2.381027686126913e-08,2.381027686126913e-08,0.05275399088747402,3.381557552168461e-05,3.38155755216846e-05,0,235,2.4375152954744635e-08,0.9768257415851189,235,2.4375152954744635e-08,0.9768254568107594,235,2.4375152954744635e-08,0.9768257415851189,False,0,1681,-24.44302340252677,-24.44302340252691,True,False,accepted,exact-linear,True,9.908944017834293e-14,1.4072855154077097e-10,1.0070411753047593e-11,2.4789074615227946e-07,59929.65883940346,-1.201185826499307e-08,-1.7763568394002505e-14,-1.4210854715202004e-13,2.478907532577068e-07,2.478907425995658e-07,1.0658141036401503e-14,2.478907532577068e-07,5.057815065154137e-09,False,0,none,True,3.814339500007918,0.6996073999907821,7.380141987312072e-06,ok,8.417549224394944e-06,1.1617321627647796e-05,0.00384191149734279,0.0005494837215824214,,,,,779.1468194999907
165,165,165,165,1615,1615,1615,1,-2.67600506198562e-08,2.67600506198562e-08,0.058842449522293956,3.1524127333464565e-05,3.15241273334646e-05,0,1165,2.6733748916826092e-08,1.000983838933774,1165,2.6733748916826092e-08,1.0009833808439992,1165,2.6733748916826092e-08,1.000983838933774,False,0,1680,-24.44302376281912,-24.443023762819315,True,False,accepted,exact-linear,True,5.909829379039087e-14,6.961974181123682e-11,1.0084887263659532e-11,3.6029236127888e-07,59929.65883940346,-1.2015527323105957e-08,-1.7763568394002505e-14,-1.9539925233402755e-13,3.6029235062073894e-07,3.602924039114441e-07,-5.3290705182007514e-14,3.602924039114441e-07,7.305848078228883e-09,False,0,none,True,3.8524163000111002,0.694925299991155,7.019849583400628e-06,ok,8.3097636288806e-06,1.1468563373132485e-05,0.0037469586573648083,0.0005359032317866498,,,,,783.8386160999944
166,166,166,166,69,69,69,1,-2.7293843629649928e-08,2.7293843629649928e-08,0.06572807040737076,3.0479249491933705e-05,3.04792494919337e-05,0,458,2.73752949057098e-08,0.9970246429731471,458,2.73752949057098e-08,0.9970244985228642,458,2.73752949057098e-08,0.9970246429731471,False,0,1679,-24.443024163772353,-24.443024163772492,True,False,accepted,exact-linear,True,7.231038110753037e-14,8.074930726160654e-11,1.0089549227801129e-11,4.009532013071748e-07,59929.65883940346,-1.2016582756624317e-08,-1.7763568394002505e-14,-1.3855583347321954e-13,4.0095323328159793e-07,4.0095317643817907e-07,5.684341886080802e-14,4.0095323328159793e-07,8.119064665631958e-09,False,0,none,True,3.842072700004792,0.6963395000202581,6.618896406962449e-06,ok,7.97537510287943e-06,1.1007063362667162e-05,0.003638377764029052,0.0005203736097731961,,,,,788.5327318999916
167,167,167,167,1018,1018,1018,1,2.16461004676205e-08,2.16461004676205e-08,0.1918455740750078,1.2924581754886985e-05,1.2924581754886992e-05,0,1997,2.1630338138077168e-08,1.0007287139684415,1997,2.1630338138077168e-08,1.0007285389109808,1997,2.1630338138077168e-08,1.0007287139684415,False,0,1678,-24.443025566216868,-24.44302556621699,True,False,accepted,exact-linear,True,1.0042559105917744e-13,5.996344169389215e-11,1.016747803031694e-11,1.402444528508795e-06,77371.94278042199,-1.175042314838226e-08,-1.7763568394002505e-14,-1.2079226507921703e-13,1.4024445142979403e-06,1.4024444965343719e-06,1.7763568394002505e-14,1.4024445142979403e-06,2.8148890285958807e-08,False,0,none,True,3.8416935999994166,0.7048737999866717,5.216451910428077e-06,ok,6.532788439100448e-06,9.016104616586234e-06,0.0032300005771854234,0.00046196606535386264,,,,,793.2258340999833
168,168,168,168,483,483,483,1,-2.1337719369185493e-08,2.1337719369185493e-08,0.0016509989558289079,0.000296184316755073,0.0002961843167550729,0,3102,2.1353270746984092e-08,0.9992717098011415,3102,2.1353270746984092e-08,0.9992716449434509,3102,2.1353270746984092e-08,0.9992717098011415,False,0,1677,-24.443025568811912,-24.443025568811976,True,False,accepted,exact-linear,True,4.84845011028803e-14,6.730027388728393e-10,1.0007204205614984e-11,2.595026415974644e-09,77371.94278042199,-1.1750488262962655e-08,-1.7763568394002505e-14,-6.394884621840902e-14,2.595044179543038e-09,2.594987336124177e-09,5.684341886080802e-14,2.595044179543038e-09,1.5190088359086076e-10,False,0,none,True,3.8161527999909595,0.7340900999843143,5.213856923091953e-06,ok,6.532521818335633e-06,9.015736644971824e-06,0.0032291970628869292,0.0004618511439072373,,,,,797.9256979999773
169,169,169,169,613,613,613,1,-1.8784288124962245e-08,1.8784288124962245e-08,0.0026991642855461527,0.00023018983934359734,0.00023018983934359758,0,1576,2.030392097198669e-08,0.9251556953397778,1576,2.030392097198669e-08,0.9251559112687407,1576,2.030392097198669e-08,0.9251556953397778,False,0,1676,-24.44302557214144,-24.443025572141593,True,False,accepted,exact-linear,True,2.5571122048306685e-14,3.1335873140854767e-10,1.0008160334940522e-11,3.32954286363929e-09,77371.94278042199,-1.1750458987769274e-08,-1.7763568394002505e-14,-1.5276668818842154e-13,3.3295286527845747e-09,3.3296174706265447e-09,-8.881784197001252e-14,3.3296174706265447e-09,1.6659234941253092e-10,False,0,none,True,3.8191179999848828,0.7156428000016604,5.210527305621326e-06,ok,6.530676042947153e-06,9.01318923292008e-06,0.00322816582041797,0.000461703651975138,,,,,802.6051861000014
170,170,170,170,779,779,779,1,1.8347298569310055e-08,1.8347298569310055e-08,6.551685691384201e-05,0.001327353630618185,0.0013273536306181851,0,1576,2.0303912384966783e-08,0.9036336554965917,1576,2.0303912384966783e-08,0.9036336507427698,1576,2.0303912384966783e-08,0.9036336554965917,False,0,1675,-24.44302557223699,-24.44302557223724,True,False,accepted,exact-linear,True,3.4436386933890354e-14,2.491335216298724e-09,1.0001382246223173e-11,9.553247082294547e-11,77371.94278042199,-1.1750492918960465e-08,-1.7763568394002505e-14,-2.4868995751603507e-13,9.555023439133947e-11,9.564615766066709e-11,-9.592326932761353e-14,9.564615766066709e-11,1.0191292315321334e-10,False,0,none,True,3.826720100012608,0.7129311000171583,5.210431659463666e-06,ok,6.530668478896787e-06,9.013178793538787e-06,0.0032281362275536117,0.00046169941949938964,,,,,807.2950428999902
171,171,171,171,1713,1713,1713,1,-1.780155534092387e-08,1.780155534092387e-08,0.04587733771857573,3.1941761875969205e-05,3.194176187596918e-05,0,1576,2.0303914134422418e-08,0.8767548573673214,1576,2.0303914134422418e-08,0.8767551712681992,1576,2.0303914134422418e-08,0.8767548573673214,False,0,1674,-24.443025727540054,-24.44302572754024,True,False,accepted,exact-linear,True,8.086394629447194e-14,1.4509415265851327e-10,1.0055732050405083e-11,1.5530306995970022e-07,77371.94278042199,-1.4081143237532068e-08,-1.7763568394002505e-14,-1.8474111129762605e-13,1.5530306285427287e-07,1.5530299890542665e-07,6.394884621840902e-14,1.5530306285427287e-07,3.2060612570854575e-09,False,0,none,True,3.8813713999988977,0.7174020000093151,5.055128660558239e-06,ok,6.3986012435860235e-06,8.830908692327747e-06,0.0031796630879892106,0.0004547666202553016,,,,,812.0440229999949
172,172,172,172,1561,1561,1561,1,-1.714546615794177e-08,1.714546615794177e-08,0.001288461389754447,0.00018829012385578243,0.00018829012385578248,0,1576,2.0303918182373388e-08,0.8444412553251129,1576,2.0303918182373388e-08,0.8444413356472716,1576,2.0303918182373388e-08,0.8444412553251129,False,0,1673,-24.44302573168592,-24.443025731686088,True,False,accepted,exact-linear,True,3.616141511577906e-14,3.9712138283014384e-10,1.000910588466883e-11,4.14585343833096e-09,77371.94278042199,-1.4081034165058792e-08,-1.7763568394002505e-14,-1.6697754290362354e-13,4.145867649185675e-09,4.145849885617281e-09,1.7763568394002505e-14,4.145867649185675e-09,1.829173529837135e-10,False,0,none,True,3.891382000001613,0.7283517000032589,5.050982810672622e-06,ok,6.398110799746419e-06,8.830231815522741e-06,0.0031783589538984538,0.00045458009840175886,,,,,816.8198008000036
173,173,173,173,514,514,514,1,-1.87795747841335e-08,1.87795747841335e-08,0.0020801751783247214,0.00020345889575917024,0.00020345889575917032,0,1576,2.0303923015066615e-08,0.9249234628302144,1576,2.0303923015066615e-08,0.9249235011715666,1576,2.0303923015066615e-08,0.9249234628302144,False,0,1672,-24.443025735945714,-24.443025735945923,True,False,accepted,exact-linear,True,4.806087628779257e-14,5.206933043842492e-10,1.0009230169829939e-11,4.259806729578486e-09,77371.94278042199,-1.4081171069435516e-08,-1.7763568394002505e-14,-2.0961010704922955e-13,4.259792518723771e-09,4.259835151287916e-09,-4.263256414560601e-14,4.259835151287916e-09,1.8519670302575833e-10,False,0,none,True,3.8266918000008445,0.7342672999948263,5.046722975521334e-06,ok,6.3969171693281105e-06,8.828584449038225e-06,0.003177018419284467,0.00045438837041710515,,,,,821.537972399994
174,174,174,174,348,348,348,1,1.6777284894686773e-08,1.6777284894686773e-08,0.026464178537465986,3.861126569065235e-05,3.861126569065253e-05,0,1576,2.0303903571248966e-08,0.8263083419310556,1576,2.0303903571248966e-08,0.8263077193020925,1576,2.0303903571248966e-08,0.8263083419310556,False,0,1671,-24.44302583034688,-24.443025830347004,True,False,accepted,exact-linear,True,9.337872332395234e-14,2.149039117928363e-10,1.0043451383711417e-11,9.440115533720927e-08,77371.94278042199,-1.4079341872919038e-08,-1.7763568394002505e-14,-1.2434497875801753e-13,9.440116599535031e-08,9.440108073022202e-08,8.526512829121202e-14,9.440116599535031e-08,1.9880233199070065e-09,False,0,none,True,3.9318487999844365,0.7223070999898482,4.952321894791112e-06,ok,6.342255084441966e-06,8.753143604674671e-06,0.003147164399797587,0.0004501185433419133,,,,,826.3451130999892
175,175,175,175,708,708,708,1,-1.6659352897185897e-08,1.6659352897185897e-08,0.00022795517186288334,0.00111026572471984,0.0011102657247198393,0,1576,2.030390965826428e-08,0.8204997548541129,1576,2.030390965826428e-08,0.8204997913358962,1576,2.030390965826428e-08,0.8204997548541129,False,0,1670,-24.443025830459415,-24.443025830459632,True,False,accepted,exact-linear,True,3.2418119875698954e-14,2.160501849086319e-09,1.0001500490262917e-11,1.1256062748543627e-10,77371.94278042199,-1.4079444866921254e-08,-1.7763568394002505e-14,-2.1671553440683056e-13,1.1253575848968467e-10,1.1262812904533348e-10,-9.237055564881302e-14,1.1262812904533348e-10,1.0225256258090668e-10,False,0,none,True,3.924282799998764,0.7435033999790903,4.9522092666620665e-06,ok,6.34223260896659e-06,8.753112585571697e-06,0.0031471286297588027,0.00045011342738490967,,,,,831.1719572999864
176,176,176,176,1122,1122,1122,1,1.440226071736106e-08,1.440226071736106e-08,0.10216010978791223,4.263339808571755e-05,4.2633398085717544e-05,0,1576,2.0318923017912404e-08,0.7088102408117085,1576,2.0318923017912404e-08,0.7088101284273031,1576,2.0318923017912404e-08,0.7088102408117085,False,0,1669,-24.443025887519592,-24.44302588751965,True,False,accepted,exact-linear,True,8.150237690831672e-14,2.4126191790267707e-10,1.0033781699829309e-11,5.706015571149692e-08,77371.94278042199,-1.4063288381049865e-08,-1.7763568394002505e-14,-5.684341886080802e-14,5.706017702777899e-08,5.7060017155663445e-08,1.5987211554602254e-13,5.706017702777899e-08,1.2412035405555799e-09,False,0,none,True,3.854897900018841,0.7369825000059791,4.895149249506403e-06,ok,6.261638836664581e-06,8.641882612445506e-06,0.00312894523608323,0.00044751277434155806,,,,,835.9239723999926
177,177,177,177,1208,1208,1208,1,-1.3500575324343345e-08,1.3500575324343345e-08,0.0004963918852553778,0.0003684113322919907,0.0003684113322919906,0,1576,2.0318918322600788e-08,0.6644337611873078,1576,2.0318918322600788e-08,0.6644337877906991,1576,2.0318918322600788e-08,0.6644337611873078,False,0,1668,-24.443025888191038,-24.443025888191187,True,False,accepted,exact-linear,True,3.434451909518421e-14,9.372085608972359e-10,1.000366455456428e-11,6.714451217249007e-10,77371.94278042199,-1.4063266766395355e-08,-1.7763568394002505e-14,-1.4921397450962104e-13,6.714451217249007e-10,6.715374922805495e-10,-9.237055564881302e-14,6.715374922805495e-10,1.13430749845611e-10,False,0,none,True,3.9313589000084903,0.7617645999998786,4.8944777120141225e-06,ok,6.261509936719848e-06,8.641704713620582e-06,0.00312873063627868,0.00044748208152124285,,,,,840.771903099987
178,178,178,178,1109,1109,1109,1,-1.3341568405600412e-08,1.3341568405600412e-08,0.0009966843583878134,0.0003229428854594728,0.0003229428854594725,0,1576,2.0318938468293664e-08,0.6566075499671911,1576,2.0318938468293664e-08,0.6566076239999279,1576,2.0318938468293664e-08,0.6566075499671911,False,0,1667,-24.443025889044428,-24.44302588904464,True,False,accepted,exact-linear,True,5.2593755146388e-14,1.273062448130528e-09,1.000413127849491e-11,8.533760365025955e-10,77371.94278042199,-1.406316183644174e-08,-1.7763568394002505e-14,-2.1316282072803006e-13,8.533902473573107e-10,8.534541962035291e-10,-6.394884621840902e-14,8.534541962035291e-10,1.170690839240706e-10,False,0,none,True,3.870003300020471,0.7594190000090748,4.893624257817919e-06,ok,6.261517747694449e-06,8.641715493789696e-06,0.0031284578706160726,0.0004474430696149266,,,,,845.5599105999863
179,179,179,179,432,432,432,1,-1.675658223287968e-08,1.675658223287968e-08,0.0007717719940883186,0.00028441445673212074,0.000284414456732121,0,1576,2.031882546954635e-08,0.8246826204592522,1576,2.031882546954635e-08,0.8246824378594599,1576,2.031882546954635e-08,0.8246826204592522,False,0,1666,-24.443025890779914,-24.443025890780113,True,False,accepted,exact-linear,True,3.284027384689001e-14,5.574154492635867e-10,1.0005891525591956e-11,1.7355077375214023e-09,77371.94278042199,-1.406329363379255e-08,-1.7763568394002505e-14,-1.9895196601282805e-13,1.7354864212393295e-09,1.7354722103846143e-09,1.4210854715202004e-14,1.7354864212393295e-09,1.347097284247866e-10,False,0,none,True,3.8818862000189256,0.7535421999928076,4.891888785607534e-06,ok,6.261330058423573e-06,8.641456457986318e-06,0.0031279030740879307,0.00044736372066032026,,,,,850.3519494999782
180,180,180,180,1789,1789,1789,1,-1.5055529711816007e-08,1.5055529711816007e-08,0.0012602108806939807,0.00018541812872591534,0.00018541812872591547,0,1576,2.031921869051674e-08,0.740950227522411,1576,2.031921869051674e-08,0.7409501908090612,1576,2.031921869051674e-08,0.740950227522411,False,0,1665,-24.443025894076484,-24.443025894076573,True,False,accepted,exact-linear,True,4.2456123693070845e-14,5.228714690173617e-10,1.0008119801176541e-11,3.296563022558985e-09,77371.94278042199,-1.4063253388207908e-08,-1.7763568394002505e-14,-8.881784197001252e-14,3.2965701279863424e-09,3.2964599938622996e-09,1.1013412404281553e-13,3.2965701279863424e-09,1.6593140255972684e-10,False,0,none,True,3.904708899994148,0.7562916000024416,4.888592325613672e-06,ok,6.260740005465649e-06,8.640642107537414e-06,0.003126848976774022,0.00044721295994775383,,,,,855.1742854999902
181,181,181,181,770,770,770,1,-1.2955208295029053e-08,1.2955208295029053e-08,0.00024070176339621266,0.0009369529493702429,0.0009369529493702427,0,1576,2.0319238577387044e-08,0.6375833545970909,1576,2.0319238577387044e-08,0.6375833629232851,1576,2.0319238577387044e-08,0.6375833545970909,False,0,1664,-24.443025894172063,-24.44302589417228,True,False,accepted,exact-linear,True,3.926228164248524e-14,2.839547855909458e-09,1.0001382694838573e-11,9.559286695548508e-11,77371.94278042199,-1.4063261492835988e-08,-1.7763568394002505e-14,-2.1671553440683056e-13,9.557865610076988e-11,9.57065537932067e-11,-1.2789769243681803e-13,9.57065537932067e-11,1.0191413107586413e-10,False,0,none,True,3.8150145999970846,0.781005600001663,4.888496619059879e-06,ok,6.260723623916255e-06,8.640619498851323e-06,0.0031268184051918245,0.000447208587492331,,,,,859.9332941999892
182,182,182,182,672,672,672,1,1.1830437740556476e-08,1.1830437740556476e-08,0.007314380680897105,6.704589207682999e-05,6.704589207682989e-05,0,1576,2.0319241157703293e-08,0.5822283248049055,1576,2.0319241157703293e-08,0.5822284845281969,1576,2.0319241157703293e-08,0.5822283248049055,False,0,1663,-24.44302590973942,-24.443025909739575,True,False,accepted,exact-linear,True,2.7390819698513282e-14,1.5523252142468894e-10,1.0017645026600822e-11,1.5567337641186896e-08,77371.94278042199,-1.40632586340117e-08,-1.7763568394002505e-14,-1.5631940186722204e-13,1.556735540475529e-08,1.556729500862275e-08,6.039613253960852e-14,1.556735540475529e-08,4.113471080951058e-10,False,0,none,True,3.877244100003736,0.7641763999999966,4.872929324051256e-06,ok,6.2530488201760725e-06,8.6300272633797e-06,0.0031218357809897216,0.00044649595501974237,,,,,864.7326101999788
183,183,183,183,143,143,143,1,1.156592022155678e-08,1.156592022155678e-08,0.16304778648455917,1.4572306377540751e-05,1.4572306377540751e-05,0,1576,2.031924033730753e-08,0.5692102671929595,1576,2.031924033730753e-08,0.5692100307725186,1576,2.031924033730753e-08,0.5692102671929595,False,0,1662,-24.44302622470903,-24.443026224709207,True,False,accepted,exact-linear,True,1.5029529007320935e-13,1.8936339915233088e-10,1.0079368711559886e-11,3.1496961838684e-07,77371.94278042199,-3.202952083419808e-08,-1.7763568394002505e-14,-1.7763568394002505e-13,3.1496961128141265e-07,3.149696325976947e-07,-2.1316282072803006e-14,3.149696325976947e-07,6.399392651953895e-09,False,0,none,True,3.8105298000155017,0.7884206000017002,4.557959691453561e-06,ok,6.045489460812077e-06,8.343568132547187e-06,0.00301925808867256,0.00043182493197177404,,,,,869.4914216999896
184,184,184,184,982,982,982,1,-1.147639827614455e-08,1.147639827614455e-08,0.000626812232507,0.0002532290437789589,0.00025322904377895913,0,1576,2.031924429837589e-08,0.5648043848295016,1576,2.031924429837589e-08,0.5648044475855918,1576,2.031924429837589e-08,0.5648043848295016,False,0,1661,-24.443026225736013,-24.44302622573614,True,False,accepted,exact-linear,True,3.1869876607682967e-14,7.032117917356878e-10,1.000453204525041e-11,1.0269758377035032e-09,77371.94278042199,-3.2029450480752786e-08,-1.7763568394002505e-14,-1.2789769243681803e-13,1.0269829431308608e-09,1.0269332051393576e-09,4.973799150320701e-14,1.0269829431308608e-09,1.205396588626172e-10,False,0,none,True,3.8157713999971747,0.7788801999995485,4.556932758248422e-06,ok,6.045342989442245e-06,8.343365982851685e-06,0.003018917929093494,0.00043177628115002387,,,,,874.255639799987
185,185,185,185,949,949,949,1,1.0308985554097205e-08,1.0308985554097205e-08,1.28250341170513e-05,0.003220286500889919,0.00322028650088992,0,1576,2.0318600810336e-08,0.5073669023928588,1576,2.0318600810336e-08,0.507366905944584,1576,2.0318600810336e-08,0.5073669023928588,False,0,1660,-24.44302622574113,-24.443026225741402,True,False,accepted,exact-linear,True,3.163558943400223e-14,9.88221108897312e-09,1.0000320126631065e-11,5.126565838509123e-12,77371.94278042199,-3.202948441888287e-08,-1.7763568394002505e-14,-2.7355895326763857e-13,5.115907697472721e-12,5.261568958303542e-12,-1.4566126083082054e-13,5.261568958303542e-12,1.0010523137916607e-10,False,0,none,True,4.355456599994795,0.7867276999750175,4.556927496679464e-06,ok,6.045342812629706e-06,8.343365738827198e-06,0.0030189162317780472,0.0004317760383939872,,,,,879.568010899995
186,186,186,186,1470,1470,1470,1,1.1672901624459886e-08,1.1672901624459886e-08,7.0139435235432745e-06,0.003679806540128582,0.0036798065401285824,0,1576,2.0318595506115988e-08,0.5744935284009316,1576,2.0318595506115988e-08,0.5744935267614331,1576,2.0318595506115988e-08,0.5744935284009316,False,0,1659,-24.443026225746166,-24.4430262257464,True,False,accepted,exact-linear,True,3.4594359423739657e-14,1.0905640952454707e-08,1.0000317215279456e-11,5.027089855502709e-12,77371.94278042199,-3.202944427044274e-08,-1.7763568394002505e-14,-2.3447910280083306e-13,5.03774799653911e-12,4.998668146072305e-12,3.907985046680551e-14,5.03774799653911e-12,1.0010075495993079e-10,False,0,none,True,3.833270300005097,0.782410300016636,4.556922498011318e-06,ok,6.045342694753934e-06,8.343365576143177e-06,0.003018914565193816,0.00043177580003323727,,,,,884.3439587999892
187,187,187,187,1515,1515,1515,1,1.0842158712498495e-08,1.0842158712498495e-08,3.1346717621177893e-06,0.005477747770105214,0.005477747770105214,0,1576,2.0318597780152776e-08,0.5336076253790074,1576,2.0318597780152776e-08,0.5336076258097232,1576,2.0318597780152776e-08,0.5336076253790074,False,0,1658,-24.443026225748117,-24.44302622574823,True,False,accepted,exact-linear,True,3.382573451717135e-14,1.708964885167006e-08,1.0000197931126676e-11,1.950439809661475e-12,77371.94278042199,-3.2029398792932096e-08,-1.7763568394002505e-14,-1.1368683772161603e-13,1.950439809661475e-12,1.829647544582258e-12,1.2079226507921703e-13,1.950439809661475e-12,1.0003900879619323e-10,False,0,none,True,3.9101347000105307,0.8164398999942932,4.556920668363773e-06,ok,6.045342656338155e-06,8.343365523124366e-06,0.003018913916339247,0.0004317757072317702,,,,,889.2362503999902
188,188,188,188,75,75,75,1,-1.0309091136306847e-08,1.0309091136306847e-08,0.016541984949089667,4.033795067281388e-05,4.033795067281392e-05,0,1576,2.0318617966123164e-08,0.5073716703318598,1576,2.0318617966123164e-08,0.5073721672816652,1576,2.0318617966123164e-08,0.5073716703318598,False,0,1657,-24.443026258405908,-24.443026258406125,True,False,accepted,exact-linear,True,4.560769383575675e-14,1.7845543223847498e-10,1.0025556909791801e-11,3.265777692718075e-08,77371.94278042199,-3.202943189145602e-08,-1.7763568394002505e-14,-2.1671553440683056e-13,3.2657791138035464e-08,3.265789416673215e-08,-1.0302869668521453e-13,3.265789416673215e-08,7.53157883334643e-10,False,0,none,True,3.923917200008873,0.8007871999870986,4.524262774197041e-06,ok,6.035198959762177e-06,8.329365891821362e-06,0.003008076738810601,0.0004302257359104609,,,,,894.1232069999969
189,189,189,189,1821,1821,1821,1,-1.0297233732359246e-08,1.0297233732359246e-08,0.010714168300268188,6.35263777866362e-05,6.352637778663624e-05,0,1576,2.0318599297069654e-08,0.5067885626271645,1576,2.0318599297069654e-08,0.5067885056488625,1576,2.0318599297069654e-08,0.5067885626271645,False,0,1656,-24.44302627154307,-24.443026271543296,True,False,accepted,exact-linear,True,4.158022162317403e-14,2.565198825293753e-10,1.0016209356254641e-11,1.3137167798049632e-08,77371.94278042199,-3.202947927716249e-08,-1.7763568394002505e-14,-2.2737367544323206e-13,1.3137160692622274e-08,1.313717135076331e-08,-1.0658141036401503e-14,1.313717135076331e-08,3.627434270152662e-10,False,0,none,True,3.8575041000149213,0.8213135999976657,4.511125602846278e-06,ok,6.027796434512628e-06,8.31914943636761e-06,0.00300370626785569,0.00042960065575256724,,,,,898.9732598999981
190,190,190,190,1523,1523,1523,1,9.845904980210207e-09,9.845904980210207e-09,0.003243643946126538,0.0001259600631694193,0.0001259600631694195,0,1576,2.0318619702193525e-08,0.48457548418740665,1576,2.0318619702193525e-08,0.4845753716760522,1576,2.0318619702193525e-08,0.48457548418740665,True,1,1655,-24.44302627459811,-24.443026274598246,True,False,accepted,exact-linear,True,3.9583048436442414e-14,5.063903279684269e-10,1.0007816707044e-11,3.055045993960448e-09,77371.94278042199,-3.2029480838413615e-08,-1.7763568394002505e-14,-1.3500311979441904e-13,3.055042441246769e-09,3.0549500706911203e-09,9.237055564881302e-14,3.055042441246769e-09,1.611008488249354e-10,False,0,none,True,4.162212299997918,0.7974369000003207,4.5080706527755865e-06,ok,6.026712861333182e-06,8.317653963303286e-06,0.0030026890036886343,0.000429455163046467,,,,,904.1171837000002
191,191,191,191,684,684,684,1,-9.760523944635224e-09,9.760523944635224e-09,0.12258008342960888,1.1540043923271815e-05,1.1540043923271825e-05,0,1576,2.0318610025247057e-08,0.48037360491230474,1576,2.0318610025247057e-08,0.480373802228799,1576,2.0318610025247057e-08,0.48037360491230474,True,2,1654,-24.443026632282617,-24.44302663228275,True,False,accepted,exact-linear,True,1.212482876034452e-13,1.43354243243665e-10,1.0084579489842763e-11,3.5768450956652487e-07,86654.78282828609,-3.19138645440975e-08,-1.7763568394002505e-14,-1.3145040611561853e-13,3.576845060138112e-07,3.576845024610975e-07,3.552713678800501e-15,3.576845060138112e-07,7.253690120276224e-09,False,0,none,True,4.132983000017703,0.8037826000072528,4.150386150314489e-06,ok,5.746286140674436e-06,7.930628319611447e-06,0.002881106089866793,0.00041206594624283493,,,,,909.2193431999767
192,192,192,192,208,208,208,1,-9.642727505365656e-09,9.642727505365656e-09,0.021594575012713033,4.1063778694070254e-05,4.1063778694070315e-05,0,1576,2.0318607719815714e-08,0.47457619332655304,1576,2.0318607719815714e-08,0.4745767557794028,1576,2.0318607719815714e-08,0.47457619332655304,True,3,1653,-24.44302665985436,-24.443026659854397,True,False,accepted,exact-linear,True,4.1841327392278815e-14,1.7817975863642465e-10,1.0023482649046379e-11,2.757174399903306e-08,86654.78282828609,-3.191384493478333e-08,-1.7763568394002505e-14,-3.552713678800501e-14,2.757174399903306e-08,2.7571648075763733e-08,9.592326932761353e-14,2.757174399903306e-08,6.514348799806612e-10,False,0,none,True,3.8858941000071354,0.9790675000112969,4.122814502238725e-06,ok,5.723578537349215e-06,7.89928884963156e-06,0.002871520297859576,0.0004106949524887926,,,,,914.2648421000049
193,193,193,193,21,21,21,1,-9.312591364718514e-09,9.312591364718514e-09,0.010604989429860094,7.320324026760405e-05,7.320324026760415e-05,0,1576,2.0318613087311578e-08,0.4583281016623115,1576,2.0318613087311578e-08,0.45832752792018056,1576,2.0318613087311578e-08,0.4583281016623115,True,4,1652,-24.443026667946192,-24.44302666794629,True,False,accepted,exact-linear,True,2.6370470820609543e-14,2.0729039319579598e-10,1.001272151131273e-11,8.091838310519961e-09,86654.78282828609,-3.1913824090346044e-08,-1.7763568394002505e-14,-9.947598300641403e-14,8.091831205092603e-09,8.091895153938822e-09,-6.394884621840902e-14,8.091895153938822e-09,2.618379030787764e-10,False,0,none,True,4.113859600009164,0.8125519999885,4.1147226070847864e-06,ok,5.719807840199875e-06,7.89408479315662e-06,0.0028687009492863722,0.0004102917193202218,,,,,919.3647612999775
194,194,194,194,726,726,726,1,-9.045966975484987e-09,9.045966975484987e-09,0.000805805555194299,0.00023050221872167236,0.00023050221872167242,0,1576,2.0318620119084044e-08,0.44520577295446656,1576,2.0318620119084044e-08,0.44520574897261084,1576,2.0318620119084044e-08,0.44520577295446656,True,5,1651,-24.44302666871629,-24.44302666871642,True,False,accepted,exact-linear,True,5.062792667172822e-14,1.290051644102477e-09,1.0003924488364724e-11,7.700933224441542e-10,86654.78282828609,-3.191377009881258e-08,-1.7763568394002505e-14,-1.3145040611561853e-13,7.70096875157833e-10,7.701288495809422e-10,-3.197442310920451e-14,7.701288495809422e-10,1.1540257699161884e-10,False,0,none,True,3.8845917000144254,0.87401320002391,4.1139524782352055e-06,ok,5.719699752576391e-06,7.893935618063905e-06,0.002868432494512105,0.000410253323972348,,,,,924.2990876999975
195,195,195,195,1818,1818,1818,1,-8.733830991758396e-09,8.733830991758396e-09,0.1266716575986521,1.2581349440850261e-05,1.258134944085023e-05,0,1576,2.0318630605839736e-08,0.42984348508448317,1576,2.0318630605839736e-08,0.4298427136714059,1576,2.0318630605839736e-08,0.42984348508448317,True,6,1650,-24.443026909651163,-24.443026909651323,True,False,accepted,exact-linear,True,5.757407014742431e-14,8.29396302053023e-11,1.0069416839700044e-11,2.4093488804055596e-07,86654.78282828609,-3.191378571132386e-08,-1.7763568394002505e-14,-1.5987211554602254e-13,2.4093487382970125e-07,2.409349022514107e-07,-2.842170943040401e-14,2.409349022514107e-07,4.918698045028213e-09,False,0,none,True,4.033786899992265,0.9597555999935139,3.873017575983795e-06,ok,5.637216411211477e-06,7.780097791873095e-06,0.002783169995256954,0.0003980587808563646,,,,,929.4742630999826
196,196,196,196,395,395,395,1,-1.2430277696040548e-08,1.2430277696040548e-08,0.11804742254845808,1.2506537443163676e-05,1.2506537443163687e-05,0,1576,2.031858640132925e-08,0.6117688234072894,1576,2.031858640132925e-08,0.6117690730429614,1576,2.031858640132925e-08,0.6117688234072894,False,0,1649,-24.443027403595508,-24.44302740359575,True,False,accepted,exact-linear,True,8.142815911950106e-14,8.192578474588571e-11,1.0099392589734809e-11,4.93944341428687e-07,86654.78282828609,-3.1913804113270494e-08,-1.7763568394002505e-14,-2.4158453015843406e-13,4.939443449814007e-07,4.939444266938153e-07,-8.171241461241152e-14,4.939444266938153e-07,9.978888533876306e-09,False,0,none,True,4.21184559998801,0.8237652000098024,3.3790731492899795e-06,ok,5.250021087859951e-06,7.245717477106464e-06,0.002599643545424103,0.00037181018123799426,,,,,934.686736899981
197,197,197,197,1386,1386,1386,1,8.560613995456379e-09,8.560613995456379e-09,0.1753568455633498,1.2593442264304065e-05,1.2593442264304051e-05,0,1576,2.0318587436619543e-08,0.42131934723118875,1576,2.0318587436619543e-08,0.4213193115058749,1576,2.0318587436619543e-08,0.42131934723118875,True,1,1648,-24.443027634634316,-24.44302763463443,True,False,accepted,exact-linear,True,9.458075381520179e-14,1.3913785616976106e-10,1.0067976290866379e-11,2.3103881119368452e-07,86654.78282828609,3.632066952752311e-09,-1.7763568394002505e-14,-1.1368683772161603e-13,2.3103880764097084e-07,2.310386797432784e-07,1.2789769243681803e-13,2.3103880764097084e-07,4.720776152819417e-09,False,0,none,True,3.8791295000119135,0.8245973000011873,3.148034469546701e-06,ok,4.896243611328346e-06,6.757458172655448e-06,0.0025091968725873583,0.00035887417934688984,,,,,939.5631423000013
198,198,198,198,602,602,602,1,8.355962588524335e-09,8.355962588524335e-09,0.08873157886057019,1.4982250217058104e-05,1.49822502170581e-05,0,1576,2.0318605375567068e-08,0.41124685646842185,1576,2.0318605375567068e-08,0.4112468823517725,1576,2.0318605375567068e-08,0.41124685646842185,True,2,1647,-24.44302779015986,-24.44302779015993,True,False,accepted,exact-linear,True,6.4172028577891e-14,1.1506147030280173e-10,1.0055771952512872e-11,1.555255408902667e-07,86654.78282828609,3.6322290036805427e-09,-1.7763568394002505e-14,-7.105427357601002e-14,1.555255444429804e-07,1.5552550181041624e-07,4.263256414560601e-14,1.555255444429804e-07,3.210510888859608e-09,False,0,none,True,3.8548927000083495,0.8327663000090979,2.992508967736285e-06,ok,4.761349521127629e-06,6.571286641042776e-06,0.002446429613966521,0.0003498969848216234,,,,,944.4247834999987
199,199,199,199,1527,1527,1527,1,-8.172732268718619e-09,8.172732268718619e-09,0.23364331916882497,9.29053312879486e-06,9.290533128794852e-06,0,1576,2.0318610229311684e-08,0.40222890131179406,1576,2.0318610229311684e-08,0.40222893280586375,1576,2.0318610229311684e-08,0.40222890131179406,True,3,1646,-24.443028177082514,-24.443028177082642,True,False,accepted,exact-linear,True,1.0068363599788051e-13,1.1445421807711162e-10,1.0087968480052038e-11,3.8692268233830873e-07,107636.44950585508,-4.63790222199334e-09,-1.7763568394002505e-14,-1.2789769243681803e-13,3.869226539165993e-07,3.8692271076001816e-07,-5.684341886080802e-14,3.8692271076001816e-07,7.838454215200363e-09,False,0,none,True,3.8314428000012413,0.8402403000218328,2.6055862569762667e-06,ok,4.290749063521067e-06,5.921796305032696e-06,0.0022827992627835894,0.00032649399534775796,,,,,949.2728010999854
200,200,200,200,1114,1114,1114,1,-7.794070944200371e-09,7.794070944200371e-09,0.014849975537465547,4.986184352869422e-05,4.986184352869422e-05,0,1576,2.0318603675150216e-08,0.3835928427371498,1576,2.0318603675150216e-08,0.38359285601548737,1576,2.0318603675150216e-08,0.3835928427371498,True,4,1645,-24.44302818929925,-24.443028189299362,True,False,accepted,exact-linear,True,7.178237814615462e-14,4.592250088032203e-10,1.0015631199688628e-11,1.2216730738145998e-08,107636.44950585508,-4.636418228509687e-09,-1.7763568394002505e-14,-1.1368683772161603e-13,1.2216734290859677e-08,1.2216720080004961e-08,1.4210854715202004e-14,1.2216734290859677e-08,3.4433468581719357e-10,False,0,none,True,3.85454440000467,0.841170699975919,2.5933695368962617e-06,ok,4.288736804883031e-06,5.9190191242675005e-06,0.002277441334981594,0.00032572768563170993,,,,,954.1446100999892
201,201,201,201,203,203,203,1,-7.958619319126115e-09,7.958619319126115e-09,0.01648063653588335,3.239056295696199e-05,3.2390562956962e-05,0,1576,2.031861634699145e-08,0.39169100804959767,1576,2.031861634699145e-08,0.39169126496623885,1576,2.031861634699145e-08,0.39169100804959767,True,5,1644,-24.443028219485257,-24.443028219485395,True,False,accepted,exact-linear,True,9.048689968177786e-14,3.6827121801467184e-10,1.0024570722678136e-11,3.0186022570433124e-08,107636.44950585508,-4.640973577663132e-09,-1.7763568394002505e-14,-1.3855583347321954e-13,3.018600835957841e-08,3.018603322857416e-08,-2.4868995751603507e-14,3.018603322857416e-08,7.037206645714832e-10,False,0,none,True,3.823935899999924,0.8366466999868862,2.5631835036676875e-06,ok,4.278410291409639e-06,5.9047671816753555e-06,0.0022641481824676895,0.0003238264521129381,,,,,958.9785634999862
202,202,202,202,710,710,710,1,-7.439461491287602e-09,7.439461491287602e-09,0.1427022918893773,1.0414409880007787e-05,1.0414409880007787e-05,0,1576,2.031860975814995e-08,0.36614028124161285,1576,2.031860975814995e-08,0.36614011740044544,1576,2.031860975814995e-08,0.36614028124161285,True,6,1643,-24.4430284746267,-24.443028474626836,True,False,accepted,exact-linear,True,5.335606535653703e-14,7.469272371229721e-11,1.0071434087156943e-11,2.5514143686677926e-07,107636.44950585508,-4.329612814102379e-09,-1.7763568394002505e-14,-1.3500311979441904e-13,2.551414439722066e-07,2.5514144041949294e-07,3.552713678800501e-15,2.551414439722066e-07,5.202828879444133e-09,False,0,none,True,3.856606000015745,0.8373101000033785,2.3080420632481946e-06,ok,3.921957238600744e-06,5.412815231143635e-06,0.0021485074073284943,0.0003072871009243151,,,,,963.8459435999976
203,203,203,203,731,731,731,1,-7.426136594546051e-09,7.426136594546051e-09,0.013210734741035145,3.581758003299912e-05,3.5817580032999095e-05,0,1576,2.0318607727968565e-08,0.3654845200994738,1576,2.0318607727968565e-08,0.36548460346769923,1576,2.0318607727968565e-08,0.3654845200994738,True,7,1642,-24.443028496120554,-24.443028496120704,True,False,accepted,exact-linear,True,5.291647453537993e-14,2.552222987133866e-10,1.0020733484026333e-11,2.149386091332417e-08,107636.44950585508,-4.329810746050988e-09,-1.7763568394002505e-14,-1.4921397450962104e-13,2.1493853807896812e-08,2.1493868018751527e-08,-1.4210854715202004e-14,2.1493868018751527e-08,5.298773603750305e-10,False,0,none,True,3.8245043999922927,0.8420751999947242,2.286548195229443e-06,ok,3.911517023807049e-06,5.398406365821104e-06,0.002138479914399415,0.00030585293354783524,,,,,968.687683199998
204,204,204,204,1624,1624,1624,1,7.304460147850023e-09,7.304460147850023e-09,8.837746427769566e-05,0.000991146686812397,0.0009911466868123974,0,1576,2.0318603507955945e-08,0.3594961703440835,1576,2.0318603507955945e-08,0.3594961561072341,1576,2.0318603507955945e-08,0.3594961703440835,True,8,1641,-24.443028496147715,-24.443028496147903,True,False,accepted,exact-linear,True,1.747099532073455e-14,2.370669978973058e-09,1.0000736964464717e-11,2.7146285219714628e-11,107636.44950585508,-4.329803682256994e-09,-1.7763568394002505e-14,-1.8829382497642655e-13,2.716049607442983e-11,2.7199575924896635e-11,-3.907985046680551e-14,2.7199575924896635e-11,1.0054399151849793e-10,False,0,none,True,3.804344400006812,0.8516287000093143,2.286520995653518e-06,ok,3.911513785286553e-06,5.398401896238189e-06,0.0021384672157009265,0.0003058511173352261,,,,,973.5312589999812
205,205,205,205,311,311,311,1,7.180096239789435e-09,7.180096239789435e-09,1.130869788727164e-05,0.003072520774399205,0.0030725207743992023,0,1576,2.0411969870711675e-08,0.3517591043523864,1576,2.0411969870711675e-08,0.3517591034327801,1576,2.0411969870711675e-08,0.3517591043523864,True,9,1640,-24.443028496150454,-24.443028496150596,True,False,accepted,exact-linear,True,1.701386894616575e-14,7.280635721660317e-09,1.0000233686584476e-11,2.7355895326763857e-12,107636.44950585508,-4.329830494143039e-09,-1.7763568394002505e-14,-1.4210854715202004e-13,2.7391422463551862e-12,2.6929569685307797e-12,4.618527782440651e-14,2.7391422463551862e-12,1.000547828449271e-10,False,0,none,True,4.148664300009841,0.8646660999802407,2.2865183026965497e-06,ok,3.911513629738791e-06,5.398401681561883e-06,0.002138465938864896,0.0003058509347176373,,,,,978.7196668999968
206,206,206,206,319,319,319,1,9.921340894669672e-09,9.921340894669672e-09,5.609176596002638e-06,0.003116867561543061,0.0031168675615430635,0,446,2.013402278694426e-08,0.4927649580839396,446,2.013402278694426e-08,0.4927649600786491,446,2.013402278694426e-08,0.4927649580839396,True,10,1639,-24.443028496155524,-24.44302849615561,True,False,accepted,exact-linear,True,2.2508362533577247e-14,7.071235897892072e-09,1.0000318308749114e-11,5.062616992290714e-12,107636.44950585508,-4.32976787756445e-09,-1.7763568394002505e-14,-8.526512829121202e-14,5.069722419648315e-12,5.012879000787507e-12,5.684341886080802e-14,5.069722419648315e-12,1.0010139444839297e-10,False,0,none,True,3.8887145000044256,0.8715708999952767,2.286513289817549e-06,ok,3.911513445751133e-06,5.39840142763479e-06,0.0021384635698647064,0.00030585059589488165,,,,,983.668737799977
207,207,207,207,1689,1689,1689,1,7.153872605414335e-09,7.153872605414335e-09,0.09120635763438573,1.3212889945532911e-05,1.3212889945532955e-05,0,1576,2.622519766711152e-08,0.2727862224804452,1576,2.622519766711152e-08,0.27278540649007216,1576,2.622519766711152e-08,0.2727862224804452,True,11,1638,-24.443028642739275,-24.443028642739453,True,False,accepted,exact-linear,True,6.383828351711388e-14,1.1790256910702174e-10,1.0054144946968175e-11,1.465837691227989e-07,107636.44950585508,-4.330132766239281e-09,-1.7763568394002505e-14,-1.7763568394002505e-13,1.4658375135923052e-07,1.4658384372978617e-07,-9.237055564881302e-14,1.4658384372978617e-07,3.0316768745957236e-09,False,0,none,True,4.128747900016606,0.8817038999986835,2.1399294460877627e-06,ok,3.725771401091418e-06,5.142053051751793e-06,0.0020687819895506697,0.00029588449071437886,,,,,988.8532318999933
208,208,208,208,1155,1155,1155,1,6.952502573653874e-09,6.952502573653874e-09,0.1663618928171064,9.495554209018843e-06,9.49555420901885e-06,0,1576,2.622517283450325e-08,0.26510797917437506,1576,2.622517283450325e-08,0.2651082011634574,1576,2.622517283450325e-08,0.26510797917437506,True,12,1637,-24.443028910760873,-24.443028910761015,True,False,accepted,exact-linear,True,7.511603632466133e-14,1.0259655727906881e-10,1.0073214967750176e-11,2.680215800410224e-07,107636.44950585508,-4.33986257347696e-09,-1.7763568394002505e-14,-1.4210854715202004e-13,2.680215978045908e-07,2.68021562277454e-07,3.552713678800501e-14,2.680215978045908e-07,5.460431956091816e-09,False,0,none,True,3.865777699975297,0.886004400003003,1.8719078838103087e-06,ok,3.433409768038439e-06,4.7385556640658966e-06,0.0019348942649430846,0.00027673539650893936,,,,,993.7948991000012
209,209,209,209,1514,1514,1514,1,-6.790491280384003e-09,6.790491280384003e-09,0.04858796902440685,1.6838118534539633e-05,1.6838118534539647e-05,0,1576,2.622517958907881e-08,0.25893021084255335,1576,2.622517958907881e-08,0.2589303925472168,1576,2.622517958907881e-08,0.25893021084255335,True,13,1636,-24.443028992080414,-24.443028992080478,True,False,accepted,exact-linear,True,6.763768787595352e-14,1.6771667800796655e-10,1.0040328540178181e-11,8.131956263923712e-08,107636.44950585508,-4.319510818473482e-09,-1.7763568394002505e-14,-6.394884621840902e-14,8.131954132295505e-08,8.131946316325411e-08,7.815970093361102e-14,8.131954132295505e-08,1.726390826459101e-09,False,0,none,True,4.167007099982584,0.8789258000033442,1.7905884206470546e-06,ok,3.33617831075707e-06,4.604363504156816e-06,0.001892399717621065,0.00027065767659643913,,,,,999.0146577999985
210,210,210,210,624,624,624,1,6.740358715617845e-09,6.740358715617845e-09,0.005352602144689775,5.791786914184745e-05,5.7917869141847436e-05,0,1576,2.6225189556242403e-08,0.2570184936571195,1576,2.6225189556242403e-08,0.25701845239674825,1576,2.6225189556242403e-08,0.2570184936571195,True,14,1635,-24.44302899885231,-24.44302899885236,True,False,accepted,exact-linear,True,4.902405853351697e-14,4.212495437159966e-10,1.0011637771307966e-11,6.771880833866817e-09,107636.44950585508,-4.319521719475805e-09,-1.7763568394002505e-14,-4.973799150320701e-14,6.771895044721532e-09,6.771880833866817e-09,1.4210854715202004e-14,6.771895044721532e-09,2.354379008944306e-10,False,0,none,True,3.898445200000424,0.9179213999886997,1.7838165398131878e-06,ok,3.3323185503772465e-06,4.5990365287459555e-06,0.0018888178629969546,0.00027014538712532963,,,,,1004.0172005999775
211,211,211,211,314,314,314,1,-6.14067552362485e-09,6.14067552362485e-09,0.02150155002048371,4.3751740319473444e-05,4.375174031947344e-05,0,1576,2.6225186177555256e-08,0.23415183717095317,1576,2.6225186177555256e-08,0.23415177828545908,1576,2.6225186177555256e-08,0.23415183717095317,True,15,1634,-24.443029008701835,-24.44302900870202,True,False,accepted,exact-linear,True,7.384185808803565e-14,5.261137034750697e-10,1.001403534209436e-11,9.849522086824436e-09,107636.44950585508,-4.2844467348923665e-09,-1.7763568394002505e-14,-1.8474111129762605e-13,9.849525639538115e-09,9.84966064265791e-09,-1.3500311979441904e-13,9.84966064265791e-09,2.969932128531582e-10,False,0,none,True,4.200470699986909,0.97753279999597,1.7739668791705299e-06,ok,3.3215096342143954e-06,4.58411880719035e-06,0.001883595985002979,0.00026939853573227604,,,,,1009.385014200001
212,212,212,212,745,745,745,1,5.881728437628908e-09,5.881728437628908e-09,0.033340492289783016,2.2010442019419487e-05,2.2010442019419467e-05,0,1576,2.6225181261021524e-08,0.2242778945581939,1576,2.6225181261021524e-08,0.2242778131061295,1576,2.6225181261021524e-08,0.2242778945581939,True,16,1633,-24.443029044407055,-24.44302904440717,True,False,accepted,exact-linear,True,1.303302326141912e-13,4.87713110707533e-10,1.0026722724846399e-11,3.570520590301385e-08,107636.44950585508,-3.4042250685040187e-09,-1.7763568394002505e-14,-1.1368683772161603e-13,3.570522011386856e-08,3.570514905959499e-08,7.105427357601002e-14,3.570522011386856e-08,8.141044022773713e-10,False,0,none,True,4.154787200008286,0.8935861999925692,1.7382617301109349e-06,ok,3.290944927645199e-06,4.541935504520736e-06,0.0018645437628533516,0.00026667361977873754,,,,,1014.6229734999943
213,213,213,213,445,445,445,1,-5.461497698533435e-09,5.461497698533435e-09,0.014828535340590027,3.1909831697301777e-05,3.190983169730176e-05,0,1576,2.6225198317635957e-08,0.20825381880375257,1576,2.6225198317635957e-08,0.20825385808866673,1576,2.6225198317635957e-08,0.20825381880375257,True,17,1632,-24.44302905905298,-24.443029059053057,True,False,accepted,exact-linear,True,4.476820242664061e-14,2.615748671747827e-10,1.001711487151276e-11,1.4645937795876307e-08,107636.44950585508,-3.404274862006673e-09,-1.7763568394002505e-14,-7.815970093361102e-14,1.4645923585021592e-08,1.4645888057884804e-08,3.552713678800501e-14,1.4645923585021592e-08,3.9291847170043186e-10,False,0,none,True,3.8410951999831013,1.078849600016838,1.72361584205305e-06,ok,3.2828226716175983e-06,4.5307257262231195e-06,0.0018566721739865545,0.00026554779739884,,,,,1019.7423176000011
214,214,214,214,1754,1754,1754,1,-5.146838510938778e-09,5.146838510938778e-09,0.0006327759599783658,0.00018704076836737737,0.00018704076836737737,0,1576,2.6225198125374715e-08,0.19625546721642692,1576,2.6225198125374715e-08,0.19625545936917693,1576,2.6225198125374715e-08,0.19625546721642692,True,18,1631,-24.443029059431588,-24.44302905943165,True,False,accepted,exact-linear,True,4.022400407311922e-14,1.461782332122409e-09,1.0002751709552729e-11,3.785984858950542e-10,107636.44950585508,-3.4043872026989774e-09,-1.7763568394002505e-14,-6.394884621840902e-14,3.786091440360906e-10,3.785949331813754e-10,1.4210854715202004e-14,3.786091440360906e-10,1.0757218288072182e-10,False,0,none,True,4.008129399997415,0.8920570999907795,1.7232372471198687e-06,ok,3.2827570189630416e-06,4.530635116951542e-06,0.0018564682521168868,0.0002655186317744016,,,,,1024.8376528999943
215,215,215,215,1152,1152,1152,1,-5.115039947156674e-09,5.115039947156674e-09,0.0648609506471355,1.7000439552155832e-05,1.7000439552155805e-05,0,1576,2.6225180087741198e-08,0.19504308187945177,1576,2.6225180087741198e-08,0.19504390410001685,1576,2.6225180087741198e-08,0.19504308187945177,True,19,1630,-24.44302910470171,-24.443029104701886,True,False,accepted,exact-linear,True,1.259152735257309e-13,4.1846344469617937e-10,1.0030089909912477e-11,4.527013075517061e-08,107636.44950585508,-3.3784617325949284e-09,-1.7763568394002505e-14,-1.7408297026122455e-13,4.5270123649743255e-08,4.52702337838673e-08,-1.1013412404281553e-13,4.52702337838673e-08,1.005404675677346e-09,False,0,none,True,3.8408614000072703,1.132788699993398,1.6779670133360014e-06,ok,3.232947355639466e-06,4.461891250587467e-06,0.0018319208787872265,0.00026200777993370093,,,,,1030.0200226999877
216,216,216,216,222,222,222,1,-5.016970949789368e-09,5.016970949789368e-09,0.0004886535222836983,0.00025882251066247424,0.0002588225106624745,0,1576,2.6225188741444118e-08,0.19130352117775085,1576,2.6225188741444118e-08,0.1913035101757781,1576,2.6225188741444118e-08,0.19130352117775085,True,20,1629,-24.44302910488959,-24.443029104889693,True,False,accepted,exact-linear,True,2.21361691013129e-14,1.141973638384531e-09,1.0001938413318597e-11,1.878710520486493e-10,107636.44950585508,-3.3783565805967086e-09,-1.7763568394002505e-14,-1.0302869668521453e-13,1.878781574760069e-10,1.8780710320243088e-10,7.105427357601002e-14,1.878781574760069e-10,1.0375756314952014e-10,False,0,none,True,4.142848399991635,1.1244823000160977,1.677779206232799e-06,ok,3.232910740201782e-06,4.461840716482495e-06,0.0018318183211013762,0.00026199311177204835,,,,,1035.4812791000004
217,217,217,217,1378,1378,1378,1,4.934639363796123e-09,4.934639363796123e-09,0.08285147539085838,1.1447111031191357e-05,1.144711103119136e-05,0,1576,2.6225117080446123e-08,0.1881646266309892,1576,2.6225117080446123e-08,0.18816433409693653,1576,2.6225117080446123e-08,0.1881646266309892,True,21,1628,-24.44302919780459,-24.443029197804723,True,False,accepted,exact-linear,True,1.0116950531613553e-13,2.346884321223995e-10,1.004310800681619e-11,9.291500191466184e-08,107636.44950585508,-3.378295816702792e-09,-1.7763568394002505e-14,-1.3145040611561853e-13,9.291500191466184e-08,9.291503033637127e-08,-2.842170943040401e-14,9.291503033637127e-08,1.9583006067274255e-09,False,0,none,True,3.9450464000110514,0.8973197999875993,1.5848641758964277e-06,ok,3.147345270102183e-06,4.3437491485131525e-06,0.0017803730942107883,0.00025463523412467317,,,,,1040.5096312999958
218,218,218,218,1717,1717,1717,1,-4.82868744988707e-09,4.82868744988707e-09,0.002561215081901263,0.00015156912828389924,0.0001515691282838993,0,1576,2.6225143044110257e-08,0.18412435126722845,1576,2.6225143044110257e-08,0.18412450189363624,1576,2.6225143044110257e-08,0.18412435126722845,True,22,1627,-24.44302919831208,-24.44302919831224,True,False,accepted,exact-linear,True,4.1913882258007874e-14,1.315627312493048e-09,1.0003185847683458e-11,5.074660691661848e-10,107636.44950585508,-3.3783256192521094e-09,-1.7763568394002505e-14,-1.5987211554602254e-13,5.074873854482576e-10,5.07515807157688e-10,-2.842170943040401e-14,5.07515807157688e-10,1.1015031614315377e-10,False,0,none,True,3.818975500005763,1.124638799985405,1.58435666008927e-06,ok,3.1470998902717914e-06,4.343410492173331e-06,0.0017800880293082132,0.0002545944631377132,,,,,1045.6518172999786
219,219,219,219,232,232,232,1,4.77894435135795e-09,4.77894435135795e-09,0.1560120153022153,9.455779076493466e-06,9.455779076493439e-06,0,1576,2.622513672613808e-08,0.18222762387335315,1576,2.622513672613808e-08,0.18222860830004356,1576,2.622513672613808e-08,0.18222762387335315,True,23,1626,-24.443029326025076,-24.44302932602515,True,False,accepted,exact-linear,True,6.269397549673861e-14,1.2404899795198248e-10,1.0050539687165394e-11,1.277130010635119e-07,107636.44950585508,-3.379451329887928e-09,-1.7763568394002505e-14,-7.460698725481052e-14,1.2771299751079823e-07,1.2771291224566994e-07,8.526512829121202e-14,1.2771299751079823e-07,2.6542599502159647e-09,False,0,none,True,4.099389000009978,1.1328226000186987,1.4566437478436e-06,ok,2.88540482716893e-06,3.982236991978913e-06,0.0017068354935983524,0.0002441176273321402,,,,,1051.0955779999786
220,220,220,220,886,886,886,1,4.530200659047523e-09,4.530200659047523e-09,0.023827080849380445,2.900950414531902e-05,2.900950414531897e-05,0,1576,2.6225139835781173e-08,0.1727426693399967,1576,2.6225139835781173e-08,0.17274194277230548,1576,2.6225139835781173e-08,0.1727426693399967,True,24,1625,-24.44302933821877,-24.443029338218818,True,False,accepted,exact-linear,True,6.90644647241706e-14,4.422544283264241e-10,1.0015616455212336e-11,1.2193684284511619e-08,107636.44950585508,-3.3794734788372693e-09,-1.7763568394002505e-14,-4.618527782440651e-14,1.2193694942652655e-08,1.2193666520943225e-08,2.842170943040401e-14,1.2193694942652655e-08,3.438738988530531e-10,False,0,none,True,3.9580658999911975,1.1512843000236899,1.4444500813226568e-06,ok,2.873320921542573e-06,3.965559617788729e-06,0.0016996764526560095,0.0002430937160674793,,,,,1056.399671799998
221,221,221,221,1798,1798,1798,1,4.44325021220493e-09,4.44325021220493e-09,0.02601357713251535,2.676207131387222e-05,2.6762071313872205e-05,0,1576,2.622511700256815e-08,0.1694272788857268,1576,2.622511700256815e-08,0.16942729089932718,1576,2.622511700256815e-08,0.1694272788857268,True,25,1624,-24.44302935200065,-24.443029352000764,True,False,accepted,exact-linear,True,1.5191321861104827e-13,9.1501063040446e-10,1.0016602344668268e-11,1.3781878749341558e-08,107636.44950585508,-3.545878528299351e-09,-1.7763568394002505e-14,-1.1368683772161603e-13,1.3781878749341558e-08,1.3781946250901456e-08,-6.750155989720952e-14,1.3781946250901456e-08,3.7563892501802915e-10,False,0,none,True,4.123003199987579,1.0056519999925513,1.4306681350717554e-06,ok,2.8598688600133637e-06,3.946994009061806e-06,0.0016915484769877969,0.00024193122434371372,,,,,1061.722052600002
222,222,222,222,1816,1816,1816,1,4.42627801078288e-09,4.42627801078288e-09,0.20665664489867674,1.580387146676689e-05,1.580387146676692e-05,0,1576,2.6225133203254996e-08,0.16878000109580005,1576,2.6225133203254996e-08,0.16877911677514967,1576,2.6225133203254996e-08,0.16878000109580005,True,26,1623,-24.443029391225018,-24.443029391225167,True,False,accepted,exact-linear,True,9.703779216795003e-14,3.4645591886172703e-10,1.0028008698043539e-11,3.922434999026336e-08,107636.44950585508,-3.309114114669054e-09,-1.7763568394002505e-14,-1.4921397450962104e-13,3.922436775383176e-08,3.9224403280968545e-08,-3.552713678800501e-14,3.9224403280968545e-08,8.844880656193709e-10,False,0,none,True,3.886685099976603,1.1313252999971155,1.3914437317907868e-06,ok,2.7717904074010514e-06,3.8254341957259575e-06,0.0016681988957251354,0.00023859168494555936,,,,,1066.9383713999996
223,223,223,223,687,687,687,1,3.890240574122572e-09,3.890240574122572e-09,0.007443804996362199,6.116464715921433e-05,6.116464715921435e-05,0,1576,2.622513215749985e-08,0.1483401704425746,1576,2.622513215749985e-08,0.14834021243847945,1576,2.622513215749985e-08,0.1483401704425746,True,27,1622,-24.443029393247684,-24.443029393247798,True,False,accepted,exact-linear,True,4.686947152596352e-14,7.369061842301935e-10,1.000636030373051e-11,2.0226593733241316e-09,107636.44950585508,-3.3092031129222654e-09,-1.7763568394002505e-14,-1.1368683772161603e-13,2.022666478751489e-09,2.022630951614701e-09,3.552713678800501e-14,2.022666478751489e-09,1.404533295750298e-10,False,0,none,True,4.128172500000801,0.9885244999895804,1.3894211008391721e-06,ok,2.770998579465249e-06,3.8243413693511125e-06,0.0016669859656342427,0.00023841820740948806,,,,,1072.2470459000033
224,224,224,224,1253,1253,1253,1,-3.835997297585436e-09,3.835997297585436e-09,0.11571183467244148,9.342341029696137e-06,9.342341029696144e-06,0,1576,2.6225120709802996e-08,0.1462718642950434,1576,2.6225120709802996e-08,0.14627191547250706,1576,2.6225120709802996e-08,0.1462718642950434,True,28,1621,-24.443029477552418,-24.443029477552486,True,False,accepted,exact-linear,True,1.604970897509837e-13,3.908644971086749e-10,1.0041062079298124e-11,8.430471609699453e-08,107636.44950585508,-3.307768843552328e-09,-1.7763568394002505e-14,-6.750155989720952e-14,8.430473386056292e-08,8.43046876752851e-08,4.618527782440651e-14,8.430473386056292e-08,1.7860946772112585e-09,False,0,none,True,3.953783300006762,1.1636165999807417,1.305116413163887e-06,ok,2.709532683184213e-06,3.7395103731558077e-06,0.001615621473434594,0.00023107187672212712,,,,,1077.5719462999841
225,225,225,225,347,347,347,1,-6.735842994487484e-09,6.735842994487484e-09,0.1069867879881241,1.7912658844926994e-05,1.791265884492698e-05,0,1576,2.6225156907484463e-08,0.2568466231965661,1576,2.6225156907484463e-08,0.256846703405372,1576,2.6225156907484463e-08,0.2568466231965661,True,29,1620,-24.443029548253598,-24.443029548253737,True,False,accepted,exact-linear,True,1.2075601656405932e-13,3.211296337158654e-10,1.0037603510821086e-11,7.070119423246979e-08,107636.44950585508,-3.3074323002590944e-09,-1.7763568394002505e-14,-1.3855583347321954e-13,7.070118002161507e-08,7.070125107588865e-08,-7.105427357601002e-14,7.070125107588865e-08,1.5140250215177732e-09,False,0,none,True,4.051594299991848,1.14953520000563,1.2344151620879984e-06,ok,2.572799640204392e-06,3.5508008455869036e-06,0.0015712511915767491,0.0002247258826460605,,,,,1082.9811201999837
226,226,226,226,1726,1726,1726,1,3.6680101178632185e-09,3.6680101178632185e-09,0.004235039573677194,6.508759750342356e-05,6.508759750342354e-05,0,1576,2.6225150945682325e-08,0.13986612033083892,1576,2.6225150945682325e-08,0.13986617226372103,1576,2.6225150945682325e-08,0.13986612033083892,True,30,1619,-24.443029549841462,-24.44302954984156,True,False,accepted,exact-linear,True,3.9207787369507805e-14,6.957491548369248e-10,1.000563533381204e-11,1.587846298889417e-09,107636.44950585508,-3.307617915671024e-09,-1.7763568394002505e-14,-9.947598300641403e-14,1.587864062457811e-09,1.5878249826073443e-09,3.907985046680551e-14,1.587864062457811e-09,1.3175728124915623e-10,False,0,none,True,4.014311000006273,0.9342991000157781,1.232827337105391e-06,ok,2.572077519656573e-06,3.5498042245474166e-06,0.00157024030278136,0.0002245813017680833,,,,,1088.1230892000021
227,227,227,227,179,179,179,1,-3.5609453163942817e-09,3.5609453163942817e-09,0.23196964968360026,5.788845731328253e-06,5.788845731328238e-06,0,1576,2.6225130553578677e-08,0.13578370216762775,1576,2.6225130553578677e-08,0.1357845061215571,1576,2.6225130553578677e-08,0.13578370216762775,True,31,1618,-24.443029739072344,-24.443029739072642,True,False,accepted,exact-linear,True,9.453186437559825e-14,1.536622593951834e-10,1.006151924665671e-11,1.8923088873634697e-07,172746.00955215842,-6.530849278041373e-09,-1.7763568394002505e-14,-2.984279490192421e-13,1.892308816309196e-07,1.8923108058288562e-07,-1.9895196601282805e-13,1.8923108058288562e-07,3.884621611657713e-09,False,0,none,True,3.8565870999882463,1.1441432000137866,1.0435962565225054e-06,ok,2.2996989131493746e-06,3.173886033642855e-06,0.0014447119757163578,0.0002066277980584328,,,,,1093.334441599989
228,228,228,228,1337,1337,1337,1,3.544180060544022e-09,3.544180060544022e-09,0.03092266088371747,1.881345587209782e-05,1.8813455872097786e-05,0,1576,2.6225142830554256e-08,0.1351443568274788,1576,2.6225142830554256e-08,0.13514333910202833,1576,2.6225142830554256e-08,0.1351443568274788,True,32,1617,-24.443029756818454,-24.443029756818685,True,False,accepted,exact-linear,True,9.006309304073362e-14,4.780576608968546e-10,1.0018839378679084e-11,1.774611035898488e-08,172746.00955215842,-6.527164322922552e-09,-1.7763568394002505e-14,-2.3092638912203256e-13,1.774611035898488e-08,1.7746042857424982e-08,6.750155989720952e-14,1.774611035898488e-08,4.549222071796976e-10,False,0,none,True,4.04374480000115,1.1598899000091478,1.0258502136650804e-06,ok,2.289106214313252e-06,3.159266720348267e-06,0.0014323758170383997,0.00020486343717060807,,,,,1098.7463235000032
229,229,229,229,461,461,461,1,3.53082896253909e-09,3.53082896253909e-09,0.004196924160379205,6.498162946810816e-05,6.498162946810818e-05,0,1576,2.6225122577170746e-08,0.13463536546489643,1576,2.6225122577170746e-08,0.13463517431226313,1576,2.6225122577170746e-08,0.13463536546489643,True,33,1616,-24.443029758294593,-24.443029758294802,True,False,accepted,exact-linear,True,3.5219258738597006e-14,6.48185568753835e-10,1.000543351478903e-11,1.4761525335416081e-09,172746.00955215842,-6.52711979604037e-09,-1.7763568394002505e-14,-2.0961010704922955e-13,1.476138322686893e-09,1.4761170064048201e-09,2.1316282072803006e-14,1.476138322686893e-09,1.2952276645373787e-10,False,0,none,True,4.088405300019076,1.0360243000031915,1.0243740966586756e-06,ok,2.288482867326584e-06,3.158406419774228e-06,0.0014313448824610714,0.0002047159892742549,,,,,1104.08318039999
230,230,230,230,310,310,310,1,-3.4442946272861263e-09,3.4442946272861263e-09,0.05308184808539974,1.317537913222712e-05,1.3175379132227108e-05,0,1576,2.622514550627102e-08,0.13133557739317472,1576,2.622514550627102e-08,0.13133642845023968,1576,2.622514550627102e-08,0.13133557739317472,True,34,1615,-24.443029792467332,-24.443029792467513,True,False,accepted,exact-linear,True,9.592297450537431e-14,3.669170031933373e-10,1.0026142962487575e-11,3.417272509409486e-08,172746.00955215842,-6.8451563930982395e-09,-1.7763568394002505e-14,-1.8118839761882555e-13,3.417273930494957e-08,3.417271088324014e-08,2.842170943040401e-14,3.417273930494957e-08,7.834547860989915e-10,False,0,none,True,4.104738800000632,1.2029550000152085,9.902013857754355e-07,ok,2.243404899975037e-06,3.0961929142653047e-06,0.0014072678246487582,0.0002012724036162783,,,,,1109.6017802999995
231,231,231,231,1263,1263,1263,1,3.2489596568652246e-09,3.2489596568652246e-09,2.1176962430981524e-05,0.0013066864761962197,0.0013066864761962199,0,1576,2.6225139602755676e-08,0.12388722066226224,1576,2.6225139602755676e-08,0.12388721712789909,1576,2.6225139602755676e-08,0.12388722066226224,True,35,1614,-24.44302979247042,-24.443029792470664,True,False,accepted,exact-linear,True,5.0249533697429285e-14,2.020979342117493e-08,1.0000248639521692e-11,3.090860900556436e-12,172746.00955215842,-6.8451251264423085e-09,-1.7763568394002505e-14,-2.4513724383723456e-13,3.0873081868776353e-12,3.1512570330960443e-12,-6.394884621840902e-14,3.1512570330960443e-12,1.0006302514066193e-10,False,0,none,True,4.046525500016287,1.181549000000814,9.901982345184024e-07,ok,2.2434047541893996e-06,3.09619271306201e-06,0.001407265628135313,0.00020127208946318467,,,,,1115.037057599984
232,232,232,232,1364,1364,1364,1,3.228147221756572e-09,3.228147221756572e-09,3.04257317812917e-05,0.0011805674932084047,0.0011805674932084049,0,1576,2.6225148037305117e-08,0.12309357480707266,1576,2.6225148037305117e-08,0.12309356394150042,1576,2.6225148037305117e-08,0.12309357480707266,True,36,1613,-24.443029792474167,-24.443029792474377,True,False,accepted,exact-linear,True,2.0785032912703217e-14,7.601115391813943e-09,1.0000273447143495e-11,3.7410075037769275e-12,172746.00955215842,-6.8451283044557165e-09,-1.7763568394002505e-14,-2.0961010704922955e-13,3.7481129311345285e-12,3.7125857943465235e-12,3.552713678800501e-14,3.7481129311345285e-12,1.0007496225862269e-10,False,0,none,True,4.074988800013671,1.1172800000058487,9.90194521932608e-07,ok,2.243404368621966e-06,3.096192180928396e-06,0.0014072629714433596,0.00020127170949373906,,,,,1120.4350730000006
233,233,233,233,776,776,776,1,4.757157390233857e-09,4.757157390233857e-09,1.8716758601941133e-05,0.0012454237159548178,0.0012454237159548172,0,1576,2.61386517884076e-08,0.18199704517061738,1576,2.61386517884076e-08,0.18199704251152998,1576,2.61386517884076e-08,0.18199704517061738,True,37,1612,-24.44302979248146,-24.44302979248159,True,False,accepted,exact-linear,True,2.0026209313238678e-14,5.242755781049853e-09,1.0000381978679716e-11,7.311484750971431e-12,172746.00955215842,-6.845089571549945e-09,-1.7763568394002505e-14,-1.2789769243681803e-13,7.293721182577428e-12,7.212008767965017e-12,8.171241461241152e-14,7.293721182577428e-12,1.0014587442365156e-10,False,0,none,True,3.9253049999824725,1.1188627000083216,9.9018730992384e-07,ok,2.2434037607893217e-06,3.096191342039649e-06,0.001407257787338841,0.00020127096804484156,,,,,1125.6926104000013
234,234,234,234,1097,1097,1097,1,3.1910123432510318e-09,3.1910123432510318e-09,0.039067122869453554,1.933568708093078e-05,1.9335687080930793e-05,0,1576,2.6457125194655106e-08,0.12061069824380176,1576,2.6457125194655106e-08,0.12061048050165699,1576,2.6457125194655106e-08,0.12061069824380176,True,38,1611,-24.443029806101613,-24.443029806101798,True,False,accepted,exact-linear,True,9.046402886712385e-14,5.481128211938213e-10,1.0016504636521744e-11,1.3620152117255202e-08,172746.00955215842,-6.888195749898962e-09,-1.7763568394002505e-14,-1.8474111129762605e-13,1.3620152117255202e-08,1.3620208960674063e-08,-5.684341886080802e-14,1.3620208960674063e-08,3.724041792134813e-10,False,0,none,True,4.074512600025628,1.0858657000062522,9.76567100963166e-07,ok,2.2234846994682416e-06,3.068700425655437e-06,0.0013975457657467213,0.00019988192049072228,,,,,1131.066224099981
235,235,235,235,1628,1628,1628,1,3.175393725740605e-09,3.175393725740605e-09,0.18078689940565348,6.8733073527681e-06,6.8733073527680966e-06,0,1576,2.6457131113137624e-08,0.12002033448607068,1576,2.6457131113137624e-08,0.12001985522242556,1576,2.6457131113137624e-08,0.12002033448607068,True,39,1610,-24.443029912814303,-24.443029912814517,True,False,accepted,exact-linear,True,1.297565841130609e-13,2.808706462769133e-10,1.0046197986807469e-11,1.067126831344467e-07,172746.00955215842,1.3517029440190953e-09,-1.7763568394002505e-14,-2.1316282072803006e-13,1.0671269023987406e-07,1.067127186615835e-07,-2.842170943040401e-14,1.067127186615835e-07,2.23425437323167e-09,False,0,none,True,4.062575899995863,1.15369720000308,8.698543823015825e-07,ok,2.150953049911446e-06,2.96859723901257e-06,0.0013189801866251008,0.00018864519449276928,,,,,1136.4978745999979
236,236,236,236,1117,1117,1117,1,2.9740863105587323e-09,2.9740863105587323e-09,0.0775784260583157,1.1205086918727678e-05,1.120508691872768e-05,0,1576,2.645711351490623e-08,0.11241159429138403,1576,2.645711351490623e-08,0.11241144759629638,1576,2.645711351490623e-08,0.11241159429138403,True,40,1609,-24.44302994803736,-24.443029948037577,True,False,accepted,exact-linear,True,6.445230771141786e-14,2.428343336513329e-10,1.0026541678329539e-11,3.522305291880912e-08,172746.00955215842,1.3517866062628947e-09,-1.7763568394002505e-14,-2.1671553440683056e-13,3.5223056471522796e-08,3.5223060024236474e-08,-3.552713678800501e-15,3.5223060024236474e-08,8.044612004847295e-10,False,0,none,True,4.056337100017117,1.1627392999944277,8.34631322277346e-07,ok,2.121568176035026e-06,2.9280422601570972e-06,0.0012919994877513582,0.0001847863198575018,,,,,1141.9286708
237,237,237,237,843,843,843,1,3.893227074058814e-09,3.893227074058814e-09,0.07175684364204114,1.6239483113963844e-05,1.6239483113963868e-05,0,1576,2.64571149456706e-08,0.1471523664637476,1576,2.64571149456706e-08,0.14715213824778556,1576,2.64571149456706e-08,0.1471523664637476,True,41,1608,-24.44302997677446,-24.443029976774646,True,False,accepted,exact-linear,True,1.0951148233705668e-13,4.567967385275136e-10,1.0023973788142635e-11,2.8737119350807916e-08,172746.00955215842,1.3517597874379561e-09,-1.7763568394002505e-14,-1.8474111129762605e-13,2.8737101587239522e-08,2.8737069612816413e-08,3.197442310920451e-14,2.8737101587239522e-08,6.747420317447904e-10,False,0,none,True,3.9877369000168983,1.1883742999925744,8.058942526645296e-07,ok,2.0710702314369814e-06,2.8583484753877196e-06,0.0012695622993266183,0.0001815772740983792,,,,,1147.324888699979
238,238,238,238,1283,1283,1283,1,-2.780512819988701e-09,2.780512819988701e-09,0.0003698789736023744,0.00023083403940926976,0.00023083403940926976,0,1576,2.645712350981385e-08,0.10509505385032933,1576,2.645712350981385e-08,0.10509503729971402,1576,2.645712350981385e-08,0.10509505385032933,True,42,1607,-24.443029976847026,-24.443029976847267,True,False,accepted,exact-linear,True,2.6782261072591464e-14,2.223468875297276e-09,1.0001204526016538e-11,7.255707146214263e-11,172746.00955215842,1.351746437006085e-09,-1.7763568394002505e-14,-2.4158453015843406e-13,7.256417688950023e-11,7.262102030836104e-11,-5.684341886080802e-14,7.262102030836104e-11,1.0145242040616722e-10,False,0,none,True,4.003663900017273,1.1252278000174556,8.058216316442213e-07,ok,2.0710493813433897e-06,2.858319699524726e-06,0.0012695051569716787,0.0001815691013974011,,,,,1152.667268899997
239,239,239,239,500,500,500,1,-2.70637290356035e-09,2.70637290356035e-09,0.013358003835915122,2.9767776370319427e-05,2.9767776370319427e-05,0,1576,2.64571069651254e-08,0.10229285110907146,1576,2.64571069651254e-08,0.10229234542569941,1576,2.64571069651254e-08,0.10229285110907146,True,43,1606,-24.443029980980647,-24.44302998098092,True,False,accepted,exact-linear,True,3.1112611280359206e-14,3.421799257458072e-10,1.0009092471223303e-11,4.133639208703244e-09,172746.00955215842,1.3517579416921777e-09,-1.7763568394002505e-14,-2.7355895326763857e-13,4.13362144513485e-09,4.133653419557959e-09,-3.197442310920451e-14,4.133653419557959e-09,1.8267306839115917e-10,False,0,none,True,4.000201399991056,1.213686700008111,8.016879782246633e-07,ok,2.0701221019733822e-06,2.8570399324104645e-06,0.0012662448590545381,0.00018110280209971636,,,,,1158.0946694999875
240,240,240,240,320,320,320,1,-4.322422419988925e-09,4.322422419988925e-09,0.0120388532782474,3.124598674325071e-05,3.124598674325074e-05,0,1576,2.645714158261414e-08,0.16337450538607431,1576,2.645714158261414e-08,0.16337421378681485,1576,2.645714158261414e-08,0.16337450538607431,True,44,1605,-24.4430299905481,-24.44302999054837,True,False,accepted,exact-linear,True,3.11754930329854e-14,2.253722753750838e-10,1.0013832887377606e-11,9.567440173441355e-09,172746.00955215842,1.3518463154449378e-09,-1.7763568394002505e-14,-2.7000623958883807e-13,9.56745438429607e-09,9.567450831582391e-09,3.552713678800501e-15,9.56745438429607e-09,2.913490876859214e-10,False,0,none,True,3.944668600015575,1.2082847999990918,7.921205273930809e-07,ok,2.062878569039973e-06,2.847042907199849e-06,0.0012586664242701245,0.0001800189076497819,,,,,1163.4598327999993
241,241,241,241,221,221,221,1,2.693349987481497e-09,2.693349987481497e-09,0.006623357343104674,3.9021226048381014e-05,3.902122604838102e-05,0,1576,2.645715446119705e-08,0.10180044083847545,1576,2.645715446119705e-08,0.10180059374900707,1576,2.645715446119705e-08,0.10180044083847545,True,45,1604,-24.443029992929944,-24.443029992930143,True,False,accepted,exact-linear,True,5.2763185327257907e-14,7.644682939139292e-10,1.0006901945541406e-11,2.3818529371055774e-09,172746.00955215842,1.351753584066806e-09,-1.7763568394002505e-14,-1.9895196601282805e-13,2.381842278964541e-09,2.381771224690965e-09,7.105427357601002e-14,2.381842278964541e-09,1.4763684557929082e-10,False,0,none,True,4.034381100005703,1.1896462000149768,7.8973875616839e-07,ok,2.0618267161661263e-06,2.845591212316375e-06,0.0012567726453457729,0.0001797480527141784,,,,,1168.8974528999825
242,242,242,242,1587,1587,1587,1,-2.63774735387301e-09,2.63774735387301e-09,0.11051426691566481,8.864653866616086e-06,8.86465386661609e-06,0,1576,2.645712793632478e-08,0.0996989302928633,1576,2.645712793632478e-08,0.09969750329138875,1576,2.645712793632478e-08,0.0996989302928633,True,46,1603,-24.44303003719468,-24.44303003719495,True,False,accepted,exact-linear,True,7.832484363220409e-14,2.632422662004224e-10,1.002975390113553e-11,4.4264730547638464e-08,172746.00955215842,1.3517376731830844e-09,-1.7763568394002505e-14,-2.7000623958883807e-13,4.426473765306582e-08,4.42648087073394e-08,-7.105427357601002e-14,4.42648087073394e-08,9.85296174146788e-10,False,0,none,True,3.9588042000250425,1.2429215000011027,7.454739474610506e-07,ok,1.970415087748e-06,2.7194311793268754e-06,0.001221043815838539,0.00017463798960653078,,,,,1174.3193585999834
243,243,243,243,370,370,370,1,2.604116478011065e-09,2.604116478011065e-09,0.19109695582065284,5.743371063946215e-06,5.743371063946215e-06,0,1576,2.645713650484867e-08,0.09842775228278469,1576,2.645713650484867e-08,0.09842776958761165,1576,2.645713650484867e-08,0.09842775228278469,True,47,1602,-24.443030139980436,-24.443030139980692,True,False,accepted,exact-linear,True,1.8989120906502624e-13,4.1881611278349724e-10,1.0045339996067244e-11,1.0278576212385815e-07,174113.77201056402,3.114116742253259e-09,-1.7763568394002505e-14,-2.5579538487363607e-13,1.0278575501843079e-07,1.0278574080757608e-07,1.4210854715202004e-14,1.0278575501843079e-07,2.155715100368616e-09,False,0,none,True,3.8299006999877747,1.2603269999963231,6.426882066534745e-07,ok,1.7366563499669313e-06,2.3968134710507634e-06,0.001133744437142108,0.00016215212481471408,,,,,1179.6252073999785
244,244,244,244,20,20,20,1,-2.5172206541412834e-09,2.5172206541412834e-09,0.22237152649799966,5.186344567924248e-06,5.18634456792425e-06,0,1576,2.645714052554235e-08,0.09514333764493932,1576,2.645714052554235e-08,0.09514306144547374,1576,2.645714052554235e-08,0.09514333764493932,True,48,1601,-24.4430302577632,-24.443030257763407,True,False,accepted,exact-linear,True,9.045475861523748e-14,1.8636981174074518e-10,1.0048535091477726e-11,1.1778275776919145e-07,192814.0305572169,1.6908948408111968e-09,-1.7763568394002505e-14,-2.0605739337042905e-13,1.177827648746188e-07,1.177827151366273e-07,4.973799150320701e-14,1.177827648746188e-07,2.4556552974923763e-09,False,0,none,True,3.9619362999801524,1.249005199992098,5.249054915168472e-07,ok,1.4310926368473198e-06,1.975095481833541e-06,0.001024602840231957,0.00014654230900008203,,,,,1185.0505047999904
245,245,245,245,1127,1127,1127,1,2.498194984212887e-09,2.498194984212887e-09,0.038815226816762034,2.0131431243543795e-05,2.0131431243543812e-05,0,1576,2.6457129262440627e-08,0.0944242649847655,1576,2.6457129262440627e-08,0.0944239523448536,1576,2.6457129262440627e-08,0.0944242649847655,True,49,1600,-24.44303026546222,-24.443030265462454,True,False,accepted,exact-linear,True,9.89435661034723e-14,7.973600698387596e-10,1.0012408894029956e-11,7.699025417196026e-09,192814.0305572169,1.6617936540730405e-09,-1.7763568394002505e-14,-2.3447910280083306e-13,7.699018311768668e-09,7.699046733478099e-09,-2.842170943040401e-14,7.699046733478099e-09,2.53980934669562e-10,False,0,none,True,3.8911575000092853,1.394107600004645,5.172064447833691e-07,ok,1.4202527530634692e-06,1.960135020900523e-06,0.001017060919181192,0.00014546363687301158,,,,,1190.559820800001
246,246,246,246,1802,1802,1802,1,2.315043434730768e-09,2.315043434730768e-09,3.1787732784323915e-05,0.0008000154581852286,0.0008000154581852287,0,1576,2.64571257569584e-08,0.0875016982569203,1576,2.64571257569584e-08,0.08750169904145658,1576,2.64571257569584e-08,0.0875016982569203,True,50,1599,-24.44303026546642,-24.443030265466604,True,False,accepted,exact-linear,True,2.4079427524407945e-14,8.321122967394577e-09,1.0000289377138382e-11,4.195754854663392e-12,192814.0305572169,1.6618212084207329e-09,-1.7763568394002505e-14,-1.8474111129762605e-13,4.199307568342192e-12,4.149569576838985e-12,4.973799150320701e-14,4.199307568342192e-12,1.0008398615136685e-10,False,0,none,True,3.9241765000042506,1.3765937999996822,5.172022952137922e-07,ok,1.420252189201024e-06,1.9601342426964157e-06,0.001017056802451518,0.00014546304808382585,,,,,1196.0887890000013
247,247,247,247,1159,1159,1159,1,2.2925239484550275e-09,2.2925239484550275e-09,0.00600185540026211,3.980373558850684e-05,3.9803735588506785e-05,0,1576,2.645713080856174e-08,0.0866505126743807,1576,2.645713080856174e-08,0.08665024519468204,1576,2.645713080856174e-08,0.0866505126743807,True,51,1598,-24.44303026712504,-24.4430302671253,True,False,accepted,exact-linear,True,1.778435526228443e-14,3.087795856371418e-10,1.0005759563160753e-11,1.6586305662258383e-09,192814.0305572169,1.6618409426349956e-09,-1.7763568394002505e-14,-2.6290081223123707e-13,1.6586199080848019e-09,1.6586980677857355e-09,-7.815970093361102e-14,1.6586980677857355e-09,1.3317396135571472e-10,False,0,none,True,3.9498462000046857,1.428304200002458,5.155435971460065e-07,ok,1.4187030275557654e-06,1.9579961965019216e-06,0.0010154246809008477,0.00014522961630790976,,,,,1201.693760299997
248,248,248,248,1067,1067,1067,1,2.221752781750297e-09,2.221752781750297e-09,0.008416093617378982,3.999063350433894e-05,3.999063350433896e-05,0,1576,2.645713094509156e-08,0.08397557491631517,1576,2.645713094509156e-08,0.08397558656151402,1576,2.645713094509156e-08,0.08397557491631517,True,52,1597,-24.44303026866823,-24.443030268668473,True,False,accepted,exact-linear,True,3.992836355412319e-14,7.187150324793323e-10,1.0005555520860108e-11,1.5431957933742524e-09,192814.0305572169,1.6618718623462314e-09,-1.7763568394002505e-14,-2.4158453015843406e-13,1.5431922406605736e-09,1.5431709243785008e-09,2.1316282072803006e-14,1.5431922406605736e-09,1.3086384481321147e-10,False,0,none,True,4.010555799992289,1.3913733000226784,5.14000426221628e-07,ok,1.4169007654619236e-06,1.9555088385021845e-06,0.0010139037924999164,0.00014501209348906472,,,,,1207.3274521999992
249,249,249,249,1534,1534,1534,1,1.9446977361781137e-09,1.9446977361781137e-09,0.08608571134721582,7.7805201832039e-06,7.780520183203874e-06,0,1576,2.6457144071423773e-08,0.07350369075846595,1576,2.6457144071423773e-08,0.07350295109350782,1576,2.6457144071423773e-08,0.07350369075846595,True,53,1596,-24.443030299909218,-24.44303029990948,True,False,accepted,exact-linear,True,6.300792964248789e-14,2.520680580447266e-10,1.0024996395866748e-11,3.1240990239211897e-08,192814.0305572169,1.6619140091878037e-09,-1.7763568394002505e-14,-2.6290081223123707e-13,3.124098668649822e-08,3.124100800278029e-08,-2.1316282072803006e-14,3.124100800278029e-08,7.248201600556057e-10,False,0,none,True,3.929548899992369,1.4233971000066958,4.827594182188477e-07,ok,1.3846108729327632e-06,1.9109445530037053e-06,0.0009826082184219752,0.00014053609019609476,,,,,1212.9101297000016
250,250,250,250,1467,1467,1467,1,1.8766206366649385e-09,1.8766206366649385e-09,0.030634843822221192,1.513899466975558e-05,1.513899466975558e-05,0,1576,2.6457139235566753e-08,0.07093059532839316,1576,2.6457139235566753e-08,0.07093072120155908,1576,2.6457139235566753e-08,0.07093059532839316,True,54,1595,-24.443030307591645,-24.44303030759183,True,False,accepted,exact-linear,True,1.0752772390886141e-13,8.674742746453999e-10,1.001239549425864e-11,7.68242713888867e-09,192814.0305572169,1.1061976126769402e-09,-1.7763568394002505e-14,-1.8474111129762605e-13,7.68242713888867e-09,7.682348979187736e-09,7.815970093361102e-14,7.68242713888867e-09,2.536485427777734e-10,False,0,none,True,3.9405587000073865,1.355023500014795,4.7507706923966e-07,ok,1.3800883437961596e-06,1.9047028698071204e-06,0.0009747584752317944,0.00013941339226185287,,,,,1218.438093899982
251,251,251,251,1063,1063,1063,1,2.17644213762469e-09,2.17644213762469e-09,0.02847255322751345,1.3219397592588911e-05,1.3219397592588903e-05,0,1576,2.6457136362356318e-08,0.08226295196185217,1576,2.6457136362356318e-08,0.08226290057996884,1576,2.6457136362356318e-08,0.08226295196185217,True,55,1594,-24.443030321145635,-24.443030321145873,True,False,accepted,exact-linear,True,8.481820746158502e-14,5.151577617838237e-10,1.0016464511214562e-11,1.3554011246696973e-08,192814.0305572169,1.0760905014284283e-09,-1.7763568394002505e-14,-2.3803181647963356e-13,1.35539899304149e-08,1.3554043221120082e-08,-5.3290705182007514e-14,1.3554043221120082e-08,3.7108086442240165e-10,False,0,none,True,3.9040448000014294,1.358723099983763,4.615230260185399e-07,ok,1.3675715746491788e-06,1.8874280872019795e-06,0.0009607528691737828,0.0001374102611264542,,,,,1223.9347781999968
252,252,252,252,685,685,685,1,1.994727938381402e-09,1.994727938381402e-09,0.0236541808110689,2.035684542541094e-05,2.035684542541094e-05,0,1576,2.645712064487795e-08,0.07539474779420403,1576,2.645712064487795e-08,0.07539485466775757,1576,2.645712064487795e-08,0.07539474779420403,True,56,1593,-24.443030325946676,-24.443030325946943,True,False,accepted,exact-linear,True,9.647050665065953e-14,9.844920465877735e-10,1.0009799013306914e-11,4.801034236834312e-09,192814.0305572169,1.0756152288293741e-09,-1.7763568394002505e-14,-2.6645352591003757e-13,4.801041342261669e-09,4.8010697639711e-09,-2.842170943040401e-14,4.8010697639711e-09,1.96021395279422e-10,False,0,none,True,3.915533100022003,1.4293495999881998,4.567219562545688e-07,ok,1.3602278152799187e-06,1.8772927363683313e-06,0.0009557426478510649,0.00013669368161642052,,,,,1229.5157424999925
253,253,253,253,305,305,305,1,1.837543894822602e-09,1.837543894822602e-09,0.03354935154484473,1.3836353332280878e-05,1.3836353332280935e-05,0,1576,2.6457145195543627e-08,0.06945359679743955,1576,2.6457145195543627e-08,0.06945395920797988,1576,2.6457145195543627e-08,0.06945359679743955,True,57,1592,-24.443030334766917,-24.443030334767133,True,False,accepted,exact-linear,True,8.588724605992534e-14,6.466560735858334e-10,1.001328175046492e-11,8.82024409065707e-09,192814.0305572169,1.0778763923080525e-09,-1.7763568394002505e-14,-2.1671553440683056e-13,8.820240537943391e-09,8.820190799951888e-09,4.973799150320701e-14,8.820240537943391e-09,2.764048107588678e-10,False,0,none,True,3.9830300000030547,1.4027890999859665,4.479017654546169e-07,ok,1.3536157131666215e-06,1.868167168481849e-06,0.0009464689793484244,0.00013536732886595322,,,,,1235.1291751999815
254,254,254,254,1549,1549,1549,1,1.7981705013880855e-09,1.7981705013880855e-09,0.035936946725539126,1.0932943906757905e-05,1.0932943906757917e-05,0,1576,2.6457128646231172e-08,0.06796544422609653,1576,2.6457128646231172e-08,0.06796573160533063,1576,2.6457128646231172e-08,0.06796544422609653,True,58,1591,-24.443030348293995,-24.443030348294247,True,False,accepted,exact-linear,True,1.042204424845625e-13,6.336306410619162e-10,1.0016448138036679e-11,1.3527074571584308e-08,192814.0305572169,1.084246040172765e-09,-1.7763568394002505e-14,-2.5224267119483557e-13,1.3527078124297987e-08,1.3527113651434775e-08,-3.552713678800501e-14,1.3527113651434775e-08,3.705422730286955e-10,False,0,none,True,3.9375153000000864,1.400334700010717,4.3437465180318213e-07,ok,1.3386258489910528e-06,1.8474791904682896e-06,0.0009320672650096838,0.0001333075449283244,,,,,1240.6972379999934
255,255,255,255,709,709,709,1,-1.6799290847302473e-09,1.6799290847302473e-09,0.14632463299737183,6.9924773581233515e-06,6.99247735812335e-06,0,1576,2.6457135189441046e-08,0.06349625810585499,1576,2.6457135189441046e-08,0.06349629407057125,1576,2.6457135189441046e-08,0.06349625810585499,True,59,1590,-24.443030377159356,-24.443030377159587,True,False,accepted,exact-linear,True,7.691659443068137e-14,3.201226367753591e-10,1.0024027227566745e-11,2.8865375867326293e-08,192814.0305572169,1.0843475978239425e-09,-1.7763568394002505e-14,-2.3092638912203256e-13,2.8865361656471578e-08,2.8865340340189505e-08,2.1316282072803006e-14,2.8865361656471578e-08,6.773072331294315e-10,False,0,none,True,3.9474124000116717,1.4397103999799583,4.0550931146299263e-07,ok,1.2457212060823926e-06,1.719258601719757e-06,0.0009005657251243383,0.00012880208367973793,,,,,1246.3220938000013
256,256,256,256,1699,1699,1699,1,1.6563168614425194e-09,1.6563168614425194e-09,0.08050278143922282,7.343919418376215e-06,7.343919418376231e-06,0,1576,2.6457136747122172e-08,0.06260378351873933,1576,2.6457136747122172e-08,0.0626036160022326,1576,2.6457136747122172e-08,0.06260378351873933,True,60,1589,-24.44303040259453,-24.443030402594804,True,False,accepted,exact-linear,True,8.482836845206628e-14,3.761047868526656e-10,1.002255445062583e-11,2.5435149098029797e-08,192814.0305572169,1.0841335676414765e-09,-1.7763568394002505e-14,-2.7355895326763857e-13,2.5435173967025548e-08,2.5435216599589694e-08,-4.263256414560601e-14,2.5435216599589694e-08,6.087043319917939e-10,False,0,none,True,3.9407054999901447,1.400931300013326,3.8007409486340293e-07,ok,1.2006990434934327e-06,1.6571221141002507e-06,0.0008718648032736778,0.00012469717669209528,,,,,1251.9014930999838
