schema_version,case_id,method,variant,seed,terminal_dof,wall_time_sec,attempted_atoms,accepted_atoms,rejected_attempts,score_evaluations,active_solver_iterations,objective_evaluations,peak_memory_bytes,missing_reason,hardware_scope,source_sha256
cga-experiments-v1,01,CGA,relu3,201,256,1252.9118059999892,256,256,0,1488256,NA,NA,NA,historical trajectories did not instrument solver counts or peak memory,historical; no cross-method wall-time claim,0fc57ace32e46788212f70c398b35b2730bb382c480177383030d7a6fad83c7a
cga-experiments-v1,03,CGA,relu3,201,256,2152.4405926000036,300,256,44,1737450,NA,NA,NA,historical trajectories did not instrument solver counts or peak memory,historical; no cross-method wall-time claim,7dccae7ea62c4f347f517cd1fa960dd02698445681ad9024d5445744803d1fed
cga-experiments-v1,06,CGA,relu3,201,512,8570.01933390001,566,512,54,6771341,NA,NA,NA,historical trajectories did not instrument solver counts or peak memory,historical; no cross-method wall-time claim,9f9c7690bb0d5e6abb65296b8775f0fdb38fd3d214535282d107e0872b5dcd2d
cga-experiments-v1,08,CGA,relu3,201,512,20135.680078299978,545,512,33,6536730,NA,NA,NA,historical trajectories did not instrument solver counts or peak memory,historical; no cross-method wall-time claim,ed23231860c7aec591ef3031da5fce508a6bd5ea7fac1a8d1e989e6c2cbb4ae2
cga-experiments-v1,10,CGA,relu3,201,512,21193.26948800002,533,512,21,6396000,NA,NA,NA,historical trajectories did not instrument solver counts or peak memory,historical; no cross-method wall-time claim,eaca989ae4224831cf52834353ee9ae091106cb32b749accb07e1acfaccdbab8
cga-experiments-v1,12,CGA,relu3,201,512,17590.672456800006,528,512,16,6337320,NA,NA,NA,historical trajectories did not instrument solver counts or peak memory,historical; no cross-method wall-time claim,8404eeb4ebb823829965793e49a20e5ef558fd716421c95f4fb007b09690a931
cga-experiments-v1,15,CGA,relu1,201,256,9909.447247300006,262,256,6,1522351,NA,NA,NA,historical trajectories did not instrument solver counts or peak memory,historical; no cross-method wall-time claim,4740f6d9adbe7dbd6da68eed0a881888f2229952e0892471dd2b27f2b84fa65d
cga-experiments-v1,17,CGA,relu3,201,141,19177.65702320001,768,141,627,4268160,NA,NA,NA,historical trajectories did not instrument solver counts or peak memory,historical; no cross-method wall-time claim,fcb3e5680a84efd47f090018e063a0236723c4e70a63f494d7147235d03b1331
cga-experiments-v1,pure-p4-d1-k3,CGA,tolerance_loose,201,32,5.923407415999918,32,32,0,NA,462,537,NA,peak memory not instrumented,same-host mission3 tolerance control,16aef541b4aaff9738f541e88b3a5f140be36f3e7bf1a83a589e78f7aa1db0f8
cga-experiments-v1,pure-p4-d1-k3,CGA,tolerance_base,201,32,8.234158582999953,33,32,1,NA,312,403,NA,peak memory not instrumented,same-host mission3 tolerance control,68d48031129cd2f469fc8b75b9ff7dc6a6668b57af9f5228e62d78c606cdd834
cga-experiments-v1,pure-p4-d1-k3,CGA,tolerance_tight,201,32,7.087744250000014,32,32,0,NA,234,276,NA,peak memory not instrumented,same-host mission3 tolerance control,b288ff77ab86055948b3b1fe62a4a1625a99695d93b27254e955ffa7e1688471
cga-experiments-v1,C1,FEM,p1,NA,5,0.0016199999954551458,NA,NA,NA,NA,2,NA,NA,method-specific historical counters; peak memory unavailable,historical; no cross-method wall-time claim,033c5dea4503652a2ef35d4412195cc071bf6319de112f0017f4e46a25e52115
cga-experiments-v1,C1,FEM,p1,NA,9,0.0014494999777525663,NA,NA,NA,NA,2,NA,NA,method-specific historical counters; peak memory unavailable,historical; no cross-method wall-time claim,033c5dea4503652a2ef35d4412195cc071bf6319de112f0017f4e46a25e52115
cga-experiments-v1,C1,FEM,p1,NA,17,0.0011894169729202986,NA,NA,NA,NA,2,NA,NA,method-specific historical counters; peak memory unavailable,historical; no cross-method wall-time claim,033c5dea4503652a2ef35d4412195cc071bf6319de112f0017f4e46a25e52115
cga-experiments-v1,C1,FEM,p1,NA,33,0.0012890000361949205,NA,NA,NA,NA,2,NA,NA,method-specific historical counters; peak memory unavailable,historical; no cross-method wall-time claim,033c5dea4503652a2ef35d4412195cc071bf6319de112f0017f4e46a25e52115
cga-experiments-v1,C1,FEM,p1,NA,65,0.0016130839940160513,NA,NA,NA,NA,2,NA,NA,method-specific historical counters; peak memory unavailable,historical; no cross-method wall-time claim,033c5dea4503652a2ef35d4412195cc071bf6319de112f0017f4e46a25e52115
cga-experiments-v1,C1,FEM,p1,NA,129,0.0025792091619223356,NA,NA,NA,NA,2,NA,NA,method-specific historical counters; peak memory unavailable,historical; no cross-method wall-time claim,033c5dea4503652a2ef35d4412195cc071bf6319de112f0017f4e46a25e52115
cga-experiments-v1,C1,FEM,p1,NA,257,0.0040246660355478525,NA,NA,NA,NA,2,NA,NA,method-specific historical counters; peak memory unavailable,historical; no cross-method wall-time claim,033c5dea4503652a2ef35d4412195cc071bf6319de112f0017f4e46a25e52115
cga-experiments-v1,C1,FEM,p2,NA,5,0.001245124964043498,NA,NA,NA,NA,2,NA,NA,method-specific historical counters; peak memory unavailable,historical; no cross-method wall-time claim,033c5dea4503652a2ef35d4412195cc071bf6319de112f0017f4e46a25e52115
cga-experiments-v1,C1,FEM,p2,NA,9,0.001302666962146759,NA,NA,NA,NA,2,NA,NA,method-specific historical counters; peak memory unavailable,historical; no cross-method wall-time claim,033c5dea4503652a2ef35d4412195cc071bf6319de112f0017f4e46a25e52115
cga-experiments-v1,C1,FEM,p2,NA,17,0.0015895830001682043,NA,NA,NA,NA,2,NA,NA,method-specific historical counters; peak memory unavailable,historical; no cross-method wall-time claim,033c5dea4503652a2ef35d4412195cc071bf6319de112f0017f4e46a25e52115
cga-experiments-v1,C1,FEM,p2,NA,33,0.001350749982520938,NA,NA,NA,NA,2,NA,NA,method-specific historical counters; peak memory unavailable,historical; no cross-method wall-time claim,033c5dea4503652a2ef35d4412195cc071bf6319de112f0017f4e46a25e52115
cga-experiments-v1,C1,FEM,p2,NA,65,0.0017086670268326998,NA,NA,NA,NA,2,NA,NA,method-specific historical counters; peak memory unavailable,historical; no cross-method wall-time claim,033c5dea4503652a2ef35d4412195cc071bf6319de112f0017f4e46a25e52115
cga-experiments-v1,C1,FEM,p2,NA,129,0.0021554999984800816,NA,NA,NA,NA,2,NA,NA,method-specific historical counters; peak memory unavailable,historical; no cross-method wall-time claim,033c5dea4503652a2ef35d4412195cc071bf6319de112f0017f4e46a25e52115
cga-experiments-v1,C1,FEM,p2,NA,257,0.004256875021383166,NA,NA,NA,NA,2,NA,NA,method-specific historical counters; peak memory unavailable,historical; no cross-method wall-time claim,033c5dea4503652a2ef35d4412195cc071bf6319de112f0017f4e46a25e52115
cga-experiments-v1,C1,FEM,p3,NA,4,0.001411957899108529,NA,NA,NA,NA,2,NA,NA,method-specific historical counters; peak memory unavailable,historical; no cross-method wall-time claim,033c5dea4503652a2ef35d4412195cc071bf6319de112f0017f4e46a25e52115
cga-experiments-v1,C1,FEM,p3,NA,7,0.0013238328974694014,NA,NA,NA,NA,2,NA,NA,method-specific historical counters; peak memory unavailable,historical; no cross-method wall-time claim,033c5dea4503652a2ef35d4412195cc071bf6319de112f0017f4e46a25e52115
cga-experiments-v1,C1,FEM,p3,NA,13,0.0013049999251961708,NA,NA,NA,NA,2,NA,NA,method-specific historical counters; peak memory unavailable,historical; no cross-method wall-time claim,033c5dea4503652a2ef35d4412195cc071bf6319de112f0017f4e46a25e52115
cga-experiments-v1,C1,FEM,p3,NA,25,0.0013850829564034939,NA,NA,NA,NA,2,NA,NA,method-specific historical counters; peak memory unavailable,historical; no cross-method wall-time claim,033c5dea4503652a2ef35d4412195cc071bf6319de112f0017f4e46a25e52115
cga-experiments-v1,C1,FEM,p3,NA,49,0.0018134999554604292,NA,NA,NA,NA,2,NA,NA,method-specific historical counters; peak memory unavailable,historical; no cross-method wall-time claim,033c5dea4503652a2ef35d4412195cc071bf6319de112f0017f4e46a25e52115
cga-experiments-v1,C1,FEM,p3,NA,97,0.0019556251354515553,NA,NA,NA,NA,2,NA,NA,method-specific historical counters; peak memory unavailable,historical; no cross-method wall-time claim,033c5dea4503652a2ef35d4412195cc071bf6319de112f0017f4e46a25e52115
cga-experiments-v1,C1,FEM,p3,NA,193,0.002720083110034466,NA,NA,NA,NA,2,NA,NA,method-specific historical counters; peak memory unavailable,historical; no cross-method wall-time claim,033c5dea4503652a2ef35d4412195cc071bf6319de112f0017f4e46a25e52115
cga-experiments-v1,C1,FEM,p3,NA,385,0.0054838748183101416,NA,NA,NA,NA,2,NA,NA,method-specific historical counters; peak memory unavailable,historical; no cross-method wall-time claim,033c5dea4503652a2ef35d4412195cc071bf6319de112f0017f4e46a25e52115
cga-experiments-v1,C2,FEM,p1,NA,5,0.0046838331036269665,NA,NA,NA,NA,14,NA,NA,method-specific historical counters; peak memory unavailable,historical; no cross-method wall-time claim,033c5dea4503652a2ef35d4412195cc071bf6319de112f0017f4e46a25e52115
cga-experiments-v1,C2,FEM,p1,NA,9,0.0053452919237315655,NA,NA,NA,NA,15,NA,NA,method-specific historical counters; peak memory unavailable,historical; no cross-method wall-time claim,033c5dea4503652a2ef35d4412195cc071bf6319de112f0017f4e46a25e52115
cga-experiments-v1,C2,FEM,p1,NA,17,0.005306332837790251,NA,NA,NA,NA,13,NA,NA,method-specific historical counters; peak memory unavailable,historical; no cross-method wall-time claim,033c5dea4503652a2ef35d4412195cc071bf6319de112f0017f4e46a25e52115
cga-experiments-v1,C2,FEM,p1,NA,33,0.1907053750474006,NA,NA,NA,NA,70,NA,NA,method-specific historical counters; peak memory unavailable,historical; no cross-method wall-time claim,033c5dea4503652a2ef35d4412195cc071bf6319de112f0017f4e46a25e52115
cga-experiments-v1,C2,FEM,p1,NA,65,0.00959270796738565,NA,NA,NA,NA,13,NA,NA,method-specific historical counters; peak memory unavailable,historical; no cross-method wall-time claim,033c5dea4503652a2ef35d4412195cc071bf6319de112f0017f4e46a25e52115
cga-experiments-v1,C2,FEM,p1,NA,129,0.024341915966942906,NA,NA,NA,NA,16,NA,NA,method-specific historical counters; peak memory unavailable,historical; no cross-method wall-time claim,033c5dea4503652a2ef35d4412195cc071bf6319de112f0017f4e46a25e52115
cga-experiments-v1,C2,FEM,p1,NA,257,0.031992458971217275,NA,NA,NA,NA,13,NA,NA,method-specific historical counters; peak memory unavailable,historical; no cross-method wall-time claim,033c5dea4503652a2ef35d4412195cc071bf6319de112f0017f4e46a25e52115
cga-experiments-v1,C2,FEM,p2,NA,5,0.006866917014122009,NA,NA,NA,NA,16,NA,NA,method-specific historical counters; peak memory unavailable,historical; no cross-method wall-time claim,033c5dea4503652a2ef35d4412195cc071bf6319de112f0017f4e46a25e52115
cga-experiments-v1,C2,FEM,p2,NA,9,0.006319124950096011,NA,NA,NA,NA,15,NA,NA,method-specific historical counters; peak memory unavailable,historical; no cross-method wall-time claim,033c5dea4503652a2ef35d4412195cc071bf6319de112f0017f4e46a25e52115
cga-experiments-v1,C2,FEM,p2,NA,17,0.006987833883613348,NA,NA,NA,NA,15,NA,NA,method-specific historical counters; peak memory unavailable,historical; no cross-method wall-time claim,033c5dea4503652a2ef35d4412195cc071bf6319de112f0017f4e46a25e52115
cga-experiments-v1,C2,FEM,p2,NA,33,0.006945833098143339,NA,NA,NA,NA,13,NA,NA,method-specific historical counters; peak memory unavailable,historical; no cross-method wall-time claim,033c5dea4503652a2ef35d4412195cc071bf6319de112f0017f4e46a25e52115
cga-experiments-v1,C2,FEM,p2,NA,65,0.008769499836489558,NA,NA,NA,NA,13,NA,NA,method-specific historical counters; peak memory unavailable,historical; no cross-method wall-time claim,033c5dea4503652a2ef35d4412195cc071bf6319de112f0017f4e46a25e52115
cga-experiments-v1,C2,FEM,p2,NA,129,0.0127660830039531,NA,NA,NA,NA,13,NA,NA,method-specific historical counters; peak memory unavailable,historical; no cross-method wall-time claim,033c5dea4503652a2ef35d4412195cc071bf6319de112f0017f4e46a25e52115
cga-experiments-v1,C2,FEM,p2,NA,257,0.03274525003507733,NA,NA,NA,NA,13,NA,NA,method-specific historical counters; peak memory unavailable,historical; no cross-method wall-time claim,033c5dea4503652a2ef35d4412195cc071bf6319de112f0017f4e46a25e52115
cga-experiments-v1,C2,FEM,p3,NA,4,0.0069018329959362745,NA,NA,NA,NA,16,NA,NA,method-specific historical counters; peak memory unavailable,historical; no cross-method wall-time claim,033c5dea4503652a2ef35d4412195cc071bf6319de112f0017f4e46a25e52115
cga-experiments-v1,C2,FEM,p3,NA,7,0.008125708205625415,NA,NA,NA,NA,17,NA,NA,method-specific historical counters; peak memory unavailable,historical; no cross-method wall-time claim,033c5dea4503652a2ef35d4412195cc071bf6319de112f0017f4e46a25e52115
cga-experiments-v1,C2,FEM,p3,NA,13,0.008303374983370304,NA,NA,NA,NA,16,NA,NA,method-specific historical counters; peak memory unavailable,historical; no cross-method wall-time claim,033c5dea4503652a2ef35d4412195cc071bf6319de112f0017f4e46a25e52115
cga-experiments-v1,C2,FEM,p3,NA,25,0.009021834004670382,NA,NA,NA,NA,16,NA,NA,method-specific historical counters; peak memory unavailable,historical; no cross-method wall-time claim,033c5dea4503652a2ef35d4412195cc071bf6319de112f0017f4e46a25e52115
cga-experiments-v1,C2,FEM,p3,NA,49,0.008506583981215954,NA,NA,NA,NA,13,NA,NA,method-specific historical counters; peak memory unavailable,historical; no cross-method wall-time claim,033c5dea4503652a2ef35d4412195cc071bf6319de112f0017f4e46a25e52115
cga-experiments-v1,C2,FEM,p3,NA,97,0.010946667054668069,NA,NA,NA,NA,13,NA,NA,method-specific historical counters; peak memory unavailable,historical; no cross-method wall-time claim,033c5dea4503652a2ef35d4412195cc071bf6319de112f0017f4e46a25e52115
cga-experiments-v1,C2,FEM,p3,NA,193,0.015853249933570623,NA,NA,NA,NA,13,NA,NA,method-specific historical counters; peak memory unavailable,historical; no cross-method wall-time claim,033c5dea4503652a2ef35d4412195cc071bf6319de112f0017f4e46a25e52115
cga-experiments-v1,C2,FEM,p3,NA,385,0.03492262493818998,NA,NA,NA,NA,13,NA,NA,method-specific historical counters; peak memory unavailable,historical; no cross-method wall-time claim,033c5dea4503652a2ef35d4412195cc071bf6319de112f0017f4e46a25e52115
cga-experiments-v1,C3,FEM,p1,NA,4,0.0018103341571986675,NA,NA,NA,NA,4,NA,NA,method-specific historical counters; peak memory unavailable,historical; no cross-method wall-time claim,f1185716ba36107fa52ac0147b2ad9ec518cf3676f5c7e5acbb7c168445cb352
cga-experiments-v1,C3,FEM,p1,NA,9,0.002087458036839962,NA,NA,NA,NA,4,NA,NA,method-specific historical counters; peak memory unavailable,historical; no cross-method wall-time claim,f1185716ba36107fa52ac0147b2ad9ec518cf3676f5c7e5acbb7c168445cb352
cga-experiments-v1,C3,FEM,p1,NA,16,0.0026235419791191816,NA,NA,NA,NA,4,NA,NA,method-specific historical counters; peak memory unavailable,historical; no cross-method wall-time claim,f1185716ba36107fa52ac0147b2ad9ec518cf3676f5c7e5acbb7c168445cb352
cga-experiments-v1,C3,FEM,p1,NA,25,0.003206874942407012,NA,NA,NA,NA,4,NA,NA,method-specific historical counters; peak memory unavailable,historical; no cross-method wall-time claim,f1185716ba36107fa52ac0147b2ad9ec518cf3676f5c7e5acbb7c168445cb352
cga-experiments-v1,C3,FEM,p1,NA,36,0.003984249895438552,NA,NA,NA,NA,4,NA,NA,method-specific historical counters; peak memory unavailable,historical; no cross-method wall-time claim,f1185716ba36107fa52ac0147b2ad9ec518cf3676f5c7e5acbb7c168445cb352
cga-experiments-v1,C3,FEM,p1,NA,49,0.0048870418686419725,NA,NA,NA,NA,4,NA,NA,method-specific historical counters; peak memory unavailable,historical; no cross-method wall-time claim,f1185716ba36107fa52ac0147b2ad9ec518cf3676f5c7e5acbb7c168445cb352
cga-experiments-v1,C3,FEM,p1,NA,81,0.007201333995908499,NA,NA,NA,NA,4,NA,NA,method-specific historical counters; peak memory unavailable,historical; no cross-method wall-time claim,f1185716ba36107fa52ac0147b2ad9ec518cf3676f5c7e5acbb7c168445cb352
cga-experiments-v1,C3,FEM,p1,NA,144,0.013901582919061184,NA,NA,NA,NA,4,NA,NA,method-specific historical counters; peak memory unavailable,historical; no cross-method wall-time claim,f1185716ba36107fa52ac0147b2ad9ec518cf3676f5c7e5acbb7c168445cb352
cga-experiments-v1,C3,FEM,p1,NA,289,0.025617292150855064,NA,NA,NA,NA,4,NA,NA,method-specific historical counters; peak memory unavailable,historical; no cross-method wall-time claim,f1185716ba36107fa52ac0147b2ad9ec518cf3676f5c7e5acbb7c168445cb352
cga-experiments-v1,C3,FEM,p1,NA,529,0.0498364579398185,NA,NA,NA,NA,4,NA,NA,method-specific historical counters; peak memory unavailable,historical; no cross-method wall-time claim,f1185716ba36107fa52ac0147b2ad9ec518cf3676f5c7e5acbb7c168445cb352
cga-experiments-v1,C3,FEM,p2,NA,9,0.0032470000442117453,NA,NA,NA,NA,4,NA,NA,method-specific historical counters; peak memory unavailable,historical; no cross-method wall-time claim,f1185716ba36107fa52ac0147b2ad9ec518cf3676f5c7e5acbb7c168445cb352
cga-experiments-v1,C3,FEM,p2,NA,25,0.0036234171129763126,NA,NA,NA,NA,4,NA,NA,method-specific historical counters; peak memory unavailable,historical; no cross-method wall-time claim,f1185716ba36107fa52ac0147b2ad9ec518cf3676f5c7e5acbb7c168445cb352
cga-experiments-v1,C3,FEM,p2,NA,49,0.004568042000755668,NA,NA,NA,NA,4,NA,NA,method-specific historical counters; peak memory unavailable,historical; no cross-method wall-time claim,f1185716ba36107fa52ac0147b2ad9ec518cf3676f5c7e5acbb7c168445cb352
cga-experiments-v1,C3,FEM,p2,NA,81,0.005716416053473949,NA,NA,NA,NA,4,NA,NA,method-specific historical counters; peak memory unavailable,historical; no cross-method wall-time claim,f1185716ba36107fa52ac0147b2ad9ec518cf3676f5c7e5acbb7c168445cb352
cga-experiments-v1,C3,FEM,p2,NA,121,0.009571040980517864,NA,NA,NA,NA,5,NA,NA,method-specific historical counters; peak memory unavailable,historical; no cross-method wall-time claim,f1185716ba36107fa52ac0147b2ad9ec518cf3676f5c7e5acbb7c168445cb352
cga-experiments-v1,C3,FEM,p2,NA,169,0.011750416830182076,NA,NA,NA,NA,5,NA,NA,method-specific historical counters; peak memory unavailable,historical; no cross-method wall-time claim,f1185716ba36107fa52ac0147b2ad9ec518cf3676f5c7e5acbb7c168445cb352
cga-experiments-v1,C3,FEM,p2,NA,289,0.01449958304874599,NA,NA,NA,NA,4,NA,NA,method-specific historical counters; peak memory unavailable,historical; no cross-method wall-time claim,f1185716ba36107fa52ac0147b2ad9ec518cf3676f5c7e5acbb7c168445cb352
cga-experiments-v1,C3,FEM,p2,NA,529,0.02574091707356274,NA,NA,NA,NA,4,NA,NA,method-specific historical counters; peak memory unavailable,historical; no cross-method wall-time claim,f1185716ba36107fa52ac0147b2ad9ec518cf3676f5c7e5acbb7c168445cb352
cga-experiments-v1,C3,FEM,p3,NA,16,0.004945625085383654,NA,NA,NA,NA,4,NA,NA,method-specific historical counters; peak memory unavailable,historical; no cross-method wall-time claim,f1185716ba36107fa52ac0147b2ad9ec518cf3676f5c7e5acbb7c168445cb352
cga-experiments-v1,C3,FEM,p3,NA,49,0.005944416858255863,NA,NA,NA,NA,4,NA,NA,method-specific historical counters; peak memory unavailable,historical; no cross-method wall-time claim,f1185716ba36107fa52ac0147b2ad9ec518cf3676f5c7e5acbb7c168445cb352
cga-experiments-v1,C3,FEM,p3,NA,100,0.007443291135132313,NA,NA,NA,NA,4,NA,NA,method-specific historical counters; peak memory unavailable,historical; no cross-method wall-time claim,f1185716ba36107fa52ac0147b2ad9ec518cf3676f5c7e5acbb7c168445cb352
cga-experiments-v1,C3,FEM,p3,NA,169,0.009816082892939448,NA,NA,NA,NA,4,NA,NA,method-specific historical counters; peak memory unavailable,historical; no cross-method wall-time claim,f1185716ba36107fa52ac0147b2ad9ec518cf3676f5c7e5acbb7c168445cb352
cga-experiments-v1,C3,FEM,p3,NA,256,0.012441334081813693,NA,NA,NA,NA,4,NA,NA,method-specific historical counters; peak memory unavailable,historical; no cross-method wall-time claim,f1185716ba36107fa52ac0147b2ad9ec518cf3676f5c7e5acbb7c168445cb352
cga-experiments-v1,C3,FEM,p3,NA,484,0.01997741707600653,NA,NA,NA,NA,4,NA,NA,method-specific historical counters; peak memory unavailable,historical; no cross-method wall-time claim,f1185716ba36107fa52ac0147b2ad9ec518cf3676f5c7e5acbb7c168445cb352
cga-experiments-v1,C4,FEM,p1,NA,4,0.01183429197408259,NA,NA,NA,NA,24,NA,NA,method-specific historical counters; peak memory unavailable,historical; no cross-method wall-time claim,033c5dea4503652a2ef35d4412195cc071bf6319de112f0017f4e46a25e52115
cga-experiments-v1,C4,FEM,p1,NA,8,0.012088665971532464,NA,NA,NA,NA,24,NA,NA,method-specific historical counters; peak memory unavailable,historical; no cross-method wall-time claim,033c5dea4503652a2ef35d4412195cc071bf6319de112f0017f4e46a25e52115
cga-experiments-v1,C4,FEM,p1,NA,16,0.014715415891259909,NA,NA,NA,NA,28,NA,NA,method-specific historical counters; peak memory unavailable,historical; no cross-method wall-time claim,033c5dea4503652a2ef35d4412195cc071bf6319de112f0017f4e46a25e52115
cga-experiments-v1,C4,FEM,p1,NA,32,0.01648895815014839,NA,NA,NA,NA,31,NA,NA,method-specific historical counters; peak memory unavailable,historical; no cross-method wall-time claim,033c5dea4503652a2ef35d4412195cc071bf6319de112f0017f4e46a25e52115
cga-experiments-v1,C4,FEM,p1,NA,64,0.0200910831335932,NA,NA,NA,NA,33,NA,NA,method-specific historical counters; peak memory unavailable,historical; no cross-method wall-time claim,033c5dea4503652a2ef35d4412195cc071bf6319de112f0017f4e46a25e52115
cga-experiments-v1,C4,FEM,p1,NA,128,0.02716637495905161,NA,NA,NA,NA,37,NA,NA,method-specific historical counters; peak memory unavailable,historical; no cross-method wall-time claim,033c5dea4503652a2ef35d4412195cc071bf6319de112f0017f4e46a25e52115
cga-experiments-v1,C4,FEM,p1,NA,256,0.0316711668856442,NA,NA,NA,NA,38,NA,NA,method-specific historical counters; peak memory unavailable,historical; no cross-method wall-time claim,033c5dea4503652a2ef35d4412195cc071bf6319de112f0017f4e46a25e52115
cga-experiments-v1,C4,FEM,p2,NA,4,0.014123874949291348,NA,NA,NA,NA,24,NA,NA,method-specific historical counters; peak memory unavailable,historical; no cross-method wall-time claim,033c5dea4503652a2ef35d4412195cc071bf6319de112f0017f4e46a25e52115
cga-experiments-v1,C4,FEM,p2,NA,8,0.016974624944850802,NA,NA,NA,NA,27,NA,NA,method-specific historical counters; peak memory unavailable,historical; no cross-method wall-time claim,033c5dea4503652a2ef35d4412195cc071bf6319de112f0017f4e46a25e52115
cga-experiments-v1,C4,FEM,p2,NA,16,0.016120958840474486,NA,NA,NA,NA,27,NA,NA,method-specific historical counters; peak memory unavailable,historical; no cross-method wall-time claim,033c5dea4503652a2ef35d4412195cc071bf6319de112f0017f4e46a25e52115
cga-experiments-v1,C4,FEM,p2,NA,32,0.019067500019446015,NA,NA,NA,NA,31,NA,NA,method-specific historical counters; peak memory unavailable,historical; no cross-method wall-time claim,033c5dea4503652a2ef35d4412195cc071bf6319de112f0017f4e46a25e52115
cga-experiments-v1,C4,FEM,p2,NA,64,0.02177200000733137,NA,NA,NA,NA,33,NA,NA,method-specific historical counters; peak memory unavailable,historical; no cross-method wall-time claim,033c5dea4503652a2ef35d4412195cc071bf6319de112f0017f4e46a25e52115
cga-experiments-v1,C4,FEM,p2,NA,128,0.025511040817946196,NA,NA,NA,NA,34,NA,NA,method-specific historical counters; peak memory unavailable,historical; no cross-method wall-time claim,033c5dea4503652a2ef35d4412195cc071bf6319de112f0017f4e46a25e52115
cga-experiments-v1,C4,FEM,p2,NA,256,0.034862250089645386,NA,NA,NA,NA,40,NA,NA,method-specific historical counters; peak memory unavailable,historical; no cross-method wall-time claim,033c5dea4503652a2ef35d4412195cc071bf6319de112f0017f4e46a25e52115
cga-experiments-v1,C4,FEM,p3,NA,3,0.01484104199334979,NA,NA,NA,NA,23,NA,NA,method-specific historical counters; peak memory unavailable,historical; no cross-method wall-time claim,033c5dea4503652a2ef35d4412195cc071bf6319de112f0017f4e46a25e52115
cga-experiments-v1,C4,FEM,p3,NA,6,0.12847487512044609,NA,NA,NA,NA,78,NA,NA,method-specific historical counters; peak memory unavailable,historical; no cross-method wall-time claim,033c5dea4503652a2ef35d4412195cc071bf6319de112f0017f4e46a25e52115
cga-experiments-v1,C4,FEM,p3,NA,12,0.01843920792452991,NA,NA,NA,NA,27,NA,NA,method-specific historical counters; peak memory unavailable,historical; no cross-method wall-time claim,033c5dea4503652a2ef35d4412195cc071bf6319de112f0017f4e46a25e52115
cga-experiments-v1,C4,FEM,p3,NA,24,0.018596041947603226,NA,NA,NA,NA,27,NA,NA,method-specific historical counters; peak memory unavailable,historical; no cross-method wall-time claim,033c5dea4503652a2ef35d4412195cc071bf6319de112f0017f4e46a25e52115
cga-experiments-v1,C4,FEM,p3,NA,48,0.031169167021289468,NA,NA,NA,NA,36,NA,NA,method-specific historical counters; peak memory unavailable,historical; no cross-method wall-time claim,033c5dea4503652a2ef35d4412195cc071bf6319de112f0017f4e46a25e52115
cga-experiments-v1,C4,FEM,p3,NA,96,0.028048125095665455,NA,NA,NA,NA,33,NA,NA,method-specific historical counters; peak memory unavailable,historical; no cross-method wall-time claim,033c5dea4503652a2ef35d4412195cc071bf6319de112f0017f4e46a25e52115
cga-experiments-v1,C4,FEM,p3,NA,192,0.10663091694004834,NA,NA,NA,NA,61,NA,NA,method-specific historical counters; peak memory unavailable,historical; no cross-method wall-time claim,033c5dea4503652a2ef35d4412195cc071bf6319de112f0017f4e46a25e52115
cga-experiments-v1,C4,FEM,p3,NA,384,0.06355991610325873,NA,NA,NA,NA,46,NA,NA,method-specific historical counters; peak memory unavailable,historical; no cross-method wall-time claim,033c5dea4503652a2ef35d4412195cc071bf6319de112f0017f4e46a25e52115
cga-experiments-v1,C5,FEM,p1,NA,3,0.01949116587638855,NA,NA,NA,NA,28,NA,NA,method-specific historical counters; peak memory unavailable,historical; no cross-method wall-time claim,f1185716ba36107fa52ac0147b2ad9ec518cf3676f5c7e5acbb7c168445cb352
cga-experiments-v1,C5,FEM,p1,NA,8,0.1673821669537574,NA,NA,NA,NA,80,NA,NA,method-specific historical counters; peak memory unavailable,historical; no cross-method wall-time claim,f1185716ba36107fa52ac0147b2ad9ec518cf3676f5c7e5acbb7c168445cb352
cga-experiments-v1,C5,FEM,p1,NA,15,0.024008208885788918,NA,NA,NA,NA,26,NA,NA,method-specific historical counters; peak memory unavailable,historical; no cross-method wall-time claim,f1185716ba36107fa52ac0147b2ad9ec518cf3676f5c7e5acbb7c168445cb352
cga-experiments-v1,C5,FEM,p1,NA,24,0.026767625007778406,NA,NA,NA,NA,25,NA,NA,method-specific historical counters; peak memory unavailable,historical; no cross-method wall-time claim,f1185716ba36107fa52ac0147b2ad9ec518cf3676f5c7e5acbb7c168445cb352
cga-experiments-v1,C5,FEM,p1,NA,35,0.03170366701669991,NA,NA,NA,NA,25,NA,NA,method-specific historical counters; peak memory unavailable,historical; no cross-method wall-time claim,f1185716ba36107fa52ac0147b2ad9ec518cf3676f5c7e5acbb7c168445cb352
cga-experiments-v1,C5,FEM,p1,NA,48,0.04049562499858439,NA,NA,NA,NA,26,NA,NA,method-specific historical counters; peak memory unavailable,historical; no cross-method wall-time claim,f1185716ba36107fa52ac0147b2ad9ec518cf3676f5c7e5acbb7c168445cb352
cga-experiments-v1,C5,FEM,p1,NA,80,0.06661387486383319,NA,NA,NA,NA,27,NA,NA,method-specific historical counters; peak memory unavailable,historical; no cross-method wall-time claim,f1185716ba36107fa52ac0147b2ad9ec518cf3676f5c7e5acbb7c168445cb352
cga-experiments-v1,C5,FEM,p1,NA,143,0.10952233406715095,NA,NA,NA,NA,28,NA,NA,method-specific historical counters; peak memory unavailable,historical; no cross-method wall-time claim,f1185716ba36107fa52ac0147b2ad9ec518cf3676f5c7e5acbb7c168445cb352
cga-experiments-v1,C5,FEM,p1,NA,288,0.22008404205553234,NA,NA,NA,NA,28,NA,NA,method-specific historical counters; peak memory unavailable,historical; no cross-method wall-time claim,f1185716ba36107fa52ac0147b2ad9ec518cf3676f5c7e5acbb7c168445cb352
cga-experiments-v1,C5,FEM,p1,NA,528,0.8533000422175974,NA,NA,NA,NA,45,NA,NA,method-specific historical counters; peak memory unavailable,historical; no cross-method wall-time claim,f1185716ba36107fa52ac0147b2ad9ec518cf3676f5c7e5acbb7c168445cb352
cga-experiments-v1,C5,FEM,p2,NA,8,0.02647929103113711,NA,NA,NA,NA,26,NA,NA,method-specific historical counters; peak memory unavailable,historical; no cross-method wall-time claim,f1185716ba36107fa52ac0147b2ad9ec518cf3676f5c7e5acbb7c168445cb352
cga-experiments-v1,C5,FEM,p2,NA,24,0.02812720905058086,NA,NA,NA,NA,25,NA,NA,method-specific historical counters; peak memory unavailable,historical; no cross-method wall-time claim,f1185716ba36107fa52ac0147b2ad9ec518cf3676f5c7e5acbb7c168445cb352
cga-experiments-v1,C5,FEM,p2,NA,48,0.04215275007300079,NA,NA,NA,NA,29,NA,NA,method-specific historical counters; peak memory unavailable,historical; no cross-method wall-time claim,f1185716ba36107fa52ac0147b2ad9ec518cf3676f5c7e5acbb7c168445cb352
cga-experiments-v1,C5,FEM,p2,NA,80,0.043967582983896136,NA,NA,NA,NA,26,NA,NA,method-specific historical counters; peak memory unavailable,historical; no cross-method wall-time claim,f1185716ba36107fa52ac0147b2ad9ec518cf3676f5c7e5acbb7c168445cb352
cga-experiments-v1,C5,FEM,p2,NA,120,0.055587457958608866,NA,NA,NA,NA,26,NA,NA,method-specific historical counters; peak memory unavailable,historical; no cross-method wall-time claim,f1185716ba36107fa52ac0147b2ad9ec518cf3676f5c7e5acbb7c168445cb352
cga-experiments-v1,C5,FEM,p2,NA,168,0.07023225002922118,NA,NA,NA,NA,26,NA,NA,method-specific historical counters; peak memory unavailable,historical; no cross-method wall-time claim,f1185716ba36107fa52ac0147b2ad9ec518cf3676f5c7e5acbb7c168445cb352
cga-experiments-v1,C5,FEM,p2,NA,288,0.11794400005601346,NA,NA,NA,NA,27,NA,NA,method-specific historical counters; peak memory unavailable,historical; no cross-method wall-time claim,f1185716ba36107fa52ac0147b2ad9ec518cf3676f5c7e5acbb7c168445cb352
cga-experiments-v1,C5,FEM,p2,NA,528,0.19749816600233316,NA,NA,NA,NA,28,NA,NA,method-specific historical counters; peak memory unavailable,historical; no cross-method wall-time claim,f1185716ba36107fa52ac0147b2ad9ec518cf3676f5c7e5acbb7c168445cb352
cga-experiments-v1,C5,FEM,p3,NA,15,0.31343404203653336,NA,NA,NA,NA,80,NA,NA,method-specific historical counters; peak memory unavailable,historical; no cross-method wall-time claim,f1185716ba36107fa52ac0147b2ad9ec518cf3676f5c7e5acbb7c168445cb352
cga-experiments-v1,C5,FEM,p3,NA,48,0.04771679104305804,NA,NA,NA,NA,25,NA,NA,method-specific historical counters; peak memory unavailable,historical; no cross-method wall-time claim,f1185716ba36107fa52ac0147b2ad9ec518cf3676f5c7e5acbb7c168445cb352
cga-experiments-v1,C5,FEM,p3,NA,99,0.05917700007557869,NA,NA,NA,NA,26,NA,NA,method-specific historical counters; peak memory unavailable,historical; no cross-method wall-time claim,f1185716ba36107fa52ac0147b2ad9ec518cf3676f5c7e5acbb7c168445cb352
cga-experiments-v1,C5,FEM,p3,NA,168,0.0967433750629425,NA,NA,NA,NA,29,NA,NA,method-specific historical counters; peak memory unavailable,historical; no cross-method wall-time claim,f1185716ba36107fa52ac0147b2ad9ec518cf3676f5c7e5acbb7c168445cb352
cga-experiments-v1,C5,FEM,p3,NA,255,0.11507029086351395,NA,NA,NA,NA,30,NA,NA,method-specific historical counters; peak memory unavailable,historical; no cross-method wall-time claim,f1185716ba36107fa52ac0147b2ad9ec518cf3676f5c7e5acbb7c168445cb352
cga-experiments-v1,C5,FEM,p3,NA,483,0.1942281669471413,NA,NA,NA,NA,29,NA,NA,method-specific historical counters; peak memory unavailable,historical; no cross-method wall-time claim,f1185716ba36107fa52ac0147b2ad9ec518cf3676f5c7e5acbb7c168445cb352
cga-experiments-v1,C1,RFM,rfm_relu3,201,8,0.0012996250297874212,NA,NA,NA,NA,1,NA,NA,feature solve counters only; peak memory unavailable,seed201 historical; seeds202-210 same-host mission3,033c5dea4503652a2ef35d4412195cc071bf6319de112f0017f4e46a25e52115
cga-experiments-v1,C1,RFM,rfm_relu3,201,16,0.0009307500440627337,NA,NA,NA,NA,1,NA,NA,feature solve counters only; peak memory unavailable,seed201 historical; seeds202-210 same-host mission3,033c5dea4503652a2ef35d4412195cc071bf6319de112f0017f4e46a25e52115
cga-experiments-v1,C1,RFM,rfm_relu3,201,32,0.00158250005915761,NA,NA,NA,NA,1,NA,NA,feature solve counters only; peak memory unavailable,seed201 historical; seeds202-210 same-host mission3,033c5dea4503652a2ef35d4412195cc071bf6319de112f0017f4e46a25e52115
cga-experiments-v1,C1,RFM,rfm_relu3,201,64,0.004177916795015335,NA,NA,NA,NA,1,NA,NA,feature solve counters only; peak memory unavailable,seed201 historical; seeds202-210 same-host mission3,033c5dea4503652a2ef35d4412195cc071bf6319de112f0017f4e46a25e52115
cga-experiments-v1,C1,RFM,rfm_relu3,201,128,0.009064916986972094,NA,NA,NA,NA,1,NA,NA,feature solve counters only; peak memory unavailable,seed201 historical; seeds202-210 same-host mission3,033c5dea4503652a2ef35d4412195cc071bf6319de112f0017f4e46a25e52115
cga-experiments-v1,C1,RFM,rfm_relu3,201,256,0.01538558304309845,NA,NA,NA,NA,1,NA,NA,feature solve counters only; peak memory unavailable,seed201 historical; seeds202-210 same-host mission3,033c5dea4503652a2ef35d4412195cc071bf6319de112f0017f4e46a25e52115
cga-experiments-v1,C2,RFM,rfm_relu3,201,8,0.001680209068581462,NA,NA,NA,NA,7,NA,NA,feature solve counters only; peak memory unavailable,seed201 historical; seeds202-210 same-host mission3,033c5dea4503652a2ef35d4412195cc071bf6319de112f0017f4e46a25e52115
cga-experiments-v1,C2,RFM,rfm_relu3,201,16,0.0016939579509198666,NA,NA,NA,NA,8,NA,NA,feature solve counters only; peak memory unavailable,seed201 historical; seeds202-210 same-host mission3,033c5dea4503652a2ef35d4412195cc071bf6319de112f0017f4e46a25e52115
cga-experiments-v1,C2,RFM,rfm_relu3,201,32,0.0019152918830513954,NA,NA,NA,NA,9,NA,NA,feature solve counters only; peak memory unavailable,seed201 historical; seeds202-210 same-host mission3,033c5dea4503652a2ef35d4412195cc071bf6319de112f0017f4e46a25e52115
cga-experiments-v1,C2,RFM,rfm_relu3,201,64,0.004404166014865041,NA,NA,NA,NA,18,NA,NA,feature solve counters only; peak memory unavailable,seed201 historical; seeds202-210 same-host mission3,033c5dea4503652a2ef35d4412195cc071bf6319de112f0017f4e46a25e52115
cga-experiments-v1,C2,RFM,rfm_relu3,201,128,0.03736929199658334,NA,NA,NA,NA,111,NA,NA,feature solve counters only; peak memory unavailable,seed201 historical; seeds202-210 same-host mission3,033c5dea4503652a2ef35d4412195cc071bf6319de112f0017f4e46a25e52115
cga-experiments-v1,C2,RFM,rfm_relu3,201,256,0.1655804580077529,NA,NA,NA,NA,219,NA,NA,feature solve counters only; peak memory unavailable,seed201 historical; seeds202-210 same-host mission3,033c5dea4503652a2ef35d4412195cc071bf6319de112f0017f4e46a25e52115
cga-experiments-v1,C3,RFM,rfm_relu3,201,8,0.01867487491108477,NA,NA,NA,NA,4,NA,NA,feature solve counters only; peak memory unavailable,seed201 historical; seeds202-210 same-host mission3,f1185716ba36107fa52ac0147b2ad9ec518cf3676f5c7e5acbb7c168445cb352
cga-experiments-v1,C3,RFM,rfm_relu3,201,16,0.030780083034187555,NA,NA,NA,NA,6,NA,NA,feature solve counters only; peak memory unavailable,seed201 historical; seeds202-210 same-host mission3,f1185716ba36107fa52ac0147b2ad9ec518cf3676f5c7e5acbb7c168445cb352
cga-experiments-v1,C3,RFM,rfm_relu3,201,32,0.0582463750615716,NA,NA,NA,NA,7,NA,NA,feature solve counters only; peak memory unavailable,seed201 historical; seeds202-210 same-host mission3,f1185716ba36107fa52ac0147b2ad9ec518cf3676f5c7e5acbb7c168445cb352
cga-experiments-v1,C3,RFM,rfm_relu3,201,64,0.10092266695573926,NA,NA,NA,NA,5,NA,NA,feature solve counters only; peak memory unavailable,seed201 historical; seeds202-210 same-host mission3,f1185716ba36107fa52ac0147b2ad9ec518cf3676f5c7e5acbb7c168445cb352
cga-experiments-v1,C3,RFM,rfm_relu3,201,128,0.3009757499676198,NA,NA,NA,NA,17,NA,NA,feature solve counters only; peak memory unavailable,seed201 historical; seeds202-210 same-host mission3,f1185716ba36107fa52ac0147b2ad9ec518cf3676f5c7e5acbb7c168445cb352
cga-experiments-v1,C3,RFM,rfm_relu3,201,256,0.7384342500008643,NA,NA,NA,NA,24,NA,NA,feature solve counters only; peak memory unavailable,seed201 historical; seeds202-210 same-host mission3,f1185716ba36107fa52ac0147b2ad9ec518cf3676f5c7e5acbb7c168445cb352
cga-experiments-v1,C3,RFM,rfm_relu3,201,512,5.568543000146747,NA,NA,NA,NA,142,NA,NA,feature solve counters only; peak memory unavailable,seed201 historical; seeds202-210 same-host mission3,f1185716ba36107fa52ac0147b2ad9ec518cf3676f5c7e5acbb7c168445cb352
cga-experiments-v1,C4,RFM,rfm_relu3,201,8,0.0037466250360012054,NA,NA,NA,NA,25,NA,NA,feature solve counters only; peak memory unavailable,seed201 historical; seeds202-210 same-host mission3,033c5dea4503652a2ef35d4412195cc071bf6319de112f0017f4e46a25e52115
cga-experiments-v1,C4,RFM,rfm_relu3,201,16,0.006923582870513201,NA,NA,NA,NA,45,NA,NA,feature solve counters only; peak memory unavailable,seed201 historical; seeds202-210 same-host mission3,033c5dea4503652a2ef35d4412195cc071bf6319de112f0017f4e46a25e52115
cga-experiments-v1,C4,RFM,rfm_relu3,201,32,0.008879083907231688,NA,NA,NA,NA,60,NA,NA,feature solve counters only; peak memory unavailable,seed201 historical; seeds202-210 same-host mission3,033c5dea4503652a2ef35d4412195cc071bf6319de112f0017f4e46a25e52115
cga-experiments-v1,C4,RFM,rfm_relu3,201,64,0.018905249889940023,NA,NA,NA,NA,94,NA,NA,feature solve counters only; peak memory unavailable,seed201 historical; seeds202-210 same-host mission3,033c5dea4503652a2ef35d4412195cc071bf6319de112f0017f4e46a25e52115
cga-experiments-v1,C4,RFM,rfm_relu3,201,128,0.019042290979996324,NA,NA,NA,NA,60,NA,NA,feature solve counters only; peak memory unavailable,seed201 historical; seeds202-210 same-host mission3,033c5dea4503652a2ef35d4412195cc071bf6319de112f0017f4e46a25e52115
cga-experiments-v1,C4,RFM,rfm_relu3,201,256,0.04065870912745595,NA,NA,NA,NA,51,NA,NA,feature solve counters only; peak memory unavailable,seed201 historical; seeds202-210 same-host mission3,033c5dea4503652a2ef35d4412195cc071bf6319de112f0017f4e46a25e52115
cga-experiments-v1,C5,RFM,rfm_relu3,201,8,0.046398208010941744,NA,NA,NA,NA,17,NA,NA,feature solve counters only; peak memory unavailable,seed201 historical; seeds202-210 same-host mission3,f1185716ba36107fa52ac0147b2ad9ec518cf3676f5c7e5acbb7c168445cb352
cga-experiments-v1,C5,RFM,rfm_relu3,201,16,0.05731179192662239,NA,NA,NA,NA,19,NA,NA,feature solve counters only; peak memory unavailable,seed201 historical; seeds202-210 same-host mission3,f1185716ba36107fa52ac0147b2ad9ec518cf3676f5c7e5acbb7c168445cb352
cga-experiments-v1,C5,RFM,rfm_relu3,201,32,0.10401104181073606,NA,NA,NA,NA,22,NA,NA,feature solve counters only; peak memory unavailable,seed201 historical; seeds202-210 same-host mission3,f1185716ba36107fa52ac0147b2ad9ec518cf3676f5c7e5acbb7c168445cb352
cga-experiments-v1,C5,RFM,rfm_relu3,201,64,0.3842599580530077,NA,NA,NA,NA,35,NA,NA,feature solve counters only; peak memory unavailable,seed201 historical; seeds202-210 same-host mission3,f1185716ba36107fa52ac0147b2ad9ec518cf3676f5c7e5acbb7c168445cb352
cga-experiments-v1,C5,RFM,rfm_relu3,201,128,1.918897374998778,NA,NA,NA,NA,131,NA,NA,feature solve counters only; peak memory unavailable,seed201 historical; seeds202-210 same-host mission3,f1185716ba36107fa52ac0147b2ad9ec518cf3676f5c7e5acbb7c168445cb352
cga-experiments-v1,C5,RFM,rfm_relu3,201,256,2.8623375829774886,NA,NA,NA,NA,168,NA,NA,feature solve counters only; peak memory unavailable,seed201 historical; seeds202-210 same-host mission3,f1185716ba36107fa52ac0147b2ad9ec518cf3676f5c7e5acbb7c168445cb352
cga-experiments-v1,C5,RFM,rfm_relu3,201,512,13.341949624940753,NA,NA,NA,NA,400,NA,NA,feature solve counters only; peak memory unavailable,seed201 historical; seeds202-210 same-host mission3,f1185716ba36107fa52ac0147b2ad9ec518cf3676f5c7e5acbb7c168445cb352
cga-experiments-v1,C1,RFM,rfm_relu3,202,8,0.008816167000077257,NA,NA,NA,NA,1,NA,NA,feature solve counters only; peak memory unavailable,seed201 historical; seeds202-210 same-host mission3,033c5dea4503652a2ef35d4412195cc071bf6319de112f0017f4e46a25e52115
cga-experiments-v1,C1,RFM,rfm_relu3,202,16,0.0007075829998939298,NA,NA,NA,NA,1,NA,NA,feature solve counters only; peak memory unavailable,seed201 historical; seeds202-210 same-host mission3,033c5dea4503652a2ef35d4412195cc071bf6319de112f0017f4e46a25e52115
cga-experiments-v1,C1,RFM,rfm_relu3,202,32,0.0014793329999065463,NA,NA,NA,NA,1,NA,NA,feature solve counters only; peak memory unavailable,seed201 historical; seeds202-210 same-host mission3,033c5dea4503652a2ef35d4412195cc071bf6319de112f0017f4e46a25e52115
cga-experiments-v1,C1,RFM,rfm_relu3,202,64,0.004724332999785474,NA,NA,NA,NA,1,NA,NA,feature solve counters only; peak memory unavailable,seed201 historical; seeds202-210 same-host mission3,033c5dea4503652a2ef35d4412195cc071bf6319de112f0017f4e46a25e52115
cga-experiments-v1,C1,RFM,rfm_relu3,202,128,0.007963625000002139,NA,NA,NA,NA,1,NA,NA,feature solve counters only; peak memory unavailable,seed201 historical; seeds202-210 same-host mission3,033c5dea4503652a2ef35d4412195cc071bf6319de112f0017f4e46a25e52115
cga-experiments-v1,C1,RFM,rfm_relu3,202,256,0.014987667000013971,NA,NA,NA,NA,1,NA,NA,feature solve counters only; peak memory unavailable,seed201 historical; seeds202-210 same-host mission3,033c5dea4503652a2ef35d4412195cc071bf6319de112f0017f4e46a25e52115
cga-experiments-v1,C1,RFM,rfm_relu3,203,8,0.00041450000003351306,NA,NA,NA,NA,1,NA,NA,feature solve counters only; peak memory unavailable,seed201 historical; seeds202-210 same-host mission3,033c5dea4503652a2ef35d4412195cc071bf6319de112f0017f4e46a25e52115
cga-experiments-v1,C1,RFM,rfm_relu3,203,16,0.0005302500001107546,NA,NA,NA,NA,1,NA,NA,feature solve counters only; peak memory unavailable,seed201 historical; seeds202-210 same-host mission3,033c5dea4503652a2ef35d4412195cc071bf6319de112f0017f4e46a25e52115
cga-experiments-v1,C1,RFM,rfm_relu3,203,32,0.00106470800005809,NA,NA,NA,NA,1,NA,NA,feature solve counters only; peak memory unavailable,seed201 historical; seeds202-210 same-host mission3,033c5dea4503652a2ef35d4412195cc071bf6319de112f0017f4e46a25e52115
cga-experiments-v1,C1,RFM,rfm_relu3,203,64,0.0022942090001834003,NA,NA,NA,NA,1,NA,NA,feature solve counters only; peak memory unavailable,seed201 historical; seeds202-210 same-host mission3,033c5dea4503652a2ef35d4412195cc071bf6319de112f0017f4e46a25e52115
cga-experiments-v1,C1,RFM,rfm_relu3,203,128,0.007649666999895999,NA,NA,NA,NA,1,NA,NA,feature solve counters only; peak memory unavailable,seed201 historical; seeds202-210 same-host mission3,033c5dea4503652a2ef35d4412195cc071bf6319de112f0017f4e46a25e52115
cga-experiments-v1,C1,RFM,rfm_relu3,203,256,0.014416833000041152,NA,NA,NA,NA,1,NA,NA,feature solve counters only; peak memory unavailable,seed201 historical; seeds202-210 same-host mission3,033c5dea4503652a2ef35d4412195cc071bf6319de112f0017f4e46a25e52115
cga-experiments-v1,C1,RFM,rfm_relu3,204,8,0.00045062499998493877,NA,NA,NA,NA,1,NA,NA,feature solve counters only; peak memory unavailable,seed201 historical; seeds202-210 same-host mission3,033c5dea4503652a2ef35d4412195cc071bf6319de112f0017f4e46a25e52115
cga-experiments-v1,C1,RFM,rfm_relu3,204,16,0.0005018750000544969,NA,NA,NA,NA,1,NA,NA,feature solve counters only; peak memory unavailable,seed201 historical; seeds202-210 same-host mission3,033c5dea4503652a2ef35d4412195cc071bf6319de112f0017f4e46a25e52115
cga-experiments-v1,C1,RFM,rfm_relu3,204,32,0.0011656659999061958,NA,NA,NA,NA,1,NA,NA,feature solve counters only; peak memory unavailable,seed201 historical; seeds202-210 same-host mission3,033c5dea4503652a2ef35d4412195cc071bf6319de112f0017f4e46a25e52115
cga-experiments-v1,C1,RFM,rfm_relu3,204,64,0.0023042919999625155,NA,NA,NA,NA,1,NA,NA,feature solve counters only; peak memory unavailable,seed201 historical; seeds202-210 same-host mission3,033c5dea4503652a2ef35d4412195cc071bf6319de112f0017f4e46a25e52115
cga-experiments-v1,C1,RFM,rfm_relu3,204,128,0.007771667000042726,NA,NA,NA,NA,1,NA,NA,feature solve counters only; peak memory unavailable,seed201 historical; seeds202-210 same-host mission3,033c5dea4503652a2ef35d4412195cc071bf6319de112f0017f4e46a25e52115
cga-experiments-v1,C1,RFM,rfm_relu3,204,256,0.014179124999827764,NA,NA,NA,NA,1,NA,NA,feature solve counters only; peak memory unavailable,seed201 historical; seeds202-210 same-host mission3,033c5dea4503652a2ef35d4412195cc071bf6319de112f0017f4e46a25e52115
cga-experiments-v1,C1,RFM,rfm_relu3,205,8,0.0005616670000563317,NA,NA,NA,NA,1,NA,NA,feature solve counters only; peak memory unavailable,seed201 historical; seeds202-210 same-host mission3,033c5dea4503652a2ef35d4412195cc071bf6319de112f0017f4e46a25e52115
cga-experiments-v1,C1,RFM,rfm_relu3,205,16,0.0010736659999110998,NA,NA,NA,NA,1,NA,NA,feature solve counters only; peak memory unavailable,seed201 historical; seeds202-210 same-host mission3,033c5dea4503652a2ef35d4412195cc071bf6319de112f0017f4e46a25e52115
cga-experiments-v1,C1,RFM,rfm_relu3,205,32,0.0011287079998965055,NA,NA,NA,NA,1,NA,NA,feature solve counters only; peak memory unavailable,seed201 historical; seeds202-210 same-host mission3,033c5dea4503652a2ef35d4412195cc071bf6319de112f0017f4e46a25e52115
cga-experiments-v1,C1,RFM,rfm_relu3,205,64,0.003215999999838459,NA,NA,NA,NA,1,NA,NA,feature solve counters only; peak memory unavailable,seed201 historical; seeds202-210 same-host mission3,033c5dea4503652a2ef35d4412195cc071bf6319de112f0017f4e46a25e52115
cga-experiments-v1,C1,RFM,rfm_relu3,205,128,0.008397333999937473,NA,NA,NA,NA,1,NA,NA,feature solve counters only; peak memory unavailable,seed201 historical; seeds202-210 same-host mission3,033c5dea4503652a2ef35d4412195cc071bf6319de112f0017f4e46a25e52115
cga-experiments-v1,C1,RFM,rfm_relu3,205,256,0.014777332999983628,NA,NA,NA,NA,1,NA,NA,feature solve counters only; peak memory unavailable,seed201 historical; seeds202-210 same-host mission3,033c5dea4503652a2ef35d4412195cc071bf6319de112f0017f4e46a25e52115
cga-experiments-v1,C1,RFM,rfm_relu3,206,8,0.0005277079999359557,NA,NA,NA,NA,1,NA,NA,feature solve counters only; peak memory unavailable,seed201 historical; seeds202-210 same-host mission3,033c5dea4503652a2ef35d4412195cc071bf6319de112f0017f4e46a25e52115
cga-experiments-v1,C1,RFM,rfm_relu3,206,16,0.0005534580000130518,NA,NA,NA,NA,1,NA,NA,feature solve counters only; peak memory unavailable,seed201 historical; seeds202-210 same-host mission3,033c5dea4503652a2ef35d4412195cc071bf6319de112f0017f4e46a25e52115
cga-experiments-v1,C1,RFM,rfm_relu3,206,32,0.001030250000212618,NA,NA,NA,NA,1,NA,NA,feature solve counters only; peak memory unavailable,seed201 historical; seeds202-210 same-host mission3,033c5dea4503652a2ef35d4412195cc071bf6319de112f0017f4e46a25e52115
cga-experiments-v1,C1,RFM,rfm_relu3,206,64,0.002564165999956458,NA,NA,NA,NA,1,NA,NA,feature solve counters only; peak memory unavailable,seed201 historical; seeds202-210 same-host mission3,033c5dea4503652a2ef35d4412195cc071bf6319de112f0017f4e46a25e52115
cga-experiments-v1,C1,RFM,rfm_relu3,206,128,0.007692332999795326,NA,NA,NA,NA,1,NA,NA,feature solve counters only; peak memory unavailable,seed201 historical; seeds202-210 same-host mission3,033c5dea4503652a2ef35d4412195cc071bf6319de112f0017f4e46a25e52115
cga-experiments-v1,C1,RFM,rfm_relu3,206,256,0.013526209000019662,NA,NA,NA,NA,1,NA,NA,feature solve counters only; peak memory unavailable,seed201 historical; seeds202-210 same-host mission3,033c5dea4503652a2ef35d4412195cc071bf6319de112f0017f4e46a25e52115
cga-experiments-v1,C1,RFM,rfm_relu3,207,8,0.00064104199987014,NA,NA,NA,NA,1,NA,NA,feature solve counters only; peak memory unavailable,seed201 historical; seeds202-210 same-host mission3,033c5dea4503652a2ef35d4412195cc071bf6319de112f0017f4e46a25e52115
cga-experiments-v1,C1,RFM,rfm_relu3,207,16,0.0005593339999450109,NA,NA,NA,NA,1,NA,NA,feature solve counters only; peak memory unavailable,seed201 historical; seeds202-210 same-host mission3,033c5dea4503652a2ef35d4412195cc071bf6319de112f0017f4e46a25e52115
cga-experiments-v1,C1,RFM,rfm_relu3,207,32,0.0010495840001567558,NA,NA,NA,NA,1,NA,NA,feature solve counters only; peak memory unavailable,seed201 historical; seeds202-210 same-host mission3,033c5dea4503652a2ef35d4412195cc071bf6319de112f0017f4e46a25e52115
cga-experiments-v1,C1,RFM,rfm_relu3,207,64,0.002640541000118901,NA,NA,NA,NA,1,NA,NA,feature solve counters only; peak memory unavailable,seed201 historical; seeds202-210 same-host mission3,033c5dea4503652a2ef35d4412195cc071bf6319de112f0017f4e46a25e52115
cga-experiments-v1,C1,RFM,rfm_relu3,207,128,0.007693083000049228,NA,NA,NA,NA,1,NA,NA,feature solve counters only; peak memory unavailable,seed201 historical; seeds202-210 same-host mission3,033c5dea4503652a2ef35d4412195cc071bf6319de112f0017f4e46a25e52115
cga-experiments-v1,C1,RFM,rfm_relu3,207,256,0.014382708000084676,NA,NA,NA,NA,1,NA,NA,feature solve counters only; peak memory unavailable,seed201 historical; seeds202-210 same-host mission3,033c5dea4503652a2ef35d4412195cc071bf6319de112f0017f4e46a25e52115
cga-experiments-v1,C1,RFM,rfm_relu3,208,8,0.0004965830000855931,NA,NA,NA,NA,1,NA,NA,feature solve counters only; peak memory unavailable,seed201 historical; seeds202-210 same-host mission3,033c5dea4503652a2ef35d4412195cc071bf6319de112f0017f4e46a25e52115
cga-experiments-v1,C1,RFM,rfm_relu3,208,16,0.000665791999836074,NA,NA,NA,NA,1,NA,NA,feature solve counters only; peak memory unavailable,seed201 historical; seeds202-210 same-host mission3,033c5dea4503652a2ef35d4412195cc071bf6319de112f0017f4e46a25e52115
cga-experiments-v1,C1,RFM,rfm_relu3,208,32,0.0010094579999986308,NA,NA,NA,NA,1,NA,NA,feature solve counters only; peak memory unavailable,seed201 historical; seeds202-210 same-host mission3,033c5dea4503652a2ef35d4412195cc071bf6319de112f0017f4e46a25e52115
cga-experiments-v1,C1,RFM,rfm_relu3,208,64,0.0026237499998842395,NA,NA,NA,NA,1,NA,NA,feature solve counters only; peak memory unavailable,seed201 historical; seeds202-210 same-host mission3,033c5dea4503652a2ef35d4412195cc071bf6319de112f0017f4e46a25e52115
cga-experiments-v1,C1,RFM,rfm_relu3,208,128,0.007998291999911089,NA,NA,NA,NA,1,NA,NA,feature solve counters only; peak memory unavailable,seed201 historical; seeds202-210 same-host mission3,033c5dea4503652a2ef35d4412195cc071bf6319de112f0017f4e46a25e52115
cga-experiments-v1,C1,RFM,rfm_relu3,208,256,0.014571458000091297,NA,NA,NA,NA,1,NA,NA,feature solve counters only; peak memory unavailable,seed201 historical; seeds202-210 same-host mission3,033c5dea4503652a2ef35d4412195cc071bf6319de112f0017f4e46a25e52115
cga-experiments-v1,C1,RFM,rfm_relu3,209,8,0.00043166599994037824,NA,NA,NA,NA,1,NA,NA,feature solve counters only; peak memory unavailable,seed201 historical; seeds202-210 same-host mission3,033c5dea4503652a2ef35d4412195cc071bf6319de112f0017f4e46a25e52115
cga-experiments-v1,C1,RFM,rfm_relu3,209,16,0.0005471249999118299,NA,NA,NA,NA,1,NA,NA,feature solve counters only; peak memory unavailable,seed201 historical; seeds202-210 same-host mission3,033c5dea4503652a2ef35d4412195cc071bf6319de112f0017f4e46a25e52115
cga-experiments-v1,C1,RFM,rfm_relu3,209,32,0.0010169170000153827,NA,NA,NA,NA,1,NA,NA,feature solve counters only; peak memory unavailable,seed201 historical; seeds202-210 same-host mission3,033c5dea4503652a2ef35d4412195cc071bf6319de112f0017f4e46a25e52115
cga-experiments-v1,C1,RFM,rfm_relu3,209,64,0.0025937499999599822,NA,NA,NA,NA,1,NA,NA,feature solve counters only; peak memory unavailable,seed201 historical; seeds202-210 same-host mission3,033c5dea4503652a2ef35d4412195cc071bf6319de112f0017f4e46a25e52115
cga-experiments-v1,C1,RFM,rfm_relu3,209,128,0.007759207999924911,NA,NA,NA,NA,1,NA,NA,feature solve counters only; peak memory unavailable,seed201 historical; seeds202-210 same-host mission3,033c5dea4503652a2ef35d4412195cc071bf6319de112f0017f4e46a25e52115
cga-experiments-v1,C1,RFM,rfm_relu3,209,256,0.015112541000007695,NA,NA,NA,NA,1,NA,NA,feature solve counters only; peak memory unavailable,seed201 historical; seeds202-210 same-host mission3,033c5dea4503652a2ef35d4412195cc071bf6319de112f0017f4e46a25e52115
cga-experiments-v1,C1,RFM,rfm_relu3,210,8,0.0008337919998666621,NA,NA,NA,NA,1,NA,NA,feature solve counters only; peak memory unavailable,seed201 historical; seeds202-210 same-host mission3,033c5dea4503652a2ef35d4412195cc071bf6319de112f0017f4e46a25e52115
cga-experiments-v1,C1,RFM,rfm_relu3,210,16,0.0007765409998228279,NA,NA,NA,NA,1,NA,NA,feature solve counters only; peak memory unavailable,seed201 historical; seeds202-210 same-host mission3,033c5dea4503652a2ef35d4412195cc071bf6319de112f0017f4e46a25e52115
cga-experiments-v1,C1,RFM,rfm_relu3,210,32,0.0011406670000724262,NA,NA,NA,NA,1,NA,NA,feature solve counters only; peak memory unavailable,seed201 historical; seeds202-210 same-host mission3,033c5dea4503652a2ef35d4412195cc071bf6319de112f0017f4e46a25e52115
cga-experiments-v1,C1,RFM,rfm_relu3,210,64,0.00298112499990566,NA,NA,NA,NA,1,NA,NA,feature solve counters only; peak memory unavailable,seed201 historical; seeds202-210 same-host mission3,033c5dea4503652a2ef35d4412195cc071bf6319de112f0017f4e46a25e52115
cga-experiments-v1,C1,RFM,rfm_relu3,210,128,0.007674917000031201,NA,NA,NA,NA,1,NA,NA,feature solve counters only; peak memory unavailable,seed201 historical; seeds202-210 same-host mission3,033c5dea4503652a2ef35d4412195cc071bf6319de112f0017f4e46a25e52115
cga-experiments-v1,C1,RFM,rfm_relu3,210,256,0.01498845900005108,NA,NA,NA,NA,1,NA,NA,feature solve counters only; peak memory unavailable,seed201 historical; seeds202-210 same-host mission3,033c5dea4503652a2ef35d4412195cc071bf6319de112f0017f4e46a25e52115
cga-experiments-v1,C2,RFM,rfm_relu3,202,8,0.006619666999995388,NA,NA,NA,NA,9,NA,NA,feature solve counters only; peak memory unavailable,seed201 historical; seeds202-210 same-host mission3,033c5dea4503652a2ef35d4412195cc071bf6319de112f0017f4e46a25e52115
cga-experiments-v1,C2,RFM,rfm_relu3,202,16,0.0014926670000932063,NA,NA,NA,NA,8,NA,NA,feature solve counters only; peak memory unavailable,seed201 historical; seeds202-210 same-host mission3,033c5dea4503652a2ef35d4412195cc071bf6319de112f0017f4e46a25e52115
cga-experiments-v1,C2,RFM,rfm_relu3,202,32,0.001952124999888838,NA,NA,NA,NA,9,NA,NA,feature solve counters only; peak memory unavailable,seed201 historical; seeds202-210 same-host mission3,033c5dea4503652a2ef35d4412195cc071bf6319de112f0017f4e46a25e52115
cga-experiments-v1,C2,RFM,rfm_relu3,202,64,0.008188541999970766,NA,NA,NA,NA,30,NA,NA,feature solve counters only; peak memory unavailable,seed201 historical; seeds202-210 same-host mission3,033c5dea4503652a2ef35d4412195cc071bf6319de112f0017f4e46a25e52115
cga-experiments-v1,C2,RFM,rfm_relu3,202,128,0.042171458999973765,NA,NA,NA,NA,142,NA,NA,feature solve counters only; peak memory unavailable,seed201 historical; seeds202-210 same-host mission3,033c5dea4503652a2ef35d4412195cc071bf6319de112f0017f4e46a25e52115
cga-experiments-v1,C2,RFM,rfm_relu3,202,256,0.24955666699997892,NA,NA,NA,NA,400,NA,NA,feature solve counters only; peak memory unavailable,seed201 historical; seeds202-210 same-host mission3,033c5dea4503652a2ef35d4412195cc071bf6319de112f0017f4e46a25e52115
cga-experiments-v1,C2,RFM,rfm_relu3,203,8,0.0014789169999858132,NA,NA,NA,NA,8,NA,NA,feature solve counters only; peak memory unavailable,seed201 historical; seeds202-210 same-host mission3,033c5dea4503652a2ef35d4412195cc071bf6319de112f0017f4e46a25e52115
cga-experiments-v1,C2,RFM,rfm_relu3,203,16,0.0012824160000945994,NA,NA,NA,NA,7,NA,NA,feature solve counters only; peak memory unavailable,seed201 historical; seeds202-210 same-host mission3,033c5dea4503652a2ef35d4412195cc071bf6319de112f0017f4e46a25e52115
cga-experiments-v1,C2,RFM,rfm_relu3,203,32,0.001487083000029088,NA,NA,NA,NA,7,NA,NA,feature solve counters only; peak memory unavailable,seed201 historical; seeds202-210 same-host mission3,033c5dea4503652a2ef35d4412195cc071bf6319de112f0017f4e46a25e52115
cga-experiments-v1,C2,RFM,rfm_relu3,203,64,0.0029945419998966827,NA,NA,NA,NA,11,NA,NA,feature solve counters only; peak memory unavailable,seed201 historical; seeds202-210 same-host mission3,033c5dea4503652a2ef35d4412195cc071bf6319de112f0017f4e46a25e52115
cga-experiments-v1,C2,RFM,rfm_relu3,203,128,0.028145541999947454,NA,NA,NA,NA,89,NA,NA,feature solve counters only; peak memory unavailable,seed201 historical; seeds202-210 same-host mission3,033c5dea4503652a2ef35d4412195cc071bf6319de112f0017f4e46a25e52115
cga-experiments-v1,C2,RFM,rfm_relu3,203,256,0.3786312499998985,NA,NA,NA,NA,406,NA,NA,feature solve counters only; peak memory unavailable,seed201 historical; seeds202-210 same-host mission3,033c5dea4503652a2ef35d4412195cc071bf6319de112f0017f4e46a25e52115
cga-experiments-v1,C2,RFM,rfm_relu3,204,8,0.0015082079999046982,NA,NA,NA,NA,8,NA,NA,feature solve counters only; peak memory unavailable,seed201 historical; seeds202-210 same-host mission3,033c5dea4503652a2ef35d4412195cc071bf6319de112f0017f4e46a25e52115
cga-experiments-v1,C2,RFM,rfm_relu3,204,16,0.0016082910001387063,NA,NA,NA,NA,7,NA,NA,feature solve counters only; peak memory unavailable,seed201 historical; seeds202-210 same-host mission3,033c5dea4503652a2ef35d4412195cc071bf6319de112f0017f4e46a25e52115
cga-experiments-v1,C2,RFM,rfm_relu3,204,32,0.0016582090001975303,NA,NA,NA,NA,7,NA,NA,feature solve counters only; peak memory unavailable,seed201 historical; seeds202-210 same-host mission3,033c5dea4503652a2ef35d4412195cc071bf6319de112f0017f4e46a25e52115
cga-experiments-v1,C2,RFM,rfm_relu3,204,64,0.004102208999938739,NA,NA,NA,NA,16,NA,NA,feature solve counters only; peak memory unavailable,seed201 historical; seeds202-210 same-host mission3,033c5dea4503652a2ef35d4412195cc071bf6319de112f0017f4e46a25e52115
cga-experiments-v1,C2,RFM,rfm_relu3,204,128,0.03726441600019825,NA,NA,NA,NA,107,NA,NA,feature solve counters only; peak memory unavailable,seed201 historical; seeds202-210 same-host mission3,033c5dea4503652a2ef35d4412195cc071bf6319de112f0017f4e46a25e52115
cga-experiments-v1,C2,RFM,rfm_relu3,204,256,0.2563383330000306,NA,NA,NA,NA,393,NA,NA,feature solve counters only; peak memory unavailable,seed201 historical; seeds202-210 same-host mission3,033c5dea4503652a2ef35d4412195cc071bf6319de112f0017f4e46a25e52115
cga-experiments-v1,C2,RFM,rfm_relu3,205,8,0.0014484999999240245,NA,NA,NA,NA,8,NA,NA,feature solve counters only; peak memory unavailable,seed201 historical; seeds202-210 same-host mission3,033c5dea4503652a2ef35d4412195cc071bf6319de112f0017f4e46a25e52115
cga-experiments-v1,C2,RFM,rfm_relu3,205,16,0.0014112499998191197,NA,NA,NA,NA,8,NA,NA,feature solve counters only; peak memory unavailable,seed201 historical; seeds202-210 same-host mission3,033c5dea4503652a2ef35d4412195cc071bf6319de112f0017f4e46a25e52115
cga-experiments-v1,C2,RFM,rfm_relu3,205,32,0.001889874999960739,NA,NA,NA,NA,9,NA,NA,feature solve counters only; peak memory unavailable,seed201 historical; seeds202-210 same-host mission3,033c5dea4503652a2ef35d4412195cc071bf6319de112f0017f4e46a25e52115
cga-experiments-v1,C2,RFM,rfm_relu3,205,64,0.004515542000035566,NA,NA,NA,NA,19,NA,NA,feature solve counters only; peak memory unavailable,seed201 historical; seeds202-210 same-host mission3,033c5dea4503652a2ef35d4412195cc071bf6319de112f0017f4e46a25e52115
cga-experiments-v1,C2,RFM,rfm_relu3,205,128,0.0795183329998963,NA,NA,NA,NA,254,NA,NA,feature solve counters only; peak memory unavailable,seed201 historical; seeds202-210 same-host mission3,033c5dea4503652a2ef35d4412195cc071bf6319de112f0017f4e46a25e52115
cga-experiments-v1,C2,RFM,rfm_relu3,205,256,0.5078583340000478,NA,NA,NA,NA,412,NA,NA,feature solve counters only; peak memory unavailable,seed201 historical; seeds202-210 same-host mission3,033c5dea4503652a2ef35d4412195cc071bf6319de112f0017f4e46a25e52115
cga-experiments-v1,C2,RFM,rfm_relu3,206,8,0.0020900000001802255,NA,NA,NA,NA,10,NA,NA,feature solve counters only; peak memory unavailable,seed201 historical; seeds202-210 same-host mission3,033c5dea4503652a2ef35d4412195cc071bf6319de112f0017f4e46a25e52115
cga-experiments-v1,C2,RFM,rfm_relu3,206,16,0.0015112090000002354,NA,NA,NA,NA,9,NA,NA,feature solve counters only; peak memory unavailable,seed201 historical; seeds202-210 same-host mission3,033c5dea4503652a2ef35d4412195cc071bf6319de112f0017f4e46a25e52115
cga-experiments-v1,C2,RFM,rfm_relu3,206,32,0.001539374999993015,NA,NA,NA,NA,7,NA,NA,feature solve counters only; peak memory unavailable,seed201 historical; seeds202-210 same-host mission3,033c5dea4503652a2ef35d4412195cc071bf6319de112f0017f4e46a25e52115
cga-experiments-v1,C2,RFM,rfm_relu3,206,64,0.003204541999821231,NA,NA,NA,NA,12,NA,NA,feature solve counters only; peak memory unavailable,seed201 historical; seeds202-210 same-host mission3,033c5dea4503652a2ef35d4412195cc071bf6319de112f0017f4e46a25e52115
cga-experiments-v1,C2,RFM,rfm_relu3,206,128,0.023639375000129803,NA,NA,NA,NA,64,NA,NA,feature solve counters only; peak memory unavailable,seed201 historical; seeds202-210 same-host mission3,033c5dea4503652a2ef35d4412195cc071bf6319de112f0017f4e46a25e52115
cga-experiments-v1,C2,RFM,rfm_relu3,206,256,0.2862685000000056,NA,NA,NA,NA,400,NA,NA,feature solve counters only; peak memory unavailable,seed201 historical; seeds202-210 same-host mission3,033c5dea4503652a2ef35d4412195cc071bf6319de112f0017f4e46a25e52115
cga-experiments-v1,C2,RFM,rfm_relu3,207,8,0.0016703329999927519,NA,NA,NA,NA,8,NA,NA,feature solve counters only; peak memory unavailable,seed201 historical; seeds202-210 same-host mission3,033c5dea4503652a2ef35d4412195cc071bf6319de112f0017f4e46a25e52115
cga-experiments-v1,C2,RFM,rfm_relu3,207,16,0.001408167000136018,NA,NA,NA,NA,8,NA,NA,feature solve counters only; peak memory unavailable,seed201 historical; seeds202-210 same-host mission3,033c5dea4503652a2ef35d4412195cc071bf6319de112f0017f4e46a25e52115
cga-experiments-v1,C2,RFM,rfm_relu3,207,32,0.0014860839999073505,NA,NA,NA,NA,7,NA,NA,feature solve counters only; peak memory unavailable,seed201 historical; seeds202-210 same-host mission3,033c5dea4503652a2ef35d4412195cc071bf6319de112f0017f4e46a25e52115
cga-experiments-v1,C2,RFM,rfm_relu3,207,64,0.00393445800000336,NA,NA,NA,NA,17,NA,NA,feature solve counters only; peak memory unavailable,seed201 historical; seeds202-210 same-host mission3,033c5dea4503652a2ef35d4412195cc071bf6319de112f0017f4e46a25e52115
cga-experiments-v1,C2,RFM,rfm_relu3,207,128,0.02993079099996976,NA,NA,NA,NA,93,NA,NA,feature solve counters only; peak memory unavailable,seed201 historical; seeds202-210 same-host mission3,033c5dea4503652a2ef35d4412195cc071bf6319de112f0017f4e46a25e52115
cga-experiments-v1,C2,RFM,rfm_relu3,207,256,0.2690432500000952,NA,NA,NA,NA,398,NA,NA,feature solve counters only; peak memory unavailable,seed201 historical; seeds202-210 same-host mission3,033c5dea4503652a2ef35d4412195cc071bf6319de112f0017f4e46a25e52115
cga-experiments-v1,C2,RFM,rfm_relu3,208,8,0.0017357079998419067,NA,NA,NA,NA,8,NA,NA,feature solve counters only; peak memory unavailable,seed201 historical; seeds202-210 same-host mission3,033c5dea4503652a2ef35d4412195cc071bf6319de112f0017f4e46a25e52115
cga-experiments-v1,C2,RFM,rfm_relu3,208,16,0.0016420409999682306,NA,NA,NA,NA,7,NA,NA,feature solve counters only; peak memory unavailable,seed201 historical; seeds202-210 same-host mission3,033c5dea4503652a2ef35d4412195cc071bf6319de112f0017f4e46a25e52115
cga-experiments-v1,C2,RFM,rfm_relu3,208,32,0.0022914579999451234,NA,NA,NA,NA,11,NA,NA,feature solve counters only; peak memory unavailable,seed201 historical; seeds202-210 same-host mission3,033c5dea4503652a2ef35d4412195cc071bf6319de112f0017f4e46a25e52115
cga-experiments-v1,C2,RFM,rfm_relu3,208,64,0.006402167000032932,NA,NA,NA,NA,30,NA,NA,feature solve counters only; peak memory unavailable,seed201 historical; seeds202-210 same-host mission3,033c5dea4503652a2ef35d4412195cc071bf6319de112f0017f4e46a25e52115
cga-experiments-v1,C2,RFM,rfm_relu3,208,128,0.039112166999984765,NA,NA,NA,NA,119,NA,NA,feature solve counters only; peak memory unavailable,seed201 historical; seeds202-210 same-host mission3,033c5dea4503652a2ef35d4412195cc071bf6319de112f0017f4e46a25e52115
cga-experiments-v1,C2,RFM,rfm_relu3,208,256,0.28254291600001125,NA,NA,NA,NA,400,NA,NA,feature solve counters only; peak memory unavailable,seed201 historical; seeds202-210 same-host mission3,033c5dea4503652a2ef35d4412195cc071bf6319de112f0017f4e46a25e52115
cga-experiments-v1,C2,RFM,rfm_relu3,209,8,0.0015767499999128631,NA,NA,NA,NA,8,NA,NA,feature solve counters only; peak memory unavailable,seed201 historical; seeds202-210 same-host mission3,033c5dea4503652a2ef35d4412195cc071bf6319de112f0017f4e46a25e52115
cga-experiments-v1,C2,RFM,rfm_relu3,209,16,0.0014412919999813312,NA,NA,NA,NA,8,NA,NA,feature solve counters only; peak memory unavailable,seed201 historical; seeds202-210 same-host mission3,033c5dea4503652a2ef35d4412195cc071bf6319de112f0017f4e46a25e52115
cga-experiments-v1,C2,RFM,rfm_relu3,209,32,0.0015509579998251866,NA,NA,NA,NA,7,NA,NA,feature solve counters only; peak memory unavailable,seed201 historical; seeds202-210 same-host mission3,033c5dea4503652a2ef35d4412195cc071bf6319de112f0017f4e46a25e52115
cga-experiments-v1,C2,RFM,rfm_relu3,209,64,0.005914707999863822,NA,NA,NA,NA,26,NA,NA,feature solve counters only; peak memory unavailable,seed201 historical; seeds202-210 same-host mission3,033c5dea4503652a2ef35d4412195cc071bf6319de112f0017f4e46a25e52115
cga-experiments-v1,C2,RFM,rfm_relu3,209,128,0.05309754200015959,NA,NA,NA,NA,172,NA,NA,feature solve counters only; peak memory unavailable,seed201 historical; seeds202-210 same-host mission3,033c5dea4503652a2ef35d4412195cc071bf6319de112f0017f4e46a25e52115
cga-experiments-v1,C2,RFM,rfm_relu3,209,256,0.28099362499983727,NA,NA,NA,NA,400,NA,NA,feature solve counters only; peak memory unavailable,seed201 historical; seeds202-210 same-host mission3,033c5dea4503652a2ef35d4412195cc071bf6319de112f0017f4e46a25e52115
cga-experiments-v1,C2,RFM,rfm_relu3,210,8,0.003212040999869714,NA,NA,NA,NA,11,NA,NA,feature solve counters only; peak memory unavailable,seed201 historical; seeds202-210 same-host mission3,033c5dea4503652a2ef35d4412195cc071bf6319de112f0017f4e46a25e52115
cga-experiments-v1,C2,RFM,rfm_relu3,210,16,0.0014894579999236157,NA,NA,NA,NA,9,NA,NA,feature solve counters only; peak memory unavailable,seed201 historical; seeds202-210 same-host mission3,033c5dea4503652a2ef35d4412195cc071bf6319de112f0017f4e46a25e52115
cga-experiments-v1,C2,RFM,rfm_relu3,210,32,0.0014761250001811277,NA,NA,NA,NA,7,NA,NA,feature solve counters only; peak memory unavailable,seed201 historical; seeds202-210 same-host mission3,033c5dea4503652a2ef35d4412195cc071bf6319de112f0017f4e46a25e52115
cga-experiments-v1,C2,RFM,rfm_relu3,210,64,0.004266749999942476,NA,NA,NA,NA,19,NA,NA,feature solve counters only; peak memory unavailable,seed201 historical; seeds202-210 same-host mission3,033c5dea4503652a2ef35d4412195cc071bf6319de112f0017f4e46a25e52115
cga-experiments-v1,C2,RFM,rfm_relu3,210,128,0.0302478329999758,NA,NA,NA,NA,91,NA,NA,feature solve counters only; peak memory unavailable,seed201 historical; seeds202-210 same-host mission3,033c5dea4503652a2ef35d4412195cc071bf6319de112f0017f4e46a25e52115
cga-experiments-v1,C2,RFM,rfm_relu3,210,256,0.255211749999944,NA,NA,NA,NA,392,NA,NA,feature solve counters only; peak memory unavailable,seed201 historical; seeds202-210 same-host mission3,033c5dea4503652a2ef35d4412195cc071bf6319de112f0017f4e46a25e52115
cga-experiments-v1,C3,RFM,rfm_relu3,202,8,0.032796374999861655,NA,NA,NA,NA,6,NA,NA,feature solve counters only; peak memory unavailable,seed201 historical; seeds202-210 same-host mission3,f1185716ba36107fa52ac0147b2ad9ec518cf3676f5c7e5acbb7c168445cb352
cga-experiments-v1,C3,RFM,rfm_relu3,202,16,0.031045958000049723,NA,NA,NA,NA,6,NA,NA,feature solve counters only; peak memory unavailable,seed201 historical; seeds202-210 same-host mission3,f1185716ba36107fa52ac0147b2ad9ec518cf3676f5c7e5acbb7c168445cb352
cga-experiments-v1,C3,RFM,rfm_relu3,202,32,0.05829441600008067,NA,NA,NA,NA,7,NA,NA,feature solve counters only; peak memory unavailable,seed201 historical; seeds202-210 same-host mission3,f1185716ba36107fa52ac0147b2ad9ec518cf3676f5c7e5acbb7c168445cb352
cga-experiments-v1,C3,RFM,rfm_relu3,202,64,0.1058650420000049,NA,NA,NA,NA,6,NA,NA,feature solve counters only; peak memory unavailable,seed201 historical; seeds202-210 same-host mission3,f1185716ba36107fa52ac0147b2ad9ec518cf3676f5c7e5acbb7c168445cb352
cga-experiments-v1,C3,RFM,rfm_relu3,202,128,0.39493575000005876,NA,NA,NA,NA,29,NA,NA,feature solve counters only; peak memory unavailable,seed201 historical; seeds202-210 same-host mission3,f1185716ba36107fa52ac0147b2ad9ec518cf3676f5c7e5acbb7c168445cb352
cga-experiments-v1,C3,RFM,rfm_relu3,202,256,0.9169085830001222,NA,NA,NA,NA,37,NA,NA,feature solve counters only; peak memory unavailable,seed201 historical; seeds202-210 same-host mission3,f1185716ba36107fa52ac0147b2ad9ec518cf3676f5c7e5acbb7c168445cb352
cga-experiments-v1,C3,RFM,rfm_relu3,202,512,11.175414707999835,NA,NA,NA,NA,333,NA,NA,feature solve counters only; peak memory unavailable,seed201 historical; seeds202-210 same-host mission3,f1185716ba36107fa52ac0147b2ad9ec518cf3676f5c7e5acbb7c168445cb352
cga-experiments-v1,C3,RFM,rfm_relu3,203,8,0.03660158299999239,NA,NA,NA,NA,5,NA,NA,feature solve counters only; peak memory unavailable,seed201 historical; seeds202-210 same-host mission3,f1185716ba36107fa52ac0147b2ad9ec518cf3676f5c7e5acbb7c168445cb352
cga-experiments-v1,C3,RFM,rfm_relu3,203,16,0.030702582999992956,NA,NA,NA,NA,6,NA,NA,feature solve counters only; peak memory unavailable,seed201 historical; seeds202-210 same-host mission3,f1185716ba36107fa52ac0147b2ad9ec518cf3676f5c7e5acbb7c168445cb352
cga-experiments-v1,C3,RFM,rfm_relu3,203,32,0.04831691699996554,NA,NA,NA,NA,6,NA,NA,feature solve counters only; peak memory unavailable,seed201 historical; seeds202-210 same-host mission3,f1185716ba36107fa52ac0147b2ad9ec518cf3676f5c7e5acbb7c168445cb352
cga-experiments-v1,C3,RFM,rfm_relu3,203,64,0.1348252909999701,NA,NA,NA,NA,9,NA,NA,feature solve counters only; peak memory unavailable,seed201 historical; seeds202-210 same-host mission3,f1185716ba36107fa52ac0147b2ad9ec518cf3676f5c7e5acbb7c168445cb352
cga-experiments-v1,C3,RFM,rfm_relu3,203,128,0.4717693750001217,NA,NA,NA,NA,34,NA,NA,feature solve counters only; peak memory unavailable,seed201 historical; seeds202-210 same-host mission3,f1185716ba36107fa52ac0147b2ad9ec518cf3676f5c7e5acbb7c168445cb352
cga-experiments-v1,C3,RFM,rfm_relu3,203,256,2.2157193329999245,NA,NA,NA,NA,127,NA,NA,feature solve counters only; peak memory unavailable,seed201 historical; seeds202-210 same-host mission3,f1185716ba36107fa52ac0147b2ad9ec518cf3676f5c7e5acbb7c168445cb352
cga-experiments-v1,C3,RFM,rfm_relu3,203,512,25.501770708000095,NA,NA,NA,NA,416,NA,NA,feature solve counters only; peak memory unavailable,seed201 historical; seeds202-210 same-host mission3,f1185716ba36107fa52ac0147b2ad9ec518cf3676f5c7e5acbb7c168445cb352
cga-experiments-v1,C3,RFM,rfm_relu3,204,8,0.03658470799996394,NA,NA,NA,NA,5,NA,NA,feature solve counters only; peak memory unavailable,seed201 historical; seeds202-210 same-host mission3,f1185716ba36107fa52ac0147b2ad9ec518cf3676f5c7e5acbb7c168445cb352
cga-experiments-v1,C3,RFM,rfm_relu3,204,16,0.03286379200017109,NA,NA,NA,NA,7,NA,NA,feature solve counters only; peak memory unavailable,seed201 historical; seeds202-210 same-host mission3,f1185716ba36107fa52ac0147b2ad9ec518cf3676f5c7e5acbb7c168445cb352
cga-experiments-v1,C3,RFM,rfm_relu3,204,32,0.050465917000110494,NA,NA,NA,NA,6,NA,NA,feature solve counters only; peak memory unavailable,seed201 historical; seeds202-210 same-host mission3,f1185716ba36107fa52ac0147b2ad9ec518cf3676f5c7e5acbb7c168445cb352
cga-experiments-v1,C3,RFM,rfm_relu3,204,64,0.10003641699995569,NA,NA,NA,NA,5,NA,NA,feature solve counters only; peak memory unavailable,seed201 historical; seeds202-210 same-host mission3,f1185716ba36107fa52ac0147b2ad9ec518cf3676f5c7e5acbb7c168445cb352
cga-experiments-v1,C3,RFM,rfm_relu3,204,128,0.3737194170000748,NA,NA,NA,NA,24,NA,NA,feature solve counters only; peak memory unavailable,seed201 historical; seeds202-210 same-host mission3,f1185716ba36107fa52ac0147b2ad9ec518cf3676f5c7e5acbb7c168445cb352
cga-experiments-v1,C3,RFM,rfm_relu3,204,256,0.968122208000068,NA,NA,NA,NA,42,NA,NA,feature solve counters only; peak memory unavailable,seed201 historical; seeds202-210 same-host mission3,f1185716ba36107fa52ac0147b2ad9ec518cf3676f5c7e5acbb7c168445cb352
cga-experiments-v1,C3,RFM,rfm_relu3,204,512,37.56100174999983,NA,NA,NA,NA,410,NA,NA,feature solve counters only; peak memory unavailable,seed201 historical; seeds202-210 same-host mission3,f1185716ba36107fa52ac0147b2ad9ec518cf3676f5c7e5acbb7c168445cb352
cga-experiments-v1,C3,RFM,rfm_relu3,205,8,0.03906995900001675,NA,NA,NA,NA,5,NA,NA,feature solve counters only; peak memory unavailable,seed201 historical; seeds202-210 same-host mission3,f1185716ba36107fa52ac0147b2ad9ec518cf3676f5c7e5acbb7c168445cb352
cga-experiments-v1,C3,RFM,rfm_relu3,205,16,0.0317894580000484,NA,NA,NA,NA,6,NA,NA,feature solve counters only; peak memory unavailable,seed201 historical; seeds202-210 same-host mission3,f1185716ba36107fa52ac0147b2ad9ec518cf3676f5c7e5acbb7c168445cb352
cga-experiments-v1,C3,RFM,rfm_relu3,205,32,0.04895966599997337,NA,NA,NA,NA,6,NA,NA,feature solve counters only; peak memory unavailable,seed201 historical; seeds202-210 same-host mission3,f1185716ba36107fa52ac0147b2ad9ec518cf3676f5c7e5acbb7c168445cb352
cga-experiments-v1,C3,RFM,rfm_relu3,205,64,0.10507141700009015,NA,NA,NA,NA,6,NA,NA,feature solve counters only; peak memory unavailable,seed201 historical; seeds202-210 same-host mission3,f1185716ba36107fa52ac0147b2ad9ec518cf3676f5c7e5acbb7c168445cb352
cga-experiments-v1,C3,RFM,rfm_relu3,205,128,0.36759200000005876,NA,NA,NA,NA,26,NA,NA,feature solve counters only; peak memory unavailable,seed201 historical; seeds202-210 same-host mission3,f1185716ba36107fa52ac0147b2ad9ec518cf3676f5c7e5acbb7c168445cb352
cga-experiments-v1,C3,RFM,rfm_relu3,205,256,0.9054039590000684,NA,NA,NA,NA,39,NA,NA,feature solve counters only; peak memory unavailable,seed201 historical; seeds202-210 same-host mission3,f1185716ba36107fa52ac0147b2ad9ec518cf3676f5c7e5acbb7c168445cb352
cga-experiments-v1,C3,RFM,rfm_relu3,205,512,3.6992162920000737,NA,NA,NA,NA,99,NA,NA,feature solve counters only; peak memory unavailable,seed201 historical; seeds202-210 same-host mission3,f1185716ba36107fa52ac0147b2ad9ec518cf3676f5c7e5acbb7c168445cb352
cga-experiments-v1,C3,RFM,rfm_relu3,206,8,0.03845404200001212,NA,NA,NA,NA,3,NA,NA,feature solve counters only; peak memory unavailable,seed201 historical; seeds202-210 same-host mission3,f1185716ba36107fa52ac0147b2ad9ec518cf3676f5c7e5acbb7c168445cb352
cga-experiments-v1,C3,RFM,rfm_relu3,206,16,0.03244937499994194,NA,NA,NA,NA,7,NA,NA,feature solve counters only; peak memory unavailable,seed201 historical; seeds202-210 same-host mission3,f1185716ba36107fa52ac0147b2ad9ec518cf3676f5c7e5acbb7c168445cb352
cga-experiments-v1,C3,RFM,rfm_relu3,206,32,0.050349999999980355,NA,NA,NA,NA,7,NA,NA,feature solve counters only; peak memory unavailable,seed201 historical; seeds202-210 same-host mission3,f1185716ba36107fa52ac0147b2ad9ec518cf3676f5c7e5acbb7c168445cb352
cga-experiments-v1,C3,RFM,rfm_relu3,206,64,0.11015825000004043,NA,NA,NA,NA,7,NA,NA,feature solve counters only; peak memory unavailable,seed201 historical; seeds202-210 same-host mission3,f1185716ba36107fa52ac0147b2ad9ec518cf3676f5c7e5acbb7c168445cb352
cga-experiments-v1,C3,RFM,rfm_relu3,206,128,0.30892004099996484,NA,NA,NA,NA,18,NA,NA,feature solve counters only; peak memory unavailable,seed201 historical; seeds202-210 same-host mission3,f1185716ba36107fa52ac0147b2ad9ec518cf3676f5c7e5acbb7c168445cb352
cga-experiments-v1,C3,RFM,rfm_relu3,206,256,0.5897117920001165,NA,NA,NA,NA,17,NA,NA,feature solve counters only; peak memory unavailable,seed201 historical; seeds202-210 same-host mission3,f1185716ba36107fa52ac0147b2ad9ec518cf3676f5c7e5acbb7c168445cb352
cga-experiments-v1,C3,RFM,rfm_relu3,206,512,3.345197707999887,NA,NA,NA,NA,86,NA,NA,feature solve counters only; peak memory unavailable,seed201 historical; seeds202-210 same-host mission3,f1185716ba36107fa52ac0147b2ad9ec518cf3676f5c7e5acbb7c168445cb352
cga-experiments-v1,C3,RFM,rfm_relu3,207,8,0.04375387499999306,NA,NA,NA,NA,6,NA,NA,feature solve counters only; peak memory unavailable,seed201 historical; seeds202-210 same-host mission3,f1185716ba36107fa52ac0147b2ad9ec518cf3676f5c7e5acbb7c168445cb352
cga-experiments-v1,C3,RFM,rfm_relu3,207,16,0.03074658300010924,NA,NA,NA,NA,6,NA,NA,feature solve counters only; peak memory unavailable,seed201 historical; seeds202-210 same-host mission3,f1185716ba36107fa52ac0147b2ad9ec518cf3676f5c7e5acbb7c168445cb352
cga-experiments-v1,C3,RFM,rfm_relu3,207,32,0.049163458000066385,NA,NA,NA,NA,6,NA,NA,feature solve counters only; peak memory unavailable,seed201 historical; seeds202-210 same-host mission3,f1185716ba36107fa52ac0147b2ad9ec518cf3676f5c7e5acbb7c168445cb352
cga-experiments-v1,C3,RFM,rfm_relu3,207,64,0.10314775000006193,NA,NA,NA,NA,6,NA,NA,feature solve counters only; peak memory unavailable,seed201 historical; seeds202-210 same-host mission3,f1185716ba36107fa52ac0147b2ad9ec518cf3676f5c7e5acbb7c168445cb352
cga-experiments-v1,C3,RFM,rfm_relu3,207,128,0.5044396670000424,NA,NA,NA,NA,44,NA,NA,feature solve counters only; peak memory unavailable,seed201 historical; seeds202-210 same-host mission3,f1185716ba36107fa52ac0147b2ad9ec518cf3676f5c7e5acbb7c168445cb352
cga-experiments-v1,C3,RFM,rfm_relu3,207,256,1.5739934159998938,NA,NA,NA,NA,85,NA,NA,feature solve counters only; peak memory unavailable,seed201 historical; seeds202-210 same-host mission3,f1185716ba36107fa52ac0147b2ad9ec518cf3676f5c7e5acbb7c168445cb352
cga-experiments-v1,C3,RFM,rfm_relu3,207,512,24.920624750000115,NA,NA,NA,NA,404,NA,NA,feature solve counters only; peak memory unavailable,seed201 historical; seeds202-210 same-host mission3,f1185716ba36107fa52ac0147b2ad9ec518cf3676f5c7e5acbb7c168445cb352
cga-experiments-v1,C3,RFM,rfm_relu3,208,8,0.03381074999992961,NA,NA,NA,NA,4,NA,NA,feature solve counters only; peak memory unavailable,seed201 historical; seeds202-210 same-host mission3,f1185716ba36107fa52ac0147b2ad9ec518cf3676f5c7e5acbb7c168445cb352
cga-experiments-v1,C3,RFM,rfm_relu3,208,16,0.042875332999983584,NA,NA,NA,NA,6,NA,NA,feature solve counters only; peak memory unavailable,seed201 historical; seeds202-210 same-host mission3,f1185716ba36107fa52ac0147b2ad9ec518cf3676f5c7e5acbb7c168445cb352
cga-experiments-v1,C3,RFM,rfm_relu3,208,32,0.04883841699984259,NA,NA,NA,NA,6,NA,NA,feature solve counters only; peak memory unavailable,seed201 historical; seeds202-210 same-host mission3,f1185716ba36107fa52ac0147b2ad9ec518cf3676f5c7e5acbb7c168445cb352
cga-experiments-v1,C3,RFM,rfm_relu3,208,64,0.10737908300006893,NA,NA,NA,NA,6,NA,NA,feature solve counters only; peak memory unavailable,seed201 historical; seeds202-210 same-host mission3,f1185716ba36107fa52ac0147b2ad9ec518cf3676f5c7e5acbb7c168445cb352
cga-experiments-v1,C3,RFM,rfm_relu3,208,128,0.25731500000006235,NA,NA,NA,NA,13,NA,NA,feature solve counters only; peak memory unavailable,seed201 historical; seeds202-210 same-host mission3,f1185716ba36107fa52ac0147b2ad9ec518cf3676f5c7e5acbb7c168445cb352
cga-experiments-v1,C3,RFM,rfm_relu3,208,256,1.123162916999945,NA,NA,NA,NA,55,NA,NA,feature solve counters only; peak memory unavailable,seed201 historical; seeds202-210 same-host mission3,f1185716ba36107fa52ac0147b2ad9ec518cf3676f5c7e5acbb7c168445cb352
cga-experiments-v1,C3,RFM,rfm_relu3,208,512,15.608551375000161,NA,NA,NA,NA,403,NA,NA,feature solve counters only; peak memory unavailable,seed201 historical; seeds202-210 same-host mission3,f1185716ba36107fa52ac0147b2ad9ec518cf3676f5c7e5acbb7c168445cb352
cga-experiments-v1,C3,RFM,rfm_relu3,209,8,0.03564129099981983,NA,NA,NA,NA,4,NA,NA,feature solve counters only; peak memory unavailable,seed201 historical; seeds202-210 same-host mission3,f1185716ba36107fa52ac0147b2ad9ec518cf3676f5c7e5acbb7c168445cb352
cga-experiments-v1,C3,RFM,rfm_relu3,209,16,0.03201349999994818,NA,NA,NA,NA,6,NA,NA,feature solve counters only; peak memory unavailable,seed201 historical; seeds202-210 same-host mission3,f1185716ba36107fa52ac0147b2ad9ec518cf3676f5c7e5acbb7c168445cb352
cga-experiments-v1,C3,RFM,rfm_relu3,209,32,0.0540133340000466,NA,NA,NA,NA,7,NA,NA,feature solve counters only; peak memory unavailable,seed201 historical; seeds202-210 same-host mission3,f1185716ba36107fa52ac0147b2ad9ec518cf3676f5c7e5acbb7c168445cb352
cga-experiments-v1,C3,RFM,rfm_relu3,209,64,0.11807358300006854,NA,NA,NA,NA,8,NA,NA,feature solve counters only; peak memory unavailable,seed201 historical; seeds202-210 same-host mission3,f1185716ba36107fa52ac0147b2ad9ec518cf3676f5c7e5acbb7c168445cb352
cga-experiments-v1,C3,RFM,rfm_relu3,209,128,3.140015790999996,NA,NA,NA,NA,133,NA,NA,feature solve counters only; peak memory unavailable,seed201 historical; seeds202-210 same-host mission3,f1185716ba36107fa52ac0147b2ad9ec518cf3676f5c7e5acbb7c168445cb352
cga-experiments-v1,C3,RFM,rfm_relu3,209,256,1.6185146249999889,NA,NA,NA,NA,65,NA,NA,feature solve counters only; peak memory unavailable,seed201 historical; seeds202-210 same-host mission3,f1185716ba36107fa52ac0147b2ad9ec518cf3676f5c7e5acbb7c168445cb352
cga-experiments-v1,C3,RFM,rfm_relu3,209,512,8.451288292000072,NA,NA,NA,NA,226,NA,NA,feature solve counters only; peak memory unavailable,seed201 historical; seeds202-210 same-host mission3,f1185716ba36107fa52ac0147b2ad9ec518cf3676f5c7e5acbb7c168445cb352
cga-experiments-v1,C3,RFM,rfm_relu3,210,8,0.03786091700021643,NA,NA,NA,NA,4,NA,NA,feature solve counters only; peak memory unavailable,seed201 historical; seeds202-210 same-host mission3,f1185716ba36107fa52ac0147b2ad9ec518cf3676f5c7e5acbb7c168445cb352
cga-experiments-v1,C3,RFM,rfm_relu3,210,16,0.03298595900014334,NA,NA,NA,NA,7,NA,NA,feature solve counters only; peak memory unavailable,seed201 historical; seeds202-210 same-host mission3,f1185716ba36107fa52ac0147b2ad9ec518cf3676f5c7e5acbb7c168445cb352
cga-experiments-v1,C3,RFM,rfm_relu3,210,32,0.05458700000008321,NA,NA,NA,NA,7,NA,NA,feature solve counters only; peak memory unavailable,seed201 historical; seeds202-210 same-host mission3,f1185716ba36107fa52ac0147b2ad9ec518cf3676f5c7e5acbb7c168445cb352
cga-experiments-v1,C3,RFM,rfm_relu3,210,64,0.11020108299999265,NA,NA,NA,NA,6,NA,NA,feature solve counters only; peak memory unavailable,seed201 historical; seeds202-210 same-host mission3,f1185716ba36107fa52ac0147b2ad9ec518cf3676f5c7e5acbb7c168445cb352
cga-experiments-v1,C3,RFM,rfm_relu3,210,128,0.26250179199996637,NA,NA,NA,NA,10,NA,NA,feature solve counters only; peak memory unavailable,seed201 historical; seeds202-210 same-host mission3,f1185716ba36107fa52ac0147b2ad9ec518cf3676f5c7e5acbb7c168445cb352
cga-experiments-v1,C3,RFM,rfm_relu3,210,256,1.0061291670001538,NA,NA,NA,NA,31,NA,NA,feature solve counters only; peak memory unavailable,seed201 historical; seeds202-210 same-host mission3,f1185716ba36107fa52ac0147b2ad9ec518cf3676f5c7e5acbb7c168445cb352
cga-experiments-v1,C3,RFM,rfm_relu3,210,512,9.494825042000002,NA,NA,NA,NA,228,NA,NA,feature solve counters only; peak memory unavailable,seed201 historical; seeds202-210 same-host mission3,f1185716ba36107fa52ac0147b2ad9ec518cf3676f5c7e5acbb7c168445cb352
cga-experiments-v1,C4,RFM,rfm_relu3,202,8,0.0035361249999823485,NA,NA,NA,NA,20,NA,NA,feature solve counters only; peak memory unavailable,seed201 historical; seeds202-210 same-host mission3,033c5dea4503652a2ef35d4412195cc071bf6319de112f0017f4e46a25e52115
cga-experiments-v1,C4,RFM,rfm_relu3,202,16,0.0042912080000405695,NA,NA,NA,NA,30,NA,NA,feature solve counters only; peak memory unavailable,seed201 historical; seeds202-210 same-host mission3,033c5dea4503652a2ef35d4412195cc071bf6319de112f0017f4e46a25e52115
cga-experiments-v1,C4,RFM,rfm_relu3,202,32,0.015112540999780322,NA,NA,NA,NA,80,NA,NA,feature solve counters only; peak memory unavailable,seed201 historical; seeds202-210 same-host mission3,033c5dea4503652a2ef35d4412195cc071bf6319de112f0017f4e46a25e52115
cga-experiments-v1,C4,RFM,rfm_relu3,202,64,0.03011849999984406,NA,NA,NA,NA,149,NA,NA,feature solve counters only; peak memory unavailable,seed201 historical; seeds202-210 same-host mission3,033c5dea4503652a2ef35d4412195cc071bf6319de112f0017f4e46a25e52115
cga-experiments-v1,C4,RFM,rfm_relu3,202,128,0.022672792000093978,NA,NA,NA,NA,67,NA,NA,feature solve counters only; peak memory unavailable,seed201 historical; seeds202-210 same-host mission3,033c5dea4503652a2ef35d4412195cc071bf6319de112f0017f4e46a25e52115
cga-experiments-v1,C4,RFM,rfm_relu3,202,256,0.05174258399983955,NA,NA,NA,NA,69,NA,NA,feature solve counters only; peak memory unavailable,seed201 historical; seeds202-210 same-host mission3,033c5dea4503652a2ef35d4412195cc071bf6319de112f0017f4e46a25e52115
cga-experiments-v1,C4,RFM,rfm_relu3,203,8,0.003579875000013999,NA,NA,NA,NA,23,NA,NA,feature solve counters only; peak memory unavailable,seed201 historical; seeds202-210 same-host mission3,033c5dea4503652a2ef35d4412195cc071bf6319de112f0017f4e46a25e52115
cga-experiments-v1,C4,RFM,rfm_relu3,203,16,0.005487124999945081,NA,NA,NA,NA,37,NA,NA,feature solve counters only; peak memory unavailable,seed201 historical; seeds202-210 same-host mission3,033c5dea4503652a2ef35d4412195cc071bf6319de112f0017f4e46a25e52115
cga-experiments-v1,C4,RFM,rfm_relu3,203,32,0.01766999999995278,NA,NA,NA,NA,90,NA,NA,feature solve counters only; peak memory unavailable,seed201 historical; seeds202-210 same-host mission3,033c5dea4503652a2ef35d4412195cc071bf6319de112f0017f4e46a25e52115
cga-experiments-v1,C4,RFM,rfm_relu3,203,64,0.016950209000015093,NA,NA,NA,NA,70,NA,NA,feature solve counters only; peak memory unavailable,seed201 historical; seeds202-210 same-host mission3,033c5dea4503652a2ef35d4412195cc071bf6319de112f0017f4e46a25e52115
cga-experiments-v1,C4,RFM,rfm_relu3,203,128,0.018561750000117172,NA,NA,NA,NA,56,NA,NA,feature solve counters only; peak memory unavailable,seed201 historical; seeds202-210 same-host mission3,033c5dea4503652a2ef35d4412195cc071bf6319de112f0017f4e46a25e52115
cga-experiments-v1,C4,RFM,rfm_relu3,203,256,0.08631754200018804,NA,NA,NA,NA,121,NA,NA,feature solve counters only; peak memory unavailable,seed201 historical; seeds202-210 same-host mission3,033c5dea4503652a2ef35d4412195cc071bf6319de112f0017f4e46a25e52115
cga-experiments-v1,C4,RFM,rfm_relu3,204,8,0.003085333000171886,NA,NA,NA,NA,21,NA,NA,feature solve counters only; peak memory unavailable,seed201 historical; seeds202-210 same-host mission3,033c5dea4503652a2ef35d4412195cc071bf6319de112f0017f4e46a25e52115
cga-experiments-v1,C4,RFM,rfm_relu3,204,16,0.005801041999802692,NA,NA,NA,NA,36,NA,NA,feature solve counters only; peak memory unavailable,seed201 historical; seeds202-210 same-host mission3,033c5dea4503652a2ef35d4412195cc071bf6319de112f0017f4e46a25e52115
cga-experiments-v1,C4,RFM,rfm_relu3,204,32,0.01153262499997254,NA,NA,NA,NA,67,NA,NA,feature solve counters only; peak memory unavailable,seed201 historical; seeds202-210 same-host mission3,033c5dea4503652a2ef35d4412195cc071bf6319de112f0017f4e46a25e52115
cga-experiments-v1,C4,RFM,rfm_relu3,204,64,0.024319083000136743,NA,NA,NA,NA,119,NA,NA,feature solve counters only; peak memory unavailable,seed201 historical; seeds202-210 same-host mission3,033c5dea4503652a2ef35d4412195cc071bf6319de112f0017f4e46a25e52115
cga-experiments-v1,C4,RFM,rfm_relu3,204,128,0.026510708999921917,NA,NA,NA,NA,80,NA,NA,feature solve counters only; peak memory unavailable,seed201 historical; seeds202-210 same-host mission3,033c5dea4503652a2ef35d4412195cc071bf6319de112f0017f4e46a25e52115
cga-experiments-v1,C4,RFM,rfm_relu3,204,256,0.08171420799999396,NA,NA,NA,NA,108,NA,NA,feature solve counters only; peak memory unavailable,seed201 historical; seeds202-210 same-host mission3,033c5dea4503652a2ef35d4412195cc071bf6319de112f0017f4e46a25e52115
cga-experiments-v1,C4,RFM,rfm_relu3,205,8,0.0033420419999856676,NA,NA,NA,NA,19,NA,NA,feature solve counters only; peak memory unavailable,seed201 historical; seeds202-210 same-host mission3,033c5dea4503652a2ef35d4412195cc071bf6319de112f0017f4e46a25e52115
cga-experiments-v1,C4,RFM,rfm_relu3,205,16,0.004076582999914535,NA,NA,NA,NA,24,NA,NA,feature solve counters only; peak memory unavailable,seed201 historical; seeds202-210 same-host mission3,033c5dea4503652a2ef35d4412195cc071bf6319de112f0017f4e46a25e52115
cga-experiments-v1,C4,RFM,rfm_relu3,205,32,0.0062215000000378495,NA,NA,NA,NA,38,NA,NA,feature solve counters only; peak memory unavailable,seed201 historical; seeds202-210 same-host mission3,033c5dea4503652a2ef35d4412195cc071bf6319de112f0017f4e46a25e52115
cga-experiments-v1,C4,RFM,rfm_relu3,205,64,0.023052333000123326,NA,NA,NA,NA,95,NA,NA,feature solve counters only; peak memory unavailable,seed201 historical; seeds202-210 same-host mission3,033c5dea4503652a2ef35d4412195cc071bf6319de112f0017f4e46a25e52115
cga-experiments-v1,C4,RFM,rfm_relu3,205,128,0.035707874999843625,NA,NA,NA,NA,105,NA,NA,feature solve counters only; peak memory unavailable,seed201 historical; seeds202-210 same-host mission3,033c5dea4503652a2ef35d4412195cc071bf6319de112f0017f4e46a25e52115
cga-experiments-v1,C4,RFM,rfm_relu3,205,256,0.046480542000153946,NA,NA,NA,NA,49,NA,NA,feature solve counters only; peak memory unavailable,seed201 historical; seeds202-210 same-host mission3,033c5dea4503652a2ef35d4412195cc071bf6319de112f0017f4e46a25e52115
cga-experiments-v1,C4,RFM,rfm_relu3,206,8,0.0033428330000333517,NA,NA,NA,NA,21,NA,NA,feature solve counters only; peak memory unavailable,seed201 historical; seeds202-210 same-host mission3,033c5dea4503652a2ef35d4412195cc071bf6319de112f0017f4e46a25e52115
cga-experiments-v1,C4,RFM,rfm_relu3,206,16,0.007033417000002373,NA,NA,NA,NA,44,NA,NA,feature solve counters only; peak memory unavailable,seed201 historical; seeds202-210 same-host mission3,033c5dea4503652a2ef35d4412195cc071bf6319de112f0017f4e46a25e52115
cga-experiments-v1,C4,RFM,rfm_relu3,206,32,0.008291832999930193,NA,NA,NA,NA,50,NA,NA,feature solve counters only; peak memory unavailable,seed201 historical; seeds202-210 same-host mission3,033c5dea4503652a2ef35d4412195cc071bf6319de112f0017f4e46a25e52115
cga-experiments-v1,C4,RFM,rfm_relu3,206,64,0.014596125000025495,NA,NA,NA,NA,71,NA,NA,feature solve counters only; peak memory unavailable,seed201 historical; seeds202-210 same-host mission3,033c5dea4503652a2ef35d4412195cc071bf6319de112f0017f4e46a25e52115
cga-experiments-v1,C4,RFM,rfm_relu3,206,128,0.02880462500002068,NA,NA,NA,NA,88,NA,NA,feature solve counters only; peak memory unavailable,seed201 historical; seeds202-210 same-host mission3,033c5dea4503652a2ef35d4412195cc071bf6319de112f0017f4e46a25e52115
cga-experiments-v1,C4,RFM,rfm_relu3,206,256,0.04253625000001193,NA,NA,NA,NA,51,NA,NA,feature solve counters only; peak memory unavailable,seed201 historical; seeds202-210 same-host mission3,033c5dea4503652a2ef35d4412195cc071bf6319de112f0017f4e46a25e52115
cga-experiments-v1,C4,RFM,rfm_relu3,207,8,0.0032267499998397398,NA,NA,NA,NA,23,NA,NA,feature solve counters only; peak memory unavailable,seed201 historical; seeds202-210 same-host mission3,033c5dea4503652a2ef35d4412195cc071bf6319de112f0017f4e46a25e52115
cga-experiments-v1,C4,RFM,rfm_relu3,207,16,0.004745707999973092,NA,NA,NA,NA,31,NA,NA,feature solve counters only; peak memory unavailable,seed201 historical; seeds202-210 same-host mission3,033c5dea4503652a2ef35d4412195cc071bf6319de112f0017f4e46a25e52115
cga-experiments-v1,C4,RFM,rfm_relu3,207,32,0.012469834000057745,NA,NA,NA,NA,62,NA,NA,feature solve counters only; peak memory unavailable,seed201 historical; seeds202-210 same-host mission3,033c5dea4503652a2ef35d4412195cc071bf6319de112f0017f4e46a25e52115
cga-experiments-v1,C4,RFM,rfm_relu3,207,64,0.017576375000089683,NA,NA,NA,NA,72,NA,NA,feature solve counters only; peak memory unavailable,seed201 historical; seeds202-210 same-host mission3,033c5dea4503652a2ef35d4412195cc071bf6319de112f0017f4e46a25e52115
cga-experiments-v1,C4,RFM,rfm_relu3,207,128,0.049112708000166094,NA,NA,NA,NA,155,NA,NA,feature solve counters only; peak memory unavailable,seed201 historical; seeds202-210 same-host mission3,033c5dea4503652a2ef35d4412195cc071bf6319de112f0017f4e46a25e52115
cga-experiments-v1,C4,RFM,rfm_relu3,207,256,0.03942466700004843,NA,NA,NA,NA,46,NA,NA,feature solve counters only; peak memory unavailable,seed201 historical; seeds202-210 same-host mission3,033c5dea4503652a2ef35d4412195cc071bf6319de112f0017f4e46a25e52115
cga-experiments-v1,C4,RFM,rfm_relu3,208,8,0.0030036249997920095,NA,NA,NA,NA,21,NA,NA,feature solve counters only; peak memory unavailable,seed201 historical; seeds202-210 same-host mission3,033c5dea4503652a2ef35d4412195cc071bf6319de112f0017f4e46a25e52115
cga-experiments-v1,C4,RFM,rfm_relu3,208,16,0.005684500000143089,NA,NA,NA,NA,35,NA,NA,feature solve counters only; peak memory unavailable,seed201 historical; seeds202-210 same-host mission3,033c5dea4503652a2ef35d4412195cc071bf6319de112f0017f4e46a25e52115
cga-experiments-v1,C4,RFM,rfm_relu3,208,32,0.009058999999979278,NA,NA,NA,NA,58,NA,NA,feature solve counters only; peak memory unavailable,seed201 historical; seeds202-210 same-host mission3,033c5dea4503652a2ef35d4412195cc071bf6319de112f0017f4e46a25e52115
cga-experiments-v1,C4,RFM,rfm_relu3,208,64,0.01651179200007391,NA,NA,NA,NA,85,NA,NA,feature solve counters only; peak memory unavailable,seed201 historical; seeds202-210 same-host mission3,033c5dea4503652a2ef35d4412195cc071bf6319de112f0017f4e46a25e52115
cga-experiments-v1,C4,RFM,rfm_relu3,208,128,0.03232670800002779,NA,NA,NA,NA,108,NA,NA,feature solve counters only; peak memory unavailable,seed201 historical; seeds202-210 same-host mission3,033c5dea4503652a2ef35d4412195cc071bf6319de112f0017f4e46a25e52115
cga-experiments-v1,C4,RFM,rfm_relu3,208,256,0.045840999999882115,NA,NA,NA,NA,54,NA,NA,feature solve counters only; peak memory unavailable,seed201 historical; seeds202-210 same-host mission3,033c5dea4503652a2ef35d4412195cc071bf6319de112f0017f4e46a25e52115
cga-experiments-v1,C4,RFM,rfm_relu3,209,8,0.0031854999999723077,NA,NA,NA,NA,18,NA,NA,feature solve counters only; peak memory unavailable,seed201 historical; seeds202-210 same-host mission3,033c5dea4503652a2ef35d4412195cc071bf6319de112f0017f4e46a25e52115
cga-experiments-v1,C4,RFM,rfm_relu3,209,16,0.004306499999984226,NA,NA,NA,NA,27,NA,NA,feature solve counters only; peak memory unavailable,seed201 historical; seeds202-210 same-host mission3,033c5dea4503652a2ef35d4412195cc071bf6319de112f0017f4e46a25e52115
cga-experiments-v1,C4,RFM,rfm_relu3,209,32,0.011924207999982173,NA,NA,NA,NA,68,NA,NA,feature solve counters only; peak memory unavailable,seed201 historical; seeds202-210 same-host mission3,033c5dea4503652a2ef35d4412195cc071bf6319de112f0017f4e46a25e52115
cga-experiments-v1,C4,RFM,rfm_relu3,209,64,0.01969291700015674,NA,NA,NA,NA,92,NA,NA,feature solve counters only; peak memory unavailable,seed201 historical; seeds202-210 same-host mission3,033c5dea4503652a2ef35d4412195cc071bf6319de112f0017f4e46a25e52115
cga-experiments-v1,C4,RFM,rfm_relu3,209,128,0.02192466700012119,NA,NA,NA,NA,62,NA,NA,feature solve counters only; peak memory unavailable,seed201 historical; seeds202-210 same-host mission3,033c5dea4503652a2ef35d4412195cc071bf6319de112f0017f4e46a25e52115
cga-experiments-v1,C4,RFM,rfm_relu3,209,256,0.04530700000009347,NA,NA,NA,NA,51,NA,NA,feature solve counters only; peak memory unavailable,seed201 historical; seeds202-210 same-host mission3,033c5dea4503652a2ef35d4412195cc071bf6319de112f0017f4e46a25e52115
cga-experiments-v1,C4,RFM,rfm_relu3,210,8,0.0034303330000966525,NA,NA,NA,NA,23,NA,NA,feature solve counters only; peak memory unavailable,seed201 historical; seeds202-210 same-host mission3,033c5dea4503652a2ef35d4412195cc071bf6319de112f0017f4e46a25e52115
cga-experiments-v1,C4,RFM,rfm_relu3,210,16,0.005122042000039073,NA,NA,NA,NA,33,NA,NA,feature solve counters only; peak memory unavailable,seed201 historical; seeds202-210 same-host mission3,033c5dea4503652a2ef35d4412195cc071bf6319de112f0017f4e46a25e52115
cga-experiments-v1,C4,RFM,rfm_relu3,210,32,0.014139125000156127,NA,NA,NA,NA,83,NA,NA,feature solve counters only; peak memory unavailable,seed201 historical; seeds202-210 same-host mission3,033c5dea4503652a2ef35d4412195cc071bf6319de112f0017f4e46a25e52115
cga-experiments-v1,C4,RFM,rfm_relu3,210,64,0.03295495900010792,NA,NA,NA,NA,133,NA,NA,feature solve counters only; peak memory unavailable,seed201 historical; seeds202-210 same-host mission3,033c5dea4503652a2ef35d4412195cc071bf6319de112f0017f4e46a25e52115
cga-experiments-v1,C4,RFM,rfm_relu3,210,128,0.057544582999980776,NA,NA,NA,NA,169,NA,NA,feature solve counters only; peak memory unavailable,seed201 historical; seeds202-210 same-host mission3,033c5dea4503652a2ef35d4412195cc071bf6319de112f0017f4e46a25e52115
cga-experiments-v1,C4,RFM,rfm_relu3,210,256,0.03773087500007932,NA,NA,NA,NA,43,NA,NA,feature solve counters only; peak memory unavailable,seed201 historical; seeds202-210 same-host mission3,033c5dea4503652a2ef35d4412195cc071bf6319de112f0017f4e46a25e52115
cga-experiments-v1,C5,RFM,rfm_relu3,202,8,0.05433829200001128,NA,NA,NA,NA,16,NA,NA,feature solve counters only; peak memory unavailable,seed201 historical; seeds202-210 same-host mission3,f1185716ba36107fa52ac0147b2ad9ec518cf3676f5c7e5acbb7c168445cb352
cga-experiments-v1,C5,RFM,rfm_relu3,202,16,0.056058457999824896,NA,NA,NA,NA,18,NA,NA,feature solve counters only; peak memory unavailable,seed201 historical; seeds202-210 same-host mission3,f1185716ba36107fa52ac0147b2ad9ec518cf3676f5c7e5acbb7c168445cb352
cga-experiments-v1,C5,RFM,rfm_relu3,202,32,0.10140724999996564,NA,NA,NA,NA,19,NA,NA,feature solve counters only; peak memory unavailable,seed201 historical; seeds202-210 same-host mission3,f1185716ba36107fa52ac0147b2ad9ec518cf3676f5c7e5acbb7c168445cb352
cga-experiments-v1,C5,RFM,rfm_relu3,202,64,0.25066804199991566,NA,NA,NA,NA,31,NA,NA,feature solve counters only; peak memory unavailable,seed201 historical; seeds202-210 same-host mission3,f1185716ba36107fa52ac0147b2ad9ec518cf3676f5c7e5acbb7c168445cb352
cga-experiments-v1,C5,RFM,rfm_relu3,202,128,2.166173957999945,NA,NA,NA,NA,108,NA,NA,feature solve counters only; peak memory unavailable,seed201 historical; seeds202-210 same-host mission3,f1185716ba36107fa52ac0147b2ad9ec518cf3676f5c7e5acbb7c168445cb352
cga-experiments-v1,C5,RFM,rfm_relu3,202,256,4.43374970900004,NA,NA,NA,NA,217,NA,NA,feature solve counters only; peak memory unavailable,seed201 historical; seeds202-210 same-host mission3,f1185716ba36107fa52ac0147b2ad9ec518cf3676f5c7e5acbb7c168445cb352
cga-experiments-v1,C5,RFM,rfm_relu3,202,512,15.70837541600008,NA,NA,NA,NA,400,NA,NA,feature solve counters only; peak memory unavailable,seed201 historical; seeds202-210 same-host mission3,f1185716ba36107fa52ac0147b2ad9ec518cf3676f5c7e5acbb7c168445cb352
cga-experiments-v1,C5,RFM,rfm_relu3,203,8,0.14405216600016502,NA,NA,NA,NA,19,NA,NA,feature solve counters only; peak memory unavailable,seed201 historical; seeds202-210 same-host mission3,f1185716ba36107fa52ac0147b2ad9ec518cf3676f5c7e5acbb7c168445cb352
cga-experiments-v1,C5,RFM,rfm_relu3,203,16,0.17109250000021348,NA,NA,NA,NA,20,NA,NA,feature solve counters only; peak memory unavailable,seed201 historical; seeds202-210 same-host mission3,f1185716ba36107fa52ac0147b2ad9ec518cf3676f5c7e5acbb7c168445cb352
cga-experiments-v1,C5,RFM,rfm_relu3,203,32,0.2077919580001435,NA,NA,NA,NA,21,NA,NA,feature solve counters only; peak memory unavailable,seed201 historical; seeds202-210 same-host mission3,f1185716ba36107fa52ac0147b2ad9ec518cf3676f5c7e5acbb7c168445cb352
cga-experiments-v1,C5,RFM,rfm_relu3,203,64,0.5953901249999944,NA,NA,NA,NA,36,NA,NA,feature solve counters only; peak memory unavailable,seed201 historical; seeds202-210 same-host mission3,f1185716ba36107fa52ac0147b2ad9ec518cf3676f5c7e5acbb7c168445cb352
cga-experiments-v1,C5,RFM,rfm_relu3,203,128,38.36753325000018,NA,NA,NA,NA,237,NA,NA,feature solve counters only; peak memory unavailable,seed201 historical; seeds202-210 same-host mission3,f1185716ba36107fa52ac0147b2ad9ec518cf3676f5c7e5acbb7c168445cb352
cga-experiments-v1,C5,RFM,rfm_relu3,203,256,155.2336676670002,NA,NA,NA,NA,197,NA,NA,feature solve counters only; peak memory unavailable,seed201 historical; seeds202-210 same-host mission3,f1185716ba36107fa52ac0147b2ad9ec518cf3676f5c7e5acbb7c168445cb352
cga-experiments-v1,C5,RFM,rfm_relu3,204,8,0.13158854100038297,NA,NA,NA,NA,17,NA,NA,feature solve counters only; peak memory unavailable,seed201 historical; seeds202-210 same-host mission3,f1185716ba36107fa52ac0147b2ad9ec518cf3676f5c7e5acbb7c168445cb352
cga-experiments-v1,C5,RFM,rfm_relu3,204,16,0.1519012499998098,NA,NA,NA,NA,16,NA,NA,feature solve counters only; peak memory unavailable,seed201 historical; seeds202-210 same-host mission3,f1185716ba36107fa52ac0147b2ad9ec518cf3676f5c7e5acbb7c168445cb352
cga-experiments-v1,C5,RFM,rfm_relu3,204,32,0.3642820000000029,NA,NA,NA,NA,23,NA,NA,feature solve counters only; peak memory unavailable,seed201 historical; seeds202-210 same-host mission3,f1185716ba36107fa52ac0147b2ad9ec518cf3676f5c7e5acbb7c168445cb352
cga-experiments-v1,C5,RFM,rfm_relu3,204,64,0.5972098749998622,NA,NA,NA,NA,33,NA,NA,feature solve counters only; peak memory unavailable,seed201 historical; seeds202-210 same-host mission3,f1185716ba36107fa52ac0147b2ad9ec518cf3676f5c7e5acbb7c168445cb352
cga-experiments-v1,C5,RFM,rfm_relu3,204,128,2.3891221250000854,NA,NA,NA,NA,91,NA,NA,feature solve counters only; peak memory unavailable,seed201 historical; seeds202-210 same-host mission3,f1185716ba36107fa52ac0147b2ad9ec518cf3676f5c7e5acbb7c168445cb352
cga-experiments-v1,C5,RFM,rfm_relu3,204,256,71.58212220799987,NA,NA,NA,NA,218,NA,NA,feature solve counters only; peak memory unavailable,seed201 historical; seeds202-210 same-host mission3,f1185716ba36107fa52ac0147b2ad9ec518cf3676f5c7e5acbb7c168445cb352
cga-experiments-v1,C5,RFM,rfm_relu3,205,8,0.13640674999987823,NA,NA,NA,NA,21,NA,NA,feature solve counters only; peak memory unavailable,seed201 historical; seeds202-210 same-host mission3,f1185716ba36107fa52ac0147b2ad9ec518cf3676f5c7e5acbb7c168445cb352
cga-experiments-v1,C5,RFM,rfm_relu3,205,16,0.2609959159999562,NA,NA,NA,NA,19,NA,NA,feature solve counters only; peak memory unavailable,seed201 historical; seeds202-210 same-host mission3,f1185716ba36107fa52ac0147b2ad9ec518cf3676f5c7e5acbb7c168445cb352
cga-experiments-v1,C5,RFM,rfm_relu3,205,32,0.21947608299979038,NA,NA,NA,NA,20,NA,NA,feature solve counters only; peak memory unavailable,seed201 historical; seeds202-210 same-host mission3,f1185716ba36107fa52ac0147b2ad9ec518cf3676f5c7e5acbb7c168445cb352
cga-experiments-v1,C5,RFM,rfm_relu3,205,64,1.7299836250003864,NA,NA,NA,NA,38,NA,NA,feature solve counters only; peak memory unavailable,seed201 historical; seeds202-210 same-host mission3,f1185716ba36107fa52ac0147b2ad9ec518cf3676f5c7e5acbb7c168445cb352
cga-experiments-v1,C5,RFM,rfm_relu3,205,128,6.196918832999927,NA,NA,NA,NA,92,NA,NA,feature solve counters only; peak memory unavailable,seed201 historical; seeds202-210 same-host mission3,f1185716ba36107fa52ac0147b2ad9ec518cf3676f5c7e5acbb7c168445cb352
cga-experiments-v1,C5,RFM,rfm_relu3,205,256,7.421622000000298,NA,NA,NA,NA,157,NA,NA,feature solve counters only; peak memory unavailable,seed201 historical; seeds202-210 same-host mission3,f1185716ba36107fa52ac0147b2ad9ec518cf3676f5c7e5acbb7c168445cb352
cga-experiments-v1,C5,RFM,rfm_relu3,206,8,0.14175583299993377,NA,NA,NA,NA,20,NA,NA,feature solve counters only; peak memory unavailable,seed201 historical; seeds202-210 same-host mission3,f1185716ba36107fa52ac0147b2ad9ec518cf3676f5c7e5acbb7c168445cb352
cga-experiments-v1,C5,RFM,rfm_relu3,206,16,0.1790189170001213,NA,NA,NA,NA,20,NA,NA,feature solve counters only; peak memory unavailable,seed201 historical; seeds202-210 same-host mission3,f1185716ba36107fa52ac0147b2ad9ec518cf3676f5c7e5acbb7c168445cb352
cga-experiments-v1,C5,RFM,rfm_relu3,206,32,0.19297474999984843,NA,NA,NA,NA,19,NA,NA,feature solve counters only; peak memory unavailable,seed201 historical; seeds202-210 same-host mission3,f1185716ba36107fa52ac0147b2ad9ec518cf3676f5c7e5acbb7c168445cb352
cga-experiments-v1,C5,RFM,rfm_relu3,206,64,0.5820917089999966,NA,NA,NA,NA,32,NA,NA,feature solve counters only; peak memory unavailable,seed201 historical; seeds202-210 same-host mission3,f1185716ba36107fa52ac0147b2ad9ec518cf3676f5c7e5acbb7c168445cb352
cga-experiments-v1,C5,RFM,rfm_relu3,206,128,2.2873324590000266,NA,NA,NA,NA,85,NA,NA,feature solve counters only; peak memory unavailable,seed201 historical; seeds202-210 same-host mission3,f1185716ba36107fa52ac0147b2ad9ec518cf3676f5c7e5acbb7c168445cb352
cga-experiments-v1,C5,RFM,rfm_relu3,206,256,4.773532917000011,NA,NA,NA,NA,90,NA,NA,feature solve counters only; peak memory unavailable,seed201 historical; seeds202-210 same-host mission3,f1185716ba36107fa52ac0147b2ad9ec518cf3676f5c7e5acbb7c168445cb352
cga-experiments-v1,C5,RFM,rfm_relu3,206,512,26.01830883399998,NA,NA,NA,NA,254,NA,NA,feature solve counters only; peak memory unavailable,seed201 historical; seeds202-210 same-host mission3,f1185716ba36107fa52ac0147b2ad9ec518cf3676f5c7e5acbb7c168445cb352
cga-experiments-v1,C5,RFM,rfm_relu3,207,8,0.19574516600005154,NA,NA,NA,NA,19,NA,NA,feature solve counters only; peak memory unavailable,seed201 historical; seeds202-210 same-host mission3,f1185716ba36107fa52ac0147b2ad9ec518cf3676f5c7e5acbb7c168445cb352
cga-experiments-v1,C5,RFM,rfm_relu3,207,16,0.19154729199999565,NA,NA,NA,NA,19,NA,NA,feature solve counters only; peak memory unavailable,seed201 historical; seeds202-210 same-host mission3,f1185716ba36107fa52ac0147b2ad9ec518cf3676f5c7e5acbb7c168445cb352
cga-experiments-v1,C5,RFM,rfm_relu3,207,32,0.29803208300018014,NA,NA,NA,NA,24,NA,NA,feature solve counters only; peak memory unavailable,seed201 historical; seeds202-210 same-host mission3,f1185716ba36107fa52ac0147b2ad9ec518cf3676f5c7e5acbb7c168445cb352
cga-experiments-v1,C5,RFM,rfm_relu3,207,64,0.9690922079998927,NA,NA,NA,NA,55,NA,NA,feature solve counters only; peak memory unavailable,seed201 historical; seeds202-210 same-host mission3,f1185716ba36107fa52ac0147b2ad9ec518cf3676f5c7e5acbb7c168445cb352
cga-experiments-v1,C5,RFM,rfm_relu3,207,128,58.02108124999995,NA,NA,NA,NA,181,NA,NA,feature solve counters only; peak memory unavailable,seed201 historical; seeds202-210 same-host mission3,f1185716ba36107fa52ac0147b2ad9ec518cf3676f5c7e5acbb7c168445cb352
cga-experiments-v1,C5,RFM,rfm_relu3,207,256,410.0786867080001,NA,NA,NA,NA,430,NA,NA,feature solve counters only; peak memory unavailable,seed201 historical; seeds202-210 same-host mission3,f1185716ba36107fa52ac0147b2ad9ec518cf3676f5c7e5acbb7c168445cb352
cga-experiments-v1,C5,RFM,rfm_relu3,208,8,0.056753000000298925,NA,NA,NA,NA,17,NA,NA,feature solve counters only; peak memory unavailable,seed201 historical; seeds202-210 same-host mission3,f1185716ba36107fa52ac0147b2ad9ec518cf3676f5c7e5acbb7c168445cb352
cga-experiments-v1,C5,RFM,rfm_relu3,208,16,0.08562079100011033,NA,NA,NA,NA,23,NA,NA,feature solve counters only; peak memory unavailable,seed201 historical; seeds202-210 same-host mission3,f1185716ba36107fa52ac0147b2ad9ec518cf3676f5c7e5acbb7c168445cb352
cga-experiments-v1,C5,RFM,rfm_relu3,208,32,0.25694254200016076,NA,NA,NA,NA,29,NA,NA,feature solve counters only; peak memory unavailable,seed201 historical; seeds202-210 same-host mission3,f1185716ba36107fa52ac0147b2ad9ec518cf3676f5c7e5acbb7c168445cb352
cga-experiments-v1,C5,RFM,rfm_relu3,208,64,0.5918431250001959,NA,NA,NA,NA,49,NA,NA,feature solve counters only; peak memory unavailable,seed201 historical; seeds202-210 same-host mission3,f1185716ba36107fa52ac0147b2ad9ec518cf3676f5c7e5acbb7c168445cb352
cga-experiments-v1,C5,RFM,rfm_relu3,208,128,20.766694375000043,NA,NA,NA,NA,77,NA,NA,feature solve counters only; peak memory unavailable,seed201 historical; seeds202-210 same-host mission3,f1185716ba36107fa52ac0147b2ad9ec518cf3676f5c7e5acbb7c168445cb352
cga-experiments-v1,C5,RFM,rfm_relu3,208,256,70.40538433399979,NA,NA,NA,NA,113,NA,NA,feature solve counters only; peak memory unavailable,seed201 historical; seeds202-210 same-host mission3,f1185716ba36107fa52ac0147b2ad9ec518cf3676f5c7e5acbb7c168445cb352
cga-experiments-v1,C5,RFM,rfm_relu3,209,8,0.054932583999743656,NA,NA,NA,NA,17,NA,NA,feature solve counters only; peak memory unavailable,seed201 historical; seeds202-210 same-host mission3,f1185716ba36107fa52ac0147b2ad9ec518cf3676f5c7e5acbb7c168445cb352
cga-experiments-v1,C5,RFM,rfm_relu3,209,16,0.08008454200034976,NA,NA,NA,NA,20,NA,NA,feature solve counters only; peak memory unavailable,seed201 historical; seeds202-210 same-host mission3,f1185716ba36107fa52ac0147b2ad9ec518cf3676f5c7e5acbb7c168445cb352
cga-experiments-v1,C5,RFM,rfm_relu3,209,32,0.1423979579999468,NA,NA,NA,NA,20,NA,NA,feature solve counters only; peak memory unavailable,seed201 historical; seeds202-210 same-host mission3,f1185716ba36107fa52ac0147b2ad9ec518cf3676f5c7e5acbb7c168445cb352
cga-experiments-v1,C5,RFM,rfm_relu3,209,64,1.0583332500000324,NA,NA,NA,NA,34,NA,NA,feature solve counters only; peak memory unavailable,seed201 historical; seeds202-210 same-host mission3,f1185716ba36107fa52ac0147b2ad9ec518cf3676f5c7e5acbb7c168445cb352
cga-experiments-v1,C5,RFM,rfm_relu3,209,128,19.588513249999778,NA,NA,NA,NA,91,NA,NA,feature solve counters only; peak memory unavailable,seed201 historical; seeds202-210 same-host mission3,f1185716ba36107fa52ac0147b2ad9ec518cf3676f5c7e5acbb7c168445cb352
cga-experiments-v1,C5,RFM,rfm_relu3,209,256,105.18608233399982,NA,NA,NA,NA,419,NA,NA,feature solve counters only; peak memory unavailable,seed201 historical; seeds202-210 same-host mission3,f1185716ba36107fa52ac0147b2ad9ec518cf3676f5c7e5acbb7c168445cb352
cga-experiments-v1,C5,RFM,rfm_relu3,210,8,0.05825095899990629,NA,NA,NA,NA,18,NA,NA,feature solve counters only; peak memory unavailable,seed201 historical; seeds202-210 same-host mission3,f1185716ba36107fa52ac0147b2ad9ec518cf3676f5c7e5acbb7c168445cb352
cga-experiments-v1,C5,RFM,rfm_relu3,210,16,0.07717512499993973,NA,NA,NA,NA,18,NA,NA,feature solve counters only; peak memory unavailable,seed201 historical; seeds202-210 same-host mission3,f1185716ba36107fa52ac0147b2ad9ec518cf3676f5c7e5acbb7c168445cb352
cga-experiments-v1,C5,RFM,rfm_relu3,210,32,0.14334799999960524,NA,NA,NA,NA,22,NA,NA,feature solve counters only; peak memory unavailable,seed201 historical; seeds202-210 same-host mission3,f1185716ba36107fa52ac0147b2ad9ec518cf3676f5c7e5acbb7c168445cb352
cga-experiments-v1,C5,RFM,rfm_relu3,210,64,0.5501743750000969,NA,NA,NA,NA,46,NA,NA,feature solve counters only; peak memory unavailable,seed201 historical; seeds202-210 same-host mission3,f1185716ba36107fa52ac0147b2ad9ec518cf3676f5c7e5acbb7c168445cb352
cga-experiments-v1,C5,RFM,rfm_relu3,210,128,5.4189976249999745,NA,NA,NA,NA,112,NA,NA,feature solve counters only; peak memory unavailable,seed201 historical; seeds202-210 same-host mission3,f1185716ba36107fa52ac0147b2ad9ec518cf3676f5c7e5acbb7c168445cb352
cga-experiments-v1,C5,RFM,rfm_relu3,210,256,103.61658404199989,NA,NA,NA,NA,419,NA,NA,feature solve counters only; peak memory unavailable,seed201 historical; seeds202-210 same-host mission3,f1185716ba36107fa52ac0147b2ad9ec518cf3676f5c7e5acbb7c168445cb352
