path,size,sha256
.gitignore,58,9f0c80f82dc83a8273033506317ca882ca3281a4f0b4efc9cb0da207e7d2493f
README.md,1116,bb574d40a9c0ab01da08aebe7c1f641e00b03e0788f220aa35f229a707cd5b01
chapter5_theory.tex,44078,d5aa1243406bc7ac3165ab8a1da8ff8bfa30f538bdbc1f656a6469e06a0981ed
config/algorithm.json,1548,b0540e38441e780e812b52a445d19bcc71ee7b4f6542fd2e3839cd6f18be3135
config/continuation_protocol.json,18659,77a43ae6de7b5e2a2addc5d21162a72c214ca49a920fa175bead2f7041152469
config/environment.yml,189,afc4b80e8e4a5719f4690924fd4029f42a40872caf88e288a96a338164e9ae09
config/experiment_entrypoints.json,684,3a7fa91509ec93a895ea86fc06a78c4d03c5c42aa0ef48a04393da01d45e8c60
config/experiment_paths.json,599,d88ecea81a4e971dc37ff7d2903459956a3a15417d5097673e261b60b4ae7344
config/metrics.json,2021,dedbbb88a2e2b3a8cebc6126283207ac2a658f2d9c5d000feb7599d004cf2bbe
config/plots.json,2050,4b087c1dfac61a5298f88d49747ce5da351d1593e3528c85df848061eac01962
config/problems.json,3882,a9fcd65eb21e1e912c88efd26679280f66a0a6140d69f3074b90f70aa1d97873
config/repository_link.json,304,20bb714aa9c537fc861bad32506ede15a8881401a115b777ef1e6881ce393b83
config/reproduction.json,129,b61d59ea328e9e1dd37ba8a2596842da0e657bd60a78be64560565ab26d6b08b
config/review_tolerances.json,380,e5aa41c92c1c11b00185d39640d7e47beee2a05722024f57beddbeac72f9dbaf
config/window_diagnostics.json,1010,89e3529ce6e6f1927f1e8e9625d89ac302a1c4b2d99dd267959717f98f633697
data/derived/baselines/artifact_validation.json,1329,4afe0105078abaab536e9b76fee46932e0b93bf8ff3149165e7c1aebb57d3442
data/derived/baselines/baseline_actual_points.csv,74011,6603e6d756679b31ecf2a72c012dc40d7058f098f50d4c4fd8b4c02543316fed
data/derived/baselines/baseline_common_grid.csv,62474,bc8a2d31b0fd58e2a6c72c2009e8d6ae1904eabfeb8ecc1568bbfa2a382a0733
data/derived/baselines/baseline_terminal.csv,1249,056b3aa35731991cab9714113fe8989966e958dc9d0f0d5f8375b93c11540f4a
data/derived/baselines/common_grid_terminal_brackets.csv,1970,c1989c1cd59657f7707d8c82c5186a037263e91fd99408fe8e76047d7ac865a2
data/derived/cross_reference_status.json,222,6f81043f3f29fea26052cf08f24de2f8a036d874490c308931482952dd95cf34
data/derived/experiments/ablation_long.csv,1001856,b1d1cea764247a4da292413e54a497b39de976a52a03cd14243079153f61dd78
data/derived/experiments/anomaly_and_stopping.csv,3567,e26823e210cf1630c71a707582b31fcb9385f12ba9e802594864d20bc1a5baa8
data/derived/experiments/cga_metrics_long.csv,3457914,c1cd6a722237ca2c9f65c5d18e917cfd492c4862936bbb9e9327dbd90a2ac7c3
data/derived/experiments/controlled_baselines/baseline_c3c5.csv,12572,5482e478cd3fa78db65affaba52ba36ce573782b1e15c57a407b7d3b3f6c25a3
data/derived/experiments/controlled_baselines/baseline_history.csv,116244,fd864fee6a4b497c3cb7cfd2f84dbe6fbdcd3ce55a4cb73460ed8ab9155b4630
data/derived/experiments/controlled_baselines/baseline_pilot_c1c2c4.csv,11412,dc3779a3678e50798c49edf4d5f1eac4383287e74f9db330548d25afd262326a
data/derived/experiments/controlled_baselines/baseline_summary.csv,3973,dca4bdd78b37bd049fc771b2fe552970e31cbb9bba7f01a990ed190b86ee4329
data/derived/experiments/controlled_baselines/manifest.json,785,cab1429965376b32b36a3615bfa664dc8aca752f4b944ec345ea458e84095d02
data/derived/experiments/cost_pilot/environment.json,902,0eb560bed93131677959dabb13dd2ce2b6e164001002e5b6bb6f5162090fdb91
data/derived/experiments/cost_pilot/manifest.json,806,62a8b3f84df36dce49c7c0cfd5c585f5745eeafe6547b40e08cbe4697f6bff0d
data/derived/experiments/cost_pilot/pilot_summary.csv,636,53e335f084e14936980d97a09612b36e1ec21632a78e3179ca4ca12ea01118a4
data/derived/experiments/cost_pilot/protocol.json,498,ef46547bfb594267bc617e6af82a7dca80b8f4a8047317d28798d05ffd64f6e0
data/derived/experiments/cost_pilot/raw/pilot_phases.csv,9711,df1a7b937dd30f28f5b5acd1529104ea5dede7fbaea48a3058d634419bc8a531
data/derived/experiments/cost_pilot/raw/pilot_runs.csv,8100,efa22e725d76733cc7dc76bfc09508cfee46ffb91e007de296e527276a696e8e
data/derived/experiments/cost_pilot/raw/pilot_steps.csv,8616,42aaf0cbeac94ce14a8da6f65dc03289211f1c7cc2831209fe8a43e539184c35
data/derived/experiments/cost_pilot/reports/pilot_report.md,746,dccbf6010295320a3ccbb56929e1cf137a0ca1ce00ce61d94e325f5a6a1572ee
data/derived/experiments/cost_pilot/same_machine_cost_report.md,1830,acea048f5ab1aeb079defec2a5398a3bb1556feba23889457d8b19014bcbdff8
data/derived/experiments/cost_pilot/same_machine_cost_summary.csv,7205,996230a1493fffe2798f76a79a525ababacb8ee99ce3036200f286985d7f6f23
data/derived/experiments/cost_raw.csv,111222,96292a615ffd6fd5e096c7986904b8a80235a42c90eabd92eb90e5578e24e9e7
data/derived/experiments/cost_summary.csv,4264,527ede86c6b945f629537e1d255eba045ede23f6de13f97de2a10e2a2e14f344
data/derived/experiments/epsilon_scan_long.csv,170006,b23db71821b7a6a5728cb9f1ab54cf58065951936e4d2c21fa41951e652ef08f
data/derived/experiments/existing_experiment_inventory.csv,4827,dbea2efb0d50f80d436548052e79fe75cbfe08f0a091b15efa4507bef76e2d85
data/derived/experiments/experiment_validation.json,1076,86f9b553aae9ba270998c0942eed0ee13502c240c33b08942f1e902c979e970f
data/derived/experiments/fem_rfm_recomputed/cga_evaluated.csv,26049,7f7d13f3f4225b0f8b4ec78b9a744d7bad1f10569714be9164b302117fb83009
data/derived/experiments/fem_rfm_recomputed/experiment.json,1595,a9a45ee42dbcd32e5b5ddf37c3a75e079f71be4346e43634e04898da6ffd9e9b
data/derived/experiments/fem_rfm_recomputed/fem_raw.csv,17409,a349fac644b1c0784ea03a65292708086eeca7c7b523462975006dfd127f1d9c
data/derived/experiments/fem_rfm_recomputed/rfm_raw.csv,12493,651e7eecd06d2ff69bcaa9b3e175dba2f4ea4b508e0d2cdfaa0a1a3e55ea66f1
data/derived/experiments/fem_rfm_recomputed/tables/C1_energy_gap.csv,404,1109739aabede856ae4917a64b81a44ca511c1c91de582300383883e15e45806
data/derived/experiments/fem_rfm_recomputed/tables/C1_energy_gap.tex,220,cdf2f1d8c205bbb9c33ce1c955c607b53e2172a815f93bfd068c36e2ad68e2cb
data/derived/experiments/fem_rfm_recomputed/tables/C1_natural_error.csv,412,8fe0e9ed0c0f0c3ee42cfc91f879113f604cbd714cddf72f1a87a24f17c139bb
data/derived/experiments/fem_rfm_recomputed/tables/C1_natural_error.tex,220,3a32fccb8965fb4bc1565b501b06bd9ebd32a7881a98b5bbaa8353e7dff7ca25
data/derived/experiments/fem_rfm_recomputed/tables/C2_energy_gap.csv,405,14556f2f6e2aa806b50862dbf027dc15749eae4b4e7c3c979a75739119ba123b
data/derived/experiments/fem_rfm_recomputed/tables/C2_energy_gap.tex,220,61dae7e54745595da28c08d2bf858c3128eb8846cd50f5860a8504ad0222ae0c
data/derived/experiments/fem_rfm_recomputed/tables/C2_natural_error.csv,408,592eccdaca01b7a75ba0badfef0ea5a92032efefddf43495235c230e7a28a4c7
data/derived/experiments/fem_rfm_recomputed/tables/C2_natural_error.tex,220,8bde395b2252daf925cdc86db0908bed84cf428f8fef8b63bb54b893cf2b0984
data/derived/experiments/fem_rfm_recomputed/tables/C3_energy_gap.csv,381,1bd609c30769bf702c3bf17910912dff4b616ef8d09c93a4cf18b4e553de8305
data/derived/experiments/fem_rfm_recomputed/tables/C3_energy_gap.tex,213,785699e1d1973fd8b3d6e9d61fb4843a246dec5a9f71f17be3a61a735d3f3255
data/derived/experiments/fem_rfm_recomputed/tables/C3_natural_error.csv,392,fe93066073afa75119f8ca3e0588dacc1752c854db2bec990fb329cb1bf86d1e
data/derived/experiments/fem_rfm_recomputed/tables/C3_natural_error.tex,213,085c3b0d699f83f4239106a291714ecfc01c706ccecac6603ab8a3ab694ac3b0
data/derived/experiments/fem_rfm_recomputed/tables/C4_energy_gap.csv,433,e70255a6696059e84ea15f3ae2bd3e89d8194391210e0029ad527209ccb924f6
data/derived/experiments/fem_rfm_recomputed/tables/C4_energy_gap.tex,220,3576d2e217b597af166b3429f4230f63ed0c6e43d6aab8c50ca5e22c35dc7383
data/derived/experiments/fem_rfm_recomputed/tables/C4_natural_error.csv,432,261d08a893d240ee69f8833fc8119354d36a53153792e709b1d7af000b5d82b4
data/derived/experiments/fem_rfm_recomputed/tables/C4_natural_error.tex,220,a2422a6381604859938a815fe00bf1e68d1f8fe4db4ba866eb5dcdb543cf1177
data/derived/experiments/fem_rfm_recomputed/tables/C4_v_error.csv,438,a429b3027e06d923eb53b416d95f0a2d54f96b99e63be795ecf51ad3edaf3bc7
data/derived/experiments/fem_rfm_recomputed/tables/C4_v_error.tex,220,185128333ec33b048effc39076bb66c2ccf3a1fbbe9ab0baf3c4753fc1f1bcf3
data/derived/experiments/fem_rfm_recomputed/tables/C5_energy_gap.csv,388,61713324f2338077c0a524dbc0fe55bb71f018227241ac8eecae6de296ff652f
data/derived/experiments/fem_rfm_recomputed/tables/C5_energy_gap.tex,213,f886032d1f07026d5d14c86aed553d2c85eb917b558b575f2ceebc42857deef2
data/derived/experiments/fem_rfm_recomputed/tables/C5_natural_error.csv,389,24f3b3068767dd3c4cb61103ac4960e255dbfb465e21500be3435ac888a91391
data/derived/experiments/fem_rfm_recomputed/tables/C5_natural_error.tex,213,6851342030586abee184fb052def6ac43d33a826ebae881c76799eb3633d7aac
data/derived/experiments/fem_rfm_recomputed/tables/C5_v_error.csv,389,9d97bc9d5dccc42c42dd9d7004dcfb3c3269212228e1d8cad669c9b6225458e2
data/derived/experiments/fem_rfm_recomputed/tables/C5_v_error.tex,213,bd6b57b6ac9735717f5fa283b7a72d40accb13525ac61456c2982f82bbf6ea7a
data/derived/experiments/fem_rfm_recomputed/tables/local_orders.csv,2333,4c038b49db91474dc29676ff9701d5ec6dd2a8c80a6d8d480409db5e6c8b42cc
data/derived/experiments/fem_rfm_recomputed/tables/order_summary.csv,2898,2567eb00ed38b2168d308feb28c710bde46b2f83bb55429892a9cfab8e2e6572
data/derived/experiments/quadrature_sensitivity.csv,60582,6f9794fdfc136c527599e1754926e8c6ae5396383841336fdb0a775f46bd1355
data/derived/experiments/random_greedy_baseline.csv,481,d70bf64f4ee45a3e799a00c824765dd034144743ee7c538efd8862f85fa312b5
data/derived/experiments/rfm_multiseed_raw.csv,180494,d29d64d0cb5cf13d9181ca88ff7bf030bd4fa37e052890d9f09b7c44ea480fcd
data/derived/experiments/rfm_multiseed_summary.csv,15486,3a03680122c933b6407ae7b2a0acd99d79ca1ff4d81ae01280b7265ce7c1e493
data/derived/experiments/single_factor_control_audit.csv,863,04a836be590e2be972def111876d939eb618ab43ecea5d3b34196c40f26bcce6
data/derived/experiments/source_manifest.csv,22209,8475b419e61f232e9705649e66faca1d355b5242fbaa08aa00b140e2bd910c40
data/derived/section85/base_pure_finite_q16.csv,16622,62327e9d70bd5bb20b8f354ace846c92ed5ca42c4999e74e3953325887a41ce1
data/derived/section85/base_pure_finite_q20.csv,16690,860ee49073bbd09c5b2ca08ebc61061f54a4a530d363e30c0e50bfedf7db9d8d
data/derived/section85/base_pure_source_q16.npz,15236,f9efcc61d0707dda256c3bff593c553295c12313bd6e152eb4c8370166c61822
data/derived/section85/base_pure_source_q20.npz,15236,34406cf3086301260fbf7d892117ff8888deb4ef50810a935fb1f6127c28f1ec
data/derived/section85/base_pure_sources_q16.json,342,c594540fd2df4ae2c82d23e922eced77198953729f5cbf48b7108b75e600296b
data/derived/section85/base_pure_sources_q20.json,343,70a74f46a97e802a05b98fac0cda26648cdb79e3aad85be15932196b8aa8d6b3
data/derived/section85/candidate_ranking_step8.csv,72435,9b86de079959544b8f1a9c2a048e164922570e168b15f67f9de3c25c0b16b112
data/derived/section85/candidate_ranking_step8_summary.json,1028,52dc076ca444686aacb60fa5b37c895464976f0c1b0233c075fec942819ba806
data/derived/section85/common_quadrature_states.csv,298424,76be97e8be95141c38ecf6d7f7b8a9474cc8d23b3bb96d307ec3fa8ead243fa8
data/derived/section85/common_quadrature_terminal.csv,9755,a8ae90f217fc7cad756c4d91279028361770c9e9c133ae18dc925a4630c53315
data/derived/section85/epsilon_01_finite_q16.csv,17187,942b33820ba4c8cb5db0e819a3152e5f7bc929b4fd6d67588bfe6f0ba258bff8
data/derived/section85/epsilon_01_finite_q20.csv,17274,59e8efb376d0f07a5954e39821789cdf8cda5f0566c2b3979b91ef2aba356a56
data/derived/section85/epsilon_01_source_q16.npz,15236,37c86237b19a18f6a4ed6b5efb25464f8cbf438a48cac2da4a423ed4efa18b5b
data/derived/section85/epsilon_01_source_q20.npz,15236,982a951165e62fec5a4495035809379043763565ae05f93ef16a5f4c04eae953
data/derived/section85/epsilon_01_sources_q16.json,343,7df1b00a1bab0a249a7b4e79fa1cfc947e6c4ad227058c51153bc70bcfcb14c6
data/derived/section85/epsilon_01_sources_q20.json,342,14c80f711666796af13ef2c4012630aa20c123a852432feb5e86c64c5cb5551f
data/derived/section85/finite_trajectory_summary.csv,2096,ecdbb93a2abb844df6a9b3e90a70ff526fd712b1435ab37271f4c840f70806cb
data/derived/section85/same_space_replay.csv,983,44d92f49617969020fc96e27f822a83a18acd0c2f5c3f64ca4e323279a7b593b
data/derived/section85/source_quadrature_crosscheck.csv,1183,9fe4a6eb455d7f99933449fe6b110099cc1261369d68b58605e984ed73fda48f
data/derived/window_diagnostics/active_kkt.csv,17257,d045811e5ad087dc700a2163661e559d626541e414485aa482d17cc05caa5424
data/derived/window_diagnostics/frozen_projection.csv,15723,afba8e28a701df9da657030bdbf2f87c15ef9bbfbf17164172f98c6fdc390c61
data/derived/window_diagnostics/hessian_spectra.csv,18506,56b56bf99466ca4d32e5ed4b164eafbfae4a8f630d2a1fdf86ddd1a46000139f
data/derived/window_diagnostics/quadrature_refinement.csv,18262,a27a7e3cbc2a348a16e2201f843624b85d0ed9f4bec212a13afbc98543ab240f
data/derived/window_diagnostics/selection_ratios.csv,15229,5281597aec9b0b069e2235305694f150cd1033204344b534c1e3af1805849448
data/derived/window_diagnostics/state_reconstruction_audit.csv,25541,279623078b0783264410188daab7cd624c30664f3e306fec0ca61f568f1e600a
data/derived/window_diagnostics/stepwise_states_manifest.csv,23975,2ef7de43cf2d1bd0bc437d99e00b8e55f38c26dd5c4e6089b4eedc0f065b3256
data/derived/window_diagnostics/transfer_budget.csv,25658,c2e2f1ab6529887df9a265b4ff74f892212c255fcdf6eb11cc11a9c938af43f4
data/derived/window_diagnostics/window_certificate_validation.json,1745,3fd5f71d30601fde8586e7778a0639a361f977e328e9325e0dbece61eb57899f
data/raw/baseline/data/fem_raw.csv,53280,bada55e33777b09c2979668b573eb04b1969bea22be70096f6fc0eaf4dee19c8
data/raw/baseline/data/models/C1_cga_256.npz,7294,6712772ee1533b0bf4c923fe5a23c39b4d54d799492c6e5b00ff5d2c99ced10b
data/raw/baseline/data/models/C1_fem_p1_n256.npz,2310,d0de1199cac3a7d5815d7d6073bc5eadc40a4b69fbdb97f29646d7d233a18959
data/raw/baseline/data/models/C1_fem_p2_n128.npz,2327,b06064daa2c3da1a33a15b2d5b16c6a63c2742ea95be6eac2709e43f316520bc
data/raw/baseline/data/models/C1_fem_p3_n128.npz,3044,aa6ae9f3aecd3904a8a1d78907cf1b70b8bc4a28437ff873521865d1eb1244a5
data/raw/baseline/data/models/C1_rfm_seed201_n256.npz,6928,209b1da54a1b30431076f7e90736d9f62456395f3d7df200f8ca8ef6fe0b8a64
data/raw/baseline/data/models/C2_cga_256.npz,7281,aaf74290ec6c31116d44bfbe4860f20906569333cfe464ddfb9ffbd3f0648c39
data/raw/baseline/data/models/C2_fem_p1_n256.npz,2238,96ed8c2935eac1c1171e806b8d26c76ae09ae2cf7fb8116778986e201ef334a6
data/raw/baseline/data/models/C2_fem_p2_n128.npz,2245,986b23b6ef3f6228d145ff630379318e794697f333594841707b7d122699581b
data/raw/baseline/data/models/C2_fem_p3_n128.npz,3020,0b0cdaf75159ea0102e8a74d1959b4b46d0eba21878da7f044b516c20c924a46
data/raw/baseline/data/models/C2_rfm_seed201_n256.npz,6992,6a47984ab56de6ba855f144b9a558d5134e6560c5f6d01c854f1eaf0729c4dd0
data/raw/baseline/data/models/C3_cga_512.npz,20841,6043091600400e1da940af8afc0ebf799e462f2d5dc055a385ac17086af2ba96
data/raw/baseline/data/models/C3_fem_p1_n22.npz,3004,ba5be64e83de735bf2152a02e47a6ac1e52da381ec7eb0ceb235b3f978590793
data/raw/baseline/data/models/C3_fem_p2_n11.npz,2946,09c82dbb7081e8743073efa91305287b9a787d44adca83bc3ac59b5655e905a0
data/raw/baseline/data/models/C3_fem_p3_n7.npz,2760,2bd790dd52e4bedfe3d75f43b293f428954bb793e1ea0287e587e3699e25f481
data/raw/baseline/data/models/C3_rfm_seed201_n512.npz,20850,7b69930f572db28e6b5cd5aa9c1941b74ed906bfeecd87f223187da2c1471fb9
data/raw/baseline/data/models/C4_cga_141.npz,5724,dc74e5a1d30ead81d82443af6d39bd5cd2db926dec04271368383156a2d55731
data/raw/baseline/data/models/C4_fem_p1_n256.npz,1986,5572e4f0a3b673c03de8466d998ba9188e31a9894d55b660e9ee784a6881be5f
data/raw/baseline/data/models/C4_fem_p2_n128.npz,2025,583d1b6285d101e605bbbea324e9d33f0acdedf8b79eb09281c99066638b4551
data/raw/baseline/data/models/C4_fem_p3_n128.npz,2752,a685f8009c0db0c694d357aa64b7e46ffeb08c9cbd55e6e6da80f4eb8eac59dd
data/raw/baseline/data/models/C4_rfm_seed201_n256.npz,8842,bc96f2743358fe42979c852133318e1d77dfa48deb75048a13a47554e0092e98
data/raw/baseline/data/models/C5_cga_512.npz,24770,df29951993c84ebaad6c4df10806255fa1840b7b3411540de8e7466daef4c96b
data/raw/baseline/data/models/C5_fem_p1_n22.npz,3024,1d59582973fa7e113263fe601248c0e08c4740969204e38ff95dd61d98a5c26c
data/raw/baseline/data/models/C5_fem_p2_n11.npz,2983,b120491116f39725864363131b2886b46ef56631079d058b77d8a0150145a9da
data/raw/baseline/data/models/C5_fem_p3_n7.npz,2827,910e8453626d1a12b1a8acd54ff896cef349dd4adbee54da0271c6420e9121cd
data/raw/baseline/data/models/C5_rfm_seed201_n512.npz,24759,7b3f04799096d0b74edf0fa6eacffb3922232fa67cee16a7a7944cad21f6157a
data/raw/cga_cases/E1_linear_1d/config.json,1718,09203d90d640739838bc70f9fa52f8ccb8faf6d1e916555d0afd1190d2f9dec3
data/raw/cga_cases/E1_linear_1d/history.csv,217652,93c7446e1632767f5ef3198b19fe41dbf19be6fca6677133894596bbf41918fa
data/raw/cga_cases/E1_linear_1d/summary.json,4151,bcb37b49f93e5d0756666a6496f67b0f28d47a0236b28998658810fba7222b9e
data/raw/cga_cases/E2_cubic_1d/config.json,1717,f15bc819654077bbd9293135feb4a8de8c23a52abc1f4366156ae9a952a62751
data/raw/cga_cases/E2_cubic_1d/history.csv,246702,dd380d9ef1149208321164b88528fb2f03f156075c332f0d92b5064fffd8508e
data/raw/cga_cases/E2_cubic_1d/summary.json,4136,3ec31b9a685ea555bd33aaa89dc273547aba2a4036d54ae122c48b75ba7a290f
data/raw/cga_cases/E3_sinh_2d/config.json,1708,5c15498a71da8c10fc052716c7b23f9bb1a12fcc50bdcd10a0ef0dc454516ac0
data/raw/cga_cases/E3_sinh_2d/history.csv,475026,62a5eca62a7a87473550c36d89524826da5e26750f70c586438b0bce9be52a62
data/raw/cga_cases/E3_sinh_2d/summary.json,4132,777e640557643f260dee5415c5bbb12b287d1e80c8b74569b3557787f3813771
data/raw/cga_cases/E4_pure_p4_1d/candidate_pool.npz,47816,7fe07e7ae98ac4aaa32f8f2d1be8d6b08df78fafa574a4c80c81b25a52c5a557
data/raw/cga_cases/E4_pure_p4_1d/checkpoint.npz,5197,411263b139a0869ca9d071cfd4bd78268c7018e7c25461eb03f0319cd6a4f51a
data/raw/cga_cases/E4_pure_p4_1d/command.txt,64,c2fcf7ab0a3774c10af4ac246c383a1ad199b2365ec416eb80b1ee00096fd0b4
data/raw/cga_cases/E4_pure_p4_1d/config.json,1717,e37b2d9419d70a15ce30347361165cbf481ea6b462d1ec4896466f437c021493
data/raw/cga_cases/E4_pure_p4_1d/diagnostic_model.npz,6695,2a63bd9680c919523b95c66fe31dfabeebed702a44c5950b6cb4828bd832e9e5
data/raw/cga_cases/E4_pure_p4_1d/dyadic.csv,1631,f67d6c7a370b48c93a635c88748b9818d10a468333496bf1e2b82559a9a3e9b0
data/raw/cga_cases/E4_pure_p4_1d/environment.json,409,0522ff2644d1fcbbc17c3e71bce4252988e2026bfa45b513941ae65917d29327
data/raw/cga_cases/E4_pure_p4_1d/figures/convergence_energy_gap_raw.png,87132,a938d8690bfd1742e8ebe0c6177ae46222baeffbec7ef8c8e3d6f83958162b4d
data/raw/cga_cases/E4_pure_p4_1d/figures/convergence_natural_rel.png,105681,dcd323e7ccbd6069c3be5b7d14e4effa0f78b1ce80309ec92dc6fa6e04024cd5
data/raw/cga_cases/E4_pure_p4_1d/figures/convergence_quasi_rel.png,95834,0b93b6fa80c46cec9d02378a7eb2b6f86ea822b50f593d3b9987a85f6098ce8e
data/raw/cga_cases/E4_pure_p4_1d/figures/solution_comparison.png,132660,1b2de55a7539912c64d8bcb7fd946ecf2b1900fbad4b3708892ca8c23ea306ca
data/raw/cga_cases/E4_pure_p4_1d/history.csv,547394,f6994e23a0ff86cd66c37daba0e507dbef857680e42db61efae5fecf1f9526df
data/raw/cga_cases/E4_pure_p4_1d/log.txt,69053,25873362b82d7856d116c8cde699e4abfa583ba0e08dd7cad916d9157d3084c0
data/raw/cga_cases/E4_pure_p4_1d/model.npz,6695,2a63bd9680c919523b95c66fe31dfabeebed702a44c5950b6cb4828bd832e9e5
data/raw/cga_cases/E4_pure_p4_1d/pool_manifest.json,672,c798bdce7440a4890231458ed86d5cee0e2f687ca4c1a60159e4d2afe73477c9
data/raw/cga_cases/E4_pure_p4_1d/reference_pool.npz,93190,2af469143361ee161ac6ac9150532864d7078d1653ea2acbe7ed5da5df638d44
data/raw/cga_cases/E4_pure_p4_1d/summary.json,4666,5174977ef253c28a5f63f702741ffbe9e8be6a53fbb3d000e5de4831bab50ac8
data/raw/cga_cases/E4_pure_p4_1d/trusted_model.npz,6695,2a63bd9680c919523b95c66fe31dfabeebed702a44c5950b6cb4828bd832e9e5
data/raw/cga_cases/E5_pure_p4_2d/config.json,1710,573925598164205ef6c510b151ad5784471406df2feb0e66bfa72c4711ecdb5a
data/raw/cga_cases/E5_pure_p4_2d/history.csv,502785,6d81942b302d13300c3647405a00815e6889bf8414f20361cbc7e8f89df0904c
data/raw/cga_cases/E5_pure_p4_2d/summary.json,4663,762bc8a41b12e26e6a4ef86bf07c9220d1e6fc84bc0731c1e07505db70fa69dc
data/raw/cga_cases/E6_regularized_p4_2d/config.json,1716,430de56231015b21e41e1495db9b37df0557fb46b8b3b4743451829b8c70005d
data/raw/cga_cases/E6_regularized_p4_2d/history.csv,494299,0bc6bbe47f17191efb53c6fb4243573c2afff6aea3aced6e70132588fc7c26bd
data/raw/cga_cases/E6_regularized_p4_2d/summary.json,4675,530e6e93d956ed7258c8d71800afe2dbcc8d3b0bfff43579baa8080f69306d2e
data/raw/cga_cases/E7_reaction_p4_2d/config.json,1714,6c1fe3b2f1b927e2ca1b0d1d17544f5f43f994b47481740c5b467535ca50a7db
data/raw/cga_cases/E7_reaction_p4_2d/history.csv,491575,9e1c00e4c9f9f1995b7ff6cf3f22b40cc8e912c97c2b810dd92c7226e5cc91f7
data/raw/cga_cases/E7_reaction_p4_2d/summary.json,4675,b011922def2aeb483b1a58a3d5830bd00ce45892c9fb161ad85469c2557c1565
data/raw/cga_cases/E8_pure_p5_1d/config.json,1717,b1811e46a89d82ab07b64d2150a041abfe435e2a4a89dd4103da9372c69997b4
data/raw/cga_cases/E8_pure_p5_1d/history.csv,231094,4c1b5bfdbd44fa1d8b0cf4d93ff0b743e165fcae6ff1f29fcc1ddfe77667b2c9
data/raw/cga_cases/E8_pure_p5_1d/summary.json,4502,f8ee3286e56f034fb19d073a1077048ad9f3defe374602f42ec2e5117dc68cc7
data/raw/continuation_20260914/base_pure/candidate_pool.npz,13844,bb1587f6be7a17cbf7768a56cd19c3052e879896bcf7e5e2425b8aba2867e502
data/raw/continuation_20260914/base_pure/checkpoint.npz,4089,7ee405f450f16ba188c3ce91590ed5d52bbe6514007642196a885daf7e3cc014
data/raw/continuation_20260914/base_pure/command.txt,74,234cee691bb66a8034d73a2435d3e1c0a829d3febfe48c634a5ec90561032173
data/raw/continuation_20260914/base_pure/config.json,1729,5fb8f70c5caf10226e476c7929688a0af967261314d2aa6acd8d32b9e40d1af8
data/raw/continuation_20260914/base_pure/diagnostic_model.npz,4289,621ab5d0627789b4f7377c013fd617906c0be268910927197038610bbc501754
data/raw/continuation_20260914/base_pure/environment.json,371,3c5cb0957fd268c7c4eb30e26f0b6a13faccdc5c75ef0c7092158d8605ac5b3d
data/raw/continuation_20260914/base_pure/environment_continuation.json,372,78c3fb6498fb64454c15293670d50f3735f8d6c7e9fa2830ebbd1d9a3ae7f7c4
data/raw/continuation_20260914/base_pure/history.csv,61250,ccb29704b5f6368ade77d1a1b7317d5633ca9efeb76bd1004384516de1ba5234
data/raw/continuation_20260914/base_pure/log.txt,5375,7a5f5541e7131c95b02ad40dfbb8aa5a5c6f0d5cdf3de7262ed77d1ae163c7b3
data/raw/continuation_20260914/base_pure/model.npz,4289,621ab5d0627789b4f7377c013fd617906c0be268910927197038610bbc501754
data/raw/continuation_20260914/base_pure/parent_summary.json,4887,0624d9711b59be024dbda0ed1a553f9b7b6fac8249229cab839b3c6954557939
data/raw/continuation_20260914/base_pure/pool_manifest.json,643,bc2b8ca872b2a78b8d7364413d5738b84039f16bd58ece8c9bed15bb28791ddf
data/raw/continuation_20260914/base_pure/protocol_sha256.txt,65,4d24bf2efa0715f3c23256dccd324b547a2cefd32f8de07964fadc7e2132a039
data/raw/continuation_20260914/base_pure/reference_pool.npz,25186,29d76a5ab0c7d743ee36406a6b69ea5707773ecea40492fe89eac5852c32d58d
data/raw/continuation_20260914/base_pure/states/accepted_0001.npz,2124,d46333f531cfc10f7da05c1cf35ea4fbb86c039fd4690f7af0a930f195f7f1c2
data/raw/continuation_20260914/base_pure/states/accepted_0002.npz,2162,9c17eeb9ca848c6dc40c3c8cef49b3e308e054eac4bb024e47fe2c77a19455e7
data/raw/continuation_20260914/base_pure/states/accepted_0003.npz,2197,1f5a80c73c3d293e1615725778effec252f51dbb5b7b72480d651b735b292069
data/raw/continuation_20260914/base_pure/states/accepted_0004.npz,2231,993339f4b3fdd87ad387f52adfa84fffb639e24d1e38710091345f32235ce596
data/raw/continuation_20260914/base_pure/states/accepted_0005.npz,2265,2e30bdfd6c709f01f6ba618f9984a899c4cd455b7362f60a0a486ebc13f5dbdb
data/raw/continuation_20260914/base_pure/states/accepted_0006.npz,2299,36821ce38462a5faf5b90fc7684abb9abe1e1979f71d20024a214c33332d012c
data/raw/continuation_20260914/base_pure/states/accepted_0007.npz,2333,b145e2512fc27d79dd1b924a9e78f1da6f0e57730fa522956a9ea1bcb1416672
data/raw/continuation_20260914/base_pure/states/accepted_0008.npz,2368,d3c575e94d940fa29a3cd38d36feaec5ade6227049783b96dad2cef9a00acb35
data/raw/continuation_20260914/base_pure/states/accepted_0009.npz,2403,fc933af8b89b26d97142cc4162c79beee7abfcd654a090ba452d26c8c96857ad
data/raw/continuation_20260914/base_pure/states/accepted_0010.npz,2443,00181fe566e91d557cb26d5e55924f8824c1b2db0c97cba6b6f021d18564436f
data/raw/continuation_20260914/base_pure/states/accepted_0011.npz,2476,f9790c731a6b4a7e576bec2862ce40688cd28d8d366b36d0755f60b5870bcb48
data/raw/continuation_20260914/base_pure/states/accepted_0012.npz,2509,cd9c36dfccd6bffadeda6dd763cf3ed24b67ae6d4aeac031e6be0ba18290d5ae
data/raw/continuation_20260914/base_pure/states/accepted_0013.npz,2544,95974bb28ab613d13127436769fd21da8bbc8e9dfbb2478b634ba2301c90b4ce
data/raw/continuation_20260914/base_pure/states/accepted_0014.npz,2578,588ded85fa45b791e5036de5bf3246db56b440c7e1a241955dbb106092eb1ecc
data/raw/continuation_20260914/base_pure/states/accepted_0015.npz,2613,af7882feef3105c83891a95e89e4a9dfaa50986bc6742b979acf771b3cc85269
data/raw/continuation_20260914/base_pure/states/accepted_0016.npz,2647,225fe158b589d455f4309b463cfbda40ca292e697b7f70e66419a460270800cc
data/raw/continuation_20260914/base_pure/states/accepted_0017.npz,2685,1b24f0fe96a14b93e6a34287b01f88c5b6a673c4ed663329c1481682ac746fb3
data/raw/continuation_20260914/base_pure/states/accepted_0018.npz,2717,2062394f29e7104c53a32b98538c920d5a1ba576736b763f8a6b7157289c2bc4
data/raw/continuation_20260914/base_pure/states/accepted_0019.npz,2752,e793566fc2a53e775f16828596decba5476f9a784260592fba14e3b03a1fd5d3
data/raw/continuation_20260914/base_pure/states/accepted_0020.npz,2784,f4ec2b724cccf71b1ad75d2771c6d81300de1a8abeea4fb00cc72c8daf6c992f
data/raw/continuation_20260914/base_pure/states/accepted_0021.npz,2819,8a26f7c09233b680047c2e8e3a45ee3a55938aae641d727a2ef76c1d137ddc3d
data/raw/continuation_20260914/base_pure/states/accepted_0022.npz,2855,7cf1e756429469c0a1ceed056f5a5526c53670294fb1cd7fa0e935a0e5e0c0d2
data/raw/continuation_20260914/base_pure/states/accepted_0023.npz,2889,b57918bfa05eaf5f94366ef70acd7c7971269a03bfe6b64abb01f173c5b09d20
data/raw/continuation_20260914/base_pure/states/accepted_0024.npz,2922,fca90d95cb5c57c143576ae2cb0cafe060eafd86e937435889929ba97e4b6332
data/raw/continuation_20260914/base_pure/states/accepted_0025.npz,2957,255f4f4ad7da575a4d541a9fbfec8402bba9496635c2a07b61e19f4faccb4741
data/raw/continuation_20260914/base_pure/states/accepted_0026.npz,2989,232011bc1886b99254113689f92b0f6f5fae89fb8a6fc00001635206b46f20f7
data/raw/continuation_20260914/base_pure/states/accepted_0027.npz,3024,01b1eb24df56578862dd74d9559a1c2e3f4cd7d82180b48b371f45f0a0d71f94
data/raw/continuation_20260914/base_pure/states/accepted_0028.npz,3056,82af67288b26d6e2fd43446afff89d9e7abd5bcc56d5b5312b440d4e08c48697
data/raw/continuation_20260914/base_pure/states/accepted_0029.npz,3092,db496a86f902be239ddf815254f1686a42c8e80503e6aacf46c864311a446419
data/raw/continuation_20260914/base_pure/states/accepted_0030.npz,3127,10440c8ce5eddf6555433df04894eebab8f0902e71dd8165ebe427bc2936eeaf
data/raw/continuation_20260914/base_pure/states/accepted_0031.npz,3159,52d05dc451a0cf0ae2c3f1c50419d6601976816b5e3d6d9c641c3fac561fbb9d
data/raw/continuation_20260914/base_pure/states/accepted_0032.npz,3195,3e825d4a131717f7b5a7db8ad15332cb2fb31dce1d6a3da961fcef8f46a56d32
data/raw/continuation_20260914/base_pure/states/accepted_0033.npz,3231,e1813bf808d65693ebb1399acd1d1c626264dafc1092ef2cefaa39d97a975d70
data/raw/continuation_20260914/base_pure/states/accepted_0034.npz,3263,8845aef44640ee9dfbf886199bbfded4c899b320b8a27ae4ee89fee97a990526
data/raw/continuation_20260914/base_pure/states/accepted_0035.npz,3298,7b61d5304ab554ab56f3f9350ce64bd75c5026a728063d70e1e4aedbedaf9a1a
data/raw/continuation_20260914/base_pure/states/accepted_0036.npz,3333,f1b5f8fe4524df4e80eddb9465f7846f2b16ff2e28340f733d25e54722f7122e
data/raw/continuation_20260914/base_pure/states/accepted_0037.npz,3366,0af20b771e366552c859c3acd0fc045c3c2fbcbf39d95309507238caa0899a30
data/raw/continuation_20260914/base_pure/states/accepted_0038.npz,3402,d3c9f05d8ed14690c321f8b8bdd56e093f60de07585e46b951cc4b5bb8139b12
data/raw/continuation_20260914/base_pure/states/accepted_0039.npz,3434,84c6ace2a0a72e25af1c7a63f9a77f3fc8387a08c6a7447fde2185de75495866
data/raw/continuation_20260914/base_pure/states/accepted_0040.npz,3469,306d31e227350f174565dc409aac74120ba12fc15f5b3c8d62b0e73d8dfdb00f
data/raw/continuation_20260914/base_pure/states/accepted_0041.npz,3505,e2324fa326f9c38af1e46267728a053159bd0c7be25f047c5b25137924c0a965
data/raw/continuation_20260914/base_pure/states/accepted_0042.npz,3539,b8d7df6d484dad2567302064c4a6b28020a88845c6c8b803f2c028921fd6c856
data/raw/continuation_20260914/base_pure/states/accepted_0043.npz,3573,5c8ae12dc09585f470faa73e48c49d6ddcfe050fdcfc979cfee2324c05597b34
data/raw/continuation_20260914/base_pure/states/accepted_0044.npz,3605,c6560aeb74ce1a6f400840a029427a6526f84831b5f651b19538ffb618dcba18
data/raw/continuation_20260914/base_pure/states/accepted_0045.npz,3640,4228ecee5d493fa3700ebc0d6ec19caaf592f30b957f23a1cd989d706df8e2ed
data/raw/continuation_20260914/base_pure/states/accepted_0046.npz,3673,46e7d835bf1a5fbb5e555d9a2d09b505ad0072a6d88d3bb23b2d1d34c01ed275
data/raw/continuation_20260914/base_pure/states/accepted_0047.npz,3709,6779db9596768c345796d39db25aadbbab9dae4a8c122c527a954fbfd784c88e
data/raw/continuation_20260914/base_pure/states/accepted_0048.npz,3743,511bdc2019f190363b730df518b5a9fe52a2b13289de3c4791ef476ba0c4afc8
data/raw/continuation_20260914/base_pure/states/accepted_0049.npz,3779,a96be0f5f9b2d33c78d2d375b493bd7f87d0e3771b0981419267a55c9a373e89
data/raw/continuation_20260914/base_pure/states/accepted_0050.npz,3811,8db37b0e33f59edb7fa1e92237734e3a2393d689a896cf286a637f02d51f518a
data/raw/continuation_20260914/base_pure/states/accepted_0051.npz,3847,5c407fd1bb6b656de4a03569dc72ea48b9bf6a1c2e9957e2a91e8a9174fa6062
data/raw/continuation_20260914/base_pure/states/accepted_0052.npz,3879,28ef59c1dd545e98a98a209e08b4bf74921a5221ccf4f1b1ca5af991ff5b2b2f
data/raw/continuation_20260914/base_pure/states/accepted_0053.npz,3913,51c166311bdef14a6eae5024e4e6d2451ccf39d7676dc5b550ec49c0b27027be
data/raw/continuation_20260914/base_pure/states/accepted_0054.npz,3947,84a0231c4c0da332dde04edf8bcfcd400d98f838487562185517e69d07ef5c87
data/raw/continuation_20260914/base_pure/states/accepted_0055.npz,3981,913f25fc847a9c4886969afd68f81d9b82d04dca2003145bf3be0b3b6e6d6e71
data/raw/continuation_20260914/base_pure/states/accepted_0056.npz,4016,1846caff15345998eec94f06122da9feee799cf24db24478e3ab1fb1802a64ed
data/raw/continuation_20260914/base_pure/states/accepted_0057.npz,4050,80facc3cb715a3cdef5770eed4bc9953465281db6096ee3097c8eaa7fe7df808
data/raw/continuation_20260914/base_pure/states/accepted_0058.npz,4085,9ccab75ee519aee7c5d3159acf3a048beb655f64cb870b06ab6d7ee6c822ceef
data/raw/continuation_20260914/base_pure/states/accepted_0059.npz,4118,0ca2ecfc37ac051087b9ad76f04c87ae43c54599a6c51dd51bdd09d68d9cd729
data/raw/continuation_20260914/base_pure/states/accepted_0060.npz,4154,ad4bcf9a5c56f1a33bf4a6ab09038c9f95ba052474b22dd19f4e8f9f3ca8b81f
data/raw/continuation_20260914/base_pure/states/accepted_0061.npz,4186,ec9fd74ac61fbfa0896296e24b72aecdec45e392cf512b80aa5f9baff658dc79
data/raw/continuation_20260914/base_pure/states/accepted_0062.npz,4221,b884ea8252523d724b96fbe37481505fe6e2a2fadd38f8bd8b3c99fcc633b3d4
data/raw/continuation_20260914/base_pure/states/accepted_0063.npz,4256,33b1563464bf343a481166b1614e8dc8d380d198f63c76402e6dce5ceff49027
data/raw/continuation_20260914/base_pure/states/accepted_0064.npz,4289,621ab5d0627789b4f7377c013fd617906c0be268910927197038610bbc501754
data/raw/continuation_20260914/base_pure/summary.json,4822,bb891fb27c599676cd2aca87cf97a88b52e781750c2670f4684e90c7f4551923
data/raw/continuation_20260914/base_pure/trusted_model.npz,4289,621ab5d0627789b4f7377c013fd617906c0be268910927197038610bbc501754
data/raw/continuation_20260914/epsilon_01/candidate_pool.npz,13844,bb1587f6be7a17cbf7768a56cd19c3052e879896bcf7e5e2425b8aba2867e502
data/raw/continuation_20260914/epsilon_01/checkpoint.npz,4085,231534e07e7f77547b5cf460d861999275b0091dde17aea20edf071759421997
data/raw/continuation_20260914/epsilon_01/command.txt,75,c875b735e3ee99a3f97bc5615b4b11cf99ef8f6c3779f8fb8744ef3b15ccef90
data/raw/continuation_20260914/epsilon_01/config.json,1735,a37c459ea0e77a5e26a247890450ac72400b03bffd77686311113d3bc2b75a36
data/raw/continuation_20260914/epsilon_01/diagnostic_model.npz,4299,6b1eda8c6cd83851bfa9dbc005199d101ca0f42ec869b5141bdffbd0755932a5
data/raw/continuation_20260914/epsilon_01/environment.json,371,a2a6726c88cb4941646df36590df411a75392c84ca3644ce1da3ffd9e5419939
data/raw/continuation_20260914/epsilon_01/environment_continuation.json,372,5770b151602504f14fe7477840df32230efa27603787bdf692768f0c45bf1689
data/raw/continuation_20260914/epsilon_01/history.csv,59778,44d9b4a24b5418b679848bff4a17ccb5d2d450a0505eb4d5439cc38453026241
data/raw/continuation_20260914/epsilon_01/log.txt,5203,a55a50aa0c74b21daac8d833b2d245e322a10eca6d932bfbcd04e43be8bdc151
data/raw/continuation_20260914/epsilon_01/model.npz,4299,6b1eda8c6cd83851bfa9dbc005199d101ca0f42ec869b5141bdffbd0755932a5
data/raw/continuation_20260914/epsilon_01/parent_summary.json,4926,b01ad16017faac86d4caa9c0cc720b331196cecda0b925f4e52ae2fad3b05233
data/raw/continuation_20260914/epsilon_01/pool_manifest.json,643,bc2b8ca872b2a78b8d7364413d5738b84039f16bd58ece8c9bed15bb28791ddf
data/raw/continuation_20260914/epsilon_01/protocol_sha256.txt,65,4d24bf2efa0715f3c23256dccd324b547a2cefd32f8de07964fadc7e2132a039
data/raw/continuation_20260914/epsilon_01/reference_pool.npz,25186,29d76a5ab0c7d743ee36406a6b69ea5707773ecea40492fe89eac5852c32d58d
data/raw/continuation_20260914/epsilon_01/states/accepted_0001.npz,2142,cc99c66abaeacb09d92d492e8a2445a826a19ca745eaf4ba46c512ff1149ee1a
data/raw/continuation_20260914/epsilon_01/states/accepted_0002.npz,2179,1f840022f675e83edeff9a83ff0aa9c5b2726b562d6f5703fedcd82acf29b80e
data/raw/continuation_20260914/epsilon_01/states/accepted_0003.npz,2213,a024b1b82243e88acb32f060fc1cb05d187e27ce56c2cd36fcd3297f14384e70
data/raw/continuation_20260914/epsilon_01/states/accepted_0004.npz,2248,4acfa25fba674d35bd69f43574e49c67103f1a9ba23cfd852bdf70a3d7cc8794
data/raw/continuation_20260914/epsilon_01/states/accepted_0005.npz,2282,d415b22e281075c3660618358331ce7ef18bcd63c23285502219318adaf10b19
data/raw/continuation_20260914/epsilon_01/states/accepted_0006.npz,2316,114fd5d0c0bb3b474fef1ec62d1ed55c8fce99356420065e3786d77ea819658a
data/raw/continuation_20260914/epsilon_01/states/accepted_0007.npz,2351,6297e717254a3160063165dbcc06c470918391250d8dcabfd99ac84440e13883
data/raw/continuation_20260914/epsilon_01/states/accepted_0008.npz,2385,9655ebc0fa0abf4ea34fafd84fd570a4305b3bf4edf43bcd31793600695c7ba4
data/raw/continuation_20260914/epsilon_01/states/accepted_0009.npz,2420,46eb9257933c319785241a068a70e07781b70f32d49cbc6a73ce3e6274687d84
data/raw/continuation_20260914/epsilon_01/states/accepted_0010.npz,2458,7561d3e8e1716885b6b5c4098744e73cf6cedc4a704160433801dc1f78003a1b
data/raw/continuation_20260914/epsilon_01/states/accepted_0011.npz,2493,1a8862f1adeb9d7e2976ff3a3fb5f49e904642d478d8ccf0d676521428de0d47
data/raw/continuation_20260914/epsilon_01/states/accepted_0012.npz,2528,c77f1454d1f78add65bd1efc29cdd5bd3b8d8b3601a26ab9dd5c02633d3f01af
data/raw/continuation_20260914/epsilon_01/states/accepted_0013.npz,2560,f9a61c656413988557104e6a1fd27b5142e9a26e721e64c0c09f77c41846623c
data/raw/continuation_20260914/epsilon_01/states/accepted_0014.npz,2593,7897f99a09fcc150618a4f9e67d97d2cc1d23845a8cee7468da03ad48e8d9498
data/raw/continuation_20260914/epsilon_01/states/accepted_0015.npz,2630,636fea9d23b98527ae052d271f5e9a44548f3fe0af37b413fc5dca5a9bf53188
data/raw/continuation_20260914/epsilon_01/states/accepted_0016.npz,2664,bb94d17f0788c6adb3e85c5d22bb37aa4029a84596ef4c520fd07412bfcc8d4c
data/raw/continuation_20260914/epsilon_01/states/accepted_0017.npz,2700,4ad9ddecdf8525ea35cf2baa86b2a5c0638b19254400cd7f81e4b3d66d28ae28
data/raw/continuation_20260914/epsilon_01/states/accepted_0018.npz,2735,1fa63a5b69d1d853accd70917e9b625bb1430de07688bc374db63e3767f28dc0
data/raw/continuation_20260914/epsilon_01/states/accepted_0019.npz,2765,ebb48af52870454b23649713e9ed108fd666e39c01779ca954fc8802b139ac72
data/raw/continuation_20260914/epsilon_01/states/accepted_0020.npz,2801,ef4cac7de2dacbaf63e37d13bdca98d1e7aff16503f821aac1401b65ad75ab65
data/raw/continuation_20260914/epsilon_01/states/accepted_0021.npz,2834,2ae50900389aa167cfcb6105d3caf71262f337a333bdf47916307e630f833591
data/raw/continuation_20260914/epsilon_01/states/accepted_0022.npz,2868,b5f9fa4c12e0deea40446e5ee5a75709d67dd2f7c160dd1bc8211f99cfa99742
data/raw/continuation_20260914/epsilon_01/states/accepted_0023.npz,2901,c82627c1eb31ef2e0a1484bb1f9d9dc446b0948184054793432bd8f714d3ae87
data/raw/continuation_20260914/epsilon_01/states/accepted_0024.npz,2934,76b01acccd4a1ad92db9d59f0b35314d16bd7b67b1bca26461095519ddbdeec0
data/raw/continuation_20260914/epsilon_01/states/accepted_0025.npz,2969,28fb25d7f88c49dbd20401f90a089e0ca7164d9592821d2b945e3dc57a1eed61
data/raw/continuation_20260914/epsilon_01/states/accepted_0026.npz,3001,32b8633ec682ea13a08bea1719e518599917f65571481af06a830960712be54a
data/raw/continuation_20260914/epsilon_01/states/accepted_0027.npz,3035,33c496a3d1e94fd42af782d7d30bead47678c57cb7317d77b901c7354f538099
data/raw/continuation_20260914/epsilon_01/states/accepted_0028.npz,3069,22fe18e0fdfa00d22d0ad1ac37c69d662e2b91e4bcbbf8b19e4ebd9878e63d8b
data/raw/continuation_20260914/epsilon_01/states/accepted_0029.npz,3103,1493099ffd4122f3f9a38ca7dd5f6fd69a355b92e4368d0ee5892c384bc04e44
data/raw/continuation_20260914/epsilon_01/states/accepted_0030.npz,3139,ad7b678bc6c7bca4c10b818ef4c1a7e64563525bed8c60852a8667f23b1a21f9
data/raw/continuation_20260914/epsilon_01/states/accepted_0031.npz,3172,0bf6a8897f7da86a1bd3e94db6d47b773eca14a840525fde07bdc3702b372cf8
data/raw/continuation_20260914/epsilon_01/states/accepted_0032.npz,3204,1bbbe1a73c0ffbdb2755c7eb1933ddc195f87075648fc635b9d650cda874eec2
data/raw/continuation_20260914/epsilon_01/states/accepted_0033.npz,3241,d8f3dc50592e9e283106c1d1bd85d59ba7b6825db729b24ea51d5de52d3fda13
data/raw/continuation_20260914/epsilon_01/states/accepted_0034.npz,3275,d30e8cbe8d68857ef02dcbe50bc61e349111e2a8eaf911fd44692f507216e901
data/raw/continuation_20260914/epsilon_01/states/accepted_0035.npz,3307,dedf710784b557247d808c3981539d46cf0fa2b4cc30816a325c30d067a08ebd
data/raw/continuation_20260914/epsilon_01/states/accepted_0036.npz,3341,a51cc07ff7b2e65d68fa99a169fc41a91f8d4bb9a8ad74b2a853830d809d2160
data/raw/continuation_20260914/epsilon_01/states/accepted_0037.npz,3377,e292b0abcd34713212c8765e0ae8143b2b7e3518641c0b6502e6f16f27e848f7
data/raw/continuation_20260914/epsilon_01/states/accepted_0038.npz,3413,61dc27b78411be4764bc46a903ef653a639aae34e5018e3445eaf7c5e16e7c58
data/raw/continuation_20260914/epsilon_01/states/accepted_0039.npz,3445,b86ff7689fd8f6f04d35bd6be1e690b7247ce56558e8468ace43c9a9f981ee17
data/raw/continuation_20260914/epsilon_01/states/accepted_0040.npz,3479,bc4b3408a86f8955353f813b4891df8c42303481ecd8ada027395b8266e6e48d
data/raw/continuation_20260914/epsilon_01/states/accepted_0041.npz,3514,80b8f1ab16eca9b4efaf533baebbafc573af5bbc4b3e2c6b068d9faee549a5b0
data/raw/continuation_20260914/epsilon_01/states/accepted_0042.npz,3548,a024e0527c12057dea51902c4ee44c0349657c5ce682bbabfd4de8c00aa08c39
data/raw/continuation_20260914/epsilon_01/states/accepted_0043.npz,3581,496fa346b82af391fc7a981c465d84a1cc4c0aed7e177de435f05927f77f826b
data/raw/continuation_20260914/epsilon_01/states/accepted_0044.npz,3613,92d65410be254b232ae5d4fd5ffbab7acd282c26e92232dece8586a877558651
data/raw/continuation_20260914/epsilon_01/states/accepted_0045.npz,3650,30c76e8fee9e891c52b19d00a92056ce5f74e84c6bbfb5ddfee45f3b81d03ddc
data/raw/continuation_20260914/epsilon_01/states/accepted_0046.npz,3682,778cdcea5bf8264e9be8e6d266be2de3db977dfebd2a46bcef0ffc6866ca81ac
data/raw/continuation_20260914/epsilon_01/states/accepted_0047.npz,3719,299b33a27445eef9ae81759f917c1bbcb127f5282adf7a2f8f80c8f68809eaf7
data/raw/continuation_20260914/epsilon_01/states/accepted_0048.npz,3754,6190651a0318a8bc7c0cc17f31bfa2a600b7297d8550872227464393c902a870
data/raw/continuation_20260914/epsilon_01/states/accepted_0049.npz,3785,d70d3c64deda4dd543a9e7141019ab2630f38025fc5998324af5d7380bad4b7d
data/raw/continuation_20260914/epsilon_01/states/accepted_0050.npz,3822,69d3d006ca3274758dc84e394d6c9aa59c9ccbe7139b035c5ac50c803d2b318f
data/raw/continuation_20260914/epsilon_01/states/accepted_0051.npz,3857,4fb89d5ab1a48fb4d923fb30085709d4a6f6e56677d146bf72924e7386e75bf4
data/raw/continuation_20260914/epsilon_01/states/accepted_0052.npz,3892,b272aeb6a15a20f1918bd35cc0356f72714114a1a90e65f7fdc7d1b9d3cb1f95
data/raw/continuation_20260914/epsilon_01/states/accepted_0053.npz,3924,c68ffe01041014ada033d6e2a4e713721c432f7e358913bb9e0447fb5f46c5e6
data/raw/continuation_20260914/epsilon_01/states/accepted_0054.npz,3962,9b5fba7b97fb9a9cf9de82fc53fc962ac1fd4102ea499b264165d1535b6e9ab3
data/raw/continuation_20260914/epsilon_01/states/accepted_0055.npz,3993,40194aebb32ab89fcd34babe092f0a2808e33b2d9823e867b9b06a4aa33b76e4
data/raw/continuation_20260914/epsilon_01/states/accepted_0056.npz,4026,609024f55e9b1ecbc4eb110ba33a40dfa8d7bf8ccd63c07f976be96c1431f30b
data/raw/continuation_20260914/epsilon_01/states/accepted_0057.npz,4064,9a472dc7acc3a0a641ba8ee9f987b1737d959c055f6bd5529a5c34d55c193581
data/raw/continuation_20260914/epsilon_01/states/accepted_0058.npz,4098,b0b8d2ea0eb6e5eceaf39fd860997bf07733f63f7fd198c2f814b10424a645f0
data/raw/continuation_20260914/epsilon_01/states/accepted_0059.npz,4131,8e4c531a892878303dcb11a2f23bc90ecb8807c367d7c3fc442895350180ec63
data/raw/continuation_20260914/epsilon_01/states/accepted_0060.npz,4163,879a985fbf2d4bffa1cb2ade89a2896a0b81145b55cec85bf7c2f85b391f56ae
data/raw/continuation_20260914/epsilon_01/states/accepted_0061.npz,4200,52b68e4b21ac6ee3954290ab17a2b1da29d8ac27ca5618206e54a27cb7b38a5d
data/raw/continuation_20260914/epsilon_01/states/accepted_0062.npz,4235,375fa6cd006c97ea18df78f5e6706875ec14643aa8bd951d2d8557a07368ab35
data/raw/continuation_20260914/epsilon_01/states/accepted_0063.npz,4268,951285d3f0c20a3edca1f429f753cda357f5df547324eb2717ea9e325dbbe94f
data/raw/continuation_20260914/epsilon_01/states/accepted_0064.npz,4299,6b1eda8c6cd83851bfa9dbc005199d101ca0f42ec869b5141bdffbd0755932a5
data/raw/continuation_20260914/epsilon_01/summary.json,4788,4e22a65adbc05cebffd54d0f82238cc5111d0b3d0bdbe208864d878710486091
data/raw/continuation_20260914/epsilon_01/trusted_model.npz,4299,6b1eda8c6cd83851bfa9dbc005199d101ca0f42ec869b5141bdffbd0755932a5
data/raw/sensitivity/base_pure/pure_p_p4_k3_d1_neumann_stratified_breakpoint_lbfgs_seed0201_20260907T084318+0800/candidate_pool.npz,13844,bb1587f6be7a17cbf7768a56cd19c3052e879896bcf7e5e2425b8aba2867e502
data/raw/sensitivity/base_pure/pure_p_p4_k3_d1_neumann_stratified_breakpoint_lbfgs_seed0201_20260907T084318+0800/checkpoint.npz,3711,9ea3f331dc0318f45a0460a80bb70b9e4dd7e23bc5208820b4c7c750ef8a7264
data/raw/sensitivity/base_pure/pure_p_p4_k3_d1_neumann_stratified_breakpoint_lbfgs_seed0201_20260907T084318+0800/command.txt,74,234cee691bb66a8034d73a2435d3e1c0a829d3febfe48c634a5ec90561032173
data/raw/sensitivity/base_pure/pure_p_p4_k3_d1_neumann_stratified_breakpoint_lbfgs_seed0201_20260907T084318+0800/config.json,1734,b767f1cc2a586b054cfe810db3cb51fb84ae53c230d99d9f24467f45cc200669
data/raw/sensitivity/base_pure/pure_p_p4_k3_d1_neumann_stratified_breakpoint_lbfgs_seed0201_20260907T084318+0800/diagnostic_model.npz,3195,3e825d4a131717f7b5a7db8ad15332cb2fb31dce1d6a3da961fcef8f46a56d32
data/raw/sensitivity/base_pure/pure_p_p4_k3_d1_neumann_stratified_breakpoint_lbfgs_seed0201_20260907T084318+0800/environment.json,371,3c5cb0957fd268c7c4eb30e26f0b6a13faccdc5c75ef0c7092158d8605ac5b3d
data/raw/sensitivity/base_pure/pure_p_p4_k3_d1_neumann_stratified_breakpoint_lbfgs_seed0201_20260907T084318+0800/history.csv,30837,3da8885406067e143bc145fdad5d1cf191fbf7fe7f8161fb14e7abbe3f235f94
data/raw/sensitivity/base_pure/pure_p_p4_k3_d1_neumann_stratified_breakpoint_lbfgs_seed0201_20260907T084318+0800/log.txt,2842,51c81eb2f04f9468ebe4772a6753256ae269ad2a6c5618b797c491a54c0b53ee
data/raw/sensitivity/base_pure/pure_p_p4_k3_d1_neumann_stratified_breakpoint_lbfgs_seed0201_20260907T084318+0800/model.npz,3195,3e825d4a131717f7b5a7db8ad15332cb2fb31dce1d6a3da961fcef8f46a56d32
data/raw/sensitivity/base_pure/pure_p_p4_k3_d1_neumann_stratified_breakpoint_lbfgs_seed0201_20260907T084318+0800/pool_manifest.json,643,bc2b8ca872b2a78b8d7364413d5738b84039f16bd58ece8c9bed15bb28791ddf
data/raw/sensitivity/base_pure/pure_p_p4_k3_d1_neumann_stratified_breakpoint_lbfgs_seed0201_20260907T084318+0800/reference_pool.npz,25186,29d76a5ab0c7d743ee36406a6b69ea5707773ecea40492fe89eac5852c32d58d
data/raw/sensitivity/base_pure/pure_p_p4_k3_d1_neumann_stratified_breakpoint_lbfgs_seed0201_20260907T084318+0800/states/accepted_0001.npz,2124,d46333f531cfc10f7da05c1cf35ea4fbb86c039fd4690f7af0a930f195f7f1c2
data/raw/sensitivity/base_pure/pure_p_p4_k3_d1_neumann_stratified_breakpoint_lbfgs_seed0201_20260907T084318+0800/states/accepted_0002.npz,2162,9c17eeb9ca848c6dc40c3c8cef49b3e308e054eac4bb024e47fe2c77a19455e7
data/raw/sensitivity/base_pure/pure_p_p4_k3_d1_neumann_stratified_breakpoint_lbfgs_seed0201_20260907T084318+0800/states/accepted_0003.npz,2197,1f5a80c73c3d293e1615725778effec252f51dbb5b7b72480d651b735b292069
data/raw/sensitivity/base_pure/pure_p_p4_k3_d1_neumann_stratified_breakpoint_lbfgs_seed0201_20260907T084318+0800/states/accepted_0004.npz,2231,993339f4b3fdd87ad387f52adfa84fffb639e24d1e38710091345f32235ce596
data/raw/sensitivity/base_pure/pure_p_p4_k3_d1_neumann_stratified_breakpoint_lbfgs_seed0201_20260907T084318+0800/states/accepted_0005.npz,2265,2e30bdfd6c709f01f6ba618f9984a899c4cd455b7362f60a0a486ebc13f5dbdb
data/raw/sensitivity/base_pure/pure_p_p4_k3_d1_neumann_stratified_breakpoint_lbfgs_seed0201_20260907T084318+0800/states/accepted_0006.npz,2299,36821ce38462a5faf5b90fc7684abb9abe1e1979f71d20024a214c33332d012c
data/raw/sensitivity/base_pure/pure_p_p4_k3_d1_neumann_stratified_breakpoint_lbfgs_seed0201_20260907T084318+0800/states/accepted_0007.npz,2333,b145e2512fc27d79dd1b924a9e78f1da6f0e57730fa522956a9ea1bcb1416672
data/raw/sensitivity/base_pure/pure_p_p4_k3_d1_neumann_stratified_breakpoint_lbfgs_seed0201_20260907T084318+0800/states/accepted_0008.npz,2368,d3c575e94d940fa29a3cd38d36feaec5ade6227049783b96dad2cef9a00acb35
data/raw/sensitivity/base_pure/pure_p_p4_k3_d1_neumann_stratified_breakpoint_lbfgs_seed0201_20260907T084318+0800/states/accepted_0009.npz,2403,fc933af8b89b26d97142cc4162c79beee7abfcd654a090ba452d26c8c96857ad
data/raw/sensitivity/base_pure/pure_p_p4_k3_d1_neumann_stratified_breakpoint_lbfgs_seed0201_20260907T084318+0800/states/accepted_0010.npz,2443,00181fe566e91d557cb26d5e55924f8824c1b2db0c97cba6b6f021d18564436f
data/raw/sensitivity/base_pure/pure_p_p4_k3_d1_neumann_stratified_breakpoint_lbfgs_seed0201_20260907T084318+0800/states/accepted_0011.npz,2476,f9790c731a6b4a7e576bec2862ce40688cd28d8d366b36d0755f60b5870bcb48
data/raw/sensitivity/base_pure/pure_p_p4_k3_d1_neumann_stratified_breakpoint_lbfgs_seed0201_20260907T084318+0800/states/accepted_0012.npz,2509,cd9c36dfccd6bffadeda6dd763cf3ed24b67ae6d4aeac031e6be0ba18290d5ae
data/raw/sensitivity/base_pure/pure_p_p4_k3_d1_neumann_stratified_breakpoint_lbfgs_seed0201_20260907T084318+0800/states/accepted_0013.npz,2544,95974bb28ab613d13127436769fd21da8bbc8e9dfbb2478b634ba2301c90b4ce
data/raw/sensitivity/base_pure/pure_p_p4_k3_d1_neumann_stratified_breakpoint_lbfgs_seed0201_20260907T084318+0800/states/accepted_0014.npz,2578,588ded85fa45b791e5036de5bf3246db56b440c7e1a241955dbb106092eb1ecc
data/raw/sensitivity/base_pure/pure_p_p4_k3_d1_neumann_stratified_breakpoint_lbfgs_seed0201_20260907T084318+0800/states/accepted_0015.npz,2613,af7882feef3105c83891a95e89e4a9dfaa50986bc6742b979acf771b3cc85269
data/raw/sensitivity/base_pure/pure_p_p4_k3_d1_neumann_stratified_breakpoint_lbfgs_seed0201_20260907T084318+0800/states/accepted_0016.npz,2647,225fe158b589d455f4309b463cfbda40ca292e697b7f70e66419a460270800cc
data/raw/sensitivity/base_pure/pure_p_p4_k3_d1_neumann_stratified_breakpoint_lbfgs_seed0201_20260907T084318+0800/states/accepted_0017.npz,2685,1b24f0fe96a14b93e6a34287b01f88c5b6a673c4ed663329c1481682ac746fb3
data/raw/sensitivity/base_pure/pure_p_p4_k3_d1_neumann_stratified_breakpoint_lbfgs_seed0201_20260907T084318+0800/states/accepted_0018.npz,2717,2062394f29e7104c53a32b98538c920d5a1ba576736b763f8a6b7157289c2bc4
data/raw/sensitivity/base_pure/pure_p_p4_k3_d1_neumann_stratified_breakpoint_lbfgs_seed0201_20260907T084318+0800/states/accepted_0019.npz,2752,e793566fc2a53e775f16828596decba5476f9a784260592fba14e3b03a1fd5d3
data/raw/sensitivity/base_pure/pure_p_p4_k3_d1_neumann_stratified_breakpoint_lbfgs_seed0201_20260907T084318+0800/states/accepted_0020.npz,2784,f4ec2b724cccf71b1ad75d2771c6d81300de1a8abeea4fb00cc72c8daf6c992f
data/raw/sensitivity/base_pure/pure_p_p4_k3_d1_neumann_stratified_breakpoint_lbfgs_seed0201_20260907T084318+0800/states/accepted_0021.npz,2819,8a26f7c09233b680047c2e8e3a45ee3a55938aae641d727a2ef76c1d137ddc3d
data/raw/sensitivity/base_pure/pure_p_p4_k3_d1_neumann_stratified_breakpoint_lbfgs_seed0201_20260907T084318+0800/states/accepted_0022.npz,2855,7cf1e756429469c0a1ceed056f5a5526c53670294fb1cd7fa0e935a0e5e0c0d2
data/raw/sensitivity/base_pure/pure_p_p4_k3_d1_neumann_stratified_breakpoint_lbfgs_seed0201_20260907T084318+0800/states/accepted_0023.npz,2889,b57918bfa05eaf5f94366ef70acd7c7971269a03bfe6b64abb01f173c5b09d20
data/raw/sensitivity/base_pure/pure_p_p4_k3_d1_neumann_stratified_breakpoint_lbfgs_seed0201_20260907T084318+0800/states/accepted_0024.npz,2922,fca90d95cb5c57c143576ae2cb0cafe060eafd86e937435889929ba97e4b6332
data/raw/sensitivity/base_pure/pure_p_p4_k3_d1_neumann_stratified_breakpoint_lbfgs_seed0201_20260907T084318+0800/states/accepted_0025.npz,2957,255f4f4ad7da575a4d541a9fbfec8402bba9496635c2a07b61e19f4faccb4741
data/raw/sensitivity/base_pure/pure_p_p4_k3_d1_neumann_stratified_breakpoint_lbfgs_seed0201_20260907T084318+0800/states/accepted_0026.npz,2989,232011bc1886b99254113689f92b0f6f5fae89fb8a6fc00001635206b46f20f7
data/raw/sensitivity/base_pure/pure_p_p4_k3_d1_neumann_stratified_breakpoint_lbfgs_seed0201_20260907T084318+0800/states/accepted_0027.npz,3024,01b1eb24df56578862dd74d9559a1c2e3f4cd7d82180b48b371f45f0a0d71f94
data/raw/sensitivity/base_pure/pure_p_p4_k3_d1_neumann_stratified_breakpoint_lbfgs_seed0201_20260907T084318+0800/states/accepted_0028.npz,3056,82af67288b26d6e2fd43446afff89d9e7abd5bcc56d5b5312b440d4e08c48697
data/raw/sensitivity/base_pure/pure_p_p4_k3_d1_neumann_stratified_breakpoint_lbfgs_seed0201_20260907T084318+0800/states/accepted_0029.npz,3092,db496a86f902be239ddf815254f1686a42c8e80503e6aacf46c864311a446419
data/raw/sensitivity/base_pure/pure_p_p4_k3_d1_neumann_stratified_breakpoint_lbfgs_seed0201_20260907T084318+0800/states/accepted_0030.npz,3127,10440c8ce5eddf6555433df04894eebab8f0902e71dd8165ebe427bc2936eeaf
data/raw/sensitivity/base_pure/pure_p_p4_k3_d1_neumann_stratified_breakpoint_lbfgs_seed0201_20260907T084318+0800/states/accepted_0031.npz,3159,52d05dc451a0cf0ae2c3f1c50419d6601976816b5e3d6d9c641c3fac561fbb9d
data/raw/sensitivity/base_pure/pure_p_p4_k3_d1_neumann_stratified_breakpoint_lbfgs_seed0201_20260907T084318+0800/states/accepted_0032.npz,3195,3e825d4a131717f7b5a7db8ad15332cb2fb31dce1d6a3da961fcef8f46a56d32
data/raw/sensitivity/base_pure/pure_p_p4_k3_d1_neumann_stratified_breakpoint_lbfgs_seed0201_20260907T084318+0800/summary.json,4887,0624d9711b59be024dbda0ed1a553f9b7b6fac8249229cab839b3c6954557939
data/raw/sensitivity/base_pure/pure_p_p4_k3_d1_neumann_stratified_breakpoint_lbfgs_seed0201_20260907T084318+0800/trusted_model.npz,3195,3e825d4a131717f7b5a7db8ad15332cb2fb31dce1d6a3da961fcef8f46a56d32
data/raw/sensitivity/epsilon_001/regularized_p_p4_k3_d1_neumann_stratified_breakpoint_lbfgs_seed0201_20260907T084325+0800/candidate_pool.npz,13844,bb1587f6be7a17cbf7768a56cd19c3052e879896bcf7e5e2425b8aba2867e502
data/raw/sensitivity/epsilon_001/regularized_p_p4_k3_d1_neumann_stratified_breakpoint_lbfgs_seed0201_20260907T084325+0800/checkpoint.npz,3710,fc8df86a264c5d66e97c94741c17c2169f3d753eff88ff858e38e6a89802fa2b
data/raw/sensitivity/epsilon_001/regularized_p_p4_k3_d1_neumann_stratified_breakpoint_lbfgs_seed0201_20260907T084325+0800/command.txt,76,29d61e458b9663ae5aff8beb0ddd031ef1a9b526a792bd6839252df17f2f71bb
data/raw/sensitivity/epsilon_001/regularized_p_p4_k3_d1_neumann_stratified_breakpoint_lbfgs_seed0201_20260907T084325+0800/config.json,1743,b38e2c4d006ff81be9d0c3e89cb7cc387ec1f89427b209d91fe85b5754a03711
data/raw/sensitivity/epsilon_001/regularized_p_p4_k3_d1_neumann_stratified_breakpoint_lbfgs_seed0201_20260907T084325+0800/diagnostic_model.npz,3208,5f8a2ecbf0e3af43d299d9f376fc2f3820eace0eae6420931cfe5c40b778c29c
data/raw/sensitivity/epsilon_001/regularized_p_p4_k3_d1_neumann_stratified_breakpoint_lbfgs_seed0201_20260907T084325+0800/environment.json,371,8eccbcf806938d9239b764fac4141ea16617545c16992f9856bfcbac315606e0
data/raw/sensitivity/epsilon_001/regularized_p_p4_k3_d1_neumann_stratified_breakpoint_lbfgs_seed0201_20260907T084325+0800/history.csv,30131,0bd16ea221d0f9caafd5eec5184871562b5a6230d3a43f45a13a1c37f4a63965
data/raw/sensitivity/epsilon_001/regularized_p_p4_k3_d1_neumann_stratified_breakpoint_lbfgs_seed0201_20260907T084325+0800/log.txt,2756,accb6deb50fe418f550ba3518fcbdf60699f51e29a4ba4970a44d5dace96a2bb
data/raw/sensitivity/epsilon_001/regularized_p_p4_k3_d1_neumann_stratified_breakpoint_lbfgs_seed0201_20260907T084325+0800/model.npz,3208,5f8a2ecbf0e3af43d299d9f376fc2f3820eace0eae6420931cfe5c40b778c29c
data/raw/sensitivity/epsilon_001/regularized_p_p4_k3_d1_neumann_stratified_breakpoint_lbfgs_seed0201_20260907T084325+0800/pool_manifest.json,643,bc2b8ca872b2a78b8d7364413d5738b84039f16bd58ece8c9bed15bb28791ddf
data/raw/sensitivity/epsilon_001/regularized_p_p4_k3_d1_neumann_stratified_breakpoint_lbfgs_seed0201_20260907T084325+0800/reference_pool.npz,25186,29d76a5ab0c7d743ee36406a6b69ea5707773ecea40492fe89eac5852c32d58d
data/raw/sensitivity/epsilon_001/regularized_p_p4_k3_d1_neumann_stratified_breakpoint_lbfgs_seed0201_20260907T084325+0800/states/accepted_0001.npz,2144,5147695bd18c8695d2e04dd45b2ea75ada54031f946296862345f03c69a4db75
data/raw/sensitivity/epsilon_001/regularized_p_p4_k3_d1_neumann_stratified_breakpoint_lbfgs_seed0201_20260907T084325+0800/states/accepted_0002.npz,2180,135376f72f1647e998afe174285071b446ee5451bbee56fc93822a0a5387fe78
data/raw/sensitivity/epsilon_001/regularized_p_p4_k3_d1_neumann_stratified_breakpoint_lbfgs_seed0201_20260907T084325+0800/states/accepted_0003.npz,2216,309893164fc06fd30244e80d058ca3a63872e54d30c913c82bc0d0cf205c04a2
data/raw/sensitivity/epsilon_001/regularized_p_p4_k3_d1_neumann_stratified_breakpoint_lbfgs_seed0201_20260907T084325+0800/states/accepted_0004.npz,2250,043d139a9ed4def33bf6cf4e766641533e67fe5c7aae1d954b98b3bd455a77ba
data/raw/sensitivity/epsilon_001/regularized_p_p4_k3_d1_neumann_stratified_breakpoint_lbfgs_seed0201_20260907T084325+0800/states/accepted_0005.npz,2285,8fbd01bd8f52da6ce3b89181ae8bd8d91f6e71fb6560962b4d1611ed32d2eacb
data/raw/sensitivity/epsilon_001/regularized_p_p4_k3_d1_neumann_stratified_breakpoint_lbfgs_seed0201_20260907T084325+0800/states/accepted_0006.npz,2318,f2d7bd0749a6501700538eeb0263290f9a61ea52e8295f0831078892ad58e47b
data/raw/sensitivity/epsilon_001/regularized_p_p4_k3_d1_neumann_stratified_breakpoint_lbfgs_seed0201_20260907T084325+0800/states/accepted_0007.npz,2353,6ca111ebb2064f06d863c5412275d01206b41dd70ca28c1e045102f8168790e9
data/raw/sensitivity/epsilon_001/regularized_p_p4_k3_d1_neumann_stratified_breakpoint_lbfgs_seed0201_20260907T084325+0800/states/accepted_0008.npz,2387,9cb0d41938ffc415d532452e77e3d6c52982fb8ec7eecc11e933d6abd7dc6acb
data/raw/sensitivity/epsilon_001/regularized_p_p4_k3_d1_neumann_stratified_breakpoint_lbfgs_seed0201_20260907T084325+0800/states/accepted_0009.npz,2422,6e78c9d9d2a40bc9fd1d5306b9ef1890ab807c8082d2c3f88330f8933df434d7
data/raw/sensitivity/epsilon_001/regularized_p_p4_k3_d1_neumann_stratified_breakpoint_lbfgs_seed0201_20260907T084325+0800/states/accepted_0010.npz,2459,5b577758b2a81a5b87df2c60206a7a329a0ad98384245874ca162ffea937ed20
data/raw/sensitivity/epsilon_001/regularized_p_p4_k3_d1_neumann_stratified_breakpoint_lbfgs_seed0201_20260907T084325+0800/states/accepted_0011.npz,2495,c5cb6c94e58a0ebb0ce3e25015257760a73dc2dc1b21652120c69bf0e07fddbd
data/raw/sensitivity/epsilon_001/regularized_p_p4_k3_d1_neumann_stratified_breakpoint_lbfgs_seed0201_20260907T084325+0800/states/accepted_0012.npz,2530,0e95684d78429027a56d30f6de942827911ec82fb798f2f3658d30a9dd31945f
data/raw/sensitivity/epsilon_001/regularized_p_p4_k3_d1_neumann_stratified_breakpoint_lbfgs_seed0201_20260907T084325+0800/states/accepted_0013.npz,2563,9b3e4b47d2c63077a407647ee8dd1144ecc461dbdc73e93a68aeb9c80288d183
data/raw/sensitivity/epsilon_001/regularized_p_p4_k3_d1_neumann_stratified_breakpoint_lbfgs_seed0201_20260907T084325+0800/states/accepted_0014.npz,2596,67ca71d85e9b05391bf5b0f260f32a9166bad0217aadf46a5f1b0c35c10ff273
data/raw/sensitivity/epsilon_001/regularized_p_p4_k3_d1_neumann_stratified_breakpoint_lbfgs_seed0201_20260907T084325+0800/states/accepted_0015.npz,2633,3a57e340ebf8ff37843f3e1ddb660546d55f4e05575760b72c6582db476a5951
data/raw/sensitivity/epsilon_001/regularized_p_p4_k3_d1_neumann_stratified_breakpoint_lbfgs_seed0201_20260907T084325+0800/states/accepted_0016.npz,2666,407be3e6160f909ab310f0614491b4682c720322a55565c9e0e6fe68f8ba8ee1
data/raw/sensitivity/epsilon_001/regularized_p_p4_k3_d1_neumann_stratified_breakpoint_lbfgs_seed0201_20260907T084325+0800/states/accepted_0017.npz,2701,8c4a17b4226d72022eed76fecb2476ee5e85943412f46cc577ec53896fee2ad7
data/raw/sensitivity/epsilon_001/regularized_p_p4_k3_d1_neumann_stratified_breakpoint_lbfgs_seed0201_20260907T084325+0800/states/accepted_0018.npz,2735,3b9dc4019fda33478f123bc45f522c502f171cd14e6f9f0e6619d28949ae56cd
data/raw/sensitivity/epsilon_001/regularized_p_p4_k3_d1_neumann_stratified_breakpoint_lbfgs_seed0201_20260907T084325+0800/states/accepted_0019.npz,2769,6029d2e4ed70a5b92c1a6def0160f4a74231366580c36c25e36942f287096a09
data/raw/sensitivity/epsilon_001/regularized_p_p4_k3_d1_neumann_stratified_breakpoint_lbfgs_seed0201_20260907T084325+0800/states/accepted_0020.npz,2804,4019fbe4172f65b6452fc056881d8373d4192080dad60290a5d57dacdabf9dfa
data/raw/sensitivity/epsilon_001/regularized_p_p4_k3_d1_neumann_stratified_breakpoint_lbfgs_seed0201_20260907T084325+0800/states/accepted_0021.npz,2837,70c65bb15f7c30eb738f49f1f5cc409f13beb17ef9811060dbeebed1fca8ea1a
data/raw/sensitivity/epsilon_001/regularized_p_p4_k3_d1_neumann_stratified_breakpoint_lbfgs_seed0201_20260907T084325+0800/states/accepted_0022.npz,2870,0e20794d517882a8585046b6c67188df97797208ac08e6260d86b7b541939e55
data/raw/sensitivity/epsilon_001/regularized_p_p4_k3_d1_neumann_stratified_breakpoint_lbfgs_seed0201_20260907T084325+0800/states/accepted_0023.npz,2902,b8b921ebe177b7f1c426d118f873cff7b6e80f728cf25953f6ba4d80267ebb1a
data/raw/sensitivity/epsilon_001/regularized_p_p4_k3_d1_neumann_stratified_breakpoint_lbfgs_seed0201_20260907T084325+0800/states/accepted_0024.npz,2937,e868d4e6530e0889f22aaea7e8755bc217c8c41d5da1f240578c6a2c810c91bf
data/raw/sensitivity/epsilon_001/regularized_p_p4_k3_d1_neumann_stratified_breakpoint_lbfgs_seed0201_20260907T084325+0800/states/accepted_0025.npz,2970,0e60f5cedfdd4afa9819b6ac9346ee9f89c003c9aa23c42f6f9d9a36491b5ae3
data/raw/sensitivity/epsilon_001/regularized_p_p4_k3_d1_neumann_stratified_breakpoint_lbfgs_seed0201_20260907T084325+0800/states/accepted_0026.npz,3004,81f0bb37a8e185f9cbbdd0ee5244b139022b91fa7c9649da40316b4a5b2d83e9
data/raw/sensitivity/epsilon_001/regularized_p_p4_k3_d1_neumann_stratified_breakpoint_lbfgs_seed0201_20260907T084325+0800/states/accepted_0027.npz,3037,52a7d4fd8c1be638783cd5a2cd89b700784e6c0766819538e0ab186ae826bb0b
data/raw/sensitivity/epsilon_001/regularized_p_p4_k3_d1_neumann_stratified_breakpoint_lbfgs_seed0201_20260907T084325+0800/states/accepted_0028.npz,3070,7ad3adcf1260acdb7df92f1df34048cfbf5636b60c28b81106264c02c0eb8517
data/raw/sensitivity/epsilon_001/regularized_p_p4_k3_d1_neumann_stratified_breakpoint_lbfgs_seed0201_20260907T084325+0800/states/accepted_0029.npz,3105,7ce6aed0c0a11897da16f2bd4cc11a1ba8554a25fa34b0d4b2c5067a280a41f9
data/raw/sensitivity/epsilon_001/regularized_p_p4_k3_d1_neumann_stratified_breakpoint_lbfgs_seed0201_20260907T084325+0800/states/accepted_0030.npz,3141,c57492d299c48694b93556aa60d3b69246dea0d3ab6561d4ca2b738bc7e888cb
data/raw/sensitivity/epsilon_001/regularized_p_p4_k3_d1_neumann_stratified_breakpoint_lbfgs_seed0201_20260907T084325+0800/states/accepted_0031.npz,3175,a7869b8aad5f9d076a08443d4318240036c521aafe6009a145a30ffd37c9b030
data/raw/sensitivity/epsilon_001/regularized_p_p4_k3_d1_neumann_stratified_breakpoint_lbfgs_seed0201_20260907T084325+0800/states/accepted_0032.npz,3208,5f8a2ecbf0e3af43d299d9f376fc2f3820eace0eae6420931cfe5c40b778c29c
data/raw/sensitivity/epsilon_001/regularized_p_p4_k3_d1_neumann_stratified_breakpoint_lbfgs_seed0201_20260907T084325+0800/summary.json,4935,63f074e0196529107e9e21ed198f3817b61962ae382997857543cdaea68a7cce
data/raw/sensitivity/epsilon_001/regularized_p_p4_k3_d1_neumann_stratified_breakpoint_lbfgs_seed0201_20260907T084325+0800/trusted_model.npz,3208,5f8a2ecbf0e3af43d299d9f376fc2f3820eace0eae6420931cfe5c40b778c29c
data/raw/sensitivity/epsilon_01/regularized_p_p4_k3_d1_neumann_stratified_breakpoint_lbfgs_seed0201_20260907T084318+0800/candidate_pool.npz,13844,bb1587f6be7a17cbf7768a56cd19c3052e879896bcf7e5e2425b8aba2867e502
data/raw/sensitivity/epsilon_01/regularized_p_p4_k3_d1_neumann_stratified_breakpoint_lbfgs_seed0201_20260907T084318+0800/checkpoint.npz,3708,49c8d91e7b5870a4db4a1189d1c97d0423cfb1a084a1bd65ed34ff25ff3a5869
data/raw/sensitivity/epsilon_01/regularized_p_p4_k3_d1_neumann_stratified_breakpoint_lbfgs_seed0201_20260907T084318+0800/command.txt,75,c875b735e3ee99a3f97bc5615b4b11cf99ef8f6c3779f8fb8744ef3b15ccef90
data/raw/sensitivity/epsilon_01/regularized_p_p4_k3_d1_neumann_stratified_breakpoint_lbfgs_seed0201_20260907T084318+0800/config.json,1741,f5bbcb2e4cc3d895979c4cd0ec8f97a6a1ddea76cb8a0ce15261709430d2de7f
data/raw/sensitivity/epsilon_01/regularized_p_p4_k3_d1_neumann_stratified_breakpoint_lbfgs_seed0201_20260907T084318+0800/diagnostic_model.npz,3204,1bbbe1a73c0ffbdb2755c7eb1933ddc195f87075648fc635b9d650cda874eec2
data/raw/sensitivity/epsilon_01/regularized_p_p4_k3_d1_neumann_stratified_breakpoint_lbfgs_seed0201_20260907T084318+0800/environment.json,371,a2a6726c88cb4941646df36590df411a75392c84ca3644ce1da3ffd9e5419939
data/raw/sensitivity/epsilon_01/regularized_p_p4_k3_d1_neumann_stratified_breakpoint_lbfgs_seed0201_20260907T084318+0800/history.csv,30137,327ec1f128a50a5d77ead82df41f105b5ecc6f7e24779e867fd8f93e72f56f42
data/raw/sensitivity/epsilon_01/regularized_p_p4_k3_d1_neumann_stratified_breakpoint_lbfgs_seed0201_20260907T084318+0800/log.txt,2766,fac5b04224ebef2645b9ea184e6b2732a453c7c7075eaa40e9aaf26601f73211
data/raw/sensitivity/epsilon_01/regularized_p_p4_k3_d1_neumann_stratified_breakpoint_lbfgs_seed0201_20260907T084318+0800/model.npz,3204,1bbbe1a73c0ffbdb2755c7eb1933ddc195f87075648fc635b9d650cda874eec2
data/raw/sensitivity/epsilon_01/regularized_p_p4_k3_d1_neumann_stratified_breakpoint_lbfgs_seed0201_20260907T084318+0800/pool_manifest.json,643,bc2b8ca872b2a78b8d7364413d5738b84039f16bd58ece8c9bed15bb28791ddf
data/raw/sensitivity/epsilon_01/regularized_p_p4_k3_d1_neumann_stratified_breakpoint_lbfgs_seed0201_20260907T084318+0800/reference_pool.npz,25186,29d76a5ab0c7d743ee36406a6b69ea5707773ecea40492fe89eac5852c32d58d
data/raw/sensitivity/epsilon_01/regularized_p_p4_k3_d1_neumann_stratified_breakpoint_lbfgs_seed0201_20260907T084318+0800/states/accepted_0001.npz,2142,cc99c66abaeacb09d92d492e8a2445a826a19ca745eaf4ba46c512ff1149ee1a
data/raw/sensitivity/epsilon_01/regularized_p_p4_k3_d1_neumann_stratified_breakpoint_lbfgs_seed0201_20260907T084318+0800/states/accepted_0002.npz,2179,1f840022f675e83edeff9a83ff0aa9c5b2726b562d6f5703fedcd82acf29b80e
data/raw/sensitivity/epsilon_01/regularized_p_p4_k3_d1_neumann_stratified_breakpoint_lbfgs_seed0201_20260907T084318+0800/states/accepted_0003.npz,2213,a024b1b82243e88acb32f060fc1cb05d187e27ce56c2cd36fcd3297f14384e70
data/raw/sensitivity/epsilon_01/regularized_p_p4_k3_d1_neumann_stratified_breakpoint_lbfgs_seed0201_20260907T084318+0800/states/accepted_0004.npz,2248,4acfa25fba674d35bd69f43574e49c67103f1a9ba23cfd852bdf70a3d7cc8794
data/raw/sensitivity/epsilon_01/regularized_p_p4_k3_d1_neumann_stratified_breakpoint_lbfgs_seed0201_20260907T084318+0800/states/accepted_0005.npz,2282,d415b22e281075c3660618358331ce7ef18bcd63c23285502219318adaf10b19
data/raw/sensitivity/epsilon_01/regularized_p_p4_k3_d1_neumann_stratified_breakpoint_lbfgs_seed0201_20260907T084318+0800/states/accepted_0006.npz,2316,114fd5d0c0bb3b474fef1ec62d1ed55c8fce99356420065e3786d77ea819658a
data/raw/sensitivity/epsilon_01/regularized_p_p4_k3_d1_neumann_stratified_breakpoint_lbfgs_seed0201_20260907T084318+0800/states/accepted_0007.npz,2351,6297e717254a3160063165dbcc06c470918391250d8dcabfd99ac84440e13883
data/raw/sensitivity/epsilon_01/regularized_p_p4_k3_d1_neumann_stratified_breakpoint_lbfgs_seed0201_20260907T084318+0800/states/accepted_0008.npz,2385,9655ebc0fa0abf4ea34fafd84fd570a4305b3bf4edf43bcd31793600695c7ba4
data/raw/sensitivity/epsilon_01/regularized_p_p4_k3_d1_neumann_stratified_breakpoint_lbfgs_seed0201_20260907T084318+0800/states/accepted_0009.npz,2420,46eb9257933c319785241a068a70e07781b70f32d49cbc6a73ce3e6274687d84
data/raw/sensitivity/epsilon_01/regularized_p_p4_k3_d1_neumann_stratified_breakpoint_lbfgs_seed0201_20260907T084318+0800/states/accepted_0010.npz,2458,7561d3e8e1716885b6b5c4098744e73cf6cedc4a704160433801dc1f78003a1b
data/raw/sensitivity/epsilon_01/regularized_p_p4_k3_d1_neumann_stratified_breakpoint_lbfgs_seed0201_20260907T084318+0800/states/accepted_0011.npz,2493,1a8862f1adeb9d7e2976ff3a3fb5f49e904642d478d8ccf0d676521428de0d47
data/raw/sensitivity/epsilon_01/regularized_p_p4_k3_d1_neumann_stratified_breakpoint_lbfgs_seed0201_20260907T084318+0800/states/accepted_0012.npz,2528,c77f1454d1f78add65bd1efc29cdd5bd3b8d8b3601a26ab9dd5c02633d3f01af
data/raw/sensitivity/epsilon_01/regularized_p_p4_k3_d1_neumann_stratified_breakpoint_lbfgs_seed0201_20260907T084318+0800/states/accepted_0013.npz,2560,f9a61c656413988557104e6a1fd27b5142e9a26e721e64c0c09f77c41846623c
data/raw/sensitivity/epsilon_01/regularized_p_p4_k3_d1_neumann_stratified_breakpoint_lbfgs_seed0201_20260907T084318+0800/states/accepted_0014.npz,2593,7897f99a09fcc150618a4f9e67d97d2cc1d23845a8cee7468da03ad48e8d9498
data/raw/sensitivity/epsilon_01/regularized_p_p4_k3_d1_neumann_stratified_breakpoint_lbfgs_seed0201_20260907T084318+0800/states/accepted_0015.npz,2630,636fea9d23b98527ae052d271f5e9a44548f3fe0af37b413fc5dca5a9bf53188
data/raw/sensitivity/epsilon_01/regularized_p_p4_k3_d1_neumann_stratified_breakpoint_lbfgs_seed0201_20260907T084318+0800/states/accepted_0016.npz,2664,bb94d17f0788c6adb3e85c5d22bb37aa4029a84596ef4c520fd07412bfcc8d4c
data/raw/sensitivity/epsilon_01/regularized_p_p4_k3_d1_neumann_stratified_breakpoint_lbfgs_seed0201_20260907T084318+0800/states/accepted_0017.npz,2700,4ad9ddecdf8525ea35cf2baa86b2a5c0638b19254400cd7f81e4b3d66d28ae28
data/raw/sensitivity/epsilon_01/regularized_p_p4_k3_d1_neumann_stratified_breakpoint_lbfgs_seed0201_20260907T084318+0800/states/accepted_0018.npz,2735,1fa63a5b69d1d853accd70917e9b625bb1430de07688bc374db63e3767f28dc0
data/raw/sensitivity/epsilon_01/regularized_p_p4_k3_d1_neumann_stratified_breakpoint_lbfgs_seed0201_20260907T084318+0800/states/accepted_0019.npz,2765,ebb48af52870454b23649713e9ed108fd666e39c01779ca954fc8802b139ac72
data/raw/sensitivity/epsilon_01/regularized_p_p4_k3_d1_neumann_stratified_breakpoint_lbfgs_seed0201_20260907T084318+0800/states/accepted_0020.npz,2801,ef4cac7de2dacbaf63e37d13bdca98d1e7aff16503f821aac1401b65ad75ab65
data/raw/sensitivity/epsilon_01/regularized_p_p4_k3_d1_neumann_stratified_breakpoint_lbfgs_seed0201_20260907T084318+0800/states/accepted_0021.npz,2834,2ae50900389aa167cfcb6105d3caf71262f337a333bdf47916307e630f833591
data/raw/sensitivity/epsilon_01/regularized_p_p4_k3_d1_neumann_stratified_breakpoint_lbfgs_seed0201_20260907T084318+0800/states/accepted_0022.npz,2868,b5f9fa4c12e0deea40446e5ee5a75709d67dd2f7c160dd1bc8211f99cfa99742
data/raw/sensitivity/epsilon_01/regularized_p_p4_k3_d1_neumann_stratified_breakpoint_lbfgs_seed0201_20260907T084318+0800/states/accepted_0023.npz,2901,c82627c1eb31ef2e0a1484bb1f9d9dc446b0948184054793432bd8f714d3ae87
data/raw/sensitivity/epsilon_01/regularized_p_p4_k3_d1_neumann_stratified_breakpoint_lbfgs_seed0201_20260907T084318+0800/states/accepted_0024.npz,2934,76b01acccd4a1ad92db9d59f0b35314d16bd7b67b1bca26461095519ddbdeec0
data/raw/sensitivity/epsilon_01/regularized_p_p4_k3_d1_neumann_stratified_breakpoint_lbfgs_seed0201_20260907T084318+0800/states/accepted_0025.npz,2969,28fb25d7f88c49dbd20401f90a089e0ca7164d9592821d2b945e3dc57a1eed61
data/raw/sensitivity/epsilon_01/regularized_p_p4_k3_d1_neumann_stratified_breakpoint_lbfgs_seed0201_20260907T084318+0800/states/accepted_0026.npz,3001,32b8633ec682ea13a08bea1719e518599917f65571481af06a830960712be54a
data/raw/sensitivity/epsilon_01/regularized_p_p4_k3_d1_neumann_stratified_breakpoint_lbfgs_seed0201_20260907T084318+0800/states/accepted_0027.npz,3035,33c496a3d1e94fd42af782d7d30bead47678c57cb7317d77b901c7354f538099
data/raw/sensitivity/epsilon_01/regularized_p_p4_k3_d1_neumann_stratified_breakpoint_lbfgs_seed0201_20260907T084318+0800/states/accepted_0028.npz,3069,22fe18e0fdfa00d22d0ad1ac37c69d662e2b91e4bcbbf8b19e4ebd9878e63d8b
data/raw/sensitivity/epsilon_01/regularized_p_p4_k3_d1_neumann_stratified_breakpoint_lbfgs_seed0201_20260907T084318+0800/states/accepted_0029.npz,3103,1493099ffd4122f3f9a38ca7dd5f6fd69a355b92e4368d0ee5892c384bc04e44
data/raw/sensitivity/epsilon_01/regularized_p_p4_k3_d1_neumann_stratified_breakpoint_lbfgs_seed0201_20260907T084318+0800/states/accepted_0030.npz,3139,ad7b678bc6c7bca4c10b818ef4c1a7e64563525bed8c60852a8667f23b1a21f9
data/raw/sensitivity/epsilon_01/regularized_p_p4_k3_d1_neumann_stratified_breakpoint_lbfgs_seed0201_20260907T084318+0800/states/accepted_0031.npz,3172,0bf6a8897f7da86a1bd3e94db6d47b773eca14a840525fde07bdc3702b372cf8
data/raw/sensitivity/epsilon_01/regularized_p_p4_k3_d1_neumann_stratified_breakpoint_lbfgs_seed0201_20260907T084318+0800/states/accepted_0032.npz,3204,1bbbe1a73c0ffbdb2755c7eb1933ddc195f87075648fc635b9d650cda874eec2
data/raw/sensitivity/epsilon_01/regularized_p_p4_k3_d1_neumann_stratified_breakpoint_lbfgs_seed0201_20260907T084318+0800/summary.json,4926,b01ad16017faac86d4caa9c0cc720b331196cecda0b925f4e52ae2fad3b05233
data/raw/sensitivity/epsilon_01/regularized_p_p4_k3_d1_neumann_stratified_breakpoint_lbfgs_seed0201_20260907T084318+0800/trusted_model.npz,3204,1bbbe1a73c0ffbdb2755c7eb1933ddc195f87075648fc635b9d650cda874eec2
data/raw/sensitivity/epsilon_1/regularized_p_p4_k3_d1_neumann_stratified_breakpoint_lbfgs_seed0201_20260907T084318+0800/candidate_pool.npz,13844,bb1587f6be7a17cbf7768a56cd19c3052e879896bcf7e5e2425b8aba2867e502
data/raw/sensitivity/epsilon_1/regularized_p_p4_k3_d1_neumann_stratified_breakpoint_lbfgs_seed0201_20260907T084318+0800/checkpoint.npz,3712,03aa5b9cde2a3c631534328d682e39d04aa1c4d5c45cd578b9cee9d23f7ab39a
data/raw/sensitivity/epsilon_1/regularized_p_p4_k3_d1_neumann_stratified_breakpoint_lbfgs_seed0201_20260907T084318+0800/command.txt,74,2bf47e84854adf29ba662410a4e0855a6ae6181bf187a51c240af81dffc24cfb
data/raw/sensitivity/epsilon_1/regularized_p_p4_k3_d1_neumann_stratified_breakpoint_lbfgs_seed0201_20260907T084318+0800/config.json,1740,7961c925ba23f3251259ea164209a860c9480980114d02ded460d01c631de415
data/raw/sensitivity/epsilon_1/regularized_p_p4_k3_d1_neumann_stratified_breakpoint_lbfgs_seed0201_20260907T084318+0800/diagnostic_model.npz,3214,14284e2c33b48171b0a70db8bbe47bf5f069b87be6e01d05e6d915f538924379
data/raw/sensitivity/epsilon_1/regularized_p_p4_k3_d1_neumann_stratified_breakpoint_lbfgs_seed0201_20260907T084318+0800/environment.json,371,cadf859e9b57b7923e444827c875ea8c87e3958d758d2d8be3ab8d2ecb31b2c6
data/raw/sensitivity/epsilon_1/regularized_p_p4_k3_d1_neumann_stratified_breakpoint_lbfgs_seed0201_20260907T084318+0800/history.csv,30271,e351f160a91cb317740fdfe370e5208dbffd61c72b671a403847a848d0715459
data/raw/sensitivity/epsilon_1/regularized_p_p4_k3_d1_neumann_stratified_breakpoint_lbfgs_seed0201_20260907T084318+0800/log.txt,2760,cb4c4c59d6869eb82af56b50bd5c3299caedb3365c7da403955aa72ee05b4508
data/raw/sensitivity/epsilon_1/regularized_p_p4_k3_d1_neumann_stratified_breakpoint_lbfgs_seed0201_20260907T084318+0800/model.npz,3214,14284e2c33b48171b0a70db8bbe47bf5f069b87be6e01d05e6d915f538924379
data/raw/sensitivity/epsilon_1/regularized_p_p4_k3_d1_neumann_stratified_breakpoint_lbfgs_seed0201_20260907T084318+0800/pool_manifest.json,643,bc2b8ca872b2a78b8d7364413d5738b84039f16bd58ece8c9bed15bb28791ddf
data/raw/sensitivity/epsilon_1/regularized_p_p4_k3_d1_neumann_stratified_breakpoint_lbfgs_seed0201_20260907T084318+0800/reference_pool.npz,25186,29d76a5ab0c7d743ee36406a6b69ea5707773ecea40492fe89eac5852c32d58d
data/raw/sensitivity/epsilon_1/regularized_p_p4_k3_d1_neumann_stratified_breakpoint_lbfgs_seed0201_20260907T084318+0800/states/accepted_0001.npz,2142,194512d0e6ab9d505b356194c9097928c93c9ce42fb6f313d58c25790252c660
data/raw/sensitivity/epsilon_1/regularized_p_p4_k3_d1_neumann_stratified_breakpoint_lbfgs_seed0201_20260907T084318+0800/states/accepted_0002.npz,2177,0d32a1dd84eae62c54e1c82dd2d69b4568872a1236d4c5a617eac6d6f1a80684
data/raw/sensitivity/epsilon_1/regularized_p_p4_k3_d1_neumann_stratified_breakpoint_lbfgs_seed0201_20260907T084318+0800/states/accepted_0003.npz,2211,7ea14084f5022c99162a651d96c93f21f0bef9789742fe83483fc581d844cec5
data/raw/sensitivity/epsilon_1/regularized_p_p4_k3_d1_neumann_stratified_breakpoint_lbfgs_seed0201_20260907T084318+0800/states/accepted_0004.npz,2246,7fd18d0d9ae47a3aae946770f137ba7228a0119346f5b401da748cd3a870da50
data/raw/sensitivity/epsilon_1/regularized_p_p4_k3_d1_neumann_stratified_breakpoint_lbfgs_seed0201_20260907T084318+0800/states/accepted_0005.npz,2280,80554e9e7d5690955b32b2e116786dd12cee647b88121d0ed3ca963e71ffd6bf
data/raw/sensitivity/epsilon_1/regularized_p_p4_k3_d1_neumann_stratified_breakpoint_lbfgs_seed0201_20260907T084318+0800/states/accepted_0006.npz,2314,da3a1d3bbaa4f2480120c56a9dbdc88133fdde31c9a5d4e8204278e75adee680
data/raw/sensitivity/epsilon_1/regularized_p_p4_k3_d1_neumann_stratified_breakpoint_lbfgs_seed0201_20260907T084318+0800/states/accepted_0007.npz,2348,bc15300a14f10f7ef2c9bd3a3d42ff80f46093ec6646e08c8d1f1966173c95eb
data/raw/sensitivity/epsilon_1/regularized_p_p4_k3_d1_neumann_stratified_breakpoint_lbfgs_seed0201_20260907T084318+0800/states/accepted_0008.npz,2384,20079f2e2f9b8d08ba30c661fb0808eb2e4002bdc3195bd62f192e942caf7cb0
data/raw/sensitivity/epsilon_1/regularized_p_p4_k3_d1_neumann_stratified_breakpoint_lbfgs_seed0201_20260907T084318+0800/states/accepted_0009.npz,2418,b84ba5418de6ea84aab10b742123935dd14e421923debfed88d0c6618a330f41
data/raw/sensitivity/epsilon_1/regularized_p_p4_k3_d1_neumann_stratified_breakpoint_lbfgs_seed0201_20260907T084318+0800/states/accepted_0010.npz,2456,759e5a833d92d0d2aa876183db1717903a77019b6f8ac811d3f0fa542124e25b
data/raw/sensitivity/epsilon_1/regularized_p_p4_k3_d1_neumann_stratified_breakpoint_lbfgs_seed0201_20260907T084318+0800/states/accepted_0011.npz,2492,c734a4bf336d06f0c9e799281ce019454f02cee638aed624ab85518e98d27c14
data/raw/sensitivity/epsilon_1/regularized_p_p4_k3_d1_neumann_stratified_breakpoint_lbfgs_seed0201_20260907T084318+0800/states/accepted_0012.npz,2527,1bf55c04e083315f03419d2e802b474146477b403efc45cd260fc3c1ed3e5d33
data/raw/sensitivity/epsilon_1/regularized_p_p4_k3_d1_neumann_stratified_breakpoint_lbfgs_seed0201_20260907T084318+0800/states/accepted_0013.npz,2562,93d2f4786a1811f1e6d88a042563f7b02ecdbff84b1079e1225b5247e0844160
data/raw/sensitivity/epsilon_1/regularized_p_p4_k3_d1_neumann_stratified_breakpoint_lbfgs_seed0201_20260907T084318+0800/states/accepted_0014.npz,2596,15ca51e5c5b976992a51d0e75e7fb28b9993349abaa3359e59227c093b935fe7
data/raw/sensitivity/epsilon_1/regularized_p_p4_k3_d1_neumann_stratified_breakpoint_lbfgs_seed0201_20260907T084318+0800/states/accepted_0015.npz,2630,406961b2463fc086ac9f2d1ac7c3a53bb7766b7e440254df1db539b90c0a05dc
data/raw/sensitivity/epsilon_1/regularized_p_p4_k3_d1_neumann_stratified_breakpoint_lbfgs_seed0201_20260907T084318+0800/states/accepted_0016.npz,2667,10d4f6617b7310cae393a2c8eba2f9f7180a3c00e2e1ab7f8e019b832a6da46a
data/raw/sensitivity/epsilon_1/regularized_p_p4_k3_d1_neumann_stratified_breakpoint_lbfgs_seed0201_20260907T084318+0800/states/accepted_0017.npz,2700,dfb23138a309b5d74b6787684350f2fe0fc5828fa0ae15ed2a609eae7d2f7ea0
data/raw/sensitivity/epsilon_1/regularized_p_p4_k3_d1_neumann_stratified_breakpoint_lbfgs_seed0201_20260907T084318+0800/states/accepted_0018.npz,2735,9bfc016d0353028f301d068be53be39907ad9b0a8be746284d07f532ba16bf5d
data/raw/sensitivity/epsilon_1/regularized_p_p4_k3_d1_neumann_stratified_breakpoint_lbfgs_seed0201_20260907T084318+0800/states/accepted_0019.npz,2769,42349715d647b3c959b745f39722fd896b063f5d7a0e90483340d8e260e6a8f8
data/raw/sensitivity/epsilon_1/regularized_p_p4_k3_d1_neumann_stratified_breakpoint_lbfgs_seed0201_20260907T084318+0800/states/accepted_0020.npz,2803,0ff207deb5cf81740ea86617578d14152762f6c41407a5f35014b8084e05b5aa
data/raw/sensitivity/epsilon_1/regularized_p_p4_k3_d1_neumann_stratified_breakpoint_lbfgs_seed0201_20260907T084318+0800/states/accepted_0021.npz,2837,3cb3ab63b0c69c3fa18ba3d43e81f3bf76fab131e0aad6b759dd945d397f1b37
data/raw/sensitivity/epsilon_1/regularized_p_p4_k3_d1_neumann_stratified_breakpoint_lbfgs_seed0201_20260907T084318+0800/states/accepted_0022.npz,2872,141a5efd96fad71bb8bb62c3681673ca02a70898533be11a698c5cf74e308a9d
data/raw/sensitivity/epsilon_1/regularized_p_p4_k3_d1_neumann_stratified_breakpoint_lbfgs_seed0201_20260907T084318+0800/states/accepted_0023.npz,2905,4a400bc218d0a6aaada4ae222e6bda43a9eda89ae471737b710ef6ed5ec80432
data/raw/sensitivity/epsilon_1/regularized_p_p4_k3_d1_neumann_stratified_breakpoint_lbfgs_seed0201_20260907T084318+0800/states/accepted_0024.npz,2941,f277fa9e26ac49ad1c1c461724977416ad8508b21a5ed9470f1c879d527344b8
data/raw/sensitivity/epsilon_1/regularized_p_p4_k3_d1_neumann_stratified_breakpoint_lbfgs_seed0201_20260907T084318+0800/states/accepted_0025.npz,2974,33fccc57b9cce7e594acba546f9f8a987b110571bdcbd393af20c43d7af8448a
data/raw/sensitivity/epsilon_1/regularized_p_p4_k3_d1_neumann_stratified_breakpoint_lbfgs_seed0201_20260907T084318+0800/states/accepted_0026.npz,3008,6b01015479a8a519402b7f01bf772a8718101c6246e017cd16716a31625f9dd7
data/raw/sensitivity/epsilon_1/regularized_p_p4_k3_d1_neumann_stratified_breakpoint_lbfgs_seed0201_20260907T084318+0800/states/accepted_0027.npz,3043,6b32c25d229c9f2a96cb1c72d2a9554908d6cd5431f472c3811d38667e70f54c
data/raw/sensitivity/epsilon_1/regularized_p_p4_k3_d1_neumann_stratified_breakpoint_lbfgs_seed0201_20260907T084318+0800/states/accepted_0028.npz,3076,64515f6f059a618a7fcd8466b4a8fbe250a6a7cebf08e9ac730f0ac6abdc6b04
data/raw/sensitivity/epsilon_1/regularized_p_p4_k3_d1_neumann_stratified_breakpoint_lbfgs_seed0201_20260907T084318+0800/states/accepted_0029.npz,3112,b0e21ef46e6db07884fc462ed23c441acef1b688379eb8de1111e2b5d4e72921
data/raw/sensitivity/epsilon_1/regularized_p_p4_k3_d1_neumann_stratified_breakpoint_lbfgs_seed0201_20260907T084318+0800/states/accepted_0030.npz,3145,649f172af16544322eb8540a08498ee3a120e464817f2308b617587b57e0f373
data/raw/sensitivity/epsilon_1/regularized_p_p4_k3_d1_neumann_stratified_breakpoint_lbfgs_seed0201_20260907T084318+0800/states/accepted_0031.npz,3182,8bba55fe4234ba2a5ab02da2adb75e149dba223ac1e1af046a6f08bf6bd4d2c6
data/raw/sensitivity/epsilon_1/regularized_p_p4_k3_d1_neumann_stratified_breakpoint_lbfgs_seed0201_20260907T084318+0800/states/accepted_0032.npz,3214,14284e2c33b48171b0a70db8bbe47bf5f069b87be6e01d05e6d915f538924379
data/raw/sensitivity/epsilon_1/regularized_p_p4_k3_d1_neumann_stratified_breakpoint_lbfgs_seed0201_20260907T084318+0800/summary.json,4938,8240bc05404fedd34f4c9c2d1f79202277bcfb54c44afdb8c160d5a9444b4bee
data/raw/sensitivity/epsilon_1/regularized_p_p4_k3_d1_neumann_stratified_breakpoint_lbfgs_seed0201_20260907T084318+0800/trusted_model.npz,3214,14284e2c33b48171b0a70db8bbe47bf5f069b87be6e01d05e6d915f538924379
data/raw/sensitivity/instrumented/tolerance_base/pure_p_p4_k3_d1_neumann_stratified_breakpoint_lbfgs_seed0201_20260907T084527+0800/candidate_pool.npz,13844,bb1587f6be7a17cbf7768a56cd19c3052e879896bcf7e5e2425b8aba2867e502
data/raw/sensitivity/instrumented/tolerance_base/pure_p_p4_k3_d1_neumann_stratified_breakpoint_lbfgs_seed0201_20260907T084527+0800/checkpoint.npz,3711,9ea3f331dc0318f45a0460a80bb70b9e4dd7e23bc5208820b4c7c750ef8a7264
data/raw/sensitivity/instrumented/tolerance_base/pure_p_p4_k3_d1_neumann_stratified_breakpoint_lbfgs_seed0201_20260907T084527+0800/command.txt,86,086c16de2b33992179d86a72c50671993471487cbf1dc0c435be4785258695a7
data/raw/sensitivity/instrumented/tolerance_base/pure_p_p4_k3_d1_neumann_stratified_breakpoint_lbfgs_seed0201_20260907T084527+0800/config.json,1746,1ea5742f0354fc97606765aa92f8557216426ca8a4814ff84e8e3539df515e3a
data/raw/sensitivity/instrumented/tolerance_base/pure_p_p4_k3_d1_neumann_stratified_breakpoint_lbfgs_seed0201_20260907T084527+0800/diagnostic_model.npz,3195,3e825d4a131717f7b5a7db8ad15332cb2fb31dce1d6a3da961fcef8f46a56d32
data/raw/sensitivity/instrumented/tolerance_base/pure_p_p4_k3_d1_neumann_stratified_breakpoint_lbfgs_seed0201_20260907T084527+0800/environment.json,371,d28526a6a37d26973de4aa967134087e5b0b1a7fe9447f8beab4da56efe07c73
data/raw/sensitivity/instrumented/tolerance_base/pure_p_p4_k3_d1_neumann_stratified_breakpoint_lbfgs_seed0201_20260907T084527+0800/history.csv,31043,fb641ed6928e9dc9e8dfaf125c7fe73e27445834643cfdaa9d41129d9eae96fd
data/raw/sensitivity/instrumented/tolerance_base/pure_p_p4_k3_d1_neumann_stratified_breakpoint_lbfgs_seed0201_20260907T084527+0800/log.txt,2841,f3c7f75de00aa005bbcb16816ab84f5c3d49c82c3de89b2480540991e42b5677
data/raw/sensitivity/instrumented/tolerance_base/pure_p_p4_k3_d1_neumann_stratified_breakpoint_lbfgs_seed0201_20260907T084527+0800/model.npz,3195,3e825d4a131717f7b5a7db8ad15332cb2fb31dce1d6a3da961fcef8f46a56d32
data/raw/sensitivity/instrumented/tolerance_base/pure_p_p4_k3_d1_neumann_stratified_breakpoint_lbfgs_seed0201_20260907T084527+0800/pool_manifest.json,643,bc2b8ca872b2a78b8d7364413d5738b84039f16bd58ece8c9bed15bb28791ddf
data/raw/sensitivity/instrumented/tolerance_base/pure_p_p4_k3_d1_neumann_stratified_breakpoint_lbfgs_seed0201_20260907T084527+0800/reference_pool.npz,25186,29d76a5ab0c7d743ee36406a6b69ea5707773ecea40492fe89eac5852c32d58d
data/raw/sensitivity/instrumented/tolerance_base/pure_p_p4_k3_d1_neumann_stratified_breakpoint_lbfgs_seed0201_20260907T084527+0800/states/accepted_0001.npz,2124,d46333f531cfc10f7da05c1cf35ea4fbb86c039fd4690f7af0a930f195f7f1c2
data/raw/sensitivity/instrumented/tolerance_base/pure_p_p4_k3_d1_neumann_stratified_breakpoint_lbfgs_seed0201_20260907T084527+0800/states/accepted_0002.npz,2162,9c17eeb9ca848c6dc40c3c8cef49b3e308e054eac4bb024e47fe2c77a19455e7
data/raw/sensitivity/instrumented/tolerance_base/pure_p_p4_k3_d1_neumann_stratified_breakpoint_lbfgs_seed0201_20260907T084527+0800/states/accepted_0003.npz,2197,1f5a80c73c3d293e1615725778effec252f51dbb5b7b72480d651b735b292069
data/raw/sensitivity/instrumented/tolerance_base/pure_p_p4_k3_d1_neumann_stratified_breakpoint_lbfgs_seed0201_20260907T084527+0800/states/accepted_0004.npz,2231,993339f4b3fdd87ad387f52adfa84fffb639e24d1e38710091345f32235ce596
data/raw/sensitivity/instrumented/tolerance_base/pure_p_p4_k3_d1_neumann_stratified_breakpoint_lbfgs_seed0201_20260907T084527+0800/states/accepted_0005.npz,2265,2e30bdfd6c709f01f6ba618f9984a899c4cd455b7362f60a0a486ebc13f5dbdb
data/raw/sensitivity/instrumented/tolerance_base/pure_p_p4_k3_d1_neumann_stratified_breakpoint_lbfgs_seed0201_20260907T084527+0800/states/accepted_0006.npz,2299,36821ce38462a5faf5b90fc7684abb9abe1e1979f71d20024a214c33332d012c
data/raw/sensitivity/instrumented/tolerance_base/pure_p_p4_k3_d1_neumann_stratified_breakpoint_lbfgs_seed0201_20260907T084527+0800/states/accepted_0007.npz,2333,b145e2512fc27d79dd1b924a9e78f1da6f0e57730fa522956a9ea1bcb1416672
data/raw/sensitivity/instrumented/tolerance_base/pure_p_p4_k3_d1_neumann_stratified_breakpoint_lbfgs_seed0201_20260907T084527+0800/states/accepted_0008.npz,2368,d3c575e94d940fa29a3cd38d36feaec5ade6227049783b96dad2cef9a00acb35
data/raw/sensitivity/instrumented/tolerance_base/pure_p_p4_k3_d1_neumann_stratified_breakpoint_lbfgs_seed0201_20260907T084527+0800/states/accepted_0009.npz,2403,fc933af8b89b26d97142cc4162c79beee7abfcd654a090ba452d26c8c96857ad
data/raw/sensitivity/instrumented/tolerance_base/pure_p_p4_k3_d1_neumann_stratified_breakpoint_lbfgs_seed0201_20260907T084527+0800/states/accepted_0010.npz,2443,00181fe566e91d557cb26d5e55924f8824c1b2db0c97cba6b6f021d18564436f
data/raw/sensitivity/instrumented/tolerance_base/pure_p_p4_k3_d1_neumann_stratified_breakpoint_lbfgs_seed0201_20260907T084527+0800/states/accepted_0011.npz,2476,f9790c731a6b4a7e576bec2862ce40688cd28d8d366b36d0755f60b5870bcb48
data/raw/sensitivity/instrumented/tolerance_base/pure_p_p4_k3_d1_neumann_stratified_breakpoint_lbfgs_seed0201_20260907T084527+0800/states/accepted_0012.npz,2509,cd9c36dfccd6bffadeda6dd763cf3ed24b67ae6d4aeac031e6be0ba18290d5ae
data/raw/sensitivity/instrumented/tolerance_base/pure_p_p4_k3_d1_neumann_stratified_breakpoint_lbfgs_seed0201_20260907T084527+0800/states/accepted_0013.npz,2544,95974bb28ab613d13127436769fd21da8bbc8e9dfbb2478b634ba2301c90b4ce
data/raw/sensitivity/instrumented/tolerance_base/pure_p_p4_k3_d1_neumann_stratified_breakpoint_lbfgs_seed0201_20260907T084527+0800/states/accepted_0014.npz,2578,588ded85fa45b791e5036de5bf3246db56b440c7e1a241955dbb106092eb1ecc
data/raw/sensitivity/instrumented/tolerance_base/pure_p_p4_k3_d1_neumann_stratified_breakpoint_lbfgs_seed0201_20260907T084527+0800/states/accepted_0015.npz,2613,af7882feef3105c83891a95e89e4a9dfaa50986bc6742b979acf771b3cc85269
data/raw/sensitivity/instrumented/tolerance_base/pure_p_p4_k3_d1_neumann_stratified_breakpoint_lbfgs_seed0201_20260907T084527+0800/states/accepted_0016.npz,2647,225fe158b589d455f4309b463cfbda40ca292e697b7f70e66419a460270800cc
data/raw/sensitivity/instrumented/tolerance_base/pure_p_p4_k3_d1_neumann_stratified_breakpoint_lbfgs_seed0201_20260907T084527+0800/states/accepted_0017.npz,2685,1b24f0fe96a14b93e6a34287b01f88c5b6a673c4ed663329c1481682ac746fb3
data/raw/sensitivity/instrumented/tolerance_base/pure_p_p4_k3_d1_neumann_stratified_breakpoint_lbfgs_seed0201_20260907T084527+0800/states/accepted_0018.npz,2717,2062394f29e7104c53a32b98538c920d5a1ba576736b763f8a6b7157289c2bc4
data/raw/sensitivity/instrumented/tolerance_base/pure_p_p4_k3_d1_neumann_stratified_breakpoint_lbfgs_seed0201_20260907T084527+0800/states/accepted_0019.npz,2752,e793566fc2a53e775f16828596decba5476f9a784260592fba14e3b03a1fd5d3
data/raw/sensitivity/instrumented/tolerance_base/pure_p_p4_k3_d1_neumann_stratified_breakpoint_lbfgs_seed0201_20260907T084527+0800/states/accepted_0020.npz,2784,f4ec2b724cccf71b1ad75d2771c6d81300de1a8abeea4fb00cc72c8daf6c992f
data/raw/sensitivity/instrumented/tolerance_base/pure_p_p4_k3_d1_neumann_stratified_breakpoint_lbfgs_seed0201_20260907T084527+0800/states/accepted_0021.npz,2819,8a26f7c09233b680047c2e8e3a45ee3a55938aae641d727a2ef76c1d137ddc3d
data/raw/sensitivity/instrumented/tolerance_base/pure_p_p4_k3_d1_neumann_stratified_breakpoint_lbfgs_seed0201_20260907T084527+0800/states/accepted_0022.npz,2855,7cf1e756429469c0a1ceed056f5a5526c53670294fb1cd7fa0e935a0e5e0c0d2
data/raw/sensitivity/instrumented/tolerance_base/pure_p_p4_k3_d1_neumann_stratified_breakpoint_lbfgs_seed0201_20260907T084527+0800/states/accepted_0023.npz,2889,b57918bfa05eaf5f94366ef70acd7c7971269a03bfe6b64abb01f173c5b09d20
data/raw/sensitivity/instrumented/tolerance_base/pure_p_p4_k3_d1_neumann_stratified_breakpoint_lbfgs_seed0201_20260907T084527+0800/states/accepted_0024.npz,2922,fca90d95cb5c57c143576ae2cb0cafe060eafd86e937435889929ba97e4b6332
data/raw/sensitivity/instrumented/tolerance_base/pure_p_p4_k3_d1_neumann_stratified_breakpoint_lbfgs_seed0201_20260907T084527+0800/states/accepted_0025.npz,2957,255f4f4ad7da575a4d541a9fbfec8402bba9496635c2a07b61e19f4faccb4741
data/raw/sensitivity/instrumented/tolerance_base/pure_p_p4_k3_d1_neumann_stratified_breakpoint_lbfgs_seed0201_20260907T084527+0800/states/accepted_0026.npz,2989,232011bc1886b99254113689f92b0f6f5fae89fb8a6fc00001635206b46f20f7
data/raw/sensitivity/instrumented/tolerance_base/pure_p_p4_k3_d1_neumann_stratified_breakpoint_lbfgs_seed0201_20260907T084527+0800/states/accepted_0027.npz,3024,01b1eb24df56578862dd74d9559a1c2e3f4cd7d82180b48b371f45f0a0d71f94
data/raw/sensitivity/instrumented/tolerance_base/pure_p_p4_k3_d1_neumann_stratified_breakpoint_lbfgs_seed0201_20260907T084527+0800/states/accepted_0028.npz,3056,82af67288b26d6e2fd43446afff89d9e7abd5bcc56d5b5312b440d4e08c48697
data/raw/sensitivity/instrumented/tolerance_base/pure_p_p4_k3_d1_neumann_stratified_breakpoint_lbfgs_seed0201_20260907T084527+0800/states/accepted_0029.npz,3092,db496a86f902be239ddf815254f1686a42c8e80503e6aacf46c864311a446419
data/raw/sensitivity/instrumented/tolerance_base/pure_p_p4_k3_d1_neumann_stratified_breakpoint_lbfgs_seed0201_20260907T084527+0800/states/accepted_0030.npz,3127,10440c8ce5eddf6555433df04894eebab8f0902e71dd8165ebe427bc2936eeaf
data/raw/sensitivity/instrumented/tolerance_base/pure_p_p4_k3_d1_neumann_stratified_breakpoint_lbfgs_seed0201_20260907T084527+0800/states/accepted_0031.npz,3159,52d05dc451a0cf0ae2c3f1c50419d6601976816b5e3d6d9c641c3fac561fbb9d
data/raw/sensitivity/instrumented/tolerance_base/pure_p_p4_k3_d1_neumann_stratified_breakpoint_lbfgs_seed0201_20260907T084527+0800/states/accepted_0032.npz,3195,3e825d4a131717f7b5a7db8ad15332cb2fb31dce1d6a3da961fcef8f46a56d32
data/raw/sensitivity/instrumented/tolerance_base/pure_p_p4_k3_d1_neumann_stratified_breakpoint_lbfgs_seed0201_20260907T084527+0800/summary.json,4898,7de8e5e7a50b263424fe06f6b00c59cc57c540960c9621da7c25fb9600450990
data/raw/sensitivity/instrumented/tolerance_base/pure_p_p4_k3_d1_neumann_stratified_breakpoint_lbfgs_seed0201_20260907T084527+0800/trusted_model.npz,3195,3e825d4a131717f7b5a7db8ad15332cb2fb31dce1d6a3da961fcef8f46a56d32
data/raw/sensitivity/instrumented/tolerance_loose/pure_p_p4_k3_d1_neumann_stratified_breakpoint_lbfgs_seed0201_20260907T084527+0800/candidate_pool.npz,13844,bb1587f6be7a17cbf7768a56cd19c3052e879896bcf7e5e2425b8aba2867e502
data/raw/sensitivity/instrumented/tolerance_loose/pure_p_p4_k3_d1_neumann_stratified_breakpoint_lbfgs_seed0201_20260907T084527+0800/checkpoint.npz,3709,0e4cd6c00a8ca4e2c13b58946ded2862305041364bcca39ffde131c1a4544752
data/raw/sensitivity/instrumented/tolerance_loose/pure_p_p4_k3_d1_neumann_stratified_breakpoint_lbfgs_seed0201_20260907T084527+0800/command.txt,87,02aa282c26e14ad3d1853d8998857dfebf6f44a6a97df589c9cb465fdf4d0e66
data/raw/sensitivity/instrumented/tolerance_loose/pure_p_p4_k3_d1_neumann_stratified_breakpoint_lbfgs_seed0201_20260907T084527+0800/config.json,1748,21c085206f592fcbb1b0a1f5a3d642c1a092ce705ddc1aff385c9e2ad80ef191
data/raw/sensitivity/instrumented/tolerance_loose/pure_p_p4_k3_d1_neumann_stratified_breakpoint_lbfgs_seed0201_20260907T084527+0800/diagnostic_model.npz,3188,05ac962c00c1743d63aed936c4ba840fbbbed7067dde1ff1e2da69b82032db88
data/raw/sensitivity/instrumented/tolerance_loose/pure_p_p4_k3_d1_neumann_stratified_breakpoint_lbfgs_seed0201_20260907T084527+0800/environment.json,371,1f3237b868b4e0adbbd84ac793ccf911c21000152b3d2919f386f551cb7510b3
data/raw/sensitivity/instrumented/tolerance_loose/pure_p_p4_k3_d1_neumann_stratified_breakpoint_lbfgs_seed0201_20260907T084527+0800/history.csv,30417,c325411cd69a55ad55e49e8d0c6b00aa8c71429a4e2748e4b0a909c5c09c64a4
data/raw/sensitivity/instrumented/tolerance_loose/pure_p_p4_k3_d1_neumann_stratified_breakpoint_lbfgs_seed0201_20260907T084527+0800/log.txt,2752,faa2fd32da9d44c43788a4161ba15259bc8652d830c181d298456ee29dcfd576
data/raw/sensitivity/instrumented/tolerance_loose/pure_p_p4_k3_d1_neumann_stratified_breakpoint_lbfgs_seed0201_20260907T084527+0800/model.npz,3188,05ac962c00c1743d63aed936c4ba840fbbbed7067dde1ff1e2da69b82032db88
data/raw/sensitivity/instrumented/tolerance_loose/pure_p_p4_k3_d1_neumann_stratified_breakpoint_lbfgs_seed0201_20260907T084527+0800/pool_manifest.json,643,bc2b8ca872b2a78b8d7364413d5738b84039f16bd58ece8c9bed15bb28791ddf
data/raw/sensitivity/instrumented/tolerance_loose/pure_p_p4_k3_d1_neumann_stratified_breakpoint_lbfgs_seed0201_20260907T084527+0800/reference_pool.npz,25186,29d76a5ab0c7d743ee36406a6b69ea5707773ecea40492fe89eac5852c32d58d
data/raw/sensitivity/instrumented/tolerance_loose/pure_p_p4_k3_d1_neumann_stratified_breakpoint_lbfgs_seed0201_20260907T084527+0800/states/accepted_0001.npz,2124,d46333f531cfc10f7da05c1cf35ea4fbb86c039fd4690f7af0a930f195f7f1c2
data/raw/sensitivity/instrumented/tolerance_loose/pure_p_p4_k3_d1_neumann_stratified_breakpoint_lbfgs_seed0201_20260907T084527+0800/states/accepted_0002.npz,2162,77bc32335815210fad11f2c3bd44e7e82024909adc6a9c359156a99740516f33
data/raw/sensitivity/instrumented/tolerance_loose/pure_p_p4_k3_d1_neumann_stratified_breakpoint_lbfgs_seed0201_20260907T084527+0800/states/accepted_0003.npz,2197,48690d898c5ac7b0e748eab1b274b608de9538cf7e9fa99d238e3a38a069cb7c
data/raw/sensitivity/instrumented/tolerance_loose/pure_p_p4_k3_d1_neumann_stratified_breakpoint_lbfgs_seed0201_20260907T084527+0800/states/accepted_0004.npz,2231,49516740e9e1b046c35dd7eca5481a7dc83f42b74576e288156b165938fc78ce
data/raw/sensitivity/instrumented/tolerance_loose/pure_p_p4_k3_d1_neumann_stratified_breakpoint_lbfgs_seed0201_20260907T084527+0800/states/accepted_0005.npz,2265,22b5d1c1bbad89caf4841912c60acefd9ba5e284116391de33a4807cdfed0c72
data/raw/sensitivity/instrumented/tolerance_loose/pure_p_p4_k3_d1_neumann_stratified_breakpoint_lbfgs_seed0201_20260907T084527+0800/states/accepted_0006.npz,2299,f7ad8d09f7789be085e72090f9bea93fe3494b0e421d7d295835957d9bb7d36d
data/raw/sensitivity/instrumented/tolerance_loose/pure_p_p4_k3_d1_neumann_stratified_breakpoint_lbfgs_seed0201_20260907T084527+0800/states/accepted_0007.npz,2333,0695c55bb02fd214a35da80a7d8a41f32e373bca2ce5309c09c15a74fce74d7e
data/raw/sensitivity/instrumented/tolerance_loose/pure_p_p4_k3_d1_neumann_stratified_breakpoint_lbfgs_seed0201_20260907T084527+0800/states/accepted_0008.npz,2368,b9cbb9fdeec16e1f2719f3c39b8c898a97b9e62b6abcb2e729c6f877c06db887
data/raw/sensitivity/instrumented/tolerance_loose/pure_p_p4_k3_d1_neumann_stratified_breakpoint_lbfgs_seed0201_20260907T084527+0800/states/accepted_0009.npz,2402,0b3a32003331617f04b68c28bb4f514e251495462ff5c422612459dc22de3ec1
data/raw/sensitivity/instrumented/tolerance_loose/pure_p_p4_k3_d1_neumann_stratified_breakpoint_lbfgs_seed0201_20260907T084527+0800/states/accepted_0010.npz,2441,01b465b6aae1c21cf23bd5186b904a93de2531d89b481d305060a73ab4ced59c
data/raw/sensitivity/instrumented/tolerance_loose/pure_p_p4_k3_d1_neumann_stratified_breakpoint_lbfgs_seed0201_20260907T084527+0800/states/accepted_0011.npz,2476,dd66b59a315708c7b55b0e0a4fb79aaacdcd22521a91e47c99c94aebb955b5cb
data/raw/sensitivity/instrumented/tolerance_loose/pure_p_p4_k3_d1_neumann_stratified_breakpoint_lbfgs_seed0201_20260907T084527+0800/states/accepted_0012.npz,2511,fa433a1fa4768cc4a0aba28fc7ee350c2a2dff93ef1510add10a9bc6b7afa727
data/raw/sensitivity/instrumented/tolerance_loose/pure_p_p4_k3_d1_neumann_stratified_breakpoint_lbfgs_seed0201_20260907T084527+0800/states/accepted_0013.npz,2544,c47f39ac94db6569a0fdf832286ea8d215ef78693b8800b033bbcc8d7e9decec
data/raw/sensitivity/instrumented/tolerance_loose/pure_p_p4_k3_d1_neumann_stratified_breakpoint_lbfgs_seed0201_20260907T084527+0800/states/accepted_0014.npz,2578,b84ce0e0a2980c45de6449ab9cfc0f9d097f894c8d5b696863289664a4b5b3b5
data/raw/sensitivity/instrumented/tolerance_loose/pure_p_p4_k3_d1_neumann_stratified_breakpoint_lbfgs_seed0201_20260907T084527+0800/states/accepted_0015.npz,2613,b4a87eadee0abe27ce1b56efd8243d8ad52fb1648a8065d630d2574ae48144d3
data/raw/sensitivity/instrumented/tolerance_loose/pure_p_p4_k3_d1_neumann_stratified_breakpoint_lbfgs_seed0201_20260907T084527+0800/states/accepted_0016.npz,2648,956448ee4b2c460bb8255d6a0b0bdbf1582a641f266b9d05d134394d80c15b6c
data/raw/sensitivity/instrumented/tolerance_loose/pure_p_p4_k3_d1_neumann_stratified_breakpoint_lbfgs_seed0201_20260907T084527+0800/states/accepted_0017.npz,2682,6965ed5e42ec59215dd477974799dc9143f4c6fd9997f708392eccddd021d5f3
data/raw/sensitivity/instrumented/tolerance_loose/pure_p_p4_k3_d1_neumann_stratified_breakpoint_lbfgs_seed0201_20260907T084527+0800/states/accepted_0018.npz,2718,0a99cc90f5f1db46025746fc5d992e6622f7d6c8dd7a356906f87511b526f1c3
data/raw/sensitivity/instrumented/tolerance_loose/pure_p_p4_k3_d1_neumann_stratified_breakpoint_lbfgs_seed0201_20260907T084527+0800/states/accepted_0019.npz,2749,de19ea0488aa3142b7f733ee56bfc935307ca4aa4226db2dd8a29cf5391fc1fd
data/raw/sensitivity/instrumented/tolerance_loose/pure_p_p4_k3_d1_neumann_stratified_breakpoint_lbfgs_seed0201_20260907T084527+0800/states/accepted_0020.npz,2784,906dc80169eb9bbadad4b7a9c17205642eca4a4ce07d31b6e4468cc08bb3a318
data/raw/sensitivity/instrumented/tolerance_loose/pure_p_p4_k3_d1_neumann_stratified_breakpoint_lbfgs_seed0201_20260907T084527+0800/states/accepted_0021.npz,2817,91f62a9ae29181a149053bc8e09cdbc7053d82a27e9223b1c621c66e60685691
data/raw/sensitivity/instrumented/tolerance_loose/pure_p_p4_k3_d1_neumann_stratified_breakpoint_lbfgs_seed0201_20260907T084527+0800/states/accepted_0022.npz,2852,107d2dd809ce3729a316e5290e2f7a7a60d9d9e6791d8778935c586e9e8a09fc
data/raw/sensitivity/instrumented/tolerance_loose/pure_p_p4_k3_d1_neumann_stratified_breakpoint_lbfgs_seed0201_20260907T084527+0800/states/accepted_0023.npz,2883,13902565edb60f331fcbe8ace03d2f16134da7d0a2d299363f8a97f691b8bead
data/raw/sensitivity/instrumented/tolerance_loose/pure_p_p4_k3_d1_neumann_stratified_breakpoint_lbfgs_seed0201_20260907T084527+0800/states/accepted_0024.npz,2918,b20889116c126bc32f042f9b84dc62677af4469aab3b7a10d0cc347a3f49f524
data/raw/sensitivity/instrumented/tolerance_loose/pure_p_p4_k3_d1_neumann_stratified_breakpoint_lbfgs_seed0201_20260907T084527+0800/states/accepted_0025.npz,2950,7f95f565b7282ac82f654b5c643bb2c6a39641b4ea3e89f5edcbfc08cc5e6243
data/raw/sensitivity/instrumented/tolerance_loose/pure_p_p4_k3_d1_neumann_stratified_breakpoint_lbfgs_seed0201_20260907T084527+0800/states/accepted_0026.npz,2984,8df499267052ac1b237ab4886226c5e7c9f223e247b4683d6ec9a88f332501a0
data/raw/sensitivity/instrumented/tolerance_loose/pure_p_p4_k3_d1_neumann_stratified_breakpoint_lbfgs_seed0201_20260907T084527+0800/states/accepted_0027.npz,3018,f5c77100b3192dc8946fee0caf024b60bc3e2a9a3de1d56aff209c4d8b47c58d
data/raw/sensitivity/instrumented/tolerance_loose/pure_p_p4_k3_d1_neumann_stratified_breakpoint_lbfgs_seed0201_20260907T084527+0800/states/accepted_0028.npz,3052,0b6a793645238d0815242b28ef2ce5b8193e130d92ee8d46022ea195f9ca3b9b
data/raw/sensitivity/instrumented/tolerance_loose/pure_p_p4_k3_d1_neumann_stratified_breakpoint_lbfgs_seed0201_20260907T084527+0800/states/accepted_0029.npz,3085,8116f12a9ea3c900401d6ee1a964f960d37665a14dd9a0d38b735089e1732650
data/raw/sensitivity/instrumented/tolerance_loose/pure_p_p4_k3_d1_neumann_stratified_breakpoint_lbfgs_seed0201_20260907T084527+0800/states/accepted_0030.npz,3121,3c55ba704a3a6c62b32d3cbe642c7f2c719a8b87694aba12bc28b3847bf33aad
data/raw/sensitivity/instrumented/tolerance_loose/pure_p_p4_k3_d1_neumann_stratified_breakpoint_lbfgs_seed0201_20260907T084527+0800/states/accepted_0031.npz,3156,8e724e8adbc5c72c72bc54e1c0dbd96f93639bbf72cb45087aa5d3b41a3d0751
data/raw/sensitivity/instrumented/tolerance_loose/pure_p_p4_k3_d1_neumann_stratified_breakpoint_lbfgs_seed0201_20260907T084527+0800/states/accepted_0032.npz,3188,05ac962c00c1743d63aed936c4ba840fbbbed7067dde1ff1e2da69b82032db88
data/raw/sensitivity/instrumented/tolerance_loose/pure_p_p4_k3_d1_neumann_stratified_breakpoint_lbfgs_seed0201_20260907T084527+0800/summary.json,4932,bd99a839bd5388af585219c46f2a418db4c3fec7e2195687b05448b137b368dd
data/raw/sensitivity/instrumented/tolerance_loose/pure_p_p4_k3_d1_neumann_stratified_breakpoint_lbfgs_seed0201_20260907T084527+0800/trusted_model.npz,3188,05ac962c00c1743d63aed936c4ba840fbbbed7067dde1ff1e2da69b82032db88
data/raw/sensitivity/instrumented/tolerance_tight/pure_p_p4_k3_d1_neumann_stratified_breakpoint_lbfgs_seed0201_20260907T084527+0800/candidate_pool.npz,13844,bb1587f6be7a17cbf7768a56cd19c3052e879896bcf7e5e2425b8aba2867e502
data/raw/sensitivity/instrumented/tolerance_tight/pure_p_p4_k3_d1_neumann_stratified_breakpoint_lbfgs_seed0201_20260907T084527+0800/checkpoint.npz,3710,fee1d3717fa7c5e586f654ec62fc53a840437eb3810c7457e7bb78afd880f917
data/raw/sensitivity/instrumented/tolerance_tight/pure_p_p4_k3_d1_neumann_stratified_breakpoint_lbfgs_seed0201_20260907T084527+0800/command.txt,87,f33642993997a46e8bbb1b3fd401a869db3e848fe7ec18b35fefa88632d9e9a7
data/raw/sensitivity/instrumented/tolerance_tight/pure_p_p4_k3_d1_neumann_stratified_breakpoint_lbfgs_seed0201_20260907T084527+0800/config.json,1747,0acbd006380537d3618da7889eb9069df9deff620a23fd7770b042598b770bf7
data/raw/sensitivity/instrumented/tolerance_tight/pure_p_p4_k3_d1_neumann_stratified_breakpoint_lbfgs_seed0201_20260907T084527+0800/diagnostic_model.npz,3189,bb9927f136bc7e5e97d9549a609a235ced1fb1e311b70270d618fda6b5296c3a
data/raw/sensitivity/instrumented/tolerance_tight/pure_p_p4_k3_d1_neumann_stratified_breakpoint_lbfgs_seed0201_20260907T084527+0800/environment.json,371,1194d327d7f881ef666890087a00b330de3f4a5077ca34344ce9ef5c5666cd2a
data/raw/sensitivity/instrumented/tolerance_tight/pure_p_p4_k3_d1_neumann_stratified_breakpoint_lbfgs_seed0201_20260907T084527+0800/history.csv,30619,2be25c41a0147e864bc3723ba261d5431455dbc0c927bc595d828b5a241a774c
data/raw/sensitivity/instrumented/tolerance_tight/pure_p_p4_k3_d1_neumann_stratified_breakpoint_lbfgs_seed0201_20260907T084527+0800/log.txt,2756,52dd980f8ab74beb9a1a9c7707468c84086e700fa7d8a7bf4f223855f7a5b114
data/raw/sensitivity/instrumented/tolerance_tight/pure_p_p4_k3_d1_neumann_stratified_breakpoint_lbfgs_seed0201_20260907T084527+0800/model.npz,3189,bb9927f136bc7e5e97d9549a609a235ced1fb1e311b70270d618fda6b5296c3a
data/raw/sensitivity/instrumented/tolerance_tight/pure_p_p4_k3_d1_neumann_stratified_breakpoint_lbfgs_seed0201_20260907T084527+0800/pool_manifest.json,643,bc2b8ca872b2a78b8d7364413d5738b84039f16bd58ece8c9bed15bb28791ddf
data/raw/sensitivity/instrumented/tolerance_tight/pure_p_p4_k3_d1_neumann_stratified_breakpoint_lbfgs_seed0201_20260907T084527+0800/reference_pool.npz,25186,29d76a5ab0c7d743ee36406a6b69ea5707773ecea40492fe89eac5852c32d58d
data/raw/sensitivity/instrumented/tolerance_tight/pure_p_p4_k3_d1_neumann_stratified_breakpoint_lbfgs_seed0201_20260907T084527+0800/states/accepted_0001.npz,2124,bd034166a7cb3deff40f103e8b46b87de30043e59a85af21cda8f1cf495fc93d
data/raw/sensitivity/instrumented/tolerance_tight/pure_p_p4_k3_d1_neumann_stratified_breakpoint_lbfgs_seed0201_20260907T084527+0800/states/accepted_0002.npz,2162,9296c4612835d99d2f2df66379d276953f0eb0bf3604e8c504e083b2537ba16e
data/raw/sensitivity/instrumented/tolerance_tight/pure_p_p4_k3_d1_neumann_stratified_breakpoint_lbfgs_seed0201_20260907T084527+0800/states/accepted_0003.npz,2197,a19d955433f04333e4170d5e66b76e45a4273457c8cb0bbdce8e4ed0b5abdc82
data/raw/sensitivity/instrumented/tolerance_tight/pure_p_p4_k3_d1_neumann_stratified_breakpoint_lbfgs_seed0201_20260907T084527+0800/states/accepted_0004.npz,2231,c09738b4d769cac5efb3b71987bf9b3fca3c92fec89c20c142630ab6aa2584fa
data/raw/sensitivity/instrumented/tolerance_tight/pure_p_p4_k3_d1_neumann_stratified_breakpoint_lbfgs_seed0201_20260907T084527+0800/states/accepted_0005.npz,2265,3aa7cdc7c2000597040ad4c82302a51a80285951a81e92e304bdd7a7b6a1da74
data/raw/sensitivity/instrumented/tolerance_tight/pure_p_p4_k3_d1_neumann_stratified_breakpoint_lbfgs_seed0201_20260907T084527+0800/states/accepted_0006.npz,2299,a3b9251062c63c4818c92c3714f31d9c2aaa99c25fd4541e0f2b3e31a0a1e7c7
data/raw/sensitivity/instrumented/tolerance_tight/pure_p_p4_k3_d1_neumann_stratified_breakpoint_lbfgs_seed0201_20260907T084527+0800/states/accepted_0007.npz,2333,f45e5be6a3ed411adde18a08f0d88f6737899633acc67eae03d8f464e1bf5f9c
data/raw/sensitivity/instrumented/tolerance_tight/pure_p_p4_k3_d1_neumann_stratified_breakpoint_lbfgs_seed0201_20260907T084527+0800/states/accepted_0008.npz,2368,38b54005ae45c8942cc4b911d28d623f8c2326308625c0cd2296fa13b87e3a85
data/raw/sensitivity/instrumented/tolerance_tight/pure_p_p4_k3_d1_neumann_stratified_breakpoint_lbfgs_seed0201_20260907T084527+0800/states/accepted_0009.npz,2403,e72e3223993a02a357deecd0b5cd34ebee40d7f7e4b176065b7636c5a3f9259d
data/raw/sensitivity/instrumented/tolerance_tight/pure_p_p4_k3_d1_neumann_stratified_breakpoint_lbfgs_seed0201_20260907T084527+0800/states/accepted_0010.npz,2440,4a72e9c8548079d341d7fad9d2b612913d76b4991bc5e9b3b04ba2fa2b4dd483
data/raw/sensitivity/instrumented/tolerance_tight/pure_p_p4_k3_d1_neumann_stratified_breakpoint_lbfgs_seed0201_20260907T084527+0800/states/accepted_0011.npz,2477,e066ec8ab0e4207d2c5463df7906bd603690a59a67caee6db66c01f1bdd33557
data/raw/sensitivity/instrumented/tolerance_tight/pure_p_p4_k3_d1_neumann_stratified_breakpoint_lbfgs_seed0201_20260907T084527+0800/states/accepted_0012.npz,2511,3db62bf333911aefea3446efebeb7c2f22d27410b8294a4c09f1cbe9cc58766f
data/raw/sensitivity/instrumented/tolerance_tight/pure_p_p4_k3_d1_neumann_stratified_breakpoint_lbfgs_seed0201_20260907T084527+0800/states/accepted_0013.npz,2544,ee721a023f9478d9c54bc13644b8e148c00a9d5f9a67a70b78c66f7af74f8a4e
data/raw/sensitivity/instrumented/tolerance_tight/pure_p_p4_k3_d1_neumann_stratified_breakpoint_lbfgs_seed0201_20260907T084527+0800/states/accepted_0014.npz,2577,1f170fdb772624e3e05686c3b966e274a1df554146a76190ebbe4a8532e99372
data/raw/sensitivity/instrumented/tolerance_tight/pure_p_p4_k3_d1_neumann_stratified_breakpoint_lbfgs_seed0201_20260907T084527+0800/states/accepted_0015.npz,2614,01f641cf03044eca5441399377324a293343e19b092441000fcf6bd6798f17b2
data/raw/sensitivity/instrumented/tolerance_tight/pure_p_p4_k3_d1_neumann_stratified_breakpoint_lbfgs_seed0201_20260907T084527+0800/states/accepted_0016.npz,2647,273b63e0b9a9f5fa763f716d127c70ebb1653a943f23abd65d6bbad96c8b9b90
data/raw/sensitivity/instrumented/tolerance_tight/pure_p_p4_k3_d1_neumann_stratified_breakpoint_lbfgs_seed0201_20260907T084527+0800/states/accepted_0017.npz,2682,77b84912ed371d67bb47fac4fa6781e3f909282017fd38fc8d511088389436e1
data/raw/sensitivity/instrumented/tolerance_tight/pure_p_p4_k3_d1_neumann_stratified_breakpoint_lbfgs_seed0201_20260907T084527+0800/states/accepted_0018.npz,2717,a372d83403ae7e38c556342364c297f21ba8c78579755c34fc90dc386819e790
data/raw/sensitivity/instrumented/tolerance_tight/pure_p_p4_k3_d1_neumann_stratified_breakpoint_lbfgs_seed0201_20260907T084527+0800/states/accepted_0019.npz,2749,6dde3b018b62621db0278b9ef213150a62f7c5e983b68da9b348058a67f72612
data/raw/sensitivity/instrumented/tolerance_tight/pure_p_p4_k3_d1_neumann_stratified_breakpoint_lbfgs_seed0201_20260907T084527+0800/states/accepted_0020.npz,2784,ee030e0a8488dac0d43f65dd390d25d350b7bd3178bfef3dd754fe8cbc051194
data/raw/sensitivity/instrumented/tolerance_tight/pure_p_p4_k3_d1_neumann_stratified_breakpoint_lbfgs_seed0201_20260907T084527+0800/states/accepted_0021.npz,2817,d468d60a83bce27e3774fe25b7231d42af25ce341df844b9aded833968475aec
data/raw/sensitivity/instrumented/tolerance_tight/pure_p_p4_k3_d1_neumann_stratified_breakpoint_lbfgs_seed0201_20260907T084527+0800/states/accepted_0022.npz,2851,2a808ecfe7e99cc3289cd9789bdc01c7cce8134c09f2d41617e3136264c2fe0a
data/raw/sensitivity/instrumented/tolerance_tight/pure_p_p4_k3_d1_neumann_stratified_breakpoint_lbfgs_seed0201_20260907T084527+0800/states/accepted_0023.npz,2883,a6379e457f806e893861d802e3bd4448ff9bdeafd8fdecfcf3438d4ab2eec769
data/raw/sensitivity/instrumented/tolerance_tight/pure_p_p4_k3_d1_neumann_stratified_breakpoint_lbfgs_seed0201_20260907T084527+0800/states/accepted_0024.npz,2918,1520280d30a64c59ec0c9efcdc8b0e22902f1213316a8588d27063fdc38c1bbc
data/raw/sensitivity/instrumented/tolerance_tight/pure_p_p4_k3_d1_neumann_stratified_breakpoint_lbfgs_seed0201_20260907T084527+0800/states/accepted_0025.npz,2952,9a3aa94dcd5a9da16e36daba088c472156665e1a9cb2b2ad5de1ffb78ce318a8
data/raw/sensitivity/instrumented/tolerance_tight/pure_p_p4_k3_d1_neumann_stratified_breakpoint_lbfgs_seed0201_20260907T084527+0800/states/accepted_0026.npz,2984,9f9e156a04102d918981c40f6cc07f18153175f834afaf9b7fa1983d25a95cd1
data/raw/sensitivity/instrumented/tolerance_tight/pure_p_p4_k3_d1_neumann_stratified_breakpoint_lbfgs_seed0201_20260907T084527+0800/states/accepted_0027.npz,3019,7c101486ade5f425c7b69f1f43229f7b808b73bdab3d368209bf78c8c6bdda84
data/raw/sensitivity/instrumented/tolerance_tight/pure_p_p4_k3_d1_neumann_stratified_breakpoint_lbfgs_seed0201_20260907T084527+0800/states/accepted_0028.npz,3052,8694dbcba8c38c0f9441ab79eead1bd797cb74769e4b66f3b18d23eebfe8fa81
data/raw/sensitivity/instrumented/tolerance_tight/pure_p_p4_k3_d1_neumann_stratified_breakpoint_lbfgs_seed0201_20260907T084527+0800/states/accepted_0029.npz,3085,25c77074d5422b4b145d53d0a63b515bb639e9a2add41d9dd5f1c6af44901ba7
data/raw/sensitivity/instrumented/tolerance_tight/pure_p_p4_k3_d1_neumann_stratified_breakpoint_lbfgs_seed0201_20260907T084527+0800/states/accepted_0030.npz,3121,d9ff72773abd7203874524eeada1f68bdeba7b9f871885325168a668ac40afbd
data/raw/sensitivity/instrumented/tolerance_tight/pure_p_p4_k3_d1_neumann_stratified_breakpoint_lbfgs_seed0201_20260907T084527+0800/states/accepted_0031.npz,3155,9b94da3fa056ddec58279d2877b0eee876bb58f7697a1fc2d51220a133f72312
data/raw/sensitivity/instrumented/tolerance_tight/pure_p_p4_k3_d1_neumann_stratified_breakpoint_lbfgs_seed0201_20260907T084527+0800/states/accepted_0032.npz,3189,bb9927f136bc7e5e97d9549a609a235ced1fb1e311b70270d618fda6b5296c3a
data/raw/sensitivity/instrumented/tolerance_tight/pure_p_p4_k3_d1_neumann_stratified_breakpoint_lbfgs_seed0201_20260907T084527+0800/summary.json,4887,6b3f9c98ba303c4470b6ccae43545efd79ddf88e29639f2af69920c41b597214
data/raw/sensitivity/instrumented/tolerance_tight/pure_p_p4_k3_d1_neumann_stratified_breakpoint_lbfgs_seed0201_20260907T084527+0800/trusted_model.npz,3189,bb9927f136bc7e5e97d9549a609a235ced1fb1e311b70270d618fda6b5296c3a
data/raw/sensitivity/pool_1024/pure_p_p4_k3_d1_neumann_stratified_breakpoint_lbfgs_seed0201_20260907T084329+0800/candidate_pool.npz,25167,22105212c82fe4c9303823c451207af240b9bf0d240b50d9a9e8351e6396ad82
data/raw/sensitivity/pool_1024/pure_p_p4_k3_d1_neumann_stratified_breakpoint_lbfgs_seed0201_20260907T084329+0800/checkpoint.npz,3726,1495882370199f3b8369fe6a522c24d926458eabe8077c174bfb05695c067986
data/raw/sensitivity/pool_1024/pure_p_p4_k3_d1_neumann_stratified_breakpoint_lbfgs_seed0201_20260907T084329+0800/command.txt,74,776cbbeb8b28266d66f2366dbc57f2d01719ba6f9a46837c15b81ecaddedae79
data/raw/sensitivity/pool_1024/pure_p_p4_k3_d1_neumann_stratified_breakpoint_lbfgs_seed0201_20260907T084329+0800/config.json,1735,ccd8aa5211036b4ba50ac6cb33873e50ab1c76bebce47f42ad5e0f68c50bda59
data/raw/sensitivity/pool_1024/pure_p_p4_k3_d1_neumann_stratified_breakpoint_lbfgs_seed0201_20260907T084329+0800/diagnostic_model.npz,3199,6d38ecedf62c2fa0781e7d9551d3c8ff558add28df18c27cae8a216772ebe6c9
data/raw/sensitivity/pool_1024/pure_p_p4_k3_d1_neumann_stratified_breakpoint_lbfgs_seed0201_20260907T084329+0800/environment.json,371,47a13e806957f9662a3837c70eee2182a450028fd4fbcebff2a87c7794542fc0
data/raw/sensitivity/pool_1024/pure_p_p4_k3_d1_neumann_stratified_breakpoint_lbfgs_seed0201_20260907T084329+0800/history.csv,30337,d5e4aba246c12af369213fff43d1a4c768a00ea391c23989b7b7eefc3f6cb099
data/raw/sensitivity/pool_1024/pure_p_p4_k3_d1_neumann_stratified_breakpoint_lbfgs_seed0201_20260907T084329+0800/log.txt,2752,95383e9f90d16904ffaecf19dd99c3dc678e5dd4ac6ab598bc532b3417eaa25d
data/raw/sensitivity/pool_1024/pure_p_p4_k3_d1_neumann_stratified_breakpoint_lbfgs_seed0201_20260907T084329+0800/model.npz,3199,6d38ecedf62c2fa0781e7d9551d3c8ff558add28df18c27cae8a216772ebe6c9
data/raw/sensitivity/pool_1024/pure_p_p4_k3_d1_neumann_stratified_breakpoint_lbfgs_seed0201_20260907T084329+0800/pool_manifest.json,643,f61b5b1004ca2d1b7c9a11a744859aaa11a41ec79c70f02cf0186bd83168bc01
data/raw/sensitivity/pool_1024/pure_p_p4_k3_d1_neumann_stratified_breakpoint_lbfgs_seed0201_20260907T084329+0800/reference_pool.npz,25183,c246875d17561656d48c109b8bb73036bc67276111cba747c8e7c48d9e293b82
data/raw/sensitivity/pool_1024/pure_p_p4_k3_d1_neumann_stratified_breakpoint_lbfgs_seed0201_20260907T084329+0800/states/accepted_0001.npz,2125,342551336a3dcf39c25f158da976c4dabddcdc3cdac1c74f44e0387c9d19ecfe
data/raw/sensitivity/pool_1024/pure_p_p4_k3_d1_neumann_stratified_breakpoint_lbfgs_seed0201_20260907T084329+0800/states/accepted_0002.npz,2161,5a1dc7ed727c0d1e130f4a6855b302347e4e5fcc50f586a6a162ef04d6929d7a
data/raw/sensitivity/pool_1024/pure_p_p4_k3_d1_neumann_stratified_breakpoint_lbfgs_seed0201_20260907T084329+0800/states/accepted_0003.npz,2197,ee7dfa5e5c185a8ebd6926fc6547576aa3bf905d2d56b511cf282bee78b475b8
data/raw/sensitivity/pool_1024/pure_p_p4_k3_d1_neumann_stratified_breakpoint_lbfgs_seed0201_20260907T084329+0800/states/accepted_0004.npz,2230,c77dd6f1e5325bd584b9de992e5db77366a22da5edfe6cc2f206a4c426f45f5a
data/raw/sensitivity/pool_1024/pure_p_p4_k3_d1_neumann_stratified_breakpoint_lbfgs_seed0201_20260907T084329+0800/states/accepted_0005.npz,2264,e572cd2da615200fbc477a1a60edae6fda3226f547c895064c1ba1db255cb59e
data/raw/sensitivity/pool_1024/pure_p_p4_k3_d1_neumann_stratified_breakpoint_lbfgs_seed0201_20260907T084329+0800/states/accepted_0006.npz,2297,bfc26c3cdf4a3580628151bf23859d4ea82b9b75c989dc30cf0e518ff13f14e3
data/raw/sensitivity/pool_1024/pure_p_p4_k3_d1_neumann_stratified_breakpoint_lbfgs_seed0201_20260907T084329+0800/states/accepted_0007.npz,2333,fcd53b380dcdefa48163dae1c7f1579e9b9a8f16fce44d6fd4fa41893269e8dc
data/raw/sensitivity/pool_1024/pure_p_p4_k3_d1_neumann_stratified_breakpoint_lbfgs_seed0201_20260907T084329+0800/states/accepted_0008.npz,2368,1f8580d3982e55001fab1819da35564ca8a5f666dc4730185d50b1983b973d1b
data/raw/sensitivity/pool_1024/pure_p_p4_k3_d1_neumann_stratified_breakpoint_lbfgs_seed0201_20260907T084329+0800/states/accepted_0009.npz,2404,3fca74f45ae20d16459567fd2254632bb319f166b153b7f9dc4f28a82a489db6
data/raw/sensitivity/pool_1024/pure_p_p4_k3_d1_neumann_stratified_breakpoint_lbfgs_seed0201_20260907T084329+0800/states/accepted_0010.npz,2442,07682072741e9095d7c32786fa72072eeeecd1e745150475c47f48735e66e2ae
data/raw/sensitivity/pool_1024/pure_p_p4_k3_d1_neumann_stratified_breakpoint_lbfgs_seed0201_20260907T084329+0800/states/accepted_0011.npz,2478,cc6e05eb4eaf90eb17477df68fea3faad66b38ce053b6694f33fdc93b8bca88c
data/raw/sensitivity/pool_1024/pure_p_p4_k3_d1_neumann_stratified_breakpoint_lbfgs_seed0201_20260907T084329+0800/states/accepted_0012.npz,2512,c570941b163c1233326e9fcf2f96d015206463c1568fc239aae6396e47280d0e
data/raw/sensitivity/pool_1024/pure_p_p4_k3_d1_neumann_stratified_breakpoint_lbfgs_seed0201_20260907T084329+0800/states/accepted_0013.npz,2548,2ada46fcdf567f81c9d4ceb63253597a8031cec3f542ee95ff725d1c6ecb770e
data/raw/sensitivity/pool_1024/pure_p_p4_k3_d1_neumann_stratified_breakpoint_lbfgs_seed0201_20260907T084329+0800/states/accepted_0014.npz,2581,752cbaaef5722d9fe5ee69bfbf1b1de62d8d1f75557c5d830dfabe281c1ae4bb
data/raw/sensitivity/pool_1024/pure_p_p4_k3_d1_neumann_stratified_breakpoint_lbfgs_seed0201_20260907T084329+0800/states/accepted_0015.npz,2617,42aac5b9f83be32cac603513daed63287326191652e7f0b0f3fffa509e284164
data/raw/sensitivity/pool_1024/pure_p_p4_k3_d1_neumann_stratified_breakpoint_lbfgs_seed0201_20260907T084329+0800/states/accepted_0016.npz,2650,ece95638fbfcfd1ff163b1749d550f2b52ad07acb7cdd75c34729b22c6001224
data/raw/sensitivity/pool_1024/pure_p_p4_k3_d1_neumann_stratified_breakpoint_lbfgs_seed0201_20260907T084329+0800/states/accepted_0017.npz,2685,d6e1805f9ec65ea682eb333b5a4e8ac3df32111493c1edad79daa344659f54cd
data/raw/sensitivity/pool_1024/pure_p_p4_k3_d1_neumann_stratified_breakpoint_lbfgs_seed0201_20260907T084329+0800/states/accepted_0018.npz,2718,67e1dd015f0881128a5fc3df9c6c4af86e7fb7492bc750566f8cc05b8b761966
data/raw/sensitivity/pool_1024/pure_p_p4_k3_d1_neumann_stratified_breakpoint_lbfgs_seed0201_20260907T084329+0800/states/accepted_0019.npz,2753,53796eb18f544acbbd5b8e3603567dc3c589b90e4c93564c670a9c14dd4f3f7c
data/raw/sensitivity/pool_1024/pure_p_p4_k3_d1_neumann_stratified_breakpoint_lbfgs_seed0201_20260907T084329+0800/states/accepted_0020.npz,2787,4a055d5e331abe00e23ebc92b327ff2aab199fa48a4a22e4d6f6ea6784ff7087
data/raw/sensitivity/pool_1024/pure_p_p4_k3_d1_neumann_stratified_breakpoint_lbfgs_seed0201_20260907T084329+0800/states/accepted_0021.npz,2820,e3ce651f7dfe9c7fc9fae9f486b8ab29b50ef6516d32e60bb226da1e29a118fb
data/raw/sensitivity/pool_1024/pure_p_p4_k3_d1_neumann_stratified_breakpoint_lbfgs_seed0201_20260907T084329+0800/states/accepted_0022.npz,2857,278b76fe798a4756532a1890ffa7ec72f3b0ffa01b94bf11c065801eaab55a68
data/raw/sensitivity/pool_1024/pure_p_p4_k3_d1_neumann_stratified_breakpoint_lbfgs_seed0201_20260907T084329+0800/states/accepted_0023.npz,2891,1ea3d775e2e4a6c16fbe21a8ed1633bd33f8fb626bcebca0d206a78a11d07c1e
data/raw/sensitivity/pool_1024/pure_p_p4_k3_d1_neumann_stratified_breakpoint_lbfgs_seed0201_20260907T084329+0800/states/accepted_0024.npz,2926,ae22ca60674c4e32efbf1b36f5719844cf7c793bad66e1afcac3028c431dba26
data/raw/sensitivity/pool_1024/pure_p_p4_k3_d1_neumann_stratified_breakpoint_lbfgs_seed0201_20260907T084329+0800/states/accepted_0025.npz,2960,54226d77d4c6a0a0fa72f81bc5c2d97a87b51d365ca3d85ef5012e6d3a0e67bc
data/raw/sensitivity/pool_1024/pure_p_p4_k3_d1_neumann_stratified_breakpoint_lbfgs_seed0201_20260907T084329+0800/states/accepted_0026.npz,2993,c7597b1fa6a74d4661074de4086c42f5a8def02ce53cfb4596415892299421ff
data/raw/sensitivity/pool_1024/pure_p_p4_k3_d1_neumann_stratified_breakpoint_lbfgs_seed0201_20260907T084329+0800/states/accepted_0027.npz,3028,7f2d954ac9de6318218926e2ad52feb153449e380fe803bb4f4425c259bd1e5f
data/raw/sensitivity/pool_1024/pure_p_p4_k3_d1_neumann_stratified_breakpoint_lbfgs_seed0201_20260907T084329+0800/states/accepted_0028.npz,3063,b3f1c83438cf7000faefbbeb9f5fbf19b752cb7e58d80070b8e003468d31db8d
data/raw/sensitivity/pool_1024/pure_p_p4_k3_d1_neumann_stratified_breakpoint_lbfgs_seed0201_20260907T084329+0800/states/accepted_0029.npz,3097,88d11d88cdc87cd61f9a58f49e81bb11d384841bdfea51488162727b7edfd9bf
data/raw/sensitivity/pool_1024/pure_p_p4_k3_d1_neumann_stratified_breakpoint_lbfgs_seed0201_20260907T084329+0800/states/accepted_0030.npz,3130,246119eadb0093f237d4272601cf112a57c00b548549f54e89ae6930c78dc519
data/raw/sensitivity/pool_1024/pure_p_p4_k3_d1_neumann_stratified_breakpoint_lbfgs_seed0201_20260907T084329+0800/states/accepted_0031.npz,3164,7c2b7b70866351088b61fd2e24fe7a6d375953d6161fadefd5b97346f8225daf
data/raw/sensitivity/pool_1024/pure_p_p4_k3_d1_neumann_stratified_breakpoint_lbfgs_seed0201_20260907T084329+0800/states/accepted_0032.npz,3199,6d38ecedf62c2fa0781e7d9551d3c8ff558add28df18c27cae8a216772ebe6c9
data/raw/sensitivity/pool_1024/pure_p_p4_k3_d1_neumann_stratified_breakpoint_lbfgs_seed0201_20260907T084329+0800/summary.json,4910,d6aa5e2ab5fa03fe1d04ccf24d7f3b166b2a7129f56ae2ad4fb6294359966002
data/raw/sensitivity/pool_1024/pure_p_p4_k3_d1_neumann_stratified_breakpoint_lbfgs_seed0201_20260907T084329+0800/trusted_model.npz,3199,6d38ecedf62c2fa0781e7d9551d3c8ff558add28df18c27cae8a216772ebe6c9
data/raw/sensitivity/pool_256/pure_p_p4_k3_d1_neumann_stratified_breakpoint_lbfgs_seed0201_20260907T084328+0800/candidate_pool.npz,8170,14e251041c3f9d48eb4a568000ca8cbe7b46c45f30bc8796ce86995e2be7077e
data/raw/sensitivity/pool_256/pure_p_p4_k3_d1_neumann_stratified_breakpoint_lbfgs_seed0201_20260907T084328+0800/checkpoint.npz,3698,ed537ecd013ccb6904d9f3182859c4d2f6d29e77f764375e5b538e74693a7d13
data/raw/sensitivity/pool_256/pure_p_p4_k3_d1_neumann_stratified_breakpoint_lbfgs_seed0201_20260907T084328+0800/command.txt,73,43efb065d908beecabf13f10047de3b3e85aeb63c55d8f121e2581699076c46f
data/raw/sensitivity/pool_256/pure_p_p4_k3_d1_neumann_stratified_breakpoint_lbfgs_seed0201_20260907T084328+0800/config.json,1733,fcaa486da87bc5dcdc1db1dd46a73ca069dc982332b9e89994f6c26912aa9abc
data/raw/sensitivity/pool_256/pure_p_p4_k3_d1_neumann_stratified_breakpoint_lbfgs_seed0201_20260907T084328+0800/diagnostic_model.npz,3195,f2e865c91f50164d70db686dce158e64749c707a66168bdd64e3e0031f67c124
data/raw/sensitivity/pool_256/pure_p_p4_k3_d1_neumann_stratified_breakpoint_lbfgs_seed0201_20260907T084328+0800/environment.json,371,109e9f64cad4a4b7f5607365c65488bf9ed8d23245f1ff0b0b742e0bf66f51fe
data/raw/sensitivity/pool_256/pure_p_p4_k3_d1_neumann_stratified_breakpoint_lbfgs_seed0201_20260907T084328+0800/history.csv,30145,40551c8a1adbe7368bf6f492886a8e221c48aaec7f1c728d214e867eb1807ba6
data/raw/sensitivity/pool_256/pure_p_p4_k3_d1_neumann_stratified_breakpoint_lbfgs_seed0201_20260907T084328+0800/log.txt,2758,ce3332b28fae16f0c89f9b36b8553a2ff8774bd57dc6d0557dc1c38d76f5312a
data/raw/sensitivity/pool_256/pure_p_p4_k3_d1_neumann_stratified_breakpoint_lbfgs_seed0201_20260907T084328+0800/model.npz,3195,f2e865c91f50164d70db686dce158e64749c707a66168bdd64e3e0031f67c124
data/raw/sensitivity/pool_256/pure_p_p4_k3_d1_neumann_stratified_breakpoint_lbfgs_seed0201_20260907T084328+0800/pool_manifest.json,641,2d8aef7122753d83b74f25e4edaca7a739e8eaac663723476ddc374dc2080c7b
data/raw/sensitivity/pool_256/pure_p_p4_k3_d1_neumann_stratified_breakpoint_lbfgs_seed0201_20260907T084328+0800/reference_pool.npz,25180,cdea45e3c07c3c43f5e0aebecf328fb75a3ba9191d158b29ed032614dcf01483
data/raw/sensitivity/pool_256/pure_p_p4_k3_d1_neumann_stratified_breakpoint_lbfgs_seed0201_20260907T084328+0800/states/accepted_0001.npz,2126,fc693521be5223e933531022361893bd37b645e1444ab1fbbbfa839e6d00edd9
data/raw/sensitivity/pool_256/pure_p_p4_k3_d1_neumann_stratified_breakpoint_lbfgs_seed0201_20260907T084328+0800/states/accepted_0002.npz,2161,a68ca9588b9e17bd6295de0b5949a67020c448a2a50daf6eb51138bb552ad727
data/raw/sensitivity/pool_256/pure_p_p4_k3_d1_neumann_stratified_breakpoint_lbfgs_seed0201_20260907T084328+0800/states/accepted_0003.npz,2196,07bf666e22501539ae9e229996b5522bd3ec3df8db7f48646cc15760764e323f
data/raw/sensitivity/pool_256/pure_p_p4_k3_d1_neumann_stratified_breakpoint_lbfgs_seed0201_20260907T084328+0800/states/accepted_0004.npz,2230,b5dbd9c37a1d4916538adc78a1701a787ff3cdf242ef65784c8ea6535f6f8e8c
data/raw/sensitivity/pool_256/pure_p_p4_k3_d1_neumann_stratified_breakpoint_lbfgs_seed0201_20260907T084328+0800/states/accepted_0005.npz,2265,e89fbfb039b10492192e51d2a9c1bc9fdf609c2d5d3e1f9d98020113f4674444
data/raw/sensitivity/pool_256/pure_p_p4_k3_d1_neumann_stratified_breakpoint_lbfgs_seed0201_20260907T084328+0800/states/accepted_0006.npz,2299,eda0af341785a0bab349b768b88445c0060b1c56cd3161845f871168e02ab319
data/raw/sensitivity/pool_256/pure_p_p4_k3_d1_neumann_stratified_breakpoint_lbfgs_seed0201_20260907T084328+0800/states/accepted_0007.npz,2333,32ad0406cf902786799dffc00323e7889d756363bce4666799861a7c66d6f6a6
data/raw/sensitivity/pool_256/pure_p_p4_k3_d1_neumann_stratified_breakpoint_lbfgs_seed0201_20260907T084328+0800/states/accepted_0008.npz,2369,13ebb8cf8e227de4c6a59e75ad07db9202218e52edeb0dfd2cf200c10668fef2
data/raw/sensitivity/pool_256/pure_p_p4_k3_d1_neumann_stratified_breakpoint_lbfgs_seed0201_20260907T084328+0800/states/accepted_0009.npz,2404,b3ceb83341ef20671ed338a6f2afe51390344658771d58a12836f1717b471777
data/raw/sensitivity/pool_256/pure_p_p4_k3_d1_neumann_stratified_breakpoint_lbfgs_seed0201_20260907T084328+0800/states/accepted_0010.npz,2441,6fd6296c9d046c70d8a37b8ede46beb62786a529f1dfaabf2b978282acde1d58
data/raw/sensitivity/pool_256/pure_p_p4_k3_d1_neumann_stratified_breakpoint_lbfgs_seed0201_20260907T084328+0800/states/accepted_0011.npz,2476,af5377939e633b574e30414065cc5cf1b0dfc8ba8b0152f762a471ce59ddd3fe
data/raw/sensitivity/pool_256/pure_p_p4_k3_d1_neumann_stratified_breakpoint_lbfgs_seed0201_20260907T084328+0800/states/accepted_0012.npz,2512,abc78c21252224b388e286985a53acc863a6c347908490018fbdb6a3af49315e
data/raw/sensitivity/pool_256/pure_p_p4_k3_d1_neumann_stratified_breakpoint_lbfgs_seed0201_20260907T084328+0800/states/accepted_0013.npz,2547,0bc91d5fd1188803452ed72f302ec829e02acc19a6f3bdb1817e284288e229bb
data/raw/sensitivity/pool_256/pure_p_p4_k3_d1_neumann_stratified_breakpoint_lbfgs_seed0201_20260907T084328+0800/states/accepted_0014.npz,2579,d6cc57b7b3a521084619c98ba452d2a54d8ab64eafdb724890d16d1d3e0c4f92
data/raw/sensitivity/pool_256/pure_p_p4_k3_d1_neumann_stratified_breakpoint_lbfgs_seed0201_20260907T084328+0800/states/accepted_0015.npz,2614,f23e97dfb1bc035d183a55326e9bc803b6d6ffc506088b64d1783f60b4fe0151
data/raw/sensitivity/pool_256/pure_p_p4_k3_d1_neumann_stratified_breakpoint_lbfgs_seed0201_20260907T084328+0800/states/accepted_0016.npz,2648,ed4a39dd4e903fa78b1d687449507ad2cad51b3304564cd8ce5eefa126996325
data/raw/sensitivity/pool_256/pure_p_p4_k3_d1_neumann_stratified_breakpoint_lbfgs_seed0201_20260907T084328+0800/states/accepted_0017.npz,2685,58b6f508c2d7ec957b99fe71b88db58599810ffb75b03f5c9684b5985b06931c
data/raw/sensitivity/pool_256/pure_p_p4_k3_d1_neumann_stratified_breakpoint_lbfgs_seed0201_20260907T084328+0800/states/accepted_0018.npz,2718,621a6aa1d3ff1d692d0f70502433660bb7ddf45e506a294c047eb8fe3f7d07e7
data/raw/sensitivity/pool_256/pure_p_p4_k3_d1_neumann_stratified_breakpoint_lbfgs_seed0201_20260907T084328+0800/states/accepted_0019.npz,2751,e0710a75ccb48cce77fd805d820e246e56807832654f8874558697c0e8d69dfd
data/raw/sensitivity/pool_256/pure_p_p4_k3_d1_neumann_stratified_breakpoint_lbfgs_seed0201_20260907T084328+0800/states/accepted_0020.npz,2784,f20d4ae9fb08eff2a82981f1a5ddc87e94a8c0dbdf0b4336f09c785fe8cc942a
data/raw/sensitivity/pool_256/pure_p_p4_k3_d1_neumann_stratified_breakpoint_lbfgs_seed0201_20260907T084328+0800/states/accepted_0021.npz,2818,590ecc132ced7d6636207d6691710c937aada0e65d3ce2410fa90243a4fb2e1d
data/raw/sensitivity/pool_256/pure_p_p4_k3_d1_neumann_stratified_breakpoint_lbfgs_seed0201_20260907T084328+0800/states/accepted_0022.npz,2853,87541bb059195774ac14fe38e470838e8a8c5ab524d71f3d44eff950a695ec4a
data/raw/sensitivity/pool_256/pure_p_p4_k3_d1_neumann_stratified_breakpoint_lbfgs_seed0201_20260907T084328+0800/states/accepted_0023.npz,2888,5d928102248515a87b7825c75cf84f27274492fc9daacc9533b6002c03be4613
data/raw/sensitivity/pool_256/pure_p_p4_k3_d1_neumann_stratified_breakpoint_lbfgs_seed0201_20260907T084328+0800/states/accepted_0024.npz,2922,7a12323f8d3d56adb7d97f40f6e4e5e96cc23e0eb08068f116798e47509bd9c7
data/raw/sensitivity/pool_256/pure_p_p4_k3_d1_neumann_stratified_breakpoint_lbfgs_seed0201_20260907T084328+0800/states/accepted_0025.npz,2955,bc3d3ac4a2114a56350e1c472b7b2d7309ffaf104b97543c18168ac45a82f8a4
data/raw/sensitivity/pool_256/pure_p_p4_k3_d1_neumann_stratified_breakpoint_lbfgs_seed0201_20260907T084328+0800/states/accepted_0026.npz,2987,881c141fafa96a9078589b547bb0a2930361ec481cda33c89cdb854d774fb034
data/raw/sensitivity/pool_256/pure_p_p4_k3_d1_neumann_stratified_breakpoint_lbfgs_seed0201_20260907T084328+0800/states/accepted_0027.npz,3024,5cc7522917c63a49417fc184c3b8fddff8cc9fb0ba957d443a0afbb72def1b1d
data/raw/sensitivity/pool_256/pure_p_p4_k3_d1_neumann_stratified_breakpoint_lbfgs_seed0201_20260907T084328+0800/states/accepted_0028.npz,3057,93c1c154077e3c8cc5366e44460486c2137c13b0bc0ffcb9165e5e0690080187
data/raw/sensitivity/pool_256/pure_p_p4_k3_d1_neumann_stratified_breakpoint_lbfgs_seed0201_20260907T084328+0800/states/accepted_0029.npz,3091,33e2352b2c6e6b9b33ebc5ba3eaf03137ea66a4da333522d13923db60e1cb9a6
data/raw/sensitivity/pool_256/pure_p_p4_k3_d1_neumann_stratified_breakpoint_lbfgs_seed0201_20260907T084328+0800/states/accepted_0030.npz,3126,b421199d333d360993784a27bd37dc662ae10c2cbfe3b9a62f5d8b446a829233
data/raw/sensitivity/pool_256/pure_p_p4_k3_d1_neumann_stratified_breakpoint_lbfgs_seed0201_20260907T084328+0800/states/accepted_0031.npz,3163,21c832ac274ae3e228b6393e7405f85834538f86cb3c7b20f9631d1e6d2dffd5
data/raw/sensitivity/pool_256/pure_p_p4_k3_d1_neumann_stratified_breakpoint_lbfgs_seed0201_20260907T084328+0800/states/accepted_0032.npz,3195,f2e865c91f50164d70db686dce158e64749c707a66168bdd64e3e0031f67c124
data/raw/sensitivity/pool_256/pure_p_p4_k3_d1_neumann_stratified_breakpoint_lbfgs_seed0201_20260907T084328+0800/summary.json,4886,2c2bd05bc219eef5edc83d572173cff9db33add08aba47dd9b1e82ba612a21f7
data/raw/sensitivity/pool_256/pure_p_p4_k3_d1_neumann_stratified_breakpoint_lbfgs_seed0201_20260907T084328+0800/trusted_model.npz,3195,f2e865c91f50164d70db686dce158e64749c707a66168bdd64e3e0031f67c124
data/raw/sensitivity/quadrature_10/pure_p_p4_k3_d1_neumann_stratified_breakpoint_lbfgs_seed0201_20260907T084335+0800/candidate_pool.npz,13836,7e098828baa9c78e629c43e4a59657b829af7a190bf6bc012a5cadb8658e450b
data/raw/sensitivity/quadrature_10/pure_p_p4_k3_d1_neumann_stratified_breakpoint_lbfgs_seed0201_20260907T084335+0800/checkpoint.npz,3710,58b471d19180233103ea99e374db8e09803a9fa71d6f1aa205a50d3e9fd890a9
data/raw/sensitivity/quadrature_10/pure_p_p4_k3_d1_neumann_stratified_breakpoint_lbfgs_seed0201_20260907T084335+0800/command.txt,72,d393a02131d6d1caebb47fc414e794cb44f6e8d7e2a51bbf80c472eed9d11df8
data/raw/sensitivity/quadrature_10/pure_p_p4_k3_d1_neumann_stratified_breakpoint_lbfgs_seed0201_20260907T084335+0800/config.json,1733,0666d379d19bd7e6b7b569692cbac39dc9632c1852b37e36aea8adbce07a53b4
data/raw/sensitivity/quadrature_10/pure_p_p4_k3_d1_neumann_stratified_breakpoint_lbfgs_seed0201_20260907T084335+0800/diagnostic_model.npz,3190,bed50b8afb9505c408cc3b0ed400a4e0617d4369058c96f3580ec69c9ee02c52
data/raw/sensitivity/quadrature_10/pure_p_p4_k3_d1_neumann_stratified_breakpoint_lbfgs_seed0201_20260907T084335+0800/environment.json,371,229381cb1ede2dd6d3620e3689812553e40bd77d4e9517322bf2c4f37a76ba14
data/raw/sensitivity/quadrature_10/pure_p_p4_k3_d1_neumann_stratified_breakpoint_lbfgs_seed0201_20260907T084335+0800/history.csv,30651,8013fbe73399b6bbc26feaa53d9912278b90510557d4f091a3172f24ef538fff
data/raw/sensitivity/quadrature_10/pure_p_p4_k3_d1_neumann_stratified_breakpoint_lbfgs_seed0201_20260907T084335+0800/log.txt,2753,d46d7119e376e7d72cf00533a92382cde6633a8de3f52f4f5e1bcf264512d3ae
data/raw/sensitivity/quadrature_10/pure_p_p4_k3_d1_neumann_stratified_breakpoint_lbfgs_seed0201_20260907T084335+0800/model.npz,3190,bed50b8afb9505c408cc3b0ed400a4e0617d4369058c96f3580ec69c9ee02c52
data/raw/sensitivity/quadrature_10/pure_p_p4_k3_d1_neumann_stratified_breakpoint_lbfgs_seed0201_20260907T084335+0800/pool_manifest.json,643,f97aeb21b2b4575f03a749a2f0c81a0705f5a37b28be19f1198df543a4bb7ceb
data/raw/sensitivity/quadrature_10/pure_p_p4_k3_d1_neumann_stratified_breakpoint_lbfgs_seed0201_20260907T084335+0800/reference_pool.npz,25184,f4247506099b56f7fc84fcb16eee43e78eaf6e2a8359a938e05de042e23d143f
data/raw/sensitivity/quadrature_10/pure_p_p4_k3_d1_neumann_stratified_breakpoint_lbfgs_seed0201_20260907T084335+0800/states/accepted_0001.npz,2124,a734a9fbf5e67d457a14cdbf71d0cc0ae0af41409e3158e28fd19cb2891745c7
data/raw/sensitivity/quadrature_10/pure_p_p4_k3_d1_neumann_stratified_breakpoint_lbfgs_seed0201_20260907T084335+0800/states/accepted_0002.npz,2162,ffb0a17a32910c517b502447f5843ff870435fe5a54f4348f6aaefdfba860fc6
data/raw/sensitivity/quadrature_10/pure_p_p4_k3_d1_neumann_stratified_breakpoint_lbfgs_seed0201_20260907T084335+0800/states/accepted_0003.npz,2197,f6c926ea5b911feb20d5f1fe6d9bc9de9925ee48c349cdee01dbb370f061d2f2
data/raw/sensitivity/quadrature_10/pure_p_p4_k3_d1_neumann_stratified_breakpoint_lbfgs_seed0201_20260907T084335+0800/states/accepted_0004.npz,2231,4d068fad78d760d131fcba6888a54c5d6ffda45e203a5f378530dc74e1b50589
data/raw/sensitivity/quadrature_10/pure_p_p4_k3_d1_neumann_stratified_breakpoint_lbfgs_seed0201_20260907T084335+0800/states/accepted_0005.npz,2265,d0008899f3394b2c88d8eaa2e005140326a28a25f296974970a01005a711e86d
data/raw/sensitivity/quadrature_10/pure_p_p4_k3_d1_neumann_stratified_breakpoint_lbfgs_seed0201_20260907T084335+0800/states/accepted_0006.npz,2299,c67526a94bf1ce3656f8726c6aa99b670d4dabb285dc987240c32598b4441927
data/raw/sensitivity/quadrature_10/pure_p_p4_k3_d1_neumann_stratified_breakpoint_lbfgs_seed0201_20260907T084335+0800/states/accepted_0007.npz,2333,14ee7a4f20185ee09f7d36ff16af8cc8c0e7b18de8bce1c5d26f64a4e9e94571
data/raw/sensitivity/quadrature_10/pure_p_p4_k3_d1_neumann_stratified_breakpoint_lbfgs_seed0201_20260907T084335+0800/states/accepted_0008.npz,2368,800ed9ae90f553e0c8250613f3f340193109b842ca788574fb1ccd113eb0b0bf
data/raw/sensitivity/quadrature_10/pure_p_p4_k3_d1_neumann_stratified_breakpoint_lbfgs_seed0201_20260907T084335+0800/states/accepted_0009.npz,2403,95339b50a8a1f42e4f8bd360d22ecdcaad45ede940b9d7ba86d26c0e0ef458c9
data/raw/sensitivity/quadrature_10/pure_p_p4_k3_d1_neumann_stratified_breakpoint_lbfgs_seed0201_20260907T084335+0800/states/accepted_0010.npz,2440,f00010b81484b67c059c5c2affc9dfd997f700c654f15948093bc664b58c9de2
data/raw/sensitivity/quadrature_10/pure_p_p4_k3_d1_neumann_stratified_breakpoint_lbfgs_seed0201_20260907T084335+0800/states/accepted_0011.npz,2476,e81cfd37603bbc547aa2f07392c10c2db84b8c50f2588211b591c6f0abe2ce5f
data/raw/sensitivity/quadrature_10/pure_p_p4_k3_d1_neumann_stratified_breakpoint_lbfgs_seed0201_20260907T084335+0800/states/accepted_0012.npz,2511,5e05d979f8185e643be5cc9eb2d45d709ed8b391229936ded280484615b188e9
data/raw/sensitivity/quadrature_10/pure_p_p4_k3_d1_neumann_stratified_breakpoint_lbfgs_seed0201_20260907T084335+0800/states/accepted_0013.npz,2544,3a21065762917c12d9db91ead642e071b63238babc5de75f4db98768ded637b8
data/raw/sensitivity/quadrature_10/pure_p_p4_k3_d1_neumann_stratified_breakpoint_lbfgs_seed0201_20260907T084335+0800/states/accepted_0014.npz,2577,c7c8c704c18f7f10fa2a1cf0ec1149e5d8112a67bd2506f31b06f2ef853f1b1b
data/raw/sensitivity/quadrature_10/pure_p_p4_k3_d1_neumann_stratified_breakpoint_lbfgs_seed0201_20260907T084335+0800/states/accepted_0015.npz,2613,d1c26c773f6032d3d92305c7dc0fbe8c983d0d69f6c6d1e4e68eadbe12ae12cd
data/raw/sensitivity/quadrature_10/pure_p_p4_k3_d1_neumann_stratified_breakpoint_lbfgs_seed0201_20260907T084335+0800/states/accepted_0016.npz,2647,80a350ef43adc29ef914db2f1261e8502450de91c9ef3894bd97471fdc231922
data/raw/sensitivity/quadrature_10/pure_p_p4_k3_d1_neumann_stratified_breakpoint_lbfgs_seed0201_20260907T084335+0800/states/accepted_0017.npz,2683,11239588c2291bf56d6ef036fe176b06cc55cb2c1031a4d3bddde887939f070f
data/raw/sensitivity/quadrature_10/pure_p_p4_k3_d1_neumann_stratified_breakpoint_lbfgs_seed0201_20260907T084335+0800/states/accepted_0018.npz,2718,f9acd485485c93778d36c9b45bb427cc072ba08da070f9a8aecdc12433541a65
data/raw/sensitivity/quadrature_10/pure_p_p4_k3_d1_neumann_stratified_breakpoint_lbfgs_seed0201_20260907T084335+0800/states/accepted_0019.npz,2749,507568f01421929113d60013ee04484ecaa90b96789bee8f524c01efdb8dae6c
data/raw/sensitivity/quadrature_10/pure_p_p4_k3_d1_neumann_stratified_breakpoint_lbfgs_seed0201_20260907T084335+0800/states/accepted_0020.npz,2785,a9bfda2351bc02d3534791f2eab5e4c53cb86d5e2901acb54c33a7b4d16f60bb
data/raw/sensitivity/quadrature_10/pure_p_p4_k3_d1_neumann_stratified_breakpoint_lbfgs_seed0201_20260907T084335+0800/states/accepted_0021.npz,2818,5b47505d294619640695d930c675d0308f55c436d3dfa6765f9af6f03a190e9c
data/raw/sensitivity/quadrature_10/pure_p_p4_k3_d1_neumann_stratified_breakpoint_lbfgs_seed0201_20260907T084335+0800/states/accepted_0022.npz,2852,d0f83647b4a9be0256243e0cf885b00cb8581f2f611c2b94f3c6f2cdb7a2110a
data/raw/sensitivity/quadrature_10/pure_p_p4_k3_d1_neumann_stratified_breakpoint_lbfgs_seed0201_20260907T084335+0800/states/accepted_0023.npz,2883,da6d6c2116fd622917bd1fc442f94e694ef7f242c23ec7008997cfe0da859543
data/raw/sensitivity/quadrature_10/pure_p_p4_k3_d1_neumann_stratified_breakpoint_lbfgs_seed0201_20260907T084335+0800/states/accepted_0024.npz,2917,173a2983c21ef6d16ad1693546a316cd30208e803a4a6f4eb1ba26ea94f21f1b
data/raw/sensitivity/quadrature_10/pure_p_p4_k3_d1_neumann_stratified_breakpoint_lbfgs_seed0201_20260907T084335+0800/states/accepted_0025.npz,2951,82c4e73702d02fca0353de9267cf649da776831bd879a1c61edae18d0cf7cc8e
data/raw/sensitivity/quadrature_10/pure_p_p4_k3_d1_neumann_stratified_breakpoint_lbfgs_seed0201_20260907T084335+0800/states/accepted_0026.npz,2984,92cc760f7c4605c1e7a309403706df4378b96326fc167860f718ce97f8063c64
data/raw/sensitivity/quadrature_10/pure_p_p4_k3_d1_neumann_stratified_breakpoint_lbfgs_seed0201_20260907T084335+0800/states/accepted_0027.npz,3018,79c53a74d771743da84f726db89b5b2fcc3c955fcb915b5cb162d175927a09be
data/raw/sensitivity/quadrature_10/pure_p_p4_k3_d1_neumann_stratified_breakpoint_lbfgs_seed0201_20260907T084335+0800/states/accepted_0028.npz,3052,1affe250247d3726b0dd0d1dfa4c68db48e9f0caea2532a8fcff619e807896b7
data/raw/sensitivity/quadrature_10/pure_p_p4_k3_d1_neumann_stratified_breakpoint_lbfgs_seed0201_20260907T084335+0800/states/accepted_0029.npz,3086,d1a868af9518c4533cfccf02be7396d94966390682875dd0c074c7fa8c5a6d07
data/raw/sensitivity/quadrature_10/pure_p_p4_k3_d1_neumann_stratified_breakpoint_lbfgs_seed0201_20260907T084335+0800/states/accepted_0030.npz,3120,09cce1c04706add3b99649b72bf66cd90034644d7ebfd522abf775544f758430
data/raw/sensitivity/quadrature_10/pure_p_p4_k3_d1_neumann_stratified_breakpoint_lbfgs_seed0201_20260907T084335+0800/states/accepted_0031.npz,3156,beb687fd5f8ff5fe2d827b6d7743fd048a3e96bf17871aac2d30f0f9192e189c
data/raw/sensitivity/quadrature_10/pure_p_p4_k3_d1_neumann_stratified_breakpoint_lbfgs_seed0201_20260907T084335+0800/states/accepted_0032.npz,3190,bed50b8afb9505c408cc3b0ed400a4e0617d4369058c96f3580ec69c9ee02c52
data/raw/sensitivity/quadrature_10/pure_p_p4_k3_d1_neumann_stratified_breakpoint_lbfgs_seed0201_20260907T084335+0800/summary.json,4901,877aeb52b07533b8fdfaecb89703bc1109a9c7cc390a624fd10ec428348b0683
data/raw/sensitivity/quadrature_10/pure_p_p4_k3_d1_neumann_stratified_breakpoint_lbfgs_seed0201_20260907T084335+0800/trusted_model.npz,3190,bed50b8afb9505c408cc3b0ed400a4e0617d4369058c96f3580ec69c9ee02c52
data/raw/sensitivity/quadrature_4/pure_p_p4_k3_d1_neumann_stratified_breakpoint_lbfgs_seed0201_20260907T084333+0800/candidate_pool.npz,13833,3f3b12a53e7f005a3a289964fc0552c5a8b267d05296f74a59f9841b163f562f
data/raw/sensitivity/quadrature_4/pure_p_p4_k3_d1_neumann_stratified_breakpoint_lbfgs_seed0201_20260907T084333+0800/checkpoint.npz,3707,9c155bf1342e692ef4e8c8c9db0027e4ff105aff1077e66424ced3e8571ca283
data/raw/sensitivity/quadrature_4/pure_p_p4_k3_d1_neumann_stratified_breakpoint_lbfgs_seed0201_20260907T084333+0800/command.txt,71,010d355d95737ecc9c033020e72b5b9bebda38f0f0c2607da568e28502400fa6
data/raw/sensitivity/quadrature_4/pure_p_p4_k3_d1_neumann_stratified_breakpoint_lbfgs_seed0201_20260907T084333+0800/config.json,1731,1ac6225cde18ef0de43410d432263cd136628304c5bd64c5bf72ffcea8fcfd71
data/raw/sensitivity/quadrature_4/pure_p_p4_k3_d1_neumann_stratified_breakpoint_lbfgs_seed0201_20260907T084333+0800/diagnostic_model.npz,3186,d8406bf8be245bb7820876542ef5c728c7f1416b0db1be763985660f11620a79
data/raw/sensitivity/quadrature_4/pure_p_p4_k3_d1_neumann_stratified_breakpoint_lbfgs_seed0201_20260907T084333+0800/environment.json,371,d4803b7be29d605acd0d083607faca6d4e607c5c82b67bccaa027f199585485e
data/raw/sensitivity/quadrature_4/pure_p_p4_k3_d1_neumann_stratified_breakpoint_lbfgs_seed0201_20260907T084333+0800/history.csv,30676,cbe84c1f6b209e20d326918d99ce18cab6c231a36b835377127b7888f865b128
data/raw/sensitivity/quadrature_4/pure_p_p4_k3_d1_neumann_stratified_breakpoint_lbfgs_seed0201_20260907T084333+0800/log.txt,2753,f18e62136424b4f940f6bd5d27f64bf9c5d716b99def87d786e6c6e010cf2264
data/raw/sensitivity/quadrature_4/pure_p_p4_k3_d1_neumann_stratified_breakpoint_lbfgs_seed0201_20260907T084333+0800/model.npz,3186,d8406bf8be245bb7820876542ef5c728c7f1416b0db1be763985660f11620a79
data/raw/sensitivity/quadrature_4/pure_p_p4_k3_d1_neumann_stratified_breakpoint_lbfgs_seed0201_20260907T084333+0800/pool_manifest.json,641,abe5db9ab3626cd47dcca6eb3de3c8757fcb6aef60565406316493263295c33c
data/raw/sensitivity/quadrature_4/pure_p_p4_k3_d1_neumann_stratified_breakpoint_lbfgs_seed0201_20260907T084333+0800/reference_pool.npz,25176,ad5a61a5697d418a1be8ada501b41ebb276e1d72de6cadead30b4d61c75729a0
data/raw/sensitivity/quadrature_4/pure_p_p4_k3_d1_neumann_stratified_breakpoint_lbfgs_seed0201_20260907T084333+0800/states/accepted_0001.npz,2124,b60dde3803e09733d3acb5fbc25d3ca715ca8df1c731f340e8e3bf2f7bb4e44f
data/raw/sensitivity/quadrature_4/pure_p_p4_k3_d1_neumann_stratified_breakpoint_lbfgs_seed0201_20260907T084333+0800/states/accepted_0002.npz,2162,fde2bb84d0f094ab4bc039e62379c533b68dfb713e96b089aaa07575145aecc6
data/raw/sensitivity/quadrature_4/pure_p_p4_k3_d1_neumann_stratified_breakpoint_lbfgs_seed0201_20260907T084333+0800/states/accepted_0003.npz,2197,268a1f21e3345d5138d9637b9b5d18dadb3fc8f972ab1754a864b80c2b880f6b
data/raw/sensitivity/quadrature_4/pure_p_p4_k3_d1_neumann_stratified_breakpoint_lbfgs_seed0201_20260907T084333+0800/states/accepted_0004.npz,2231,e225677c2ffe9ff2681009fddcbc4a28aecf9e3583e9b639492126cd6c8e5f96
data/raw/sensitivity/quadrature_4/pure_p_p4_k3_d1_neumann_stratified_breakpoint_lbfgs_seed0201_20260907T084333+0800/states/accepted_0005.npz,2265,5c962a92669af8eedadcd58336a8d3f8419aa33135cb526cbedc948f6a8dcf3a
data/raw/sensitivity/quadrature_4/pure_p_p4_k3_d1_neumann_stratified_breakpoint_lbfgs_seed0201_20260907T084333+0800/states/accepted_0006.npz,2299,47cba78ad2f99880f2c2c96af588918300a72b17331a691e4d22aed6227143c8
data/raw/sensitivity/quadrature_4/pure_p_p4_k3_d1_neumann_stratified_breakpoint_lbfgs_seed0201_20260907T084333+0800/states/accepted_0007.npz,2333,5447bb23c29ab33b13361f2408bbf407415a12d1b6b3768efcab06c7f6d47848
data/raw/sensitivity/quadrature_4/pure_p_p4_k3_d1_neumann_stratified_breakpoint_lbfgs_seed0201_20260907T084333+0800/states/accepted_0008.npz,2368,43ffc979f841fc52fdebd0319f681fcaeefba4f974c6d04b6e203dac7797a32c
data/raw/sensitivity/quadrature_4/pure_p_p4_k3_d1_neumann_stratified_breakpoint_lbfgs_seed0201_20260907T084333+0800/states/accepted_0009.npz,2403,0254554b06c71f1c36a498ce19ae534c23f86d611280cd5d21ed2aa495fd391c
data/raw/sensitivity/quadrature_4/pure_p_p4_k3_d1_neumann_stratified_breakpoint_lbfgs_seed0201_20260907T084333+0800/states/accepted_0010.npz,2440,e1e1efd02dbe6213f3cffdb20141aaf838b699a2f6777104b444c1f3a51b5679
data/raw/sensitivity/quadrature_4/pure_p_p4_k3_d1_neumann_stratified_breakpoint_lbfgs_seed0201_20260907T084333+0800/states/accepted_0011.npz,2477,80486268744424793b79ba4903058ccf6460a148fd2fe486d1268af71c2442ed
data/raw/sensitivity/quadrature_4/pure_p_p4_k3_d1_neumann_stratified_breakpoint_lbfgs_seed0201_20260907T084333+0800/states/accepted_0012.npz,2511,b67aa5c78a168ed034b5daaa0c2947aa852c792da7944b079277a514d442bec0
data/raw/sensitivity/quadrature_4/pure_p_p4_k3_d1_neumann_stratified_breakpoint_lbfgs_seed0201_20260907T084333+0800/states/accepted_0013.npz,2544,0b428f5cab999fa313746376db770a58f809299f318f43d16ed71a6ea00bb0f8
data/raw/sensitivity/quadrature_4/pure_p_p4_k3_d1_neumann_stratified_breakpoint_lbfgs_seed0201_20260907T084333+0800/states/accepted_0014.npz,2578,cd84a33ce8a48ff18c80cafac7da8bc33dd1bd641d7153519138d64de09b34eb
data/raw/sensitivity/quadrature_4/pure_p_p4_k3_d1_neumann_stratified_breakpoint_lbfgs_seed0201_20260907T084333+0800/states/accepted_0015.npz,2613,3268d23e30505c416462835f6d6fe31e3a10e2b41ecb1ea21c6662b46a0b593c
data/raw/sensitivity/quadrature_4/pure_p_p4_k3_d1_neumann_stratified_breakpoint_lbfgs_seed0201_20260907T084333+0800/states/accepted_0016.npz,2647,a8f41b13efaa86850c262ae2507ee3d749f5a4a09eeff52a15c74e52096826a6
data/raw/sensitivity/quadrature_4/pure_p_p4_k3_d1_neumann_stratified_breakpoint_lbfgs_seed0201_20260907T084333+0800/states/accepted_0017.npz,2682,9fbd0163f231cf8cb85e448fa3f2f26543ceebfc562bafc885ebaca1a7916f84
data/raw/sensitivity/quadrature_4/pure_p_p4_k3_d1_neumann_stratified_breakpoint_lbfgs_seed0201_20260907T084333+0800/states/accepted_0018.npz,2716,9f34b4e3af0e086c4c465a7749bdf8a47cbf33d4d29033fabe77a66841365ff3
data/raw/sensitivity/quadrature_4/pure_p_p4_k3_d1_neumann_stratified_breakpoint_lbfgs_seed0201_20260907T084333+0800/states/accepted_0019.npz,2750,38637bf530ef5e0edb9e88ecc27e5c75ab9cbe7d8565348bd5b5a6bb4ed8fc70
data/raw/sensitivity/quadrature_4/pure_p_p4_k3_d1_neumann_stratified_breakpoint_lbfgs_seed0201_20260907T084333+0800/states/accepted_0020.npz,2784,8e1848e714ac1dc0055ceaeedc9357871b7c357e63c58bdb1be73bbf1fd225b8
data/raw/sensitivity/quadrature_4/pure_p_p4_k3_d1_neumann_stratified_breakpoint_lbfgs_seed0201_20260907T084333+0800/states/accepted_0021.npz,2818,239506af84626fef008e4ce9a08fa219006d1bb790fb2fa01d7511209a48b459
data/raw/sensitivity/quadrature_4/pure_p_p4_k3_d1_neumann_stratified_breakpoint_lbfgs_seed0201_20260907T084333+0800/states/accepted_0022.npz,2852,893bccc90c8e78221d61ff48dd23d8d4423591d41c605b2eae819489cd93b1d4
data/raw/sensitivity/quadrature_4/pure_p_p4_k3_d1_neumann_stratified_breakpoint_lbfgs_seed0201_20260907T084333+0800/states/accepted_0023.npz,2883,669201b08bcb02f7f6726ed1aff13a78ccba25cf57af8033ee3f6e3b7547a0a7
data/raw/sensitivity/quadrature_4/pure_p_p4_k3_d1_neumann_stratified_breakpoint_lbfgs_seed0201_20260907T084333+0800/states/accepted_0024.npz,2918,28d8e1d27c3e446a6bc91e3412bb32d8dd2a85b9003ba6b75164096e6b8a825d
data/raw/sensitivity/quadrature_4/pure_p_p4_k3_d1_neumann_stratified_breakpoint_lbfgs_seed0201_20260907T084333+0800/states/accepted_0025.npz,2952,269d8a8974c01b7c2a265b327872385732eb5d855239117ec1f7749938c3037a
data/raw/sensitivity/quadrature_4/pure_p_p4_k3_d1_neumann_stratified_breakpoint_lbfgs_seed0201_20260907T084333+0800/states/accepted_0026.npz,2984,f5b8f8504ff46bd23c33983915d35755030e683a60f324c04cd1a70c4e855dff
data/raw/sensitivity/quadrature_4/pure_p_p4_k3_d1_neumann_stratified_breakpoint_lbfgs_seed0201_20260907T084333+0800/states/accepted_0027.npz,3018,958fc152029209abf40c791b33eedd9c3c80fdf7fa35a7d0b997337e8055f417
data/raw/sensitivity/quadrature_4/pure_p_p4_k3_d1_neumann_stratified_breakpoint_lbfgs_seed0201_20260907T084333+0800/states/accepted_0028.npz,3052,9a206ec2c03b8fb7323c13810deec0dcedd1cc0e7e12f20f78e2d666c65fa4bb
data/raw/sensitivity/quadrature_4/pure_p_p4_k3_d1_neumann_stratified_breakpoint_lbfgs_seed0201_20260907T084333+0800/states/accepted_0029.npz,3085,86e82e624d6bbb4dff41b48623f616015e4a7e06109efae524c881605499b246
data/raw/sensitivity/quadrature_4/pure_p_p4_k3_d1_neumann_stratified_breakpoint_lbfgs_seed0201_20260907T084333+0800/states/accepted_0030.npz,3120,31875bbc148a4cb0ac11188e678a70f84fdadbdbf0ac3661cf1014601e125bbc
data/raw/sensitivity/quadrature_4/pure_p_p4_k3_d1_neumann_stratified_breakpoint_lbfgs_seed0201_20260907T084333+0800/states/accepted_0031.npz,3156,55cf4e8caf37675340b7f19050fb085d72d1f8b7f62711abc56895bf879cf12d
data/raw/sensitivity/quadrature_4/pure_p_p4_k3_d1_neumann_stratified_breakpoint_lbfgs_seed0201_20260907T084333+0800/states/accepted_0032.npz,3186,d8406bf8be245bb7820876542ef5c728c7f1416b0db1be763985660f11620a79
data/raw/sensitivity/quadrature_4/pure_p_p4_k3_d1_neumann_stratified_breakpoint_lbfgs_seed0201_20260907T084333+0800/summary.json,4905,e210afd95bcfd9d3defd2134c4fbdc7f5cc48109d50ae334a4e565f980fe3b27
data/raw/sensitivity/quadrature_4/pure_p_p4_k3_d1_neumann_stratified_breakpoint_lbfgs_seed0201_20260907T084333+0800/trusted_model.npz,3186,d8406bf8be245bb7820876542ef5c728c7f1416b0db1be763985660f11620a79
data/raw/sensitivity/tolerance_loose/pure_p_p4_k3_d1_neumann_stratified_breakpoint_lbfgs_seed0201_20260907T084340+0800/candidate_pool.npz,13844,bb1587f6be7a17cbf7768a56cd19c3052e879896bcf7e5e2425b8aba2867e502
data/raw/sensitivity/tolerance_loose/pure_p_p4_k3_d1_neumann_stratified_breakpoint_lbfgs_seed0201_20260907T084340+0800/checkpoint.npz,3709,0e4cd6c00a8ca4e2c13b58946ded2862305041364bcca39ffde131c1a4544752
data/raw/sensitivity/tolerance_loose/pure_p_p4_k3_d1_neumann_stratified_breakpoint_lbfgs_seed0201_20260907T084340+0800/command.txt,74,2fb2db7c90377be9b71e4b3eb44f79a5c72433932a249c223eb25f9d42d6d309
data/raw/sensitivity/tolerance_loose/pure_p_p4_k3_d1_neumann_stratified_breakpoint_lbfgs_seed0201_20260907T084340+0800/config.json,1735,33ef8a4524cc06486ce78bc832eb80c45e6316caa14bec6773d6e04782a8fc09
data/raw/sensitivity/tolerance_loose/pure_p_p4_k3_d1_neumann_stratified_breakpoint_lbfgs_seed0201_20260907T084340+0800/diagnostic_model.npz,3188,05ac962c00c1743d63aed936c4ba840fbbbed7067dde1ff1e2da69b82032db88
data/raw/sensitivity/tolerance_loose/pure_p_p4_k3_d1_neumann_stratified_breakpoint_lbfgs_seed0201_20260907T084340+0800/environment.json,371,4d678af789a22526a42c02abd99682f84a6c2efa6430c4935ee50ab3d1616eea
data/raw/sensitivity/tolerance_loose/pure_p_p4_k3_d1_neumann_stratified_breakpoint_lbfgs_seed0201_20260907T084340+0800/history.csv,30211,dcc430d4ed558ab585d75cbe8bd69f9bc85379ce2efa0150d24ebed42fd390b7
data/raw/sensitivity/tolerance_loose/pure_p_p4_k3_d1_neumann_stratified_breakpoint_lbfgs_seed0201_20260907T084340+0800/log.txt,2752,d482b0c54654f1499cdd15136bd0b3e55a60b93f9bd5c72e4bcf3d4ed11718ac
data/raw/sensitivity/tolerance_loose/pure_p_p4_k3_d1_neumann_stratified_breakpoint_lbfgs_seed0201_20260907T084340+0800/model.npz,3188,05ac962c00c1743d63aed936c4ba840fbbbed7067dde1ff1e2da69b82032db88
data/raw/sensitivity/tolerance_loose/pure_p_p4_k3_d1_neumann_stratified_breakpoint_lbfgs_seed0201_20260907T084340+0800/pool_manifest.json,643,bc2b8ca872b2a78b8d7364413d5738b84039f16bd58ece8c9bed15bb28791ddf
data/raw/sensitivity/tolerance_loose/pure_p_p4_k3_d1_neumann_stratified_breakpoint_lbfgs_seed0201_20260907T084340+0800/reference_pool.npz,25186,29d76a5ab0c7d743ee36406a6b69ea5707773ecea40492fe89eac5852c32d58d
data/raw/sensitivity/tolerance_loose/pure_p_p4_k3_d1_neumann_stratified_breakpoint_lbfgs_seed0201_20260907T084340+0800/states/accepted_0001.npz,2124,d46333f531cfc10f7da05c1cf35ea4fbb86c039fd4690f7af0a930f195f7f1c2
data/raw/sensitivity/tolerance_loose/pure_p_p4_k3_d1_neumann_stratified_breakpoint_lbfgs_seed0201_20260907T084340+0800/states/accepted_0002.npz,2162,77bc32335815210fad11f2c3bd44e7e82024909adc6a9c359156a99740516f33
data/raw/sensitivity/tolerance_loose/pure_p_p4_k3_d1_neumann_stratified_breakpoint_lbfgs_seed0201_20260907T084340+0800/states/accepted_0003.npz,2197,48690d898c5ac7b0e748eab1b274b608de9538cf7e9fa99d238e3a38a069cb7c
data/raw/sensitivity/tolerance_loose/pure_p_p4_k3_d1_neumann_stratified_breakpoint_lbfgs_seed0201_20260907T084340+0800/states/accepted_0004.npz,2231,49516740e9e1b046c35dd7eca5481a7dc83f42b74576e288156b165938fc78ce
data/raw/sensitivity/tolerance_loose/pure_p_p4_k3_d1_neumann_stratified_breakpoint_lbfgs_seed0201_20260907T084340+0800/states/accepted_0005.npz,2265,22b5d1c1bbad89caf4841912c60acefd9ba5e284116391de33a4807cdfed0c72
data/raw/sensitivity/tolerance_loose/pure_p_p4_k3_d1_neumann_stratified_breakpoint_lbfgs_seed0201_20260907T084340+0800/states/accepted_0006.npz,2299,f7ad8d09f7789be085e72090f9bea93fe3494b0e421d7d295835957d9bb7d36d
data/raw/sensitivity/tolerance_loose/pure_p_p4_k3_d1_neumann_stratified_breakpoint_lbfgs_seed0201_20260907T084340+0800/states/accepted_0007.npz,2333,0695c55bb02fd214a35da80a7d8a41f32e373bca2ce5309c09c15a74fce74d7e
data/raw/sensitivity/tolerance_loose/pure_p_p4_k3_d1_neumann_stratified_breakpoint_lbfgs_seed0201_20260907T084340+0800/states/accepted_0008.npz,2368,b9cbb9fdeec16e1f2719f3c39b8c898a97b9e62b6abcb2e729c6f877c06db887
data/raw/sensitivity/tolerance_loose/pure_p_p4_k3_d1_neumann_stratified_breakpoint_lbfgs_seed0201_20260907T084340+0800/states/accepted_0009.npz,2402,0b3a32003331617f04b68c28bb4f514e251495462ff5c422612459dc22de3ec1
data/raw/sensitivity/tolerance_loose/pure_p_p4_k3_d1_neumann_stratified_breakpoint_lbfgs_seed0201_20260907T084340+0800/states/accepted_0010.npz,2441,01b465b6aae1c21cf23bd5186b904a93de2531d89b481d305060a73ab4ced59c
data/raw/sensitivity/tolerance_loose/pure_p_p4_k3_d1_neumann_stratified_breakpoint_lbfgs_seed0201_20260907T084340+0800/states/accepted_0011.npz,2476,dd66b59a315708c7b55b0e0a4fb79aaacdcd22521a91e47c99c94aebb955b5cb
data/raw/sensitivity/tolerance_loose/pure_p_p4_k3_d1_neumann_stratified_breakpoint_lbfgs_seed0201_20260907T084340+0800/states/accepted_0012.npz,2511,fa433a1fa4768cc4a0aba28fc7ee350c2a2dff93ef1510add10a9bc6b7afa727
data/raw/sensitivity/tolerance_loose/pure_p_p4_k3_d1_neumann_stratified_breakpoint_lbfgs_seed0201_20260907T084340+0800/states/accepted_0013.npz,2544,c47f39ac94db6569a0fdf832286ea8d215ef78693b8800b033bbcc8d7e9decec
data/raw/sensitivity/tolerance_loose/pure_p_p4_k3_d1_neumann_stratified_breakpoint_lbfgs_seed0201_20260907T084340+0800/states/accepted_0014.npz,2578,b84ce0e0a2980c45de6449ab9cfc0f9d097f894c8d5b696863289664a4b5b3b5
data/raw/sensitivity/tolerance_loose/pure_p_p4_k3_d1_neumann_stratified_breakpoint_lbfgs_seed0201_20260907T084340+0800/states/accepted_0015.npz,2613,b4a87eadee0abe27ce1b56efd8243d8ad52fb1648a8065d630d2574ae48144d3
data/raw/sensitivity/tolerance_loose/pure_p_p4_k3_d1_neumann_stratified_breakpoint_lbfgs_seed0201_20260907T084340+0800/states/accepted_0016.npz,2648,956448ee4b2c460bb8255d6a0b0bdbf1582a641f266b9d05d134394d80c15b6c
data/raw/sensitivity/tolerance_loose/pure_p_p4_k3_d1_neumann_stratified_breakpoint_lbfgs_seed0201_20260907T084340+0800/states/accepted_0017.npz,2682,6965ed5e42ec59215dd477974799dc9143f4c6fd9997f708392eccddd021d5f3
data/raw/sensitivity/tolerance_loose/pure_p_p4_k3_d1_neumann_stratified_breakpoint_lbfgs_seed0201_20260907T084340+0800/states/accepted_0018.npz,2718,0a99cc90f5f1db46025746fc5d992e6622f7d6c8dd7a356906f87511b526f1c3
data/raw/sensitivity/tolerance_loose/pure_p_p4_k3_d1_neumann_stratified_breakpoint_lbfgs_seed0201_20260907T084340+0800/states/accepted_0019.npz,2749,de19ea0488aa3142b7f733ee56bfc935307ca4aa4226db2dd8a29cf5391fc1fd
data/raw/sensitivity/tolerance_loose/pure_p_p4_k3_d1_neumann_stratified_breakpoint_lbfgs_seed0201_20260907T084340+0800/states/accepted_0020.npz,2784,906dc80169eb9bbadad4b7a9c17205642eca4a4ce07d31b6e4468cc08bb3a318
data/raw/sensitivity/tolerance_loose/pure_p_p4_k3_d1_neumann_stratified_breakpoint_lbfgs_seed0201_20260907T084340+0800/states/accepted_0021.npz,2817,91f62a9ae29181a149053bc8e09cdbc7053d82a27e9223b1c621c66e60685691
data/raw/sensitivity/tolerance_loose/pure_p_p4_k3_d1_neumann_stratified_breakpoint_lbfgs_seed0201_20260907T084340+0800/states/accepted_0022.npz,2852,107d2dd809ce3729a316e5290e2f7a7a60d9d9e6791d8778935c586e9e8a09fc
data/raw/sensitivity/tolerance_loose/pure_p_p4_k3_d1_neumann_stratified_breakpoint_lbfgs_seed0201_20260907T084340+0800/states/accepted_0023.npz,2883,13902565edb60f331fcbe8ace03d2f16134da7d0a2d299363f8a97f691b8bead
data/raw/sensitivity/tolerance_loose/pure_p_p4_k3_d1_neumann_stratified_breakpoint_lbfgs_seed0201_20260907T084340+0800/states/accepted_0024.npz,2918,b20889116c126bc32f042f9b84dc62677af4469aab3b7a10d0cc347a3f49f524
data/raw/sensitivity/tolerance_loose/pure_p_p4_k3_d1_neumann_stratified_breakpoint_lbfgs_seed0201_20260907T084340+0800/states/accepted_0025.npz,2950,7f95f565b7282ac82f654b5c643bb2c6a39641b4ea3e89f5edcbfc08cc5e6243
data/raw/sensitivity/tolerance_loose/pure_p_p4_k3_d1_neumann_stratified_breakpoint_lbfgs_seed0201_20260907T084340+0800/states/accepted_0026.npz,2984,8df499267052ac1b237ab4886226c5e7c9f223e247b4683d6ec9a88f332501a0
data/raw/sensitivity/tolerance_loose/pure_p_p4_k3_d1_neumann_stratified_breakpoint_lbfgs_seed0201_20260907T084340+0800/states/accepted_0027.npz,3018,f5c77100b3192dc8946fee0caf024b60bc3e2a9a3de1d56aff209c4d8b47c58d
data/raw/sensitivity/tolerance_loose/pure_p_p4_k3_d1_neumann_stratified_breakpoint_lbfgs_seed0201_20260907T084340+0800/states/accepted_0028.npz,3052,0b6a793645238d0815242b28ef2ce5b8193e130d92ee8d46022ea195f9ca3b9b
data/raw/sensitivity/tolerance_loose/pure_p_p4_k3_d1_neumann_stratified_breakpoint_lbfgs_seed0201_20260907T084340+0800/states/accepted_0029.npz,3085,8116f12a9ea3c900401d6ee1a964f960d37665a14dd9a0d38b735089e1732650
data/raw/sensitivity/tolerance_loose/pure_p_p4_k3_d1_neumann_stratified_breakpoint_lbfgs_seed0201_20260907T084340+0800/states/accepted_0030.npz,3121,3c55ba704a3a6c62b32d3cbe642c7f2c719a8b87694aba12bc28b3847bf33aad
data/raw/sensitivity/tolerance_loose/pure_p_p4_k3_d1_neumann_stratified_breakpoint_lbfgs_seed0201_20260907T084340+0800/states/accepted_0031.npz,3156,8e724e8adbc5c72c72bc54e1c0dbd96f93639bbf72cb45087aa5d3b41a3d0751
data/raw/sensitivity/tolerance_loose/pure_p_p4_k3_d1_neumann_stratified_breakpoint_lbfgs_seed0201_20260907T084340+0800/states/accepted_0032.npz,3188,05ac962c00c1743d63aed936c4ba840fbbbed7067dde1ff1e2da69b82032db88
data/raw/sensitivity/tolerance_loose/pure_p_p4_k3_d1_neumann_stratified_breakpoint_lbfgs_seed0201_20260907T084340+0800/summary.json,4919,8fc16f6fd091c4732e4eff86f107991b37b6a5f356a22eba38b4f1773d849d05
data/raw/sensitivity/tolerance_loose/pure_p_p4_k3_d1_neumann_stratified_breakpoint_lbfgs_seed0201_20260907T084340+0800/trusted_model.npz,3188,05ac962c00c1743d63aed936c4ba840fbbbed7067dde1ff1e2da69b82032db88
data/raw/sensitivity/tolerance_tight/pure_p_p4_k3_d1_neumann_stratified_breakpoint_lbfgs_seed0201_20260907T084341+0800/candidate_pool.npz,13844,bb1587f6be7a17cbf7768a56cd19c3052e879896bcf7e5e2425b8aba2867e502
data/raw/sensitivity/tolerance_tight/pure_p_p4_k3_d1_neumann_stratified_breakpoint_lbfgs_seed0201_20260907T084341+0800/checkpoint.npz,3710,fee1d3717fa7c5e586f654ec62fc53a840437eb3810c7457e7bb78afd880f917
data/raw/sensitivity/tolerance_tight/pure_p_p4_k3_d1_neumann_stratified_breakpoint_lbfgs_seed0201_20260907T084341+0800/command.txt,74,46cec99415ad669920ef852b995328f1560592162b43883783e5c5fe2d3ae31f
data/raw/sensitivity/tolerance_tight/pure_p_p4_k3_d1_neumann_stratified_breakpoint_lbfgs_seed0201_20260907T084341+0800/config.json,1734,522f964ced17caf8eede8de4938c477e0e261a74a348b8113a0a3b62455ec675
data/raw/sensitivity/tolerance_tight/pure_p_p4_k3_d1_neumann_stratified_breakpoint_lbfgs_seed0201_20260907T084341+0800/diagnostic_model.npz,3189,bb9927f136bc7e5e97d9549a609a235ced1fb1e311b70270d618fda6b5296c3a
data/raw/sensitivity/tolerance_tight/pure_p_p4_k3_d1_neumann_stratified_breakpoint_lbfgs_seed0201_20260907T084341+0800/environment.json,371,30348a48ca8d526c92ae1e5c56cad6c17c2e0bcc7b5a0f3e5210bb3095eeba0e
data/raw/sensitivity/tolerance_tight/pure_p_p4_k3_d1_neumann_stratified_breakpoint_lbfgs_seed0201_20260907T084341+0800/history.csv,30436,5fc5f6cc2ddacf1b4056c708eb51825c6a970a7fd15decafa2832bde532d4e90
data/raw/sensitivity/tolerance_tight/pure_p_p4_k3_d1_neumann_stratified_breakpoint_lbfgs_seed0201_20260907T084341+0800/log.txt,2756,758c724e6f3d17b80b48ccb09ad652e669f651b0a8b2b9081c6862c9ecda3080
data/raw/sensitivity/tolerance_tight/pure_p_p4_k3_d1_neumann_stratified_breakpoint_lbfgs_seed0201_20260907T084341+0800/model.npz,3189,bb9927f136bc7e5e97d9549a609a235ced1fb1e311b70270d618fda6b5296c3a
data/raw/sensitivity/tolerance_tight/pure_p_p4_k3_d1_neumann_stratified_breakpoint_lbfgs_seed0201_20260907T084341+0800/pool_manifest.json,643,bc2b8ca872b2a78b8d7364413d5738b84039f16bd58ece8c9bed15bb28791ddf
data/raw/sensitivity/tolerance_tight/pure_p_p4_k3_d1_neumann_stratified_breakpoint_lbfgs_seed0201_20260907T084341+0800/reference_pool.npz,25186,29d76a5ab0c7d743ee36406a6b69ea5707773ecea40492fe89eac5852c32d58d
data/raw/sensitivity/tolerance_tight/pure_p_p4_k3_d1_neumann_stratified_breakpoint_lbfgs_seed0201_20260907T084341+0800/states/accepted_0001.npz,2124,bd034166a7cb3deff40f103e8b46b87de30043e59a85af21cda8f1cf495fc93d
data/raw/sensitivity/tolerance_tight/pure_p_p4_k3_d1_neumann_stratified_breakpoint_lbfgs_seed0201_20260907T084341+0800/states/accepted_0002.npz,2162,9296c4612835d99d2f2df66379d276953f0eb0bf3604e8c504e083b2537ba16e
data/raw/sensitivity/tolerance_tight/pure_p_p4_k3_d1_neumann_stratified_breakpoint_lbfgs_seed0201_20260907T084341+0800/states/accepted_0003.npz,2197,a19d955433f04333e4170d5e66b76e45a4273457c8cb0bbdce8e4ed0b5abdc82
data/raw/sensitivity/tolerance_tight/pure_p_p4_k3_d1_neumann_stratified_breakpoint_lbfgs_seed0201_20260907T084341+0800/states/accepted_0004.npz,2231,c09738b4d769cac5efb3b71987bf9b3fca3c92fec89c20c142630ab6aa2584fa
data/raw/sensitivity/tolerance_tight/pure_p_p4_k3_d1_neumann_stratified_breakpoint_lbfgs_seed0201_20260907T084341+0800/states/accepted_0005.npz,2265,3aa7cdc7c2000597040ad4c82302a51a80285951a81e92e304bdd7a7b6a1da74
data/raw/sensitivity/tolerance_tight/pure_p_p4_k3_d1_neumann_stratified_breakpoint_lbfgs_seed0201_20260907T084341+0800/states/accepted_0006.npz,2299,a3b9251062c63c4818c92c3714f31d9c2aaa99c25fd4541e0f2b3e31a0a1e7c7
data/raw/sensitivity/tolerance_tight/pure_p_p4_k3_d1_neumann_stratified_breakpoint_lbfgs_seed0201_20260907T084341+0800/states/accepted_0007.npz,2333,f45e5be6a3ed411adde18a08f0d88f6737899633acc67eae03d8f464e1bf5f9c
data/raw/sensitivity/tolerance_tight/pure_p_p4_k3_d1_neumann_stratified_breakpoint_lbfgs_seed0201_20260907T084341+0800/states/accepted_0008.npz,2368,38b54005ae45c8942cc4b911d28d623f8c2326308625c0cd2296fa13b87e3a85
data/raw/sensitivity/tolerance_tight/pure_p_p4_k3_d1_neumann_stratified_breakpoint_lbfgs_seed0201_20260907T084341+0800/states/accepted_0009.npz,2403,e72e3223993a02a357deecd0b5cd34ebee40d7f7e4b176065b7636c5a3f9259d
data/raw/sensitivity/tolerance_tight/pure_p_p4_k3_d1_neumann_stratified_breakpoint_lbfgs_seed0201_20260907T084341+0800/states/accepted_0010.npz,2440,4a72e9c8548079d341d7fad9d2b612913d76b4991bc5e9b3b04ba2fa2b4dd483
data/raw/sensitivity/tolerance_tight/pure_p_p4_k3_d1_neumann_stratified_breakpoint_lbfgs_seed0201_20260907T084341+0800/states/accepted_0011.npz,2477,e066ec8ab0e4207d2c5463df7906bd603690a59a67caee6db66c01f1bdd33557
data/raw/sensitivity/tolerance_tight/pure_p_p4_k3_d1_neumann_stratified_breakpoint_lbfgs_seed0201_20260907T084341+0800/states/accepted_0012.npz,2511,3db62bf333911aefea3446efebeb7c2f22d27410b8294a4c09f1cbe9cc58766f
data/raw/sensitivity/tolerance_tight/pure_p_p4_k3_d1_neumann_stratified_breakpoint_lbfgs_seed0201_20260907T084341+0800/states/accepted_0013.npz,2544,ee721a023f9478d9c54bc13644b8e148c00a9d5f9a67a70b78c66f7af74f8a4e
data/raw/sensitivity/tolerance_tight/pure_p_p4_k3_d1_neumann_stratified_breakpoint_lbfgs_seed0201_20260907T084341+0800/states/accepted_0014.npz,2577,1f170fdb772624e3e05686c3b966e274a1df554146a76190ebbe4a8532e99372
data/raw/sensitivity/tolerance_tight/pure_p_p4_k3_d1_neumann_stratified_breakpoint_lbfgs_seed0201_20260907T084341+0800/states/accepted_0015.npz,2614,01f641cf03044eca5441399377324a293343e19b092441000fcf6bd6798f17b2
data/raw/sensitivity/tolerance_tight/pure_p_p4_k3_d1_neumann_stratified_breakpoint_lbfgs_seed0201_20260907T084341+0800/states/accepted_0016.npz,2647,273b63e0b9a9f5fa763f716d127c70ebb1653a943f23abd65d6bbad96c8b9b90
data/raw/sensitivity/tolerance_tight/pure_p_p4_k3_d1_neumann_stratified_breakpoint_lbfgs_seed0201_20260907T084341+0800/states/accepted_0017.npz,2682,77b84912ed371d67bb47fac4fa6781e3f909282017fd38fc8d511088389436e1
data/raw/sensitivity/tolerance_tight/pure_p_p4_k3_d1_neumann_stratified_breakpoint_lbfgs_seed0201_20260907T084341+0800/states/accepted_0018.npz,2717,a372d83403ae7e38c556342364c297f21ba8c78579755c34fc90dc386819e790
data/raw/sensitivity/tolerance_tight/pure_p_p4_k3_d1_neumann_stratified_breakpoint_lbfgs_seed0201_20260907T084341+0800/states/accepted_0019.npz,2749,6dde3b018b62621db0278b9ef213150a62f7c5e983b68da9b348058a67f72612
data/raw/sensitivity/tolerance_tight/pure_p_p4_k3_d1_neumann_stratified_breakpoint_lbfgs_seed0201_20260907T084341+0800/states/accepted_0020.npz,2784,ee030e0a8488dac0d43f65dd390d25d350b7bd3178bfef3dd754fe8cbc051194
data/raw/sensitivity/tolerance_tight/pure_p_p4_k3_d1_neumann_stratified_breakpoint_lbfgs_seed0201_20260907T084341+0800/states/accepted_0021.npz,2817,d468d60a83bce27e3774fe25b7231d42af25ce341df844b9aded833968475aec
data/raw/sensitivity/tolerance_tight/pure_p_p4_k3_d1_neumann_stratified_breakpoint_lbfgs_seed0201_20260907T084341+0800/states/accepted_0022.npz,2851,2a808ecfe7e99cc3289cd9789bdc01c7cce8134c09f2d41617e3136264c2fe0a
data/raw/sensitivity/tolerance_tight/pure_p_p4_k3_d1_neumann_stratified_breakpoint_lbfgs_seed0201_20260907T084341+0800/states/accepted_0023.npz,2883,a6379e457f806e893861d802e3bd4448ff9bdeafd8fdecfcf3438d4ab2eec769
data/raw/sensitivity/tolerance_tight/pure_p_p4_k3_d1_neumann_stratified_breakpoint_lbfgs_seed0201_20260907T084341+0800/states/accepted_0024.npz,2918,1520280d30a64c59ec0c9efcdc8b0e22902f1213316a8588d27063fdc38c1bbc
data/raw/sensitivity/tolerance_tight/pure_p_p4_k3_d1_neumann_stratified_breakpoint_lbfgs_seed0201_20260907T084341+0800/states/accepted_0025.npz,2952,9a3aa94dcd5a9da16e36daba088c472156665e1a9cb2b2ad5de1ffb78ce318a8
data/raw/sensitivity/tolerance_tight/pure_p_p4_k3_d1_neumann_stratified_breakpoint_lbfgs_seed0201_20260907T084341+0800/states/accepted_0026.npz,2984,9f9e156a04102d918981c40f6cc07f18153175f834afaf9b7fa1983d25a95cd1
data/raw/sensitivity/tolerance_tight/pure_p_p4_k3_d1_neumann_stratified_breakpoint_lbfgs_seed0201_20260907T084341+0800/states/accepted_0027.npz,3019,7c101486ade5f425c7b69f1f43229f7b808b73bdab3d368209bf78c8c6bdda84
data/raw/sensitivity/tolerance_tight/pure_p_p4_k3_d1_neumann_stratified_breakpoint_lbfgs_seed0201_20260907T084341+0800/states/accepted_0028.npz,3052,8694dbcba8c38c0f9441ab79eead1bd797cb74769e4b66f3b18d23eebfe8fa81
data/raw/sensitivity/tolerance_tight/pure_p_p4_k3_d1_neumann_stratified_breakpoint_lbfgs_seed0201_20260907T084341+0800/states/accepted_0029.npz,3085,25c77074d5422b4b145d53d0a63b515bb639e9a2add41d9dd5f1c6af44901ba7
data/raw/sensitivity/tolerance_tight/pure_p_p4_k3_d1_neumann_stratified_breakpoint_lbfgs_seed0201_20260907T084341+0800/states/accepted_0030.npz,3121,d9ff72773abd7203874524eeada1f68bdeba7b9f871885325168a668ac40afbd
data/raw/sensitivity/tolerance_tight/pure_p_p4_k3_d1_neumann_stratified_breakpoint_lbfgs_seed0201_20260907T084341+0800/states/accepted_0031.npz,3155,9b94da3fa056ddec58279d2877b0eee876bb58f7697a1fc2d51220a133f72312
data/raw/sensitivity/tolerance_tight/pure_p_p4_k3_d1_neumann_stratified_breakpoint_lbfgs_seed0201_20260907T084341+0800/states/accepted_0032.npz,3189,bb9927f136bc7e5e97d9549a609a235ced1fb1e311b70270d618fda6b5296c3a
data/raw/sensitivity/tolerance_tight/pure_p_p4_k3_d1_neumann_stratified_breakpoint_lbfgs_seed0201_20260907T084341+0800/summary.json,4874,fd23dfcb4ebe9ebbba2486e88cd5ec47ba8d1754d40cf63a67482c1fcbe5e3eb
data/raw/sensitivity/tolerance_tight/pure_p_p4_k3_d1_neumann_stratified_breakpoint_lbfgs_seed0201_20260907T084341+0800/trusted_model.npz,3189,bb9927f136bc7e5e97d9549a609a235ced1fb1e311b70270d618fda6b5296c3a
logs/sisc_cga_main.log,35205,8b883e922b814fae9a000c482dbefea7ee84516f163c54b9307b89eeb757f27d
manifest/experiment_index.csv,4078,f89c92105f9055890d8848e285c606f322d44442800786a6aa4d9c6815ff3ec8
manifest/figure_table_manifest.csv,30486,b16b283be7edee93fb652671623f26a5104b88fa8558d36620d704e7ca5bbf87
manifest/figure_table_map.csv,2646,aab976fb9a599e32a0ca5784499c616a4bbbdf82a56adbb8a4b82c0a3823c1d3
manifest/theorem_label_map.csv,505,d4137de1cd1144d45b3b0c32d16fd78ee380c3743bd13004c322a593524336d8
reports/chapter5_algebra_checks.json,1446,ea9650e0b794635c4040486ff87334afd9c07992f9000b04290653e38e5ecef2
reports/reproduction_acceptance.json,2776,0a3641f8be54833de90b99bdf0388909a79dd2ebf357e78986e594a552511e97
reports/reproduction_artifacts.json,12588,c0e63c17dd8c544f56f717dd262da18f4fff134f73e51d754e4fae4545836ddd
reports/reproduction_diagnostics.json,4834,b8ca489eb10c259852687cea9679b87ac0437450db25b5141b9ccac610686072
reports/reproduction_logs/artifacts_00_verify_continuation_prefix.log,169,f7a324902f16aba9c42bcd7dce53bc78964d5218abf3486a505b6cbfd878babf
reports/reproduction_logs/artifacts_01_generate_artifacts.log,212,3ac4b896a89b9125ac5b421d6f2a2a79aa84f437d009221fde2ef301ef8661a0
reports/reproduction_logs/artifacts_02_analyze_fractional_innovation.log,2153,4f66fd565753ddf8e688fddfd036290b8be3e8d494e9ca5dc88324bebf2f104a
reports/reproduction_logs/diagnostics_00_verify_continuation_prefix.log,169,0910bdfd15b5b61293f604377d0bacafc81fa68066f851be1e9cfb1d7eeeea3f
reports/reproduction_logs/diagnostics_01_section85_analysis.log,1651,be5c2e4fa26b19474fdfedcb0337b76e87fa3cd8b303f1c1cd2cafdfbc28420f
reports/reproduction_logs/diagnostics_02_continuation_experiments.log,2060,bb897d187cc2f5a4d4d6c6c0c7e9b5743930292e9e65374838ee80e449b55c97
reports/reproduction_logs/diagnostics_03_audit_numeric_values.log,19,891ce8ea350042aefb70a9104de9b2f40ba91d8ee517043687869e09b7403657
result/baselines/artifact_validation.json,1329,4afe0105078abaab536e9b76fee46932e0b93bf8ff3149165e7c1aebb57d3442
result/baselines/baseline_actual_points.csv,74011,6603e6d756679b31ecf2a72c012dc40d7058f098f50d4c4fd8b4c02543316fed
result/baselines/baseline_common_grid.csv,62474,bc8a2d31b0fd58e2a6c72c2009e8d6ae1904eabfeb8ecc1568bbfa2a382a0733
result/baselines/baseline_terminal.csv,1249,056b3aa35731991cab9714113fe8989966e958dc9d0f0d5f8375b93c11540f4a
result/baselines/common_grid_terminal_brackets.csv,1970,c1989c1cd59657f7707d8c82c5186a037263e91fd99408fe8e76047d7ac865a2
result/continuation_20260914/base_pure_states_q16.csv,27743,e1fd0e3cd55197dcc8d1482663e28a5f3314f3bbc665810ba8e6fe84b598ff9c
result/continuation_20260914/base_pure_states_q20.csv,27788,a8235e49d7209adebbc1e4fb259921fb5b4dfbef4817b55f136df2a17fa74348
result/continuation_20260914/continuation_summary.csv,1152,9f48ffc7ee8f671d0e7d6cda33977de68d6caaa9841013c9fa502483b5075b82
result/continuation_20260914/epsilon_01_states_q16.csv,27809,80a104907bd6fd0f57f5437bc588d03050f71a358a5fb301a6716c9c20caf659
result/continuation_20260914/epsilon_01_states_q20.csv,27790,56ef49a34347a3f8b4bf089f2f49b0979c260f1b8c97e80dce77b0fce3e6882d
result/continuation_20260914/prefix_verification.json,20944,73d72eb35a66ae6cc2788d9921f4aa65ec2e2fe2c622c89dbc7ad971df6da36a
result/continuation_20260914/solver_status.json,10220,8442837297af4f22bbd480b25560fb203cc3ab6e65eb2a144350dbb69d2c6fda
result/continuation_20260914/validation.json,2744,d28e2a07d57d3bae34c7e1722b0341b02a3aabd097ad28aed8b32095a0863413
result/cross_reference_status.json,222,6f81043f3f29fea26052cf08f24de2f8a036d874490c308931482952dd95cf34
result/experiments/ablation_long.csv,1001856,b1d1cea764247a4da292413e54a497b39de976a52a03cd14243079153f61dd78
result/experiments/anomaly_and_stopping.csv,3567,e26823e210cf1630c71a707582b31fcb9385f12ba9e802594864d20bc1a5baa8
result/experiments/cga_metrics_long.csv,3457914,c1cd6a722237ca2c9f65c5d18e917cfd492c4862936bbb9e9327dbd90a2ac7c3
result/experiments/controlled_baselines/baseline_c3c5.csv,12572,5482e478cd3fa78db65affaba52ba36ce573782b1e15c57a407b7d3b3f6c25a3
result/experiments/controlled_baselines/baseline_history.csv,116244,fd864fee6a4b497c3cb7cfd2f84dbe6fbdcd3ce55a4cb73460ed8ab9155b4630
result/experiments/controlled_baselines/baseline_pilot_c1c2c4.csv,11412,dc3779a3678e50798c49edf4d5f1eac4383287e74f9db330548d25afd262326a
result/experiments/controlled_baselines/baseline_summary.csv,3973,dca4bdd78b37bd049fc771b2fe552970e31cbb9bba7f01a990ed190b86ee4329
result/experiments/controlled_baselines/manifest.json,785,cab1429965376b32b36a3615bfa664dc8aca752f4b944ec345ea458e84095d02
result/experiments/cost_pilot/environment.json,902,0eb560bed93131677959dabb13dd2ce2b6e164001002e5b6bb6f5162090fdb91
result/experiments/cost_pilot/manifest.json,806,62a8b3f84df36dce49c7c0cfd5c585f5745eeafe6547b40e08cbe4697f6bff0d
result/experiments/cost_pilot/pilot_summary.csv,636,53e335f084e14936980d97a09612b36e1ec21632a78e3179ca4ca12ea01118a4
result/experiments/cost_pilot/protocol.json,498,ef46547bfb594267bc617e6af82a7dca80b8f4a8047317d28798d05ffd64f6e0
result/experiments/cost_pilot/raw/pilot_phases.csv,9711,df1a7b937dd30f28f5b5acd1529104ea5dede7fbaea48a3058d634419bc8a531
result/experiments/cost_pilot/raw/pilot_runs.csv,8100,efa22e725d76733cc7dc76bfc09508cfee46ffb91e007de296e527276a696e8e
result/experiments/cost_pilot/raw/pilot_steps.csv,8616,42aaf0cbeac94ce14a8da6f65dc03289211f1c7cc2831209fe8a43e539184c35
result/experiments/cost_pilot/reports/pilot_report.md,746,dccbf6010295320a3ccbb56929e1cf137a0ca1ce00ce61d94e325f5a6a1572ee
result/experiments/cost_pilot/same_machine_cost_report.md,1830,acea048f5ab1aeb079defec2a5398a3bb1556feba23889457d8b19014bcbdff8
result/experiments/cost_pilot/same_machine_cost_summary.csv,7205,996230a1493fffe2798f76a79a525ababacb8ee99ce3036200f286985d7f6f23
result/experiments/cost_raw.csv,111222,96292a615ffd6fd5e096c7986904b8a80235a42c90eabd92eb90e5578e24e9e7
result/experiments/cost_summary.csv,4264,527ede86c6b945f629537e1d255eba045ede23f6de13f97de2a10e2a2e14f344
result/experiments/epsilon_scan_long.csv,170006,b23db71821b7a6a5728cb9f1ab54cf58065951936e4d2c21fa41951e652ef08f
result/experiments/existing_experiment_inventory.csv,4827,dbea2efb0d50f80d436548052e79fe75cbfe08f0a091b15efa4507bef76e2d85
result/experiments/experiment_validation.json,1076,86f9b553aae9ba270998c0942eed0ee13502c240c33b08942f1e902c979e970f
result/experiments/fem_rfm_recomputed/cga_evaluated.csv,26049,7f7d13f3f4225b0f8b4ec78b9a744d7bad1f10569714be9164b302117fb83009
result/experiments/fem_rfm_recomputed/experiment.json,1595,a9a45ee42dbcd32e5b5ddf37c3a75e079f71be4346e43634e04898da6ffd9e9b
result/experiments/fem_rfm_recomputed/fem_raw.csv,17409,a349fac644b1c0784ea03a65292708086eeca7c7b523462975006dfd127f1d9c
result/experiments/fem_rfm_recomputed/rfm_raw.csv,12493,651e7eecd06d2ff69bcaa9b3e175dba2f4ea4b508e0d2cdfaa0a1a3e55ea66f1
result/experiments/fem_rfm_recomputed/tables/C1_energy_gap.csv,404,1109739aabede856ae4917a64b81a44ca511c1c91de582300383883e15e45806
result/experiments/fem_rfm_recomputed/tables/C1_energy_gap.tex,220,cdf2f1d8c205bbb9c33ce1c955c607b53e2172a815f93bfd068c36e2ad68e2cb
result/experiments/fem_rfm_recomputed/tables/C1_natural_error.csv,412,8fe0e9ed0c0f0c3ee42cfc91f879113f604cbd714cddf72f1a87a24f17c139bb
result/experiments/fem_rfm_recomputed/tables/C1_natural_error.tex,220,3a32fccb8965fb4bc1565b501b06bd9ebd32a7881a98b5bbaa8353e7dff7ca25
result/experiments/fem_rfm_recomputed/tables/C2_energy_gap.csv,405,14556f2f6e2aa806b50862dbf027dc15749eae4b4e7c3c979a75739119ba123b
result/experiments/fem_rfm_recomputed/tables/C2_energy_gap.tex,220,61dae7e54745595da28c08d2bf858c3128eb8846cd50f5860a8504ad0222ae0c
result/experiments/fem_rfm_recomputed/tables/C2_natural_error.csv,408,592eccdaca01b7a75ba0badfef0ea5a92032efefddf43495235c230e7a28a4c7
result/experiments/fem_rfm_recomputed/tables/C2_natural_error.tex,220,8bde395b2252daf925cdc86db0908bed84cf428f8fef8b63bb54b893cf2b0984
result/experiments/fem_rfm_recomputed/tables/C3_energy_gap.csv,381,1bd609c30769bf702c3bf17910912dff4b616ef8d09c93a4cf18b4e553de8305
result/experiments/fem_rfm_recomputed/tables/C3_energy_gap.tex,213,785699e1d1973fd8b3d6e9d61fb4843a246dec5a9f71f17be3a61a735d3f3255
result/experiments/fem_rfm_recomputed/tables/C3_natural_error.csv,392,fe93066073afa75119f8ca3e0588dacc1752c854db2bec990fb329cb1bf86d1e
result/experiments/fem_rfm_recomputed/tables/C3_natural_error.tex,213,085c3b0d699f83f4239106a291714ecfc01c706ccecac6603ab8a3ab694ac3b0
result/experiments/fem_rfm_recomputed/tables/C4_energy_gap.csv,433,e70255a6696059e84ea15f3ae2bd3e89d8194391210e0029ad527209ccb924f6
result/experiments/fem_rfm_recomputed/tables/C4_energy_gap.tex,220,3576d2e217b597af166b3429f4230f63ed0c6e43d6aab8c50ca5e22c35dc7383
result/experiments/fem_rfm_recomputed/tables/C4_natural_error.csv,432,261d08a893d240ee69f8833fc8119354d36a53153792e709b1d7af000b5d82b4
result/experiments/fem_rfm_recomputed/tables/C4_natural_error.tex,220,a2422a6381604859938a815fe00bf1e68d1f8fe4db4ba866eb5dcdb543cf1177
result/experiments/fem_rfm_recomputed/tables/C4_v_error.csv,438,a429b3027e06d923eb53b416d95f0a2d54f96b99e63be795ecf51ad3edaf3bc7
result/experiments/fem_rfm_recomputed/tables/C4_v_error.tex,220,185128333ec33b048effc39076bb66c2ccf3a1fbbe9ab0baf3c4753fc1f1bcf3
result/experiments/fem_rfm_recomputed/tables/C5_energy_gap.csv,388,61713324f2338077c0a524dbc0fe55bb71f018227241ac8eecae6de296ff652f
result/experiments/fem_rfm_recomputed/tables/C5_energy_gap.tex,213,f886032d1f07026d5d14c86aed553d2c85eb917b558b575f2ceebc42857deef2
result/experiments/fem_rfm_recomputed/tables/C5_natural_error.csv,389,24f3b3068767dd3c4cb61103ac4960e255dbfb465e21500be3435ac888a91391
result/experiments/fem_rfm_recomputed/tables/C5_natural_error.tex,213,6851342030586abee184fb052def6ac43d33a826ebae881c76799eb3633d7aac
result/experiments/fem_rfm_recomputed/tables/C5_v_error.csv,389,9d97bc9d5dccc42c42dd9d7004dcfb3c3269212228e1d8cad669c9b6225458e2
result/experiments/fem_rfm_recomputed/tables/C5_v_error.tex,213,bd6b57b6ac9735717f5fa283b7a72d40accb13525ac61456c2982f82bbf6ea7a
result/experiments/fem_rfm_recomputed/tables/local_orders.csv,2333,4c038b49db91474dc29676ff9701d5ec6dd2a8c80a6d8d480409db5e6c8b42cc
result/experiments/fem_rfm_recomputed/tables/order_summary.csv,2898,2567eb00ed38b2168d308feb28c710bde46b2f83bb55429892a9cfab8e2e6572
result/experiments/quadrature_sensitivity.csv,60582,6f9794fdfc136c527599e1754926e8c6ae5396383841336fdb0a775f46bd1355
result/experiments/random_greedy_baseline.csv,481,d70bf64f4ee45a3e799a00c824765dd034144743ee7c538efd8862f85fa312b5
result/experiments/rfm_multiseed_raw.csv,180494,d29d64d0cb5cf13d9181ca88ff7bf030bd4fa37e052890d9f09b7c44ea480fcd
result/experiments/rfm_multiseed_summary.csv,15486,3a03680122c933b6407ae7b2a0acd99d79ca1ff4d81ae01280b7265ce7c1e493
result/experiments/single_factor_control_audit.csv,863,04a836be590e2be972def111876d939eb618ab43ecea5d3b34196c40f26bcce6
result/experiments/source_manifest.csv,22209,8475b419e61f232e9705649e66faca1d355b5242fbaa08aa00b140e2bd910c40
result/figure_table_manifest.csv,31315,2d7d11ed9ee6d58ee0fe640cdfb45231ec106770e0486e1b6ec4fc0e9d135c35
result/figures/cga/cga_ablation_terminal.pdf,28770,0b700fac81665f013dee590188eb15631025fbf4b2f3a8a55e3c6c59ebe64bff
result/figures/cga/cga_ablation_terminal.png,276938,3675b06cf6270a03679e974f6f0c76990ce36ba37d72dfb09ffca14f837160e8
result/figures/cga/cga_epsilon_scan.pdf,43193,51f694dcce90e5fd2e72594cc29e7d6b731f4279dd3dc221bd34c55064f248e0
result/figures/cga/cga_epsilon_scan.png,146667,b97332c00e2ed8b8c9d11c6fe01737a228ca0f334249d713b740c96849ca99dd
result/figures/cga/cga_linear_cubic.pdf,60405,e67f80eae4f0e839dc312cbdf6b170553fdc274eb332852e459814190c92dd33
result/figures/cga/cga_linear_cubic.png,198112,2e4b7446a8ea80c8bf3b4dd378ba6bc5d8db1399924b0710b4c70d701bb01538
result/figures/cga/cga_p4_representative.pdf,50131,441e957ccb0b684685adbda6cf1b68c6b5656f7685b3a73ee3e0701f4e29e7b6
result/figures/cga/cga_p4_representative.png,321342,767539e3c32963637ea21a8a9d2fa7ca5ffd0afde5fd37f37abd06f75e24d891
result/figures/cga/cga_p5_boundary.pdf,42829,93b73b833ebd55ef4531df9ce6d4b937618a26a4e455e0fcad6c869caccc4f1d
result/fractional_innovation/summary.json,2770,25e8c16e289dd728c24250ed6e66f48ac6ab35e235f496d52df13846fd36149b
result/fractional_innovation/transitions.csv,5769,8132acfb61fcb4098d05cf15f6e3aac1cf57303a0872b4e7452dd90c8d652096
result/review_checks/numeric_checks.json,2433,071e711ed006f71146d5ce216a9a011c67ba7fe1500ce3f49547baca67e197d1
result/review_checks/rfm_seed_counts.csv,535,eb29ee2d2175bc7a73042f0f927c447dd90d254fe2a415f1c09eaac217a22f46
result/section85/base_pure_finite_q16.csv,16622,62327e9d70bd5bb20b8f354ace846c92ed5ca42c4999e74e3953325887a41ce1
result/section85/base_pure_finite_q20.csv,16690,860ee49073bbd09c5b2ca08ebc61061f54a4a530d363e30c0e50bfedf7db9d8d
result/section85/base_pure_source_q16.npz,15236,f9efcc61d0707dda256c3bff593c553295c12313bd6e152eb4c8370166c61822
result/section85/base_pure_source_q20.npz,15236,34406cf3086301260fbf7d892117ff8888deb4ef50810a935fb1f6127c28f1ec
result/section85/base_pure_sources_q16.json,342,c594540fd2df4ae2c82d23e922eced77198953729f5cbf48b7108b75e600296b
result/section85/base_pure_sources_q20.json,343,70a74f46a97e802a05b98fac0cda26648cdb79e3aad85be15932196b8aa8d6b3
result/section85/common_quadrature_states.csv,299050,2536bd4fcb48b5cd2ad4fcbaf96623be4126b5669739f1e837c2e3b9af2bd1da
result/section85/common_quadrature_terminal.csv,9777,174208db7152988f6086bef94f9c39c71450c7e5791c74d57308a5b3073c5aa8
result/section85/epsilon_01_finite_q16.csv,17187,942b33820ba4c8cb5db0e819a3152e5f7bc929b4fd6d67588bfe6f0ba258bff8
result/section85/epsilon_01_finite_q20.csv,17274,59e8efb376d0f07a5954e39821789cdf8cda5f0566c2b3979b91ef2aba356a56
result/section85/epsilon_01_source_q16.npz,15236,37c86237b19a18f6a4ed6b5efb25464f8cbf438a48cac2da4a423ed4efa18b5b
result/section85/epsilon_01_source_q20.npz,15236,982a951165e62fec5a4495035809379043763565ae05f93ef16a5f4c04eae953
result/section85/epsilon_01_sources_q16.json,343,7df1b00a1bab0a249a7b4e79fa1cfc947e6c4ad227058c51153bc70bcfcb14c6
result/section85/epsilon_01_sources_q20.json,342,14c80f711666796af13ef2c4012630aa20c123a852432feb5e86c64c5cb5551f
result/section85/finite_trajectory_summary.csv,2096,ecdbb93a2abb844df6a9b3e90a70ff526fd712b1435ab37271f4c840f70806cb
result/section85/source_quadrature_crosscheck.csv,1183,9fe4a6eb455d7f99933449fe6b110099cc1261369d68b58605e984ed73fda48f
result/window_diagnostics/active_kkt.csv,17257,d045811e5ad087dc700a2163661e559d626541e414485aa482d17cc05caa5424
result/window_diagnostics/frozen_projection.csv,15723,afba8e28a701df9da657030bdbf2f87c15ef9bbfbf17164172f98c6fdc390c61
result/window_diagnostics/hessian_spectra.csv,18506,56b56bf99466ca4d32e5ed4b164eafbfae4a8f630d2a1fdf86ddd1a46000139f
result/window_diagnostics/quadrature_refinement.csv,18262,a27a7e3cbc2a348a16e2201f843624b85d0ed9f4bec212a13afbc98543ab240f
result/window_diagnostics/selection_ratios.csv,15229,5281597aec9b0b069e2235305694f150cd1033204344b534c1e3af1805849448
result/window_diagnostics/state_reconstruction_audit.csv,25541,279623078b0783264410188daab7cd624c30664f3e306fec0ca61f568f1e600a
result/window_diagnostics/stepwise_states_manifest.csv,23975,2ef7de43cf2d1bd0bc437d99e00b8e55f38c26dd5c4e6089b4eedc0f065b3256
result/window_diagnostics/transfer_budget.csv,25658,c2e2f1ab6529887df9a265b4ff74f892212c255fcdf6eb11cc11a9c938af43f4
result/window_diagnostics/window_certificate_validation.json,1745,3fd5f71d30601fde8586e7778a0639a361f977e328e9325e0dbece61eb57899f
review/baseline_endpoint_verification.csv,614,8627244f366e92622882fa28a16b5199734199564fc38c879a924d8eb1784ced
review/baseline_evidence_verification.json,855,6559ba236eab6881211225332caf09a41aa3411f20e6644765c98aeb70f87755
review/baseline_figure_verification.csv,2191,aa23df33bbecbda5ab21a774703110bd408ab775ccaca499c623c8c39d641b84
review/bibliography_check.md,5829,044846731ac85a09462e0f247eef06d5f294843f7221b926668be538821241a2
review/internal_language_check.md,1985,178cdf6c41c5401a43c35ed12dc5021d7feccf463ffa948e95fa9181c08a0da2
review/logic_chain_check.md,1926,a473ee43edf09a2ce57d3a878504d5aaa01e4dd1d055f8f6875cf33108f875ce
review/p01_evidence.md,4581,90530d186d56959d8e4a697fd8f1a83e79d6f40ec7245957bcc01e3b854ebafe
review/rfm_recomputed_summary.csv,6036,23b3404491c087deead7947cb937f3734287708e524bf6d55ef307157ec070eb
review/rfm_state_audit.csv,65405,a18d824fc4e7e8b1b6b7580525256d1e4ad390c1ec61d93565ff43a4158f237d
review/sisc_length_check.md,2890,620e49095680be8205512627f689f764759083b0d15e83786b71c0258ff30f67
review/structure_check.json,830,1693c6ddd48691e0bff5d11a907a4c76f876850b12f0867ad5f7d66bc3a4fe29
review/structure_check_sisc.json,830,1693c6ddd48691e0bff5d11a907a4c76f876850b12f0867ad5f7d66bc3a4fe29
scripts/analyze_fractional_innovation.py,6619,72cd6244b17a7d56e2f88fa6ff3ee43b7233de8f4e88c2748cbc24eca1b11d29
scripts/audit_numeric_values.py,8137,c333957126028281a46e243aa5eb746e131a664174c7cebdb178330fce6ec27f
scripts/baseline_campaign/aggregate_baseline.py,7034,216dd8892d352bd1531b96d5714b20940f5476e8fd246690e635bcce9bd601e9
scripts/baseline_campaign/run_baseline.py,14854,ce2c6f7bf06d6c00e1cf28fc90fb43df032cc8d920e41ebf050869aea1885563
scripts/build_chapter5.py,3107,5f34312eeeeb1e64b1d69906a19f2541a136bf22b9c35e855fa0884d420e739f
scripts/build_experiment_index.py,1091,1d1529f0142747b022f9ec00ed66fd58e7599ed1d6e07abbb099e596d9a5236b
scripts/build_public_inventory.py,5013,f23b74155d52eb4d1803b3c2a5ce991f39736d364b0cf6fa2d80ced9ce8b4606
scripts/cga_refactor/configs/benchmark.toml,1223,22e3ff475f0158c6df56e36c419029b1703330011a83a16c861a4c08c8c8dc32
scripts/cga_refactor/configs/benchmark_fix124a.toml,1354,034ec07a465201db2a326bb7e063b102a0449190b1a4ed682a5914c9975eb7f7
scripts/cga_refactor/pyproject.toml,500,6090eae6143bec8287ee4576303a7e174b783b5419a7eddb8cc6d6d67829ecb1
scripts/cga_refactor/src/cga_refactor/__init__.py,435,4af865656b0d3a7a75e52281d4d2e5ea27d3a2e2d57993125809775798be7b6c
scripts/cga_refactor/src/cga_refactor/config.py,9276,7782c8603debbac1afc2e824c1e0833ae4d3f60d986e806af9fa13acdaaec84b
scripts/cga_refactor/src/cga_refactor/dictionary.py,7898,8c7d9ee728dc29a84305153fd08f1e4148e74d28ef9d9ed7e31d5719a61c449b
scripts/cga_refactor/src/cga_refactor/metrics.py,7242,673161c860fc58741720f66d7bbd606f59500d4dfec1015f68f0c5ae8e932182
scripts/cga_refactor/src/cga_refactor/output.py,8038,5a4e71108ca5fac9ad928be2f0611af68dd991cd7f14cb9cd0e50e0bff43ba06
scripts/cga_refactor/src/cga_refactor/problems.py,9992,cfe8b5a21e67a52832274cd1d18ca2180c12970da13af85308d84f95b299e754
scripts/cga_refactor/src/cga_refactor/quadrature.py,5947,5ec88a3e9648ac7feac0724cd7f4c9806efe48e0142c6c00d9b06e67a078537e
scripts/cga_refactor/src/cga_refactor/reporting.py,51272,1603dc38426c8a5ff8d8876627fcdf6fe84fcedfb3a9a76e73e03c6512df4693
scripts/cga_refactor/src/cga_refactor/run.py,22449,6cd2c13d989ff3613fd274589df9bc6a484f24a4ea52bb0db8035a23e9d04f4a
scripts/cga_refactor/src/cga_refactor/solver.py,34592,f538dbf01a5e99db8a4208a52684467faf339976804a4f3d19de7968b5c3777c
scripts/cga_refactor/src/cga_refactor/step1.py,10122,3bcdc54ec07551a41d853e74fef835157fcf18abbc75448504ae6352bcca9313
scripts/cga_refactor/src/cga_refactor/step2.py,18241,9b0b3108707dd9d6ed3bfecb5cc100c89c2b006b8b4f0c25e3b9d6a3a2613cf7
scripts/cga_refactor/tests/conftest.py,144,262875d64d6f275492a0044eef6adf80be85edc7d7a1226cdb0ba2382a141766
scripts/cga_refactor/tests/test_bregman.py,1251,442bf8f8f1b01f74e5259357a076aaa445ad1348e03e90b64a9e8551a4708819
scripts/cga_refactor/tests/test_dictionary_step1.py,2544,2bb92d4733a00cf9f7693654fb6f06954f107158a5056a6a475a816a55e37578
scripts/cga_refactor/tests/test_output_reporting.py,4348,13329bd98339d9d423509b40f23d16d5f774d54c6ebcf065687c34a75fc81e98
scripts/cga_refactor/tests/test_problems.py,4287,388ccb78325f544154cc0af313e46734f2a333363aca0f6dc558763cad3b0451
scripts/cga_refactor/tests/test_quadrature.py,1926,2608aca728e76e0085f274e0916f492d6c9de90d3f9e76261f07966fb91b5332
scripts/cga_refactor/tests/test_smoke.py,698,41f9a4b0140e4570fa703011aac0462b07a8e5f0a14bbdace4c8c037d6af3b58
scripts/cga_refactor/tests/test_solver_metrics.py,2574,40a865558ba55a856db11992b55ead8dbb8db80ef7b51daa0ec6243675025d01
scripts/cga_refactor/tests/test_step2.py,3036,5b15753973a6bda9c2c06d3ef7d1eb797e2d235ca091a6b57c2561857a899f90
scripts/cga_refactor/tests/test_v3_p15.py,2730,35c5403ab38ad0ac59662cb94f6e6db7f94912dcf7973f61ec89a2bf915027bf
scripts/check_chapter5_theory.py,7409,e751337cc08294f7dcd17aa75a6c545257c660a51ca96d7da8096b6e2e35a180
scripts/check_reproduction.py,5804,0b479a7a0716cecd4c91820c189fe9513846c9817ef16ec89b963c5672824eeb
scripts/checks/check_tex_references.py,6194,19a40f3e122f85bbdbdb54bfd94d8e18c59dd9a3fe32b65180eb31c1246c7055
scripts/compare_fem_rfm/PACKAGE_LOCAL_README.md,1969,87ba90e0a9f4e2288df29ae37b591924742051eb86946b45b5c84bd3044050ad
scripts/compare_fem_rfm/artifacts/.gitkeep,0,e3b0c44298fc1c149afbf4c8996fb92427ae41e4649b934ca495991b7852b855
scripts/compare_fem_rfm/artifacts/manifest.json,3574,07df8b5c012ea75409ae3f597a86248a4de60df614596c83fe01ae4af5ef6e88
scripts/compare_fem_rfm/artifacts/report.md,4791,d51f32b443f69cd117ba21b7a7135b010d8ca57083f2cb50290faccba4b7e9fa
scripts/compare_fem_rfm/artifacts/tables/C1_energy_gap.csv,474,e79e30e241a015ab0f49871631b062c2d5e6c7c9061f68b79d87c6ad32b1023d
scripts/compare_fem_rfm/artifacts/tables/C1_energy_gap.tex,252,03cb489eed6e8379794efbe6e617e4f02978c7e620ff80cdc6a70c8998ad6bcb
scripts/compare_fem_rfm/artifacts/tables/C1_natural_error.csv,483,d2f626f045e6d2d45a3f3836ef39b9965d7958352d0241f219496121ba848abc
scripts/compare_fem_rfm/artifacts/tables/C1_natural_error.tex,252,e7f75177ff52769065fe9b06f8c7913620a5e96260fc75537e2a7e490a06fc05
scripts/compare_fem_rfm/artifacts/tables/C2_energy_gap.csv,475,e388e7b0ab9759b4325dda72af8916035a86b798dfd811eff576c85cefbe0bb7
scripts/compare_fem_rfm/artifacts/tables/C2_energy_gap.tex,252,d88f76b00876b43a9617e1fdec38295bbda3c5eef77dda3a9161f22ca8f06189
scripts/compare_fem_rfm/artifacts/tables/C2_natural_error.csv,479,c9a3226c23157544e28f35ab99d84c5b83aa1360d4d8708072724a40f46e8975
scripts/compare_fem_rfm/artifacts/tables/C2_natural_error.tex,252,d8e0e6678284811bc2748596d9740e84ca6f0f28d91aa3cfcaa695bde8f768e4
scripts/compare_fem_rfm/artifacts/tables/C3_energy_gap.csv,430,66b1d7cbbc80fb92b1d83143b3673361c51409c058cafdc9d92e26096b04279c
scripts/compare_fem_rfm/artifacts/tables/C3_energy_gap.tex,238,da7a93a683ea9a8ae56d3e9163ef75f33e5fc3c3969abe99d4ad24f7321d7ec9
scripts/compare_fem_rfm/artifacts/tables/C3_natural_error.csv,441,aabaa8e688065083a0a0a3d14e357854c333e629048e38a7fb1ddfe69481d025
scripts/compare_fem_rfm/artifacts/tables/C3_natural_error.tex,238,8491309266d7f47ae99c9c25f977d37e971aef47d97632952d28f3462c754411
scripts/compare_fem_rfm/artifacts/tables/C4_energy_gap.csv,506,1e758a360415e6d9f8f938fa0ab5a8eba1206ad707381d53e444bd680382ca36
scripts/compare_fem_rfm/artifacts/tables/C4_energy_gap.tex,252,e92d4f5133733119a2624a0e125c2cf40bf0e835f90663f29757c48515898e1e
scripts/compare_fem_rfm/artifacts/tables/C4_natural_error.csv,507,ee078452f160b5ae1be2c530d27021a0c297f768701b7453f39cc4e9cdd985b0
scripts/compare_fem_rfm/artifacts/tables/C4_natural_error.tex,252,e27753c37258e17a8903e5afa455a416d08c977ff81752c2321a4681f7018fa3
scripts/compare_fem_rfm/artifacts/tables/C4_v_error.csv,512,9c109750a9f6b6823e8be41372ea1852c04758d28148e762c82e6c91523ddb24
scripts/compare_fem_rfm/artifacts/tables/C4_v_error.tex,252,1e8e8ce22ded2dbb8ec0b1c7188ee71e6f13cf55a071ced36780e922bfe72e6a
scripts/compare_fem_rfm/artifacts/tables/C5_energy_gap.csv,459,6134ea7c9fd17cdf286d7e6ea6addf099e224bb3845afe33328bf6f667868c96
scripts/compare_fem_rfm/artifacts/tables/C5_energy_gap.tex,245,7280671af409db68cb4998411d3bd84c75a0cc973148d065ab11d3ef832cea67
scripts/compare_fem_rfm/artifacts/tables/C5_natural_error.csv,461,cba6ef4266c8cc41df6950655b545504d89f4422212724628516555d5584c566
scripts/compare_fem_rfm/artifacts/tables/C5_natural_error.tex,245,8f9629864e86efaea1d9a38c1e02f7ec6c5f9f6547bfbf618001853a49c85f1e
scripts/compare_fem_rfm/artifacts/tables/C5_v_error.csv,460,4c2384ae7dbcdf78f193c2d45530be3831e361e1cdebdfb97ead7849a4f4a404
scripts/compare_fem_rfm/artifacts/tables/C5_v_error.tex,245,2c073a984cde93f8fe5f5272bfa65a3fec4f8eacd3fe8d1429c37e185db89e4b
scripts/compare_fem_rfm/artifacts/tables/local_orders.csv,2825,e616a0c8401477a8164638e717369d382dacc138a0b1636a0c96be9d0dad0a71
scripts/compare_fem_rfm/artifacts/tables/order_summary.csv,3555,8d8b9c29e73187fabafe088d17627b838bbd5b5fc796ae9a291cac9dd02e1081
scripts/compare_fem_rfm/artifacts/tex/.gitkeep,0,e3b0c44298fc1c149afbf4c8996fb92427ae41e4649b934ca495991b7852b855
scripts/compare_fem_rfm/artifacts/tex/baseline_compare.tex,7894,6b72ddf079b5fcb34d014936eddd74a4f4d80d52a9640d86083d92a229a40019
scripts/compare_fem_rfm/artifacts/validation.json,3009,8722cdc75588d49541deedc37bc685a5b303c8176c786cc9bc30dc4525f7b6ea
scripts/compare_fem_rfm/configs/experiment.json,1380,d06196721410053a3060cc8bbcca0c0f748925eb9800e35a3b20b132f00482e4
scripts/compare_fem_rfm/data/cga_archive_history.csv,263796,aadb7c02c02065c5ea9a71d034fd83e87168a8bd162614152570e94626685599
scripts/compare_fem_rfm/data/cga_cases/01_linear_d1_k3_multifreq/config.json,1760,b96696f8ec01b987ded200bc19ae2dab6a4ccd22faabc6fc7595d94042f32057
scripts/compare_fem_rfm/data/cga_cases/01_linear_d1_k3_multifreq/diagnostic_model.npz,8268,7d3cc31f2d7ea5d2adcf0c9021b85ac079cd606dee7743ced80c524afb001d75
scripts/compare_fem_rfm/data/cga_cases/01_linear_d1_k3_multifreq/dyadic.csv,1513,f536b83a0584e1d7d42d397acc7c35534e0d8b6da5d05b410b4d474bfbb1c838
scripts/compare_fem_rfm/data/cga_cases/01_linear_d1_k3_multifreq/history.csv,217652,93c7446e1632767f5ef3198b19fe41dbf19be6fca6677133894596bbf41918fa
scripts/compare_fem_rfm/data/cga_cases/01_linear_d1_k3_multifreq/summary.json,4270,b0a36a74743ebe79b546a0ed4191d40bfe0074c485359a51b77bb2eeb95ee25d
scripts/compare_fem_rfm/data/cga_cases/03_cubic_d1_k3_multifreq/config.json,1759,4892a97bd8f5bf0039ffb8fe00ef8cf2de04b405e4e5ded32aefd180bdd9947c
scripts/compare_fem_rfm/data/cga_cases/03_cubic_d1_k3_multifreq/diagnostic_model.npz,8251,9c8e7269129290a60ff1d0e83985bb948d7e86374dcd298a9b76e3df7ab2973a
scripts/compare_fem_rfm/data/cga_cases/03_cubic_d1_k3_multifreq/dyadic.csv,1516,2cadb706a0282129cfbad9b919faf01739768d7eb011c5d3be4da5f8a1383e9a
scripts/compare_fem_rfm/data/cga_cases/03_cubic_d1_k3_multifreq/history.csv,246702,dd380d9ef1149208321164b88528fb2f03f156075c332f0d92b5064fffd8508e
scripts/compare_fem_rfm/data/cga_cases/03_cubic_d1_k3_multifreq/summary.json,4255,61a02fad7967c9c61201009bb30c6e6917d8d3d4c41ff0186aad5b6ef976ef38
scripts/compare_fem_rfm/data/cga_cases/06_sinh_d2_k3/config.json,1750,d58cb2aaad904879f0d086d2ae38b2744f38303bef048f88ba96d29f54943a01
scripts/compare_fem_rfm/data/cga_cases/06_sinh_d2_k3/diagnostic_model.npz,21808,64460daa9402a3267d9bb22f7be9895d441855822b64f92b30cbef8f076ae0dd
scripts/compare_fem_rfm/data/cga_cases/06_sinh_d2_k3/dyadic.csv,1604,99f4a41fa3cdb079e0b6b499516514fd684d48486b69885d5824cb14100ba12d
scripts/compare_fem_rfm/data/cga_cases/06_sinh_d2_k3/history.csv,475026,62a5eca62a7a87473550c36d89524826da5e26750f70c586438b0bce9be52a62
scripts/compare_fem_rfm/data/cga_cases/06_sinh_d2_k3/summary.json,4251,aa2fb00cefd8c6cec686d220488e0d1826578d5927b7ff582f9b4cc7cdc3ca60
scripts/compare_fem_rfm/data/cga_cases/08_pure_p_p4_d2_k3/config.json,1752,44872c65c38704cadad443d2900e8de9acf79caa150fa2975e4d82b2d35ebfce
scripts/compare_fem_rfm/data/cga_cases/08_pure_p_p4_d2_k3/diagnostic_model.npz,25741,51ed4466422df5cc559aa111d9e1ec9938038c5f822e52a8cde7d88a649de98e
scripts/compare_fem_rfm/data/cga_cases/08_pure_p_p4_d2_k3/dyadic.csv,1945,12145426943d04a06652462a7f6833fe1d885be12f2886c40946a9366c3be3ad
scripts/compare_fem_rfm/data/cga_cases/08_pure_p_p4_d2_k3/history.csv,502785,6d81942b302d13300c3647405a00815e6889bf8414f20361cbc7e8f89df0904c
scripts/compare_fem_rfm/data/cga_cases/08_pure_p_p4_d2_k3/summary.json,4788,cb52fdccf99607fac099daf13aedbb231a9a6870a10b8393b7b74d8031f00bc3
scripts/compare_fem_rfm/data/cga_cases/17_pure_p_p4_d1_k3/config.json,1759,04003cdd506324fc425cfac0b5fd2a8c27bef2b7e2383a622491ed25483be0d8
scripts/compare_fem_rfm/data/cga_cases/17_pure_p_p4_d1_k3/diagnostic_model.npz,6695,2a63bd9680c919523b95c66fe31dfabeebed702a44c5950b6cb4828bd832e9e5
scripts/compare_fem_rfm/data/cga_cases/17_pure_p_p4_d1_k3/dyadic.csv,1631,f67d6c7a370b48c93a635c88748b9818d10a468333496bf1e2b82559a9a3e9b0
scripts/compare_fem_rfm/data/cga_cases/17_pure_p_p4_d1_k3/history.csv,547394,f6994e23a0ff86cd66c37daba0e507dbef857680e42db61efae5fecf1f9526df
scripts/compare_fem_rfm/data/cga_cases/17_pure_p_p4_d1_k3/summary.json,4791,c6546b49a4b5e5318d9eefb063cead6683a11d2c81d96ce5b84ba6d4a1b9136f
scripts/compare_fem_rfm/data/cga_evaluated.csv,24440,6970473ff15113852f6563261ca17a26929682166cef8137f2f5a23435f7af30
scripts/compare_fem_rfm/data/cga_snapshot/dyadic_summary.csv,20718,1f659fba9470a312eec0ad49607c1833cc73bf9e712ee02431514ce92015c6d5
scripts/compare_fem_rfm/data/common_grid.csv,6830,d04153746a93c2407b847691e1e331e5546df01e70fb5607735b410d76f314d8
scripts/compare_fem_rfm/data/fem_raw.csv,25384,90444cefe52d99a54454cc5203ebdd4c44553a56e393cc4cbebcd4b3bf42aecb
scripts/compare_fem_rfm/data/models/C1_cga_256.npz,7294,6712772ee1533b0bf4c923fe5a23c39b4d54d799492c6e5b00ff5d2c99ced10b
scripts/compare_fem_rfm/data/models/C1_fem_p1_n16.npz,883,506bea804115f2deaec9fa61c8a64c729d900d8deb8a322082ca9da2ff5dcfbd
scripts/compare_fem_rfm/data/models/C1_fem_p2_n16.npz,984,585691dbc89baa00317e6b6247b5f50483f1aef868dcdc5d452104d091f2819f
scripts/compare_fem_rfm/data/models/C1_fem_p3_n8.npz,936,251ec2384261b897de9f5f20f26df77a4053864993ea9ab9d3f56000ec6e42cc
scripts/compare_fem_rfm/data/models/C1_rfm_seed201_n16.npz,1532,8b0e5c061c7ed595f0ff9cdeae25e23083f8da67bd338fa0bcacd29838dac9bd
scripts/compare_fem_rfm/data/models/C1_rfm_seed202_n16.npz,1534,22ef1737dcd352a9d789f4423f5fd658438fc54a9379324510db87f42e73054d
scripts/compare_fem_rfm/data/models/C2_cga_256.npz,7281,aaf74290ec6c31116d44bfbe4860f20906569333cfe464ddfb9ffbd3f0648c39
scripts/compare_fem_rfm/data/models/C2_fem_p1_n16.npz,891,8ef7c84669bd8d57dca46c5d569549d31a4b38d10d4d817e7f1c06e850e49e47
scripts/compare_fem_rfm/data/models/C2_fem_p2_n16.npz,984,1c1b1f82ed2556dd0eff0f48d46d6df5d7f407f43a96cf53143c2fe5bf92c754
scripts/compare_fem_rfm/data/models/C2_fem_p3_n8.npz,943,3755c2243b0565dc6ddfcb50fa6627908cb1581afcf8c9cafc75d8ff6d91be57
scripts/compare_fem_rfm/data/models/C2_rfm_seed201_n16.npz,1533,9e15260a4de9801924fb87dc0126364edfc06d7a9b8762b717cc2b6e8a177a5b
scripts/compare_fem_rfm/data/models/C2_rfm_seed202_n16.npz,1536,2e8536b60e9fd292f34e71dc4a14027f55b0e2960443bf6d4cc2ceb43680174a
scripts/compare_fem_rfm/data/models/C3_cga_512.npz,20841,6043091600400e1da940af8afc0ebf799e462f2d5dc055a385ac17086af2ba96
scripts/compare_fem_rfm/data/models/C3_fem_p1_n4.npz,913,2fd7e622cf225c36ed86a45d14219051060eeeed19ff42415ed17ce7dfa4e03c
scripts/compare_fem_rfm/data/models/C3_fem_p2_n3.npz,1013,e85b55f2797dde9d7844fdc89543ea9a6cc227f1fb0a730f5c762434524c0320
scripts/compare_fem_rfm/data/models/C3_fem_p3_n3.npz,1237,492e878c250206aed47c2ce621ece48bea05b7e0d5602ede4fcea05ac5143efc
scripts/compare_fem_rfm/data/models/C3_rfm_seed201_n16.npz,1800,a68d08b69501c7a8e34e4784315207e0116b58f681efac37ec63b2d567934ad7
scripts/compare_fem_rfm/data/models/C3_rfm_seed202_n16.npz,1800,6aed98fe4b5686bb2408dc5719ed01cd25b76129999823544a779000df670d22
scripts/compare_fem_rfm/data/models/C4_cga_141.npz,5724,dc74e5a1d30ead81d82443af6d39bd5cd2db926dec04271368383156a2d55731
scripts/compare_fem_rfm/data/models/C4_fem_p1_n16.npz,878,885f58a4f3977da48fca6a6ce697b82382a8f1e9a7abe4f09ebbdb43cdcccb98
scripts/compare_fem_rfm/data/models/C4_fem_p2_n16.npz,961,15cf4f459f6c8160646896303480793fcbc0bf8801391c76f6cbcc7ebb65cc67
scripts/compare_fem_rfm/data/models/C4_fem_p3_n8.npz,915,f1f85ce3cd5bdeff6260e24429a893482382866e1db73d7b0069ee6f152d8b48
scripts/compare_fem_rfm/data/models/C4_rfm_seed201_n16.npz,1656,4bb62eb61fcf617504628a9aee14d9d6de96c04edd47051aedba9b3cee575367
scripts/compare_fem_rfm/data/models/C4_rfm_seed202_n16.npz,1663,356d8388c93f6c69f949e894c6db276e9c16ab3bd38a320992466961ae379c58
scripts/compare_fem_rfm/data/models/C5_cga_512.npz,24770,df29951993c84ebaad6c4df10806255fa1840b7b3411540de8e7466daef4c96b
scripts/compare_fem_rfm/data/models/C5_fem_p1_n4.npz,911,9fec9728085bbe3f26280a3ced137fd61f90caaf63d4ff55b275eb8879cbe70c
scripts/compare_fem_rfm/data/models/C5_fem_p2_n3.npz,1012,d5a398928712523593120c35849c733f211ec7a935f67bcd02c2bd341cdbc89e
scripts/compare_fem_rfm/data/models/C5_fem_p3_n3.npz,1244,f5d560e6f4a6ad982326f148045c3d58f31162e815c5438c2ab45beefa6980a6
scripts/compare_fem_rfm/data/models/C5_rfm_seed201_n16.npz,1931,1ccf00f8e0dd904d6447073c678bf42995c8469561e5ce3d08458acada610ab6
scripts/compare_fem_rfm/data/models/C5_rfm_seed202_n16.npz,1932,420ba4c8f8034416ae2e4db3ae71d1b655a02a13b8b6809774eb46aac95e329c
scripts/compare_fem_rfm/data/rfm_aggregated.csv,2498,a23d9b236429caed835790860288af6e2c4d7b5f5c4b2bf337fefa3309432e59
scripts/compare_fem_rfm/data/rfm_raw.csv,11997,ae397cabbdbd99ad63f4ba2c7e9db0dac1b5c49891a268c1fa3478b852fb7530
scripts/compare_fem_rfm/pyproject.toml,468,5efeeb543f18638de049941c7119425137544d335bc16b259322f29697bcd98a
scripts/compare_fem_rfm/scripts/build_analysis.py,265,ca7bb9b525eee410067161f9fdcd831de14dd9f837f900a96a138119bac5bd54
scripts/compare_fem_rfm/scripts/build_report.py,425,576239bf8023a8a18c663137e5a1172f34c1888abcc2bf6b489d0027f46d61b3
scripts/compare_fem_rfm/scripts/run_experiments.py,313,f8990971bd8baf652a10259a57dab000ce365b5acd2ba5ef38750869f21a187f
scripts/compare_fem_rfm/src/compare_fem_rfm/__init__.py,72,24c09267d44a2c58586928fd8efc64196f58281a15d50804686002e0ecc8b58b
scripts/compare_fem_rfm/src/compare_fem_rfm/analysis.py,12715,293002388b0e5581913eec169afe14fa64c676f2f51fe984c781a62162a0fcc9
scripts/compare_fem_rfm/src/compare_fem_rfm/experiment.py,24033,c4d4a994380c9caef8730c3080d70e9bb699718fb0617b3dab6536d741eee37c
scripts/compare_fem_rfm/src/compare_fem_rfm/feature_solver.py,6708,8f588ff181bf806a7301795dac2f9a52d97a9e2f6c923dcf66fc0089ea0afe55
scripts/compare_fem_rfm/src/compare_fem_rfm/features.py,4416,594b620111995f7f692674d23f2bc6d4ffe6240c7963c6e325f1c218db81af90
scripts/compare_fem_rfm/src/compare_fem_rfm/fem.py,9100,ad3f7a2ce3e598854222fc55c25bf4ea52c9eba1a8eed97c248b2791743935b1
scripts/compare_fem_rfm/src/compare_fem_rfm/metrics.py,2683,dda22cbb955d7a9f69815a1c178aa3d7713409900ba2adb9f71db5a3689e5409
scripts/compare_fem_rfm/src/compare_fem_rfm/problems.py,4158,ba5c0e98be59715fe1c1eb261865c896616d95a02312d5c5f7b35c6aba1d6b4d
scripts/compare_fem_rfm/src/compare_fem_rfm/quadrature.py,3314,f8079c4d0925f1a1f2fe1af5ec997d2a996ffd572b40857ed758e79ecbb4ef94
scripts/compare_fem_rfm/src/compare_fem_rfm/report.py,19760,9da1d898c38cbe2c621acbbb4c79bf0eb276b36aaeb6476cb3c589d2f71cda4d
scripts/compare_fem_rfm/tests/test_core.py,2082,268fdbea0295a4a2e66b8b1de939100296d667d06e42a45f16060357bb2543aa
scripts/continuation_experiments.py,14447,fa52a44f36f1e1b34468a5e8e6d3322a75a7fad546cc1340e4598f926c21ca78
scripts/cost_campaign/build_same_machine_summary.py,7569,d12150deea0660fc570d0a85019b97d8d7047f8eedb1e43c6d58d1fbe7486a21
scripts/cost_campaign/run_bounded_cost_pilot.py,23936,9b2638803a80ed12b2039ac65a6846ca872e6a25384ccaac0691d5b85a185c4c
scripts/generate_artifacts.py,56700,28ec145a90a830829083fe9a22977f8d920eb4091fa4f8987c86ca265a095f78
scripts/generate_quadrature_table.py,4025,08139fcab0b28d44a5e58965ac38846bbaec047aa788ba4087a0ea3900483fee
scripts/reproduce.py,14783,5c68bc2c52d3ea6ce7338d0831556af314218a2dc5e1bde745d462a695e6daec
scripts/sanitize_provenance_paths.py,3976,769d3e48121c319baf24ab2dec05eb1716f3157a47bd66980a662924127c8e1c
scripts/section85/sensitivity_replay.py,12310,96cf8324bbdf43573e1f83042f0d8f23e45abefc136734b77b8ff67377f842fd
scripts/section85_analysis.py,15937,e1e35777c2bd04970445cf6c34c84b0ceeec1e4f73021345b2ae1544a49d186d
scripts/verify_continuation_prefix.py,5790,e9339335c557837451117dc03d1f106f265e4a8f59e2df5906539a4e97ae0d8f
supplement_records/README.md,1095,9e7cbee964d62daf0bc1f2a3eb2cb9166dfcef25fc5fca7f2771ff33af6d6983
supplement_records/S1_experiment_index.md,736,786cbf5b0beed7949cb625280c7a54049d6997e3af2d8e341238bf13cfa22bcf
supplement_records/S2_pool_generation.md,5694,9976e10479911045c4d9f52e0862b726827e24e8c42789ed1a20112cdd5777c8
supplement_records/S2_window_certificate.md,1228,487171b770443a5a45acac3b8e9f564ef0c28e159786876b720fd08a31a3464c
supplement_records/S3_failures_and_statistics.md,3408,d0c5d77de7bb1e28510db89a4d9ab55537a52d4bd28e26b6e29cb4a190264217
supplement_records/S4_reproduction.md,1675,e7701fe14865c3d43d19d95d1404b311f85c806c5d3582733afd41387510bc5f
tools/generate_rfm_fixed_denominators.py,187,4aa110054ed957846af19d5cf18f5131a12b83129c97bab5fdc5e70a9d36d94c
tools/rebuild_baseline_evidence.py,11357,75e582d64a484782e7a9c577e0214a279f1e204b7a8a2acab8ba7ba1490ebd5e
